,Open,High,Low,Close,Volume
2026-05-22 11:30:00+00:00,8090.5,8102.5,8090.0,8101.5,417
2026-05-22 11:45:00+00:00,8101.5,8113.5,8101.5,8105.0,595
2026-05-22 12:00:00+00:00,8105.5,8144.0,8102.5,8129.5,2624
2026-05-22 12:15:00+00:00,8129.0,8134.5,8114.5,8121.0,1086
2026-05-22 12:30:00+00:00,8120.5,8127.0,8113.0,8118.5,638
2026-05-22 12:45:00+00:00,8117.5,8135.0,8116.5,8131.5,525
2026-05-22 13:00:00+00:00,8133.0,8140.0,8120.5,8131.5,1284
2026-05-22 13:15:00+00:00,8132.0,8137.5,8122.5,8122.5,711
2026-05-22 13:30:00+00:00,8122.5,8127.0,8105.5,8115.5,1607
2026-05-22 13:45:00+00:00,8116.0,8119.5,8106.0,8116.5,759
2026-05-22 14:00:00+00:00,8116.5,8116.5,8091.0,8094.5,956
2026-05-22 14:15:00+00:00,8095.0,8101.5,8091.0,8100.0,627
2026-05-22 14:30:00+00:00,8099.5,8100.5,8093.0,8099.0,657
2026-05-22 14:45:00+00:00,8098.5,8111.0,8098.5,8108.5,595
2026-05-22 15:00:00+00:00,8108.0,8111.0,8102.0,8104.0,557
2026-05-22 15:15:00+00:00,8104.0,8112.5,8102.5,8106.5,873
2026-05-22 15:30:00+00:00,8107.5,8109.0,8091.5,8095.0,2393
2026-05-22 15:45:00+00:00,8094.5,8097.0,8074.5,8079.0,405
2026-05-22 16:00:00+00:00,8079.0,8079.0,8071.0,8076.5,308
2026-05-22 16:15:00+00:00,8076.0,8078.0,8069.0,8077.5,313
2026-05-22 16:30:00+00:00,8078.0,8081.5,8075.5,8078.5,104
2026-05-22 16:45:00+00:00,8077.5,8080.0,8072.0,8073.5,118
2026-05-22 17:00:00+00:00,8074.5,8083.5,8074.5,8079.0,179
2026-05-22 17:15:00+00:00,8080.5,8099.0,8056.0,8097.0,791
2026-05-22 17:30:00+00:00,8101.0,8107.0,8083.0,8084.0,354
2026-05-22 17:45:00+00:00,8085.0,8089.0,8082.5,8084.5,94
2026-05-22 18:00:00+00:00,8085.0,8086.5,8077.0,8083.0,191
2026-05-22 18:15:00+00:00,8082.0,8087.0,8081.5,8082.5,79
2026-05-22 18:30:00+00:00,8082.0,8090.5,8081.0,8082.5,139
2026-05-22 18:45:00+00:00,8083.0,8086.5,8078.0,8083.5,80
2026-05-22 19:00:00+00:00,8083.5,8084.5,8069.5,8074.0,217
2026-05-22 19:15:00+00:00,8074.5,8077.0,8069.0,8069.5,102
2026-05-22 19:30:00+00:00,8070.0,8073.5,8066.5,8069.0,160
2026-05-22 19:45:00+00:00,8068.5,8076.0,8062.0,8070.5,369
2026-05-25 06:00:00+00:00,8155.0,8170.5,8153.0,8161.0,281
2026-05-25 06:15:00+00:00,8161.0,8163.0,8151.5,8163.0,117
2026-05-25 06:30:00+00:00,8162.0,8169.5,8161.5,8165.0,139
2026-05-25 06:45:00+00:00,8163.5,8169.0,8152.0,8159.0,253
2026-05-25 07:00:00+00:00,8159.0,8186.5,8157.0,8176.0,1436
2026-05-25 07:15:00+00:00,8175.0,8189.5,8159.5,8186.5,1203
2026-05-25 07:30:00+00:00,8186.0,8203.5,8182.5,8186.5,1228
2026-05-25 07:45:00+00:00,8186.5,8194.0,8184.0,8192.0,524
2026-05-25 08:00:00+00:00,8192.5,8193.5,8182.0,8191.5,526
2026-05-25 08:15:00+00:00,8192.0,8194.5,8188.0,8194.0,364
2026-05-25 08:30:00+00:00,8194.5,8200.0,8192.5,8198.5,330
2026-05-25 08:45:00+00:00,8198.0,8201.5,8197.5,8200.5,336
2026-05-25 09:00:00+00:00,8200.5,8208.5,8200.0,8205.0,368
2026-05-25 09:15:00+00:00,8205.0,8210.0,8204.0,8208.0,254
2026-05-25 09:30:00+00:00,8208.5,8215.5,8206.5,8214.5,326
2026-05-25 09:45:00+00:00,8214.5,8220.0,8212.0,8216.0,447
2026-05-25 10:00:00+00:00,8216.0,8225.0,8213.5,8222.5,425
2026-05-25 10:15:00+00:00,8223.0,8228.0,8220.0,8221.0,358
2026-05-25 10:30:00+00:00,8221.0,8225.5,8218.0,8224.5,231
2026-05-25 10:45:00+00:00,8225.0,8226.5,8222.0,8225.5,214
2026-05-25 11:00:00+00:00,8225.5,8226.5,8218.5,8221.5,263
2026-05-25 11:15:00+00:00,8222.0,8229.5,8222.0,8227.0,201
2026-05-25 11:30:00+00:00,8227.5,8236.5,8227.5,8233.5,431
2026-05-25 11:45:00+00:00,8234.0,8239.0,8232.5,8235.0,272
2026-05-25 12:00:00+00:00,8235.0,8241.5,8232.5,8240.0,259
2026-05-25 12:15:00+00:00,8240.5,8253.5,8238.5,8243.5,952
2026-05-25 12:30:00+00:00,8243.5,8250.0,8241.0,8245.5,375
2026-05-25 12:45:00+00:00,8246.0,8247.0,8237.0,8241.5,680
2026-05-25 13:00:00+00:00,8242.0,8245.0,8238.5,8242.5,258
2026-05-25 13:15:00+00:00,8243.5,8243.5,8238.0,8240.5,429
2026-05-25 13:30:00+00:00,8240.5,8243.5,8238.0,8240.0,448
2026-05-25 13:45:00+00:00,8240.0,8248.0,8237.5,8245.5,507
2026-05-25 14:00:00+00:00,8246.0,8249.0,8241.5,8242.0,550
2026-05-25 14:15:00+00:00,8242.5,8255.0,8242.5,8254.0,591
2026-05-25 14:30:00+00:00,8253.5,8255.0,8246.0,8248.5,585
2026-05-25 14:45:00+00:00,8248.0,8257.0,8245.5,8249.5,660
2026-05-25 15:00:00+00:00,8249.5,8263.0,8240.5,8254.5,1438
2026-05-25 15:15:00+00:00,8254.0,8259.5,8245.5,8245.5,1521
2026-05-25 15:30:00+00:00,8246.5,8250.0,8238.5,8250.0,2893
2026-05-25 15:45:00+00:00,8249.5,8259.0,8249.5,8257.5,343
2026-05-25 16:00:00+00:00,8258.5,8258.5,8253.5,8257.5,104
2026-05-25 16:15:00+00:00,8257.5,8261.0,8257.5,8259.0,78
2026-05-25 16:30:00+00:00,8259.0,8259.5,8253.5,8256.0,98
2026-05-25 16:45:00+00:00,8256.0,8263.5,8254.5,8258.5,103
2026-05-25 17:00:00+00:00,8260.0,8265.0,8258.0,8263.0,18
2026-05-25 17:15:00+00:00,8260.5,8265.0,8260.5,8265.0,6
2026-05-25 17:45:00+00:00,8258.0,8258.0,8256.0,8256.0,10
2026-05-25 18:00:00+00:00,8254.5,8256.5,8254.0,8254.5,17
2026-05-25 18:15:00+00:00,8254.0,8255.5,8253.0,8254.5,16
2026-05-25 18:30:00+00:00,8252.5,8254.5,8251.5,8253.0,13
2026-05-25 18:45:00+00:00,8253.0,8254.5,8253.0,8254.5,8
2026-05-25 19:00:00+00:00,8253.0,8255.5,8251.0,8253.5,15
2026-05-25 19:15:00+00:00,8253.5,8255.5,8251.5,8254.5,11
2026-05-25 19:30:00+00:00,8255.0,8255.0,8252.0,8252.5,31
2026-05-25 19:45:00+00:00,8253.5,8253.5,8241.5,8247.0,215
2026-05-26 06:00:00+00:00,8230.0,8232.5,8209.5,8232.5,361
2026-05-26 06:15:00+00:00,8231.0,8238.5,8225.0,8233.5,113
2026-05-26 06:30:00+00:00,8234.0,8243.5,8228.5,8239.0,119
2026-05-26 06:45:00+00:00,8238.5,8244.5,8229.0,8232.0,163
2026-05-26 07:00:00+00:00,8231.0,8244.5,8218.5,8229.0,1751
2026-05-26 07:15:00+00:00,8229.0,8229.0,8211.5,8215.0,953
2026-05-26 07:30:00+00:00,8215.0,8216.5,8198.5,8205.5,1155
2026-05-26 07:45:00+00:00,8207.0,8216.5,8197.5,8205.0,602
2026-05-26 08:00:00+00:00,8205.5,8207.5,8190.5,8191.5,664
2026-05-26 08:15:00+00:00,8191.0,8196.5,8188.5,8188.5,549
2026-05-26 08:30:00+00:00,8189.0,8190.0,8177.0,8180.5,711
2026-05-26 08:45:00+00:00,8180.5,8180.5,8167.0,8168.5,661
2026-05-26 09:00:00+00:00,8168.0,8179.0,8165.5,8167.0,748
2026-05-26 09:15:00+00:00,8166.5,8184.0,8166.0,8183.5,773
2026-05-26 09:30:00+00:00,8183.5,8184.5,8169.0,8171.0,518
2026-05-26 09:45:00+00:00,8171.5,8173.5,8166.5,8168.5,277
2026-05-26 10:00:00+00:00,8168.5,8173.0,8163.5,8172.5,499
2026-05-26 10:15:00+00:00,8173.5,8188.0,8167.0,8182.0,778
2026-05-26 10:30:00+00:00,8182.5,8190.0,8175.5,8179.0,713
2026-05-26 10:45:00+00:00,8180.0,8186.0,8174.5,8184.0,290
2026-05-26 11:00:00+00:00,8184.0,8186.0,8182.0,8184.5,257
2026-05-26 11:15:00+00:00,8184.5,8189.5,8181.0,8182.0,218
2026-05-26 11:30:00+00:00,8181.5,8183.0,8169.0,8181.0,575
2026-05-26 11:45:00+00:00,8180.5,8191.5,8179.5,8188.5,247
2026-05-26 12:00:00+00:00,8188.5,8195.0,8178.5,8192.0,1243
2026-05-26 12:15:00+00:00,8192.0,8199.5,8192.0,8197.0,292
2026-05-26 12:30:00+00:00,8196.5,8197.5,8189.0,8189.0,251
2026-05-26 12:45:00+00:00,8189.0,8200.0,8187.0,8195.5,309
2026-05-26 13:00:00+00:00,8196.0,8201.0,8194.0,8201.0,285
2026-05-26 13:15:00+00:00,8200.5,8209.0,8199.5,8200.5,347
2026-05-26 13:30:00+00:00,8202.0,8213.0,8202.0,8211.0,740
2026-05-26 13:45:00+00:00,8211.5,8215.0,8190.0,8199.5,804
2026-05-26 14:00:00+00:00,8200.5,8209.0,8195.0,8203.5,583
2026-05-26 14:15:00+00:00,8204.0,8205.5,8191.5,8194.0,586
2026-05-26 14:30:00+00:00,8194.5,8197.0,8181.0,8184.5,799
2026-05-26 14:45:00+00:00,8183.5,8191.5,8180.5,8185.0,581
2026-05-26 15:00:00+00:00,8185.5,8185.5,8172.5,8172.5,668
2026-05-26 15:15:00+00:00,8172.5,8172.5,8163.5,8167.0,1273
2026-05-26 15:30:00+00:00,8167.0,8177.5,8159.0,8172.5,3444
2026-05-26 15:45:00+00:00,8172.0,8179.0,8171.0,8176.5,277
2026-05-26 16:00:00+00:00,8176.5,8183.0,8175.5,8176.5,148
2026-05-26 16:15:00+00:00,8177.0,8186.5,8175.5,8183.5,134
2026-05-26 16:30:00+00:00,8183.5,8187.5,8176.5,8176.5,107
2026-05-26 16:45:00+00:00,8178.5,8180.0,8173.0,8175.0,98
2026-05-26 17:00:00+00:00,8176.0,8181.0,8173.0,8180.5,51
2026-05-26 17:15:00+00:00,8180.0,8180.5,8174.5,8175.0,63
2026-05-26 17:30:00+00:00,8174.5,8182.0,8174.0,8181.0,82
2026-05-26 17:45:00+00:00,8180.0,8183.5,8179.5,8179.5,44
2026-05-26 18:00:00+00:00,8180.5,8185.0,8175.5,8182.0,77
2026-05-26 18:15:00+00:00,8183.0,8183.0,8179.0,8180.5,48
2026-05-26 18:30:00+00:00,8182.0,8186.0,8181.5,8185.5,71
2026-05-26 18:45:00+00:00,8185.0,8186.0,8182.0,8182.0,165
2026-05-26 19:00:00+00:00,8182.0,8184.0,8179.5,8183.0,82
2026-05-26 19:15:00+00:00,8182.5,8187.5,8182.5,8187.5,103
2026-05-26 19:30:00+00:00,8188.0,8197.5,8188.0,8195.5,175
2026-05-26 19:45:00+00:00,8196.5,8198.5,8191.5,8196.5,446
2026-05-27 06:00:00+00:00,8202.5,8207.5,8198.5,8199.5,153
2026-05-27 06:15:00+00:00,8199.0,8204.0,8195.5,8199.0,122
2026-05-27 06:30:00+00:00,8197.5,8198.0,8190.5,8192.0,87
2026-05-27 06:45:00+00:00,8193.0,8205.0,8184.0,8188.0,563
2026-05-27 07:00:00+00:00,8189.0,8210.0,8188.5,8200.0,2075
2026-05-27 07:15:00+00:00,8200.0,8207.5,8192.5,8205.5,1051
2026-05-27 07:30:00+00:00,8205.5,8214.0,8205.5,8210.5,833
2026-05-27 07:45:00+00:00,8211.0,8216.0,8203.5,8204.0,550
2026-05-27 08:00:00+00:00,8203.0,8214.0,8198.0,8210.0,859
2026-05-27 08:15:00+00:00,8210.0,8216.0,8201.0,8213.0,736
2026-05-27 08:30:00+00:00,8212.5,8220.0,8207.0,8218.0,679
2026-05-27 08:45:00+00:00,8217.5,8228.0,8217.5,8223.0,482
2026-05-27 09:00:00+00:00,8222.5,8239.0,8222.5,8237.0,775
2026-05-27 09:15:00+00:00,8238.0,8244.0,8232.0,8236.0,480
2026-05-27 09:30:00+00:00,8235.5,8240.5,8234.0,8236.5,378
2026-05-27 09:45:00+00:00,8237.5,8244.0,8236.0,8236.0,319
2026-05-27 10:00:00+00:00,8236.0,8245.0,8234.0,8243.5,388
2026-05-27 10:15:00+00:00,8243.0,8243.0,8237.5,8237.5,306
2026-05-27 10:30:00+00:00,8237.0,8239.0,8233.0,8238.5,479
2026-05-27 10:45:00+00:00,8238.5,8249.5,8238.5,8247.0,349
2026-05-27 11:00:00+00:00,8247.5,8248.5,8233.5,8238.0,508
2026-05-27 11:15:00+00:00,8238.5,8246.0,8234.5,8236.0,414
2026-05-27 11:30:00+00:00,8236.0,8240.0,8229.0,8235.0,204
2026-05-27 11:45:00+00:00,8236.0,8238.0,8230.0,8232.5,232
2026-05-27 12:00:00+00:00,8232.5,8232.5,8223.5,8223.5,349
2026-05-27 12:15:00+00:00,8223.5,8268.0,8221.5,8263.5,1981
2026-05-27 12:30:00+00:00,8264.5,8269.5,8253.0,8259.0,740
2026-05-27 12:45:00+00:00,8259.0,8262.5,8247.5,8248.5,519
2026-05-27 13:00:00+00:00,8248.0,8256.0,8244.5,8250.0,473
2026-05-27 13:15:00+00:00,8250.0,8250.0,8240.5,8245.5,350
2026-05-27 13:30:00+00:00,8246.0,8249.5,8235.0,8237.0,743
2026-05-27 13:45:00+00:00,8237.5,8246.0,8233.0,8242.0,1360
2026-05-27 14:00:00+00:00,8241.5,8243.5,8226.0,8231.0,872
2026-05-27 14:15:00+00:00,8231.5,8240.0,8219.0,8223.5,890
2026-05-27 14:30:00+00:00,8223.0,8225.0,8186.0,8209.5,1854
2026-05-27 14:45:00+00:00,8210.0,8216.5,8205.0,8212.5,588
2026-05-27 15:00:00+00:00,8213.0,8218.5,8208.5,8214.5,918
2026-05-27 15:15:00+00:00,8214.5,8223.5,8212.0,8218.5,1024
2026-05-27 15:30:00+00:00,8219.5,8224.5,8184.5,8186.0,3850
2026-05-27 15:45:00+00:00,8187.0,8198.0,8186.5,8192.5,287
2026-05-27 16:00:00+00:00,8191.0,8199.0,8184.0,8195.0,232
2026-05-27 16:15:00+00:00,8194.0,8203.0,8193.0,8201.0,90
2026-05-27 16:30:00+00:00,8199.5,8206.0,8199.0,8200.5,175
2026-05-27 16:45:00+00:00,8201.0,8203.0,8197.0,8197.5,59
2026-05-27 17:00:00+00:00,8198.5,8201.0,8191.0,8194.5,103
2026-05-27 17:15:00+00:00,8194.5,8200.5,8193.5,8198.5,34
2026-05-27 17:30:00+00:00,8197.0,8200.0,8197.0,8198.5,24
2026-05-27 17:45:00+00:00,8197.5,8203.5,8197.5,8198.0,52
2026-05-27 18:00:00+00:00,8197.5,8201.5,8195.5,8201.5,54
2026-05-27 18:15:00+00:00,8204.5,8206.5,8204.0,8205.5,40
2026-05-27 18:30:00+00:00,8206.0,8209.5,8206.0,8209.5,45
2026-05-27 18:45:00+00:00,8209.5,8211.5,8206.5,8209.0,61
2026-05-27 19:00:00+00:00,8209.0,8209.5,8207.5,8208.0,49
2026-05-27 19:15:00+00:00,8207.5,8209.0,8206.0,8207.0,67
2026-05-27 19:30:00+00:00,8207.5,8210.5,8207.0,8210.5,94
2026-05-27 19:45:00+00:00,8211.0,8211.0,8202.0,8205.5,261
2026-05-28 06:00:00+00:00,8172.0,8172.5,8146.5,8158.0,428
2026-05-28 06:15:00+00:00,8159.0,8160.5,8157.0,8158.5,58
2026-05-28 06:30:00+00:00,8157.5,8161.5,8151.5,8157.5,82
2026-05-28 06:45:00+00:00,8160.0,8170.5,8154.0,8170.5,219
2026-05-28 07:00:00+00:00,8169.5,8189.5,8165.5,8179.5,1432
2026-05-28 07:15:00+00:00,8180.0,8180.0,8166.5,8172.0,622
2026-05-28 07:30:00+00:00,8172.5,8174.0,8161.5,8165.5,734
2026-05-28 07:45:00+00:00,8165.5,8172.0,8157.5,8171.5,671
2026-05-28 08:00:00+00:00,8171.5,8176.5,8156.5,8168.5,735
2026-05-28 08:15:00+00:00,8168.0,8170.0,8161.0,8166.0,549
2026-05-28 08:30:00+00:00,8166.5,8167.5,8160.5,8165.0,397
2026-05-28 08:45:00+00:00,8165.5,8168.0,8162.0,8168.0,373
2026-05-28 09:00:00+00:00,8167.0,8176.5,8166.5,8171.5,375
2026-05-28 09:15:00+00:00,8172.0,8181.5,8169.5,8180.0,378
2026-05-28 09:30:00+00:00,8179.0,8180.5,8170.5,8172.0,280
2026-05-28 09:45:00+00:00,8172.0,8181.5,8172.0,8176.5,207
2026-05-28 10:00:00+00:00,8176.5,8179.0,8171.0,8176.5,378
2026-05-28 10:15:00+00:00,8177.0,8187.0,8175.5,8184.5,354
2026-05-28 10:30:00+00:00,8184.0,8188.5,8169.0,8169.0,293
2026-05-28 10:45:00+00:00,8169.0,8174.0,8154.5,8166.0,823
2026-05-28 11:00:00+00:00,8167.0,8172.0,8162.5,8164.5,381
2026-05-28 11:15:00+00:00,8165.5,8167.5,8160.5,8163.0,155
2026-05-28 11:30:00+00:00,8162.5,8166.0,8159.0,8165.5,187
2026-05-28 11:45:00+00:00,8165.0,8165.0,8154.5,8155.0,228
2026-05-28 12:00:00+00:00,8154.5,8158.5,8150.0,8158.5,324
2026-05-28 12:15:00+00:00,8158.5,8159.0,8145.5,8150.5,602
2026-05-28 12:30:00+00:00,8150.5,8160.5,8150.5,8160.0,438
2026-05-28 12:45:00+00:00,8159.5,8167.0,8158.5,8164.0,299
2026-05-28 13:00:00+00:00,8166.0,8173.5,8158.5,8159.0,328
2026-05-28 13:15:00+00:00,8158.5,8161.5,8155.0,8155.5,266
2026-05-28 13:30:00+00:00,8155.0,8161.5,8148.0,8161.5,672
2026-05-28 13:45:00+00:00,8161.0,8167.5,8147.5,8157.0,869
2026-05-28 14:00:00+00:00,8158.0,8223.5,8149.5,8202.0,2993
2026-05-28 14:15:00+00:00,8202.5,8206.5,8190.0,8199.0,1130
2026-05-28 14:30:00+00:00,8198.5,8203.0,8189.0,8192.0,712
2026-05-28 14:45:00+00:00,8191.0,8192.0,8162.5,8172.0,1482
2026-05-28 15:00:00+00:00,8173.0,8189.0,8171.0,8184.0,616
2026-05-28 15:15:00+00:00,8184.0,8190.0,8175.5,8188.5,1046
2026-05-28 15:30:00+00:00,8188.0,8188.0,8175.0,8182.0,2336
2026-05-28 15:45:00+00:00,8182.0,8185.5,8176.5,8179.0,353
2026-05-28 16:00:00+00:00,8179.5,8183.5,8174.0,8183.5,193
2026-05-28 16:15:00+00:00,8183.0,8198.5,8181.5,8190.5,367
2026-05-28 16:30:00+00:00,8190.0,8190.0,8183.0,8186.5,69
2026-05-28 16:45:00+00:00,8189.0,8200.0,8189.0,8198.5,97
2026-05-28 17:00:00+00:00,8199.5,8200.0,8192.0,8193.0,77
2026-05-28 17:15:00+00:00,8193.0,8194.5,8187.5,8188.0,66
2026-05-28 17:30:00+00:00,8189.5,8195.5,8188.0,8189.0,82
2026-05-28 17:45:00+00:00,8188.5,8194.0,8188.5,8192.5,49
2026-05-28 18:00:00+00:00,8191.5,8191.5,8185.5,8190.0,87
2026-05-28 18:15:00+00:00,8189.5,8195.0,8185.0,8187.5,169
2026-05-28 18:30:00+00:00,8187.0,8187.0,8180.0,8184.0,76
2026-05-28 18:45:00+00:00,8184.0,8188.5,8182.5,8184.5,70
2026-05-28 19:00:00+00:00,8184.0,8189.0,8179.5,8180.0,98
2026-05-28 19:15:00+00:00,8179.5,8184.0,8178.5,8183.5,88
2026-05-28 19:30:00+00:00,8184.0,8188.5,8184.0,8184.5,70
2026-05-28 19:45:00+00:00,8184.5,8190.0,8182.0,8185.5,328
2026-05-29 06:00:00+00:00,8208.5,8212.5,8201.0,8202.0,250
2026-05-29 06:15:00+00:00,8203.5,8206.5,8195.0,8195.0,108
2026-05-29 06:30:00+00:00,8195.0,8200.5,8193.0,8200.5,68
2026-05-29 06:45:00+00:00,8200.0,8223.0,8196.0,8220.0,369
2026-05-29 07:00:00+00:00,8222.5,8234.0,8212.5,8230.5,2277
2026-05-29 07:15:00+00:00,8230.5,8238.5,8224.0,8232.5,1001
2026-05-29 07:30:00+00:00,8232.0,8234.5,8219.5,8233.0,1115
2026-05-29 07:45:00+00:00,8232.5,8248.0,8229.5,8246.5,874
2026-05-29 08:00:00+00:00,8246.5,8260.0,8244.0,8258.5,1172
2026-05-29 08:15:00+00:00,8259.0,8272.5,8257.0,8263.0,1157
2026-05-29 08:30:00+00:00,8263.0,8266.5,8260.0,8263.5,858
2026-05-29 08:45:00+00:00,8263.5,8263.5,8251.0,8252.5,888
2026-05-29 09:00:00+00:00,8252.5,8266.5,8250.5,8263.0,1051
2026-05-29 09:15:00+00:00,8262.5,8277.5,8261.0,8276.0,742
2026-05-29 09:30:00+00:00,8275.5,8281.5,8274.0,8279.5,788
2026-05-29 09:45:00+00:00,8278.5,8284.0,8264.5,8265.0,1046
2026-05-29 10:00:00+00:00,8264.5,8265.0,8249.0,8253.5,635
2026-05-29 10:15:00+00:00,8253.5,8261.0,8249.5,8250.0,415
2026-05-29 10:30:00+00:00,8249.5,8256.0,8247.0,8253.0,458
2026-05-29 10:45:00+00:00,8252.5,8257.5,8250.5,8256.5,344
2026-05-29 11:00:00+00:00,8256.0,8256.5,8244.5,8248.5,559
2026-05-29 11:15:00+00:00,8248.0,8252.5,8239.0,8239.0,351
2026-05-29 11:30:00+00:00,8239.0,8240.5,8232.5,8234.5,482
2026-05-29 11:45:00+00:00,8234.5,8239.5,8225.0,8239.0,832
2026-05-29 12:00:00+00:00,8239.0,8242.0,8227.5,8238.0,359
2026-05-29 12:15:00+00:00,8237.0,8242.0,8235.0,8241.0,262
2026-05-29 12:30:00+00:00,8242.0,8243.0,8227.5,8232.0,632
2026-05-29 12:45:00+00:00,8232.0,8234.0,8226.0,8232.0,338
2026-05-29 13:00:00+00:00,8231.5,8238.0,8226.0,8226.5,287
2026-05-29 13:15:00+00:00,8226.5,8228.0,8214.5,8216.5,602
2026-05-29 13:30:00+00:00,8216.0,8218.5,8206.5,8208.0,1027
2026-05-29 13:45:00+00:00,8208.0,8210.5,8196.0,8197.0,752
2026-05-29 14:00:00+00:00,8197.5,8205.0,8193.0,8202.0,952
2026-05-29 14:15:00+00:00,8200.5,8210.5,8199.0,8208.0,587
2026-05-29 14:30:00+00:00,8208.0,8212.5,8206.0,8210.5,434
2026-05-29 14:45:00+00:00,8211.0,8237.0,8204.5,8230.0,1476
2026-05-29 15:00:00+00:00,8230.5,8235.5,8225.5,8232.5,1015
2026-05-29 15:15:00+00:00,8232.5,8236.5,8195.0,8196.5,2979
2026-05-29 15:30:00+00:00,8196.5,8202.5,8167.0,8178.5,7624
2026-05-29 15:45:00+00:00,8178.5,8187.5,8175.0,8185.5,500
2026-05-29 16:00:00+00:00,8185.0,8189.5,8182.0,8189.0,265
2026-05-29 16:15:00+00:00,8189.0,8190.0,8184.5,8187.5,166
2026-05-29 16:30:00+00:00,8186.5,8195.0,8185.0,8192.0,381
2026-05-29 16:45:00+00:00,8192.0,8193.5,8188.5,8192.5,76
2026-05-29 17:00:00+00:00,8191.5,8195.5,8185.0,8187.0,135
2026-05-29 17:15:00+00:00,8187.5,8193.0,8185.5,8187.0,143
2026-05-29 17:30:00+00:00,8186.5,8188.5,8180.5,8181.5,28
2026-05-29 17:45:00+00:00,8181.5,8183.5,8174.0,8174.5,89
2026-05-29 18:00:00+00:00,8174.0,8179.0,8172.0,8174.0,135
2026-05-29 18:15:00+00:00,8175.0,8179.5,8174.0,8175.5,102
2026-05-29 18:30:00+00:00,8176.0,8182.0,8176.0,8177.0,74
2026-05-29 18:45:00+00:00,8176.5,8176.5,8164.5,8168.0,237
2026-05-29 19:00:00+00:00,8167.0,8174.0,8167.0,8170.5,72
2026-05-29 19:15:00+00:00,8170.5,8171.0,8166.5,8171.0,80
2026-05-29 19:30:00+00:00,8171.0,8172.0,8167.0,8167.5,94
2026-05-29 19:45:00+00:00,8165.0,8171.0,8156.5,8159.5,539
2026-06-01 06:00:00+00:00,8189.0,8189.0,8168.0,8172.5,625
2026-06-01 06:15:00+00:00,8173.0,8175.5,8160.0,8160.0,178
2026-06-01 06:30:00+00:00,8160.5,8166.0,8157.0,8164.5,161
2026-06-01 06:45:00+00:00,8164.0,8174.0,8160.0,8173.5,497
2026-06-01 07:00:00+00:00,8173.0,8190.5,8164.5,8189.5,2851
2026-06-01 07:15:00+00:00,8190.0,8196.0,8183.0,8190.0,983
2026-06-01 07:30:00+00:00,8189.5,8195.0,8175.0,8179.5,722
2026-06-01 07:45:00+00:00,8179.5,8193.0,8175.5,8190.0,514
2026-06-01 08:00:00+00:00,8191.0,8194.0,8183.5,8192.0,627
2026-06-01 08:15:00+00:00,8192.0,8192.5,8181.5,8189.5,476
2026-06-01 08:30:00+00:00,8190.5,8197.5,8179.5,8197.0,599
2026-06-01 08:45:00+00:00,8197.5,8200.0,8189.0,8199.0,714
2026-06-01 09:00:00+00:00,8200.0,8206.0,8197.5,8205.0,450
2026-06-01 09:15:00+00:00,8205.0,8206.5,8197.5,8204.0,312
2026-06-01 09:30:00+00:00,8203.5,8206.5,8190.5,8190.5,571
2026-06-01 09:45:00+00:00,8191.0,8191.0,8178.0,8185.0,438
2026-06-01 10:00:00+00:00,8186.0,8197.0,8181.0,8194.5,363
2026-06-01 10:15:00+00:00,8194.0,8200.0,8191.0,8197.0,253
2026-06-01 10:30:00+00:00,8197.0,8198.5,8192.0,8194.5,238
2026-06-01 10:45:00+00:00,8194.5,8199.0,8192.0,8196.0,245
2026-06-01 11:00:00+00:00,8195.5,8198.5,8185.0,8185.5,326
2026-06-01 11:15:00+00:00,8185.5,8190.0,8183.0,8189.5,237
2026-06-01 11:30:00+00:00,8189.0,8209.5,8187.5,8203.5,523
2026-06-01 11:45:00+00:00,8202.0,8215.5,8196.0,8212.0,454
2026-06-01 12:00:00+00:00,8211.0,8217.5,8206.5,8206.5,409
2026-06-01 12:15:00+00:00,8206.0,8212.0,8205.0,8212.0,477
2026-06-01 12:30:00+00:00,8211.5,8224.5,8208.0,8221.5,624
2026-06-01 12:45:00+00:00,8222.0,8224.5,8214.5,8217.0,376
2026-06-01 13:00:00+00:00,8218.0,8218.5,8138.5,8161.0,2454
2026-06-01 13:15:00+00:00,8160.5,8170.0,8129.0,8133.0,1562
2026-06-01 13:30:00+00:00,8133.5,8141.0,8115.5,8127.5,1619
2026-06-01 13:45:00+00:00,8129.0,8134.5,8110.0,8116.0,1555
2026-06-01 14:00:00+00:00,8109.5,8126.0,8100.5,8118.0,1394
2026-06-01 14:15:00+00:00,8118.0,8137.0,8100.0,8111.0,1527
2026-06-01 14:30:00+00:00,8112.5,8119.0,8101.0,8111.0,962
2026-06-01 14:45:00+00:00,8112.0,8114.0,8101.5,8104.0,748
2026-06-01 15:00:00+00:00,8104.5,8126.5,8099.5,8122.5,836
2026-06-01 15:15:00+00:00,8123.0,8128.0,8115.0,8122.5,1083
2026-06-01 15:30:00+00:00,8123.0,8149.0,8122.0,8144.0,5311
2026-06-01 15:45:00+00:00,8144.0,8144.5,8139.0,8141.0,603
2026-06-01 16:00:00+00:00,8140.5,8147.0,8131.0,8134.0,319
2026-06-01 16:15:00+00:00,8133.5,8134.0,8125.0,8129.0,243
2026-06-01 16:30:00+00:00,8129.5,8139.0,8129.5,8133.5,236
2026-06-01 16:45:00+00:00,8133.0,8154.5,8130.0,8150.0,259
2026-06-01 17:00:00+00:00,8151.0,8151.5,8140.0,8142.5,175
2026-06-01 17:15:00+00:00,8142.5,8165.5,8141.0,8165.5,228
2026-06-01 17:30:00+00:00,8166.5,8194.5,8155.5,8170.0,444
2026-06-01 17:45:00+00:00,8171.0,8175.5,8170.0,8172.0,106
2026-06-01 18:00:00+00:00,8171.0,8179.0,8170.5,8174.0,114
2026-06-01 18:15:00+00:00,8173.5,8176.5,8172.5,8174.5,65
2026-06-01 18:30:00+00:00,8175.5,8177.5,8173.0,8176.5,87
2026-06-01 18:45:00+00:00,8176.0,8177.0,8173.5,8175.5,72
2026-06-01 19:00:00+00:00,8173.5,8179.0,8171.5,8175.0,120
2026-06-01 19:15:00+00:00,8175.5,8175.5,8171.5,8172.5,224
2026-06-01 19:30:00+00:00,8172.5,8173.0,8164.5,8164.5,174
2026-06-01 19:45:00+00:00,8165.5,8166.0,8152.5,8156.5,355
2026-06-02 06:00:00+00:00,8163.0,8172.0,8163.0,8169.5,260
2026-06-02 06:15:00+00:00,8170.5,8182.0,8170.5,8180.5,136
2026-06-02 06:30:00+00:00,8179.5,8185.5,8175.5,8176.0,208
2026-06-02 06:45:00+00:00,8176.0,8191.0,8175.5,8186.5,277
2026-06-02 07:00:00+00:00,8187.5,8221.0,8184.5,8213.5,3638
2026-06-02 07:15:00+00:00,8213.5,8234.5,8209.0,8216.5,1687
2026-06-02 07:30:00+00:00,8217.0,8237.5,8216.0,8232.5,1559
2026-06-02 07:45:00+00:00,8232.5,8239.0,8227.5,8238.5,1050
2026-06-02 08:00:00+00:00,8238.5,8248.0,8236.0,8242.5,1291
2026-06-02 08:15:00+00:00,8242.5,8246.0,8228.0,8228.5,908
2026-06-02 08:30:00+00:00,8229.0,8229.5,8217.0,8217.5,764
2026-06-02 08:45:00+00:00,8217.5,8225.5,8214.0,8222.0,707
2026-06-02 09:00:00+00:00,8221.5,8221.5,8209.5,8210.5,485
2026-06-02 09:15:00+00:00,8211.0,8213.0,8202.0,8204.0,450
2026-06-02 09:30:00+00:00,8204.0,8205.5,8191.5,8204.0,828
2026-06-02 09:45:00+00:00,8204.5,8211.0,8203.0,8206.5,432
2026-06-02 10:00:00+00:00,8206.5,8207.5,8198.0,8200.5,402
2026-06-02 10:15:00+00:00,8201.0,8211.0,8201.0,8207.5,355
2026-06-02 10:30:00+00:00,8206.5,8209.5,8202.5,8209.5,265
2026-06-02 10:45:00+00:00,8211.0,8213.0,8205.5,8210.0,284
2026-06-02 11:00:00+00:00,8209.5,8212.0,8203.5,8205.5,315
2026-06-02 11:15:00+00:00,8204.0,8217.0,8202.5,8216.5,323
2026-06-02 11:30:00+00:00,8215.5,8216.0,8207.5,8209.5,478
2026-06-02 11:45:00+00:00,8208.5,8209.0,8205.0,8206.0,184
2026-06-02 12:00:00+00:00,8205.0,8208.5,8196.5,8205.0,369
2026-06-02 12:15:00+00:00,8205.0,8205.5,8196.0,8200.5,465
2026-06-02 12:30:00+00:00,8201.0,8201.0,8186.5,8195.0,584
2026-06-02 12:45:00+00:00,8195.0,8196.0,8185.0,8188.0,529
2026-06-02 13:00:00+00:00,8188.0,8190.0,8169.5,8173.5,1062
2026-06-02 13:15:00+00:00,8173.0,8179.0,8167.0,8175.0,616
2026-06-02 13:30:00+00:00,8174.5,8190.5,8174.5,8183.5,685
2026-06-02 13:45:00+00:00,8183.5,8187.5,8178.5,8182.0,504
2026-06-02 14:00:00+00:00,8182.5,8196.0,8177.5,8190.0,640
2026-06-02 14:15:00+00:00,8190.0,8198.0,8186.0,8196.5,786
2026-06-02 14:30:00+00:00,8197.0,8217.0,8196.0,8212.0,820
2026-06-02 14:45:00+00:00,8212.0,8220.5,8205.5,8206.0,669
2026-06-02 15:00:00+00:00,8206.0,8210.5,8198.5,8206.5,558
2026-06-02 15:15:00+00:00,8206.0,8219.0,8205.5,8212.5,1209
2026-06-02 15:30:00+00:00,8212.0,8217.0,8202.0,8205.0,2886
2026-06-02 15:45:00+00:00,8205.5,8208.5,8199.5,8204.5,196
2026-06-02 16:00:00+00:00,8206.0,8211.0,8202.0,8205.0,288
2026-06-02 16:15:00+00:00,8205.5,8205.5,8196.0,8198.5,105
2026-06-02 16:30:00+00:00,8197.5,8200.0,8189.0,8192.0,102
2026-06-02 16:45:00+00:00,8191.0,8198.0,8191.0,8197.0,75
2026-06-02 17:00:00+00:00,8196.5,8198.5,8187.0,8188.0,84
2026-06-02 17:15:00+00:00,8187.0,8187.5,8183.0,8186.0,77
2026-06-02 17:30:00+00:00,8186.0,8187.5,8184.0,8185.5,68
2026-06-02 17:45:00+00:00,8185.5,8187.5,8185.0,8187.0,36
2026-06-02 18:00:00+00:00,8186.5,8193.5,8186.5,8192.0,100
2026-06-02 18:15:00+00:00,8192.5,8198.0,8191.5,8196.0,48
2026-06-02 18:30:00+00:00,8196.0,8199.0,8195.0,8198.0,50
2026-06-02 18:45:00+00:00,8199.0,8202.5,8198.5,8200.5,135
2026-06-02 19:00:00+00:00,8201.0,8203.0,8200.5,8200.5,94
2026-06-02 19:15:00+00:00,8201.0,8204.5,8201.0,8203.5,166
2026-06-02 19:30:00+00:00,8204.0,8206.0,8204.0,8205.5,111
2026-06-02 19:45:00+00:00,8205.0,8210.5,8203.5,8208.5,352
2026-06-03 06:00:00+00:00,8190.5,8200.5,8177.5,8181.0,386
2026-06-03 06:15:00+00:00,8180.5,8182.0,8176.0,8176.0,86
2026-06-03 06:30:00+00:00,8178.0,8188.5,8173.5,8185.0,300
2026-06-03 06:45:00+00:00,8185.0,8185.0,8173.0,8182.5,267
2026-06-03 07:00:00+00:00,8181.0,8187.0,8168.5,8184.0,2561
2026-06-03 07:15:00+00:00,8183.5,8188.5,8177.5,8182.0,755
2026-06-03 07:30:00+00:00,8181.5,8183.0,8164.5,8164.5,865
2026-06-03 07:45:00+00:00,8164.0,8181.5,8161.0,8181.5,810
2026-06-03 08:00:00+00:00,8182.0,8186.5,8173.0,8182.5,554
2026-06-03 08:15:00+00:00,8183.0,8187.0,8175.0,8187.0,367
2026-06-03 08:30:00+00:00,8187.0,8192.5,8180.5,8186.5,472
2026-06-03 08:45:00+00:00,8186.0,8190.0,8184.0,8189.5,304
2026-06-03 09:00:00+00:00,8189.5,8194.0,8182.5,8184.5,532
2026-06-03 09:15:00+00:00,8185.0,8193.0,8183.0,8186.0,764
2026-06-03 09:30:00+00:00,8186.0,8190.0,8183.0,8185.5,228
2026-06-03 09:45:00+00:00,8185.0,8188.0,8180.0,8180.5,258
2026-06-03 10:00:00+00:00,8179.5,8201.5,8175.5,8194.5,883
2026-06-03 10:15:00+00:00,8193.5,8194.0,8183.5,8192.5,311
2026-06-03 10:30:00+00:00,8192.5,8192.5,8171.0,8172.5,323
2026-06-03 10:45:00+00:00,8173.0,8186.5,8169.5,8184.0,256
2026-06-03 11:00:00+00:00,8185.0,8187.5,8175.5,8178.0,200
2026-06-03 11:15:00+00:00,8177.5,8186.0,8174.0,8181.0,189
2026-06-03 11:30:00+00:00,8182.5,8191.0,8182.5,8191.0,224
2026-06-03 11:45:00+00:00,8191.0,8193.5,8187.5,8189.5,194
2026-06-03 12:00:00+00:00,8189.5,8193.5,8186.5,8190.5,240
2026-06-03 12:15:00+00:00,8190.0,8190.0,8179.0,8179.0,276
2026-06-03 12:30:00+00:00,8179.0,8179.5,8171.5,8175.0,374
2026-06-03 12:45:00+00:00,8175.0,8186.0,8174.0,8177.5,469
2026-06-03 13:00:00+00:00,8177.5,8187.0,8174.5,8175.0,662
2026-06-03 13:15:00+00:00,8174.0,8174.5,8166.5,8170.5,380
2026-06-03 13:30:00+00:00,8171.0,8173.0,8158.0,8158.0,1109
2026-06-03 13:45:00+00:00,8158.0,8176.5,8154.5,8170.5,827
2026-06-03 14:00:00+00:00,8170.0,8173.0,8157.5,8161.5,680
2026-06-03 14:15:00+00:00,8161.0,8169.0,8147.5,8168.0,900
2026-06-03 14:30:00+00:00,8167.5,8170.0,8158.0,8161.5,701
2026-06-03 14:45:00+00:00,8161.0,8174.5,8159.5,8165.5,538
2026-06-03 15:00:00+00:00,8165.5,8173.0,8157.0,8157.5,580
2026-06-03 15:15:00+00:00,8157.0,8167.5,8154.0,8167.0,933
2026-06-03 15:30:00+00:00,8166.5,8167.5,8138.0,8148.5,4055
2026-06-03 15:45:00+00:00,8149.0,8153.5,8144.0,8148.5,392
2026-06-03 16:00:00+00:00,8149.5,8150.5,8144.0,8149.5,285
2026-06-03 16:15:00+00:00,8148.5,8150.5,8140.5,8144.0,221
2026-06-03 16:30:00+00:00,8143.5,8146.0,8137.0,8139.5,149
2026-06-03 16:45:00+00:00,8139.5,8146.0,8137.5,8145.5,211
2026-06-03 17:00:00+00:00,8144.5,8151.5,8140.5,8142.5,146
2026-06-03 17:15:00+00:00,8141.5,8144.0,8139.5,8142.5,87
2026-06-03 17:30:00+00:00,8142.0,8146.5,8140.0,8145.0,62
2026-06-03 17:45:00+00:00,8145.0,8145.0,8143.0,8144.5,102
2026-06-03 18:00:00+00:00,8145.0,8148.5,8144.0,8146.0,106
2026-06-03 18:15:00+00:00,8145.0,8149.5,8142.0,8149.5,110
2026-06-03 18:30:00+00:00,8150.0,8152.0,8145.0,8151.5,121
2026-06-03 18:45:00+00:00,8151.5,8153.0,8150.0,8151.5,86
2026-06-03 19:00:00+00:00,8150.0,8150.5,8145.0,8145.5,69
2026-06-03 19:15:00+00:00,8145.0,8149.0,8142.0,8143.5,99
2026-06-03 19:30:00+00:00,8143.5,8145.0,8138.5,8142.0,112
2026-06-03 19:45:00+00:00,8141.5,8143.5,8135.5,8136.0,257
2026-06-04 06:00:00+00:00,8134.5,8143.0,8134.0,8136.5,378
2026-06-04 06:15:00+00:00,8136.0,8144.5,8133.0,8144.5,199
2026-06-04 06:30:00+00:00,8145.0,8152.5,8138.5,8147.0,230
2026-06-04 06:45:00+00:00,8147.0,8155.0,8140.0,8149.5,468
2026-06-04 07:00:00+00:00,8150.5,8183.0,8141.0,8179.5,2429
2026-06-04 07:15:00+00:00,8179.5,8200.5,8179.0,8200.5,1141
2026-06-04 07:30:00+00:00,8201.0,8215.0,8198.5,8204.0,1353
2026-06-04 07:45:00+00:00,8205.0,8213.5,8199.0,8211.5,761
2026-06-04 08:00:00+00:00,8211.0,8221.5,8203.0,8215.0,872
2026-06-04 08:15:00+00:00,8214.5,8224.5,8206.0,8224.5,765
2026-06-04 08:30:00+00:00,8224.5,8235.5,8209.0,8213.0,698
2026-06-04 08:45:00+00:00,8213.0,8214.5,8204.0,8210.0,613
2026-06-04 09:00:00+00:00,8208.5,8211.5,8194.5,8200.5,511
2026-06-04 09:15:00+00:00,8200.5,8213.0,8200.0,8212.0,522
2026-06-04 09:30:00+00:00,8211.5,8227.5,8210.5,8227.0,551
2026-06-04 09:45:00+00:00,8226.5,8236.0,8226.5,8230.5,622
2026-06-04 10:00:00+00:00,8230.0,8230.5,8211.5,8213.5,410
2026-06-04 10:15:00+00:00,8215.0,8216.0,8204.0,8205.0,345
2026-06-04 10:30:00+00:00,8205.0,8206.5,8194.5,8200.5,678
2026-06-04 10:45:00+00:00,8200.0,8204.0,8193.0,8203.5,401
2026-06-04 11:00:00+00:00,8204.5,8222.0,8204.5,8219.5,675
2026-06-04 11:15:00+00:00,8219.0,8236.0,8218.5,8228.0,598
2026-06-04 11:30:00+00:00,8227.5,8230.0,8216.5,8228.5,402
2026-06-04 11:45:00+00:00,8229.0,8243.5,8224.5,8239.5,600
2026-06-04 12:00:00+00:00,8241.0,8244.5,8228.0,8232.0,666
2026-06-04 12:15:00+00:00,8232.0,8242.0,8230.0,8238.5,420
2026-06-04 12:30:00+00:00,8240.0,8246.5,8235.5,8245.5,467
2026-06-04 12:45:00+00:00,8246.5,8258.5,8244.5,8248.0,512
2026-06-04 13:00:00+00:00,8248.0,8250.0,8242.5,8244.0,484
2026-06-04 13:15:00+00:00,8244.0,8250.0,8244.0,8245.0,581
2026-06-04 13:30:00+00:00,8245.5,8251.5,8223.0,8229.5,938
2026-06-04 13:45:00+00:00,8231.0,8244.0,8229.5,8239.5,731
2026-06-04 14:00:00+00:00,8239.0,8240.0,8225.0,8234.5,760
2026-06-04 14:15:00+00:00,8234.5,8239.5,8223.5,8225.5,705
2026-06-04 14:30:00+00:00,8224.5,8224.5,8213.5,8216.0,758
2026-06-04 14:45:00+00:00,8216.5,8227.5,8214.0,8219.0,680
2026-06-04 15:00:00+00:00,8219.0,8225.0,8210.5,8225.0,947
2026-06-04 15:15:00+00:00,8225.0,8226.0,8216.5,8220.5,1014
2026-06-04 15:30:00+00:00,8220.5,8250.0,8218.0,8238.0,3804
2026-06-04 15:45:00+00:00,8238.0,8244.5,8235.5,8241.5,321
2026-06-04 16:00:00+00:00,8242.0,8256.5,8241.5,8255.0,283
2026-06-04 16:15:00+00:00,8254.5,8254.5,8249.5,8250.5,164
2026-06-04 16:30:00+00:00,8251.0,8256.0,8249.5,8254.0,133
2026-06-04 16:45:00+00:00,8254.0,8257.5,8252.5,8255.5,130
2026-06-04 17:00:00+00:00,8255.0,8258.0,8253.5,8254.0,96
2026-06-04 17:15:00+00:00,8253.5,8256.0,8252.0,8255.5,148
2026-06-04 17:30:00+00:00,8255.5,8259.0,8254.0,8256.0,126
2026-06-04 17:45:00+00:00,8256.5,8257.0,8253.5,8257.0,39
2026-06-04 18:00:00+00:00,8257.0,8257.5,8253.0,8256.5,157
2026-06-04 18:15:00+00:00,8255.5,8271.5,8255.0,8260.5,351
2026-06-04 18:30:00+00:00,8260.5,8261.0,8258.5,8260.0,106
2026-06-04 18:45:00+00:00,8260.5,8264.0,8260.0,8262.0,120
2026-06-04 19:00:00+00:00,8263.0,8263.5,8260.0,8261.0,110
2026-06-04 19:15:00+00:00,8260.5,8267.0,8260.0,8265.5,106
2026-06-04 19:30:00+00:00,8265.5,8272.0,8265.0,8270.5,148
2026-06-04 19:45:00+00:00,8271.0,8271.0,8260.5,8261.0,448
2026-06-05 06:00:00+00:00,8239.0,8256.0,8237.5,8253.5,498
2026-06-05 06:15:00+00:00,8252.5,8256.5,8245.0,8248.0,193
2026-06-05 06:30:00+00:00,8248.5,8256.0,8246.5,8252.5,177
2026-06-05 06:45:00+00:00,8252.5,8262.0,8247.0,8259.0,447
2026-06-05 07:00:00+00:00,8259.5,8272.0,8243.0,8246.0,2684
2026-06-05 07:15:00+00:00,8246.0,8253.5,8235.5,8244.5,1159
2026-06-05 07:30:00+00:00,8244.0,8258.5,8241.0,8257.5,892
2026-06-05 07:45:00+00:00,8257.0,8267.0,8255.0,8256.0,673
2026-06-05 08:00:00+00:00,8255.5,8260.5,8243.5,8252.5,623
2026-06-05 08:15:00+00:00,8253.0,8263.5,8241.0,8263.5,490
2026-06-05 08:30:00+00:00,8263.0,8264.5,8255.0,8257.0,476
2026-06-05 08:45:00+00:00,8256.5,8268.0,8254.5,8268.0,394
2026-06-05 09:00:00+00:00,8268.0,8291.0,8264.5,8282.5,1752
2026-06-05 09:15:00+00:00,8282.5,8283.0,8273.0,8276.0,550
2026-06-05 09:30:00+00:00,8276.0,8284.0,8271.5,8272.0,797
2026-06-05 09:45:00+00:00,8272.5,8282.5,8267.5,8278.5,600
2026-06-05 10:00:00+00:00,8278.5,8280.0,8270.0,8280.0,263
2026-06-05 10:15:00+00:00,8280.5,8288.0,8280.0,8285.0,367
2026-06-05 10:30:00+00:00,8286.0,8293.5,8285.0,8291.0,266
2026-06-05 10:45:00+00:00,8292.0,8293.5,8287.0,8287.0,262
2026-06-05 11:00:00+00:00,8286.5,8297.0,8283.0,8292.5,421
2026-06-05 11:15:00+00:00,8293.0,8294.0,8271.0,8289.5,1225
2026-06-05 11:30:00+00:00,8289.0,8292.0,8281.0,8289.0,520
2026-06-05 11:45:00+00:00,8289.5,8293.0,8286.5,8287.5,374
2026-06-05 12:00:00+00:00,8288.0,8294.5,8282.0,8285.0,704
2026-06-05 12:15:00+00:00,8286.0,8286.5,8274.0,8275.5,611
2026-06-05 12:30:00+00:00,8275.5,8295.5,8264.5,8272.0,787
2026-06-05 12:45:00+00:00,8272.5,8278.0,8268.5,8270.0,397
2026-06-05 13:00:00+00:00,8269.5,8284.0,8266.0,8278.0,605
2026-06-05 13:15:00+00:00,8277.5,8279.5,8259.0,8260.5,556
2026-06-05 13:30:00+00:00,8260.0,8262.5,8242.0,8246.0,1285
2026-06-05 13:45:00+00:00,8245.5,8248.0,8231.5,8237.0,1348
2026-06-05 14:00:00+00:00,8238.0,8256.5,8234.0,8239.5,1348
2026-06-05 14:15:00+00:00,8240.0,8243.0,8224.0,8237.0,1007
2026-06-05 14:30:00+00:00,8236.5,8246.5,8234.5,8246.5,695
2026-06-05 14:45:00+00:00,8247.0,8250.5,8236.5,8237.5,648
2026-06-05 15:00:00+00:00,8238.5,8241.0,8228.5,8228.5,792
2026-06-05 15:15:00+00:00,8229.5,8231.0,8217.5,8221.5,2032
2026-06-05 15:30:00+00:00,8221.5,8224.5,8206.5,8208.0,2712
2026-06-05 15:45:00+00:00,8208.5,8215.0,8207.5,8207.5,374
2026-06-05 16:00:00+00:00,8207.0,8209.0,8198.0,8201.5,371
2026-06-05 16:15:00+00:00,8200.5,8206.0,8199.0,8202.5,276
2026-06-05 16:30:00+00:00,8202.0,8203.0,8191.0,8194.0,298
2026-06-05 16:45:00+00:00,8193.5,8200.5,8190.0,8197.0,310
2026-06-05 17:00:00+00:00,8196.5,8197.0,8191.0,8193.5,140
2026-06-05 17:15:00+00:00,8193.0,8197.5,8189.0,8194.0,163
2026-06-05 17:30:00+00:00,8194.0,8198.5,8191.5,8192.5,105
2026-06-05 17:45:00+00:00,8192.5,8194.0,8189.5,8192.0,123
2026-06-05 18:00:00+00:00,8193.0,8195.0,8185.0,8185.0,153
2026-06-05 18:15:00+00:00,8183.5,8188.5,8173.5,8176.0,309
2026-06-05 18:30:00+00:00,8175.5,8179.0,8174.0,8176.5,188
2026-06-05 18:45:00+00:00,8174.5,8174.5,8159.0,8161.0,493
2026-06-05 19:00:00+00:00,8160.0,8162.0,8142.0,8144.0,281
2026-06-05 19:15:00+00:00,8141.0,8147.5,8059.5,8147.5,770
2026-06-05 19:30:00+00:00,8148.0,8150.5,8141.5,8146.0,506
2026-06-05 19:45:00+00:00,8144.5,8159.5,8144.0,8154.5,403
2026-06-08 06:00:00+00:00,8123.0,8123.0,8104.0,8116.0,830
2026-06-08 06:15:00+00:00,8115.5,8120.0,8098.0,8115.5,589
2026-06-08 06:30:00+00:00,8115.5,8118.5,8089.0,8098.5,449
2026-06-08 06:45:00+00:00,8098.0,8107.5,8093.0,8107.5,528
2026-06-08 07:00:00+00:00,8107.0,8163.0,8104.5,8154.5,3123
2026-06-08 07:15:00+00:00,8154.0,8170.0,8140.5,8163.0,1637
2026-06-08 07:30:00+00:00,8162.5,8170.5,8155.0,8161.5,1160
2026-06-08 07:45:00+00:00,8162.0,8175.5,8159.5,8159.5,704
2026-06-08 08:00:00+00:00,8159.5,8165.5,8150.5,8155.0,659
2026-06-08 08:15:00+00:00,8154.5,8165.0,8150.0,8159.5,760
2026-06-08 08:30:00+00:00,8159.5,8160.0,8147.0,8151.5,868
2026-06-08 08:45:00+00:00,8151.0,8163.0,8149.5,8159.0,686
2026-06-08 09:00:00+00:00,8159.0,8172.5,8159.0,8169.0,750
2026-06-08 09:15:00+00:00,8168.5,8180.0,8166.0,8169.0,683
2026-06-08 09:30:00+00:00,8169.0,8190.0,8161.0,8178.0,1323
2026-06-08 09:45:00+00:00,8178.0,8185.0,8177.0,8185.0,495
2026-06-08 10:00:00+00:00,8185.0,8192.0,8169.0,8190.0,843
2026-06-08 10:15:00+00:00,8190.5,8192.0,8178.5,8190.5,610
2026-06-08 10:30:00+00:00,8190.5,8227.5,8189.5,8206.5,1503
2026-06-08 10:45:00+00:00,8207.0,8207.5,8187.0,8189.0,541
2026-06-08 11:00:00+00:00,8188.5,8220.0,8182.0,8219.0,1353
2026-06-08 11:15:00+00:00,8219.0,8231.0,8209.0,8219.5,1161
2026-06-08 11:30:00+00:00,8220.0,8224.5,8215.0,8217.0,474
2026-06-08 11:45:00+00:00,8215.5,8217.5,8205.0,8206.0,346
2026-06-08 12:00:00+00:00,8207.0,8215.0,8200.0,8200.5,461
2026-06-08 12:15:00+00:00,8200.5,8212.0,8198.5,8203.0,442
2026-06-08 12:30:00+00:00,8203.0,8209.5,8198.5,8201.5,891
2026-06-08 12:45:00+00:00,8202.0,8202.5,8189.5,8197.5,489
2026-06-08 13:00:00+00:00,8198.5,8204.0,8191.5,8192.5,448
2026-06-08 13:15:00+00:00,8191.5,8201.5,8190.5,8197.5,462
2026-06-08 13:30:00+00:00,8197.0,8222.5,8197.0,8214.5,948
2026-06-08 13:45:00+00:00,8214.0,8235.5,8213.5,8229.0,864
2026-06-08 14:00:00+00:00,8228.5,8232.5,8213.5,8216.5,664
2026-06-08 14:15:00+00:00,8215.5,8216.5,8201.0,8203.0,1004
2026-06-08 14:30:00+00:00,8203.0,8216.5,8202.0,8215.0,1861
2026-06-08 14:45:00+00:00,8215.5,8222.0,8208.0,8221.0,1182
2026-06-08 15:00:00+00:00,8221.0,8222.0,8212.5,8216.0,732
2026-06-08 15:15:00+00:00,8216.0,8223.0,8208.5,8209.5,1075
2026-06-08 15:30:00+00:00,8210.0,8212.0,8195.5,8209.0,3455
2026-06-08 15:45:00+00:00,8209.5,8209.5,8197.5,8200.5,413
2026-06-08 16:00:00+00:00,8200.5,8202.5,8194.5,8201.0,234
2026-06-08 16:15:00+00:00,8201.0,8205.0,8193.5,8193.5,84
2026-06-08 16:30:00+00:00,8194.0,8196.0,8190.0,8194.0,135
2026-06-08 16:45:00+00:00,8193.5,8197.5,8193.0,8193.0,56
2026-06-08 17:00:00+00:00,8191.5,8192.0,8179.5,8183.0,236
2026-06-08 17:15:00+00:00,8184.0,8187.5,8175.5,8187.5,217
2026-06-08 17:30:00+00:00,8187.0,8187.5,8175.5,8178.5,195
2026-06-08 17:45:00+00:00,8178.0,8183.5,8177.5,8181.5,97
2026-06-08 18:00:00+00:00,8181.5,8190.5,8181.5,8185.0,141
2026-06-08 18:15:00+00:00,8185.0,8193.5,8185.0,8193.0,155
2026-06-08 18:30:00+00:00,8193.0,8197.0,8188.5,8188.5,226
2026-06-08 18:45:00+00:00,8189.5,8194.5,8189.5,8192.0,77
2026-06-08 19:00:00+00:00,8191.5,8194.0,8184.0,8186.5,84
2026-06-08 19:15:00+00:00,8185.5,8185.5,8173.5,8179.5,184
2026-06-08 19:30:00+00:00,8181.0,8185.5,8176.5,8177.5,176
2026-06-08 19:45:00+00:00,8179.0,8187.0,8177.5,8186.0,383
2026-06-09 06:00:00+00:00,8192.0,8193.5,8182.5,8186.5,327
2026-06-09 06:15:00+00:00,8185.5,8200.0,8185.5,8191.5,181
2026-06-09 06:30:00+00:00,8191.0,8192.5,8181.0,8192.0,165
2026-06-09 06:45:00+00:00,8193.0,8194.5,8176.5,8181.0,266
2026-06-09 07:00:00+00:00,8180.0,8227.0,8174.5,8216.0,2029
2026-06-09 07:15:00+00:00,8216.0,8228.5,8203.0,8214.5,1060
2026-06-09 07:30:00+00:00,8215.0,8236.5,8214.0,8236.0,708
2026-06-09 07:45:00+00:00,8237.0,8251.0,8235.0,8246.0,1104
2026-06-09 08:00:00+00:00,8246.5,8308.5,8241.5,8263.5,1178
2026-06-09 08:15:00+00:00,8263.5,8273.5,8262.5,8265.5,1170
2026-06-09 08:30:00+00:00,8266.0,8269.5,8257.5,8269.0,944
2026-06-09 08:45:00+00:00,8269.0,8274.0,8267.5,8269.0,607
2026-06-09 09:00:00+00:00,8268.5,8277.5,8266.5,8274.5,543
2026-06-09 09:15:00+00:00,8274.5,8277.0,8268.0,8269.5,767
2026-06-09 09:30:00+00:00,8269.5,8279.0,8261.5,8278.0,834
2026-06-09 09:45:00+00:00,8277.5,8280.0,8271.0,8273.0,657
2026-06-09 10:00:00+00:00,8273.0,8279.0,8258.0,8278.0,1531
2026-06-09 10:15:00+00:00,8278.0,8278.5,8271.0,8277.5,298
2026-06-09 10:30:00+00:00,8278.5,8279.5,8272.0,8275.0,312
2026-06-09 10:45:00+00:00,8274.5,8281.5,8273.5,8281.5,600
2026-06-09 11:00:00+00:00,8281.0,8288.5,8278.0,8280.0,436
2026-06-09 11:15:00+00:00,8279.5,8284.0,8277.0,8279.0,323
2026-06-09 11:30:00+00:00,8278.5,8280.5,8271.0,8272.0,269
2026-06-09 11:45:00+00:00,8274.5,8274.5,8265.0,8267.0,244
2026-06-09 12:00:00+00:00,8266.5,8266.5,8255.0,8256.0,360
2026-06-09 12:15:00+00:00,8256.0,8261.0,8253.5,8260.0,336
2026-06-09 12:30:00+00:00,8260.0,8271.5,8260.0,8268.5,354
2026-06-09 12:45:00+00:00,8268.5,8276.5,8264.5,8276.5,417
2026-06-09 13:00:00+00:00,8275.0,8287.5,8268.5,8276.0,766
2026-06-09 13:15:00+00:00,8276.0,8280.5,8269.0,8278.5,485
2026-06-09 13:30:00+00:00,8278.5,8287.0,8275.5,8278.0,648
2026-06-09 13:45:00+00:00,8278.0,8295.0,8277.5,8286.5,1020
2026-06-09 14:00:00+00:00,8286.5,8295.0,8267.5,8268.0,1120
2026-06-09 14:15:00+00:00,8266.5,8275.0,8245.0,8273.0,1387
2026-06-09 14:30:00+00:00,8273.0,8282.0,8252.5,8252.5,930
2026-06-09 14:45:00+00:00,8252.0,8253.5,8228.0,8247.0,1464
2026-06-09 15:00:00+00:00,8247.5,8250.5,8232.5,8238.0,1091
2026-06-09 15:15:00+00:00,8238.0,8241.0,8196.5,8197.0,2346
2026-06-09 15:30:00+00:00,8196.0,8214.5,8192.0,8211.0,3699
2026-06-09 15:45:00+00:00,8213.5,8232.5,8207.5,8209.0,781
2026-06-09 16:00:00+00:00,8210.0,8222.5,8209.0,8213.0,663
2026-06-09 16:15:00+00:00,8213.0,8216.0,8195.0,8205.5,685
2026-06-09 16:30:00+00:00,8202.5,8214.0,8139.0,8159.5,2329
2026-06-09 16:45:00+00:00,8159.0,8171.0,8152.0,8167.0,810
2026-06-09 17:00:00+00:00,8168.0,8198.5,8167.5,8196.5,666
2026-06-09 17:15:00+00:00,8195.5,8212.0,8190.0,8209.5,553
2026-06-09 17:30:00+00:00,8210.5,8225.5,8206.0,8220.5,382
2026-06-09 17:45:00+00:00,8220.0,8224.0,8213.5,8220.0,211
2026-06-09 18:00:00+00:00,8220.0,8223.0,8216.0,8220.5,221
2026-06-09 18:15:00+00:00,8220.0,8236.0,8216.5,8233.5,263
2026-06-09 18:30:00+00:00,8233.5,8240.5,8232.0,8235.5,299
2026-06-09 18:45:00+00:00,8235.5,8246.0,8234.5,8244.5,287
2026-06-09 19:00:00+00:00,8245.0,8248.0,8239.5,8240.0,268
2026-06-09 19:15:00+00:00,8240.5,8240.5,8227.0,8235.0,354
2026-06-09 19:30:00+00:00,8235.0,8237.5,8224.0,8229.0,406
2026-06-09 19:45:00+00:00,8230.5,8248.0,8224.5,8243.0,583
2026-06-10 06:00:00+00:00,8223.0,8236.0,8222.0,8232.0,395
2026-06-10 06:15:00+00:00,8231.0,8234.5,8225.0,8226.0,136
2026-06-10 06:30:00+00:00,8227.5,8232.0,8222.0,8227.0,146
2026-06-10 06:45:00+00:00,8227.0,8231.5,8221.0,8227.5,289
2026-06-10 07:00:00+00:00,8227.5,8234.5,8210.5,8232.5,2063
2026-06-10 07:15:00+00:00,8232.5,8244.5,8232.0,8235.0,1046
2026-06-10 07:30:00+00:00,8234.5,8240.5,8227.5,8233.0,752
2026-06-10 07:45:00+00:00,8235.0,8243.0,8230.5,8239.0,675
2026-06-10 08:00:00+00:00,8240.0,8241.0,8219.5,8220.5,789
2026-06-10 08:15:00+00:00,8221.0,8224.0,8207.5,8219.0,1327
2026-06-10 08:30:00+00:00,8219.0,8219.5,8204.5,8207.5,910
2026-06-10 08:45:00+00:00,8206.5,8208.0,8194.5,8197.0,680
2026-06-10 09:00:00+00:00,8198.0,8200.0,8183.5,8185.0,769
2026-06-10 09:15:00+00:00,8185.0,8192.0,8176.5,8191.0,632
2026-06-10 09:30:00+00:00,8191.5,8196.5,8177.5,8179.0,615
2026-06-10 09:45:00+00:00,8179.0,8197.5,8175.5,8197.5,472
2026-06-10 10:00:00+00:00,8197.0,8197.0,8177.5,8179.0,321
2026-06-10 10:15:00+00:00,8177.5,8190.5,8171.5,8188.0,548
2026-06-10 10:30:00+00:00,8187.5,8192.0,8177.0,8181.0,499
2026-06-10 10:45:00+00:00,8181.0,8182.5,8170.0,8177.0,504
2026-06-10 11:00:00+00:00,8178.5,8178.5,8112.0,8146.5,3298
2026-06-10 11:15:00+00:00,8146.5,8160.5,8118.0,8142.5,1731
2026-06-10 11:30:00+00:00,8142.0,8160.0,8139.5,8157.0,680
2026-06-10 11:45:00+00:00,8158.0,8173.5,8155.0,8167.0,567
2026-06-10 12:00:00+00:00,8167.5,8176.5,8161.5,8168.5,1211
2026-06-10 12:15:00+00:00,8168.0,8181.5,8165.0,8180.0,970
2026-06-10 12:30:00+00:00,8180.5,8196.0,8174.5,8192.5,1299
2026-06-10 12:45:00+00:00,8193.5,8197.0,8188.0,8188.0,972
2026-06-10 13:00:00+00:00,8188.5,8192.5,8176.5,8181.5,593
2026-06-10 13:15:00+00:00,8181.0,8186.0,8179.5,8184.0,416
2026-06-10 13:30:00+00:00,8183.5,8211.0,8179.0,8208.0,1227
2026-06-10 13:45:00+00:00,8207.0,8208.0,8197.5,8206.5,1124
2026-06-10 14:00:00+00:00,8206.5,8210.5,8197.0,8198.0,1239
2026-06-10 14:15:00+00:00,8198.5,8200.0,8187.0,8191.5,925
2026-06-10 14:30:00+00:00,8191.5,8196.5,8187.0,8188.0,959
2026-06-10 14:45:00+00:00,8188.5,8195.0,8182.0,8186.5,1104
2026-06-10 15:00:00+00:00,8187.0,8195.0,8183.0,8183.0,900
2026-06-10 15:15:00+00:00,8183.0,8190.5,8173.5,8182.5,1581
2026-06-10 15:30:00+00:00,8183.0,8188.0,8157.0,8171.5,3904
2026-06-10 15:45:00+00:00,8172.0,8172.0,8137.0,8165.0,1088
2026-06-10 16:00:00+00:00,8165.0,8171.0,8153.0,8153.0,479
2026-06-10 16:15:00+00:00,8154.0,8161.5,8153.0,8160.5,198
2026-06-10 16:30:00+00:00,8160.5,8169.0,8151.0,8161.0,146
2026-06-10 16:45:00+00:00,8160.0,8160.0,8153.5,8157.5,139
2026-06-10 17:00:00+00:00,8158.0,8164.5,8150.0,8151.0,144
2026-06-10 17:15:00+00:00,8149.0,8152.5,8146.0,8149.5,73
2026-06-10 17:30:00+00:00,8148.0,8148.5,8138.5,8140.0,140
2026-06-10 17:45:00+00:00,8140.5,8161.5,8139.5,8159.5,347
2026-06-10 18:00:00+00:00,8161.5,8170.0,8161.0,8164.0,86
2026-06-10 18:15:00+00:00,8166.0,8166.0,8154.0,8160.0,88
2026-06-10 18:30:00+00:00,8157.5,8158.5,8144.0,8144.5,244
2026-06-10 18:45:00+00:00,8144.0,8145.0,8132.5,8135.0,360
2026-06-10 19:00:00+00:00,8136.0,8138.5,8128.5,8129.5,230
2026-06-10 19:15:00+00:00,8129.5,8131.5,8124.5,8128.5,288
2026-06-10 19:30:00+00:00,8126.0,8136.0,8126.0,8135.5,223
2026-06-10 19:45:00+00:00,8135.5,8139.5,8121.0,8128.0,608
2026-06-11 06:00:00+00:00,8146.0,8146.0,8128.5,8137.0,421
2026-06-11 06:15:00+00:00,8137.0,8142.0,8135.0,8140.0,345
2026-06-11 06:30:00+00:00,8140.0,8150.0,8135.0,8145.5,284
2026-06-11 06:45:00+00:00,8146.0,8158.5,8141.0,8157.0,500
2026-06-11 07:00:00+00:00,8157.0,8185.0,8150.0,8182.0,3125
2026-06-11 07:15:00+00:00,8182.5,8213.5,8180.0,8212.5,1480
2026-06-11 07:30:00+00:00,8212.5,8223.5,8205.0,8206.5,1296
2026-06-11 07:45:00+00:00,8207.0,8207.0,8182.5,8183.5,1138
2026-06-11 08:00:00+00:00,8183.5,8214.0,8183.0,8212.0,681
2026-06-11 08:15:00+00:00,8212.0,8214.0,8193.0,8194.0,624
2026-06-11 08:30:00+00:00,8195.0,8203.5,8194.0,8199.0,507
2026-06-11 08:45:00+00:00,8199.0,8204.0,8194.0,8202.0,666
2026-06-11 09:00:00+00:00,8203.0,8208.5,8200.0,8206.5,478
2026-06-11 09:15:00+00:00,8206.5,8218.0,8206.0,8215.5,519
2026-06-11 09:30:00+00:00,8216.0,8224.5,8212.0,8223.0,460
2026-06-11 09:45:00+00:00,8222.5,8238.5,8221.5,8234.5,861
2026-06-11 10:00:00+00:00,8233.5,8236.0,8228.5,8232.5,836
2026-06-11 10:15:00+00:00,8232.5,8233.5,8223.5,8225.0,351
2026-06-11 10:30:00+00:00,8226.5,8237.0,8226.5,8232.5,320
2026-06-11 10:45:00+00:00,8232.5,8242.5,8231.5,8235.0,396
2026-06-11 11:00:00+00:00,8236.0,8240.5,8231.0,8236.5,691
2026-06-11 11:15:00+00:00,8235.5,8239.0,8232.0,8237.5,468
2026-06-11 11:30:00+00:00,8237.0,8248.0,8236.5,8244.0,827
2026-06-11 11:45:00+00:00,8244.0,8250.5,8243.5,8247.0,263
2026-06-11 12:00:00+00:00,8247.0,8248.5,8236.0,8246.0,474
2026-06-11 12:15:00+00:00,8246.0,8248.0,8182.0,8205.5,2907
2026-06-11 12:30:00+00:00,8206.5,8224.0,8188.5,8213.5,1695
2026-06-11 12:45:00+00:00,8213.5,8228.0,8209.5,8219.0,959
2026-06-11 13:00:00+00:00,8219.0,8219.0,8204.0,8211.0,714
2026-06-11 13:15:00+00:00,8211.5,8219.0,8211.0,8216.0,556
2026-06-11 13:30:00+00:00,8216.5,8233.0,8215.0,8221.0,1179
2026-06-11 13:45:00+00:00,8220.5,8253.0,8220.5,8244.5,1808
2026-06-11 14:00:00+00:00,8245.5,8255.0,8225.5,8228.5,863
2026-06-11 14:15:00+00:00,8228.0,8235.0,8221.0,8223.5,784
2026-06-11 14:30:00+00:00,8224.0,8229.0,8214.0,8226.5,799
2026-06-11 14:45:00+00:00,8227.0,8232.5,8200.5,8203.0,763
2026-06-11 15:00:00+00:00,8203.5,8226.5,8198.5,8224.0,1115
2026-06-11 15:15:00+00:00,8223.0,8227.0,8207.0,8207.5,1150
2026-06-11 15:30:00+00:00,8207.0,8222.0,8204.0,8207.5,2747
2026-06-11 15:45:00+00:00,8206.5,8211.5,8202.0,8209.0,284
2026-06-11 16:00:00+00:00,8212.0,8219.0,8210.0,8217.5,169
2026-06-11 16:15:00+00:00,8218.5,8219.0,8202.5,8204.5,348
2026-06-11 16:30:00+00:00,8203.5,8210.5,8199.0,8205.0,150
2026-06-11 16:45:00+00:00,8205.5,8205.5,8197.5,8198.5,119
2026-06-11 17:00:00+00:00,8199.0,8204.5,8193.0,8199.0,612
2026-06-11 17:15:00+00:00,8199.5,8255.5,8193.0,8254.5,1686
2026-06-11 17:30:00+00:00,8254.5,8332.0,8254.5,8330.0,2328
2026-06-11 17:45:00+00:00,8331.0,8332.0,8300.0,8308.0,734
2026-06-11 18:00:00+00:00,8308.5,8313.5,8289.0,8298.5,330
2026-06-11 18:15:00+00:00,8298.0,8303.5,8285.0,8291.0,557
2026-06-11 18:30:00+00:00,8291.5,8301.5,8289.5,8299.5,184
2026-06-11 18:45:00+00:00,8300.0,8309.5,8300.0,8303.0,159
2026-06-11 19:00:00+00:00,8305.5,8320.5,8305.0,8311.5,343
2026-06-11 19:15:00+00:00,8311.5,8321.0,8310.5,8319.0,306
2026-06-11 19:30:00+00:00,8320.0,8346.0,8320.0,8343.5,711
2026-06-11 19:45:00+00:00,8344.0,8344.0,8331.0,8339.0,906
2026-06-12 06:00:00+00:00,8313.5,8344.0,8313.0,8327.5,706
2026-06-12 06:15:00+00:00,8326.0,8340.5,8326.0,8338.0,281
2026-06-12 06:30:00+00:00,8337.5,8337.5,8317.0,8321.0,396
2026-06-12 06:45:00+00:00,8322.5,8324.5,8310.5,8318.5,549
2026-06-12 07:00:00+00:00,8318.5,8329.5,8313.5,8321.0,3347
2026-06-12 07:15:00+00:00,8321.5,8337.0,8316.0,8318.0,1194
2026-06-12 07:30:00+00:00,8318.5,8328.5,8312.0,8327.0,1115
2026-06-12 07:45:00+00:00,8328.0,8391.0,8327.0,8364.0,3046
2026-06-12 08:00:00+00:00,8364.5,8385.0,8359.5,8380.0,1484
2026-06-12 08:15:00+00:00,8381.5,8401.0,8377.0,8389.5,1363
2026-06-12 08:30:00+00:00,8391.5,8392.5,8369.0,8373.0,903
2026-06-12 08:45:00+00:00,8372.5,8378.0,8363.5,8371.0,924
2026-06-12 09:00:00+00:00,8371.5,8386.0,8370.0,8385.5,550
2026-06-12 09:15:00+00:00,8386.5,8399.5,8385.0,8396.0,738
2026-06-12 09:30:00+00:00,8396.0,8403.0,8391.0,8392.5,816
2026-06-12 09:45:00+00:00,8391.5,8391.5,8378.5,8379.0,909
2026-06-12 10:00:00+00:00,8378.5,8382.0,8359.0,8364.5,856
2026-06-12 10:15:00+00:00,8364.5,8365.0,8335.0,8338.5,1229
2026-06-12 10:30:00+00:00,8339.5,8353.0,8336.0,8350.5,1028
2026-06-12 10:45:00+00:00,8350.5,8359.0,8349.5,8352.5,598
2026-06-12 11:00:00+00:00,8353.5,8355.5,8347.0,8353.5,418
2026-06-12 11:15:00+00:00,8354.5,8359.5,8350.5,8358.0,416
2026-06-12 11:30:00+00:00,8358.0,8362.0,8349.0,8355.5,306
2026-06-12 11:45:00+00:00,8356.0,8359.0,8347.0,8348.0,444
2026-06-12 12:00:00+00:00,8348.5,8348.5,8332.0,8334.5,723
2026-06-12 12:15:00+00:00,8334.0,8336.0,8325.0,8325.5,689
2026-06-12 12:30:00+00:00,8325.0,8329.0,8319.0,8321.5,621
2026-06-12 12:45:00+00:00,8321.0,8324.5,8310.5,8317.5,790
2026-06-12 13:00:00+00:00,8317.5,8336.5,8316.5,8336.5,656
2026-06-12 13:15:00+00:00,8336.0,8350.5,8336.0,8346.0,737
2026-06-12 13:30:00+00:00,8346.0,8349.0,8306.0,8316.5,2027
2026-06-12 13:45:00+00:00,8317.5,8327.5,8309.5,8317.5,878
2026-06-12 14:00:00+00:00,8318.5,8332.5,8318.0,8325.5,966
2026-06-12 14:15:00+00:00,8326.0,8335.5,8322.0,8324.5,682
2026-06-12 14:30:00+00:00,8325.5,8333.5,8321.0,8322.5,1306
2026-06-12 14:45:00+00:00,8322.5,8358.5,8314.5,8354.0,1653
2026-06-12 15:00:00+00:00,8354.0,8361.0,8342.5,8356.5,872
2026-06-12 15:15:00+00:00,8357.0,8363.5,8345.5,8346.0,1723
2026-06-12 15:30:00+00:00,8345.5,8363.0,8341.0,8345.0,4289
2026-06-12 15:45:00+00:00,8344.5,8348.0,8329.0,8334.0,391
2026-06-12 16:00:00+00:00,8332.0,8359.0,8328.5,8345.5,1009
2026-06-12 16:15:00+00:00,8346.0,8354.5,8346.0,8350.5,216
2026-06-12 16:30:00+00:00,8350.5,8355.0,8346.5,8353.0,87
2026-06-12 16:45:00+00:00,8353.0,8356.5,8349.0,8351.5,107
2026-06-12 17:00:00+00:00,8353.5,8369.5,8353.5,8359.5,304
2026-06-12 17:15:00+00:00,8357.5,8364.5,8357.5,8361.0,82
2026-06-12 17:30:00+00:00,8359.5,8361.5,8356.0,8360.0,64
2026-06-12 17:45:00+00:00,8360.5,8364.5,8357.5,8360.0,157
2026-06-12 18:00:00+00:00,8360.5,8363.5,8357.0,8359.5,115
2026-06-12 18:15:00+00:00,8360.0,8360.5,8355.5,8359.0,116
2026-06-12 18:30:00+00:00,8359.5,8367.5,8359.5,8366.0,60
2026-06-12 18:45:00+00:00,8366.0,8367.0,8360.5,8360.5,63
2026-06-12 19:00:00+00:00,8360.0,8365.0,8359.5,8363.5,116
2026-06-12 19:15:00+00:00,8363.5,8368.5,8362.5,8367.0,71
2026-06-12 19:30:00+00:00,8367.5,8367.5,8359.5,8360.5,174
2026-06-12 19:45:00+00:00,8359.0,8365.5,8353.5,8353.5,308
2026-06-15 06:00:00+00:00,8469.0,8482.0,8461.5,8467.5,826
2026-06-15 06:15:00+00:00,8466.5,8480.0,8464.0,8474.0,202
2026-06-15 06:30:00+00:00,8474.0,8476.5,8466.5,8472.5,191
2026-06-15 06:45:00+00:00,8473.5,8477.5,8460.0,8475.0,340
2026-06-15 07:00:00+00:00,8475.0,8512.0,8460.0,8487.5,3657
2026-06-15 07:15:00+00:00,8486.5,8500.0,8472.0,8473.0,2026
2026-06-15 07:30:00+00:00,8474.0,8482.0,8461.0,8467.5,1720
2026-06-15 07:45:00+00:00,8468.0,8473.0,8460.0,8460.0,1655
2026-06-15 08:00:00+00:00,8460.5,8466.5,8444.5,8446.5,1519
2026-06-15 08:15:00+00:00,8446.0,8464.0,8443.5,8461.5,783
2026-06-15 08:30:00+00:00,8461.5,8461.5,8449.5,8454.5,665
2026-06-15 08:45:00+00:00,8455.0,8458.5,8443.5,8448.5,821
2026-06-15 09:00:00+00:00,8449.0,8453.0,8446.5,8448.0,859
2026-06-15 09:15:00+00:00,8448.5,8450.0,8433.5,8440.5,786
2026-06-15 09:30:00+00:00,8440.0,8445.0,8429.0,8429.0,546
2026-06-15 09:45:00+00:00,8430.0,8440.5,8429.5,8438.0,433
2026-06-15 10:00:00+00:00,8437.5,8448.0,8435.0,8445.5,480
2026-06-15 10:15:00+00:00,8446.0,8454.5,8445.5,8452.0,356
2026-06-15 10:30:00+00:00,8452.5,8453.0,8444.0,8448.5,443
2026-06-15 10:45:00+00:00,8448.5,8453.5,8444.5,8450.5,397
2026-06-15 11:00:00+00:00,8451.0,8455.5,8447.5,8454.5,388
2026-06-15 11:15:00+00:00,8455.5,8457.5,8452.0,8454.5,277
2026-06-15 11:30:00+00:00,8455.5,8460.0,8452.0,8453.0,359
2026-06-15 11:45:00+00:00,8453.5,8464.0,8452.0,8462.5,322
2026-06-15 12:00:00+00:00,8462.0,8466.0,8456.5,8460.0,457
2026-06-15 12:15:00+00:00,8460.0,8463.5,8453.5,8457.0,603
2026-06-15 12:30:00+00:00,8457.5,8458.5,8451.0,8452.0,456
2026-06-15 12:45:00+00:00,8452.5,8460.0,8452.0,8453.5,415
2026-06-15 13:00:00+00:00,8454.0,8455.5,8448.5,8449.0,388
2026-06-15 13:15:00+00:00,8449.5,8454.5,8446.5,8449.5,350
2026-06-15 13:30:00+00:00,8448.5,8449.0,8426.5,8430.5,966
2026-06-15 13:45:00+00:00,8430.0,8430.0,8408.0,8409.0,896
2026-06-15 14:00:00+00:00,8409.0,8417.0,8400.5,8411.5,869
2026-06-15 14:15:00+00:00,8412.5,8417.0,8406.5,8412.5,744
2026-06-15 14:30:00+00:00,8413.0,8418.0,8408.5,8416.0,647
2026-06-15 14:45:00+00:00,8415.5,8420.5,8408.5,8411.5,891
2026-06-15 15:00:00+00:00,8411.0,8414.0,8393.0,8396.0,1269
2026-06-15 15:15:00+00:00,8396.0,8403.5,8391.5,8399.0,2412
2026-06-15 15:30:00+00:00,8399.5,8407.0,8383.5,8400.5,3066
2026-06-15 15:45:00+00:00,8402.0,8406.0,8401.0,8401.0,396
2026-06-15 16:00:00+00:00,8400.5,8400.5,8392.0,8396.0,338
2026-06-15 16:15:00+00:00,8395.5,8396.0,8387.0,8390.5,217
2026-06-15 16:30:00+00:00,8391.0,8396.5,8390.5,8394.0,160
2026-06-15 16:45:00+00:00,8394.0,8395.5,8390.5,8394.5,221
2026-06-15 17:00:00+00:00,8393.5,8393.5,8385.0,8388.0,196
2026-06-15 17:15:00+00:00,8388.0,8392.5,8387.0,8391.0,91
2026-06-15 17:30:00+00:00,8391.5,8392.5,8385.5,8385.5,100
2026-06-15 17:45:00+00:00,8385.0,8391.0,8385.0,8391.0,172
2026-06-15 18:00:00+00:00,8390.5,8392.5,8386.0,8389.5,172
2026-06-15 18:15:00+00:00,8390.0,8390.5,8384.0,8384.0,140
2026-06-15 18:30:00+00:00,8383.5,8388.5,8380.5,8386.0,136
2026-06-15 18:45:00+00:00,8386.5,8387.5,8382.0,8383.0,128
2026-06-15 19:00:00+00:00,8383.5,8386.0,8380.5,8385.5,151
2026-06-15 19:15:00+00:00,8386.0,8387.0,8374.5,8375.0,317
2026-06-15 19:30:00+00:00,8374.5,8381.5,8373.5,8380.0,247
2026-06-15 19:45:00+00:00,8380.0,8388.0,8377.5,8385.0,565
2026-06-16 06:00:00+00:00,8387.5,8406.0,8384.0,8404.0,388
2026-06-16 06:15:00+00:00,8405.0,8408.0,8400.0,8402.0,77
2026-06-16 06:30:00+00:00,8405.0,8413.0,8384.0,8403.0,202
2026-06-16 06:45:00+00:00,8404.0,8413.5,8398.5,8410.5,128
2026-06-16 07:00:00+00:00,8411.0,8425.0,8407.0,8415.5,1304
2026-06-16 07:15:00+00:00,8416.0,8419.5,8405.0,8416.5,617
2026-06-16 07:30:00+00:00,8416.0,8416.5,8404.0,8406.0,636
2026-06-16 07:45:00+00:00,8407.0,8424.0,8406.5,8424.0,489
2026-06-16 08:00:00+00:00,8424.5,8440.0,8420.5,8439.0,621
2026-06-16 08:15:00+00:00,8440.0,8450.0,8437.0,8449.0,579
2026-06-16 08:30:00+00:00,8449.5,8451.5,8444.0,8451.0,620
2026-06-16 08:45:00+00:00,8451.0,8458.0,8447.5,8457.0,521
2026-06-16 09:00:00+00:00,8456.5,8460.0,8451.5,8453.0,487
2026-06-16 09:15:00+00:00,8454.0,8456.0,8448.0,8454.5,562
2026-06-16 09:30:00+00:00,8455.5,8460.5,8450.0,8452.0,498
2026-06-16 09:45:00+00:00,8451.5,8456.5,8449.5,8454.0,471
2026-06-16 10:00:00+00:00,8454.5,8456.5,8448.0,8448.5,392
2026-06-16 10:15:00+00:00,8449.0,8452.5,8434.0,8436.5,382
2026-06-16 10:30:00+00:00,8436.5,8450.0,8436.5,8449.0,321
2026-06-16 10:45:00+00:00,8449.5,8454.0,8446.5,8452.5,202
2026-06-16 11:00:00+00:00,8452.0,8454.5,8440.0,8442.5,389
2026-06-16 11:15:00+00:00,8442.5,8448.0,8439.5,8446.5,269
2026-06-16 11:30:00+00:00,8447.5,8449.5,8440.0,8449.0,261
2026-06-16 11:45:00+00:00,8449.5,8451.0,8446.0,8449.0,219
2026-06-16 12:00:00+00:00,8448.5,8456.5,8448.5,8455.5,342
2026-06-16 12:15:00+00:00,8454.5,8456.5,8445.5,8449.5,507
2026-06-16 12:30:00+00:00,8449.5,8453.0,8440.5,8441.5,410
2026-06-16 12:45:00+00:00,8442.0,8449.0,8442.0,8448.5,326
2026-06-16 13:00:00+00:00,8449.5,8449.5,8441.5,8446.5,372
2026-06-16 13:15:00+00:00,8447.5,8456.5,8444.0,8454.5,424
2026-06-16 13:30:00+00:00,8454.0,8456.5,8442.5,8446.5,731
2026-06-16 13:45:00+00:00,8445.5,8457.0,8442.5,8457.0,520
2026-06-16 14:00:00+00:00,8457.0,8461.5,8453.0,8459.5,820
2026-06-16 14:15:00+00:00,8458.5,8466.0,8457.0,8460.0,667
2026-06-16 14:30:00+00:00,8460.0,8465.0,8458.0,8458.5,499
2026-06-16 14:45:00+00:00,8458.5,8459.5,8451.0,8453.0,528
2026-06-16 15:00:00+00:00,8453.5,8453.5,8446.0,8450.5,638
2026-06-16 15:15:00+00:00,8450.0,8454.0,8446.5,8449.0,880
2026-06-16 15:30:00+00:00,8449.0,8455.5,8444.0,8450.5,2175
2026-06-16 15:45:00+00:00,8451.0,8463.5,8444.0,8457.5,684
2026-06-16 16:00:00+00:00,8458.0,8467.5,8455.0,8465.5,258
2026-06-16 16:15:00+00:00,8466.5,8466.5,8461.0,8461.5,102
2026-06-16 16:30:00+00:00,8461.5,8463.5,8459.5,8462.5,135
2026-06-16 16:45:00+00:00,8460.5,8461.0,8455.5,8458.0,86
2026-06-16 17:00:00+00:00,8456.0,8457.5,8454.0,8455.0,49
2026-06-16 17:15:00+00:00,8454.5,8454.5,8447.5,8450.0,85
2026-06-16 17:30:00+00:00,8450.0,8453.5,8448.0,8453.5,95
2026-06-16 17:45:00+00:00,8453.5,8454.0,8451.5,8454.0,62
2026-06-16 18:00:00+00:00,8454.0,8454.0,8450.0,8450.0,101
2026-06-16 18:15:00+00:00,8449.0,8455.0,8449.0,8452.0,31
2026-06-16 18:30:00+00:00,8450.5,8451.0,8446.5,8446.5,49
2026-06-16 18:45:00+00:00,8446.0,8446.0,8440.0,8441.5,80
2026-06-16 19:00:00+00:00,8440.5,8441.0,8432.0,8432.0,124
2026-06-16 19:15:00+00:00,8431.5,8436.5,8430.0,8433.5,69
2026-06-16 19:30:00+00:00,8431.0,8434.5,8430.0,8434.0,121
2026-06-16 19:45:00+00:00,8434.0,8440.5,8429.5,8429.5,406
2026-06-17 06:00:00+00:00,8454.5,8454.5,8446.5,8450.5,186
2026-06-17 06:15:00+00:00,8451.0,8452.5,8448.0,8450.0,40
2026-06-17 06:30:00+00:00,8451.0,8452.0,8445.5,8448.0,153
2026-06-17 06:45:00+00:00,8449.0,8457.0,8448.0,8450.0,139
2026-06-17 07:00:00+00:00,8449.5,8459.0,8428.0,8450.5,1403
2026-06-17 07:15:00+00:00,8449.5,8455.0,8445.0,8450.0,537
2026-06-17 07:30:00+00:00,8449.5,8461.5,8449.5,8458.0,457
2026-06-17 07:45:00+00:00,8458.0,8471.0,8458.0,8466.5,623
2026-06-17 08:00:00+00:00,8466.5,8471.5,8457.5,8458.5,543
2026-06-17 08:15:00+00:00,8459.0,8461.5,8453.5,8454.5,346
2026-06-17 08:30:00+00:00,8454.5,8456.0,8441.0,8448.5,512
2026-06-17 08:45:00+00:00,8447.5,8457.5,8447.5,8452.0,547
2026-06-17 09:00:00+00:00,8451.5,8462.0,8451.0,8461.5,386
2026-06-17 09:15:00+00:00,8461.5,8463.5,8454.0,8459.0,476
2026-06-17 09:30:00+00:00,8460.5,8466.0,8458.5,8464.5,298
2026-06-17 09:45:00+00:00,8465.5,8468.5,8460.5,8468.5,368
2026-06-17 10:00:00+00:00,8468.5,8469.0,8459.0,8465.0,398
2026-06-17 10:15:00+00:00,8466.0,8470.5,8462.5,8465.0,329
2026-06-17 10:30:00+00:00,8466.0,8474.0,8465.0,8473.5,296
2026-06-17 10:45:00+00:00,8473.5,8476.0,8468.0,8470.0,255
2026-06-17 11:00:00+00:00,8470.5,8479.0,8468.5,8477.5,522
2026-06-17 11:15:00+00:00,8476.5,8476.5,8467.0,8471.5,387
2026-06-17 11:30:00+00:00,8470.5,8471.0,8458.5,8462.0,379
2026-06-17 11:45:00+00:00,8462.5,8463.0,8454.0,8456.5,226
2026-06-17 12:00:00+00:00,8456.5,8460.0,8453.5,8454.0,250
2026-06-17 12:15:00+00:00,8454.0,8455.0,8449.5,8454.0,240
2026-06-17 12:30:00+00:00,8454.5,8466.0,8454.5,8465.5,339
2026-06-17 12:45:00+00:00,8465.0,8469.0,8460.0,8465.5,773
2026-06-17 13:00:00+00:00,8465.5,8471.0,8454.5,8455.0,363
2026-06-17 13:15:00+00:00,8454.0,8455.0,8443.0,8445.0,603
2026-06-17 13:30:00+00:00,8445.0,8458.0,8444.5,8449.5,436
2026-06-17 13:45:00+00:00,8450.0,8460.0,8447.5,8447.5,453
2026-06-17 14:00:00+00:00,8447.5,8448.0,8428.5,8432.0,863
2026-06-17 14:15:00+00:00,8432.0,8443.0,8431.5,8442.5,387
2026-06-17 14:30:00+00:00,8442.5,8446.5,8437.0,8445.5,328
2026-06-17 14:45:00+00:00,8445.0,8445.5,8407.0,8420.5,2138
2026-06-17 15:00:00+00:00,8420.5,8425.0,8417.0,8424.5,561
2026-06-17 15:15:00+00:00,8424.0,8436.0,8423.0,8436.0,1214
2026-06-17 15:30:00+00:00,8436.5,8447.5,8427.0,8438.5,2505
2026-06-17 15:45:00+00:00,8439.5,8441.5,8435.5,8438.5,248
2026-06-17 16:00:00+00:00,8438.5,8441.0,8436.5,8438.0,170
2026-06-17 16:15:00+00:00,8438.5,8438.5,8434.5,8436.5,107
2026-06-17 16:30:00+00:00,8436.5,8438.0,8429.5,8430.0,61
2026-06-17 16:45:00+00:00,8429.0,8431.5,8427.0,8431.0,137
2026-06-17 17:00:00+00:00,8431.0,8433.0,8416.0,8430.5,304
2026-06-17 17:15:00+00:00,8431.0,8431.0,8427.5,8428.0,62
2026-06-17 17:30:00+00:00,8427.5,8432.5,8426.0,8432.5,126
2026-06-17 17:45:00+00:00,8433.0,8440.5,8432.0,8436.5,103
2026-06-17 18:00:00+00:00,8437.0,8438.5,8399.5,8405.5,536
2026-06-17 18:15:00+00:00,8406.5,8420.0,8406.5,8418.5,192
2026-06-17 18:30:00+00:00,8416.5,8430.0,8406.0,8428.5,254
2026-06-17 18:45:00+00:00,8427.5,8435.5,8407.5,8413.0,119
2026-06-17 19:00:00+00:00,8414.0,8418.0,8397.0,8408.5,185
2026-06-17 19:15:00+00:00,8406.5,8406.5,8377.5,8378.0,154
2026-06-17 19:30:00+00:00,8377.0,8381.0,8360.5,8366.5,602
2026-06-17 19:45:00+00:00,8366.5,8378.5,8365.5,8368.0,544
2026-06-18 06:00:00+00:00,8395.5,8405.5,8394.0,8405.5,209
2026-06-18 06:15:00+00:00,8409.5,8417.5,8408.0,8412.5,55
2026-06-18 06:30:00+00:00,8415.0,8415.0,8405.0,8413.5,85
2026-06-18 06:45:00+00:00,8415.0,8433.5,8415.0,8433.5,219
2026-06-18 07:00:00+00:00,8432.0,8444.5,8417.5,8419.5,1307
2026-06-18 07:15:00+00:00,8418.5,8465.5,8417.0,8464.0,634
2026-06-18 07:30:00+00:00,8463.5,8470.5,8453.0,8453.0,612
2026-06-18 07:45:00+00:00,8453.0,8466.0,8448.0,8464.5,371
2026-06-18 08:00:00+00:00,8466.0,8471.0,8460.0,8462.5,448
2026-06-18 08:15:00+00:00,8463.0,8463.5,8438.5,8439.0,380
2026-06-18 08:30:00+00:00,8438.5,8442.5,8425.5,8425.5,446
2026-06-18 08:45:00+00:00,8425.5,8426.5,8409.5,8410.0,357
2026-06-18 09:00:00+00:00,8410.0,8435.0,8404.5,8434.5,409
2026-06-18 09:15:00+00:00,8435.5,8440.0,8434.5,8437.0,311
2026-06-18 09:30:00+00:00,8436.0,8441.5,8430.0,8435.0,107
2026-06-18 09:45:00+00:00,8436.5,8445.5,8434.0,8440.0,182
2026-06-18 10:00:00+00:00,8439.5,8440.0,8428.0,8439.5,425
2026-06-18 10:15:00+00:00,8439.5,8445.5,8437.5,8441.5,250
2026-06-18 10:30:00+00:00,8442.5,8445.5,8430.0,8430.5,175
2026-06-18 10:45:00+00:00,8430.5,8435.0,8420.5,8427.0,544
2026-06-18 11:00:00+00:00,8426.5,8430.0,8412.0,8416.5,404
2026-06-18 11:15:00+00:00,8417.5,8423.0,8410.5,8422.5,125
2026-06-18 11:30:00+00:00,8422.5,8425.0,8413.5,8422.5,81
2026-06-18 11:45:00+00:00,8420.0,8422.0,8415.0,8420.0,71
2026-06-18 12:00:00+00:00,8420.5,8433.0,8420.0,8432.5,175
2026-06-18 12:15:00+00:00,8432.0,8438.5,8431.0,8431.5,110
2026-06-18 12:30:00+00:00,8435.0,8442.5,8432.5,8438.5,118
2026-06-18 12:45:00+00:00,8438.5,8447.0,8436.0,8446.5,182
2026-06-18 13:00:00+00:00,8446.0,8448.5,8439.5,8442.5,244
2026-06-18 13:15:00+00:00,8442.5,8446.5,8440.0,8444.0,293
2026-06-18 13:30:00+00:00,8444.5,8453.0,8434.5,8445.0,460
2026-06-18 13:45:00+00:00,8444.0,8447.0,8438.0,8441.0,263
2026-06-18 14:00:00+00:00,8440.5,8449.5,8436.0,8448.5,223
2026-06-18 14:15:00+00:00,8448.0,8458.0,8446.5,8452.5,383
2026-06-18 14:30:00+00:00,8452.0,8457.5,8449.5,8455.5,667
2026-06-18 14:45:00+00:00,8455.0,8469.5,8455.0,8468.5,712
2026-06-18 15:00:00+00:00,8470.0,8471.0,8460.0,8461.5,460
2026-06-18 15:15:00+00:00,8461.5,8470.5,8453.5,8469.5,1222
2026-06-18 15:30:00+00:00,8468.5,8477.5,8455.0,8468.5,1411
2026-06-18 15:45:00+00:00,8470.0,8479.5,8465.5,8476.5,98
2026-06-18 16:00:00+00:00,8476.5,8483.5,8476.5,8483.5,45
2026-06-18 16:15:00+00:00,8483.0,8484.5,8482.0,8482.0,16
2026-06-18 16:30:00+00:00,8483.0,8483.0,8479.0,8482.5,16
2026-06-18 16:45:00+00:00,8482.0,8484.0,8476.5,8476.5,16
2026-06-18 17:00:00+00:00,8480.0,8484.0,8480.0,8484.0,12
2026-06-18 17:15:00+00:00,8483.0,8485.0,8482.5,8482.5,4
2026-06-18 17:30:00+00:00,8483.5,8484.5,8481.5,8484.5,9
2026-06-18 17:45:00+00:00,8484.0,8484.0,8481.0,8481.0,17
2026-06-18 18:00:00+00:00,8483.5,8484.5,8478.0,8478.0,9
2026-06-18 18:15:00+00:00,8477.5,8478.0,8477.5,8477.5,3
2026-06-18 18:30:00+00:00,8474.5,8476.5,8471.5,8471.5,37
2026-06-18 18:45:00+00:00,8472.0,8477.0,8469.0,8477.0,32
2026-06-18 19:00:00+00:00,8468.0,8468.5,8464.0,8466.0,28
2026-06-18 19:15:00+00:00,8463.5,8474.5,8463.0,8472.0,21
2026-06-18 19:30:00+00:00,8472.5,8478.0,8472.0,8478.0,7
2026-06-18 19:45:00+00:00,8479.0,8490.0,8470.5,8486.0,79
2026-06-19 06:00:00+00:00,8454.0,8465.5,8450.0,8460.5,478
2026-06-19 06:15:00+00:00,8460.5,8467.5,8456.5,8467.0,101
2026-06-19 06:30:00+00:00,8467.5,8478.5,8466.0,8476.0,179
2026-06-19 06:45:00+00:00,8475.0,8484.0,8472.5,8481.5,192
2026-06-19 07:00:00+00:00,8482.5,8507.0,8478.0,8496.0,1749
2026-06-19 07:15:00+00:00,8495.5,8501.5,8483.5,8491.0,572
2026-06-19 07:30:00+00:00,8492.0,8506.5,8486.5,8505.5,651
2026-06-19 07:45:00+00:00,8505.0,8509.5,8500.5,8507.5,552
2026-06-19 08:00:00+00:00,8508.0,8509.0,8497.5,8500.5,604
2026-06-19 08:15:00+00:00,8501.5,8507.0,8500.5,8505.0,483
2026-06-19 08:30:00+00:00,8505.0,8508.5,8497.5,8508.5,486
2026-06-19 08:45:00+00:00,8507.5,8519.5,8503.0,8503.0,655
2026-06-19 09:00:00+00:00,8503.5,8505.5,8491.0,8492.5,500
2026-06-19 09:15:00+00:00,8492.0,8495.0,8485.0,8487.5,493
2026-06-19 09:30:00+00:00,8487.5,8492.5,8481.5,8487.0,359
2026-06-19 09:45:00+00:00,8487.5,8495.0,8484.0,8485.0,993
2026-06-19 10:00:00+00:00,8485.5,8493.5,8482.0,8484.0,527
2026-06-19 10:15:00+00:00,8483.0,8487.0,8476.0,8476.5,426
2026-06-19 10:30:00+00:00,8477.5,8477.5,8461.0,8473.0,347
2026-06-19 10:45:00+00:00,8473.5,8480.5,8469.5,8471.5,272
2026-06-19 11:00:00+00:00,8471.5,8474.0,8463.5,8464.5,544
2026-06-19 11:15:00+00:00,8464.5,8467.5,8455.5,8455.5,347
2026-06-19 11:30:00+00:00,8455.5,8459.5,8452.5,8458.5,266
2026-06-19 11:45:00+00:00,8457.5,8461.0,8449.5,8456.5,241
2026-06-19 12:00:00+00:00,8456.0,8457.0,8443.0,8443.0,414
2026-06-19 12:15:00+00:00,8442.0,8450.0,8438.5,8446.0,287
2026-06-19 12:30:00+00:00,8446.0,8449.0,8434.0,8445.0,759
2026-06-19 12:45:00+00:00,8445.0,8469.5,8441.0,8467.5,626
2026-06-19 13:00:00+00:00,8468.5,8474.0,8457.0,8457.5,500
2026-06-19 13:15:00+00:00,8458.0,8461.5,8450.5,8460.5,320
2026-06-19 13:30:00+00:00,8460.5,8460.5,8450.0,8458.0,1249
2026-06-19 13:45:00+00:00,8458.5,8467.0,8456.0,8463.0,2035
2026-06-19 14:00:00+00:00,8463.0,8463.0,8456.0,8457.0,517
2026-06-19 14:15:00+00:00,8457.5,8459.0,8448.0,8452.0,531
2026-06-19 14:30:00+00:00,8451.0,8455.5,8444.5,8448.0,416
2026-06-19 14:45:00+00:00,8448.5,8450.0,8442.0,8443.5,586
2026-06-19 15:00:00+00:00,8444.5,8457.5,8442.5,8451.5,839
2026-06-19 15:15:00+00:00,8451.0,8451.0,8434.0,8435.0,1822
2026-06-19 15:30:00+00:00,8435.0,8442.0,8427.5,8434.5,3414
2026-06-19 15:45:00+00:00,8435.5,8446.5,8432.0,8444.0,569
2026-06-19 16:00:00+00:00,8443.5,8445.5,8441.0,8442.0,95
2026-06-19 16:15:00+00:00,8442.0,8452.0,8441.0,8452.0,133
2026-06-19 16:30:00+00:00,8452.5,8453.0,8442.0,8447.0,115
2026-06-19 16:45:00+00:00,8444.0,8444.0,8424.0,8426.5,239
2026-06-19 17:00:00+00:00,8428.0,8436.0,8426.0,8434.5,32
2026-06-19 17:15:00+00:00,8433.5,8434.0,8432.0,8432.0,8
2026-06-19 17:30:00+00:00,8432.0,8433.0,8432.0,8432.0,3
2026-06-19 17:45:00+00:00,8432.5,8434.5,8432.5,8433.5,7
2026-06-19 18:00:00+00:00,8433.5,8435.0,8433.5,8435.0,5
2026-06-19 18:15:00+00:00,8436.0,8436.0,8431.0,8431.0,9
2026-06-19 18:30:00+00:00,8431.0,8432.0,8428.5,8432.0,23
2026-06-19 18:45:00+00:00,8429.5,8431.0,8428.0,8428.0,21
2026-06-19 19:00:00+00:00,8430.0,8431.0,8428.5,8429.5,12
2026-06-19 19:15:00+00:00,8431.0,8435.0,8430.5,8435.0,39
2026-06-19 19:30:00+00:00,8432.0,8432.0,8428.5,8429.0,6
2026-06-19 19:45:00+00:00,8430.5,8438.5,8427.0,8437.5,154
2026-06-22 06:00:00+00:00,8441.0,8449.0,8440.0,8445.5,239
2026-06-22 06:15:00+00:00,8444.0,8456.0,8444.0,8455.0,101
2026-06-22 06:30:00+00:00,8454.0,8458.0,8450.0,8457.5,95
2026-06-22 06:45:00+00:00,8457.5,8465.0,8448.0,8448.0,304
2026-06-22 07:00:00+00:00,8449.0,8453.5,8409.0,8415.0,2274
2026-06-22 07:15:00+00:00,8416.5,8435.0,8416.5,8431.5,859
2026-06-22 07:30:00+00:00,8431.0,8432.0,8406.5,8411.0,773
2026-06-22 07:45:00+00:00,8411.0,8418.5,8407.5,8413.5,798
2026-06-22 08:00:00+00:00,8414.0,8414.5,8402.0,8407.0,822
2026-06-22 08:15:00+00:00,8407.5,8409.0,8397.5,8398.0,826
2026-06-22 08:30:00+00:00,8399.0,8399.5,8390.5,8398.5,685
2026-06-22 08:45:00+00:00,8399.0,8399.5,8389.5,8393.0,674
2026-06-22 09:00:00+00:00,8393.5,8395.5,8388.0,8395.0,769
2026-06-22 09:15:00+00:00,8395.5,8398.0,8385.0,8390.5,708
2026-06-22 09:30:00+00:00,8389.5,8396.0,8379.0,8379.5,358
2026-06-22 09:45:00+00:00,8380.5,8386.5,8363.5,8365.0,740
2026-06-22 10:00:00+00:00,8365.0,8375.0,8361.5,8366.0,879
2026-06-22 10:15:00+00:00,8366.0,8368.0,8362.5,8366.0,383
2026-06-22 10:30:00+00:00,8366.5,8377.0,8364.0,8372.0,367
2026-06-22 10:45:00+00:00,8372.0,8378.0,8366.0,8374.0,305
2026-06-22 11:00:00+00:00,8374.5,8397.5,8374.0,8389.0,687
2026-06-22 11:15:00+00:00,8389.0,8390.0,8379.5,8387.5,247
2026-06-22 11:30:00+00:00,8387.5,8394.0,8386.0,8392.5,220
2026-06-22 11:45:00+00:00,8393.5,8398.0,8386.0,8393.5,282
2026-06-22 12:00:00+00:00,8394.0,8396.5,8388.0,8395.5,289
2026-06-22 12:15:00+00:00,8395.0,8401.0,8391.5,8395.0,500
2026-06-22 12:30:00+00:00,8395.0,8400.0,8390.0,8391.0,332
2026-06-22 12:45:00+00:00,8391.0,8391.0,8384.5,8385.0,372
2026-06-22 13:00:00+00:00,8385.5,8405.0,8385.0,8398.5,1454
2026-06-22 13:15:00+00:00,8399.0,8408.0,8396.0,8406.0,340
2026-06-22 13:30:00+00:00,8406.0,8417.0,8399.5,8403.0,700
2026-06-22 13:45:00+00:00,8404.0,8411.0,8398.0,8409.5,916
2026-06-22 14:00:00+00:00,8409.5,8410.0,8400.0,8406.5,524
2026-06-22 14:15:00+00:00,8406.5,8406.5,8394.5,8403.5,476
2026-06-22 14:30:00+00:00,8404.0,8405.5,8399.5,8404.5,515
2026-06-22 14:45:00+00:00,8404.5,8412.5,8402.5,8410.0,771
2026-06-22 15:00:00+00:00,8410.5,8420.5,8406.5,8414.0,803
2026-06-22 15:15:00+00:00,8413.5,8422.0,8407.0,8421.5,1457
2026-06-22 15:30:00+00:00,8421.5,8425.0,8407.0,8419.5,2649
2026-06-22 15:45:00+00:00,8419.5,8422.5,8411.5,8413.0,415
2026-06-22 16:00:00+00:00,8413.0,8413.0,8404.5,8412.5,392
2026-06-22 16:15:00+00:00,8413.0,8413.5,8404.0,8407.0,213
2026-06-22 16:30:00+00:00,8407.5,8412.5,8407.5,8409.5,95
2026-06-22 16:45:00+00:00,8409.5,8415.5,8406.5,8413.0,205
2026-06-22 17:00:00+00:00,8413.0,8413.0,8408.5,8410.0,49
2026-06-22 17:15:00+00:00,8410.5,8413.5,8409.0,8411.0,75
2026-06-22 17:30:00+00:00,8410.0,8410.5,8405.5,8406.5,125
2026-06-22 17:45:00+00:00,8407.0,8408.0,8404.0,8405.5,80
2026-06-22 18:00:00+00:00,8406.5,8411.5,8406.0,8411.0,38
2026-06-22 18:15:00+00:00,8412.0,8418.0,8411.0,8413.0,74
2026-06-22 18:30:00+00:00,8413.5,8415.5,8408.0,8409.0,121
2026-06-22 18:45:00+00:00,8408.5,8412.0,8406.0,8406.0,50
2026-06-22 19:00:00+00:00,8407.5,8409.5,8405.0,8408.0,58
2026-06-22 19:15:00+00:00,8409.0,8411.5,8405.5,8405.5,86
2026-06-22 19:30:00+00:00,8405.0,8408.0,8402.5,8402.5,108
2026-06-22 19:45:00+00:00,8403.0,8409.5,8401.5,8407.0,495
2026-06-23 06:00:00+00:00,8341.5,8362.5,8336.0,8342.0,557
2026-06-23 06:15:00+00:00,8341.5,8350.5,8339.0,8340.5,526
2026-06-23 06:30:00+00:00,8340.5,8353.0,8335.0,8339.0,164
2026-06-23 06:45:00+00:00,8337.5,8345.5,8337.5,8345.0,205
2026-06-23 07:00:00+00:00,8345.5,8356.0,8320.0,8345.0,2920
2026-06-23 07:15:00+00:00,8343.0,8347.0,8325.5,8337.0,1180
2026-06-23 07:30:00+00:00,8336.0,8351.0,8333.0,8339.0,703
2026-06-23 07:45:00+00:00,8339.0,8344.0,8317.5,8322.5,741
2026-06-23 08:00:00+00:00,8321.5,8322.5,8311.0,8320.5,959
2026-06-23 08:15:00+00:00,8320.5,8327.5,8311.5,8316.0,674
2026-06-23 08:30:00+00:00,8316.0,8335.5,8313.0,8328.5,639
2026-06-23 08:45:00+00:00,8328.0,8329.5,8319.5,8329.5,535
2026-06-23 09:00:00+00:00,8330.5,8338.0,8329.0,8337.5,552
2026-06-23 09:15:00+00:00,8337.5,8348.0,8331.5,8346.0,403
2026-06-23 09:30:00+00:00,8346.0,8346.0,8332.0,8342.5,555
2026-06-23 09:45:00+00:00,8341.0,8352.0,8339.5,8352.0,399
2026-06-23 10:00:00+00:00,8351.0,8361.0,8351.0,8357.0,504
2026-06-23 10:15:00+00:00,8356.5,8366.5,8355.5,8356.0,524
2026-06-23 10:30:00+00:00,8356.0,8356.0,8341.0,8344.0,329
2026-06-23 10:45:00+00:00,8344.0,8349.5,8340.5,8343.5,304
2026-06-23 11:00:00+00:00,8342.5,8353.0,8340.5,8348.0,357
2026-06-23 11:15:00+00:00,8347.5,8362.5,8338.0,8350.5,863
2026-06-23 11:30:00+00:00,8349.5,8358.5,8345.0,8358.0,271
2026-06-23 11:45:00+00:00,8358.5,8358.5,8351.0,8351.5,329
2026-06-23 12:00:00+00:00,8350.5,8358.0,8348.5,8357.0,280
2026-06-23 12:15:00+00:00,8356.5,8358.5,8346.5,8352.0,482
2026-06-23 12:30:00+00:00,8352.5,8362.5,8346.0,8362.0,552
2026-06-23 12:45:00+00:00,8362.0,8362.0,8348.0,8352.0,492
2026-06-23 13:00:00+00:00,8352.0,8352.5,8339.5,8340.5,598
2026-06-23 13:15:00+00:00,8340.5,8345.0,8333.5,8341.0,559
2026-06-23 13:30:00+00:00,8341.0,8363.0,8337.5,8358.5,909
2026-06-23 13:45:00+00:00,8358.5,8378.0,8354.5,8376.0,826
2026-06-23 14:00:00+00:00,8375.5,8381.5,8369.5,8381.0,861
2026-06-23 14:15:00+00:00,8381.0,8388.0,8379.0,8384.0,816
2026-06-23 14:30:00+00:00,8383.5,8385.0,8369.0,8371.0,633
2026-06-23 14:45:00+00:00,8371.0,8376.0,8365.5,8374.0,886
2026-06-23 15:00:00+00:00,8374.5,8382.5,8372.0,8382.5,642
2026-06-23 15:15:00+00:00,8383.5,8383.5,8369.0,8373.5,1291
2026-06-23 15:30:00+00:00,8373.0,8376.0,8345.5,8351.5,3307
2026-06-23 15:45:00+00:00,8352.5,8361.0,8350.0,8360.0,158
2026-06-23 16:00:00+00:00,8361.0,8374.0,8361.0,8372.5,110
2026-06-23 16:15:00+00:00,8373.5,8373.5,8364.0,8369.0,185
2026-06-23 16:30:00+00:00,8369.0,8377.0,8368.5,8376.0,96
2026-06-23 16:45:00+00:00,8374.0,8377.5,8373.5,8376.0,146
2026-06-23 17:00:00+00:00,8376.0,8378.0,8370.0,8374.0,65
2026-06-23 17:15:00+00:00,8374.5,8379.0,8371.5,8375.0,122
2026-06-23 17:30:00+00:00,8375.0,8378.5,8372.5,8374.0,45
2026-06-23 17:45:00+00:00,8372.0,8374.5,8365.0,8366.0,76
2026-06-23 18:00:00+00:00,8365.0,8368.0,8358.0,8361.5,112
2026-06-23 18:15:00+00:00,8362.0,8363.0,8357.5,8359.0,61
2026-06-23 18:30:00+00:00,8357.5,8359.0,8349.5,8349.5,116
2026-06-23 18:45:00+00:00,8350.0,8354.0,8347.5,8352.0,200
2026-06-23 19:00:00+00:00,8351.5,8364.5,8350.5,8356.5,142
2026-06-23 19:15:00+00:00,8356.0,8360.0,8352.5,8359.0,105
2026-06-23 19:30:00+00:00,8360.0,8360.0,8354.0,8357.5,87
2026-06-23 19:45:00+00:00,8358.0,8358.5,8345.5,8349.5,331
2026-06-24 06:00:00+00:00,8362.5,8362.5,8315.0,8340.5,894
2026-06-24 06:15:00+00:00,8340.5,8347.0,8339.0,8344.0,198
2026-06-24 06:30:00+00:00,8345.0,8358.0,8345.0,8352.0,150
2026-06-24 06:45:00+00:00,8350.5,8356.5,8347.5,8353.0,235
2026-06-24 07:00:00+00:00,8352.5,8369.0,8350.0,8366.5,2665
2026-06-24 07:15:00+00:00,8368.0,8377.5,8355.0,8357.0,1013
2026-06-24 07:30:00+00:00,8357.5,8361.0,8340.0,8352.5,1241
2026-06-24 07:45:00+00:00,8352.0,8362.5,8341.5,8343.0,866
2026-06-24 08:00:00+00:00,8343.0,8364.5,8342.5,8364.5,497
2026-06-24 08:15:00+00:00,8365.0,8368.0,8351.5,8358.0,542
2026-06-24 08:30:00+00:00,8358.0,8362.5,8354.5,8362.5,436
2026-06-24 08:45:00+00:00,8363.0,8364.0,8354.5,8363.5,470
2026-06-24 09:00:00+00:00,8364.0,8371.0,8362.5,8370.5,499
2026-06-24 09:15:00+00:00,8370.5,8381.5,8361.5,8373.5,447
2026-06-24 09:30:00+00:00,8373.5,8375.5,8359.0,8359.0,393
2026-06-24 09:45:00+00:00,8359.0,8366.0,8355.0,8364.0,310
2026-06-24 10:00:00+00:00,8364.0,8367.0,8356.0,8362.5,261
2026-06-24 10:15:00+00:00,8363.5,8371.0,8362.5,8371.0,246
2026-06-24 10:30:00+00:00,8371.0,8371.5,8360.0,8367.0,305
2026-06-24 10:45:00+00:00,8367.5,8369.0,8357.5,8360.0,341
2026-06-24 11:00:00+00:00,8360.5,8373.5,8360.5,8367.5,429
2026-06-24 11:15:00+00:00,8367.0,8372.0,8362.0,8370.5,552
2026-06-24 11:30:00+00:00,8371.0,8375.5,8365.5,8366.5,347
2026-06-24 11:45:00+00:00,8367.5,8381.0,8367.5,8377.5,558
2026-06-24 12:00:00+00:00,8378.0,8382.5,8372.5,8381.5,466
2026-06-24 12:15:00+00:00,8382.0,8389.5,8381.0,8385.0,483
2026-06-24 12:30:00+00:00,8386.0,8387.5,8378.5,8380.0,328
2026-06-24 12:45:00+00:00,8380.5,8383.0,8374.0,8379.5,399
2026-06-24 13:00:00+00:00,8380.0,8386.0,8377.0,8378.5,520
2026-06-24 13:15:00+00:00,8379.0,8386.0,8374.5,8384.5,689
2026-06-24 13:30:00+00:00,8384.0,8386.0,8367.5,8378.0,1726
2026-06-24 13:45:00+00:00,8377.5,8400.5,8368.5,8400.5,1536
2026-06-24 14:00:00+00:00,8401.0,8405.0,8386.0,8388.5,1151
2026-06-24 14:15:00+00:00,8387.5,8397.0,8384.0,8393.0,655
2026-06-24 14:30:00+00:00,8393.5,8397.5,8390.5,8396.0,767
2026-06-24 14:45:00+00:00,8396.5,8400.5,8389.0,8396.0,652
2026-06-24 15:00:00+00:00,8396.0,8396.5,8379.5,8385.5,586
2026-06-24 15:15:00+00:00,8385.5,8396.5,8384.0,8396.5,965
2026-06-24 15:30:00+00:00,8396.5,8408.5,8387.5,8403.0,2367
2026-06-24 15:45:00+00:00,8403.5,8407.0,8399.5,8406.0,174
2026-06-24 16:00:00+00:00,8404.0,8407.5,8401.5,8403.0,117
2026-06-24 16:15:00+00:00,8403.0,8409.0,8402.5,8406.0,105
2026-06-24 16:30:00+00:00,8405.5,8407.0,8389.0,8395.5,134
2026-06-24 16:45:00+00:00,8395.0,8396.0,8383.5,8384.0,141
2026-06-24 17:00:00+00:00,8383.5,8389.0,8381.5,8385.0,95
2026-06-24 17:15:00+00:00,8386.5,8388.5,8373.0,8373.0,209
2026-06-24 17:30:00+00:00,8373.0,8376.0,8366.5,8373.0,170
2026-06-24 17:45:00+00:00,8374.5,8379.0,8370.0,8372.0,57
2026-06-24 18:00:00+00:00,8371.0,8375.0,8369.5,8371.5,95
2026-06-24 18:15:00+00:00,8373.5,8386.5,8373.5,8386.0,85
2026-06-24 18:30:00+00:00,8386.0,8387.5,8378.5,8379.0,71
2026-06-24 18:45:00+00:00,8379.0,8379.0,8366.5,8374.5,118
2026-06-24 19:00:00+00:00,8373.0,8378.5,8364.0,8369.0,65
2026-06-24 19:15:00+00:00,8367.5,8375.5,8365.5,8374.0,72
2026-06-24 19:30:00+00:00,8374.0,8375.5,8368.0,8372.0,147
2026-06-24 19:45:00+00:00,8372.0,8389.5,8370.5,8384.0,283
2026-06-25 06:00:00+00:00,8391.5,8400.0,8385.0,8397.5,564
2026-06-25 06:15:00+00:00,8396.0,8402.0,8393.5,8396.5,111
2026-06-25 06:30:00+00:00,8394.5,8401.5,8394.5,8400.0,101
2026-06-25 06:45:00+00:00,8399.5,8402.0,8389.5,8398.5,217
2026-06-25 07:00:00+00:00,8398.0,8399.5,8379.5,8393.0,1872
2026-06-25 07:15:00+00:00,8392.5,8403.0,8389.5,8392.0,945
2026-06-25 07:30:00+00:00,8394.0,8402.0,8394.0,8395.5,554
2026-06-25 07:45:00+00:00,8394.5,8405.5,8392.0,8402.5,560
2026-06-25 08:00:00+00:00,8402.0,8411.5,8397.5,8408.0,813
2026-06-25 08:15:00+00:00,8408.0,8411.5,8397.5,8410.5,765
2026-06-25 08:30:00+00:00,8410.5,8427.5,8410.5,8417.5,741
2026-06-25 08:45:00+00:00,8418.5,8421.0,8407.5,8410.5,801
2026-06-25 09:00:00+00:00,8410.5,8427.5,8410.5,8427.0,716
2026-06-25 09:15:00+00:00,8427.0,8428.5,8419.0,8424.5,816
2026-06-25 09:30:00+00:00,8424.5,8429.5,8422.0,8424.5,670
2026-06-25 09:45:00+00:00,8425.0,8431.5,8423.0,8431.5,505
2026-06-25 10:00:00+00:00,8431.5,8437.5,8426.5,8431.0,555
2026-06-25 10:15:00+00:00,8430.5,8439.5,8430.5,8438.0,706
2026-06-25 10:30:00+00:00,8437.5,8439.0,8431.5,8431.5,563
2026-06-25 10:45:00+00:00,8432.0,8438.0,8430.5,8435.5,552
2026-06-25 11:00:00+00:00,8435.5,8442.0,8435.0,8438.0,333
2026-06-25 11:15:00+00:00,8438.0,8439.0,8432.0,8436.5,188
2026-06-25 11:30:00+00:00,8436.0,8442.0,8434.0,8439.5,209
2026-06-25 11:45:00+00:00,8440.0,8443.0,8437.0,8437.0,282
2026-06-25 12:00:00+00:00,8437.0,8442.5,8434.0,8440.0,600
2026-06-25 12:15:00+00:00,8439.5,8445.0,8434.0,8434.0,745
2026-06-25 12:30:00+00:00,8435.5,8450.5,8435.5,8445.5,567
2026-06-25 12:45:00+00:00,8446.5,8453.0,8445.5,8447.0,470
2026-06-25 13:00:00+00:00,8447.0,8447.5,8438.5,8440.5,366
2026-06-25 13:15:00+00:00,8440.5,8441.0,8431.5,8440.0,438
2026-06-25 13:30:00+00:00,8439.5,8453.5,8438.0,8439.0,953
2026-06-25 13:45:00+00:00,8439.0,8440.5,8426.0,8431.5,1206
2026-06-25 14:00:00+00:00,8432.0,8454.0,8432.0,8446.0,1575
2026-06-25 14:15:00+00:00,8446.0,8460.0,8440.5,8453.0,782
2026-06-25 14:30:00+00:00,8453.5,8458.5,8448.5,8449.0,590
2026-06-25 14:45:00+00:00,8449.5,8455.0,8441.5,8449.5,906
2026-06-25 15:00:00+00:00,8449.5,8452.5,8428.5,8430.0,1146
2026-06-25 15:15:00+00:00,8429.0,8441.5,8421.5,8435.5,2094
2026-06-25 15:30:00+00:00,8435.0,8446.5,8430.0,8444.0,2814
2026-06-25 15:45:00+00:00,8444.0,8452.0,8442.5,8442.5,325
2026-06-25 16:00:00+00:00,8442.0,8452.0,8442.0,8450.5,177
2026-06-25 16:15:00+00:00,8451.0,8455.5,8446.5,8449.0,168
2026-06-25 16:30:00+00:00,8448.0,8448.0,8434.5,8435.5,115
2026-06-25 16:45:00+00:00,8435.0,8440.0,8430.5,8434.5,80
2026-06-25 17:00:00+00:00,8435.0,8441.5,8434.5,8439.0,56
2026-06-25 17:15:00+00:00,8439.5,8445.0,8435.0,8440.5,83
2026-06-25 17:30:00+00:00,8441.5,8445.0,8438.0,8439.0,37
2026-06-25 17:45:00+00:00,8438.0,8441.5,8432.5,8441.0,71
2026-06-25 18:00:00+00:00,8440.5,8441.5,8426.0,8430.0,162
2026-06-25 18:15:00+00:00,8429.5,8442.0,8429.5,8441.5,58
2026-06-25 18:30:00+00:00,8438.5,8438.5,8431.0,8433.5,105
2026-06-25 18:45:00+00:00,8432.5,8435.5,8428.0,8432.0,42
2026-06-25 19:00:00+00:00,8430.0,8431.5,8426.0,8427.0,121
2026-06-25 19:15:00+00:00,8426.5,8430.0,8422.0,8429.5,98
2026-06-25 19:30:00+00:00,8429.0,8430.0,8425.5,8428.0,126
2026-06-25 19:45:00+00:00,8428.5,8428.5,8417.0,8423.5,373
2026-06-26 06:00:00+00:00,8389.0,8398.5,8386.5,8395.0,504
2026-06-26 06:15:00+00:00,8398.0,8407.0,8396.5,8405.5,83
2026-06-26 06:30:00+00:00,8407.0,8415.0,8404.0,8415.0,126
2026-06-26 06:45:00+00:00,8416.0,8424.5,8411.0,8411.0,205
2026-06-26 07:00:00+00:00,8411.0,8428.5,8410.0,8423.0,1703
2026-06-26 07:15:00+00:00,8423.0,8428.5,8409.0,8420.0,766
2026-06-26 07:30:00+00:00,8421.0,8426.5,8405.0,8405.0,540
2026-06-26 07:45:00+00:00,8404.5,8411.5,8400.5,8410.5,451
2026-06-26 08:00:00+00:00,8411.0,8415.5,8401.5,8402.0,449
2026-06-26 08:15:00+00:00,8403.5,8411.0,8399.0,8410.0,371
2026-06-26 08:30:00+00:00,8408.0,8410.0,8399.0,8400.5,442
2026-06-26 08:45:00+00:00,8401.0,8403.5,8393.0,8401.0,558
2026-06-26 09:00:00+00:00,8399.5,8403.0,8391.0,8400.0,525
2026-06-26 09:15:00+00:00,8400.0,8400.0,8386.5,8392.0,925
2026-06-26 09:30:00+00:00,8391.0,8397.5,8385.0,8394.0,471
2026-06-26 09:45:00+00:00,8394.0,8399.5,8387.5,8393.0,497
2026-06-26 10:00:00+00:00,8391.0,8392.0,8382.0,8388.0,440
2026-06-26 10:15:00+00:00,8387.5,8389.0,8377.5,8385.0,370
2026-06-26 10:30:00+00:00,8384.0,8387.0,8380.0,8381.5,311
2026-06-26 10:45:00+00:00,8381.0,8386.5,8375.0,8378.0,230
2026-06-26 11:00:00+00:00,8378.0,8386.5,8377.0,8380.0,302
2026-06-26 11:15:00+00:00,8379.5,8379.5,8367.5,8370.0,397
2026-06-26 11:30:00+00:00,8370.5,8370.5,8360.0,8362.0,493
2026-06-26 11:45:00+00:00,8362.0,8370.0,8361.5,8367.5,269
2026-06-26 12:00:00+00:00,8366.0,8372.5,8362.5,8369.0,274
2026-06-26 12:15:00+00:00,8371.5,8383.0,8370.0,8379.0,507
2026-06-26 12:30:00+00:00,8379.5,8382.0,8369.5,8369.5,279
2026-06-26 12:45:00+00:00,8370.5,8373.0,8362.0,8368.0,308
2026-06-26 13:00:00+00:00,8369.0,8372.0,8363.0,8368.0,317
2026-06-26 13:15:00+00:00,8368.0,8368.0,8347.5,8361.0,763
2026-06-26 13:30:00+00:00,8360.5,8368.0,8355.5,8362.0,621
2026-06-26 13:45:00+00:00,8362.5,8376.0,8360.5,8374.0,613
2026-06-26 14:00:00+00:00,8373.5,8384.0,8370.5,8379.5,931
2026-06-26 14:15:00+00:00,8380.0,8383.0,8373.0,8378.0,435
2026-06-26 14:30:00+00:00,8378.5,8379.5,8364.5,8364.5,620
2026-06-26 14:45:00+00:00,8363.5,8367.0,8356.5,8362.0,535
2026-06-26 15:00:00+00:00,8362.0,8374.5,8362.0,8369.5,521
2026-06-26 15:15:00+00:00,8370.0,8394.0,8368.5,8393.0,961
2026-06-26 15:30:00+00:00,8393.5,8405.0,8386.5,8403.0,2345
2026-06-26 15:45:00+00:00,8402.0,8403.5,8386.5,8393.5,477
2026-06-26 16:00:00+00:00,8395.0,8398.0,8385.5,8389.0,119
2026-06-26 16:15:00+00:00,8389.5,8390.0,8364.5,8378.0,402
2026-06-26 16:30:00+00:00,8378.0,8382.5,8374.5,8374.5,71
2026-06-26 16:45:00+00:00,8374.5,8384.0,8374.5,8378.5,99
2026-06-26 17:00:00+00:00,8376.5,8388.0,8376.5,8386.5,74
2026-06-26 17:15:00+00:00,8386.0,8386.5,8380.0,8384.5,53
2026-06-26 17:30:00+00:00,8382.5,8385.0,8377.0,8379.5,94
2026-06-26 17:45:00+00:00,8380.0,8381.0,8372.0,8372.5,158
2026-06-26 18:00:00+00:00,8372.5,8377.5,8369.0,8370.0,200
2026-06-26 18:15:00+00:00,8370.5,8371.0,8360.5,8362.0,228
2026-06-26 18:30:00+00:00,8362.5,8363.5,8355.0,8360.5,160
2026-06-26 18:45:00+00:00,8359.5,8359.5,8349.5,8354.0,168
2026-06-26 19:00:00+00:00,8352.5,8361.0,8347.5,8361.0,191
2026-06-26 19:15:00+00:00,8360.5,8364.0,8355.5,8360.0,215
2026-06-26 19:30:00+00:00,8360.0,8360.0,8352.0,8359.5,190
2026-06-26 19:45:00+00:00,8359.5,8366.5,8355.5,8360.5,531
2026-06-29 06:00:00+00:00,8400.5,8401.0,8380.5,8387.0,327
2026-06-29 06:15:00+00:00,8387.0,8395.0,8387.0,8393.0,136
2026-06-29 06:30:00+00:00,8390.5,8391.0,8383.5,8383.5,42
2026-06-29 06:45:00+00:00,8384.5,8393.0,8379.5,8393.0,316
2026-06-29 07:00:00+00:00,8387.0,8392.0,8361.5,8368.5,3530
2026-06-29 07:15:00+00:00,8368.5,8379.5,8362.5,8376.0,1068
2026-06-29 07:30:00+00:00,8376.5,8381.5,8373.0,8377.0,817
2026-06-29 07:45:00+00:00,8376.0,8377.0,8366.5,8371.5,491
2026-06-29 08:00:00+00:00,8372.0,8379.0,8367.5,8378.5,537
2026-06-29 08:15:00+00:00,8379.0,8380.0,8362.0,8362.5,696
2026-06-29 08:30:00+00:00,8362.5,8365.5,8347.0,8349.5,1017
2026-06-29 08:45:00+00:00,8349.5,8356.5,8347.5,8348.5,608
2026-06-29 09:00:00+00:00,8349.0,8358.5,8348.0,8356.5,446
2026-06-29 09:15:00+00:00,8356.0,8364.5,8354.0,8364.5,364
2026-06-29 09:30:00+00:00,8365.0,8365.5,8354.0,8355.0,315
2026-06-29 09:45:00+00:00,8355.5,8355.5,8347.5,8352.0,426
2026-06-29 10:00:00+00:00,8353.0,8354.5,8348.0,8351.0,331
2026-06-29 10:15:00+00:00,8350.5,8356.5,8344.5,8356.5,364
2026-06-29 10:30:00+00:00,8356.5,8362.5,8350.0,8359.0,335
2026-06-29 10:45:00+00:00,8359.5,8363.5,8354.5,8360.0,350
2026-06-29 11:00:00+00:00,8360.5,8364.0,8358.0,8360.0,208
2026-06-29 11:15:00+00:00,8360.5,8362.0,8353.0,8358.0,268
2026-06-29 11:30:00+00:00,8358.0,8374.0,8358.0,8365.5,704
2026-06-29 11:45:00+00:00,8365.5,8376.0,8365.0,8374.0,266
2026-06-29 12:00:00+00:00,8373.5,8382.5,8373.0,8380.0,334
2026-06-29 12:15:00+00:00,8379.5,8382.0,8376.5,8376.5,336
2026-06-29 12:30:00+00:00,8376.0,8381.0,8368.5,8372.0,419
2026-06-29 12:45:00+00:00,8371.5,8379.5,8371.0,8379.5,367
2026-06-29 13:00:00+00:00,8379.5,8386.0,8379.5,8384.5,444
2026-06-29 13:15:00+00:00,8384.5,8387.0,8379.5,8384.5,551
2026-06-29 13:30:00+00:00,8383.5,8394.0,8378.5,8393.0,837
2026-06-29 13:45:00+00:00,8393.5,8394.5,8379.5,8384.5,587
2026-06-29 14:00:00+00:00,8383.5,8384.0,8364.5,8364.5,658
2026-06-29 14:15:00+00:00,8364.0,8390.0,8361.5,8384.5,990
2026-06-29 14:30:00+00:00,8384.0,8387.0,8379.0,8379.5,504
2026-06-29 14:45:00+00:00,8379.5,8380.0,8371.0,8376.0,578
2026-06-29 15:00:00+00:00,8376.5,8380.0,8363.0,8380.0,672
2026-06-29 15:15:00+00:00,8380.5,8382.5,8371.0,8378.5,1209
2026-06-29 15:30:00+00:00,8378.5,8388.0,8368.5,8378.0,2629
2026-06-29 15:45:00+00:00,8379.0,8382.5,8371.0,8377.5,227
2026-06-29 16:00:00+00:00,8377.0,8378.0,8367.5,8369.5,566
2026-06-29 16:15:00+00:00,8369.0,8378.0,8366.5,8375.5,307
2026-06-29 16:30:00+00:00,8375.5,8379.5,8373.0,8379.0,100
2026-06-29 16:45:00+00:00,8378.5,8385.0,8378.5,8383.5,129
2026-06-29 17:00:00+00:00,8382.5,8389.0,8382.5,8387.0,137
2026-06-29 17:15:00+00:00,8386.5,8390.0,8385.0,8386.0,95
2026-06-29 17:30:00+00:00,8385.5,8388.0,8383.5,8386.5,69
2026-06-29 17:45:00+00:00,8386.5,8387.5,8384.0,8385.0,36
2026-06-29 18:00:00+00:00,8385.5,8395.5,8384.5,8391.5,131
2026-06-29 18:15:00+00:00,8391.0,8392.0,8385.0,8385.5,109
2026-06-29 18:30:00+00:00,8385.5,8390.0,8385.5,8389.0,57
2026-06-29 18:45:00+00:00,8389.0,8392.5,8388.5,8390.0,87
2026-06-29 19:00:00+00:00,8389.5,8390.0,8388.0,8388.5,57
2026-06-29 19:15:00+00:00,8389.0,8393.0,8388.5,8389.5,98
2026-06-29 19:30:00+00:00,8389.0,8393.0,8389.0,8390.5,131
2026-06-29 19:45:00+00:00,8390.5,8393.5,8383.5,8387.0,285
2026-06-30 06:00:00+00:00,8397.0,8404.0,8395.5,8396.0,366
2026-06-30 06:15:00+00:00,8395.5,8402.0,8392.0,8401.0,201
2026-06-30 06:30:00+00:00,8400.5,8401.5,8396.0,8396.5,142
2026-06-30 06:45:00+00:00,8397.0,8405.0,8397.0,8398.0,240
2026-06-30 07:00:00+00:00,8398.5,8413.5,8381.0,8396.0,2025
2026-06-30 07:15:00+00:00,8396.5,8413.5,8393.5,8407.5,713
2026-06-30 07:30:00+00:00,8408.0,8420.5,8406.0,8414.5,712
2026-06-30 07:45:00+00:00,8413.5,8413.5,8389.5,8389.5,702
2026-06-30 08:00:00+00:00,8390.0,8398.0,8383.0,8385.0,754
2026-06-30 08:15:00+00:00,8384.0,8397.0,8379.0,8395.0,580
2026-06-30 08:30:00+00:00,8395.0,8398.0,8378.5,8383.5,703
2026-06-30 08:45:00+00:00,8383.5,8390.5,8381.5,8387.0,397
2026-06-30 09:00:00+00:00,8387.0,8402.0,8385.5,8395.5,396
2026-06-30 09:15:00+00:00,8394.5,8405.5,8392.5,8401.5,384
2026-06-30 09:30:00+00:00,8402.0,8410.5,8400.0,8409.5,718
2026-06-30 09:45:00+00:00,8409.5,8418.5,8408.0,8415.5,872
2026-06-30 10:00:00+00:00,8416.0,8421.5,8412.0,8416.0,487
2026-06-30 10:15:00+00:00,8416.0,8427.5,8416.0,8423.0,554
2026-06-30 10:30:00+00:00,8423.5,8426.0,8416.5,8423.0,566
2026-06-30 10:45:00+00:00,8421.0,8426.5,8418.5,8423.0,259
2026-06-30 11:00:00+00:00,8423.0,8429.0,8419.0,8425.5,411
2026-06-30 11:15:00+00:00,8425.0,8427.5,8416.5,8417.0,448
2026-06-30 11:30:00+00:00,8417.5,8423.0,8416.5,8423.0,257
2026-06-30 11:45:00+00:00,8422.0,8422.5,8415.0,8415.0,254
2026-06-30 12:00:00+00:00,8415.5,8415.5,8397.5,8397.5,349
2026-06-30 12:15:00+00:00,8398.0,8398.5,8389.0,8390.0,565
2026-06-30 12:30:00+00:00,8390.5,8397.0,8383.0,8396.5,363
2026-06-30 12:45:00+00:00,8397.0,8400.5,8391.0,8392.0,440
2026-06-30 13:00:00+00:00,8393.0,8393.5,8381.5,8385.0,690
2026-06-30 13:15:00+00:00,8384.5,8388.0,8378.0,8378.5,392
2026-06-30 13:30:00+00:00,8378.5,8385.0,8370.0,8383.0,1011
2026-06-30 13:45:00+00:00,8383.5,8387.0,8379.0,8383.0,681
2026-06-30 14:00:00+00:00,8383.0,8387.0,8376.0,8385.5,673
2026-06-30 14:15:00+00:00,8385.0,8388.0,8378.0,8380.5,482
2026-06-30 14:30:00+00:00,8380.0,8387.5,8378.0,8381.0,882
2026-06-30 14:45:00+00:00,8381.5,8386.0,8379.0,8384.0,608
2026-06-30 15:00:00+00:00,8383.5,8412.5,8383.5,8412.5,963
2026-06-30 15:15:00+00:00,8411.5,8421.5,8405.0,8415.0,1980
2026-06-30 15:30:00+00:00,8415.5,8420.5,8404.0,8412.0,4247
2026-06-30 15:45:00+00:00,8414.0,8417.0,8410.5,8415.5,316
2026-06-30 16:00:00+00:00,8415.0,8426.0,8414.5,8425.5,795
2026-06-30 16:15:00+00:00,8425.5,8430.5,8421.0,8422.5,415
2026-06-30 16:30:00+00:00,8422.5,8428.5,8422.5,8427.0,144
2026-06-30 16:45:00+00:00,8428.0,8428.0,8424.5,8425.5,159
2026-06-30 17:00:00+00:00,8426.0,8428.0,8422.0,8422.0,219
2026-06-30 17:15:00+00:00,8423.0,8424.0,8420.0,8423.0,171
2026-06-30 17:30:00+00:00,8422.5,8424.5,8421.5,8424.0,115
2026-06-30 17:45:00+00:00,8424.5,8429.0,8423.0,8426.0,142
2026-06-30 18:00:00+00:00,8425.5,8425.5,8422.0,8424.0,135
2026-06-30 18:15:00+00:00,8425.0,8427.0,8422.5,8423.0,96
2026-06-30 18:30:00+00:00,8423.5,8423.5,8419.5,8423.0,96
2026-06-30 18:45:00+00:00,8424.0,8429.0,8423.5,8428.5,77
2026-06-30 19:00:00+00:00,8429.0,8429.5,8424.0,8429.0,105
2026-06-30 19:15:00+00:00,8429.0,8430.5,8425.5,8427.0,133
2026-06-30 19:30:00+00:00,8426.5,8426.5,8419.0,8422.5,171
2026-06-30 19:45:00+00:00,8423.0,8426.0,8417.0,8422.5,616
2026-07-01 06:00:00+00:00,8413.0,8421.5,8408.0,8409.5,551
2026-07-01 06:15:00+00:00,8409.5,8413.0,8407.0,8412.0,246
2026-07-01 06:30:00+00:00,8412.5,8414.0,8408.5,8411.0,168
2026-07-01 06:45:00+00:00,8410.5,8416.5,8403.0,8405.0,339
2026-07-01 07:00:00+00:00,8405.5,8408.5,8371.5,8377.0,3125
2026-07-01 07:15:00+00:00,8377.0,8378.0,8363.5,8376.0,1126
2026-07-01 07:30:00+00:00,8376.5,8378.5,8360.5,8370.5,806
2026-07-01 07:45:00+00:00,8370.0,8381.0,8368.0,8380.5,572
2026-07-01 08:00:00+00:00,8380.0,8385.0,8371.5,8384.5,594
2026-07-01 08:15:00+00:00,8384.0,8387.5,8378.5,8383.0,494
2026-07-01 08:30:00+00:00,8382.0,8393.5,8377.0,8391.5,561
2026-07-01 08:45:00+00:00,8391.5,8391.5,8378.0,8386.0,617
2026-07-01 09:00:00+00:00,8386.5,8387.0,8368.5,8374.5,612
2026-07-01 09:15:00+00:00,8375.0,8381.0,8371.5,8379.5,377
2026-07-01 09:30:00+00:00,8379.5,8381.0,8374.0,8376.5,357
2026-07-01 09:45:00+00:00,8376.5,8377.5,8372.5,8374.5,419
2026-07-01 10:00:00+00:00,8374.5,8377.0,8362.5,8369.0,522
2026-07-01 10:15:00+00:00,8369.0,8373.5,8363.0,8367.5,285
2026-07-01 10:30:00+00:00,8368.0,8368.0,8359.5,8361.5,561
2026-07-01 10:45:00+00:00,8361.5,8362.5,8351.5,8360.0,421
2026-07-01 11:00:00+00:00,8360.0,8366.5,8357.0,8357.5,465
2026-07-01 11:15:00+00:00,8357.5,8358.5,8353.0,8353.5,339
2026-07-01 11:30:00+00:00,8353.5,8353.5,8343.0,8348.0,676
2026-07-01 11:45:00+00:00,8347.5,8347.5,8334.5,8336.5,501
2026-07-01 12:00:00+00:00,8337.0,8338.5,8325.0,8334.5,760
2026-07-01 12:15:00+00:00,8335.0,8342.0,8333.0,8341.0,1119
2026-07-01 12:30:00+00:00,8341.5,8347.0,8333.5,8339.5,495
2026-07-01 12:45:00+00:00,8340.0,8348.0,8339.5,8343.0,449
2026-07-01 13:00:00+00:00,8342.5,8342.5,8333.5,8334.5,651
2026-07-01 13:15:00+00:00,8335.0,8350.0,8334.5,8349.5,870
2026-07-01 13:30:00+00:00,8350.5,8351.5,8330.5,8345.0,1082
2026-07-01 13:45:00+00:00,8344.5,8351.5,8337.5,8344.5,1051
2026-07-01 14:00:00+00:00,8346.0,8346.0,8332.5,8339.5,1410
2026-07-01 14:15:00+00:00,8340.0,8350.0,8335.0,8340.5,656
2026-07-01 14:30:00+00:00,8341.5,8345.0,8326.5,8330.0,1166
2026-07-01 14:45:00+00:00,8330.5,8337.0,8328.5,8335.5,823
2026-07-01 15:00:00+00:00,8336.0,8339.5,8329.5,8332.5,1047
2026-07-01 15:15:00+00:00,8333.0,8355.5,8332.0,8355.5,1813
2026-07-01 15:30:00+00:00,8355.5,8358.5,8338.5,8348.5,3417
2026-07-01 15:45:00+00:00,8347.5,8355.0,8345.5,8348.0,332
2026-07-01 16:00:00+00:00,8348.5,8352.0,8346.0,8351.0,165
2026-07-01 16:15:00+00:00,8352.0,8354.5,8350.5,8354.5,180
2026-07-01 16:30:00+00:00,8355.0,8358.0,8353.0,8355.0,97
2026-07-01 16:45:00+00:00,8355.5,8357.0,8345.5,8347.0,178
2026-07-01 17:00:00+00:00,8347.5,8349.5,8343.0,8346.0,138
2026-07-01 17:15:00+00:00,8347.0,8354.5,8346.5,8353.5,75
2026-07-01 17:30:00+00:00,8354.0,8357.0,8350.0,8354.0,209
2026-07-01 17:45:00+00:00,8353.5,8356.5,8352.5,8356.0,383
2026-07-01 18:00:00+00:00,8355.5,8362.0,8355.5,8359.0,532
2026-07-01 18:15:00+00:00,8358.5,8362.0,8355.5,8356.5,335
2026-07-01 18:30:00+00:00,8356.5,8362.5,8356.5,8362.0,253
2026-07-01 18:45:00+00:00,8362.5,8363.5,8357.0,8359.0,165
2026-07-01 19:00:00+00:00,8358.5,8365.0,8358.5,8363.5,107
2026-07-01 19:15:00+00:00,8363.0,8367.0,8363.0,8365.0,123
2026-07-01 19:30:00+00:00,8365.0,8366.0,8361.0,8362.0,247
2026-07-01 19:45:00+00:00,8362.0,8365.5,8353.5,8359.5,300
2026-07-02 06:00:00+00:00,8361.0,8361.0,8343.5,8346.5,270
2026-07-02 06:15:00+00:00,8345.5,8349.0,8340.0,8341.0,128
2026-07-02 06:30:00+00:00,8341.5,8343.5,8334.0,8338.5,238
2026-07-02 06:45:00+00:00,8337.5,8341.0,8328.5,8340.0,357
2026-07-02 07:00:00+00:00,8341.0,8382.5,8336.0,8374.0,2746
2026-07-02 07:15:00+00:00,8372.5,8389.5,8371.5,8381.0,1069
2026-07-02 07:30:00+00:00,8381.5,8397.0,8378.0,8396.0,975
2026-07-02 07:45:00+00:00,8395.5,8402.0,8390.0,8398.0,866
2026-07-02 08:00:00+00:00,8397.5,8400.5,8391.5,8397.0,697
2026-07-02 08:15:00+00:00,8397.0,8402.0,8391.5,8398.0,612
2026-07-02 08:30:00+00:00,8398.0,8408.5,8396.5,8399.0,697
2026-07-02 08:45:00+00:00,8399.0,8407.0,8398.5,8400.5,999
2026-07-02 09:00:00+00:00,8400.5,8400.5,8389.5,8396.5,453
2026-07-02 09:15:00+00:00,8396.0,8401.0,8393.5,8394.5,362
2026-07-02 09:30:00+00:00,8395.0,8409.0,8393.5,8407.5,441
2026-07-02 09:45:00+00:00,8407.0,8413.5,8403.5,8412.0,563
2026-07-02 10:00:00+00:00,8413.0,8413.5,8400.5,8403.0,555
2026-07-02 10:15:00+00:00,8403.5,8407.5,8401.0,8402.0,448
2026-07-02 10:30:00+00:00,8403.0,8415.0,8403.0,8415.0,394
2026-07-02 10:45:00+00:00,8414.5,8417.5,8410.0,8414.0,409
2026-07-02 11:00:00+00:00,8413.5,8419.0,8411.0,8418.0,364
2026-07-02 11:15:00+00:00,8418.0,8420.5,8415.5,8416.5,314
2026-07-02 11:30:00+00:00,8417.5,8419.0,8414.0,8416.0,200
2026-07-02 11:45:00+00:00,8415.5,8421.5,8415.5,8420.5,286
2026-07-02 12:00:00+00:00,8420.0,8429.0,8420.0,8429.0,419
2026-07-02 12:15:00+00:00,8429.5,8437.5,8424.5,8433.5,826
2026-07-02 12:30:00+00:00,8437.5,8461.5,8428.0,8461.0,1426
2026-07-02 12:45:00+00:00,8461.0,8461.5,8444.5,8452.5,863
2026-07-02 13:00:00+00:00,8453.0,8465.5,8452.5,8464.5,739
2026-07-02 13:15:00+00:00,8465.0,8479.0,8461.0,8476.5,1096
2026-07-02 13:30:00+00:00,8477.0,8495.5,8477.0,8495.5,1233
2026-07-02 13:45:00+00:00,8495.0,8514.5,8494.5,8506.5,1498
2026-07-02 14:00:00+00:00,8507.0,8508.5,8490.5,8498.5,1228
2026-07-02 14:15:00+00:00,8499.5,8502.0,8486.5,8487.5,914
2026-07-02 14:30:00+00:00,8488.5,8497.5,8486.0,8493.0,1159
2026-07-02 14:45:00+00:00,8493.0,8508.5,8488.0,8508.5,1114
2026-07-02 15:00:00+00:00,8509.0,8514.0,8495.5,8501.5,1536
2026-07-02 15:15:00+00:00,8500.5,8503.5,8483.5,8484.5,2262
2026-07-02 15:30:00+00:00,8484.5,8497.0,8478.5,8488.5,4324
2026-07-02 15:45:00+00:00,8489.5,8491.5,8478.5,8481.0,309
2026-07-02 16:00:00+00:00,8482.0,8488.0,8478.0,8486.0,302
2026-07-02 16:15:00+00:00,8486.5,8487.0,8476.5,8476.5,460
2026-07-02 16:30:00+00:00,8477.0,8479.0,8469.5,8478.0,403
2026-07-02 16:45:00+00:00,8477.5,8481.0,8472.0,8474.0,200
2026-07-02 17:00:00+00:00,8473.5,8474.0,8462.5,8466.0,251
2026-07-02 17:15:00+00:00,8465.0,8468.5,8461.5,8464.5,227
2026-07-02 17:30:00+00:00,8464.5,8467.5,8456.5,8459.0,289
2026-07-02 17:45:00+00:00,8459.5,8459.5,8453.5,8454.5,192
2026-07-02 18:00:00+00:00,8455.0,8463.0,8453.0,8462.0,557
2026-07-02 18:15:00+00:00,8462.0,8468.5,8460.0,8468.5,201
2026-07-02 18:30:00+00:00,8467.5,8473.5,8466.5,8472.0,118
2026-07-02 18:45:00+00:00,8471.5,8473.0,8469.5,8471.0,209
2026-07-02 19:00:00+00:00,8472.0,8473.0,8460.5,8464.0,144
2026-07-02 19:15:00+00:00,8464.5,8465.0,8459.5,8463.5,108
2026-07-02 19:30:00+00:00,8464.0,8476.5,8463.5,8476.0,111
2026-07-02 19:45:00+00:00,8474.5,8494.5,8473.5,8490.0,318
2026-07-03 06:00:00+00:00,8513.5,8514.0,8504.0,8509.5,394
2026-07-03 06:15:00+00:00,8510.5,8514.0,8506.5,8510.5,182
2026-07-03 06:30:00+00:00,8510.5,8517.0,8508.5,8513.5,96
2026-07-03 06:45:00+00:00,8514.0,8515.5,8505.5,8508.0,180
2026-07-03 07:00:00+00:00,8509.0,8526.5,8488.5,8516.0,1666
2026-07-03 07:15:00+00:00,8515.5,8515.5,8502.0,8502.0,756
2026-07-03 07:30:00+00:00,8503.0,8507.0,8487.5,8487.5,914
2026-07-03 07:45:00+00:00,8487.5,8487.5,8478.0,8479.0,659
2026-07-03 08:00:00+00:00,8479.5,8486.0,8476.0,8482.0,497
2026-07-03 08:15:00+00:00,8482.0,8490.5,8479.0,8481.0,446
2026-07-03 08:30:00+00:00,8480.5,8481.0,8471.0,8473.0,405
2026-07-03 08:45:00+00:00,8473.0,8473.5,8464.5,8466.5,638
2026-07-03 09:00:00+00:00,8467.0,8470.0,8464.5,8470.0,540
2026-07-03 09:15:00+00:00,8469.0,8478.0,8467.5,8468.5,476
2026-07-03 09:30:00+00:00,8468.5,8479.5,8468.5,8479.0,393
2026-07-03 09:45:00+00:00,8478.5,8483.0,8476.5,8481.5,408
2026-07-03 10:00:00+00:00,8481.5,8486.0,8477.5,8484.5,212
2026-07-03 10:15:00+00:00,8484.5,8486.0,8479.0,8484.0,250
2026-07-03 10:30:00+00:00,8485.5,8487.5,8482.5,8484.5,200
2026-07-03 10:45:00+00:00,8484.5,8488.5,8484.5,8487.0,144
2026-07-03 11:00:00+00:00,8486.5,8487.0,8479.5,8481.0,278
2026-07-03 11:15:00+00:00,8481.0,8485.0,8477.0,8478.0,195
2026-07-03 11:30:00+00:00,8478.5,8484.5,8477.5,8483.0,194
2026-07-03 11:45:00+00:00,8483.5,8488.5,8483.5,8487.5,168
2026-07-03 12:00:00+00:00,8488.0,8496.5,8488.0,8496.5,280
2026-07-03 12:15:00+00:00,8496.5,8496.5,8490.0,8494.0,168
2026-07-03 12:30:00+00:00,8494.5,8500.5,8494.0,8498.0,256
2026-07-03 12:45:00+00:00,8498.5,8505.5,8498.0,8504.0,268
2026-07-03 13:00:00+00:00,8504.5,8509.5,8503.5,8508.5,337
2026-07-03 13:15:00+00:00,8509.5,8515.0,8508.0,8508.0,324
2026-07-03 13:30:00+00:00,8507.0,8512.5,8503.5,8508.0,346
2026-07-03 13:45:00+00:00,8508.5,8516.0,8508.0,8515.5,423
2026-07-03 14:00:00+00:00,8515.0,8518.5,8512.5,8515.0,459
2026-07-03 14:15:00+00:00,8515.5,8517.5,8506.5,8510.0,293
2026-07-03 14:30:00+00:00,8510.0,8520.5,8507.0,8520.5,358
2026-07-03 14:45:00+00:00,8520.0,8525.5,8519.5,8523.5,402
2026-07-03 15:00:00+00:00,8524.0,8526.5,8518.0,8524.5,872
2026-07-03 15:15:00+00:00,8525.5,8529.5,8522.5,8523.5,629
2026-07-03 15:30:00+00:00,8524.0,8526.5,8510.5,8520.0,1532
2026-07-03 15:45:00+00:00,8520.5,8520.5,8515.0,8515.0,92
2026-07-03 16:00:00+00:00,8515.0,8518.5,8514.5,8517.5,92
2026-07-03 16:15:00+00:00,8517.5,8528.0,8516.0,8523.5,332
2026-07-03 16:30:00+00:00,8524.0,8528.0,8521.5,8523.0,127
2026-07-03 16:45:00+00:00,8523.5,8524.5,8515.5,8518.0,84
2026-07-03 17:00:00+00:00,8518.5,8518.5,8516.0,8516.0,3
2026-07-03 17:15:00+00:00,8516.5,8517.5,8516.0,8516.0,21
2026-07-03 17:30:00+00:00,8518.0,8518.0,8516.0,8516.0,18
2026-07-03 17:45:00+00:00,8516.0,8516.0,8516.0,8516.0,4
2026-07-03 18:00:00+00:00,8518.0,8520.0,8518.0,8520.0,5
2026-07-03 18:15:00+00:00,8519.5,8519.5,8514.5,8514.5,52
2026-07-03 18:30:00+00:00,8515.0,8516.5,8515.0,8516.5,3
2026-07-03 19:00:00+00:00,8515.5,8521.0,8515.5,8521.0,6
2026-07-03 19:15:00+00:00,8517.5,8524.5,8517.5,8524.5,28
2026-07-03 19:30:00+00:00,8521.5,8522.0,8517.0,8517.5,11
2026-07-03 19:45:00+00:00,8519.5,8520.0,8506.5,8520.0,158
2026-07-06 06:00:00+00:00,8516.5,8519.5,8509.5,8509.5,488
2026-07-06 06:15:00+00:00,8510.5,8519.5,8510.5,8516.5,162
2026-07-06 06:30:00+00:00,8516.0,8523.5,8514.5,8521.0,276
2026-07-06 06:45:00+00:00,8519.5,8535.5,8517.5,8530.0,718
2026-07-06 07:00:00+00:00,8529.5,8544.0,8516.0,8539.5,4134
2026-07-06 07:15:00+00:00,8539.5,8557.5,8538.5,8554.0,1738
2026-07-06 07:30:00+00:00,8554.5,8555.0,8546.5,8549.5,1370
2026-07-06 07:45:00+00:00,8549.0,8568.5,8549.0,8564.0,1100
2026-07-06 08:00:00+00:00,8565.0,8569.0,8559.0,8560.0,1102
2026-07-06 08:15:00+00:00,8560.0,8569.5,8556.5,8567.5,938
2026-07-06 08:30:00+00:00,8568.0,8569.5,8555.0,8556.5,888
2026-07-06 08:45:00+00:00,8554.5,8554.5,8548.0,8549.0,788
2026-07-06 09:00:00+00:00,8549.5,8549.5,8532.5,8532.5,1192
2026-07-06 09:15:00+00:00,8533.0,8543.5,8531.0,8541.0,1018
2026-07-06 09:30:00+00:00,8541.5,8541.5,8535.0,8538.5,562
2026-07-06 09:45:00+00:00,8539.0,8539.5,8533.5,8534.5,544
2026-07-06 10:00:00+00:00,8534.0,8535.5,8524.0,8528.0,718
2026-07-06 10:15:00+00:00,8528.0,8533.0,8525.0,8525.5,412
2026-07-06 10:30:00+00:00,8526.5,8527.5,8518.5,8519.0,454
2026-07-06 10:45:00+00:00,8519.5,8525.0,8519.0,8523.0,420
2026-07-06 11:00:00+00:00,8522.5,8522.5,8518.0,8519.5,560
2026-07-06 11:15:00+00:00,8519.5,8521.0,8513.5,8515.5,506
2026-07-06 11:30:00+00:00,8515.5,8520.5,8513.0,8520.5,422
2026-07-06 11:45:00+00:00,8521.0,8522.0,8512.5,8513.0,464
2026-07-06 12:00:00+00:00,8513.5,8514.5,8505.0,8506.5,856
2026-07-06 12:15:00+00:00,8507.0,8512.5,8507.0,8507.5,896
2026-07-06 12:30:00+00:00,8507.5,8510.5,8501.5,8505.5,840
2026-07-06 12:45:00+00:00,8506.0,8509.0,8500.0,8501.5,714
2026-07-06 13:00:00+00:00,8501.5,8501.5,8491.0,8491.5,794
2026-07-06 13:15:00+00:00,8492.0,8495.0,8489.0,8493.0,1026
2026-07-06 13:30:00+00:00,8493.5,8498.0,8482.5,8485.0,1914
2026-07-06 13:45:00+00:00,8484.5,8484.5,8474.0,8483.5,2250
2026-07-06 14:00:00+00:00,8483.0,8486.0,8472.5,8480.0,1628
2026-07-06 14:15:00+00:00,8480.0,8483.0,8475.5,8480.5,1016
2026-07-06 14:30:00+00:00,8480.5,8486.0,8475.5,8485.5,1498
2026-07-06 14:45:00+00:00,8485.0,8486.5,8480.0,8483.0,1440
2026-07-06 15:00:00+00:00,8483.0,8485.0,8475.0,8477.5,1426
2026-07-06 15:15:00+00:00,8477.0,8485.5,8471.0,8485.0,2888
2026-07-06 15:30:00+00:00,8485.0,8494.0,8481.0,8493.0,4354
2026-07-06 15:45:00+00:00,8492.5,8492.5,8487.0,8490.0,686
2026-07-06 16:00:00+00:00,8490.0,8490.5,8488.0,8489.5,204
2026-07-06 16:15:00+00:00,8489.5,8493.5,8488.5,8492.0,250
2026-07-06 16:30:00+00:00,8492.0,8494.0,8491.0,8492.5,236
2026-07-06 16:45:00+00:00,8492.5,8495.5,8492.5,8494.0,278
2026-07-06 17:00:00+00:00,8493.5,8503.5,8493.0,8503.5,318
2026-07-06 17:15:00+00:00,8503.5,8504.5,8500.5,8503.5,332
2026-07-06 17:30:00+00:00,8503.0,8503.5,8496.5,8498.5,184
2026-07-06 17:45:00+00:00,8498.0,8502.5,8498.0,8500.5,118
2026-07-06 18:00:00+00:00,8502.0,8505.5,8502.0,8503.5,215
2026-07-06 18:15:00+00:00,8504.0,8508.0,8503.5,8507.0,133
2026-07-06 18:30:00+00:00,8507.0,8507.5,8504.5,8505.5,60
2026-07-06 18:45:00+00:00,8505.5,8508.0,8505.5,8507.5,58
2026-07-06 19:00:00+00:00,8507.5,8508.5,8503.0,8505.5,71
2026-07-06 19:15:00+00:00,8506.0,8511.5,8505.5,8511.0,56
2026-07-06 19:30:00+00:00,8510.5,8511.0,8508.0,8511.0,56
2026-07-06 19:45:00+00:00,8511.0,8512.5,8506.0,8509.0,328
2026-07-07 06:00:00+00:00,8493.5,8502.5,8484.0,8485.0,385
2026-07-07 06:15:00+00:00,8485.5,8491.0,8485.5,8490.0,154
2026-07-07 06:30:00+00:00,8489.5,8492.5,8489.0,8491.5,95
2026-07-07 06:45:00+00:00,8491.5,8506.5,8489.0,8506.5,230
2026-07-07 07:00:00+00:00,8506.5,8539.5,8499.5,8536.0,2901
2026-07-07 07:15:00+00:00,8536.5,8546.0,8535.0,8542.5,1094
2026-07-07 07:30:00+00:00,8542.0,8542.5,8526.5,8527.0,899
2026-07-07 07:45:00+00:00,8527.5,8537.5,8524.5,8536.0,823
2026-07-07 08:00:00+00:00,8536.0,8553.0,8532.0,8548.0,879
2026-07-07 08:15:00+00:00,8548.5,8553.0,8541.0,8543.0,574
2026-07-07 08:30:00+00:00,8543.0,8545.5,8531.0,8531.5,468
2026-07-07 08:45:00+00:00,8532.0,8534.5,8527.0,8527.0,523
2026-07-07 09:00:00+00:00,8527.5,8528.0,8520.5,8523.0,567
2026-07-07 09:15:00+00:00,8523.0,8530.5,8520.5,8523.5,430
2026-07-07 09:30:00+00:00,8523.5,8524.0,8513.0,8516.0,529
2026-07-07 09:45:00+00:00,8515.5,8516.5,8512.0,8514.0,450
2026-07-07 10:00:00+00:00,8514.5,8520.5,8508.5,8509.5,408
2026-07-07 10:15:00+00:00,8510.0,8514.0,8503.5,8504.0,385
2026-07-07 10:30:00+00:00,8503.5,8509.0,8503.0,8505.0,417
2026-07-07 10:45:00+00:00,8505.0,8507.0,8501.0,8506.5,463
2026-07-07 11:00:00+00:00,8506.5,8510.0,8503.5,8506.5,409
2026-07-07 11:15:00+00:00,8506.5,8511.5,8504.0,8505.5,255
2026-07-07 11:30:00+00:00,8504.5,8509.0,8504.5,8505.0,329
2026-07-07 11:45:00+00:00,8505.0,8506.5,8488.5,8492.0,1247
2026-07-07 12:00:00+00:00,8492.0,8504.0,8489.0,8503.0,511
2026-07-07 12:15:00+00:00,8503.5,8521.0,8502.5,8519.5,438
2026-07-07 12:30:00+00:00,8520.0,8527.0,8514.0,8519.5,420
2026-07-07 12:45:00+00:00,8519.0,8520.0,8509.5,8514.5,443
2026-07-07 13:00:00+00:00,8514.5,8514.5,8502.5,8511.0,582
2026-07-07 13:15:00+00:00,8510.5,8513.5,8508.0,8511.5,419
2026-07-07 13:30:00+00:00,8511.0,8514.5,8499.0,8501.0,616
2026-07-07 13:45:00+00:00,8502.0,8504.5,8476.5,8481.5,651
2026-07-07 14:00:00+00:00,8482.0,8483.0,8465.0,8466.5,1130
2026-07-07 14:15:00+00:00,8466.5,8475.0,8463.0,8472.5,882
2026-07-07 14:30:00+00:00,8473.0,8474.5,8462.5,8468.0,823
2026-07-07 14:45:00+00:00,8468.0,8472.5,8465.5,8466.5,626
2026-07-07 15:00:00+00:00,8466.5,8466.5,8455.5,8455.5,813
2026-07-07 15:15:00+00:00,8455.0,8462.0,8454.0,8461.0,1251
2026-07-07 15:30:00+00:00,8460.5,8460.5,8436.0,8437.0,3469
2026-07-07 15:45:00+00:00,8437.0,8444.5,8434.5,8442.0,805
2026-07-07 16:00:00+00:00,8441.5,8451.0,8441.5,8448.5,293
2026-07-07 16:15:00+00:00,8449.5,8455.0,8447.5,8453.0,218
2026-07-07 16:30:00+00:00,8452.5,8454.5,8450.5,8453.5,123
2026-07-07 16:45:00+00:00,8454.5,8455.0,8452.0,8453.5,57
2026-07-07 17:00:00+00:00,8453.5,8455.0,8452.5,8453.5,63
2026-07-07 17:15:00+00:00,8451.5,8452.5,8448.0,8452.0,96
2026-07-07 17:30:00+00:00,8451.5,8455.0,8451.0,8454.5,106
2026-07-07 17:45:00+00:00,8454.5,8454.5,8451.0,8454.5,55
2026-07-07 18:00:00+00:00,8454.5,8457.0,8452.5,8456.0,81
2026-07-07 18:15:00+00:00,8456.5,8458.0,8453.5,8455.5,120
2026-07-07 18:30:00+00:00,8455.5,8456.0,8447.5,8449.0,279
2026-07-07 18:45:00+00:00,8449.5,8450.0,8431.5,8436.5,426
2026-07-07 19:00:00+00:00,8436.5,8437.0,8418.0,8418.0,351
2026-07-07 19:15:00+00:00,8417.5,8421.5,8407.5,8418.0,542
2026-07-07 19:30:00+00:00,8418.0,8423.0,8418.0,8423.0,140
2026-07-07 19:45:00+00:00,8421.0,8425.5,8419.0,8422.5,332
2026-07-08 06:00:00+00:00,8412.0,8414.0,8399.0,8403.0,719
2026-07-08 06:15:00+00:00,8403.5,8410.5,8402.5,8403.5,186
2026-07-08 06:30:00+00:00,8404.0,8404.0,8393.0,8394.0,369
2026-07-08 06:45:00+00:00,8394.5,8404.0,8387.0,8403.5,540
2026-07-08 07:00:00+00:00,8404.0,8404.0,8361.0,8373.0,3842
2026-07-08 07:15:00+00:00,8373.5,8379.0,8365.5,8378.5,1260
2026-07-08 07:30:00+00:00,8378.5,8385.0,8366.0,8371.0,998
2026-07-08 07:45:00+00:00,8371.0,8376.5,8365.5,8367.0,722
2026-07-08 08:00:00+00:00,8366.5,8368.0,8354.0,8356.5,1065
2026-07-08 08:15:00+00:00,8356.5,8360.0,8278.5,8301.0,3234
2026-07-08 08:30:00+00:00,8300.0,8303.5,8271.5,8275.5,2047
2026-07-08 08:45:00+00:00,8276.5,8282.0,8259.5,8262.5,1872
2026-07-08 09:00:00+00:00,8263.5,8265.0,8251.5,8251.5,1388
2026-07-08 09:15:00+00:00,8252.0,8264.0,8250.5,8262.0,1287
2026-07-08 09:30:00+00:00,8262.0,8275.0,8255.0,8261.5,1086
2026-07-08 09:45:00+00:00,8261.5,8267.0,8253.5,8254.5,818
2026-07-08 10:00:00+00:00,8255.0,8258.0,8246.0,8252.0,1018
2026-07-08 10:15:00+00:00,8252.0,8260.5,8250.5,8257.0,627
2026-07-08 10:30:00+00:00,8257.0,8277.0,8254.0,8273.0,1017
2026-07-08 10:45:00+00:00,8273.0,8279.5,8265.0,8276.0,909
2026-07-08 11:00:00+00:00,8275.0,8278.5,8265.5,8273.5,775
2026-07-08 11:15:00+00:00,8273.0,8275.0,8262.5,8268.0,667
2026-07-08 11:30:00+00:00,8267.5,8316.5,8264.0,8293.5,2036
2026-07-08 11:45:00+00:00,8294.0,8297.0,8283.5,8286.5,681
2026-07-08 12:00:00+00:00,8287.0,8301.5,8277.0,8297.0,862
2026-07-08 12:15:00+00:00,8296.5,8302.5,8290.5,8300.5,568
2026-07-08 12:30:00+00:00,8300.0,8307.5,8297.0,8305.5,582
2026-07-08 12:45:00+00:00,8306.0,8312.5,8293.5,8294.5,1272
2026-07-08 13:00:00+00:00,8295.0,8317.0,8292.0,8315.0,923
2026-07-08 13:15:00+00:00,8315.0,8315.0,8286.0,8287.0,891
2026-07-08 13:30:00+00:00,8287.5,8302.5,8282.5,8295.5,1541
2026-07-08 13:45:00+00:00,8296.5,8303.5,8289.5,8296.5,1211
2026-07-08 14:00:00+00:00,8297.5,8301.5,8290.5,8291.0,1527
2026-07-08 14:15:00+00:00,8290.0,8294.5,8279.0,8281.5,1362
2026-07-08 14:30:00+00:00,8282.0,8283.0,8267.5,8273.5,1165
2026-07-08 14:45:00+00:00,8273.5,8273.5,8260.5,8266.0,1084
2026-07-08 15:00:00+00:00,8266.0,8268.0,8247.5,8249.5,1220
2026-07-08 15:15:00+00:00,8249.0,8253.0,8240.0,8244.5,2379
2026-07-08 15:30:00+00:00,8245.0,8260.5,8242.5,8260.0,4897
2026-07-08 15:45:00+00:00,8258.0,8258.5,8247.5,8248.0,398
2026-07-08 16:00:00+00:00,8248.5,8269.0,8247.0,8267.5,508
2026-07-08 16:15:00+00:00,8268.5,8279.5,8266.5,8277.5,420
2026-07-08 16:30:00+00:00,8278.0,8298.5,8274.5,8298.0,718
2026-07-08 16:45:00+00:00,8297.0,8303.5,8294.0,8301.5,363
2026-07-08 17:00:00+00:00,8301.0,8306.0,8296.0,8296.0,201
2026-07-08 17:15:00+00:00,8295.5,8306.0,8295.5,8302.0,175
2026-07-08 17:30:00+00:00,8302.0,8304.0,8295.0,8296.0,225
2026-07-08 17:45:00+00:00,8296.5,8299.0,8291.0,8293.5,189
2026-07-08 18:00:00+00:00,8292.5,8305.0,8292.0,8304.5,232
2026-07-08 18:15:00+00:00,8303.5,8303.5,8298.5,8301.5,125
2026-07-08 18:30:00+00:00,8300.0,8304.0,8296.5,8301.5,154
2026-07-08 18:45:00+00:00,8301.5,8306.5,8300.5,8305.5,117
2026-07-08 19:00:00+00:00,8305.5,8311.0,8305.0,8308.5,158
2026-07-08 19:15:00+00:00,8308.0,8311.5,8307.5,8311.0,253
2026-07-08 19:30:00+00:00,8311.0,8312.0,8306.5,8310.5,205
2026-07-08 19:45:00+00:00,8309.0,8313.5,8301.0,8313.5,497
2026-07-09 06:00:00+00:00,8325.0,8336.0,8318.0,8322.0,508
2026-07-09 06:15:00+00:00,8322.0,8331.0,8322.0,8325.0,225
2026-07-09 06:30:00+00:00,8325.5,8328.0,8318.0,8320.0,164
2026-07-09 06:45:00+00:00,8319.5,8324.5,8312.5,8312.5,264
2026-07-09 07:00:00+00:00,8313.0,8326.0,8300.5,8305.5,2840
2026-07-09 07:15:00+00:00,8306.0,8311.0,8292.0,8292.0,1364
2026-07-09 07:30:00+00:00,8291.5,8307.0,8290.5,8306.0,914
2026-07-09 07:45:00+00:00,8306.0,8309.0,8290.0,8298.0,995
2026-07-09 08:00:00+00:00,8296.5,8309.5,8292.0,8302.5,755
2026-07-09 08:15:00+00:00,8302.0,8303.0,8291.0,8294.5,636
2026-07-09 08:30:00+00:00,8294.0,8297.5,8283.0,8295.0,749
2026-07-09 08:45:00+00:00,8295.0,8298.5,8282.0,8289.5,775
2026-07-09 09:00:00+00:00,8288.5,8290.5,8281.5,8285.5,541
2026-07-09 09:15:00+00:00,8285.0,8287.0,8278.5,8279.0,410
2026-07-09 09:30:00+00:00,8278.5,8280.0,8265.5,8269.5,902
2026-07-09 09:45:00+00:00,8270.5,8280.5,8270.5,8277.5,437
2026-07-09 10:00:00+00:00,8277.5,8281.0,8274.5,8278.5,406
2026-07-09 10:15:00+00:00,8278.0,8290.0,8278.0,8282.0,530
2026-07-09 10:30:00+00:00,8281.5,8283.0,8276.5,8280.0,270
2026-07-09 10:45:00+00:00,8280.0,8280.5,8267.5,8278.0,777
2026-07-09 11:00:00+00:00,8278.5,8289.0,8273.5,8289.0,430
2026-07-09 11:15:00+00:00,8288.5,8288.5,8273.5,8276.5,306
2026-07-09 11:30:00+00:00,8277.0,8289.0,8275.0,8287.5,401
2026-07-09 11:45:00+00:00,8286.5,8296.0,8284.5,8295.0,560
2026-07-09 12:00:00+00:00,8295.0,8300.0,8292.0,8299.0,725
2026-07-09 12:15:00+00:00,8299.0,8302.5,8296.0,8301.5,579
2026-07-09 12:30:00+00:00,8301.5,8315.0,8300.5,8304.5,678
2026-07-09 12:45:00+00:00,8304.0,8309.0,8299.0,8303.0,295
2026-07-09 13:00:00+00:00,8303.5,8318.0,8303.5,8315.0,361
2026-07-09 13:15:00+00:00,8315.5,8317.0,8309.0,8311.5,492
2026-07-09 13:30:00+00:00,8312.0,8315.5,8296.5,8310.0,863
2026-07-09 13:45:00+00:00,8309.5,8318.5,8308.0,8310.5,751
2026-07-09 14:00:00+00:00,8311.0,8320.5,8305.5,8318.0,858
2026-07-09 14:15:00+00:00,8317.5,8317.5,8304.5,8309.0,721
2026-07-09 14:30:00+00:00,8308.5,8317.0,8307.5,8309.0,474
2026-07-09 14:45:00+00:00,8309.5,8318.5,8309.0,8318.0,621
2026-07-09 15:00:00+00:00,8317.5,8330.5,8317.0,8328.5,999
2026-07-09 15:15:00+00:00,8328.0,8334.0,8325.0,8331.0,1679
2026-07-09 15:30:00+00:00,8331.5,8331.5,8314.0,8314.5,2619
2026-07-09 15:45:00+00:00,8315.5,8325.5,8314.0,8324.5,433
2026-07-09 16:00:00+00:00,8324.0,8334.0,8324.0,8332.5,166
2026-07-09 16:15:00+00:00,8333.0,8333.0,8330.0,8331.5,167
2026-07-09 16:30:00+00:00,8331.5,8333.5,8329.5,8332.5,98
2026-07-09 16:45:00+00:00,8332.5,8334.5,8329.5,8330.5,94
2026-07-09 17:00:00+00:00,8332.0,8334.0,8329.5,8333.5,65
2026-07-09 17:15:00+00:00,8333.0,8338.5,8331.0,8338.0,113
2026-07-09 17:30:00+00:00,8339.0,8343.5,8338.5,8343.0,91
2026-07-09 17:45:00+00:00,8342.5,8346.0,8341.0,8344.5,127
2026-07-09 18:00:00+00:00,8344.0,8345.5,8342.0,8343.0,99
2026-07-09 18:15:00+00:00,8343.0,8344.0,8335.5,8335.5,157
2026-07-09 18:30:00+00:00,8336.0,8337.0,8334.0,8336.0,76
2026-07-09 18:45:00+00:00,8337.0,8338.0,8334.0,8337.5,63
2026-07-09 19:00:00+00:00,8337.5,8338.5,8330.0,8332.0,115
2026-07-09 19:15:00+00:00,8331.5,8335.5,8331.5,8335.0,60
2026-07-09 19:30:00+00:00,8334.5,8334.5,8328.5,8333.5,92
2026-07-09 19:45:00+00:00,8333.0,8337.0,8326.5,8333.5,548
2026-07-10 06:00:00+00:00,8328.0,8340.5,8326.5,8337.5,322
2026-07-10 06:15:00+00:00,8337.5,8344.5,8335.5,8338.0,207
2026-07-10 06:30:00+00:00,8337.5,8344.5,8337.0,8339.5,154
2026-07-10 06:45:00+00:00,8340.5,8349.0,8339.0,8340.0,316
2026-07-10 07:00:00+00:00,8339.5,8347.0,8322.0,8344.0,1907
2026-07-10 07:15:00+00:00,8345.0,8352.5,8340.0,8348.0,1060
2026-07-10 07:30:00+00:00,8348.0,8356.5,8345.5,8346.0,943
2026-07-10 07:45:00+00:00,8346.5,8346.5,8328.0,8335.5,841
2026-07-10 08:00:00+00:00,8336.0,8350.5,8334.5,8347.5,618
2026-07-10 08:15:00+00:00,8347.0,8347.0,8333.0,8337.0,490
2026-07-10 08:30:00+00:00,8336.0,8336.0,8327.5,8332.5,692
2026-07-10 08:45:00+00:00,8332.5,8333.0,8320.0,8325.0,461
2026-07-10 09:00:00+00:00,8325.5,8334.0,8322.5,8332.5,667
2026-07-10 09:15:00+00:00,8333.0,8343.0,8332.5,8335.0,344
2026-07-10 09:30:00+00:00,8335.0,8336.0,8328.5,8332.5,299
2026-07-10 09:45:00+00:00,8332.5,8343.0,8332.5,8335.0,387
2026-07-10 10:00:00+00:00,8336.0,8340.0,8334.5,8337.0,335
2026-07-10 10:15:00+00:00,8338.0,8343.0,8331.5,8342.0,494
2026-07-10 10:30:00+00:00,8342.5,8346.5,8337.0,8338.0,331
2026-07-10 10:45:00+00:00,8338.0,8339.0,8327.0,8330.5,273
2026-07-10 11:00:00+00:00,8330.0,8334.5,8329.0,8333.0,328
2026-07-10 11:15:00+00:00,8333.0,8337.0,8329.0,8329.0,263
2026-07-10 11:30:00+00:00,8328.5,8329.0,8320.0,8324.0,522
2026-07-10 11:45:00+00:00,8324.0,8329.5,8322.0,8324.5,250
2026-07-10 12:00:00+00:00,8326.5,8357.5,8319.0,8345.0,1293
2026-07-10 12:15:00+00:00,8344.5,8345.5,8330.0,8331.0,446
2026-07-10 12:30:00+00:00,8331.0,8332.0,8323.0,8327.0,398
2026-07-10 12:45:00+00:00,8327.5,8330.5,8324.0,8326.5,399
2026-07-10 13:00:00+00:00,8327.0,8330.5,8322.0,8330.0,424
2026-07-10 13:15:00+00:00,8329.5,8332.5,8326.0,8330.5,473
2026-07-10 13:30:00+00:00,8331.0,8336.5,8317.5,8327.5,948
2026-07-10 13:45:00+00:00,8327.5,8332.5,8323.0,8323.0,746
2026-07-10 14:00:00+00:00,8322.5,8332.5,8322.0,8331.5,787
2026-07-10 14:15:00+00:00,8331.5,8339.0,8331.0,8334.0,597
2026-07-10 14:30:00+00:00,8333.0,8338.5,8285.5,8329.0,3043
2026-07-10 14:45:00+00:00,8328.5,8334.5,8323.5,8326.5,650
2026-07-10 15:00:00+00:00,8326.5,8328.0,8314.5,8317.0,763
2026-07-10 15:15:00+00:00,8317.5,8330.0,8317.5,8328.5,1012
2026-07-10 15:30:00+00:00,8328.5,8341.5,8324.0,8333.5,3390
2026-07-10 15:45:00+00:00,8334.0,8343.5,8332.5,8341.5,297
2026-07-10 16:00:00+00:00,8342.0,8346.0,8340.0,8344.0,173
2026-07-10 16:15:00+00:00,8345.0,8348.0,8342.0,8343.0,173
2026-07-10 16:30:00+00:00,8342.5,8344.0,8339.5,8344.0,99
2026-07-10 16:45:00+00:00,8344.0,8352.0,8344.0,8350.5,123
2026-07-10 17:00:00+00:00,8351.0,8352.0,8348.5,8350.5,116
2026-07-10 17:15:00+00:00,8351.0,8354.5,8351.0,8354.0,117
2026-07-10 17:30:00+00:00,8354.5,8357.0,8354.5,8355.0,140
2026-07-10 17:45:00+00:00,8355.5,8358.5,8351.5,8352.0,116
2026-07-10 18:00:00+00:00,8351.5,8355.0,8351.0,8353.0,144
2026-07-10 18:15:00+00:00,8353.0,8354.0,8351.0,8353.5,141
2026-07-10 18:30:00+00:00,8354.0,8356.5,8352.5,8353.0,34
2026-07-10 18:45:00+00:00,8353.5,8354.0,8351.5,8351.5,54
2026-07-10 19:00:00+00:00,8351.0,8353.5,8351.0,8353.0,69
2026-07-10 19:15:00+00:00,8353.0,8353.5,8345.0,8348.0,258
2026-07-10 19:30:00+00:00,8347.0,8350.0,8342.5,8343.0,191
2026-07-10 19:45:00+00:00,8342.5,8344.5,8335.5,8343.0,332
2026-07-13 06:00:00+00:00,8276.5,8284.5,8269.0,8273.5,396
2026-07-13 06:15:00+00:00,8273.0,8286.0,8273.0,8286.0,230
2026-07-13 06:30:00+00:00,8286.5,8290.5,8285.5,8290.0,205
2026-07-13 06:45:00+00:00,8289.5,8308.5,8289.5,8308.0,443
2026-07-13 07:00:00+00:00,8307.5,8339.5,8307.0,8338.5,2411
2026-07-13 07:15:00+00:00,8339.0,8341.0,8321.5,8324.5,1206
2026-07-13 07:30:00+00:00,8324.5,8329.5,8313.5,8321.5,642
2026-07-13 07:45:00+00:00,8321.5,8330.0,8316.5,8328.0,548
2026-07-13 08:00:00+00:00,8327.5,8333.0,8322.5,8330.0,634
2026-07-13 08:15:00+00:00,8330.0,8338.0,8327.5,8334.5,556
2026-07-13 08:30:00+00:00,8335.5,8345.0,8335.5,8345.0,586
2026-07-13 08:45:00+00:00,8344.5,8356.5,8343.0,8354.5,649
2026-07-13 09:00:00+00:00,8355.5,8357.0,8345.0,8345.5,459
2026-07-13 09:15:00+00:00,8346.0,8353.0,8343.5,8351.0,267
2026-07-13 09:30:00+00:00,8351.0,8352.5,8347.5,8351.0,311
2026-07-13 09:45:00+00:00,8350.5,8355.0,8350.0,8352.0,250
2026-07-13 10:00:00+00:00,8352.0,8354.0,8342.5,8346.0,394
2026-07-13 10:15:00+00:00,8346.5,8346.5,8333.0,8335.5,287
2026-07-13 10:30:00+00:00,8335.0,8345.0,8333.0,8343.0,267
2026-07-13 10:45:00+00:00,8343.0,8347.5,8341.5,8343.5,201
2026-07-13 11:00:00+00:00,8344.5,8354.0,8344.0,8348.5,493
2026-07-13 11:15:00+00:00,8348.0,8359.0,8347.5,8358.5,237
2026-07-13 11:30:00+00:00,8357.5,8363.5,8355.5,8359.5,296
2026-07-13 11:45:00+00:00,8358.5,8358.5,8345.5,8348.5,391
2026-07-13 12:00:00+00:00,8348.0,8350.5,8339.0,8341.0,593
2026-07-13 12:15:00+00:00,8341.5,8348.0,8341.5,8343.5,258
2026-07-13 12:30:00+00:00,8344.0,8345.0,8334.5,8337.5,383
2026-07-13 12:45:00+00:00,8339.0,8360.5,8338.5,8359.5,376
2026-07-13 13:00:00+00:00,8359.0,8362.5,8349.5,8351.5,479
2026-07-13 13:15:00+00:00,8351.0,8351.0,8343.5,8348.0,390
2026-07-13 13:30:00+00:00,8348.0,8366.0,8346.5,8364.5,745
2026-07-13 13:45:00+00:00,8364.5,8379.5,8360.0,8376.0,845
2026-07-13 14:00:00+00:00,8376.0,8377.5,8362.5,8370.0,887
2026-07-13 14:15:00+00:00,8369.5,8370.5,8328.5,8353.5,2311
2026-07-13 14:30:00+00:00,8354.0,8356.5,8347.0,8351.0,560
2026-07-13 14:45:00+00:00,8351.0,8367.0,8349.0,8364.5,722
2026-07-13 15:00:00+00:00,8363.5,8364.5,8353.0,8355.0,533
2026-07-13 15:15:00+00:00,8354.5,8357.0,8346.0,8353.0,912
2026-07-13 15:30:00+00:00,8352.5,8370.0,8350.0,8364.5,3721
2026-07-13 15:45:00+00:00,8364.5,8365.0,8353.5,8354.5,441
2026-07-13 16:00:00+00:00,8354.5,8363.0,8353.5,8357.0,232
2026-07-13 16:15:00+00:00,8357.5,8357.5,8341.0,8343.0,378
2026-07-13 16:30:00+00:00,8343.5,8344.5,8330.5,8343.0,338
2026-07-13 16:45:00+00:00,8343.5,8344.0,8328.5,8333.0,293
2026-07-13 17:00:00+00:00,8334.0,8343.5,8333.0,8341.5,229
2026-07-13 17:15:00+00:00,8340.5,8344.0,8337.5,8340.0,103
2026-07-13 17:30:00+00:00,8340.5,8344.5,8337.0,8342.0,147
2026-07-13 17:45:00+00:00,8342.5,8343.5,8329.5,8329.5,134
2026-07-13 18:00:00+00:00,8329.0,8334.0,8326.0,8330.0,209
2026-07-13 18:15:00+00:00,8329.5,8329.5,8321.0,8322.0,150
2026-07-13 18:30:00+00:00,8322.0,8328.5,8320.5,8325.0,168
2026-07-13 18:45:00+00:00,8325.0,8329.0,8322.5,8326.0,180
2026-07-13 19:00:00+00:00,8326.5,8331.0,8323.0,8323.5,153
2026-07-13 19:15:00+00:00,8323.5,8325.5,8317.5,8319.0,126
2026-07-13 19:30:00+00:00,8319.5,8323.5,8317.0,8323.5,182
2026-07-13 19:45:00+00:00,8324.0,8334.0,8322.5,8331.0,373
2026-07-14 06:00:00+00:00,8333.0,8342.5,8330.5,8332.5,311
2026-07-14 06:15:00+00:00,8333.5,8336.5,8317.5,8318.5,158
2026-07-14 06:30:00+00:00,8320.5,8323.5,8312.0,8312.5,115
2026-07-14 06:45:00+00:00,8312.0,8313.0,8301.0,8305.5,375
2026-07-14 07:00:00+00:00,8305.0,8320.0,8289.5,8314.0,2544
2026-07-14 07:15:00+00:00,8313.5,8320.5,8303.5,8308.5,1505
2026-07-14 07:30:00+00:00,8309.0,8309.0,8285.5,8286.5,1489
2026-07-14 07:45:00+00:00,8286.5,8299.0,8276.5,8294.0,1279
2026-07-14 08:00:00+00:00,8295.0,8306.5,8288.0,8299.5,780
2026-07-14 08:15:00+00:00,8300.0,8304.5,8292.0,8304.0,766
2026-07-14 08:30:00+00:00,8303.5,8305.0,8290.5,8292.5,426
2026-07-14 08:45:00+00:00,8291.0,8291.5,8279.5,8284.5,861
2026-07-14 09:00:00+00:00,8285.5,8307.0,8281.5,8306.0,602
2026-07-14 09:15:00+00:00,8306.0,8306.0,8295.0,8297.5,405
2026-07-14 09:30:00+00:00,8297.5,8301.5,8294.0,8298.0,625
2026-07-14 09:45:00+00:00,8299.5,8314.0,8298.5,8309.0,778
2026-07-14 10:00:00+00:00,8309.0,8315.5,8305.0,8308.0,482
2026-07-14 10:15:00+00:00,8308.0,8311.5,8303.0,8307.0,398
2026-07-14 10:30:00+00:00,8305.5,8317.5,8299.5,8299.5,776
2026-07-14 10:45:00+00:00,8299.5,8301.5,8287.5,8296.0,447
2026-07-14 11:00:00+00:00,8296.0,8300.5,8288.0,8300.5,580
2026-07-14 11:15:00+00:00,8300.0,8316.0,8300.0,8313.0,506
2026-07-14 11:30:00+00:00,8313.0,8319.0,8306.5,8307.5,395
2026-07-14 11:45:00+00:00,8307.0,8313.5,8304.5,8310.0,448
2026-07-14 12:00:00+00:00,8309.5,8309.5,8296.0,8302.5,670
2026-07-14 12:15:00+00:00,8302.5,8316.5,8300.0,8316.5,481
2026-07-14 12:30:00+00:00,8317.0,8360.0,8317.0,8336.0,1372
2026-07-14 12:45:00+00:00,8336.0,8336.5,8319.5,8322.5,1096
2026-07-14 13:00:00+00:00,8323.0,8347.0,8321.0,8347.0,861
2026-07-14 13:15:00+00:00,8347.0,8348.5,8336.5,8346.0,383
2026-07-14 13:30:00+00:00,8345.5,8370.5,8340.0,8368.0,737
2026-07-14 13:45:00+00:00,8367.5,8374.5,8360.5,8371.0,603
2026-07-14 14:00:00+00:00,8371.0,8371.0,8355.0,8359.5,668
2026-07-14 14:15:00+00:00,8359.0,8360.0,8348.0,8357.5,1112
2026-07-14 14:30:00+00:00,8358.0,8385.0,8352.5,8363.5,1836
2026-07-14 14:45:00+00:00,8361.5,8363.0,8351.0,8359.0,451
2026-07-14 15:00:00+00:00,8359.0,8382.0,8353.5,8376.5,1298
2026-07-14 15:15:00+00:00,8375.0,8377.0,8364.5,8367.0,944
2026-07-14 15:30:00+00:00,8367.5,8374.5,8354.5,8360.5,1628
2026-07-14 15:45:00+00:00,8360.5,8367.0,8352.0,8353.5,201
2026-07-14 16:00:00+00:00,8354.0,8362.0,8350.5,8362.0,177
2026-07-14 16:15:00+00:00,8360.5,8362.0,8356.0,8359.0,78
2026-07-14 16:30:00+00:00,8357.0,8359.5,8356.0,8357.5,69
2026-07-14 16:45:00+00:00,8357.0,8358.5,8349.5,8357.5,106
2026-07-14 17:00:00+00:00,8357.5,8360.5,8354.5,8359.0,69
2026-07-14 17:15:00+00:00,8359.0,8360.0,8355.5,8358.0,152
2026-07-14 17:30:00+00:00,8357.5,8358.0,8350.5,8352.0,67
2026-07-14 17:45:00+00:00,8351.5,8352.0,8347.5,8349.5,82
2026-07-14 18:00:00+00:00,8349.0,8352.0,8346.0,8351.0,114
2026-07-14 18:15:00+00:00,8351.0,8353.0,8349.5,8351.0,68
2026-07-14 18:30:00+00:00,8352.0,8352.0,8341.0,8344.0,192
2026-07-14 18:45:00+00:00,8344.5,8346.5,8342.0,8344.0,68
2026-07-14 19:00:00+00:00,8342.0,8345.0,8340.0,8343.5,60
2026-07-14 19:15:00+00:00,8344.0,8346.0,8341.5,8344.5,82
2026-07-14 19:30:00+00:00,8345.5,8345.5,8337.0,8341.0,290
2026-07-14 19:45:00+00:00,8342.0,8344.0,8337.0,8340.0,278
2026-07-15 06:00:00+00:00,8362.0,8371.0,8356.0,8361.0,663
2026-07-15 06:15:00+00:00,8360.0,8367.5,8357.5,8364.0,257
2026-07-15 06:30:00+00:00,8364.5,8370.5,8357.5,8370.0,311
2026-07-15 06:45:00+00:00,8368.0,8373.5,8363.0,8369.0,260
2026-07-15 07:00:00+00:00,8368.0,8371.0,8324.0,8344.5,3053
2026-07-15 07:15:00+00:00,8344.5,8351.0,8320.0,8323.5,1117
2026-07-15 07:30:00+00:00,8324.0,8345.5,8321.5,8345.0,748
2026-07-15 07:45:00+00:00,8344.5,8358.0,8339.0,8356.5,469
2026-07-15 08:00:00+00:00,8355.5,8361.5,8348.0,8361.5,586
2026-07-15 08:15:00+00:00,8361.5,8371.0,8353.5,8364.5,675
2026-07-15 08:30:00+00:00,8364.0,8375.0,8360.5,8366.5,460
2026-07-15 08:45:00+00:00,8367.0,8374.0,8360.5,8363.0,432
2026-07-15 09:00:00+00:00,8364.0,8377.0,8358.0,8376.5,417
2026-07-15 09:15:00+00:00,8377.0,8378.0,8368.0,8368.0,360
2026-07-15 09:30:00+00:00,8369.0,8370.0,8357.0,8367.0,753
2026-07-15 09:45:00+00:00,8367.0,8367.0,8349.0,8351.0,515
2026-07-15 10:00:00+00:00,8351.0,8362.5,8349.5,8357.0,361
2026-07-15 10:15:00+00:00,8356.5,8359.0,8344.5,8346.0,400
2026-07-15 10:30:00+00:00,8346.5,8352.5,8345.0,8350.0,279
2026-07-15 10:45:00+00:00,8350.5,8354.5,8347.5,8348.5,219
2026-07-15 11:00:00+00:00,8348.5,8351.0,8338.0,8342.5,555
2026-07-15 11:15:00+00:00,8343.0,8346.5,8339.5,8339.5,266
2026-07-15 11:30:00+00:00,8340.5,8352.0,8338.5,8352.0,289
2026-07-15 11:45:00+00:00,8352.0,8356.5,8345.5,8355.5,296
2026-07-15 12:00:00+00:00,8356.0,8365.0,8353.5,8364.5,286
2026-07-15 12:15:00+00:00,8365.0,8370.0,8359.5,8360.5,244
2026-07-15 12:30:00+00:00,8360.0,8376.0,8359.5,8375.5,386
2026-07-15 12:45:00+00:00,8375.5,8377.0,8370.5,8372.5,372
2026-07-15 13:00:00+00:00,8373.0,8380.5,8373.0,8373.5,518
2026-07-15 13:15:00+00:00,8373.5,8380.5,8371.0,8377.0,371
2026-07-15 13:30:00+00:00,8377.5,8390.5,8376.5,8379.0,1002
2026-07-15 13:45:00+00:00,8379.0,8396.5,8371.5,8389.0,756
2026-07-15 14:00:00+00:00,8389.5,8394.5,8382.5,8393.0,814
2026-07-15 14:15:00+00:00,8393.0,8396.5,8384.5,8391.5,748
2026-07-15 14:30:00+00:00,8391.5,8396.0,8382.0,8382.0,701
2026-07-15 14:45:00+00:00,8382.0,8397.0,8377.0,8396.0,647
2026-07-15 15:00:00+00:00,8396.5,8398.5,8381.0,8382.0,1510
2026-07-15 15:15:00+00:00,8382.0,8387.0,8375.0,8377.0,3113
2026-07-15 15:30:00+00:00,8378.0,8391.0,8375.5,8385.0,2758
2026-07-15 15:45:00+00:00,8384.5,8386.0,8373.5,8373.5,265
2026-07-15 16:00:00+00:00,8373.5,8374.0,8359.5,8360.0,346
2026-07-15 16:15:00+00:00,8360.5,8361.5,8351.5,8353.5,302
2026-07-15 16:30:00+00:00,8354.5,8356.0,8348.0,8352.0,179
2026-07-15 16:45:00+00:00,8352.5,8365.0,8351.0,8358.0,493
2026-07-15 17:00:00+00:00,8359.5,8365.5,8359.5,8362.0,93
2026-07-15 17:15:00+00:00,8361.5,8372.0,8361.5,8372.0,108
2026-07-15 17:30:00+00:00,8372.5,8382.0,8371.5,8380.0,94
2026-07-15 17:45:00+00:00,8380.5,8384.0,8379.5,8382.5,88
2026-07-15 18:00:00+00:00,8382.5,8387.5,8381.0,8386.5,92
2026-07-15 18:15:00+00:00,8385.5,8389.0,8384.5,8388.0,92
2026-07-15 18:30:00+00:00,8388.0,8393.0,8388.0,8390.0,145
2026-07-15 18:45:00+00:00,8389.5,8390.0,8382.5,8383.5,135
2026-07-15 19:00:00+00:00,8383.5,8387.0,8381.5,8386.0,191
2026-07-15 19:15:00+00:00,8386.5,8387.0,8378.5,8381.5,125
2026-07-15 19:30:00+00:00,8381.5,8383.5,8373.0,8378.5,228
2026-07-15 19:45:00+00:00,8378.5,8393.0,8373.5,8385.5,394
2026-07-16 06:00:00+00:00,8382.5,8399.5,8382.5,8398.0,380
2026-07-16 06:15:00+00:00,8396.5,8411.0,8396.5,8408.0,279
2026-07-16 06:30:00+00:00,8407.0,8408.0,8395.5,8398.5,285
2026-07-16 06:45:00+00:00,8397.5,8400.0,8391.0,8392.0,328
2026-07-16 07:00:00+00:00,8392.0,8393.0,8359.5,8360.0,1716
2026-07-16 07:15:00+00:00,8359.0,8365.5,8351.0,8359.0,621
2026-07-16 07:30:00+00:00,8359.0,8363.5,8340.5,8345.0,486
2026-07-16 07:45:00+00:00,8345.0,8346.0,8325.5,8331.5,651
2026-07-16 08:00:00+00:00,8331.5,8341.0,8325.5,8325.5,324
2026-07-16 08:15:00+00:00,8326.5,8348.0,8325.5,8342.5,546
2026-07-16 08:30:00+00:00,8344.0,8349.5,8339.5,8344.0,215
2026-07-16 08:45:00+00:00,8344.0,8352.0,8342.0,8343.5,166
2026-07-16 09:00:00+00:00,8342.5,8352.5,8342.5,8348.0,324
2026-07-16 09:15:00+00:00,8348.5,8351.0,8329.5,8335.0,221
2026-07-16 09:30:00+00:00,8335.5,8340.0,8330.0,8331.0,186
2026-07-16 09:45:00+00:00,8329.0,8331.5,8325.0,8330.5,246
2026-07-16 10:00:00+00:00,8329.5,8329.5,8322.5,8322.5,218
2026-07-16 10:15:00+00:00,8323.0,8324.5,8314.5,8323.5,244
2026-07-16 10:30:00+00:00,8323.5,8331.5,8320.5,8324.0,219
2026-07-16 10:45:00+00:00,8325.0,8331.5,8322.5,8324.5,157
2026-07-16 11:00:00+00:00,8325.0,8325.5,8310.0,8311.5,490
2026-07-16 11:15:00+00:00,8311.5,8314.5,8306.0,8309.0,226
2026-07-16 11:30:00+00:00,8308.5,8309.0,8301.0,8305.5,261
2026-07-16 11:45:00+00:00,8305.5,8307.5,8277.0,8306.0,1232
2026-07-16 12:00:00+00:00,8307.0,8314.5,8299.5,8300.5,353
2026-07-16 12:15:00+00:00,8300.5,8301.0,8284.0,8290.0,717
2026-07-16 12:30:00+00:00,8291.0,8297.0,8286.0,8290.5,378
2026-07-16 12:45:00+00:00,8289.5,8306.5,8288.5,8297.5,382
2026-07-16 13:00:00+00:00,8298.0,8321.0,8297.5,8319.0,442
2026-07-16 13:15:00+00:00,8319.5,8319.5,8310.5,8313.5,274
2026-07-16 13:30:00+00:00,8314.0,8318.5,8307.5,8314.5,402
2026-07-16 13:45:00+00:00,8314.5,8330.0,8310.5,8328.5,500
2026-07-16 14:00:00+00:00,8329.0,8338.0,8324.5,8335.0,433
2026-07-16 14:15:00+00:00,8334.5,8336.5,8326.0,8332.5,273
2026-07-16 14:30:00+00:00,8331.5,8337.0,8326.5,8329.5,351
2026-07-16 14:45:00+00:00,8329.0,8344.5,8328.0,8344.0,412
2026-07-16 15:00:00+00:00,8343.5,8356.0,8341.5,8353.0,343
2026-07-16 15:15:00+00:00,8353.5,8366.0,8351.0,8363.5,595
2026-07-16 15:30:00+00:00,8363.5,8377.0,8361.0,8373.0,891
2026-07-16 15:45:00+00:00,8372.0,8372.0,8359.0,8359.0,88
2026-07-16 16:00:00+00:00,8361.0,8361.0,8348.0,8348.0,117
2026-07-16 16:15:00+00:00,8347.5,8351.0,8340.0,8342.0,112
2026-07-16 16:30:00+00:00,8342.0,8347.5,8341.0,8346.0,67
2026-07-16 16:45:00+00:00,8346.0,8353.5,8344.5,8353.5,66
2026-07-16 17:00:00+00:00,8353.0,8353.5,8347.5,8347.5,56
2026-07-16 17:15:00+00:00,8347.5,8351.5,8347.5,8351.5,16
2026-07-16 17:30:00+00:00,8353.0,8353.5,8340.0,8344.0,39
2026-07-16 17:45:00+00:00,8345.0,8345.0,8345.0,8345.0,1
2026-07-16 18:00:00+00:00,8344.5,8349.5,8332.0,8337.5,36
2026-07-16 18:15:00+00:00,8338.0,8347.5,8338.0,8347.5,5
2026-07-16 18:30:00+00:00,8342.5,8344.5,8335.5,8336.5,37
2026-07-16 18:45:00+00:00,8342.0,8344.5,8338.5,8338.5,11
2026-07-16 19:00:00+00:00,8341.5,8342.5,8338.0,8338.0,4
2026-07-16 19:15:00+00:00,8341.0,8344.0,8334.0,8338.5,15
2026-07-16 19:30:00+00:00,8335.0,8338.5,8329.0,8337.0,33
2026-07-16 19:45:00+00:00,8335.0,8357.5,8326.5,8343.0,172
2026-07-17 06:00:00+00:00,8334.5,8334.5,8311.0,8319.0,527
2026-07-17 06:15:00+00:00,8318.0,8338.0,8316.0,8334.0,178
2026-07-17 06:30:00+00:00,8334.0,8336.0,8324.0,8328.0,102
2026-07-17 06:45:00+00:00,8328.5,8338.5,8323.0,8338.0,253
2026-07-17 07:00:00+00:00,8338.0,8353.5,8333.0,8350.0,2692
2026-07-17 07:15:00+00:00,8350.5,8367.0,8347.0,8357.5,1372
2026-07-17 07:30:00+00:00,8357.5,8364.5,8351.5,8364.0,1156
2026-07-17 07:45:00+00:00,8363.0,8370.5,8354.0,8358.5,944
2026-07-17 08:00:00+00:00,8358.5,8369.0,8343.5,8354.0,740
2026-07-17 08:15:00+00:00,8354.0,8354.5,8324.5,8331.0,1034
2026-07-17 08:30:00+00:00,8331.0,8332.0,8319.0,8332.0,988
2026-07-17 08:45:00+00:00,8331.0,8334.5,8324.0,8329.0,699
2026-07-17 09:00:00+00:00,8329.0,8329.0,8311.5,8321.0,1053
2026-07-17 09:15:00+00:00,8320.5,8324.5,8313.5,8324.5,652
2026-07-17 09:30:00+00:00,8323.5,8323.5,8302.0,8304.5,759
2026-07-17 09:45:00+00:00,8304.5,8309.5,8301.5,8308.5,778
2026-07-17 10:00:00+00:00,8309.0,8323.0,8304.5,8322.5,614
2026-07-17 10:15:00+00:00,8323.0,8331.0,8322.0,8330.0,455
2026-07-17 10:30:00+00:00,8331.0,8346.5,8331.0,8338.0,798
2026-07-17 10:45:00+00:00,8338.0,8342.0,8332.0,8334.5,457
2026-07-17 11:00:00+00:00,8334.0,8337.5,8324.5,8324.5,647
2026-07-17 11:15:00+00:00,8325.0,8333.0,8322.0,8322.5,416
2026-07-17 11:30:00+00:00,8323.5,8340.5,8321.5,8337.5,421
2026-07-17 11:45:00+00:00,8337.5,8348.0,8336.5,8346.0,326
2026-07-17 12:00:00+00:00,8346.0,8349.0,8330.0,8332.0,310
2026-07-17 12:15:00+00:00,8333.0,8340.5,8327.0,8336.5,309
2026-07-17 12:30:00+00:00,8336.5,8352.0,8335.5,8350.5,431
2026-07-17 12:45:00+00:00,8350.0,8353.5,8342.5,8346.0,417
2026-07-17 13:00:00+00:00,8346.5,8346.5,8326.5,8328.5,668
2026-07-17 13:15:00+00:00,8328.0,8335.0,8321.0,8331.0,699
2026-07-17 13:30:00+00:00,8330.5,8356.0,8325.0,8346.0,1120
2026-07-17 13:45:00+00:00,8346.5,8360.5,8346.0,8356.5,1486
2026-07-17 14:00:00+00:00,8357.0,8359.5,8344.0,8348.5,1174
2026-07-17 14:15:00+00:00,8348.5,8354.5,8335.5,8341.0,727
2026-07-17 14:30:00+00:00,8339.5,8344.0,8333.5,8337.0,723
2026-07-17 14:45:00+00:00,8336.5,8348.0,8334.5,8345.5,628
2026-07-17 15:00:00+00:00,8346.0,8347.0,8338.0,8340.0,681
2026-07-17 15:15:00+00:00,8341.0,8361.0,8338.5,8360.0,1250
2026-07-17 15:30:00+00:00,8360.0,8367.0,8347.0,8365.5,3423
2026-07-17 15:45:00+00:00,8364.5,8375.0,8361.0,8374.5,468
2026-07-17 16:00:00+00:00,8375.0,8376.5,8360.5,8369.0,560
2026-07-17 16:15:00+00:00,8370.0,8371.5,8357.0,8363.5,247
2026-07-17 16:30:00+00:00,8363.5,8364.5,8355.5,8362.5,145
2026-07-17 16:45:00+00:00,8363.0,8371.5,8360.5,8363.5,346
2026-07-17 17:00:00+00:00,8364.0,8377.0,8363.0,8374.5,283
2026-07-17 17:15:00+00:00,8374.5,8378.0,8371.5,8375.0,234
2026-07-17 17:30:00+00:00,8374.0,8374.5,8364.0,8365.0,173
2026-07-17 17:45:00+00:00,8365.0,8366.0,8356.5,8357.0,104
2026-07-17 18:00:00+00:00,8358.0,8360.0,8354.5,8355.5,110
2026-07-17 18:15:00+00:00,8356.0,8357.0,8353.5,8355.5,64
2026-07-17 18:30:00+00:00,8357.0,8360.0,8351.0,8354.0,45
2026-07-17 18:45:00+00:00,8354.0,8359.0,8352.0,8356.5,122
2026-07-17 19:00:00+00:00,8355.0,8355.0,8348.5,8348.5,57
2026-07-17 19:15:00+00:00,8349.0,8349.5,8335.5,8344.0,238
2026-07-17 19:30:00+00:00,8344.5,8358.0,8344.0,8357.0,111
2026-07-17 19:45:00+00:00,8360.0,8370.5,8356.5,8360.0,372
2026-07-20 06:00:00+00:00,8343.0,8343.0,8327.0,8327.5,369
2026-07-20 06:15:00+00:00,8327.0,8334.0,8326.5,8330.5,156
2026-07-20 06:30:00+00:00,8329.5,8334.5,8323.0,8330.0,209
2026-07-20 06:45:00+00:00,8330.0,8339.0,8327.5,8338.5,251
2026-07-20 07:00:00+00:00,8338.0,8350.5,8330.0,8345.5,1697
2026-07-20 07:15:00+00:00,8346.0,8363.5,8336.0,8359.5,1058
2026-07-20 07:30:00+00:00,8359.5,8376.0,8353.5,8375.5,1361
2026-07-20 07:45:00+00:00,8375.5,8384.0,8363.0,8370.5,1123
2026-07-20 08:00:00+00:00,8371.5,8375.5,8360.0,8373.0,816
2026-07-20 08:15:00+00:00,8373.0,8384.0,8370.0,8380.5,623
2026-07-20 08:30:00+00:00,8380.5,8385.0,8374.0,8375.0,578
2026-07-20 08:45:00+00:00,8374.5,8378.5,8367.0,8378.0,379
2026-07-20 09:00:00+00:00,8378.0,8378.5,8366.0,8370.5,461
2026-07-20 09:15:00+00:00,8371.0,8382.5,8371.0,8380.0,422
2026-07-20 09:30:00+00:00,8379.5,8392.5,8378.5,8389.0,471
2026-07-20 09:45:00+00:00,8387.5,8388.0,8374.0,8381.0,456
2026-07-20 10:00:00+00:00,8382.0,8383.0,8375.5,8378.0,530
2026-07-20 10:15:00+00:00,8377.5,8383.0,8370.0,8373.5,551
2026-07-20 10:30:00+00:00,8373.5,8375.0,8358.0,8363.5,645
2026-07-20 10:45:00+00:00,8362.5,8373.5,8358.0,8371.0,483
2026-07-20 11:00:00+00:00,8372.5,8382.0,8372.0,8373.0,653
2026-07-20 11:15:00+00:00,8373.0,8380.0,8373.0,8378.0,346
2026-07-20 11:30:00+00:00,8377.5,8412.0,8376.0,8403.5,2504
2026-07-20 11:45:00+00:00,8404.0,8407.5,8388.5,8403.0,686
2026-07-20 12:00:00+00:00,8403.0,8403.0,8374.5,8390.5,1535
2026-07-20 12:15:00+00:00,8390.0,8395.0,8385.0,8391.5,421
2026-07-20 12:30:00+00:00,8392.5,8396.5,8380.5,8380.5,652
2026-07-20 12:45:00+00:00,8381.0,8382.5,8359.5,8364.0,583
2026-07-20 13:00:00+00:00,8364.0,8365.0,8346.0,8346.0,1419
2026-07-20 13:15:00+00:00,8346.5,8361.0,8343.0,8359.0,749
2026-07-20 13:30:00+00:00,8358.0,8365.0,8341.5,8345.5,1330
2026-07-20 13:45:00+00:00,8345.5,8353.0,8335.5,8351.0,1720
2026-07-20 14:00:00+00:00,8351.0,8357.5,8346.0,8354.0,1024
2026-07-20 14:15:00+00:00,8354.5,8368.0,8354.5,8368.0,572
2026-07-20 14:30:00+00:00,8368.0,8372.0,8362.0,8367.5,632
2026-07-20 14:45:00+00:00,8367.0,8371.0,8356.5,8362.5,486
2026-07-20 15:00:00+00:00,8362.0,8370.5,8354.0,8364.0,1326
2026-07-20 15:15:00+00:00,8364.5,8374.0,8364.0,8372.0,1050
2026-07-20 15:30:00+00:00,8372.5,8372.5,8346.5,8350.0,1851
2026-07-20 15:45:00+00:00,8350.0,8359.0,8345.5,8356.5,308
2026-07-20 16:00:00+00:00,8356.0,8365.0,8356.0,8362.5,237
2026-07-20 16:15:00+00:00,8363.0,8364.0,8355.5,8356.5,131
2026-07-20 16:30:00+00:00,8357.0,8357.5,8338.5,8346.5,655
2026-07-20 16:45:00+00:00,8345.5,8350.5,8342.5,8344.0,117
2026-07-20 17:00:00+00:00,8345.5,8345.5,8334.0,8335.0,143
2026-07-20 17:15:00+00:00,8334.5,8337.0,8330.5,8334.0,100
2026-07-20 17:30:00+00:00,8335.0,8338.0,8328.0,8329.5,102
2026-07-20 17:45:00+00:00,8329.0,8334.0,8329.0,8331.0,54
2026-07-20 18:00:00+00:00,8332.5,8337.5,8332.5,8336.5,59
2026-07-20 18:15:00+00:00,8335.5,8337.0,8327.5,8329.5,191
2026-07-20 18:30:00+00:00,8329.5,8329.5,8311.0,8311.0,238
2026-07-20 18:45:00+00:00,8311.5,8317.0,8311.0,8316.0,66
2026-07-20 19:00:00+00:00,8317.0,8319.0,8302.0,8302.0,185
2026-07-20 19:15:00+00:00,8301.5,8310.0,8299.5,8309.0,335
2026-07-20 19:30:00+00:00,8308.5,8313.5,8307.0,8312.0,157
2026-07-20 19:45:00+00:00,8311.5,8318.0,8306.5,8309.0,408
2026-07-21 06:00:00+00:00,8347.0,8362.0,8347.0,8352.5,589
2026-07-21 06:15:00+00:00,8352.5,8353.0,8346.5,8348.0,167
2026-07-21 06:30:00+00:00,8349.0,8359.0,8348.5,8356.0,275
2026-07-21 06:45:00+00:00,8357.0,8357.0,8348.5,8356.5,252
2026-07-21 07:00:00+00:00,8357.0,8383.0,8353.5,8366.0,2017
2026-07-21 07:15:00+00:00,8365.0,8375.0,8353.0,8358.0,1009
2026-07-21 07:30:00+00:00,8359.0,8368.0,8351.0,8359.5,624
2026-07-21 07:45:00+00:00,8359.5,8367.0,8358.0,8362.5,556
2026-07-21 08:00:00+00:00,8362.5,8365.0,8350.5,8365.0,488
2026-07-21 08:15:00+00:00,8364.5,8369.5,8358.5,8359.0,461
2026-07-21 08:30:00+00:00,8360.5,8371.0,8357.5,8370.5,290
2026-07-21 08:45:00+00:00,8370.5,8370.5,8360.5,8363.0,237
2026-07-21 09:00:00+00:00,8363.0,8378.5,8362.5,8378.5,541
2026-07-21 09:15:00+00:00,8379.0,8387.0,8375.0,8375.5,561
2026-07-21 09:30:00+00:00,8374.5,8384.5,8373.5,8378.5,341
2026-07-21 09:45:00+00:00,8377.5,8394.0,8376.5,8382.5,558
2026-07-21 10:00:00+00:00,8382.5,8394.0,8380.5,8383.5,793
2026-07-21 10:15:00+00:00,8383.5,8386.0,8379.0,8381.0,237
2026-07-21 10:30:00+00:00,8381.0,8389.5,8378.5,8383.5,397
2026-07-21 10:45:00+00:00,8383.0,8389.0,8378.5,8379.5,413
2026-07-21 11:00:00+00:00,8380.0,8382.5,8361.5,8364.5,373
2026-07-21 11:15:00+00:00,8365.0,8367.5,8358.0,8363.0,595
2026-07-21 11:30:00+00:00,8363.5,8369.0,8360.0,8364.5,331
2026-07-21 11:45:00+00:00,8365.0,8366.5,8358.0,8362.0,303
2026-07-21 12:00:00+00:00,8362.0,8365.5,8357.5,8362.5,372
2026-07-21 12:15:00+00:00,8362.5,8364.0,8345.0,8345.0,800
2026-07-21 12:30:00+00:00,8345.0,8359.0,8342.0,8347.5,696
2026-07-21 12:45:00+00:00,8348.0,8361.5,8346.0,8360.5,640
2026-07-21 13:00:00+00:00,8361.0,8361.0,8349.5,8352.5,527
2026-07-21 13:15:00+00:00,8352.0,8354.0,8344.0,8347.0,351
2026-07-21 13:30:00+00:00,8347.0,8352.5,8316.5,8319.0,1144
2026-07-21 13:45:00+00:00,8319.0,8330.5,8316.0,8324.5,863
2026-07-21 14:00:00+00:00,8325.0,8349.5,8323.0,8348.0,918
2026-07-21 14:15:00+00:00,8348.5,8358.5,8346.0,8352.0,586
2026-07-21 14:30:00+00:00,8353.0,8360.5,8350.5,8358.5,634
2026-07-21 14:45:00+00:00,8359.0,8368.5,8357.5,8362.5,631
2026-07-21 15:00:00+00:00,8362.5,8367.5,8358.0,8365.5,697
2026-07-21 15:15:00+00:00,8366.0,8376.5,8366.0,8371.5,966
2026-07-21 15:30:00+00:00,8372.0,8384.5,8365.5,8381.5,3227
2026-07-21 15:45:00+00:00,8382.0,8392.5,8380.0,8389.0,544
2026-07-21 16:00:00+00:00,8388.0,8401.5,8388.0,8400.0,426
2026-07-21 16:15:00+00:00,8399.5,8400.5,8398.0,8399.0,155
2026-07-21 16:30:00+00:00,8399.0,8400.5,8397.0,8399.5,80
2026-07-21 16:45:00+00:00,8400.5,8406.0,8399.5,8402.5,158
2026-07-21 17:00:00+00:00,8403.0,8406.0,8402.0,8405.0,111
2026-07-21 17:15:00+00:00,8404.0,8405.0,8402.0,8404.5,115
2026-07-21 17:30:00+00:00,8405.0,8406.5,8403.0,8405.0,72
2026-07-21 17:45:00+00:00,8405.5,8407.5,8405.0,8406.0,69
2026-07-21 18:00:00+00:00,8405.5,8408.5,8405.0,8407.0,62
2026-07-21 18:15:00+00:00,8406.0,8409.5,8404.5,8409.0,129
2026-07-21 18:30:00+00:00,8409.5,8411.0,8408.0,8411.0,53
2026-07-21 18:45:00+00:00,8411.0,8411.5,8409.5,8410.0,63
2026-07-21 19:00:00+00:00,8411.0,8411.0,8405.5,8408.5,79
2026-07-21 19:15:00+00:00,8409.5,8410.5,8406.0,8409.0,65
2026-07-21 19:30:00+00:00,8409.0,8410.0,8405.5,8408.0,128
2026-07-21 19:45:00+00:00,8407.5,8412.5,8405.5,8412.5,284
2026-07-22 06:00:00+00:00,8398.5,8418.0,8398.5,8417.0,424
2026-07-22 06:15:00+00:00,8416.0,8416.5,8398.5,8401.0,236
2026-07-22 06:30:00+00:00,8400.0,8404.0,8395.0,8398.5,141
2026-07-22 06:45:00+00:00,8398.0,8398.0,8378.5,8382.5,452
2026-07-22 07:00:00+00:00,8381.5,8382.0,8364.0,8377.0,2756
2026-07-22 07:15:00+00:00,8377.5,8414.5,8377.5,8409.5,1021
2026-07-22 07:30:00+00:00,8409.5,8412.0,8387.5,8391.5,927
2026-07-22 07:45:00+00:00,8391.0,8410.0,8391.0,8410.0,812
2026-07-22 08:00:00+00:00,8410.5,8440.5,8409.5,8429.5,1538
2026-07-22 08:15:00+00:00,8429.5,8444.0,8428.5,8442.0,1232
2026-07-22 08:30:00+00:00,8441.5,8453.0,8438.5,8441.0,1111
2026-07-22 08:45:00+00:00,8441.5,8459.0,8441.0,8459.0,871
2026-07-22 09:00:00+00:00,8458.5,8469.0,8456.5,8466.0,986
2026-07-22 09:15:00+00:00,8465.5,8476.0,8462.5,8462.5,829
2026-07-22 09:30:00+00:00,8462.5,8462.5,8437.5,8438.5,748
2026-07-22 09:45:00+00:00,8437.5,8440.0,8429.5,8440.0,618
2026-07-22 10:00:00+00:00,8439.5,8447.0,8438.5,8443.0,467
2026-07-22 10:15:00+00:00,8443.5,8463.0,8441.0,8462.0,625
2026-07-22 10:30:00+00:00,8461.0,8468.5,8457.5,8458.0,546
2026-07-22 10:45:00+00:00,8458.0,8469.5,8457.5,8461.0,379
2026-07-22 11:00:00+00:00,8462.0,8462.0,8452.0,8457.0,597
2026-07-22 11:15:00+00:00,8456.5,8456.5,8448.0,8455.0,429
2026-07-22 11:30:00+00:00,8456.0,8464.0,8438.5,8449.0,718
2026-07-22 11:45:00+00:00,8448.0,8458.5,8446.5,8450.5,465
2026-07-22 12:00:00+00:00,8450.5,8466.5,8450.5,8466.0,374
2026-07-22 12:15:00+00:00,8466.5,8468.5,8458.0,8464.0,431
2026-07-22 12:30:00+00:00,8464.5,8478.0,8464.5,8473.0,566
2026-07-22 12:45:00+00:00,8473.5,8474.0,8453.5,8466.5,1590
2026-07-22 13:00:00+00:00,8465.0,8476.0,8465.0,8473.5,557
2026-07-22 13:15:00+00:00,8473.0,8485.5,8472.5,8482.0,768
2026-07-22 13:30:00+00:00,8483.0,8488.5,8456.5,8462.0,1520
2026-07-22 13:45:00+00:00,8462.5,8477.0,8461.5,8476.5,1324
2026-07-22 14:00:00+00:00,8476.5,8484.0,8467.0,8470.0,1246
2026-07-22 14:15:00+00:00,8470.0,8475.5,8465.5,8472.5,1082
2026-07-22 14:30:00+00:00,8472.0,8474.0,8467.0,8469.5,729
2026-07-22 14:45:00+00:00,8470.5,8477.5,8466.0,8472.0,764
2026-07-22 15:00:00+00:00,8472.0,8473.5,8465.5,8466.0,721
2026-07-22 15:15:00+00:00,8465.5,8466.5,8458.5,8461.5,1466
2026-07-22 15:30:00+00:00,8461.5,8471.5,8456.5,8471.5,2940
2026-07-22 15:45:00+00:00,8472.0,8474.5,8468.5,8472.5,320
2026-07-22 16:00:00+00:00,8472.5,8474.0,8470.0,8470.5,126
2026-07-22 16:15:00+00:00,8471.0,8471.0,8461.5,8464.5,224
2026-07-22 16:30:00+00:00,8464.5,8473.0,8464.5,8472.0,176
2026-07-22 16:45:00+00:00,8472.0,8477.5,8470.5,8475.5,112
2026-07-22 17:00:00+00:00,8475.5,8476.5,8470.0,8473.0,155
2026-07-22 17:15:00+00:00,8472.5,8475.5,8471.5,8474.0,88
2026-07-22 17:30:00+00:00,8474.0,8476.0,8472.5,8473.0,77
2026-07-22 17:45:00+00:00,8473.5,8474.0,8469.5,8470.0,55
2026-07-22 18:00:00+00:00,8470.5,8471.0,8462.0,8462.5,166
2026-07-22 18:15:00+00:00,8462.0,8463.5,8458.0,8462.0,144
2026-07-22 18:30:00+00:00,8461.5,8462.0,8458.0,8461.5,98
2026-07-22 18:45:00+00:00,8462.0,8465.0,8461.0,8462.0,64
2026-07-22 19:00:00+00:00,8461.5,8462.5,8455.0,8455.0,84
2026-07-22 19:15:00+00:00,8454.5,8459.5,8454.5,8459.5,98
2026-07-22 19:30:00+00:00,8459.0,8460.5,8456.0,8459.0,91
2026-07-22 19:45:00+00:00,8458.5,8462.0,8454.5,8459.0,318
2026-07-23 06:00:00+00:00,8449.0,8449.5,8436.5,8443.5,643
2026-07-23 06:15:00+00:00,8443.5,8445.5,8440.5,8441.5,224
2026-07-23 06:30:00+00:00,8441.0,8442.0,8436.5,8436.5,199
2026-07-23 06:45:00+00:00,8438.0,8442.0,8425.0,8426.0,392
2026-07-23 07:00:00+00:00,8426.0,8428.5,8356.0,8366.0,4524
2026-07-23 07:15:00+00:00,8366.0,8380.0,8354.5,8373.0,2253
2026-07-23 07:30:00+00:00,8374.0,8379.0,8366.0,8371.0,1317
2026-07-23 07:45:00+00:00,8370.0,8382.5,8359.0,8380.0,1134
2026-07-23 08:00:00+00:00,8380.5,8385.0,8363.0,8372.5,993
2026-07-23 08:15:00+00:00,8372.0,8392.0,8371.0,8390.5,918
2026-07-23 08:30:00+00:00,8389.0,8394.0,8373.5,8373.5,526
2026-07-23 08:45:00+00:00,8374.0,8380.5,8365.0,8380.5,572
2026-07-23 09:00:00+00:00,8380.0,8394.0,8378.5,8380.0,823
2026-07-23 09:15:00+00:00,8379.0,8381.5,8365.5,8368.0,534
2026-07-23 09:30:00+00:00,8368.5,8375.0,8365.0,8369.0,545
2026-07-23 09:45:00+00:00,8370.5,8376.0,8359.5,8362.5,375
2026-07-23 10:00:00+00:00,8363.5,8367.5,8353.0,8354.0,819
2026-07-23 10:15:00+00:00,8354.0,8361.5,8353.0,8356.5,678
2026-07-23 10:30:00+00:00,8357.0,8367.0,8356.5,8363.5,539
2026-07-23 10:45:00+00:00,8363.5,8377.0,8363.0,8372.5,379
2026-07-23 11:00:00+00:00,8372.0,8374.0,8354.5,8359.5,808
2026-07-23 11:15:00+00:00,8359.0,8362.0,8348.5,8352.0,553
2026-07-23 11:30:00+00:00,8352.0,8356.0,8338.5,8343.5,595
2026-07-23 11:45:00+00:00,8344.0,8370.5,8342.5,8360.0,818
2026-07-23 12:00:00+00:00,8360.0,8362.0,8346.5,8348.0,962
2026-07-23 12:15:00+00:00,8348.0,8356.5,8333.0,8341.0,1907
2026-07-23 12:30:00+00:00,8339.0,8342.5,8323.5,8327.5,894
2026-07-23 12:45:00+00:00,8327.5,8331.0,8313.5,8317.0,1177
2026-07-23 13:00:00+00:00,8316.0,8317.5,8297.5,8309.0,1391
2026-07-23 13:15:00+00:00,8309.0,8315.0,8300.0,8303.0,900
2026-07-23 13:30:00+00:00,8302.5,8333.5,8300.0,8327.5,1142
2026-07-23 13:45:00+00:00,8328.0,8329.0,8311.5,8313.5,936
2026-07-23 14:00:00+00:00,8313.5,8327.0,8307.0,8322.5,921
2026-07-23 14:15:00+00:00,8322.5,8325.5,8310.0,8320.0,660
2026-07-23 14:30:00+00:00,8320.5,8326.5,8307.5,8316.5,626
2026-07-23 14:45:00+00:00,8316.5,8324.5,8309.5,8322.5,722
2026-07-23 15:00:00+00:00,8323.5,8323.5,8308.0,8312.0,946
2026-07-23 15:15:00+00:00,8311.0,8314.5,8293.5,8298.5,2253
2026-07-23 15:30:00+00:00,8299.5,8329.0,8292.0,8325.5,4338
2026-07-23 15:45:00+00:00,8326.0,8326.5,8317.5,8326.0,469
2026-07-23 16:00:00+00:00,8326.0,8328.5,8321.5,8326.5,325
2026-07-23 16:15:00+00:00,8327.0,8343.5,8327.0,8343.5,353
2026-07-23 16:30:00+00:00,8342.5,8342.5,8329.0,8329.5,221
2026-07-23 16:45:00+00:00,8327.5,8328.0,8322.0,8328.0,166
2026-07-23 17:00:00+00:00,8326.5,8327.5,8314.5,8320.5,272
2026-07-23 17:15:00+00:00,8320.5,8327.5,8319.5,8322.0,102
2026-07-23 17:30:00+00:00,8322.0,8322.5,8316.0,8317.5,64
2026-07-23 17:45:00+00:00,8317.5,8321.0,8314.0,8314.5,58
2026-07-23 18:00:00+00:00,8314.0,8314.5,8307.5,8308.0,110
2026-07-23 18:15:00+00:00,8308.0,8316.5,8308.0,8316.5,116
2026-07-23 18:30:00+00:00,8316.5,8320.5,8313.5,8314.5,436
2026-07-23 18:45:00+00:00,8316.5,8317.5,8312.0,8316.0,116
2026-07-23 19:00:00+00:00,8316.0,8318.5,8310.5,8311.5,163
2026-07-23 19:15:00+00:00,8311.5,8322.0,8311.5,8320.0,159
2026-07-23 19:30:00+00:00,8320.0,8323.5,8312.0,8312.0,132
2026-07-23 19:45:00+00:00,8312.0,8320.0,8306.0,8320.0,532
2026-07-24 06:00:00+00:00,8304.0,8313.0,8300.0,8304.0,483
2026-07-24 06:15:00+00:00,8304.5,8313.0,8299.0,8300.5,176
2026-07-24 06:30:00+00:00,8298.5,8302.0,8291.0,8291.0,208
2026-07-24 06:45:00+00:00,8291.5,8312.5,8280.0,8307.5,710
2026-07-24 07:00:00+00:00,8307.5,8329.0,8293.0,8326.5,2152
2026-07-24 07:15:00+00:00,8327.5,8338.0,8320.5,8330.5,1094
2026-07-24 07:30:00+00:00,8329.5,8336.0,8316.0,8320.0,891
2026-07-24 07:45:00+00:00,8319.0,8325.5,8312.5,8318.5,482
2026-07-24 08:00:00+00:00,8318.0,8326.0,8311.5,8321.5,405
2026-07-24 08:15:00+00:00,8321.0,8336.5,8318.0,8336.5,471
2026-07-24 08:30:00+00:00,8337.0,8350.0,8334.5,8340.0,723
2026-07-24 08:45:00+00:00,8340.0,8344.0,8334.0,8338.0,381
2026-07-24 09:00:00+00:00,8338.0,8352.0,8334.5,8348.0,518
2026-07-24 09:15:00+00:00,8347.5,8352.0,8344.0,8345.0,412
2026-07-24 09:30:00+00:00,8345.0,8353.5,8343.0,8350.0,329
2026-07-24 09:45:00+00:00,8350.0,8352.5,8347.0,8349.5,329
2026-07-24 10:00:00+00:00,8349.5,8351.5,8338.0,8341.5,418
2026-07-24 10:15:00+00:00,8341.0,8348.5,8338.5,8347.0,243
2026-07-24 10:30:00+00:00,8348.0,8351.5,8342.5,8347.5,227
2026-07-24 10:45:00+00:00,8348.0,8353.0,8347.5,8348.0,253
2026-07-24 11:00:00+00:00,8348.0,8352.0,8342.0,8343.5,274
2026-07-24 11:15:00+00:00,8344.0,8344.0,8334.0,8338.0,277
2026-07-24 11:30:00+00:00,8338.5,8344.5,8331.0,8337.0,405
2026-07-24 11:45:00+00:00,8337.5,8357.0,8333.5,8350.5,476
2026-07-24 12:00:00+00:00,8351.5,8355.5,8345.0,8353.5,354
2026-07-24 12:15:00+00:00,8353.5,8357.5,8341.0,8348.5,535
2026-07-24 12:30:00+00:00,8348.0,8350.5,8341.0,8343.5,325
2026-07-24 12:45:00+00:00,8344.0,8344.5,8332.5,8334.0,272
2026-07-24 13:00:00+00:00,8335.0,8346.5,8335.0,8346.5,283
2026-07-24 13:15:00+00:00,8346.5,8359.0,8346.0,8357.5,316
2026-07-24 13:30:00+00:00,8358.0,8362.0,8348.0,8351.0,933
2026-07-24 13:45:00+00:00,8351.5,8361.5,8346.0,8347.0,737
2026-07-24 14:00:00+00:00,8347.0,8358.5,8344.5,8356.5,505
2026-07-24 14:15:00+00:00,8355.5,8358.0,8345.5,8348.0,715
2026-07-24 14:30:00+00:00,8349.0,8357.5,8348.0,8349.5,497
2026-07-24 14:45:00+00:00,8348.0,8357.0,8341.5,8353.5,447
2026-07-24 15:00:00+00:00,8353.5,8373.5,8349.0,8371.5,1050
2026-07-24 15:15:00+00:00,8371.0,8388.5,8369.5,8386.5,1938
2026-07-24 15:30:00+00:00,8387.0,8399.0,8382.0,8397.0,3034
2026-07-24 15:45:00+00:00,8397.5,8399.0,8392.5,8397.0,385
2026-07-24 16:00:00+00:00,8397.0,8399.5,8394.5,8396.0,597
2026-07-24 16:15:00+00:00,8395.5,8400.0,8395.0,8398.0,125
2026-07-24 16:30:00+00:00,8397.5,8397.5,8389.0,8390.5,240
2026-07-24 16:45:00+00:00,8390.0,8394.5,8387.0,8393.0,129
2026-07-24 17:00:00+00:00,8393.5,8395.0,8380.0,8384.5,582
2026-07-24 17:15:00+00:00,8385.0,8395.5,8384.5,8395.5,97
2026-07-24 17:30:00+00:00,8395.0,8396.0,8387.5,8387.5,58
2026-07-24 17:45:00+00:00,8387.0,8391.0,8387.0,8387.5,33
2026-07-24 18:00:00+00:00,8388.0,8389.5,8384.0,8385.0,48
2026-07-24 18:15:00+00:00,8384.0,8386.0,8376.5,8377.5,105
2026-07-24 18:30:00+00:00,8377.5,8377.5,8366.0,8368.5,247
2026-07-24 18:45:00+00:00,8369.0,8374.5,8369.0,8373.0,111
2026-07-24 19:00:00+00:00,8373.5,8374.5,8366.0,8366.0,132
2026-07-24 19:15:00+00:00,8366.5,8370.0,8364.0,8366.5,161
2026-07-24 19:30:00+00:00,8367.0,8375.5,8366.0,8375.5,150
2026-07-24 19:45:00+00:00,8375.5,8376.0,8369.0,8372.0,248
2026-07-27 06:00:00+00:00,8450.0,8462.0,8448.0,8458.0,739
2026-07-27 06:15:00+00:00,8457.5,8464.5,8456.5,8459.0,210
2026-07-27 06:30:00+00:00,8459.0,8465.5,8458.0,8461.5,253
2026-07-27 06:45:00+00:00,8460.5,8461.0,8450.5,8453.0,576
2026-07-27 07:00:00+00:00,8454.5,8483.0,8448.5,8465.0,3994
2026-07-27 07:15:00+00:00,8465.5,8468.5,8446.0,8446.0,1531
2026-07-27 07:30:00+00:00,8447.0,8456.0,8436.5,8445.0,1183
2026-07-27 07:45:00+00:00,8445.0,8451.5,8429.0,8429.0,1060
2026-07-27 08:00:00+00:00,8429.0,8433.5,8417.0,8432.0,811
2026-07-27 08:15:00+00:00,8432.0,8432.0,8417.5,8430.0,593
2026-07-27 08:30:00+00:00,8429.5,8445.0,8425.0,8444.5,581
2026-07-27 08:45:00+00:00,8445.0,8450.5,8441.0,8449.5,488
2026-07-27 09:00:00+00:00,8449.0,8453.0,8444.5,8446.0,406
2026-07-27 09:15:00+00:00,8446.0,8450.5,8440.5,8445.5,408
2026-07-27 09:30:00+00:00,8446.0,8452.5,8444.5,8448.0,397
2026-07-27 09:45:00+00:00,8447.5,8453.0,8444.5,8447.0,325
2026-07-27 10:00:00+00:00,8446.5,8451.0,8441.0,8448.0,416
2026-07-27 10:15:00+00:00,8448.5,8456.0,8447.0,8453.0,386
2026-07-27 10:30:00+00:00,8453.5,8458.0,8451.0,8456.0,289
2026-07-27 10:45:00+00:00,8456.0,8467.0,8456.0,8461.0,465
2026-07-27 11:00:00+00:00,8461.5,8471.5,8461.0,8470.5,502
2026-07-27 11:15:00+00:00,8471.0,8471.0,8461.0,8461.0,446
2026-07-27 11:30:00+00:00,8461.5,8475.0,8461.5,8470.5,561
2026-07-27 11:45:00+00:00,8471.0,8474.0,8466.5,8466.5,320
2026-07-27 12:00:00+00:00,8466.5,8468.5,8453.5,8454.0,390
2026-07-27 12:15:00+00:00,8454.0,8460.0,8450.5,8455.0,369
2026-07-27 12:30:00+00:00,8455.5,8463.5,8453.5,8458.5,311
2026-07-27 12:45:00+00:00,8458.5,8465.5,8456.0,8465.5,813
2026-07-27 13:00:00+00:00,8465.5,8467.5,8452.0,8461.0,831
2026-07-27 13:15:00+00:00,8461.5,8463.5,8451.5,8451.5,447
2026-07-27 13:30:00+00:00,8452.5,8467.5,8448.0,8458.5,1145
2026-07-27 13:45:00+00:00,8459.0,8472.0,8451.0,8452.0,789
2026-07-27 14:00:00+00:00,8452.0,8463.5,8448.0,8458.5,902
2026-07-27 14:15:00+00:00,8459.0,8461.0,8439.0,8439.5,940
2026-07-27 14:30:00+00:00,8440.0,8450.5,8430.5,8442.5,2110
2026-07-27 14:45:00+00:00,8442.5,8461.0,8442.0,8460.0,871
2026-07-27 15:00:00+00:00,8460.5,8460.5,8447.0,8452.0,1002
2026-07-27 15:15:00+00:00,8452.0,8457.0,8446.5,8451.5,1747
2026-07-27 15:30:00+00:00,8451.5,8452.0,8419.0,8427.0,4023
2026-07-27 15:45:00+00:00,8427.5,8439.5,8416.0,8419.0,1764
2026-07-27 16:00:00+00:00,8419.5,8424.5,8416.0,8416.5,284
2026-07-27 16:15:00+00:00,8417.5,8437.5,8414.0,8433.0,558
2026-07-27 16:30:00+00:00,8433.0,8437.5,8429.5,8431.0,194
2026-07-27 16:45:00+00:00,8432.0,8432.0,8415.0,8416.5,168
2026-07-27 17:00:00+00:00,8417.0,8422.5,8413.0,8422.0,247
2026-07-27 17:15:00+00:00,8421.5,8428.5,8420.0,8426.0,155
2026-07-27 17:30:00+00:00,8426.0,8430.0,8425.0,8428.0,94
2026-07-27 17:45:00+00:00,8428.0,8432.0,8425.5,8429.5,205
2026-07-27 18:00:00+00:00,8431.0,8432.0,8427.0,8427.5,91
2026-07-27 18:15:00+00:00,8427.0,8427.5,8423.0,8427.5,41
2026-07-27 18:30:00+00:00,8427.0,8431.5,8421.5,8429.0,288
2026-07-27 18:45:00+00:00,8428.5,8440.0,8428.0,8440.0,117
2026-07-27 19:00:00+00:00,8440.5,8444.5,8437.0,8442.5,174
2026-07-27 19:15:00+00:00,8442.5,8445.5,8441.0,8444.0,145
2026-07-27 19:30:00+00:00,8443.5,8448.0,8443.0,8444.0,226
2026-07-27 19:45:00+00:00,8444.0,8445.5,8434.5,8440.5,390
2026-07-28 06:00:00+00:00,8421.0,8439.0,8421.0,8431.5,418
2026-07-28 06:15:00+00:00,8431.0,8453.0,8431.0,8447.5,385
2026-07-28 06:30:00+00:00,8447.0,8464.0,8446.5,8461.5,418
2026-07-28 06:45:00+00:00,8460.5,8465.5,8450.5,8452.5,543
2026-07-28 07:00:00+00:00,8454.0,8488.0,8450.5,8453.5,2683
2026-07-28 07:15:00+00:00,8454.0,8485.5,8453.5,8469.0,1068
2026-07-28 07:30:00+00:00,8468.5,8471.0,8433.5,8433.5,1163
2026-07-28 07:45:00+00:00,8433.0,8439.0,8420.5,8434.0,1180
2026-07-28 08:00:00+00:00,8434.0,8451.0,8427.0,8438.0,941
2026-07-28 08:15:00+00:00,8438.0,8449.5,8429.5,8449.5,917
2026-07-28 08:30:00+00:00,8449.5,8460.0,8437.5,8457.0,639
2026-07-28 08:45:00+00:00,8457.0,8463.5,8443.0,8449.0,912
2026-07-28 09:00:00+00:00,8449.0,8462.5,8446.5,8456.0,506
2026-07-28 09:15:00+00:00,8457.5,8475.5,8456.0,8475.0,442
2026-07-28 09:30:00+00:00,8475.5,8477.5,8469.5,8472.5,438
2026-07-28 09:45:00+00:00,8473.5,8477.0,8469.5,8473.5,401
2026-07-28 10:00:00+00:00,8473.5,8475.0,8456.5,8463.0,498
2026-07-28 10:15:00+00:00,8463.0,8463.0,8452.5,8458.0,288
2026-07-28 10:30:00+00:00,8459.0,8459.5,8444.0,8446.0,499
2026-07-28 10:45:00+00:00,8446.5,8449.5,8441.0,8446.0,304
2026-07-28 11:00:00+00:00,8445.5,8450.0,8431.0,8433.0,554
2026-07-28 11:15:00+00:00,8433.0,8449.5,8433.0,8434.0,698
2026-07-28 11:30:00+00:00,8433.5,8437.5,8425.0,8426.5,409
2026-07-28 11:45:00+00:00,8426.5,8434.5,8426.5,8433.5,320
2026-07-28 12:00:00+00:00,8432.5,8444.5,8432.5,8437.5,279
2026-07-28 12:15:00+00:00,8437.0,8440.0,8435.0,8436.5,332
2026-07-28 12:30:00+00:00,8437.0,8439.5,8425.5,8426.0,592
2026-07-28 12:45:00+00:00,8426.0,8432.0,8424.0,8428.0,565
2026-07-28 13:00:00+00:00,8428.0,8428.0,8414.0,8423.5,680
2026-07-28 13:15:00+00:00,8423.0,8425.0,8416.5,8421.5,549
2026-07-28 13:30:00+00:00,8421.5,8446.5,8417.0,8440.5,1047
2026-07-28 13:45:00+00:00,8441.0,8453.0,8432.5,8453.0,659
2026-07-28 14:00:00+00:00,8452.0,8472.0,8449.5,8470.0,1164
2026-07-28 14:15:00+00:00,8470.5,8479.0,8464.5,8478.0,791
2026-07-28 14:30:00+00:00,8477.5,8481.5,8471.0,8473.0,1004
2026-07-28 14:45:00+00:00,8472.5,8472.5,8458.5,8460.5,839
2026-07-28 15:00:00+00:00,8461.0,8469.0,8448.5,8465.5,1176
2026-07-28 15:15:00+00:00,8465.5,8486.5,8465.5,8479.5,2279
2026-07-28 15:30:00+00:00,8479.0,8494.5,8470.0,8494.0,2472
2026-07-28 15:45:00+00:00,8494.0,8497.0,8490.5,8496.5,478
2026-07-28 16:00:00+00:00,8496.0,8498.5,8487.5,8497.0,665
2026-07-28 16:15:00+00:00,8497.0,8499.0,8492.5,8497.5,233
2026-07-28 16:30:00+00:00,8496.5,8503.5,8495.5,8502.0,182
2026-07-28 16:45:00+00:00,8503.0,8511.0,8500.0,8509.5,226
2026-07-28 17:00:00+00:00,8509.5,8512.5,8501.0,8501.5,211
2026-07-28 17:15:00+00:00,8501.0,8505.5,8496.5,8496.5,157
2026-07-28 17:30:00+00:00,8494.5,8500.0,8490.5,8491.0,92
2026-07-28 17:45:00+00:00,8491.0,8493.5,8488.0,8490.0,96
2026-07-28 18:00:00+00:00,8489.5,8492.0,8488.0,8488.0,66
2026-07-28 18:15:00+00:00,8487.5,8489.5,8487.0,8488.5,48
2026-07-28 18:30:00+00:00,8489.0,8492.5,8489.0,8492.5,36
2026-07-28 18:45:00+00:00,8491.5,8496.0,8491.0,8493.5,59
2026-07-28 19:00:00+00:00,8494.5,8499.5,8494.0,8498.0,47
2026-07-28 19:15:00+00:00,8499.0,8504.0,8497.0,8503.0,109
2026-07-28 19:30:00+00:00,8503.0,8503.5,8497.0,8498.0,167
2026-07-28 19:45:00+00:00,8499.0,8500.0,8490.0,8498.5,351
2026-07-29 06:00:00+00:00,8486.0,8494.0,8485.5,8493.0,520
2026-07-29 06:15:00+00:00,8495.0,8505.5,8494.5,8503.0,330
2026-07-29 06:30:00+00:00,8503.0,8522.5,8503.0,8518.5,502
2026-07-29 06:45:00+00:00,8519.0,8524.0,8510.0,8510.0,662
2026-07-29 07:00:00+00:00,8510.0,8523.5,8500.5,8514.5,3057
2026-07-29 07:15:00+00:00,8515.0,8519.5,8489.5,8501.5,1291
2026-07-29 07:30:00+00:00,8501.0,8502.5,8490.0,8493.5,616
2026-07-29 07:45:00+00:00,8492.5,8493.5,8472.0,8472.5,861
2026-07-29 08:00:00+00:00,8473.5,8473.5,8439.5,8439.5,1248
2026-07-29 08:15:00+00:00,8440.0,8444.5,8414.5,8418.5,1277
2026-07-29 08:30:00+00:00,8418.5,8432.0,8415.5,8430.0,937
2026-07-29 08:45:00+00:00,8430.5,8449.5,8430.0,8444.0,835
2026-07-29 09:00:00+00:00,8444.0,8445.0,8427.0,8429.5,528
2026-07-29 09:15:00+00:00,8429.0,8430.0,8408.0,8409.0,890
2026-07-29 09:30:00+00:00,8408.5,8418.0,8403.5,8414.0,855
2026-07-29 09:45:00+00:00,8413.5,8424.0,8410.5,8414.5,619
2026-07-29 10:00:00+00:00,8414.5,8423.5,8406.0,8419.0,828
2026-07-29 10:15:00+00:00,8419.0,8427.5,8416.0,8426.5,461
2026-07-29 10:30:00+00:00,8426.5,8433.0,8422.5,8432.5,460
2026-07-29 10:45:00+00:00,8432.5,8434.0,8415.5,8419.5,373
2026-07-29 11:00:00+00:00,8419.0,8435.0,8417.0,8430.5,307
2026-07-29 11:15:00+00:00,8430.0,8437.5,8428.0,8437.0,248
2026-07-29 11:30:00+00:00,8437.5,8437.5,8423.0,8425.0,258
2026-07-29 11:45:00+00:00,8426.5,8434.0,8424.0,8432.5,312
2026-07-29 12:00:00+00:00,8433.0,8438.0,8423.5,8426.0,449
2026-07-29 12:15:00+00:00,8426.5,8426.5,8395.0,8407.0,1317
2026-07-29 12:30:00+00:00,8407.0,8418.5,8402.5,8410.5,485
2026-07-29 12:45:00+00:00,8411.5,8419.5,8406.0,8415.5,324
2026-07-29 13:00:00+00:00,8416.5,8420.5,8410.5,8417.5,360
2026-07-29 13:15:00+00:00,8417.5,8425.5,8410.5,8423.5,526
2026-07-29 13:30:00+00:00,8423.0,8428.0,8410.5,8410.5,621
2026-07-29 13:45:00+00:00,8410.0,8430.5,8409.5,8430.5,996
2026-07-29 14:00:00+00:00,8431.0,8433.5,8414.0,8418.5,1069
2026-07-29 14:15:00+00:00,8418.5,8427.0,8413.0,8413.0,601
2026-07-29 14:30:00+00:00,8412.5,8414.5,8399.5,8403.0,597
2026-07-29 14:45:00+00:00,8403.5,8408.5,8396.0,8402.0,701
2026-07-29 15:00:00+00:00,8401.0,8421.0,8397.0,8419.5,652
2026-07-29 15:15:00+00:00,8420.0,8420.0,8408.5,8413.5,1137
2026-07-29 15:30:00+00:00,8413.0,8423.0,8407.5,8409.0,2395
2026-07-29 15:45:00+00:00,8409.0,8421.5,8406.5,8408.0,620
2026-07-29 16:00:00+00:00,8408.0,8429.5,8408.0,8411.0,1544
2026-07-29 16:15:00+00:00,8409.5,8420.5,8408.5,8420.5,386
2026-07-29 16:30:00+00:00,8419.5,8425.0,8416.5,8419.5,195
2026-07-29 16:45:00+00:00,8420.0,8430.0,8418.5,8430.0,154
2026-07-29 17:00:00+00:00,8430.5,8447.0,8429.5,8447.0,211
2026-07-29 17:15:00+00:00,8446.5,8449.5,8444.5,8445.0,279
2026-07-29 17:30:00+00:00,8444.5,8446.5,8440.5,8442.0,146
2026-07-29 17:45:00+00:00,8442.0,8449.0,8438.5,8442.0,180
2026-07-29 18:00:00+00:00,8445.0,8464.5,8445.0,8449.0,381
2026-07-29 18:15:00+00:00,8451.5,8458.5,8447.5,8453.0,130
2026-07-29 18:30:00+00:00,8456.0,8482.5,8443.5,8482.0,297
2026-07-29 18:45:00+00:00,8481.0,8496.0,8480.0,8493.0,564
2026-07-29 19:00:00+00:00,8493.5,8493.5,8468.0,8470.5,332
2026-07-29 19:15:00+00:00,8470.5,8477.0,8445.0,8449.0,449
2026-07-29 19:30:00+00:00,8449.0,8453.5,8419.5,8421.0,330
2026-07-29 19:45:00+00:00,8423.5,8424.5,8410.5,8414.0,387
2026-07-30 06:00:00+00:00,8451.0,8455.0,8433.5,8444.5,630
2026-07-30 06:15:00+00:00,8442.0,8447.0,8437.0,8443.0,232
2026-07-30 06:30:00+00:00,8441.5,8441.5,8426.5,8426.5,218
2026-07-30 06:45:00+00:00,8427.0,8452.0,8420.0,8439.0,622
2026-07-30 07:00:00+00:00,8443.5,8481.0,8419.5,8472.5,3055
2026-07-30 07:15:00+00:00,8473.5,8484.5,8459.0,8476.5,1719
2026-07-30 07:30:00+00:00,8477.0,8481.0,8447.5,8470.5,1237
2026-07-30 07:45:00+00:00,8469.0,8484.5,8460.5,8460.5,736
2026-07-30 08:00:00+00:00,8462.5,8487.5,8455.5,8480.0,755
2026-07-30 08:15:00+00:00,8480.0,8491.5,8471.5,8490.0,665
2026-07-30 08:30:00+00:00,8490.0,8495.0,8479.0,8480.0,655
2026-07-30 08:45:00+00:00,8480.5,8489.0,8470.5,8481.0,640
2026-07-30 09:00:00+00:00,8481.5,8503.5,8480.0,8499.0,1189
2026-07-30 09:15:00+00:00,8499.0,8509.0,8496.5,8504.0,568
2026-07-30 09:30:00+00:00,8504.0,8507.5,8494.5,8498.0,490
2026-07-30 09:45:00+00:00,8497.5,8504.0,8483.5,8483.5,424
2026-07-30 10:00:00+00:00,8483.5,8489.0,8471.0,8475.0,533
2026-07-30 10:15:00+00:00,8474.5,8491.5,8474.0,8486.0,450
2026-07-30 10:30:00+00:00,8487.5,8502.0,8486.5,8490.5,479
2026-07-30 10:45:00+00:00,8490.0,8497.5,8487.0,8487.0,378
2026-07-30 11:00:00+00:00,8488.5,8500.5,8487.5,8500.5,532
2026-07-30 11:15:00+00:00,8499.5,8509.0,8497.0,8505.5,551
2026-07-30 11:30:00+00:00,8506.5,8507.0,8494.0,8501.0,431
2026-07-30 11:45:00+00:00,8501.5,8512.5,8501.5,8505.0,431
2026-07-30 12:00:00+00:00,8504.0,8513.0,8501.5,8507.5,443
2026-07-30 12:15:00+00:00,8507.5,8518.0,8503.5,8510.0,733
2026-07-30 12:30:00+00:00,8510.0,8510.5,8490.5,8504.0,906
2026-07-30 12:45:00+00:00,8506.0,8506.0,8498.5,8505.0,386
2026-07-30 13:00:00+00:00,8505.0,8530.0,8505.0,8513.5,967
2026-07-30 13:15:00+00:00,8513.5,8515.5,8503.5,8515.5,897
2026-07-30 13:30:00+00:00,8515.0,8520.5,8492.0,8494.0,1077
2026-07-30 13:45:00+00:00,8495.0,8519.0,8495.0,8509.0,1333
2026-07-30 14:00:00+00:00,8508.5,8513.0,8498.0,8508.5,1043
2026-07-30 14:15:00+00:00,8509.0,8522.5,8507.0,8521.5,792
2026-07-30 14:30:00+00:00,8521.5,8524.5,8513.5,8518.0,801
2026-07-30 14:45:00+00:00,8517.5,8524.5,8509.0,8511.0,976
2026-07-30 15:00:00+00:00,8511.5,8512.0,8492.5,8492.5,786
2026-07-30 15:15:00+00:00,8493.0,8503.0,8484.5,8485.5,1613
2026-07-30 15:30:00+00:00,8485.0,8501.5,8482.5,8493.5,3916
2026-07-30 15:45:00+00:00,8494.5,8495.0,8486.0,8490.5,487
2026-07-30 16:00:00+00:00,8490.5,8495.5,8486.0,8495.5,390
2026-07-30 16:15:00+00:00,8494.5,8500.5,8494.5,8499.5,269
2026-07-30 16:30:00+00:00,8499.0,8503.5,8497.5,8502.0,446
2026-07-30 16:45:00+00:00,8503.0,8506.5,8499.5,8501.0,163
2026-07-30 17:00:00+00:00,8501.0,8511.0,8501.0,8505.5,174
2026-07-30 17:15:00+00:00,8505.5,8510.0,8504.0,8509.0,77
2026-07-30 17:30:00+00:00,8508.5,8511.5,8503.5,8510.5,196
2026-07-30 17:45:00+00:00,8510.5,8512.0,8506.5,8506.5,75
2026-07-30 18:00:00+00:00,8506.5,8510.0,8503.5,8505.0,116
2026-07-30 18:15:00+00:00,8505.0,8513.0,8503.5,8512.0,102
2026-07-30 18:30:00+00:00,8511.5,8512.5,8509.0,8512.5,112
2026-07-30 18:45:00+00:00,8512.0,8515.5,8510.5,8514.5,96
2026-07-30 19:00:00+00:00,8516.0,8523.0,8515.5,8521.5,138
2026-07-30 19:15:00+00:00,8521.0,8522.5,8518.0,8519.5,133
2026-07-30 19:30:00+00:00,8519.5,8522.0,8518.5,8520.5,154
2026-07-30 19:45:00+00:00,8520.0,8524.0,8515.0,8523.5,509
2026-07-31 06:00:00+00:00,8527.0,8532.0,8522.0,8522.0,521
2026-07-31 06:15:00+00:00,8522.5,8524.5,8519.0,8522.0,247
2026-07-31 06:30:00+00:00,8522.5,8524.5,8508.5,8509.5,294
2026-07-31 06:45:00+00:00,8508.5,8513.5,8503.0,8512.0,368
2026-07-31 07:00:00+00:00,8512.0,8567.0,8492.0,8563.0,2422
2026-07-31 07:15:00+00:00,8563.5,8578.0,8553.0,8576.0,1464
2026-07-31 07:30:00+00:00,8576.5,8588.5,8576.0,8584.5,1278
2026-07-31 07:45:00+00:00,8584.5,8588.0,8575.5,8580.0,939
2026-07-31 08:00:00+00:00,8580.0,8586.0,8570.0,8571.0,629
2026-07-31 08:15:00+00:00,8571.0,8589.5,8571.0,8579.5,608
2026-07-31 08:30:00+00:00,8580.0,8582.5,8566.0,8571.5,591
2026-07-31 08:45:00+00:00,8571.5,8577.0,8567.0,8575.5,478
2026-07-31 09:00:00+00:00,8574.5,8580.0,8561.5,8579.5,767
2026-07-31 09:15:00+00:00,8579.0,8586.0,8575.5,8577.0,469
2026-07-31 09:30:00+00:00,8577.0,8579.0,8561.5,8571.5,652
2026-07-31 09:45:00+00:00,8573.0,8580.0,8567.0,8569.5,344
2026-07-31 10:00:00+00:00,8569.0,8579.0,8565.0,8577.5,347
2026-07-31 10:15:00+00:00,8577.5,8583.0,8575.0,8577.0,234
2026-07-31 10:30:00+00:00,8577.5,8580.0,8572.0,8578.0,369
2026-07-31 10:45:00+00:00,8578.0,8584.0,8575.0,8577.5,211
2026-07-31 11:00:00+00:00,8578.0,8583.5,8572.0,8572.0,451
2026-07-31 11:15:00+00:00,8571.5,8571.5,8560.5,8560.5,394
2026-07-31 11:30:00+00:00,8561.5,8561.5,8553.0,8555.0,343
2026-07-31 11:45:00+00:00,8555.5,8572.0,8553.0,8567.5,410
2026-07-31 12:00:00+00:00,8568.0,8568.0,8560.0,8560.0,309
2026-07-31 12:15:00+00:00,8559.0,8567.5,8558.0,8563.0,350
2026-07-31 12:30:00+00:00,8561.0,8571.0,8553.0,8561.0,380
2026-07-31 12:45:00+00:00,8561.0,8561.5,8545.0,8548.0,351
2026-07-31 13:00:00+00:00,8547.5,8549.5,8541.5,8547.0,437
2026-07-31 13:15:00+00:00,8546.5,8559.0,8546.0,8548.0,538
2026-07-31 13:30:00+00:00,8548.0,8550.0,8527.0,8533.5,1107
2026-07-31 13:45:00+00:00,8534.0,8534.5,8520.5,8524.5,1072
2026-07-31 14:00:00+00:00,8525.5,8527.5,8506.0,8516.0,1441
2026-07-31 14:15:00+00:00,8516.0,8533.0,8510.0,8531.5,1253
2026-07-31 14:30:00+00:00,8531.0,8542.0,8527.0,8542.0,1215
2026-07-31 14:45:00+00:00,8542.0,8550.0,8541.5,8548.5,593
2026-07-31 15:00:00+00:00,8549.0,8551.0,8542.0,8551.0,773
2026-07-31 15:15:00+00:00,8550.5,8556.5,8527.0,8529.0,1672
2026-07-31 15:30:00+00:00,8529.0,8542.5,8512.0,8538.0,4468
2026-07-31 15:45:00+00:00,8538.5,8542.0,8531.0,8538.5,387
2026-07-31 16:00:00+00:00,8538.5,8538.5,8526.0,8532.5,310
2026-07-31 16:15:00+00:00,8533.0,8539.0,8529.0,8536.0,163
2026-07-31 16:30:00+00:00,8535.5,8541.5,8532.5,8532.5,171
2026-07-31 16:45:00+00:00,8532.5,8538.0,8531.5,8536.0,60
2026-07-31 17:00:00+00:00,8534.0,8542.5,8534.0,8541.5,129
2026-07-31 17:15:00+00:00,8542.0,8546.0,8539.0,8545.0,142
2026-07-31 17:30:00+00:00,8544.5,8544.5,8537.0,8538.5,77
2026-07-31 17:45:00+00:00,8538.0,8541.0,8533.5,8535.0,86
2026-07-31 18:00:00+00:00,8535.5,8544.5,8535.0,8543.5,89
2026-07-31 18:15:00+00:00,8544.0,8547.5,8543.0,8544.5,97
2026-07-31 18:30:00+00:00,8545.0,8545.0,8538.5,8539.0,104
2026-07-31 18:45:00+00:00,8539.0,8539.5,8532.5,8534.5,157
2026-07-31 19:00:00+00:00,8534.5,8544.5,8532.5,8541.5,144
2026-07-31 19:15:00+00:00,8541.0,8552.0,8540.5,8548.0,99
2026-07-31 19:30:00+00:00,8548.0,8554.0,8544.0,8554.0,128
2026-07-31 19:45:00+00:00,8554.0,8558.0,8543.5,8547.5,555
2026-08-03 06:00:00+00:00,8589.0,8589.5,8574.5,8578.5,395
2026-08-03 06:15:00+00:00,8579.5,8581.0,8571.0,8574.5,128
2026-08-03 06:30:00+00:00,8576.5,8583.0,8576.5,8582.0,121
2026-08-03 06:45:00+00:00,8581.5,8585.5,8559.5,8566.0,423
2026-08-03 07:00:00+00:00,8567.5,8611.5,8563.5,8606.5,2904
2026-08-03 07:15:00+00:00,8607.0,8611.5,8595.0,8606.0,1356
2026-08-03 07:30:00+00:00,8605.5,8611.0,8587.5,8587.5,810
2026-08-03 07:45:00+00:00,8586.5,8606.0,8586.0,8605.0,745
2026-08-03 08:00:00+00:00,8605.0,8615.5,8602.5,8615.0,807
2026-08-03 08:15:00+00:00,8614.0,8615.0,8605.5,8614.0,514
2026-08-03 08:30:00+00:00,8613.5,8618.5,8601.5,8614.5,657
2026-08-03 08:45:00+00:00,8614.5,8628.5,8612.5,8625.0,642
2026-08-03 09:00:00+00:00,8625.5,8631.0,8621.0,8625.0,621
2026-08-03 09:15:00+00:00,8625.0,8630.5,8623.0,8626.5,323
2026-08-03 09:30:00+00:00,8626.5,8633.5,8626.5,8627.5,422
2026-08-03 09:45:00+00:00,8627.5,8636.0,8627.5,8631.0,359
2026-08-03 10:00:00+00:00,8630.5,8636.0,8626.5,8633.5,402
2026-08-03 10:15:00+00:00,8633.5,8642.0,8631.0,8642.0,576
2026-08-03 10:30:00+00:00,8642.0,8643.5,8633.0,8635.0,426
2026-08-03 10:45:00+00:00,8635.0,8639.0,8631.0,8634.0,340
2026-08-03 11:00:00+00:00,8634.5,8634.5,8624.0,8627.0,518
2026-08-03 11:15:00+00:00,8627.0,8636.5,8627.0,8633.0,311
2026-08-03 11:30:00+00:00,8634.0,8637.5,8631.0,8637.5,280
2026-08-03 11:45:00+00:00,8637.5,8639.5,8635.0,8636.5,289
2026-08-03 12:00:00+00:00,8636.5,8636.5,8619.5,8630.0,495
2026-08-03 12:15:00+00:00,8630.0,8631.5,8612.5,8617.0,397
2026-08-03 12:30:00+00:00,8617.0,8617.5,8613.0,8614.5,423
2026-08-03 12:45:00+00:00,8614.5,8620.0,8610.5,8620.0,502
2026-08-03 13:00:00+00:00,8622.5,8628.0,8607.0,8610.5,463
2026-08-03 13:15:00+00:00,8610.0,8622.5,8609.0,8617.0,389
2026-08-03 13:30:00+00:00,8616.5,8631.5,8613.5,8629.0,914
2026-08-03 13:45:00+00:00,8629.0,8636.0,8626.5,8635.0,877
2026-08-03 14:00:00+00:00,8635.5,8649.5,8631.5,8649.5,895
2026-08-03 14:15:00+00:00,8649.5,8651.0,8642.5,8650.5,800
2026-08-03 14:30:00+00:00,8650.0,8655.0,8643.5,8644.5,823
2026-08-03 14:45:00+00:00,8644.5,8645.5,8635.5,8643.0,956
2026-08-03 15:00:00+00:00,8643.0,8645.5,8633.5,8636.5,829
2026-08-03 15:15:00+00:00,8637.0,8646.0,8635.5,8639.5,1805
2026-08-03 15:30:00+00:00,8639.5,8644.0,8624.0,8630.0,4064
2026-08-03 15:45:00+00:00,8631.5,8636.0,8630.0,8631.5,348
2026-08-03 16:00:00+00:00,8631.5,8632.0,8628.0,8628.0,155
2026-08-03 16:15:00+00:00,8628.5,8629.5,8626.0,8629.0,173
2026-08-03 16:30:00+00:00,8629.0,8631.5,8621.0,8622.0,242
2026-08-03 16:45:00+00:00,8621.5,8622.0,8618.5,8621.0,68
2026-08-03 17:00:00+00:00,8620.5,8621.5,8618.0,8620.5,57
2026-08-03 17:15:00+00:00,8621.0,8624.5,8619.5,8623.0,116
2026-08-03 17:30:00+00:00,8623.5,8626.5,8623.5,8626.5,77
2026-08-03 17:45:00+00:00,8626.0,8631.0,8626.0,8629.5,61
2026-08-03 18:00:00+00:00,8630.0,8641.5,8630.0,8641.0,150
2026-08-03 18:15:00+00:00,8641.0,8643.0,8637.5,8637.5,100
2026-08-03 18:30:00+00:00,8637.5,8641.0,8634.5,8641.0,142
2026-08-03 18:45:00+00:00,8640.5,8640.5,8636.5,8637.0,98
2026-08-03 19:00:00+00:00,8637.0,8641.5,8637.0,8638.5,112
2026-08-03 19:15:00+00:00,8639.0,8639.5,8637.0,8638.0,47
2026-08-03 19:30:00+00:00,8638.5,8640.0,8635.5,8637.5,86
2026-08-03 19:45:00+00:00,8638.0,8639.5,8632.0,8634.5,313
2026-08-04 06:00:00+00:00,8654.0,8665.0,8651.5,8665.0,289
2026-08-04 06:15:00+00:00,8666.0,8667.5,8659.5,8663.0,100
2026-08-04 06:30:00+00:00,8662.0,8662.0,8655.5,8657.5,137
2026-08-04 06:45:00+00:00,8657.5,8659.5,8648.0,8655.5,222
2026-08-04 07:00:00+00:00,8655.0,8682.5,8647.5,8668.5,2538
2026-08-04 07:15:00+00:00,8668.5,8674.0,8656.5,8662.0,1442
2026-08-04 07:30:00+00:00,8663.0,8670.0,8647.5,8649.0,850
2026-08-04 07:45:00+00:00,8649.0,8659.5,8645.5,8657.5,506
2026-08-04 08:00:00+00:00,8657.5,8659.0,8648.5,8650.0,665
2026-08-04 08:15:00+00:00,8649.5,8651.5,8640.0,8644.5,859
2026-08-04 08:30:00+00:00,8644.5,8644.5,8621.5,8624.0,922
2026-08-04 08:45:00+00:00,8624.0,8625.0,8616.5,8624.0,815
2026-08-04 09:00:00+00:00,8624.0,8628.0,8619.0,8622.0,663
2026-08-04 09:15:00+00:00,8622.0,8630.0,8618.0,8627.5,712
2026-08-04 09:30:00+00:00,8628.5,8634.5,8624.5,8632.5,429
2026-08-04 09:45:00+00:00,8632.5,8632.5,8619.0,8625.0,546
2026-08-04 10:00:00+00:00,8624.5,8624.5,8617.5,8620.0,374
2026-08-04 10:15:00+00:00,8620.0,8624.5,8613.0,8620.5,498
2026-08-04 10:30:00+00:00,8621.5,8632.5,8621.5,8631.0,408
2026-08-04 10:45:00+00:00,8630.5,8640.5,8630.0,8633.5,625
2026-08-04 11:00:00+00:00,8632.5,8638.5,8630.5,8633.0,373
2026-08-04 11:15:00+00:00,8633.0,8640.5,8631.0,8638.5,248
2026-08-04 11:30:00+00:00,8640.5,8657.0,8638.0,8655.5,424
2026-08-04 11:45:00+00:00,8655.5,8661.5,8650.0,8660.0,654
2026-08-04 12:00:00+00:00,8661.0,8664.0,8655.5,8659.5,646
2026-08-04 12:15:00+00:00,8660.0,8660.0,8647.0,8650.5,582
2026-08-04 12:30:00+00:00,8650.5,8654.5,8642.0,8643.0,458
2026-08-04 12:45:00+00:00,8643.0,8647.0,8640.0,8640.0,507
2026-08-04 13:00:00+00:00,8639.5,8655.5,8639.5,8648.0,535
2026-08-04 13:15:00+00:00,8648.0,8665.0,8647.5,8657.0,1177
2026-08-04 13:30:00+00:00,8656.5,8657.5,8642.0,8650.0,1036
2026-08-04 13:45:00+00:00,8650.0,8665.5,8649.0,8660.5,1021
2026-08-04 14:00:00+00:00,8660.0,8662.5,8654.0,8656.0,761
2026-08-04 14:15:00+00:00,8657.5,8665.5,8648.5,8649.0,625
2026-08-04 14:30:00+00:00,8650.0,8669.0,8646.0,8659.5,1075
2026-08-04 14:45:00+00:00,8659.5,8664.5,8656.5,8656.5,482
2026-08-04 15:00:00+00:00,8657.0,8665.5,8652.5,8660.0,749
2026-08-04 15:15:00+00:00,8660.0,8672.5,8658.0,8671.0,1547
2026-08-04 15:30:00+00:00,8671.0,8705.5,8668.0,8702.5,3030
2026-08-04 15:45:00+00:00,8701.5,8701.5,8687.5,8688.5,447
2026-08-04 16:00:00+00:00,8688.0,8691.0,8687.0,8689.0,344
2026-08-04 16:15:00+00:00,8688.0,8698.0,8687.5,8695.5,294
2026-08-04 16:30:00+00:00,8696.0,8700.0,8694.5,8697.0,137
2026-08-04 16:45:00+00:00,8697.5,8700.0,8696.5,8700.0,117
2026-08-04 17:00:00+00:00,8700.5,8706.5,8700.0,8706.5,149
2026-08-04 17:15:00+00:00,8707.0,8707.5,8702.0,8705.0,123
2026-08-04 17:30:00+00:00,8705.5,8708.0,8702.0,8707.0,123
2026-08-04 17:45:00+00:00,8707.5,8711.5,8704.5,8708.0,168
2026-08-04 18:00:00+00:00,8706.5,8711.0,8706.5,8711.0,214
2026-08-04 18:15:00+00:00,8712.0,8713.5,8709.0,8710.5,201
2026-08-04 18:30:00+00:00,8710.0,8711.0,8704.0,8706.0,136
2026-08-04 18:45:00+00:00,8706.5,8708.5,8705.5,8707.0,156
2026-08-04 19:00:00+00:00,8707.5,8714.5,8707.5,8711.0,179
2026-08-04 19:15:00+00:00,8711.5,8714.5,8711.0,8711.0,169
2026-08-04 19:30:00+00:00,8711.0,8717.0,8708.5,8717.0,213
2026-08-04 19:45:00+00:00,8716.0,8716.5,8706.5,8709.5,521
2026-08-05 06:00:00+00:00,8717.0,8722.0,8711.0,8712.5,347
2026-08-05 06:15:00+00:00,8712.0,8712.0,8700.0,8701.5,163
2026-08-05 06:30:00+00:00,8702.5,8711.5,8701.5,8704.5,151
2026-08-05 06:45:00+00:00,8703.5,8705.0,8693.0,8693.0,421
2026-08-05 07:00:00+00:00,8694.0,8707.0,8687.0,8691.0,2882
2026-08-05 07:15:00+00:00,8691.5,8692.5,8678.5,8687.0,954
2026-08-05 07:30:00+00:00,8687.5,8695.0,8682.5,8690.0,805
2026-08-05 07:45:00+00:00,8690.5,8692.5,8685.5,8687.0,498
2026-08-05 08:00:00+00:00,8687.0,8689.0,8682.0,8684.0,576
2026-08-05 08:15:00+00:00,8683.5,8689.0,8679.0,8685.5,688
2026-08-05 08:30:00+00:00,8685.0,8688.0,8678.0,8684.5,459
2026-08-05 08:45:00+00:00,8685.0,8688.0,8680.5,8682.0,609
2026-08-05 09:00:00+00:00,8682.5,8687.5,8681.5,8686.5,343
2026-08-05 09:15:00+00:00,8686.5,8686.5,8678.0,8680.5,577
2026-08-05 09:30:00+00:00,8680.5,8684.0,8675.0,8676.5,216
2026-08-05 09:45:00+00:00,8677.0,8678.0,8673.0,8674.5,303
2026-08-05 10:00:00+00:00,8674.0,8676.5,8671.0,8674.5,301
2026-08-05 10:15:00+00:00,8674.5,8677.5,8673.0,8677.0,185
2026-08-05 10:30:00+00:00,8677.0,8678.5,8669.5,8671.0,243
2026-08-05 10:45:00+00:00,8671.5,8680.0,8668.5,8678.0,265
2026-08-05 11:00:00+00:00,8678.5,8679.5,8675.0,8678.5,295
2026-08-05 11:15:00+00:00,8679.0,8686.5,8679.0,8681.5,190
2026-08-05 11:30:00+00:00,8681.5,8684.5,8679.5,8681.5,224
2026-08-05 11:45:00+00:00,8681.5,8686.5,8679.0,8686.0,184
2026-08-05 12:00:00+00:00,8685.5,8688.5,8679.5,8680.0,397
2026-08-05 12:15:00+00:00,8680.0,8686.5,8677.0,8681.5,426
2026-08-05 12:30:00+00:00,8681.5,8685.5,8678.0,8683.5,383
2026-08-05 12:45:00+00:00,8684.0,8691.5,8682.0,8688.5,412
2026-08-05 13:00:00+00:00,8689.0,8693.0,8682.0,8690.0,621
2026-08-05 13:15:00+00:00,8690.0,8694.0,8685.5,8692.0,405
2026-08-05 13:30:00+00:00,8692.5,8698.0,8678.5,8679.5,1468
2026-08-05 13:45:00+00:00,8680.0,8687.0,8672.5,8682.5,1009
2026-08-05 14:00:00+00:00,8682.5,8688.0,8676.0,8682.5,935
2026-08-05 14:15:00+00:00,8682.0,8684.0,8676.0,8680.5,531
2026-08-05 14:30:00+00:00,8680.0,8684.0,8676.0,8680.0,651
2026-08-05 14:45:00+00:00,8680.5,8683.5,8675.0,8682.5,856
2026-08-05 15:00:00+00:00,8683.0,8693.0,8681.5,8684.0,846
2026-08-05 15:15:00+00:00,8684.5,8687.0,8676.0,8678.5,1286
2026-08-05 15:30:00+00:00,8678.5,8689.0,8677.0,8687.5,1717
2026-08-05 15:45:00+00:00,8687.0,8689.5,8682.0,8682.0,327
2026-08-05 16:00:00+00:00,8682.0,8688.0,8682.0,8683.0,159
2026-08-05 16:15:00+00:00,8684.0,8691.5,8683.5,8691.0,102
2026-08-05 16:30:00+00:00,8690.5,8690.5,8687.0,8688.5,54
2026-08-05 16:45:00+00:00,8687.0,8691.0,8687.0,8689.5,59
2026-08-05 17:00:00+00:00,8689.0,8690.5,8687.0,8689.5,41
2026-08-05 17:15:00+00:00,8689.5,8691.5,8688.5,8690.0,54
2026-08-05 17:30:00+00:00,8689.0,8695.0,8689.0,8693.5,78
2026-08-05 17:45:00+00:00,8692.0,8694.0,8691.0,8692.5,37
2026-08-05 18:00:00+00:00,8691.5,8693.5,8690.5,8691.5,50
2026-08-05 18:15:00+00:00,8692.0,8693.0,8690.5,8692.0,43
2026-08-05 18:30:00+00:00,8691.0,8691.5,8688.5,8690.0,50
2026-08-05 18:45:00+00:00,8690.5,8692.0,8688.0,8688.5,55
2026-08-05 19:00:00+00:00,8688.0,8692.0,8687.5,8692.0,58
2026-08-05 19:15:00+00:00,8691.5,8692.0,8688.5,8691.0,53
2026-08-05 19:30:00+00:00,8691.5,8692.0,8689.0,8690.0,93
2026-08-05 19:45:00+00:00,8690.5,8691.5,8683.5,8684.0,235
2026-08-06 06:00:00+00:00,8695.5,8705.5,8693.5,8700.5,432
2026-08-06 06:15:00+00:00,8701.0,8708.0,8696.5,8707.0,139
2026-08-06 06:30:00+00:00,8707.0,8711.0,8702.0,8710.5,219
2026-08-06 06:45:00+00:00,8710.5,8720.0,8702.0,8717.0,552
2026-08-06 07:00:00+00:00,8718.0,8747.0,8717.0,8746.0,3032
2026-08-06 07:15:00+00:00,8745.0,8746.5,8734.5,8739.0,1002
2026-08-06 07:30:00+00:00,8739.5,8748.5,8728.5,8729.0,1018
2026-08-06 07:45:00+00:00,8729.0,8751.5,8725.5,8746.5,899
2026-08-06 08:00:00+00:00,8747.0,8747.5,8730.5,8740.5,684
2026-08-06 08:15:00+00:00,8740.5,8747.5,8738.0,8744.5,717
2026-08-06 08:30:00+00:00,8745.0,8748.0,8739.5,8740.5,737
2026-08-06 08:45:00+00:00,8740.0,8754.0,8739.0,8746.5,532
2026-08-06 09:00:00+00:00,8747.0,8748.0,8733.0,8735.0,483
2026-08-06 09:15:00+00:00,8734.5,8742.0,8734.5,8739.5,358
2026-08-06 09:30:00+00:00,8739.5,8740.5,8732.5,8733.0,420
2026-08-06 09:45:00+00:00,8733.0,8736.5,8732.0,8736.5,286
2026-08-06 10:00:00+00:00,8736.0,8744.0,8733.5,8739.0,658
2026-08-06 10:15:00+00:00,8739.0,8744.5,8734.5,8741.5,425
2026-08-06 10:30:00+00:00,8741.0,8745.5,8738.0,8745.0,335
2026-08-06 10:45:00+00:00,8745.5,8747.5,8742.0,8745.0,693
2026-08-06 11:00:00+00:00,8746.0,8746.0,8730.5,8732.5,396
2026-08-06 11:15:00+00:00,8732.0,8737.0,8728.5,8734.5,250
2026-08-06 11:30:00+00:00,8735.5,8737.5,8726.5,8728.5,169
2026-08-06 11:45:00+00:00,8729.0,8737.0,8727.0,8735.0,301
2026-08-06 12:00:00+00:00,8735.0,8741.5,8733.0,8740.5,294
2026-08-06 12:15:00+00:00,8739.5,8741.5,8735.5,8738.5,259
2026-08-06 12:30:00+00:00,8738.0,8740.5,8734.0,8738.0,746
2026-08-06 12:45:00+00:00,8738.5,8742.0,8737.0,8740.0,315
2026-08-06 13:00:00+00:00,8740.0,8744.5,8735.5,8743.5,364
2026-08-06 13:15:00+00:00,8744.0,8749.0,8738.5,8739.5,530
2026-08-06 13:30:00+00:00,8739.5,8750.0,8739.5,8741.0,885
2026-08-06 13:45:00+00:00,8741.5,8751.0,8739.0,8748.0,554
2026-08-06 14:00:00+00:00,8748.5,8751.5,8746.0,8750.5,671
2026-08-06 14:15:00+00:00,8751.0,8754.5,8744.5,8747.5,485
2026-08-06 14:30:00+00:00,8748.0,8753.5,8748.0,8750.5,601
2026-08-06 14:45:00+00:00,8751.0,8752.5,8741.0,8741.5,589
2026-08-06 15:00:00+00:00,8741.0,8744.0,8736.5,8738.5,658
2026-08-06 15:15:00+00:00,8738.0,8738.0,8721.5,8727.5,1582
2026-08-06 15:30:00+00:00,8727.0,8730.0,8710.0,8728.5,3377
2026-08-06 15:45:00+00:00,8728.0,8735.0,8717.0,8722.0,313
2026-08-06 16:00:00+00:00,8721.0,8721.0,8712.0,8712.5,204
2026-08-06 16:15:00+00:00,8712.5,8716.5,8710.0,8715.0,208
2026-08-06 16:30:00+00:00,8715.0,8720.0,8714.0,8714.0,50
2026-08-06 16:45:00+00:00,8715.0,8722.5,8714.5,8722.5,67
2026-08-06 17:00:00+00:00,8723.0,8724.0,8720.5,8721.0,37
2026-08-06 17:15:00+00:00,8721.0,8723.0,8717.5,8719.5,67
2026-08-06 17:30:00+00:00,8718.0,8721.0,8715.0,8716.5,66
2026-08-06 17:45:00+00:00,8716.5,8719.5,8716.5,8718.0,70
2026-08-06 18:00:00+00:00,8718.0,8720.0,8716.5,8719.0,47
2026-08-06 18:15:00+00:00,8718.5,8723.0,8715.5,8721.5,40
2026-08-06 18:30:00+00:00,8721.5,8721.5,8717.0,8719.0,12
2026-08-06 18:45:00+00:00,8718.5,8721.0,8718.0,8719.0,55
2026-08-06 19:00:00+00:00,8720.5,8724.0,8719.5,8722.0,256
2026-08-06 19:15:00+00:00,8720.5,8722.0,8713.5,8716.5,67
2026-08-06 19:30:00+00:00,8715.5,8716.5,8711.5,8712.0,41
2026-08-06 19:45:00+00:00,8712.5,8718.0,8710.5,8718.0,237
2026-08-07 06:00:00+00:00,8725.0,8728.5,8719.0,8727.5,381
2026-08-07 06:15:00+00:00,8727.5,8728.5,8722.0,8725.0,124
2026-08-07 06:30:00+00:00,8725.5,8726.5,8720.5,8722.0,80
2026-08-07 06:45:00+00:00,8723.0,8734.0,8722.5,8723.0,311
2026-08-07 07:00:00+00:00,8724.0,8729.0,8707.0,8722.5,2769
2026-08-07 07:15:00+00:00,8722.5,8734.0,8721.5,8733.5,965
2026-08-07 07:30:00+00:00,8734.0,8740.0,8730.0,8738.0,703
2026-08-07 07:45:00+00:00,8738.5,8743.0,8732.5,8732.5,573
2026-08-07 08:00:00+00:00,8733.0,8736.5,8722.5,8724.0,559
2026-08-07 08:15:00+00:00,8724.0,8730.5,8718.0,8728.5,458
2026-08-07 08:30:00+00:00,8729.0,8733.5,8727.5,8729.0,424
2026-08-07 08:45:00+00:00,8728.0,8728.5,8723.0,8726.5,669
2026-08-07 09:00:00+00:00,8727.5,8730.0,8721.0,8722.0,486
2026-08-07 09:15:00+00:00,8722.5,8724.5,8718.5,8724.0,412
2026-08-07 09:30:00+00:00,8724.0,8733.5,8722.0,8730.5,362
2026-08-07 09:45:00+00:00,8731.0,8738.0,8729.0,8737.0,706
2026-08-07 10:00:00+00:00,8738.0,8743.0,8736.5,8737.5,374
2026-08-07 10:15:00+00:00,8738.0,8741.5,8735.5,8737.5,260
2026-08-07 10:30:00+00:00,8738.5,8747.0,8736.0,8746.5,263
2026-08-07 10:45:00+00:00,8746.5,8756.5,8746.5,8754.5,277
2026-08-07 11:00:00+00:00,8755.0,8756.5,8745.0,8745.5,423
2026-08-07 11:15:00+00:00,8745.5,8749.0,8744.0,8746.5,207
2026-08-07 11:30:00+00:00,8746.0,8748.5,8743.0,8745.5,252
2026-08-07 11:45:00+00:00,8745.5,8746.5,8740.5,8743.0,234
2026-08-07 12:00:00+00:00,8743.0,8750.0,8743.0,8745.5,288
2026-08-07 12:15:00+00:00,8745.0,8757.5,8743.5,8752.0,441
2026-08-07 12:30:00+00:00,8748.5,8768.5,8746.0,8754.5,607
2026-08-07 12:45:00+00:00,8754.5,8756.0,8748.0,8753.5,255
2026-08-07 13:00:00+00:00,8754.0,8757.5,8745.5,8745.5,568
2026-08-07 13:15:00+00:00,8746.0,8749.0,8740.5,8743.5,310
2026-08-07 13:30:00+00:00,8744.0,8747.0,8734.0,8738.5,760
2026-08-07 13:45:00+00:00,8739.0,8741.0,8733.0,8736.5,480
2026-08-07 14:00:00+00:00,8736.5,8739.5,8727.0,8735.0,629
2026-08-07 14:15:00+00:00,8735.0,8741.5,8734.0,8740.5,316
2026-08-07 14:30:00+00:00,8741.0,8750.5,8737.5,8743.0,395
2026-08-07 14:45:00+00:00,8743.5,8751.5,8738.5,8746.5,423
2026-08-07 15:00:00+00:00,8746.0,8747.5,8740.0,8743.5,396
2026-08-07 15:15:00+00:00,8744.0,8744.0,8732.0,8732.0,1059
2026-08-07 15:30:00+00:00,8733.0,8735.0,8723.0,8728.0,2490
2026-08-07 15:45:00+00:00,8728.0,8731.5,8726.0,8727.0,256
2026-08-07 16:00:00+00:00,8727.0,8729.5,8725.5,8726.0,161
2026-08-07 16:15:00+00:00,8725.5,8727.5,8720.0,8721.0,413
2026-08-07 16:30:00+00:00,8722.5,8727.0,8718.5,8726.5,230
2026-08-07 16:45:00+00:00,8726.5,8727.5,8723.0,8724.0,76
2026-08-07 17:00:00+00:00,8724.0,8724.5,8721.5,8722.5,66
2026-08-07 17:15:00+00:00,8722.5,8723.5,8721.0,8722.5,62
2026-08-07 17:30:00+00:00,8723.0,8725.5,8722.0,8724.5,74
2026-08-07 17:45:00+00:00,8725.0,8727.0,8724.0,8726.0,48
2026-08-07 18:00:00+00:00,8726.0,8726.5,8722.0,8722.5,58
2026-08-07 18:15:00+00:00,8722.5,8724.5,8720.0,8720.5,95
2026-08-07 18:30:00+00:00,8720.0,8721.0,8718.5,8718.5,93
2026-08-07 18:45:00+00:00,8718.0,8724.5,8718.0,8724.0,130
2026-08-07 19:00:00+00:00,8723.5,8734.5,8723.0,8733.0,157
2026-08-07 19:15:00+00:00,8734.0,8741.5,8733.5,8738.5,151
2026-08-07 19:30:00+00:00,8737.0,8741.0,8737.0,8738.0,137
2026-08-07 19:45:00+00:00,8738.5,8739.0,8730.5,8737.0,213
2026-08-10 06:00:00+00:00,8723.0,8729.0,8723.0,8723.5,256
2026-08-10 06:15:00+00:00,8723.0,8724.5,8713.0,8714.0,224
2026-08-10 06:30:00+00:00,8715.0,8715.5,8713.0,8714.0,57
2026-08-10 06:45:00+00:00,8714.5,8723.5,8713.0,8713.5,268
2026-08-10 07:00:00+00:00,8714.0,8732.0,8713.5,8717.0,1439
2026-08-10 07:15:00+00:00,8717.5,8726.0,8714.5,8721.0,402
2026-08-10 07:30:00+00:00,8721.0,8725.5,8719.5,8723.5,294
2026-08-10 07:45:00+00:00,8723.0,8726.5,8708.0,8713.5,621
2026-08-10 08:00:00+00:00,8714.0,8716.0,8704.0,8705.0,420
2026-08-10 08:15:00+00:00,8705.0,8709.5,8702.0,8707.5,388
2026-08-10 08:30:00+00:00,8708.0,8712.0,8704.0,8706.5,333
2026-08-10 08:45:00+00:00,8706.5,8709.5,8705.0,8706.0,409
2026-08-10 09:00:00+00:00,8706.5,8707.5,8700.5,8706.0,395
2026-08-10 09:15:00+00:00,8706.5,8714.0,8704.0,8714.0,324
2026-08-10 09:30:00+00:00,8713.0,8715.5,8711.0,8714.0,213
2026-08-10 09:45:00+00:00,8714.5,8716.5,8710.5,8716.0,119
2026-08-10 10:00:00+00:00,8715.5,8722.0,8713.0,8718.0,296
2026-08-10 10:15:00+00:00,8718.5,8727.5,8718.0,8724.0,259
2026-08-10 10:30:00+00:00,8724.5,8729.5,8723.5,8726.0,185
2026-08-10 10:45:00+00:00,8727.0,8729.5,8722.0,8725.0,167
2026-08-10 11:00:00+00:00,8725.5,8728.0,8719.5,8724.5,327
2026-08-10 11:15:00+00:00,8725.0,8732.0,8723.5,8731.5,206
2026-08-10 11:30:00+00:00,8731.5,8733.5,8727.5,8731.0,164
2026-08-10 11:45:00+00:00,8731.5,8739.0,8731.5,8737.5,256
2026-08-10 12:00:00+00:00,8737.5,8738.5,8732.0,8732.5,160
2026-08-10 12:15:00+00:00,8733.0,8735.5,8730.0,8733.5,510
2026-08-10 12:30:00+00:00,8733.0,8738.0,8729.5,8730.5,533
2026-08-10 12:45:00+00:00,8731.0,8737.0,8725.0,8728.0,460
2026-08-10 13:00:00+00:00,8728.5,8730.5,8723.5,8723.5,343
2026-08-10 13:15:00+00:00,8723.0,8723.5,8716.0,8717.5,300
2026-08-10 13:30:00+00:00,8718.0,8729.5,8715.0,8721.5,559
2026-08-10 13:45:00+00:00,8721.0,8721.5,8707.5,8707.5,541
2026-08-10 14:00:00+00:00,8708.5,8720.0,8707.5,8719.5,417
2026-08-10 14:15:00+00:00,8719.5,8726.5,8719.0,8726.0,365
2026-08-10 14:30:00+00:00,8725.5,8728.0,8720.5,8725.0,366
2026-08-10 14:45:00+00:00,8725.5,8734.5,8725.0,8731.5,586
2026-08-10 15:00:00+00:00,8731.5,8736.5,8730.0,8735.0,711
2026-08-10 15:15:00+00:00,8735.0,8737.0,8730.5,8737.0,1052
2026-08-10 15:30:00+00:00,8736.5,8737.5,8725.0,8734.0,1776
2026-08-10 15:45:00+00:00,8734.5,8734.5,8730.5,8732.0,281
2026-08-10 16:00:00+00:00,8732.5,8733.0,8730.0,8732.0,188
2026-08-10 16:15:00+00:00,8732.0,8734.0,8730.0,8732.0,106
2026-08-10 16:30:00+00:00,8732.0,8732.0,8716.5,8727.5,411
2026-08-10 16:45:00+00:00,8727.5,8732.0,8727.5,8731.5,64
2026-08-10 17:00:00+00:00,8731.5,8732.0,8729.0,8732.0,49
2026-08-10 17:15:00+00:00,8732.5,8732.5,8729.5,8730.0,59
2026-08-10 17:30:00+00:00,8730.5,8731.5,8727.5,8728.0,53
2026-08-10 17:45:00+00:00,8728.0,8730.5,8727.5,8729.5,104
2026-08-10 18:00:00+00:00,8730.0,8733.0,8730.0,8731.5,57
2026-08-10 18:15:00+00:00,8731.5,8732.5,8728.5,8729.5,71
2026-08-10 18:30:00+00:00,8729.5,8732.5,8729.0,8732.5,51
2026-08-10 18:45:00+00:00,8731.0,8733.0,8730.5,8733.0,64
2026-08-10 19:00:00+00:00,8732.5,8736.0,8731.5,8736.0,32
2026-08-10 19:15:00+00:00,8735.5,8739.0,8735.0,8737.0,52
2026-08-10 19:30:00+00:00,8737.0,8738.0,8734.0,8736.0,95
2026-08-10 19:45:00+00:00,8735.5,8736.0,8729.5,8734.5,249
2026-08-11 06:00:00+00:00,8736.0,8741.0,8734.0,8736.5,221
2026-08-11 06:15:00+00:00,8736.5,8737.5,8729.0,8729.5,94
2026-08-11 06:30:00+00:00,8728.5,8730.0,8721.0,8726.5,89
2026-08-11 06:45:00+00:00,8728.0,8735.0,8728.0,8732.0,121
2026-08-11 07:00:00+00:00,8733.0,8741.0,8728.5,8732.5,1500
2026-08-11 07:15:00+00:00,8732.5,8739.5,8727.0,8727.5,593
2026-08-11 07:30:00+00:00,8727.5,8733.0,8722.0,8724.0,676
2026-08-11 07:45:00+00:00,8723.0,8724.5,8718.0,8720.0,533
2026-08-11 08:00:00+00:00,8720.0,8721.0,8709.5,8710.5,391
2026-08-11 08:15:00+00:00,8709.0,8715.5,8707.5,8711.5,464
2026-08-11 08:30:00+00:00,8712.0,8718.0,8710.5,8717.0,243
2026-08-11 08:45:00+00:00,8716.0,8717.5,8710.5,8710.5,244
2026-08-11 09:00:00+00:00,8711.0,8714.0,8706.0,8710.0,228
2026-08-11 09:15:00+00:00,8710.5,8714.0,8708.5,8711.0,210
2026-08-11 09:30:00+00:00,8711.0,8715.5,8711.0,8714.5,219
2026-08-11 09:45:00+00:00,8714.0,8715.0,8712.0,8713.5,139
2026-08-11 10:00:00+00:00,8714.0,8720.0,8711.5,8716.5,199
2026-08-11 10:15:00+00:00,8716.5,8724.0,8716.0,8719.5,316
2026-08-11 10:30:00+00:00,8720.5,8725.5,8719.5,8720.5,163
2026-08-11 10:45:00+00:00,8720.0,8722.5,8717.0,8719.5,156
2026-08-11 11:00:00+00:00,8719.5,8734.0,8717.0,8730.0,744
2026-08-11 11:15:00+00:00,8731.5,8731.5,8725.5,8730.0,107
2026-08-11 11:30:00+00:00,8729.5,8736.5,8725.5,8736.5,277
2026-08-11 11:45:00+00:00,8737.0,8742.0,8736.0,8736.5,319
2026-08-11 12:00:00+00:00,8736.0,8741.5,8733.0,8737.5,561
2026-08-11 12:15:00+00:00,8738.0,8738.0,8727.5,8731.0,588
2026-08-11 12:30:00+00:00,8732.0,8741.0,8728.0,8739.0,298
2026-08-11 12:45:00+00:00,8739.0,8739.5,8734.0,8738.0,331
2026-08-11 13:00:00+00:00,8738.5,8742.5,8738.0,8741.5,482
2026-08-11 13:15:00+00:00,8741.0,8747.5,8739.5,8740.5,440
2026-08-11 13:30:00+00:00,8741.0,8751.0,8738.5,8749.0,662
2026-08-11 13:45:00+00:00,8749.5,8758.0,8749.5,8752.5,530
2026-08-11 14:00:00+00:00,8752.0,8752.5,8743.0,8751.5,561
2026-08-11 14:15:00+00:00,8752.0,8757.5,8749.5,8751.5,475
2026-08-11 14:30:00+00:00,8751.0,8752.5,8745.0,8747.0,336
2026-08-11 14:45:00+00:00,8747.5,8753.5,8744.0,8745.0,439
2026-08-11 15:00:00+00:00,8745.5,8745.5,8735.0,8735.0,584
2026-08-11 15:15:00+00:00,8735.5,8735.5,8722.5,8726.0,1241
2026-08-11 15:30:00+00:00,8726.0,8734.0,8722.5,8731.0,1963
2026-08-11 15:45:00+00:00,8730.5,8732.0,8728.0,8730.0,159
2026-08-11 16:00:00+00:00,8730.5,8733.0,8728.5,8732.5,148
2026-08-11 16:15:00+00:00,8731.5,8734.5,8728.0,8729.5,150
2026-08-11 16:30:00+00:00,8729.5,8729.5,8726.0,8728.0,102
2026-08-11 16:45:00+00:00,8727.5,8728.5,8722.5,8723.0,127
2026-08-11 17:00:00+00:00,8722.5,8723.5,8715.0,8715.0,188
2026-08-11 17:15:00+00:00,8715.0,8720.0,8715.0,8719.0,150
2026-08-11 17:30:00+00:00,8718.5,8720.0,8717.0,8719.5,99
2026-08-11 17:45:00+00:00,8719.0,8720.0,8717.5,8717.5,105
2026-08-11 18:00:00+00:00,8718.0,8718.5,8714.0,8716.5,154
2026-08-11 18:15:00+00:00,8717.0,8717.0,8710.5,8710.5,128
2026-08-11 18:30:00+00:00,8711.0,8716.5,8711.0,8714.0,171
2026-08-11 18:45:00+00:00,8714.0,8717.0,8714.0,8716.0,104
2026-08-11 19:00:00+00:00,8716.5,8718.5,8715.0,8718.0,70
2026-08-11 19:15:00+00:00,8718.5,8720.5,8717.0,8719.0,81
2026-08-11 19:30:00+00:00,8718.5,8719.5,8717.0,8719.5,125
2026-08-11 19:45:00+00:00,8719.5,8721.5,8716.0,8716.5,256
2026-08-12 06:00:00+00:00,8728.5,8728.5,8719.0,8721.0,282
2026-08-12 06:15:00+00:00,8720.5,8722.5,8720.0,8721.0,57
2026-08-12 06:30:00+00:00,8721.0,8724.0,8720.0,8721.0,94
2026-08-12 06:45:00+00:00,8722.0,8726.5,8722.0,8725.0,222
2026-08-12 07:00:00+00:00,8725.0,8729.0,8708.5,8712.0,1966
2026-08-12 07:15:00+00:00,8712.0,8716.5,8702.0,8704.0,1005
2026-08-12 07:30:00+00:00,8704.5,8708.5,8699.0,8701.5,601
2026-08-12 07:45:00+00:00,8702.0,8702.5,8693.0,8694.5,524
2026-08-12 08:00:00+00:00,8694.5,8701.0,8694.0,8697.0,513
2026-08-12 08:15:00+00:00,8697.0,8699.0,8691.5,8698.5,360
2026-08-12 08:30:00+00:00,8698.5,8699.0,8695.5,8698.0,329
2026-08-12 08:45:00+00:00,8697.5,8705.5,8696.5,8704.5,388
2026-08-12 09:00:00+00:00,8704.0,8706.0,8701.5,8704.5,334
2026-08-12 09:15:00+00:00,8704.5,8719.5,8704.0,8713.0,622
2026-08-12 09:30:00+00:00,8712.5,8717.5,8711.5,8712.5,274
2026-08-12 09:45:00+00:00,8711.5,8720.5,8707.0,8709.0,465
2026-08-12 10:00:00+00:00,8709.0,8719.0,8708.5,8717.0,229
2026-08-12 10:15:00+00:00,8717.0,8719.5,8710.5,8712.0,224
2026-08-12 10:30:00+00:00,8712.0,8718.0,8712.0,8718.0,154
2026-08-12 10:45:00+00:00,8717.5,8717.5,8700.0,8714.0,848
2026-08-12 11:00:00+00:00,8714.0,8718.0,8712.5,8713.0,247
2026-08-12 11:15:00+00:00,8713.0,8717.0,8713.0,8714.0,117
2026-08-12 11:30:00+00:00,8714.0,8715.0,8707.0,8712.5,136
2026-08-12 11:45:00+00:00,8712.0,8713.5,8705.0,8705.5,174
2026-08-12 12:00:00+00:00,8705.0,8705.5,8698.5,8703.0,194
2026-08-12 12:15:00+00:00,8703.0,8726.5,8701.0,8721.0,464
2026-08-12 12:30:00+00:00,8717.5,8719.5,8702.0,8702.5,528
2026-08-12 12:45:00+00:00,8702.5,8703.5,8695.0,8695.5,365
2026-08-12 13:00:00+00:00,8695.5,8698.0,8688.5,8690.5,498
2026-08-12 13:15:00+00:00,8690.5,8694.0,8688.0,8689.5,373
2026-08-12 13:30:00+00:00,8689.5,8699.0,8685.5,8698.0,1032
2026-08-12 13:45:00+00:00,8697.0,8699.5,8688.5,8689.5,627
2026-08-12 14:00:00+00:00,8689.5,8696.0,8682.5,8683.5,723
2026-08-12 14:15:00+00:00,8683.5,8684.0,8673.0,8674.5,610
2026-08-12 14:30:00+00:00,8674.0,8678.0,8659.0,8676.0,1268
2026-08-12 14:45:00+00:00,8675.5,8676.5,8668.0,8675.0,450
2026-08-12 15:00:00+00:00,8674.5,8675.0,8664.5,8668.5,768
2026-08-12 15:15:00+00:00,8668.5,8677.0,8667.0,8676.5,1252
2026-08-12 15:30:00+00:00,8676.0,8689.0,8673.5,8682.0,1949
2026-08-12 15:45:00+00:00,8682.5,8686.5,8681.0,8686.0,199
2026-08-12 16:00:00+00:00,8686.0,8689.5,8682.0,8684.0,163
2026-08-12 16:15:00+00:00,8684.0,8688.0,8684.0,8685.0,152
2026-08-12 16:30:00+00:00,8684.5,8687.0,8683.5,8686.0,120
2026-08-12 16:45:00+00:00,8686.5,8688.0,8685.0,8687.5,67
2026-08-12 17:00:00+00:00,8687.5,8692.5,8687.0,8691.5,110
2026-08-12 17:15:00+00:00,8690.5,8692.5,8688.5,8692.0,59
2026-08-12 17:30:00+00:00,8691.0,8693.5,8689.5,8693.0,120
2026-08-12 17:45:00+00:00,8693.0,8694.5,8692.5,8694.0,70
2026-08-12 18:00:00+00:00,8693.5,8696.5,8693.0,8696.5,46
2026-08-12 18:15:00+00:00,8696.0,8697.5,8695.5,8695.5,143
2026-08-12 18:30:00+00:00,8696.0,8697.0,8695.5,8697.0,35
2026-08-12 18:45:00+00:00,8697.0,8697.5,8694.5,8694.5,70
2026-08-12 19:00:00+00:00,8694.5,8697.5,8694.5,8696.5,94
2026-08-12 19:15:00+00:00,8697.0,8698.0,8694.0,8694.0,39
2026-08-12 19:30:00+00:00,8695.0,8696.0,8694.0,8694.5,72
2026-08-12 19:45:00+00:00,8694.5,8698.5,8690.0,8698.5,302
2026-08-13 06:00:00+00:00,8702.5,8705.5,8694.0,8703.5,332
2026-08-13 06:15:00+00:00,8703.5,8709.0,8703.5,8708.5,191
2026-08-13 06:30:00+00:00,8707.0,8707.0,8703.0,8705.0,66
2026-08-13 06:45:00+00:00,8704.5,8720.0,8703.0,8709.0,347
2026-08-13 07:00:00+00:00,8710.0,8714.0,8693.5,8700.5,2197
2026-08-13 07:15:00+00:00,8700.5,8701.0,8688.5,8693.0,633
2026-08-13 07:30:00+00:00,8692.0,8694.0,8684.5,8692.5,436
2026-08-13 07:45:00+00:00,8692.5,8697.0,8683.5,8683.5,329
2026-08-13 08:00:00+00:00,8684.0,8696.5,8681.5,8696.5,498
2026-08-13 08:15:00+00:00,8696.0,8697.5,8691.5,8696.5,201
2026-08-13 08:30:00+00:00,8697.0,8705.5,8694.5,8705.0,269
2026-08-13 08:45:00+00:00,8704.5,8710.5,8704.0,8707.0,246
2026-08-13 09:00:00+00:00,8707.0,8713.5,8704.5,8709.5,422
2026-08-13 09:15:00+00:00,8709.0,8712.5,8705.5,8706.5,342
2026-08-13 09:30:00+00:00,8706.0,8707.0,8700.0,8702.0,291
2026-08-13 09:45:00+00:00,8702.0,8708.0,8701.5,8707.5,219
2026-08-13 10:00:00+00:00,8707.5,8707.5,8700.0,8700.5,342
2026-08-13 10:15:00+00:00,8701.5,8703.5,8699.0,8699.0,344
2026-08-13 10:30:00+00:00,8699.0,8700.5,8697.0,8699.0,187
2026-08-13 10:45:00+00:00,8698.5,8700.5,8695.0,8697.5,291
2026-08-13 11:00:00+00:00,8697.0,8698.5,8695.5,8696.0,251
2026-08-13 11:15:00+00:00,8696.5,8698.0,8693.0,8693.5,230
2026-08-13 11:30:00+00:00,8693.0,8694.5,8688.0,8694.0,341
2026-08-13 11:45:00+00:00,8693.5,8694.5,8690.0,8690.5,251
2026-08-13 12:00:00+00:00,8690.5,8692.0,8687.0,8688.0,243
2026-08-13 12:15:00+00:00,8687.5,8692.5,8687.0,8690.5,242
2026-08-13 12:30:00+00:00,8693.5,8696.5,8680.0,8683.5,368
2026-08-13 12:45:00+00:00,8683.0,8684.0,8676.0,8678.0,239
2026-08-13 13:00:00+00:00,8677.5,8679.5,8673.5,8678.5,338
2026-08-13 13:15:00+00:00,8678.5,8682.5,8678.0,8680.5,290
2026-08-13 13:30:00+00:00,8680.0,8683.0,8671.5,8679.0,1233
2026-08-13 13:45:00+00:00,8679.5,8679.5,8662.5,8666.0,901
2026-08-13 14:00:00+00:00,8665.5,8674.5,8665.5,8667.5,588
2026-08-13 14:15:00+00:00,8668.5,8674.0,8662.0,8669.5,566
2026-08-13 14:30:00+00:00,8670.0,8674.5,8665.0,8670.0,434
2026-08-13 14:45:00+00:00,8670.5,8671.0,8665.0,8668.5,430
2026-08-13 15:00:00+00:00,8668.5,8669.0,8656.5,8656.5,535
2026-08-13 15:15:00+00:00,8657.0,8662.5,8654.0,8655.0,1454
2026-08-13 15:30:00+00:00,8654.5,8662.0,8648.5,8659.5,2155
2026-08-13 15:45:00+00:00,8658.5,8665.0,8658.0,8661.5,242
2026-08-13 16:00:00+00:00,8662.0,8666.5,8661.0,8661.5,195
2026-08-13 16:15:00+00:00,8661.5,8667.0,8660.5,8667.0,139
2026-08-13 16:30:00+00:00,8666.5,8670.0,8666.5,8668.0,138
2026-08-13 16:45:00+00:00,8668.5,8672.5,8667.5,8672.0,99
2026-08-13 17:00:00+00:00,8672.5,8675.5,8672.0,8672.0,90
2026-08-13 17:15:00+00:00,8673.0,8675.0,8671.5,8671.5,86
2026-08-13 17:30:00+00:00,8672.0,8672.0,8668.5,8670.5,73
2026-08-13 17:45:00+00:00,8670.0,8671.5,8669.0,8670.5,37
2026-08-13 18:00:00+00:00,8671.0,8673.5,8671.0,8672.5,47
2026-08-13 18:15:00+00:00,8672.5,8673.5,8671.5,8673.5,55
2026-08-13 18:30:00+00:00,8673.5,8676.0,8672.0,8673.5,148
2026-08-13 18:45:00+00:00,8673.0,8675.0,8672.0,8672.0,73
2026-08-13 19:00:00+00:00,8671.0,8671.5,8667.0,8667.5,139
2026-08-13 19:15:00+00:00,8668.0,8671.5,8667.5,8668.0,78
2026-08-13 19:30:00+00:00,8668.0,8669.0,8666.0,8666.5,122
2026-08-13 19:45:00+00:00,8666.0,8669.5,8665.0,8669.0,320
2026-08-14 06:00:00+00:00,8661.0,8664.0,8657.5,8662.5,228
2026-08-14 06:15:00+00:00,8663.5,8667.5,8663.0,8667.5,117
2026-08-14 06:30:00+00:00,8667.5,8670.5,8666.5,8668.5,98
2026-08-14 06:45:00+00:00,8669.0,8671.5,8662.0,8662.5,215
2026-08-14 07:00:00+00:00,8663.0,8668.5,8647.0,8653.0,1799
2026-08-14 07:15:00+00:00,8653.0,8659.5,8648.5,8658.5,565
2026-08-14 07:30:00+00:00,8658.5,8660.0,8650.0,8652.0,343
2026-08-14 07:45:00+00:00,8653.0,8653.0,8646.0,8647.5,647
2026-08-14 08:00:00+00:00,8647.5,8649.0,8633.5,8640.5,443
2026-08-14 08:15:00+00:00,8640.0,8643.0,8633.0,8641.5,480
2026-08-14 08:30:00+00:00,8642.0,8649.5,8639.5,8640.5,340
2026-08-14 08:45:00+00:00,8640.0,8651.0,8640.0,8647.5,292
2026-08-14 09:00:00+00:00,8647.0,8654.5,8645.0,8650.0,307
2026-08-14 09:15:00+00:00,8650.0,8653.5,8647.0,8650.5,219
2026-08-14 09:30:00+00:00,8650.5,8657.0,8649.5,8657.0,452
2026-08-14 09:45:00+00:00,8657.0,8661.5,8657.0,8658.5,556
2026-08-14 10:00:00+00:00,8658.5,8666.5,8657.0,8664.0,435
2026-08-14 10:15:00+00:00,8664.0,8664.0,8658.0,8661.5,200
2026-08-14 10:30:00+00:00,8662.0,8664.5,8658.0,8662.5,209
2026-08-14 10:45:00+00:00,8662.0,8662.5,8655.5,8658.5,221
2026-08-14 11:00:00+00:00,8659.0,8659.0,8648.5,8651.0,392
2026-08-14 11:15:00+00:00,8651.0,8661.5,8651.0,8658.5,226
2026-08-14 11:30:00+00:00,8659.0,8663.5,8656.0,8657.0,347
2026-08-14 11:45:00+00:00,8657.0,8662.0,8656.5,8660.0,211
2026-08-14 12:00:00+00:00,8659.5,8660.5,8652.0,8660.5,676
2026-08-14 12:15:00+00:00,8661.0,8663.0,8658.0,8663.0,367
2026-08-14 12:30:00+00:00,8663.0,8666.5,8655.0,8659.0,233
2026-08-14 12:45:00+00:00,8659.0,8660.5,8655.5,8657.5,210
2026-08-14 13:00:00+00:00,8657.0,8657.5,8653.0,8653.5,259
2026-08-14 13:15:00+00:00,8653.0,8657.0,8650.5,8654.5,311
2026-08-14 13:30:00+00:00,8655.0,8656.0,8649.5,8654.5,549
2026-08-14 13:45:00+00:00,8655.0,8658.5,8653.5,8656.0,615
2026-08-14 14:00:00+00:00,8655.5,8658.5,8649.5,8652.0,434
2026-08-14 14:15:00+00:00,8652.5,8655.0,8645.5,8647.0,402
2026-08-14 14:30:00+00:00,8647.5,8651.5,8644.5,8646.0,383
2026-08-14 14:45:00+00:00,8646.5,8655.5,8645.5,8654.5,377
2026-08-14 15:00:00+00:00,8654.5,8658.5,8649.0,8649.5,394
2026-08-14 15:15:00+00:00,8649.5,8650.5,8637.0,8646.5,966
2026-08-14 15:30:00+00:00,8646.0,8646.5,8634.0,8635.0,1428
2026-08-14 15:45:00+00:00,8635.0,8636.5,8632.0,8635.5,250
2026-08-14 16:00:00+00:00,8635.5,8639.0,8635.5,8638.0,149
2026-08-14 16:15:00+00:00,8639.5,8641.5,8639.0,8640.0,121
2026-08-14 16:30:00+00:00,8639.5,8640.0,8636.5,8636.5,79
2026-08-14 16:45:00+00:00,8636.5,8639.0,8636.0,8637.5,101
2026-08-14 17:00:00+00:00,8637.5,8639.5,8636.5,8639.5,136
2026-08-14 17:15:00+00:00,8639.5,8642.5,8639.0,8641.5,101
2026-08-14 17:30:00+00:00,8642.0,8642.0,8638.0,8639.5,86
2026-08-14 17:45:00+00:00,8639.5,8641.5,8638.0,8640.5,38
2026-08-14 18:00:00+00:00,8641.0,8643.5,8640.0,8643.5,79
2026-08-14 18:15:00+00:00,8643.0,8645.0,8642.5,8644.5,198
2026-08-14 18:30:00+00:00,8644.0,8645.5,8643.5,8644.5,61
2026-08-14 18:45:00+00:00,8644.0,8646.5,8643.5,8646.5,74
2026-08-14 19:00:00+00:00,8646.0,8646.0,8643.0,8645.0,61
2026-08-14 19:15:00+00:00,8644.5,8648.5,8642.5,8648.5,114
2026-08-14 19:30:00+00:00,8646.5,8648.0,8645.0,8646.5,111
2026-08-14 19:45:00+00:00,8645.5,8647.0,8639.5,8646.0,311
2026-08-17 06:00:00+00:00,8660.5,8663.0,8653.5,8657.5,251
2026-08-17 06:15:00+00:00,8657.0,8657.0,8650.0,8653.0,74
2026-08-17 06:30:00+00:00,8652.5,8652.5,8646.0,8646.5,90
2026-08-17 06:45:00+00:00,8647.0,8654.5,8646.5,8646.5,367
2026-08-17 07:00:00+00:00,8647.0,8647.5,8629.5,8630.5,1945
2026-08-17 07:15:00+00:00,8630.5,8639.0,8628.5,8637.0,508
2026-08-17 07:30:00+00:00,8638.0,8641.5,8632.0,8641.5,388
2026-08-17 07:45:00+00:00,8641.5,8648.0,8640.0,8643.0,507
2026-08-17 08:00:00+00:00,8643.5,8644.0,8626.0,8631.5,569
2026-08-17 08:15:00+00:00,8631.0,8631.5,8623.5,8626.5,597
2026-08-17 08:30:00+00:00,8626.5,8634.0,8625.5,8631.5,311
2026-08-17 08:45:00+00:00,8631.5,8633.5,8627.0,8627.5,396
2026-08-17 09:00:00+00:00,8627.5,8633.0,8627.5,8629.5,335
2026-08-17 09:15:00+00:00,8630.5,8632.0,8626.0,8627.5,323
2026-08-17 09:30:00+00:00,8628.5,8630.0,8626.5,8628.5,204
2026-08-17 09:45:00+00:00,8628.5,8630.5,8623.0,8627.0,240
2026-08-17 10:00:00+00:00,8626.5,8628.5,8623.5,8627.0,268
2026-08-17 10:15:00+00:00,8628.0,8643.5,8623.0,8643.0,1045
2026-08-17 10:30:00+00:00,8641.0,8642.5,8627.0,8632.5,517
2026-08-17 10:45:00+00:00,8633.5,8636.5,8631.0,8631.0,278
2026-08-17 11:00:00+00:00,8630.5,8630.5,8624.5,8626.5,242
2026-08-17 11:15:00+00:00,8627.0,8630.5,8623.0,8628.0,145
2026-08-17 11:30:00+00:00,8629.0,8629.0,8623.5,8625.5,213
2026-08-17 11:45:00+00:00,8625.5,8627.0,8622.0,8624.0,302
2026-08-17 12:00:00+00:00,8623.0,8624.0,8610.0,8611.5,399
2026-08-17 12:15:00+00:00,8611.5,8612.0,8595.5,8603.5,802
2026-08-17 12:30:00+00:00,8603.0,8604.5,8599.0,8601.5,326
2026-08-17 12:45:00+00:00,8602.0,8604.0,8598.5,8604.0,231
2026-08-17 13:00:00+00:00,8604.0,8604.5,8596.5,8597.0,289
2026-08-17 13:15:00+00:00,8597.0,8601.5,8594.0,8597.5,335
2026-08-17 13:30:00+00:00,8597.5,8603.5,8596.0,8598.0,856
2026-08-17 13:45:00+00:00,8597.5,8605.0,8597.0,8605.0,442
2026-08-17 14:00:00+00:00,8605.5,8605.5,8596.5,8601.0,596
2026-08-17 14:15:00+00:00,8600.5,8601.0,8594.0,8595.5,344
2026-08-17 14:30:00+00:00,8596.0,8598.5,8586.5,8586.5,478
2026-08-17 14:45:00+00:00,8586.5,8591.5,8585.0,8589.0,919
2026-08-17 15:00:00+00:00,8589.5,8595.0,8580.0,8584.0,693
2026-08-17 15:15:00+00:00,8584.0,8591.0,8583.0,8589.5,1396
2026-08-17 15:30:00+00:00,8589.0,8589.5,8577.0,8581.5,1647
2026-08-17 15:45:00+00:00,8581.0,8588.5,8581.0,8586.0,343
2026-08-17 16:00:00+00:00,8586.5,8591.0,8586.0,8588.5,168
2026-08-17 16:15:00+00:00,8588.0,8593.0,8588.0,8591.0,101
2026-08-17 16:30:00+00:00,8590.5,8591.5,8588.0,8588.0,60
2026-08-17 16:45:00+00:00,8587.5,8587.5,8585.0,8586.0,110
2026-08-17 17:00:00+00:00,8585.5,8587.0,8582.0,8582.0,96
2026-08-17 17:15:00+00:00,8582.5,8582.5,8574.0,8576.5,186
2026-08-17 17:30:00+00:00,8576.5,8579.0,8573.0,8578.5,183
2026-08-17 17:45:00+00:00,8578.5,8578.5,8573.5,8574.5,91
2026-08-17 18:00:00+00:00,8574.5,8574.5,8569.5,8573.5,190
2026-08-17 18:15:00+00:00,8573.5,8579.5,8571.5,8579.5,326
2026-08-17 18:30:00+00:00,8578.5,8579.0,8574.5,8576.0,191
2026-08-17 18:45:00+00:00,8576.0,8577.5,8575.5,8576.5,111
2026-08-17 19:00:00+00:00,8577.0,8577.5,8572.0,8576.5,146
2026-08-17 19:15:00+00:00,8576.5,8580.0,8575.5,8578.5,137
2026-08-17 19:30:00+00:00,8578.0,8584.0,8576.5,8581.5,429
2026-08-17 19:45:00+00:00,8581.5,8586.0,8577.5,8585.0,509
2026-08-18 06:00:00+00:00,8558.0,8565.0,8554.0,8560.0,521
2026-08-18 06:15:00+00:00,8560.0,8563.0,8557.5,8562.5,154
2026-08-18 06:30:00+00:00,8562.5,8568.5,8559.0,8567.0,197
2026-08-18 06:45:00+00:00,8567.0,8585.5,8567.0,8576.5,355
2026-08-18 07:00:00+00:00,8577.5,8584.5,8561.0,8566.0,3448
2026-08-18 07:15:00+00:00,8565.5,8572.0,8564.5,8565.5,1064
2026-08-18 07:30:00+00:00,8565.5,8570.5,8551.0,8551.0,1039
2026-08-18 07:45:00+00:00,8552.0,8552.5,8531.0,8533.5,920
2026-08-18 08:00:00+00:00,8533.0,8535.5,8523.0,8533.5,1299
2026-08-18 08:15:00+00:00,8534.0,8541.0,8528.5,8535.5,683
2026-08-18 08:30:00+00:00,8535.5,8543.0,8534.0,8541.0,612
2026-08-18 08:45:00+00:00,8542.0,8544.5,8534.0,8538.5,401
2026-08-18 09:00:00+00:00,8538.0,8542.0,8532.5,8535.0,748
2026-08-18 09:15:00+00:00,8535.5,8536.5,8530.5,8533.5,393
2026-08-18 09:30:00+00:00,8534.5,8539.5,8531.5,8539.5,416
2026-08-18 09:45:00+00:00,8540.0,8549.5,8538.0,8546.0,675
2026-08-18 10:00:00+00:00,8546.5,8554.5,8546.0,8550.5,556
2026-08-18 10:15:00+00:00,8550.0,8552.5,8546.5,8549.0,265
2026-08-18 10:30:00+00:00,8549.0,8549.5,8542.5,8544.5,223
2026-08-18 10:45:00+00:00,8545.0,8548.0,8542.5,8546.5,348
2026-08-18 11:00:00+00:00,8546.5,8548.0,8544.0,8545.5,433
2026-08-18 11:15:00+00:00,8545.0,8548.5,8541.0,8542.0,209
2026-08-18 11:30:00+00:00,8540.5,8544.5,8537.5,8543.0,341
2026-08-18 11:45:00+00:00,8543.0,8546.0,8540.5,8542.0,245
2026-08-18 12:00:00+00:00,8542.0,8549.5,8540.0,8546.0,422
2026-08-18 12:15:00+00:00,8546.0,8555.0,8544.0,8549.5,368
2026-08-18 12:30:00+00:00,8549.5,8550.5,8541.5,8547.5,345
2026-08-18 12:45:00+00:00,8548.0,8553.5,8547.0,8552.5,400
2026-08-18 13:00:00+00:00,8553.0,8553.0,8544.5,8548.5,385
2026-08-18 13:15:00+00:00,8548.5,8550.5,8538.0,8543.0,504
2026-08-18 13:30:00+00:00,8543.0,8551.0,8531.0,8547.0,1456
2026-08-18 13:45:00+00:00,8546.5,8546.5,8534.0,8537.5,575
2026-08-18 14:00:00+00:00,8538.0,8542.5,8529.0,8530.0,768
2026-08-18 14:15:00+00:00,8530.5,8536.0,8528.5,8534.5,803
2026-08-18 14:30:00+00:00,8535.0,8536.0,8527.5,8528.5,461
2026-08-18 14:45:00+00:00,8528.5,8534.5,8518.0,8520.0,875
2026-08-18 15:00:00+00:00,8519.5,8525.5,8517.0,8521.0,710
2026-08-18 15:15:00+00:00,8521.5,8524.0,8517.5,8523.5,1141
2026-08-18 15:30:00+00:00,8522.5,8525.0,8505.5,8517.0,4173
2026-08-18 15:45:00+00:00,8517.5,8526.0,8517.0,8520.0,312
2026-08-18 16:00:00+00:00,8520.0,8522.0,8518.5,8519.0,295
2026-08-18 16:15:00+00:00,8519.0,8525.0,8518.5,8521.0,230
2026-08-18 16:30:00+00:00,8521.0,8527.5,8521.0,8527.0,129
2026-08-18 16:45:00+00:00,8527.0,8532.0,8526.0,8530.0,149
2026-08-18 17:00:00+00:00,8530.5,8532.5,8527.5,8530.5,101
2026-08-18 17:15:00+00:00,8530.5,8531.0,8527.5,8530.0,62
2026-08-18 17:30:00+00:00,8528.5,8530.5,8527.0,8528.0,58
2026-08-18 17:45:00+00:00,8527.5,8528.0,8524.0,8524.0,75
2026-08-18 18:00:00+00:00,8524.0,8528.5,8522.5,8528.5,112
2026-08-18 18:15:00+00:00,8528.5,8529.5,8526.0,8529.5,75
2026-08-18 18:30:00+00:00,8529.5,8531.0,8528.0,8529.0,90
2026-08-18 18:45:00+00:00,8529.0,8529.0,8522.5,8523.5,133
2026-08-18 19:00:00+00:00,8523.0,8525.0,8521.5,8524.5,103
2026-08-18 19:15:00+00:00,8524.0,8530.0,8524.0,8529.0,69
2026-08-18 19:30:00+00:00,8528.0,8530.0,8524.5,8525.5,333
2026-08-18 19:45:00+00:00,8525.5,8528.5,8516.5,8517.5,455
2026-08-19 06:00:00+00:00,8508.0,8509.5,8502.0,8504.5,288
2026-08-19 06:15:00+00:00,8505.5,8520.5,8505.5,8518.0,136
2026-08-19 06:30:00+00:00,8519.0,8523.5,8517.5,8520.0,74
2026-08-19 06:45:00+00:00,8519.5,8530.5,8519.0,8528.0,360
2026-08-19 07:00:00+00:00,8527.5,8534.5,8521.5,8527.0,1397
2026-08-19 07:15:00+00:00,8528.0,8539.0,8524.5,8536.5,900
2026-08-19 07:30:00+00:00,8536.5,8544.5,8531.0,8531.5,713
2026-08-19 07:45:00+00:00,8531.5,8541.0,8531.5,8540.5,637
2026-08-19 08:00:00+00:00,8540.5,8545.0,8535.5,8535.5,495
2026-08-19 08:15:00+00:00,8535.0,8544.0,8532.0,8541.0,413
2026-08-19 08:30:00+00:00,8542.0,8544.0,8538.5,8540.5,361
2026-08-19 08:45:00+00:00,8540.5,8541.5,8536.0,8538.0,487
2026-08-19 09:00:00+00:00,8538.0,8541.0,8535.5,8535.5,457
2026-08-19 09:15:00+00:00,8535.0,8541.5,8533.5,8538.5,596
2026-08-19 09:30:00+00:00,8538.5,8540.5,8533.5,8536.0,874
2026-08-19 09:45:00+00:00,8536.0,8543.5,8535.0,8543.5,500
2026-08-19 10:00:00+00:00,8543.5,8550.0,8541.5,8549.0,477
2026-08-19 10:15:00+00:00,8549.0,8551.5,8541.0,8545.5,509
2026-08-19 10:30:00+00:00,8546.5,8547.5,8538.5,8539.0,347
2026-08-19 10:45:00+00:00,8539.5,8544.5,8536.5,8544.5,205
2026-08-19 11:00:00+00:00,8544.5,8551.5,8544.0,8547.5,273
2026-08-19 11:15:00+00:00,8547.0,8552.5,8547.0,8548.0,527
2026-08-19 11:30:00+00:00,8548.5,8548.5,8540.5,8542.5,225
2026-08-19 11:45:00+00:00,8542.5,8546.0,8541.0,8543.5,423
2026-08-19 12:00:00+00:00,8544.0,8545.0,8539.0,8542.0,276
2026-08-19 12:15:00+00:00,8542.0,8544.0,8537.5,8538.5,393
2026-08-19 12:30:00+00:00,8538.5,8563.5,8536.5,8560.5,955
2026-08-19 12:45:00+00:00,8560.5,8562.0,8538.5,8539.5,415
2026-08-19 13:00:00+00:00,8539.0,8542.0,8534.5,8537.5,484
2026-08-19 13:15:00+00:00,8537.0,8541.0,8535.0,8535.5,295
2026-08-19 13:30:00+00:00,8535.0,8535.0,8526.5,8530.0,623
2026-08-19 13:45:00+00:00,8530.5,8531.0,8520.0,8523.5,745
2026-08-19 14:00:00+00:00,8524.0,8525.5,8517.0,8518.0,639
2026-08-19 14:15:00+00:00,8518.0,8526.5,8515.5,8522.0,568
2026-08-19 14:30:00+00:00,8521.5,8528.0,8520.0,8522.5,547
2026-08-19 14:45:00+00:00,8522.5,8523.5,8518.5,8522.0,421
2026-08-19 15:00:00+00:00,8522.0,8522.5,8514.0,8517.5,485
2026-08-19 15:15:00+00:00,8518.0,8519.5,8510.5,8516.5,958
2026-08-19 15:30:00+00:00,8518.0,8520.0,8500.0,8502.5,2351
2026-08-19 15:45:00+00:00,8502.0,8508.0,8502.0,8503.5,173
2026-08-19 16:00:00+00:00,8503.0,8511.5,8502.0,8508.0,204
2026-08-19 16:15:00+00:00,8507.5,8510.0,8502.5,8502.5,67
2026-08-19 16:30:00+00:00,8502.5,8504.0,8500.5,8502.0,90
2026-08-19 16:45:00+00:00,8502.0,8503.0,8500.0,8500.5,80
2026-08-19 17:00:00+00:00,8499.5,8502.0,8496.5,8500.0,86
2026-08-19 17:15:00+00:00,8499.0,8499.5,8494.0,8497.0,68
2026-08-19 17:30:00+00:00,8497.0,8498.0,8495.0,8497.0,74
2026-08-19 17:45:00+00:00,8497.5,8499.5,8496.0,8496.0,47
2026-08-19 18:00:00+00:00,8497.0,8501.0,8493.5,8493.5,104
2026-08-19 18:15:00+00:00,8493.0,8496.0,8490.5,8495.5,110
2026-08-19 18:30:00+00:00,8496.0,8498.0,8495.5,8496.5,92
2026-08-19 18:45:00+00:00,8496.0,8498.0,8495.0,8497.0,87
2026-08-19 19:00:00+00:00,8498.0,8499.0,8496.0,8498.0,70
2026-08-19 19:15:00+00:00,8498.5,8501.5,8497.5,8499.5,77
2026-08-19 19:30:00+00:00,8499.5,8501.0,8493.5,8496.5,133
2026-08-19 19:45:00+00:00,8497.0,8506.0,8495.5,8504.0,335
2026-08-20 06:00:00+00:00,8498.0,8514.0,8496.5,8509.5,346
2026-08-20 06:15:00+00:00,8510.5,8510.5,8507.0,8509.0,56
2026-08-20 06:30:00+00:00,8508.0,8513.5,8506.0,8511.0,129
2026-08-20 06:45:00+00:00,8513.0,8514.5,8506.5,8509.0,165
2026-08-20 07:00:00+00:00,8508.5,8515.5,8501.0,8507.5,772
2026-08-20 07:15:00+00:00,8506.5,8506.5,8495.0,8496.0,357
2026-08-20 07:30:00+00:00,8496.0,8506.5,8488.5,8506.0,408
2026-08-20 07:45:00+00:00,8506.0,8509.0,8496.0,8497.0,221
2026-08-20 08:00:00+00:00,8497.5,8506.0,8497.5,8502.5,161
2026-08-20 08:15:00+00:00,8502.5,8506.5,8492.5,8494.0,130
2026-08-20 08:30:00+00:00,8493.0,8494.5,8485.0,8488.5,272
2026-08-20 08:45:00+00:00,8489.0,8496.0,8488.0,8488.0,416
2026-08-20 09:00:00+00:00,8488.5,8497.0,8483.0,8486.5,294
2026-08-20 09:15:00+00:00,8485.5,8489.0,8482.0,8486.5,121
2026-08-20 09:30:00+00:00,8487.0,8489.5,8483.0,8484.5,130
2026-08-20 09:45:00+00:00,8484.0,8487.5,8480.5,8481.5,184
2026-08-20 10:00:00+00:00,8481.0,8485.0,8478.0,8482.0,215
2026-08-20 10:15:00+00:00,8482.0,8482.0,8467.5,8468.0,352
2026-08-20 10:30:00+00:00,8467.5,8477.0,8467.0,8469.0,405
2026-08-20 10:45:00+00:00,8468.5,8477.0,8466.5,8477.0,193
2026-08-20 11:00:00+00:00,8476.5,8483.0,8474.0,8479.5,106
2026-08-20 11:15:00+00:00,8479.0,8481.5,8473.5,8473.5,100
2026-08-20 11:30:00+00:00,8473.5,8482.0,8472.5,8479.5,145
2026-08-20 11:45:00+00:00,8479.0,8479.0,8470.0,8470.0,387
2026-08-20 12:00:00+00:00,8470.5,8471.5,8460.0,8464.0,464
2026-08-20 12:15:00+00:00,8465.0,8465.5,8454.5,8454.5,398
2026-08-20 12:30:00+00:00,8454.5,8459.5,8451.0,8459.5,137
2026-08-20 12:45:00+00:00,8459.5,8468.5,8459.5,8468.5,251
2026-08-20 13:00:00+00:00,8468.0,8469.5,8457.0,8459.0,228
2026-08-20 13:15:00+00:00,8458.0,8463.0,8458.0,8463.0,146
2026-08-20 13:30:00+00:00,8463.0,8468.5,8457.5,8466.5,349
2026-08-20 13:45:00+00:00,8466.5,8466.5,8455.5,8458.5,303
2026-08-20 14:00:00+00:00,8457.5,8458.5,8446.0,8450.5,395
2026-08-20 14:15:00+00:00,8450.5,8454.5,8448.0,8450.0,139
2026-08-20 14:30:00+00:00,8448.5,8460.5,8448.5,8458.0,285
2026-08-20 14:45:00+00:00,8458.5,8470.5,8458.5,8470.5,285
2026-08-20 15:00:00+00:00,8470.5,8480.5,8468.0,8473.0,407
2026-08-20 15:15:00+00:00,8472.5,8473.5,8464.0,8471.5,636
2026-08-20 15:30:00+00:00,8472.0,8472.5,8446.0,8450.0,1167
2026-08-20 15:45:00+00:00,8449.0,8461.0,8449.0,8456.5,95
2026-08-20 16:00:00+00:00,8457.5,8460.5,8455.5,8456.5,66
2026-08-20 16:15:00+00:00,8455.5,8461.0,8455.5,8461.0,18
2026-08-20 16:30:00+00:00,8457.5,8463.5,8457.5,8463.5,9
2026-08-20 16:45:00+00:00,8465.0,8467.0,8464.0,8465.5,26
2026-08-20 17:00:00+00:00,8466.0,8466.0,8459.0,8460.0,53
2026-08-20 17:15:00+00:00,8457.0,8457.0,8456.0,8456.0,6
2026-08-20 17:30:00+00:00,8454.5,8454.5,8452.0,8452.0,5
2026-08-20 17:45:00+00:00,8453.0,8457.0,8453.0,8457.0,7
2026-08-20 18:00:00+00:00,8456.0,8457.0,8448.0,8448.5,41
2026-08-20 18:15:00+00:00,8448.5,8452.0,8447.5,8449.0,18
2026-08-20 18:30:00+00:00,8447.5,8449.5,8445.5,8448.0,43
2026-08-20 18:45:00+00:00,8448.0,8453.0,8447.5,8452.0,67
2026-08-20 19:00:00+00:00,8450.5,8455.5,8450.5,8455.0,27
2026-08-20 19:15:00+00:00,8457.0,8457.0,8453.5,8456.0,23
2026-08-20 19:30:00+00:00,8456.0,8456.0,8452.0,8454.0,121
2026-08-20 19:45:00+00:00,8452.5,8472.5,8451.0,8459.0,191
2026-08-21 06:00:00+00:00,8487.5,8490.5,8482.0,8487.0,314
2026-08-21 06:15:00+00:00,8487.5,8491.0,8482.5,8487.5,176
2026-08-21 06:30:00+00:00,8487.5,8492.5,8485.0,8487.5,198
2026-08-21 06:45:00+00:00,8488.0,8492.5,8483.5,8483.5,349
2026-08-21 07:00:00+00:00,8484.0,8484.5,8460.0,8470.5,2609
2026-08-21 07:15:00+00:00,8472.0,8476.0,8461.5,8474.0,1489
2026-08-21 07:30:00+00:00,8474.0,8489.0,8470.5,8487.0,1060
2026-08-21 07:45:00+00:00,8487.0,8487.5,8478.5,8485.5,686
2026-08-21 08:00:00+00:00,8485.5,8485.5,8478.5,8481.0,721
2026-08-21 08:15:00+00:00,8481.5,8493.0,8480.0,8491.5,758
2026-08-21 08:30:00+00:00,8491.5,8491.5,8483.5,8484.5,507
2026-08-21 08:45:00+00:00,8484.0,8488.0,8481.0,8486.0,565
2026-08-21 09:00:00+00:00,8486.0,8490.5,8477.5,8479.5,581
2026-08-21 09:15:00+00:00,8480.0,8480.5,8473.5,8474.5,475
2026-08-21 09:30:00+00:00,8474.5,8474.5,8468.0,8469.0,381
2026-08-21 09:45:00+00:00,8469.0,8476.0,8468.5,8470.5,624
2026-08-21 10:00:00+00:00,8470.5,8479.5,8470.0,8476.0,312
2026-08-21 10:15:00+00:00,8476.0,8478.5,8473.0,8476.5,287
2026-08-21 10:30:00+00:00,8476.0,8476.0,8470.0,8471.5,193
2026-08-21 10:45:00+00:00,8471.5,8479.0,8471.5,8476.0,438
2026-08-21 11:00:00+00:00,8476.5,8482.0,8475.5,8480.0,373
2026-08-21 11:15:00+00:00,8480.0,8485.0,8479.5,8481.5,425
2026-08-21 11:30:00+00:00,8482.0,8486.0,8475.5,8476.0,398
2026-08-21 11:45:00+00:00,8476.5,8480.5,8476.0,8479.0,216
2026-08-21 12:00:00+00:00,8481.0,8486.5,8476.0,8485.5,332
2026-08-21 12:15:00+00:00,8486.0,8490.5,8485.0,8489.5,516
2026-08-21 12:30:00+00:00,8488.5,8496.0,8485.0,8494.5,503
2026-08-21 12:45:00+00:00,8494.5,8495.5,8487.5,8489.0,385
2026-08-21 13:00:00+00:00,8489.5,8493.0,8488.0,8490.0,426
2026-08-21 13:15:00+00:00,8490.0,8495.5,8486.0,8495.5,412
2026-08-21 13:30:00+00:00,8495.0,8501.5,8490.5,8496.5,938
2026-08-21 13:45:00+00:00,8496.5,8511.5,8494.5,8508.0,1440
2026-08-21 14:00:00+00:00,8507.5,8512.5,8498.5,8499.0,1122
2026-08-21 14:15:00+00:00,8499.0,8510.0,8498.0,8509.0,645
2026-08-21 14:30:00+00:00,8508.5,8511.0,8503.5,8509.0,947
2026-08-21 14:45:00+00:00,8509.0,8510.5,8504.0,8504.0,735
2026-08-21 15:00:00+00:00,8504.0,8506.0,8496.5,8497.0,803
2026-08-21 15:15:00+00:00,8497.5,8501.0,8494.0,8498.0,1070
2026-08-21 15:30:00+00:00,8498.0,8510.0,8491.0,8508.5,2203
2026-08-21 15:45:00+00:00,8508.5,8508.5,8500.5,8501.0,389
2026-08-21 16:00:00+00:00,8501.5,8502.0,8498.0,8500.5,179
2026-08-21 16:15:00+00:00,8499.5,8503.5,8494.5,8499.0,227
2026-08-21 16:30:00+00:00,8500.0,8501.0,8496.0,8497.5,84
2026-08-21 16:45:00+00:00,8497.0,8498.0,8494.5,8497.0,85
2026-08-21 17:00:00+00:00,8497.5,8499.0,8494.5,8496.0,100
2026-08-21 17:15:00+00:00,8495.5,8496.0,8493.5,8494.5,58
2026-08-21 17:30:00+00:00,8494.5,8496.5,8493.5,8495.5,52
2026-08-21 17:45:00+00:00,8496.0,8498.0,8494.5,8494.5,62
2026-08-21 18:00:00+00:00,8494.0,8494.5,8492.5,8493.0,55
2026-08-21 18:15:00+00:00,8493.5,8495.5,8493.0,8495.0,85
2026-08-21 18:30:00+00:00,8495.0,8496.0,8492.0,8496.0,93
2026-08-21 18:45:00+00:00,8495.5,8498.0,8495.0,8498.0,64
2026-08-21 19:00:00+00:00,8498.5,8499.5,8497.0,8498.0,78
2026-08-21 19:15:00+00:00,8498.5,8499.0,8496.5,8497.0,73
2026-08-21 19:30:00+00:00,8497.0,8500.0,8496.0,8499.5,120
2026-08-21 19:45:00+00:00,8499.5,8503.0,8488.0,8493.0,357
2026-08-24 06:00:00+00:00,8490.5,8500.5,8484.0,8499.0,456
2026-08-24 06:15:00+00:00,8499.5,8503.0,8495.0,8497.5,129
2026-08-24 06:30:00+00:00,8498.0,8500.5,8493.0,8493.0,72
2026-08-24 06:45:00+00:00,8493.5,8498.0,8486.0,8486.0,207
2026-08-24 07:00:00+00:00,8487.0,8504.0,8481.5,8486.0,1888
2026-08-24 07:15:00+00:00,8486.0,8490.0,8476.5,8477.5,859
2026-08-24 07:30:00+00:00,8477.5,8487.5,8475.0,8478.5,701
2026-08-24 07:45:00+00:00,8478.5,8489.5,8476.0,8476.0,843
2026-08-24 08:00:00+00:00,8476.0,8502.0,8474.0,8488.5,1010
2026-08-24 08:15:00+00:00,8489.0,8497.0,8489.0,8494.5,652
2026-08-24 08:30:00+00:00,8494.0,8507.5,8493.5,8503.5,754
2026-08-24 08:45:00+00:00,8504.0,8505.5,8497.0,8497.0,624
2026-08-24 09:00:00+00:00,8497.0,8507.0,8494.0,8504.5,638
2026-08-24 09:15:00+00:00,8504.0,8504.5,8492.0,8495.0,485
2026-08-24 09:30:00+00:00,8495.0,8499.0,8493.5,8495.0,359
2026-08-24 09:45:00+00:00,8495.0,8501.5,8494.0,8500.5,331
2026-08-24 10:00:00+00:00,8500.5,8503.0,8499.5,8500.5,418
2026-08-24 10:15:00+00:00,8500.5,8504.0,8498.5,8503.0,261
2026-08-24 10:30:00+00:00,8502.5,8509.0,8501.0,8501.0,390
2026-08-24 10:45:00+00:00,8500.5,8503.0,8496.5,8498.5,337
2026-08-24 11:00:00+00:00,8498.0,8499.0,8491.0,8493.0,279
2026-08-24 11:15:00+00:00,8493.0,8498.0,8492.0,8497.0,194
2026-08-24 11:30:00+00:00,8497.0,8504.0,8494.0,8498.0,436
2026-08-24 11:45:00+00:00,8498.0,8498.0,8490.5,8492.0,182
2026-08-24 12:00:00+00:00,8491.0,8491.0,8482.0,8486.5,191
2026-08-24 12:15:00+00:00,8485.5,8489.5,8483.0,8484.5,218
2026-08-24 12:30:00+00:00,8484.5,8492.5,8469.5,8482.5,1211
2026-08-24 12:45:00+00:00,8483.0,8484.5,8476.5,8478.5,470
2026-08-24 13:00:00+00:00,8478.0,8478.5,8464.5,8465.5,606
2026-08-24 13:15:00+00:00,8465.5,8475.5,8465.0,8469.5,711
2026-08-24 13:30:00+00:00,8470.0,8474.0,8461.0,8467.5,1194
2026-08-24 13:45:00+00:00,8467.5,8477.5,8467.0,8473.0,846
2026-08-24 14:00:00+00:00,8473.5,8476.0,8463.5,8466.0,578
2026-08-24 14:15:00+00:00,8466.0,8473.0,8465.0,8471.0,468
2026-08-24 14:30:00+00:00,8471.0,8482.0,8470.5,8480.5,566
2026-08-24 14:45:00+00:00,8480.0,8482.5,8477.5,8479.0,506
2026-08-24 15:00:00+00:00,8479.0,8479.0,8471.5,8474.5,713
2026-08-24 15:15:00+00:00,8474.0,8486.0,8470.5,8483.0,2615
2026-08-24 15:30:00+00:00,8484.0,8485.0,8465.0,8475.0,2995
2026-08-24 15:45:00+00:00,8476.0,8480.5,8475.0,8477.5,301
2026-08-24 16:00:00+00:00,8478.0,8484.0,8478.0,8478.5,298
2026-08-24 16:15:00+00:00,8478.5,8484.0,8478.5,8483.0,136
2026-08-24 16:30:00+00:00,8481.0,8482.5,8480.0,8480.5,123
2026-08-24 16:45:00+00:00,8479.5,8481.5,8476.5,8480.0,147
2026-08-24 17:00:00+00:00,8481.0,8490.5,8479.0,8489.5,166
2026-08-24 17:15:00+00:00,8489.5,8492.5,8481.0,8481.0,173
2026-08-24 17:30:00+00:00,8480.5,8482.5,8480.0,8481.5,80
2026-08-24 17:45:00+00:00,8481.0,8484.0,8481.0,8483.0,60
2026-08-24 18:00:00+00:00,8483.0,8489.5,8482.5,8489.5,148
2026-08-24 18:15:00+00:00,8489.5,8495.5,8489.5,8495.5,190
2026-08-24 18:30:00+00:00,8495.5,8497.0,8490.5,8492.5,143
2026-08-24 18:45:00+00:00,8492.5,8494.0,8491.5,8492.5,49
2026-08-24 19:00:00+00:00,8492.0,8492.5,8489.0,8491.0,100
2026-08-24 19:15:00+00:00,8491.0,8492.5,8489.5,8490.5,66
2026-08-24 19:30:00+00:00,8491.0,8493.0,8487.0,8488.5,164
2026-08-24 19:45:00+00:00,8488.0,8491.5,8487.0,8490.5,250
2026-08-25 06:00:00+00:00,8502.0,8506.0,8500.5,8502.5,381
2026-08-25 06:15:00+00:00,8502.5,8505.0,8500.5,8503.5,125
2026-08-25 06:30:00+00:00,8502.5,8504.0,8497.5,8504.0,72
2026-08-25 06:45:00+00:00,8504.0,8512.5,8499.0,8512.5,226
2026-08-25 07:00:00+00:00,8511.5,8521.5,8497.0,8499.5,2105
2026-08-25 07:15:00+00:00,8500.0,8503.0,8490.5,8497.5,547
2026-08-25 07:30:00+00:00,8497.5,8503.0,8494.5,8497.0,436
2026-08-25 07:45:00+00:00,8497.0,8497.5,8482.0,8487.0,417
2026-08-25 08:00:00+00:00,8487.5,8488.0,8477.5,8480.5,375
2026-08-25 08:15:00+00:00,8480.0,8517.0,8480.0,8498.0,1319
2026-08-25 08:30:00+00:00,8498.5,8503.0,8489.0,8494.5,404
2026-08-25 08:45:00+00:00,8496.5,8499.5,8492.0,8499.0,409
2026-08-25 09:00:00+00:00,8498.0,8503.0,8497.0,8498.0,261
2026-08-25 09:15:00+00:00,8498.0,8504.5,8498.0,8501.0,392
2026-08-25 09:30:00+00:00,8500.5,8516.5,8500.5,8505.0,796
2026-08-25 09:45:00+00:00,8505.0,8513.5,8503.0,8505.0,593
2026-08-25 10:00:00+00:00,8504.5,8507.5,8501.5,8507.5,361
2026-08-25 10:15:00+00:00,8507.0,8511.5,8506.5,8508.5,313
2026-08-25 10:30:00+00:00,8508.5,8513.5,8505.0,8506.5,273
2026-08-25 10:45:00+00:00,8506.5,8508.5,8504.5,8507.0,217
2026-08-25 11:00:00+00:00,8507.0,8507.0,8492.5,8503.5,621
2026-08-25 11:15:00+00:00,8503.5,8505.5,8495.0,8495.0,225
2026-08-25 11:30:00+00:00,8496.0,8500.5,8496.0,8498.5,204
2026-08-25 11:45:00+00:00,8498.5,8501.0,8495.5,8497.5,356
2026-08-25 12:00:00+00:00,8497.0,8504.0,8489.5,8492.0,327
2026-08-25 12:15:00+00:00,8492.5,8497.5,8491.5,8495.0,235
2026-08-25 12:30:00+00:00,8495.0,8495.0,8489.0,8490.0,257
2026-08-25 12:45:00+00:00,8490.0,8493.5,8484.5,8485.0,421
2026-08-25 13:00:00+00:00,8485.0,8487.0,8481.0,8483.5,564
2026-08-25 13:15:00+00:00,8483.5,8486.0,8479.5,8483.0,537
2026-08-25 13:30:00+00:00,8483.5,8486.5,8473.5,8473.5,891
2026-08-25 13:45:00+00:00,8474.0,8474.0,8468.0,8470.0,700
2026-08-25 14:00:00+00:00,8470.5,8481.0,8466.5,8477.5,694
2026-08-25 14:15:00+00:00,8477.0,8479.0,8471.0,8471.5,454
2026-08-25 14:30:00+00:00,8471.0,8476.0,8462.0,8469.0,1361
2026-08-25 14:45:00+00:00,8469.0,8470.0,8462.0,8463.0,790
2026-08-25 15:00:00+00:00,8463.0,8466.5,8457.0,8464.5,964
2026-08-25 15:15:00+00:00,8464.0,8472.0,8462.5,8464.5,1485
2026-08-25 15:30:00+00:00,8465.0,8468.0,8453.0,8460.5,3352
2026-08-25 15:45:00+00:00,8460.5,8463.5,8456.0,8461.5,272
2026-08-25 16:00:00+00:00,8461.0,8462.0,8457.0,8458.0,129
2026-08-25 16:15:00+00:00,8458.5,8461.5,8457.0,8458.0,255
2026-08-25 16:30:00+00:00,8457.5,8460.5,8456.0,8458.5,132
2026-08-25 16:45:00+00:00,8458.0,8463.0,8456.5,8460.5,144
2026-08-25 17:00:00+00:00,8460.5,8460.5,8453.5,8455.5,133
2026-08-25 17:15:00+00:00,8455.5,8457.0,8453.5,8455.0,98
2026-08-25 17:30:00+00:00,8455.0,8458.5,8454.5,8458.5,146
2026-08-25 17:45:00+00:00,8458.5,8460.5,8458.0,8460.0,47
2026-08-25 18:00:00+00:00,8459.5,8461.0,8458.5,8459.5,67
2026-08-25 18:15:00+00:00,8459.0,8460.0,8458.5,8459.0,80
2026-08-25 18:30:00+00:00,8459.0,8462.5,8459.0,8461.5,65
2026-08-25 18:45:00+00:00,8463.0,8465.0,8462.5,8463.5,69
2026-08-25 19:00:00+00:00,8463.5,8464.0,8460.0,8460.0,53
2026-08-25 19:15:00+00:00,8460.0,8463.0,8458.5,8461.5,110
2026-08-25 19:30:00+00:00,8462.0,8466.0,8461.5,8464.5,98
2026-08-25 19:45:00+00:00,8463.0,8473.0,8462.0,8471.5,335
2026-08-26 06:00:00+00:00,8470.5,8482.0,8469.5,8480.0,439
2026-08-26 06:15:00+00:00,8480.5,8484.5,8479.5,8481.0,163
2026-08-26 06:30:00+00:00,8481.0,8486.5,8480.0,8485.5,74
2026-08-26 06:45:00+00:00,8485.5,8490.5,8479.0,8483.0,231
2026-08-26 07:00:00+00:00,8482.0,8493.0,8479.5,8492.5,1875
2026-08-26 07:15:00+00:00,8493.0,8496.5,8488.5,8495.5,1015
2026-08-26 07:30:00+00:00,8495.0,8504.0,8493.0,8495.5,1252
2026-08-26 07:45:00+00:00,8495.5,8502.5,8493.5,8502.5,880
2026-08-26 08:00:00+00:00,8502.0,8503.0,8492.5,8493.5,1010
2026-08-26 08:15:00+00:00,8493.5,8498.5,8488.5,8491.0,689
2026-08-26 08:30:00+00:00,8491.0,8500.5,8486.5,8499.5,717
2026-08-26 08:45:00+00:00,8499.5,8500.5,8489.5,8490.5,745
2026-08-26 09:00:00+00:00,8491.0,8496.0,8489.5,8489.5,553
2026-08-26 09:15:00+00:00,8490.0,8491.5,8487.0,8491.5,495
2026-08-26 09:30:00+00:00,8491.0,8499.0,8489.0,8495.5,444
2026-08-26 09:45:00+00:00,8495.0,8496.0,8491.0,8492.0,209
2026-08-26 10:00:00+00:00,8492.0,8494.0,8488.5,8492.5,394
2026-08-26 10:15:00+00:00,8493.5,8496.0,8489.0,8489.5,205
2026-08-26 10:30:00+00:00,8489.0,8497.5,8487.5,8491.0,308
2026-08-26 10:45:00+00:00,8491.5,8494.5,8486.5,8487.5,220
2026-08-26 11:00:00+00:00,8487.5,8494.0,8484.5,8493.5,285
2026-08-26 11:15:00+00:00,8493.5,8502.0,8493.5,8501.0,469
2026-08-26 11:30:00+00:00,8501.0,8503.5,8498.0,8500.5,269
2026-08-26 11:45:00+00:00,8501.0,8506.0,8498.5,8503.5,306
2026-08-26 12:00:00+00:00,8503.0,8512.5,8503.0,8510.0,458
2026-08-26 12:15:00+00:00,8510.0,8516.0,8509.5,8515.5,657
2026-08-26 12:30:00+00:00,8516.0,8521.0,8510.5,8516.5,875
2026-08-26 12:45:00+00:00,8516.5,8518.0,8509.0,8509.5,1023
2026-08-26 13:00:00+00:00,8510.0,8515.0,8508.0,8511.0,587
2026-08-26 13:15:00+00:00,8511.5,8517.0,8509.5,8512.5,712
2026-08-26 13:30:00+00:00,8512.5,8516.0,8503.5,8513.0,1425
2026-08-26 13:45:00+00:00,8513.5,8519.0,8507.5,8510.0,951
2026-08-26 14:00:00+00:00,8510.0,8515.0,8504.5,8509.5,794
2026-08-26 14:15:00+00:00,8510.0,8512.5,8503.0,8509.0,923
2026-08-26 14:30:00+00:00,8508.5,8509.0,8502.5,8505.5,618
2026-08-26 14:45:00+00:00,8505.0,8506.5,8497.5,8498.0,626
2026-08-26 15:00:00+00:00,8498.0,8504.0,8493.5,8495.0,693
2026-08-26 15:15:00+00:00,8494.5,8494.5,8483.5,8485.0,1209
2026-08-26 15:30:00+00:00,8485.5,8488.5,8476.5,8488.5,1275
2026-08-26 15:45:00+00:00,8488.5,8489.5,8479.0,8480.0,479
2026-08-26 16:00:00+00:00,8480.5,8480.5,8475.0,8476.0,248
2026-08-26 16:15:00+00:00,8476.5,8477.5,8474.0,8475.5,138
2026-08-26 16:30:00+00:00,8476.0,8477.0,8470.5,8471.5,142
2026-08-26 16:45:00+00:00,8472.0,8476.5,8470.5,8476.0,101
2026-08-26 17:00:00+00:00,8476.5,8479.0,8475.5,8477.0,108
2026-08-26 17:15:00+00:00,8477.5,8480.5,8477.5,8478.5,77
2026-08-26 17:30:00+00:00,8479.0,8479.0,8476.5,8477.5,59
2026-08-26 17:45:00+00:00,8477.0,8477.0,8475.5,8475.5,55
2026-08-26 18:00:00+00:00,8476.0,8476.0,8473.5,8474.0,50
2026-08-26 18:15:00+00:00,8474.0,8475.0,8470.5,8471.0,133
2026-08-26 18:30:00+00:00,8471.0,8471.0,8467.0,8468.5,261
2026-08-26 18:45:00+00:00,8469.0,8471.5,8468.0,8469.5,132
2026-08-26 19:00:00+00:00,8470.0,8475.5,8470.0,8472.5,119
2026-08-26 19:15:00+00:00,8473.0,8475.0,8471.5,8474.0,110
2026-08-26 19:30:00+00:00,8473.5,8477.5,8473.0,8477.0,86
2026-08-26 19:45:00+00:00,8476.5,8477.0,8470.0,8472.0,213
2026-08-27 06:00:00+00:00,8494.0,8495.0,8481.0,8482.0,502
2026-08-27 06:15:00+00:00,8482.5,8483.0,8478.5,8480.0,114
2026-08-27 06:30:00+00:00,8480.0,8486.5,8480.0,8483.5,110
2026-08-27 06:45:00+00:00,8483.0,8485.5,8476.5,8483.0,301
2026-08-27 07:00:00+00:00,8484.0,8484.0,8456.0,8458.0,2000
2026-08-27 07:15:00+00:00,8458.5,8458.5,8447.0,8451.0,1071
2026-08-27 07:30:00+00:00,8451.5,8453.5,8437.5,8442.0,802
2026-08-27 07:45:00+00:00,8442.0,8453.5,8439.0,8448.5,602
2026-08-27 08:00:00+00:00,8448.5,8455.0,8447.5,8448.5,807
2026-08-27 08:15:00+00:00,8448.5,8450.0,8433.0,8433.5,734
2026-08-27 08:30:00+00:00,8432.5,8436.5,8415.5,8418.0,1950
2026-08-27 08:45:00+00:00,8417.5,8417.5,8392.5,8396.0,1074
2026-08-27 09:00:00+00:00,8395.5,8412.0,8394.0,8407.5,635
2026-08-27 09:15:00+00:00,8407.0,8413.5,8403.0,8413.0,491
2026-08-27 09:30:00+00:00,8413.0,8413.5,8395.5,8396.0,646
2026-08-27 09:45:00+00:00,8396.0,8397.0,8389.0,8394.5,562
2026-08-27 10:00:00+00:00,8394.0,8395.0,8386.5,8387.5,657
2026-08-27 10:15:00+00:00,8387.0,8388.5,8375.0,8379.0,812
2026-08-27 10:30:00+00:00,8378.5,8382.5,8374.0,8381.5,780
2026-08-27 10:45:00+00:00,8382.0,8385.0,8375.5,8385.0,399
2026-08-27 11:00:00+00:00,8384.5,8386.5,8378.0,8380.5,567
2026-08-27 11:15:00+00:00,8380.5,8391.5,8379.5,8390.0,364
2026-08-27 11:30:00+00:00,8390.5,8402.0,8389.0,8402.0,603
2026-08-27 11:45:00+00:00,8400.5,8400.5,8393.5,8399.0,509
2026-08-27 12:00:00+00:00,8399.0,8399.0,8390.5,8390.5,511
2026-08-27 12:15:00+00:00,8390.5,8392.5,8376.5,8378.0,465
2026-08-27 12:30:00+00:00,8378.5,8383.0,8372.5,8373.5,412
2026-08-27 12:45:00+00:00,8374.0,8376.5,8364.5,8365.5,547
2026-08-27 13:00:00+00:00,8365.5,8367.5,8354.5,8355.5,693
2026-08-27 13:15:00+00:00,8355.5,8356.0,8342.5,8352.5,1202
2026-08-27 13:30:00+00:00,8353.5,8354.5,8337.0,8339.0,1597
2026-08-27 13:45:00+00:00,8339.0,8348.5,8337.0,8339.5,1671
2026-08-27 14:00:00+00:00,8339.5,8340.5,8326.5,8329.0,1856
2026-08-27 14:15:00+00:00,8329.5,8343.5,8328.5,8341.0,889
2026-08-27 14:30:00+00:00,8341.0,8341.0,8332.5,8338.5,1097
2026-08-27 14:45:00+00:00,8338.5,8343.5,8333.0,8337.5,952
2026-08-27 15:00:00+00:00,8337.5,8338.0,8322.0,8323.5,1114
2026-08-27 15:15:00+00:00,8323.0,8334.5,8321.5,8330.0,1891
2026-08-27 15:30:00+00:00,8330.5,8337.5,8320.0,8334.0,4006
2026-08-27 15:45:00+00:00,8333.0,8342.0,8330.5,8341.0,396
2026-08-27 16:00:00+00:00,8341.0,8343.0,8337.5,8338.5,175
2026-08-27 16:15:00+00:00,8338.0,8339.0,8334.0,8334.5,203
2026-08-27 16:30:00+00:00,8334.5,8340.0,8334.5,8339.5,146
2026-08-27 16:45:00+00:00,8339.0,8342.0,8339.0,8341.5,110
2026-08-27 17:00:00+00:00,8342.0,8342.5,8338.5,8341.0,108
2026-08-27 17:15:00+00:00,8341.0,8342.0,8339.5,8339.5,63
2026-08-27 17:30:00+00:00,8339.5,8343.0,8338.5,8339.0,171
2026-08-27 17:45:00+00:00,8339.0,8341.0,8338.0,8338.5,175
2026-08-27 18:00:00+00:00,8338.5,8341.5,8336.5,8340.5,159
2026-08-27 18:15:00+00:00,8341.5,8346.0,8341.5,8342.5,251
2026-08-27 18:30:00+00:00,8343.0,8348.0,8343.0,8347.5,156
2026-08-27 18:45:00+00:00,8347.0,8349.0,8345.0,8348.0,134
2026-08-27 19:00:00+00:00,8348.0,8351.0,8348.0,8348.0,149
2026-08-27 19:15:00+00:00,8348.5,8348.5,8340.5,8341.5,137
2026-08-27 19:30:00+00:00,8341.5,8344.5,8341.0,8342.0,120
2026-08-27 19:45:00+00:00,8341.5,8352.0,8341.0,8351.0,415
2026-08-28 06:00:00+00:00,8352.0,8361.5,8348.5,8360.5,494
2026-08-28 06:15:00+00:00,8361.5,8371.5,8361.0,8363.5,385
2026-08-28 06:30:00+00:00,8364.0,8374.5,8363.0,8373.0,329
2026-08-28 06:45:00+00:00,8373.0,8390.0,8373.0,8390.0,310
2026-08-28 07:00:00+00:00,8390.0,8424.5,8389.5,8413.0,4567
2026-08-28 07:15:00+00:00,8413.0,8430.5,8410.5,8412.0,2550
2026-08-28 07:30:00+00:00,8412.5,8421.0,8409.0,8415.0,1220
2026-08-28 07:45:00+00:00,8415.5,8421.0,8410.0,8410.0,873
2026-08-28 08:00:00+00:00,8409.5,8426.0,8408.0,8425.0,909
2026-08-28 08:15:00+00:00,8425.0,8426.5,8418.5,8426.0,803
2026-08-28 08:30:00+00:00,8426.0,8428.5,8423.0,8424.0,668
2026-08-28 08:45:00+00:00,8423.5,8423.5,8416.5,8421.5,1004
2026-08-28 09:00:00+00:00,8422.0,8427.5,8418.0,8418.0,596
2026-08-28 09:15:00+00:00,8417.5,8422.0,8414.0,8414.5,537
2026-08-28 09:30:00+00:00,8414.5,8420.0,8412.0,8420.0,614
2026-08-28 09:45:00+00:00,8419.0,8424.5,8417.5,8419.0,591
2026-08-28 10:00:00+00:00,8419.5,8421.0,8411.0,8415.0,539
2026-08-28 10:15:00+00:00,8415.5,8418.5,8411.5,8416.0,482
2026-08-28 10:30:00+00:00,8415.5,8419.5,8412.5,8412.5,488
2026-08-28 10:45:00+00:00,8412.0,8412.0,8404.0,8404.5,541
2026-08-28 11:00:00+00:00,8404.5,8417.5,8404.5,8417.5,545
2026-08-28 11:15:00+00:00,8418.0,8418.5,8412.0,8413.0,443
2026-08-28 11:30:00+00:00,8413.0,8419.0,8411.0,8412.5,441
2026-08-28 11:45:00+00:00,8413.0,8416.0,8412.0,8413.5,443
2026-08-28 12:00:00+00:00,8414.0,8418.0,8413.0,8416.0,420
2026-08-28 12:15:00+00:00,8416.5,8422.0,8416.0,8419.5,473
2026-08-28 12:30:00+00:00,8419.5,8422.5,8413.0,8414.5,558
2026-08-28 12:45:00+00:00,8414.5,8424.0,8413.5,8421.0,630
2026-08-28 13:00:00+00:00,8420.5,8429.5,8416.0,8417.0,634
2026-08-28 13:15:00+00:00,8417.0,8423.0,8414.0,8422.5,682
2026-08-28 13:30:00+00:00,8422.5,8427.0,8413.0,8413.0,1164
2026-08-28 13:45:00+00:00,8413.0,8419.5,8410.0,8410.0,881
2026-08-28 14:00:00+00:00,8411.5,8427.0,8409.5,8414.0,1240
2026-08-28 14:15:00+00:00,8415.0,8420.0,8409.5,8414.0,897
2026-08-28 14:30:00+00:00,8414.0,8426.5,8414.0,8423.0,780
2026-08-28 14:45:00+00:00,8423.0,8437.0,8418.5,8432.0,1316
2026-08-28 15:00:00+00:00,8432.0,8435.5,8419.5,8431.5,1505
2026-08-28 15:15:00+00:00,8432.0,8436.0,8425.5,8429.0,1831
2026-08-28 15:30:00+00:00,8429.0,8430.5,8411.0,8418.0,3992
2026-08-28 15:45:00+00:00,8417.5,8422.0,8410.5,8412.5,530
2026-08-28 16:00:00+00:00,8412.0,8418.5,8410.5,8413.5,490
2026-08-28 16:15:00+00:00,8413.5,8414.5,8406.0,8411.0,329
2026-08-28 16:30:00+00:00,8410.0,8417.0,8410.0,8414.0,138
2026-08-28 16:45:00+00:00,8415.0,8419.0,8415.0,8415.5,108
2026-08-28 17:00:00+00:00,8415.0,8415.5,8409.5,8415.0,192
2026-08-28 17:15:00+00:00,8415.5,8416.0,8411.5,8413.5,120
2026-08-28 17:30:00+00:00,8412.5,8417.5,8412.5,8415.0,119
2026-08-28 17:45:00+00:00,8415.0,8419.0,8415.0,8417.0,103
2026-08-28 18:00:00+00:00,8416.5,8420.0,8416.0,8416.0,142
2026-08-28 18:15:00+00:00,8415.5,8417.0,8413.5,8414.0,130
2026-08-28 18:30:00+00:00,8414.0,8415.5,8412.0,8413.0,108
2026-08-28 18:45:00+00:00,8413.0,8415.0,8411.0,8414.0,90
2026-08-28 19:00:00+00:00,8414.5,8417.5,8413.0,8415.0,105
2026-08-28 19:15:00+00:00,8416.0,8418.5,8415.0,8416.5,51
2026-08-28 19:30:00+00:00,8416.0,8417.0,8413.5,8416.5,59
2026-08-28 19:45:00+00:00,8416.0,8419.0,8412.5,8414.5,312
2026-08-31 06:00:00+00:00,8422.0,8422.0,8402.0,8416.0,421
2026-08-31 06:15:00+00:00,8417.5,8422.5,8417.5,8421.0,89
2026-08-31 06:30:00+00:00,8421.0,8422.5,8419.0,8421.0,92
2026-08-31 06:45:00+00:00,8422.0,8437.0,8417.0,8433.0,399
2026-08-31 07:00:00+00:00,8432.5,8438.0,8416.5,8434.0,2227
2026-08-31 07:15:00+00:00,8435.0,8441.0,8428.5,8428.5,1125
2026-08-31 07:30:00+00:00,8428.0,8432.5,8422.5,8424.5,855
2026-08-31 07:45:00+00:00,8424.5,8427.5,8416.0,8424.0,855
2026-08-31 08:00:00+00:00,8424.0,8431.0,8415.5,8416.5,933
2026-08-31 08:15:00+00:00,8416.5,8421.0,8415.5,8420.5,622
2026-08-31 08:30:00+00:00,8420.5,8426.5,8418.0,8419.5,586
2026-08-31 08:45:00+00:00,8419.5,8428.0,8419.5,8424.5,502
2026-08-31 09:00:00+00:00,8423.5,8424.0,8414.5,8419.0,587
2026-08-31 09:15:00+00:00,8419.0,8419.5,8412.0,8415.5,382
2026-08-31 09:30:00+00:00,8416.0,8421.0,8413.5,8417.5,358
2026-08-31 09:45:00+00:00,8417.5,8418.5,8411.0,8413.0,306
2026-08-31 10:00:00+00:00,8413.0,8414.0,8403.0,8403.5,515
2026-08-31 10:15:00+00:00,8404.0,8408.5,8401.0,8405.5,467
2026-08-31 10:30:00+00:00,8404.5,8411.0,8403.0,8410.5,266
2026-08-31 10:45:00+00:00,8410.5,8416.5,8410.0,8413.5,291
2026-08-31 11:00:00+00:00,8414.0,8425.0,8414.0,8424.0,553
2026-08-31 11:15:00+00:00,8424.0,8429.0,8424.0,8428.0,318
2026-08-31 11:30:00+00:00,8428.5,8430.0,8420.0,8424.5,275
2026-08-31 11:45:00+00:00,8424.5,8430.5,8423.5,8429.5,276
2026-08-31 12:00:00+00:00,8429.5,8435.0,8420.5,8431.0,1044
2026-08-31 12:15:00+00:00,8431.0,8433.0,8419.0,8424.5,555
2026-08-31 12:30:00+00:00,8425.0,8433.5,8421.5,8426.0,476
2026-08-31 12:45:00+00:00,8425.5,8425.5,8415.0,8417.5,291
2026-08-31 13:00:00+00:00,8417.0,8429.5,8415.5,8429.5,519
2026-08-31 13:15:00+00:00,8429.5,8431.0,8419.0,8422.0,394
2026-08-31 13:30:00+00:00,8421.5,8422.0,8403.0,8404.0,731
2026-08-31 13:45:00+00:00,8404.5,8406.5,8390.5,8406.0,932
2026-08-31 14:00:00+00:00,8406.5,8410.0,8398.5,8402.0,771
2026-08-31 14:15:00+00:00,8401.5,8402.5,8385.5,8385.5,630
2026-08-31 14:30:00+00:00,8386.0,8391.5,8384.0,8386.5,616
2026-08-31 14:45:00+00:00,8386.5,8387.0,8368.5,8372.0,1066
2026-08-31 15:00:00+00:00,8371.5,8379.0,8363.0,8363.0,854
2026-08-31 15:15:00+00:00,8363.0,8369.5,8357.5,8363.5,2044
2026-08-31 15:30:00+00:00,8363.5,8366.0,8340.5,8342.5,7023
2026-08-31 15:45:00+00:00,8342.0,8345.0,8339.0,8339.0,467
2026-08-31 16:00:00+00:00,8339.5,8341.0,8335.0,8337.5,599
2026-08-31 16:15:00+00:00,8338.5,8339.0,8334.0,8336.0,252
2026-08-31 16:30:00+00:00,8336.0,8337.5,8330.0,8332.0,175
2026-08-31 16:45:00+00:00,8332.0,8333.0,8329.5,8330.5,143
2026-08-31 17:00:00+00:00,8329.5,8329.5,8323.5,8325.0,133
2026-08-31 17:15:00+00:00,8325.0,8326.0,8320.5,8321.0,117
2026-08-31 17:30:00+00:00,8321.0,8327.5,8319.5,8327.5,179
2026-08-31 17:45:00+00:00,8327.0,8331.5,8326.0,8330.5,217
2026-08-31 18:00:00+00:00,8331.0,8333.5,8328.0,8330.5,240
2026-08-31 18:15:00+00:00,8331.0,8331.0,8326.0,8326.0,116
2026-08-31 18:30:00+00:00,8326.0,8326.0,8321.5,8324.0,127
2026-08-31 18:45:00+00:00,8324.0,8328.5,8324.0,8327.0,237
2026-08-31 19:00:00+00:00,8327.0,8329.0,8324.0,8325.0,120
2026-08-31 19:15:00+00:00,8324.5,8330.0,8324.0,8329.0,150
2026-08-31 19:30:00+00:00,8329.5,8336.0,8329.0,8335.5,169
2026-08-31 19:45:00+00:00,8335.0,8347.0,8334.0,8344.0,635
2026-09-01 06:00:00+00:00,8361.0,8365.0,8358.0,8358.5,610
2026-09-01 06:15:00+00:00,8358.5,8365.0,8357.5,8360.0,223
2026-09-01 06:30:00+00:00,8360.5,8364.5,8356.5,8364.0,306
2026-09-01 06:45:00+00:00,8364.0,8365.0,8352.5,8361.0,599
2026-09-01 07:00:00+00:00,8361.0,8381.0,8358.0,8380.5,5430
2026-09-01 07:15:00+00:00,8380.5,8387.0,8375.5,8379.0,1477
2026-09-01 07:30:00+00:00,8379.0,8379.0,8359.5,8359.5,1306
2026-09-01 07:45:00+00:00,8359.0,8383.0,8351.5,8380.5,886
2026-09-01 08:00:00+00:00,8381.0,8385.5,8358.5,8365.0,1099
2026-09-01 08:15:00+00:00,8365.5,8367.5,8344.0,8344.5,756
2026-09-01 08:30:00+00:00,8345.0,8345.0,8323.5,8323.5,1017
2026-09-01 08:45:00+00:00,8323.0,8329.5,8312.5,8315.0,1208
2026-09-01 09:00:00+00:00,8315.0,8323.5,8308.5,8310.0,990
2026-09-01 09:15:00+00:00,8309.5,8320.5,8307.0,8318.0,949
2026-09-01 09:30:00+00:00,8318.0,8319.0,8302.0,8303.0,781
2026-09-01 09:45:00+00:00,8303.5,8313.0,8303.5,8308.0,610
2026-09-01 10:00:00+00:00,8309.0,8317.5,8307.0,8317.5,493
2026-09-01 10:15:00+00:00,8318.0,8333.0,8318.0,8326.5,912
2026-09-01 10:30:00+00:00,8326.5,8333.0,8321.0,8322.5,504
2026-09-01 10:45:00+00:00,8324.0,8325.0,8313.0,8315.0,681
2026-09-01 11:00:00+00:00,8315.0,8322.0,8309.5,8319.5,556
2026-09-01 11:15:00+00:00,8320.0,8321.5,8313.5,8317.0,349
2026-09-01 11:30:00+00:00,8317.0,8325.5,8316.5,8324.0,499
2026-09-01 11:45:00+00:00,8324.5,8334.0,8324.0,8325.0,441
2026-09-01 12:00:00+00:00,8325.0,8329.5,8321.0,8329.5,444
2026-09-01 12:15:00+00:00,8330.5,8334.0,8328.0,8330.5,405
2026-09-01 12:30:00+00:00,8330.0,8341.5,8326.5,8331.5,702
2026-09-01 12:45:00+00:00,8332.0,8337.5,8332.0,8336.0,475
2026-09-01 13:00:00+00:00,8337.0,8338.0,8323.0,8325.5,958
2026-09-01 13:15:00+00:00,8325.5,8334.5,8325.0,8331.5,727
2026-09-01 13:30:00+00:00,8332.0,8338.5,8325.0,8330.5,1412
2026-09-01 13:45:00+00:00,8329.5,8329.5,8312.0,8323.5,1050
2026-09-01 14:00:00+00:00,8321.0,8323.5,8314.0,8321.0,1643
2026-09-01 14:15:00+00:00,8321.5,8322.5,8308.5,8309.5,1262
2026-09-01 14:30:00+00:00,8309.0,8314.5,8299.0,8301.0,1457
2026-09-01 14:45:00+00:00,8301.5,8303.0,8290.5,8294.5,1784
2026-09-01 15:00:00+00:00,8294.5,8303.0,8294.0,8300.5,2136
2026-09-01 15:15:00+00:00,8300.5,8307.0,8295.5,8306.0,2084
2026-09-01 15:30:00+00:00,8306.5,8322.0,8303.5,8318.0,4319
2026-09-01 15:45:00+00:00,8317.5,8325.5,8317.5,8322.5,459
2026-09-01 16:00:00+00:00,8322.5,8325.0,8316.5,8317.5,237
2026-09-01 16:15:00+00:00,8317.5,8319.0,8301.5,8302.5,482
2026-09-01 16:30:00+00:00,8303.0,8307.5,8298.0,8302.0,320
2026-09-01 16:45:00+00:00,8301.5,8308.0,8301.5,8306.5,88
2026-09-01 17:00:00+00:00,8306.0,8306.0,8301.0,8306.0,122
2026-09-01 17:15:00+00:00,8305.5,8307.0,8295.5,8303.5,359
2026-09-01 17:30:00+00:00,8304.0,8306.0,8302.0,8304.5,105
2026-09-01 17:45:00+00:00,8305.0,8305.0,8300.5,8301.5,96
2026-09-01 18:00:00+00:00,8301.0,8302.5,8293.5,8293.5,188
2026-09-01 18:15:00+00:00,8293.5,8296.0,8289.0,8289.5,106
2026-09-01 18:30:00+00:00,8288.5,8289.0,8282.5,8282.5,172
2026-09-01 18:45:00+00:00,8282.5,8290.0,8279.0,8288.5,223
2026-09-01 19:00:00+00:00,8288.5,8297.5,8288.5,8297.5,125
2026-09-01 19:15:00+00:00,8297.5,8299.0,8293.0,8295.5,123
2026-09-01 19:30:00+00:00,8295.5,8295.5,8290.5,8291.5,85
2026-09-01 19:45:00+00:00,8291.0,8294.5,8288.0,8292.5,326
2026-09-02 06:00:00+00:00,8292.0,8294.0,8283.5,8290.5,376
2026-09-02 06:15:00+00:00,8292.0,8293.5,8285.5,8285.5,197
2026-09-02 06:30:00+00:00,8286.0,8295.0,8283.0,8292.5,171
2026-09-02 06:45:00+00:00,8293.0,8310.0,8292.0,8306.0,487
2026-09-02 07:00:00+00:00,8305.5,8319.0,8302.0,8302.0,2659
2026-09-02 07:15:00+00:00,8302.5,8307.5,8287.0,8291.5,1351
2026-09-02 07:30:00+00:00,8291.5,8298.0,8286.5,8297.0,710
2026-09-02 07:45:00+00:00,8297.0,8297.5,8282.0,8287.0,646
2026-09-02 08:00:00+00:00,8287.5,8297.5,8284.0,8286.0,646
2026-09-02 08:15:00+00:00,8285.5,8289.5,8276.5,8279.0,704
2026-09-02 08:30:00+00:00,8279.0,8285.0,8275.0,8280.0,550
2026-09-02 08:45:00+00:00,8280.5,8283.0,8265.5,8267.0,802
2026-09-02 09:00:00+00:00,8267.5,8277.0,8267.5,8269.5,1070
2026-09-02 09:15:00+00:00,8269.5,8275.0,8266.5,8268.5,635
2026-09-02 09:30:00+00:00,8267.5,8267.5,8258.5,8263.0,702
2026-09-02 09:45:00+00:00,8263.5,8271.0,8259.5,8265.5,1030
2026-09-02 10:00:00+00:00,8265.5,8266.5,8254.5,8266.5,973
2026-09-02 10:15:00+00:00,8266.5,8267.5,8257.5,8259.0,683
2026-09-02 10:30:00+00:00,8259.0,8259.5,8250.0,8255.0,720
2026-09-02 10:45:00+00:00,8254.0,8261.0,8252.5,8261.0,567
2026-09-02 11:00:00+00:00,8260.5,8285.0,8256.0,8283.5,983
2026-09-02 11:15:00+00:00,8283.5,8283.5,8276.0,8279.5,664
2026-09-02 11:30:00+00:00,8280.5,8293.5,8280.0,8289.5,674
2026-09-02 11:45:00+00:00,8289.0,8306.0,8288.0,8306.0,566
2026-09-02 12:00:00+00:00,8306.0,8314.5,8303.5,8312.0,792
2026-09-02 12:15:00+00:00,8312.5,8314.0,8301.0,8308.0,799
2026-09-02 12:30:00+00:00,8308.5,8312.5,8302.5,8305.5,714
2026-09-02 12:45:00+00:00,8306.0,8307.5,8298.0,8300.5,686
2026-09-02 13:00:00+00:00,8300.5,8309.5,8300.0,8307.5,687
2026-09-02 13:15:00+00:00,8307.0,8316.5,8305.0,8311.5,656
2026-09-02 13:30:00+00:00,8311.5,8318.0,8299.0,8306.0,980
2026-09-02 13:45:00+00:00,8305.5,8309.0,8292.0,8308.0,913
2026-09-02 14:00:00+00:00,8307.5,8316.0,8305.0,8310.0,1082
2026-09-02 14:15:00+00:00,8310.0,8320.0,8307.5,8307.5,901
2026-09-02 14:30:00+00:00,8307.5,8311.0,8302.5,8303.0,657
2026-09-02 14:45:00+00:00,8302.5,8304.0,8295.0,8296.5,793
2026-09-02 15:00:00+00:00,8297.0,8300.5,8290.0,8291.0,789
2026-09-02 15:15:00+00:00,8291.0,8297.5,8282.5,8296.5,1578
2026-09-02 15:30:00+00:00,8297.0,8300.0,8286.0,8289.0,2422
2026-09-02 15:45:00+00:00,8288.5,8289.5,8284.0,8286.0,281
2026-09-02 16:00:00+00:00,8286.5,8291.5,8286.5,8290.0,274
2026-09-02 16:15:00+00:00,8289.0,8291.5,8284.5,8285.5,178
2026-09-02 16:30:00+00:00,8286.0,8289.5,8285.5,8288.0,92
2026-09-02 16:45:00+00:00,8288.5,8292.0,8287.5,8290.0,105
2026-09-02 17:00:00+00:00,8290.5,8295.5,8290.5,8292.5,138
2026-09-02 17:15:00+00:00,8292.5,8293.0,8289.5,8290.5,68
2026-09-02 17:30:00+00:00,8290.5,8296.0,8289.5,8295.5,155
2026-09-02 17:45:00+00:00,8295.0,8305.5,8295.0,8303.5,415
2026-09-02 18:00:00+00:00,8303.5,8303.5,8300.0,8301.5,132
2026-09-02 18:15:00+00:00,8301.5,8307.5,8295.5,8296.5,340
2026-09-02 18:30:00+00:00,8296.5,8298.5,8289.0,8289.0,121
2026-09-02 18:45:00+00:00,8290.0,8291.5,8287.0,8288.5,191
2026-09-02 19:00:00+00:00,8289.0,8291.0,8286.5,8290.0,120
2026-09-02 19:15:00+00:00,8290.5,8291.0,8288.0,8290.5,115
2026-09-02 19:30:00+00:00,8291.0,8295.0,8289.5,8295.0,232
2026-09-02 19:45:00+00:00,8295.0,8298.0,8292.5,8296.5,328
2026-09-03 06:00:00+00:00,8307.0,8307.0,8289.5,8292.5,504
2026-09-03 06:15:00+00:00,8292.0,8296.0,8288.5,8290.0,126
2026-09-03 06:30:00+00:00,8289.5,8291.0,8285.5,8286.5,156
2026-09-03 06:45:00+00:00,8286.0,8288.0,8272.5,8284.5,456
2026-09-03 07:00:00+00:00,8285.0,8294.0,8278.0,8279.0,2185
2026-09-03 07:15:00+00:00,8278.5,8279.0,8260.0,8273.0,1085
2026-09-03 07:30:00+00:00,8272.0,8275.5,8267.0,8268.0,906
2026-09-03 07:45:00+00:00,8268.5,8271.0,8258.0,8266.5,895
2026-09-03 08:00:00+00:00,8266.5,8292.0,8266.5,8280.0,1728
2026-09-03 08:15:00+00:00,8280.0,8288.0,8278.5,8280.0,855
2026-09-03 08:30:00+00:00,8279.5,8295.5,8278.5,8294.0,725
2026-09-03 08:45:00+00:00,8293.5,8294.0,8277.5,8280.5,550
2026-09-03 09:00:00+00:00,8280.5,8288.0,8278.0,8283.0,510
2026-09-03 09:15:00+00:00,8283.0,8284.5,8271.5,8274.0,401
2026-09-03 09:30:00+00:00,8273.5,8275.5,8266.5,8267.0,363
2026-09-03 09:45:00+00:00,8266.5,8268.5,8258.0,8258.5,626
2026-09-03 10:00:00+00:00,8259.0,8266.0,8258.0,8263.0,678
2026-09-03 10:15:00+00:00,8263.5,8265.0,8256.0,8260.5,521
2026-09-03 10:30:00+00:00,8261.0,8268.5,8259.0,8268.0,563
2026-09-03 10:45:00+00:00,8268.0,8271.5,8262.5,8264.5,742
2026-09-03 11:00:00+00:00,8265.0,8279.0,8262.0,8269.5,1733
2026-09-03 11:15:00+00:00,8269.5,8277.0,8266.5,8268.5,1350
2026-09-03 11:30:00+00:00,8269.5,8273.5,8262.0,8267.0,1578
2026-09-03 11:45:00+00:00,8267.5,8267.5,8252.0,8255.5,1053
2026-09-03 12:00:00+00:00,8256.0,8263.5,8255.5,8257.0,789
2026-09-03 12:15:00+00:00,8257.0,8262.5,8249.5,8261.0,895
2026-09-03 12:30:00+00:00,8261.0,8279.0,8259.0,8268.0,994
2026-09-03 12:45:00+00:00,8267.0,8291.0,8265.0,8287.0,990
2026-09-03 13:00:00+00:00,8286.5,8292.0,8282.0,8291.0,605
2026-09-03 13:15:00+00:00,8291.5,8295.5,8287.5,8295.5,489
2026-09-03 13:30:00+00:00,8295.0,8296.0,8280.5,8282.0,982
2026-09-03 13:45:00+00:00,8281.5,8292.0,8277.5,8291.0,910
2026-09-03 14:00:00+00:00,8291.0,8291.0,8266.5,8268.5,796
2026-09-03 14:15:00+00:00,8268.5,8277.0,8263.0,8265.0,453
2026-09-03 14:30:00+00:00,8265.5,8276.5,8260.0,8275.0,597
2026-09-03 14:45:00+00:00,8274.5,8283.5,8262.5,8280.5,1021
2026-09-03 15:00:00+00:00,8280.5,8290.0,8279.0,8285.5,937
2026-09-03 15:15:00+00:00,8286.0,8296.0,8285.0,8295.5,1445
2026-09-03 15:30:00+00:00,8295.0,8297.5,8286.5,8289.0,2705
2026-09-03 15:45:00+00:00,8289.5,8292.5,8288.5,8290.0,320
2026-09-03 16:00:00+00:00,8290.5,8291.0,8288.0,8289.5,204
2026-09-03 16:15:00+00:00,8289.5,8290.0,8287.5,8288.5,148
2026-09-03 16:30:00+00:00,8288.5,8294.0,8288.0,8291.5,152
2026-09-03 16:45:00+00:00,8291.0,8293.0,8290.0,8291.5,124
2026-09-03 17:00:00+00:00,8291.5,8292.0,8288.5,8289.0,101
2026-09-03 17:15:00+00:00,8289.0,8295.0,8288.5,8295.0,72
2026-09-03 17:30:00+00:00,8296.0,8298.5,8296.0,8297.5,68
2026-09-03 17:45:00+00:00,8297.5,8297.5,8295.5,8297.5,66
2026-09-03 18:00:00+00:00,8297.0,8299.5,8295.5,8297.5,63
2026-09-03 18:15:00+00:00,8297.5,8298.5,8296.5,8297.5,71
2026-09-03 18:30:00+00:00,8297.5,8299.0,8294.0,8295.5,74
2026-09-03 18:45:00+00:00,8295.5,8297.0,8295.0,8296.5,57
2026-09-03 19:00:00+00:00,8297.0,8300.0,8296.0,8297.5,90
2026-09-03 19:15:00+00:00,8297.5,8298.5,8295.5,8298.0,69
2026-09-03 19:30:00+00:00,8298.0,8300.0,8297.0,8297.5,116
2026-09-03 19:45:00+00:00,8297.5,8298.0,8291.5,8293.5,243
2026-09-04 06:00:00+00:00,8305.5,8305.5,8295.0,8299.0,584
2026-09-04 06:15:00+00:00,8299.0,8304.5,8297.0,8301.0,132
2026-09-04 06:30:00+00:00,8300.5,8300.5,8290.5,8294.0,140
2026-09-04 06:45:00+00:00,8292.5,8295.5,8283.0,8287.5,487
2026-09-04 07:00:00+00:00,8288.0,8288.5,8266.0,8283.5,3161
2026-09-04 07:15:00+00:00,8282.5,8306.5,8282.5,8294.5,1007
2026-09-04 07:30:00+00:00,8294.5,8302.5,8291.0,8299.0,548
2026-09-04 07:45:00+00:00,8298.0,8304.5,8294.0,8294.5,653
2026-09-04 08:00:00+00:00,8294.5,8298.5,8286.0,8288.0,576
2026-09-04 08:15:00+00:00,8287.5,8287.5,8274.5,8278.5,607
2026-09-04 08:30:00+00:00,8279.0,8284.0,8276.0,8282.5,454
2026-09-04 08:45:00+00:00,8282.0,8291.5,8279.0,8290.0,418
2026-09-04 09:00:00+00:00,8289.5,8298.0,8287.0,8288.0,425
2026-09-04 09:15:00+00:00,8288.0,8289.0,8279.5,8281.0,453
2026-09-04 09:30:00+00:00,8280.5,8293.5,8280.0,8291.0,256
2026-09-04 09:45:00+00:00,8290.5,8293.0,8286.0,8286.5,384
2026-09-04 10:00:00+00:00,8287.0,8293.5,8284.5,8285.5,344
2026-09-04 10:15:00+00:00,8286.0,8293.0,8282.0,8288.5,420
2026-09-04 10:30:00+00:00,8288.0,8288.5,8275.0,8278.0,353
2026-09-04 10:45:00+00:00,8278.0,8283.0,8278.0,8282.0,216
2026-09-04 11:00:00+00:00,8281.0,8286.5,8278.0,8284.0,598
2026-09-04 11:15:00+00:00,8284.5,8286.5,8280.5,8284.0,319
2026-09-04 11:30:00+00:00,8284.5,8290.5,8281.5,8287.5,291
2026-09-04 11:45:00+00:00,8286.5,8288.5,8284.0,8287.0,308
2026-09-04 12:00:00+00:00,8287.5,8288.0,8279.0,8286.0,529
2026-09-04 12:15:00+00:00,8285.5,8289.0,8279.0,8288.5,531
2026-09-04 12:30:00+00:00,8288.0,8298.0,8256.5,8289.0,1297
2026-09-04 12:45:00+00:00,8288.0,8289.0,8273.0,8277.0,490
2026-09-04 13:00:00+00:00,8277.0,8277.0,8263.5,8265.5,539
2026-09-04 13:15:00+00:00,8266.0,8272.5,8264.0,8271.0,503
2026-09-04 13:30:00+00:00,8271.0,8292.5,8270.5,8288.5,1000
2026-09-04 13:45:00+00:00,8289.0,8302.5,8288.0,8292.0,1078
2026-09-04 14:00:00+00:00,8291.5,8302.5,8291.5,8299.5,755
2026-09-04 14:15:00+00:00,8300.0,8301.5,8291.0,8293.5,486
2026-09-04 14:30:00+00:00,8293.5,8296.5,8286.0,8287.0,547
2026-09-04 14:45:00+00:00,8288.0,8290.0,8278.5,8285.5,762
2026-09-04 15:00:00+00:00,8285.5,8291.5,8280.0,8291.5,627
2026-09-04 15:15:00+00:00,8291.5,8296.0,8290.5,8291.5,1187
2026-09-04 15:30:00+00:00,8292.0,8296.5,8281.0,8295.5,2125
2026-09-04 15:45:00+00:00,8295.0,8297.0,8291.5,8294.5,260
2026-09-04 16:00:00+00:00,8295.0,8300.0,8292.5,8300.0,258
2026-09-04 16:15:00+00:00,8299.5,8304.5,8299.5,8301.5,262
2026-09-04 16:30:00+00:00,8301.0,8301.5,8297.0,8298.5,177
2026-09-04 16:45:00+00:00,8298.5,8299.5,8295.0,8295.0,108
2026-09-04 17:00:00+00:00,8296.0,8296.0,8289.0,8291.5,179
2026-09-04 17:15:00+00:00,8291.0,8292.0,8285.5,8286.0,76
2026-09-04 17:30:00+00:00,8285.0,8286.5,8283.0,8283.0,94
2026-09-04 17:45:00+00:00,8282.0,8283.5,8281.0,8283.0,61
2026-09-04 18:00:00+00:00,8283.0,8288.0,8283.0,8285.0,108
2026-09-04 18:15:00+00:00,8285.5,8286.5,8283.5,8284.5,74
2026-09-04 18:30:00+00:00,8284.0,8286.0,8283.5,8286.0,39
2026-09-04 18:45:00+00:00,8285.0,8287.0,8284.0,8284.5,69
2026-09-04 19:00:00+00:00,8284.5,8286.0,8279.5,8279.5,100
2026-09-04 19:15:00+00:00,8280.5,8286.5,8280.5,8286.5,74
2026-09-04 19:30:00+00:00,8285.5,8291.0,8285.0,8291.0,90
2026-09-04 19:45:00+00:00,8291.0,8294.0,8289.0,8294.0,233
2026-09-07 06:00:00+00:00,8281.0,8286.5,8268.5,8273.5,403
2026-09-07 06:15:00+00:00,8274.5,8278.5,8273.5,8275.0,69
2026-09-07 06:30:00+00:00,8275.0,8285.0,8274.0,8283.5,81
2026-09-07 06:45:00+00:00,8282.5,8287.0,8275.5,8285.5,274
2026-09-07 07:00:00+00:00,8285.5,8289.5,8273.5,8286.0,1288
2026-09-07 07:15:00+00:00,8285.0,8290.0,8273.0,8273.0,584
2026-09-07 07:30:00+00:00,8273.5,8278.0,8263.0,8268.0,688
2026-09-07 07:45:00+00:00,8268.0,8290.0,8267.0,8290.0,536
2026-09-07 08:00:00+00:00,8290.5,8295.0,8279.0,8286.5,954
2026-09-07 08:15:00+00:00,8285.5,8293.5,8285.0,8287.5,346
2026-09-07 08:30:00+00:00,8287.5,8296.0,8287.5,8289.5,340
2026-09-07 08:45:00+00:00,8289.5,8292.5,8286.0,8291.0,422
2026-09-07 09:00:00+00:00,8290.5,8293.5,8287.0,8291.5,461
2026-09-07 09:15:00+00:00,8292.0,8294.5,8288.0,8293.5,350
2026-09-07 09:30:00+00:00,8293.5,8299.0,8290.5,8298.0,327
2026-09-07 09:45:00+00:00,8298.0,8299.5,8293.5,8298.5,199
2026-09-07 10:00:00+00:00,8298.5,8300.0,8292.5,8293.5,203
2026-09-07 10:15:00+00:00,8293.0,8296.0,8291.0,8291.0,117
2026-09-07 10:30:00+00:00,8291.5,8297.0,8291.5,8291.5,160
2026-09-07 10:45:00+00:00,8291.0,8292.5,8282.5,8286.5,319
2026-09-07 11:00:00+00:00,8287.0,8290.0,8282.0,8288.5,526
2026-09-07 11:15:00+00:00,8288.5,8290.5,8278.5,8284.0,303
2026-09-07 11:30:00+00:00,8283.5,8288.5,8281.5,8288.0,165
2026-09-07 11:45:00+00:00,8287.5,8293.5,8287.0,8289.5,314
2026-09-07 12:00:00+00:00,8290.0,8294.5,8290.0,8291.0,362
2026-09-07 12:15:00+00:00,8291.0,8300.5,8291.0,8300.0,244
2026-09-07 12:30:00+00:00,8299.5,8303.5,8299.5,8302.5,343
2026-09-07 12:45:00+00:00,8303.0,8310.5,8303.0,8304.5,418
2026-09-07 13:00:00+00:00,8304.5,8317.0,8301.5,8317.0,330
2026-09-07 13:15:00+00:00,8316.5,8322.0,8315.0,8318.5,310
2026-09-07 13:30:00+00:00,8319.0,8324.5,8318.0,8319.5,520
2026-09-07 13:45:00+00:00,8319.0,8325.0,8319.0,8324.5,532
2026-09-07 14:00:00+00:00,8324.0,8327.0,8315.0,8319.0,568
2026-09-07 14:15:00+00:00,8319.5,8321.0,8315.5,8317.5,317
2026-09-07 14:30:00+00:00,8316.5,8316.5,8312.0,8315.0,283
2026-09-07 14:45:00+00:00,8314.5,8319.5,8312.0,8313.0,244
2026-09-07 15:00:00+00:00,8313.0,8317.0,8311.0,8315.5,371
2026-09-07 15:15:00+00:00,8314.5,8315.5,8306.0,8307.5,667
2026-09-07 15:30:00+00:00,8307.5,8315.5,8304.0,8308.0,1700
2026-09-07 15:45:00+00:00,8308.5,8308.5,8300.0,8301.0,223
2026-09-07 16:00:00+00:00,8301.0,8304.5,8299.0,8304.5,248
2026-09-07 16:15:00+00:00,8304.0,8305.5,8300.5,8301.5,78
2026-09-07 16:30:00+00:00,8301.5,8306.0,8301.5,8304.5,82
2026-09-07 16:45:00+00:00,8303.5,8304.0,8302.0,8303.5,36
2026-09-07 17:00:00+00:00,8303.5,8303.5,8302.5,8302.5,15
2026-09-07 17:15:00+00:00,8302.0,8303.5,8301.0,8301.0,56
2026-09-07 17:30:00+00:00,8301.0,8301.5,8301.0,8301.5,3
2026-09-07 17:45:00+00:00,8301.0,8301.5,8300.0,8301.5,9
2026-09-07 18:00:00+00:00,8301.5,8302.0,8300.5,8302.0,5
2026-09-07 18:15:00+00:00,8302.0,8302.5,8301.5,8302.0,10
2026-09-07 18:30:00+00:00,8302.0,8302.0,8301.0,8302.0,3
2026-09-07 18:45:00+00:00,8301.5,8301.5,8300.0,8300.0,11
2026-09-07 19:00:00+00:00,8301.0,8301.5,8300.5,8300.5,8
2026-09-07 19:15:00+00:00,8301.5,8302.0,8300.5,8301.5,20
2026-09-07 19:30:00+00:00,8302.0,8302.5,8300.5,8301.0,15
2026-09-07 19:45:00+00:00,8301.0,8307.0,8300.5,8305.0,123
2026-09-08 06:00:00+00:00,8299.0,8299.0,8273.5,8274.5,408
2026-09-08 06:15:00+00:00,8274.0,8279.5,8270.5,8276.0,324
2026-09-08 06:30:00+00:00,8275.0,8284.5,8274.5,8283.0,211
2026-09-08 06:45:00+00:00,8284.0,8289.5,8279.0,8283.0,392
2026-09-08 07:00:00+00:00,8283.5,8300.5,8273.5,8296.0,2214
2026-09-08 07:15:00+00:00,8295.5,8295.5,8278.0,8289.5,1056
2026-09-08 07:30:00+00:00,8290.0,8293.5,8274.0,8282.0,1145
2026-09-08 07:45:00+00:00,8283.0,8286.5,8270.5,8276.5,1306
2026-09-08 08:00:00+00:00,8277.0,8278.5,8263.5,8273.0,1323
2026-09-08 08:15:00+00:00,8273.0,8280.0,8269.5,8277.5,832
2026-09-08 08:30:00+00:00,8277.5,8286.0,8270.0,8270.5,873
2026-09-08 08:45:00+00:00,8270.5,8283.0,8267.0,8276.5,807
2026-09-08 09:00:00+00:00,8276.0,8285.5,8273.5,8285.0,565
2026-09-08 09:15:00+00:00,8285.0,8290.0,8275.5,8289.5,741
2026-09-08 09:30:00+00:00,8290.0,8297.5,8289.0,8293.0,645
2026-09-08 09:45:00+00:00,8292.5,8302.0,8291.0,8299.0,454
2026-09-08 10:00:00+00:00,8298.5,8300.5,8293.0,8297.5,428
2026-09-08 10:15:00+00:00,8297.5,8317.5,8296.0,8305.5,1307
2026-09-08 10:30:00+00:00,8305.5,8308.5,8300.5,8308.5,591
2026-09-08 10:45:00+00:00,8309.0,8312.5,8302.0,8303.0,711
2026-09-08 11:00:00+00:00,8303.5,8313.5,8299.0,8306.0,595
2026-09-08 11:15:00+00:00,8306.5,8315.5,8306.5,8311.0,255
2026-09-08 11:30:00+00:00,8311.5,8317.0,8310.5,8314.5,358
2026-09-08 11:45:00+00:00,8314.0,8321.5,8312.0,8317.0,727
2026-09-08 12:00:00+00:00,8317.5,8319.5,8304.5,8304.5,541
2026-09-08 12:15:00+00:00,8304.0,8317.0,8302.5,8316.0,460
2026-09-08 12:30:00+00:00,8316.5,8320.0,8311.0,8319.5,706
2026-09-08 12:45:00+00:00,8319.5,8319.5,8308.5,8309.0,421
2026-09-08 13:00:00+00:00,8309.5,8321.0,8305.0,8319.5,471
2026-09-08 13:15:00+00:00,8319.0,8319.5,8306.5,8309.5,459
2026-09-08 13:30:00+00:00,8309.0,8320.5,8307.5,8315.0,940
2026-09-08 13:45:00+00:00,8315.0,8320.5,8310.0,8312.5,634
2026-09-08 14:00:00+00:00,8312.5,8313.5,8298.5,8299.5,546
2026-09-08 14:15:00+00:00,8299.5,8300.5,8291.0,8297.5,562
2026-09-08 14:30:00+00:00,8297.5,8306.5,8295.0,8305.5,501
2026-09-08 14:45:00+00:00,8305.0,8315.0,8304.5,8313.0,659
2026-09-08 15:00:00+00:00,8313.0,8323.5,8312.0,8322.0,902
2026-09-08 15:15:00+00:00,8321.5,8327.5,8314.5,8315.5,1435
2026-09-08 15:30:00+00:00,8315.5,8330.0,8315.5,8325.5,2881
2026-09-08 15:45:00+00:00,8326.0,8326.0,8313.5,8313.5,312
2026-09-08 16:00:00+00:00,8314.0,8314.0,8307.0,8310.0,412
2026-09-08 16:15:00+00:00,8310.0,8314.5,8306.0,8311.0,121
2026-09-08 16:30:00+00:00,8311.0,8313.0,8307.0,8307.0,78
2026-09-08 16:45:00+00:00,8307.5,8313.5,8302.0,8306.5,191
2026-09-08 17:00:00+00:00,8307.5,8312.0,8306.0,8308.0,71
2026-09-08 17:15:00+00:00,8307.5,8308.0,8304.5,8307.0,78
2026-09-08 17:30:00+00:00,8307.5,8308.5,8303.0,8303.0,82
2026-09-08 17:45:00+00:00,8303.5,8305.0,8299.5,8305.0,174
2026-09-08 18:00:00+00:00,8304.5,8308.5,8304.0,8308.5,63
2026-09-08 18:15:00+00:00,8308.0,8309.5,8305.5,8306.0,54
2026-09-08 18:30:00+00:00,8305.5,8305.5,8297.0,8300.0,150
2026-09-08 18:45:00+00:00,8301.0,8302.5,8288.0,8290.5,260
2026-09-08 19:00:00+00:00,8291.5,8292.5,8289.0,8291.5,98
2026-09-08 19:15:00+00:00,8291.0,8292.5,8282.0,8283.5,143
2026-09-08 19:30:00+00:00,8283.0,8287.5,8282.0,8284.5,155
2026-09-08 19:45:00+00:00,8284.0,8284.5,8269.5,8273.5,484
2026-09-09 06:00:00+00:00,8285.0,8289.0,8278.5,8283.0,482
2026-09-09 06:15:00+00:00,8282.5,8282.5,8271.5,8273.0,170
2026-09-09 06:30:00+00:00,8273.0,8275.0,8268.5,8272.0,215
2026-09-09 06:45:00+00:00,8273.0,8274.5,8267.5,8269.0,307
2026-09-09 07:00:00+00:00,8269.5,8280.0,8255.5,8275.0,3112
2026-09-09 07:15:00+00:00,8274.5,8283.0,8264.5,8280.5,1297
2026-09-09 07:30:00+00:00,8280.5,8281.5,8259.5,8265.5,814
2026-09-09 07:45:00+00:00,8265.0,8265.0,8250.0,8256.5,1127
2026-09-09 08:00:00+00:00,8256.5,8261.5,8248.0,8248.5,970
2026-09-09 08:15:00+00:00,8248.5,8251.0,8242.0,8246.0,627
2026-09-09 08:30:00+00:00,8247.0,8250.5,8240.0,8241.5,685
2026-09-09 08:45:00+00:00,8241.5,8247.5,8236.5,8240.0,828
2026-09-09 09:00:00+00:00,8240.5,8244.5,8233.5,8238.5,756
2026-09-09 09:15:00+00:00,8238.5,8239.5,8228.0,8229.5,1017
2026-09-09 09:30:00+00:00,8229.0,8234.0,8215.0,8216.5,1077
2026-09-09 09:45:00+00:00,8216.0,8219.0,8205.0,8207.5,940
2026-09-09 10:00:00+00:00,8207.5,8210.0,8199.5,8201.5,868
2026-09-09 10:15:00+00:00,8201.0,8202.0,8191.0,8196.0,937
2026-09-09 10:30:00+00:00,8195.5,8196.5,8179.0,8179.5,1002
2026-09-09 10:45:00+00:00,8180.0,8180.0,8165.5,8168.0,1294
2026-09-09 11:00:00+00:00,8168.0,8177.5,8166.0,8168.0,1172
2026-09-09 11:15:00+00:00,8167.5,8169.0,8160.5,8162.0,811
2026-09-09 11:30:00+00:00,8161.0,8165.5,8154.0,8164.0,722
2026-09-09 11:45:00+00:00,8164.5,8174.0,8155.5,8158.0,1299
2026-09-09 12:00:00+00:00,8158.0,8158.0,8147.0,8152.5,851
2026-09-09 12:15:00+00:00,8152.5,8169.0,8150.5,8163.5,754
2026-09-09 12:30:00+00:00,8163.5,8185.0,8162.5,8185.0,752
2026-09-09 12:45:00+00:00,8184.5,8198.5,8184.0,8198.5,776
2026-09-09 13:00:00+00:00,8199.0,8209.0,8196.0,8196.0,950
2026-09-09 13:15:00+00:00,8196.0,8199.0,8191.5,8195.0,670
2026-09-09 13:30:00+00:00,8195.0,8200.5,8184.0,8200.5,1215
2026-09-09 13:45:00+00:00,8200.5,8203.5,8194.5,8194.5,878
2026-09-09 14:00:00+00:00,8195.0,8198.0,8189.5,8191.5,1045
2026-09-09 14:15:00+00:00,8191.5,8191.5,8169.0,8179.0,1082
2026-09-09 14:30:00+00:00,8178.5,8178.5,8168.5,8170.0,636
2026-09-09 14:45:00+00:00,8170.5,8171.5,8154.5,8164.5,1438
2026-09-09 15:00:00+00:00,8164.0,8169.0,8152.0,8159.0,1463
2026-09-09 15:15:00+00:00,8158.5,8170.5,8153.0,8170.5,2656
2026-09-09 15:30:00+00:00,8170.5,8175.5,8159.0,8165.0,5680
2026-09-09 15:45:00+00:00,8165.5,8170.5,8154.0,8158.0,849
2026-09-09 16:00:00+00:00,8157.0,8161.0,8143.0,8144.0,892
2026-09-09 16:15:00+00:00,8143.5,8144.0,8132.0,8142.0,1185
2026-09-09 16:30:00+00:00,8141.0,8150.5,8139.5,8149.0,362
2026-09-09 16:45:00+00:00,8149.0,8154.5,8146.5,8152.5,248
2026-09-09 17:00:00+00:00,8152.5,8156.0,8149.5,8155.5,205
2026-09-09 17:15:00+00:00,8156.5,8157.5,8153.5,8154.0,113
2026-09-09 17:30:00+00:00,8154.5,8157.0,8148.5,8157.0,210
2026-09-09 17:45:00+00:00,8156.0,8160.5,8156.0,8157.0,184
2026-09-09 18:00:00+00:00,8155.5,8157.0,8151.0,8151.5,96
2026-09-09 18:15:00+00:00,8151.0,8156.5,8151.0,8156.0,124
2026-09-09 18:30:00+00:00,8155.5,8159.0,8153.5,8158.5,148
2026-09-09 18:45:00+00:00,8158.0,8160.0,8156.5,8158.0,171
2026-09-09 19:00:00+00:00,8158.0,8162.0,8153.0,8161.5,128
2026-09-09 19:15:00+00:00,8160.0,8162.5,8158.5,8160.5,151
2026-09-09 19:30:00+00:00,8160.0,8161.5,8157.0,8159.5,131
2026-09-09 19:45:00+00:00,8158.0,8160.5,8154.0,8158.0,421
2026-09-10 06:00:00+00:00,8171.5,8178.0,8167.0,8168.5,512
2026-09-10 06:15:00+00:00,8167.5,8173.0,8167.0,8173.0,74
2026-09-10 06:30:00+00:00,8173.5,8179.5,8172.5,8177.0,163
2026-09-10 06:45:00+00:00,8177.5,8186.5,8175.0,8181.5,575
2026-09-10 07:00:00+00:00,8182.5,8191.0,8168.5,8189.5,3479
2026-09-10 07:15:00+00:00,8189.0,8196.5,8185.0,8186.5,1322
2026-09-10 07:30:00+00:00,8186.0,8188.5,8175.5,8182.0,995
2026-09-10 07:45:00+00:00,8181.5,8183.0,8173.5,8177.5,768
2026-09-10 08:00:00+00:00,8177.0,8182.5,8173.5,8176.5,768
2026-09-10 08:15:00+00:00,8177.0,8185.0,8171.0,8183.5,1011
2026-09-10 08:30:00+00:00,8183.5,8186.0,8171.0,8173.5,624
2026-09-10 08:45:00+00:00,8174.0,8175.5,8166.0,8168.5,644
2026-09-10 09:00:00+00:00,8169.0,8172.5,8164.0,8170.0,479
2026-09-10 09:15:00+00:00,8170.5,8177.5,8169.5,8173.5,542
2026-09-10 09:30:00+00:00,8173.0,8173.5,8162.0,8170.0,786
2026-09-10 09:45:00+00:00,8169.5,8176.0,8168.5,8175.0,689
2026-09-10 10:00:00+00:00,8175.0,8181.5,8173.0,8179.0,468
2026-09-10 10:15:00+00:00,8178.5,8181.0,8172.0,8175.5,735
2026-09-10 10:30:00+00:00,8175.5,8185.5,8172.5,8183.0,520
2026-09-10 10:45:00+00:00,8182.5,8190.0,8178.5,8178.5,871
2026-09-10 11:00:00+00:00,8178.0,8181.0,8173.0,8178.5,596
2026-09-10 11:15:00+00:00,8178.5,8178.5,8172.5,8174.0,340
2026-09-10 11:30:00+00:00,8174.5,8182.5,8173.5,8182.5,433
2026-09-10 11:45:00+00:00,8182.5,8183.0,8162.0,8162.0,700
2026-09-10 12:00:00+00:00,8161.5,8163.0,8154.0,8162.5,1209
2026-09-10 12:15:00+00:00,8162.0,8166.0,8137.5,8140.0,2073
2026-09-10 12:30:00+00:00,8140.0,8143.0,8119.5,8130.0,2216
2026-09-10 12:45:00+00:00,8129.5,8141.0,8125.5,8133.5,1036
2026-09-10 13:00:00+00:00,8134.0,8137.0,8126.0,8132.0,1097
2026-09-10 13:15:00+00:00,8132.5,8142.0,8124.0,8141.0,1219
2026-09-10 13:30:00+00:00,8141.0,8150.0,8133.5,8133.5,1398
2026-09-10 13:45:00+00:00,8134.0,8136.0,8120.0,8121.0,1275
2026-09-10 14:00:00+00:00,8121.5,8135.0,8120.5,8127.5,893
2026-09-10 14:15:00+00:00,8127.0,8154.5,8125.5,8136.0,1588
2026-09-10 14:30:00+00:00,8135.5,8138.0,8123.0,8123.0,821
2026-09-10 14:45:00+00:00,8123.5,8129.5,8119.0,8126.5,783
2026-09-10 15:00:00+00:00,8126.5,8127.5,8118.0,8120.5,1147
2026-09-10 15:15:00+00:00,8120.0,8130.0,8120.0,8125.0,1562
2026-09-10 15:30:00+00:00,8125.0,8127.5,8116.0,8124.0,3612
2026-09-10 15:45:00+00:00,8124.5,8126.0,8118.5,8120.0,442
2026-09-10 16:00:00+00:00,8120.5,8123.0,8117.5,8120.0,388
2026-09-10 16:15:00+00:00,8118.5,8120.0,8112.5,8117.0,457
2026-09-10 16:30:00+00:00,8117.5,8123.5,8117.0,8122.0,671
2026-09-10 16:45:00+00:00,8122.0,8127.0,8122.0,8125.0,241
2026-09-10 17:00:00+00:00,8125.0,8131.0,8121.5,8122.5,317
2026-09-10 17:15:00+00:00,8121.0,8121.5,8117.5,8120.0,96
2026-09-10 17:30:00+00:00,8120.5,8121.5,8115.5,8117.5,156
2026-09-10 17:45:00+00:00,8117.0,8118.0,8114.0,8117.0,195
2026-09-10 18:00:00+00:00,8117.5,8120.0,8109.5,8113.0,169
2026-09-10 18:15:00+00:00,8111.5,8113.0,8109.5,8111.0,100
2026-09-10 18:30:00+00:00,8110.5,8114.0,8108.5,8113.0,89
2026-09-10 18:45:00+00:00,8113.5,8119.0,8110.0,8115.0,241
2026-09-10 19:00:00+00:00,8115.0,8115.0,8109.0,8109.5,189
2026-09-10 19:15:00+00:00,8109.5,8115.5,8108.0,8115.5,201
2026-09-10 19:30:00+00:00,8116.0,8118.0,8114.5,8115.5,287
2026-09-10 19:45:00+00:00,8115.0,8119.0,8112.5,8119.0,487
2026-09-11 06:00:00+00:00,8141.0,8157.0,8129.0,8152.5,1081
2026-09-11 06:15:00+00:00,8151.5,8156.0,8149.0,8151.5,72
2026-09-11 06:30:00+00:00,8153.0,8158.0,8148.5,8155.5,146
2026-09-11 06:45:00+00:00,8157.0,8169.5,8151.5,8164.0,558
2026-09-11 07:00:00+00:00,8164.5,8173.5,8160.5,8164.0,2939
2026-09-11 07:15:00+00:00,8164.0,8168.0,8158.0,8158.0,1194
2026-09-11 07:30:00+00:00,8158.0,8161.5,8151.5,8158.5,1097
2026-09-11 07:45:00+00:00,8158.5,8159.5,8147.0,8155.5,1027
2026-09-11 08:00:00+00:00,8156.5,8159.5,8143.5,8155.0,1030
2026-09-11 08:15:00+00:00,8154.0,8172.5,8152.0,8161.5,1366
2026-09-11 08:30:00+00:00,8161.0,8170.5,8157.0,8157.0,496
2026-09-11 08:45:00+00:00,8156.0,8169.5,8155.0,8169.0,943
2026-09-11 09:00:00+00:00,8170.0,8173.5,8161.0,8161.5,980
2026-09-11 09:15:00+00:00,8160.5,8162.5,8157.5,8160.5,1186
2026-09-11 09:30:00+00:00,8161.0,8166.0,8160.5,8163.0,949
2026-09-11 09:45:00+00:00,8163.5,8168.0,8161.5,8165.0,1737
2026-09-11 10:00:00+00:00,8165.5,8174.5,8156.0,8172.5,871
2026-09-11 10:15:00+00:00,8172.0,8173.0,8168.0,8170.5,294
2026-09-11 10:30:00+00:00,8171.0,8177.0,8170.0,8172.5,421
2026-09-11 10:45:00+00:00,8172.5,8174.5,8169.5,8170.0,332
2026-09-11 11:00:00+00:00,8170.5,8175.0,8168.5,8170.0,436
2026-09-11 11:15:00+00:00,8170.5,8175.5,8169.5,8173.5,266
2026-09-11 11:30:00+00:00,8174.0,8176.0,8167.0,8170.5,387
2026-09-11 11:45:00+00:00,8170.0,8172.5,8166.5,8170.5,319
2026-09-11 12:00:00+00:00,8170.0,8170.5,8161.5,8167.0,492
2026-09-11 12:15:00+00:00,8166.5,8182.5,8166.5,8182.5,742
2026-09-11 12:30:00+00:00,8182.0,8191.0,8155.5,8185.5,1671
2026-09-11 12:45:00+00:00,8185.5,8208.5,8181.5,8208.0,885
2026-09-11 13:00:00+00:00,8208.5,8213.0,8196.5,8198.0,1285
2026-09-11 13:15:00+00:00,8199.0,8210.5,8189.0,8205.5,1048
2026-09-11 13:30:00+00:00,8205.5,8207.5,8188.0,8193.0,2127
2026-09-11 13:45:00+00:00,8192.5,8206.5,8192.0,8206.5,1427
2026-09-11 14:00:00+00:00,8207.0,8207.0,8181.5,8188.5,1659
2026-09-11 14:15:00+00:00,8189.0,8190.0,8174.0,8178.5,1253
2026-09-11 14:30:00+00:00,8178.5,8182.0,8167.0,8172.0,818
2026-09-11 14:45:00+00:00,8171.0,8181.5,8168.5,8175.0,1364
2026-09-11 15:00:00+00:00,8175.0,8183.0,8172.5,8175.5,1046
2026-09-11 15:15:00+00:00,8174.5,8186.0,8174.5,8181.0,1817
2026-09-11 15:30:00+00:00,8181.5,8188.5,8175.5,8182.0,3691
2026-09-11 15:45:00+00:00,8181.5,8185.5,8176.0,8178.0,298
2026-09-11 16:00:00+00:00,8179.0,8184.5,8177.5,8179.0,329
2026-09-11 16:15:00+00:00,8178.5,8183.5,8175.5,8175.5,282
2026-09-11 16:30:00+00:00,8176.5,8187.0,8175.0,8185.0,138
2026-09-11 16:45:00+00:00,8185.0,8190.0,8183.0,8189.0,219
2026-09-11 17:00:00+00:00,8188.0,8192.0,8186.5,8186.5,146
2026-09-11 17:15:00+00:00,8185.5,8193.0,8184.5,8192.5,110
2026-09-11 17:30:00+00:00,8191.5,8192.5,8185.0,8186.0,51
2026-09-11 17:45:00+00:00,8185.0,8187.5,8184.5,8186.5,40
2026-09-11 18:00:00+00:00,8185.0,8187.5,8185.0,8187.0,40
2026-09-11 18:15:00+00:00,8186.5,8186.5,8177.0,8181.5,340
2026-09-11 18:30:00+00:00,8181.0,8182.5,8177.0,8179.5,40
2026-09-11 18:45:00+00:00,8178.5,8179.5,8176.0,8176.0,61
2026-09-11 19:00:00+00:00,8176.5,8177.5,8174.5,8176.0,86
2026-09-11 19:15:00+00:00,8176.5,8178.0,8174.5,8175.5,180
2026-09-11 19:30:00+00:00,8176.5,8178.0,8175.5,8177.5,84
2026-09-11 19:45:00+00:00,8178.0,8182.0,8174.5,8177.0,298
2026-09-14 06:00:00+00:00,8164.0,8171.0,8160.5,8169.5,802
2026-09-14 06:15:00+00:00,8169.5,8173.0,8165.0,8168.0,194
2026-09-14 06:30:00+00:00,8168.0,8168.0,8151.5,8156.0,328
2026-09-14 06:45:00+00:00,8156.5,8164.0,8145.0,8145.0,510
2026-09-14 07:00:00+00:00,8145.0,8169.0,8132.5,8162.5,3611
2026-09-14 07:15:00+00:00,8162.0,8166.0,8149.5,8154.0,1426
2026-09-14 07:30:00+00:00,8154.0,8156.5,8136.0,8138.5,1055
2026-09-14 07:45:00+00:00,8139.5,8141.0,8124.5,8140.5,1237
2026-09-14 08:00:00+00:00,8141.0,8149.0,8130.5,8135.0,975
2026-09-14 08:15:00+00:00,8135.5,8135.5,8119.0,8119.5,968
2026-09-14 08:30:00+00:00,8119.0,8130.0,8118.5,8127.0,997
2026-09-14 08:45:00+00:00,8127.5,8130.5,8119.0,8130.0,670
2026-09-14 09:00:00+00:00,8130.5,8131.0,8115.0,8118.0,751
2026-09-14 09:15:00+00:00,8117.5,8122.5,8106.5,8122.0,1129
2026-09-14 09:30:00+00:00,8122.0,8127.5,8117.0,8118.0,1584
2026-09-14 09:45:00+00:00,8119.0,8126.5,8116.5,8126.0,667
2026-09-14 10:00:00+00:00,8126.5,8127.0,8116.5,8124.0,490
2026-09-14 10:15:00+00:00,8123.5,8132.0,8121.0,8127.5,456
2026-09-14 10:30:00+00:00,8127.5,8135.5,8127.0,8131.0,636
2026-09-14 10:45:00+00:00,8131.5,8135.0,8128.5,8132.5,369
2026-09-14 11:00:00+00:00,8132.0,8135.0,8128.0,8130.0,620
2026-09-14 11:15:00+00:00,8130.0,8133.5,8127.0,8129.5,338
2026-09-14 11:30:00+00:00,8129.0,8130.5,8120.0,8128.0,523
2026-09-14 11:45:00+00:00,8128.0,8131.0,8121.0,8123.0,386
2026-09-14 12:00:00+00:00,8122.5,8122.5,8114.5,8116.5,437
2026-09-14 12:15:00+00:00,8116.0,8125.5,8107.0,8109.5,1084
2026-09-14 12:30:00+00:00,8108.5,8114.0,8099.5,8111.5,1140
2026-09-14 12:45:00+00:00,8112.5,8116.0,8106.5,8115.5,549
2026-09-14 13:00:00+00:00,8115.0,8115.5,8104.0,8112.5,570
2026-09-14 13:15:00+00:00,8112.0,8124.5,8111.0,8122.0,1071
2026-09-14 13:30:00+00:00,8122.0,8128.5,8115.0,8122.5,878
2026-09-14 13:45:00+00:00,8122.5,8130.5,8116.5,8118.0,1108
2026-09-14 14:00:00+00:00,8117.5,8126.5,8115.5,8121.0,1031
2026-09-14 14:15:00+00:00,8121.0,8121.0,8102.5,8104.0,885
2026-09-14 14:30:00+00:00,8103.0,8103.5,8090.5,8098.0,759
2026-09-14 14:45:00+00:00,8099.0,8101.5,8092.5,8094.0,821
2026-09-14 15:00:00+00:00,8094.5,8121.0,8092.0,8109.5,2046
2026-09-14 15:15:00+00:00,8110.5,8121.5,8110.0,8121.0,1415
2026-09-14 15:30:00+00:00,8121.0,8152.0,8113.5,8150.5,5954
2026-09-14 15:45:00+00:00,8150.0,8151.0,8144.0,8147.0,576
2026-09-14 16:00:00+00:00,8146.0,8147.5,8140.5,8146.0,483
2026-09-14 16:15:00+00:00,8146.5,8158.5,8146.5,8153.0,513
2026-09-14 16:30:00+00:00,8152.5,8158.5,8148.0,8153.5,342
2026-09-14 16:45:00+00:00,8154.0,8168.0,8152.0,8163.0,508
2026-09-14 17:00:00+00:00,8162.5,8163.0,8154.5,8154.5,191
2026-09-14 17:15:00+00:00,8154.0,8159.0,8150.0,8159.0,210
2026-09-14 17:30:00+00:00,8158.5,8161.5,8157.5,8160.5,170
2026-09-14 17:45:00+00:00,8160.5,8161.0,8158.0,8158.0,104
2026-09-14 18:00:00+00:00,8157.5,8160.5,8154.5,8156.5,181
2026-09-14 18:15:00+00:00,8157.0,8161.0,8157.0,8159.0,143
2026-09-14 18:30:00+00:00,8159.5,8164.5,8158.5,8164.0,105
2026-09-14 18:45:00+00:00,8164.0,8164.5,8160.0,8160.5,161
2026-09-14 19:00:00+00:00,8161.5,8161.5,8151.5,8156.0,249
2026-09-14 19:15:00+00:00,8154.5,8154.5,8149.5,8149.5,94
2026-09-14 19:30:00+00:00,8149.5,8151.0,8147.0,8150.0,147
2026-09-14 19:45:00+00:00,8150.5,8151.0,8137.0,8137.0,502
2026-09-15 06:00:00+00:00,8118.0,8125.5,8116.0,8119.0,503
2026-09-15 06:15:00+00:00,8119.5,8121.0,8112.0,8113.0,258
2026-09-15 06:30:00+00:00,8113.0,8113.0,8105.5,8106.0,247
2026-09-15 06:45:00+00:00,8106.0,8110.0,8099.0,8099.0,541
2026-09-15 07:00:00+00:00,8099.0,8099.0,8067.0,8067.0,3313
2026-09-15 07:15:00+00:00,8067.5,8077.0,8060.0,8067.5,1859
2026-09-15 07:30:00+00:00,8067.5,8068.0,8041.0,8041.0,1230
2026-09-15 07:45:00+00:00,8042.0,8050.0,8038.0,8050.0,1155
2026-09-15 08:00:00+00:00,8049.5,8050.5,8035.0,8048.0,1066
2026-09-15 08:15:00+00:00,8049.0,8067.0,8046.5,8064.0,957
2026-09-15 08:30:00+00:00,8063.5,8066.5,8057.0,8059.0,705
2026-09-15 08:45:00+00:00,8058.5,8061.5,8052.5,8061.5,652
2026-09-15 09:00:00+00:00,8061.5,8062.0,8048.0,8053.5,1049
2026-09-15 09:15:00+00:00,8053.5,8064.0,8046.5,8063.5,846
2026-09-15 09:30:00+00:00,8063.5,8075.0,8062.0,8075.0,627
2026-09-15 09:45:00+00:00,8075.0,8089.5,8075.0,8089.5,770
2026-09-15 10:00:00+00:00,8089.0,8099.0,8085.5,8091.0,731
2026-09-15 10:15:00+00:00,8090.5,8096.5,8083.0,8096.0,476
2026-09-15 10:30:00+00:00,8096.5,8101.0,8093.0,8099.5,616
2026-09-15 10:45:00+00:00,8100.0,8108.5,8097.0,8107.5,405
2026-09-15 11:00:00+00:00,8107.0,8111.5,8103.0,8103.5,533
2026-09-15 11:15:00+00:00,8103.5,8110.0,8103.5,8106.5,295
2026-09-15 11:30:00+00:00,8106.5,8108.5,8098.5,8100.0,250
2026-09-15 11:45:00+00:00,8100.0,8111.5,8099.0,8110.5,239
2026-09-15 12:00:00+00:00,8110.0,8111.5,8103.5,8106.5,319
2026-09-15 12:15:00+00:00,8106.5,8107.0,8100.0,8105.0,356
2026-09-15 12:30:00+00:00,8105.0,8106.5,8096.5,8099.5,453
2026-09-15 12:45:00+00:00,8100.0,8115.0,8100.0,8110.0,1346
2026-09-15 13:00:00+00:00,8109.5,8112.0,8105.0,8108.5,427
2026-09-15 13:15:00+00:00,8108.5,8115.5,8105.5,8106.0,365
2026-09-15 13:30:00+00:00,8106.5,8109.0,8093.0,8096.5,957
2026-09-15 13:45:00+00:00,8096.5,8102.5,8088.5,8102.0,543
2026-09-15 14:00:00+00:00,8101.5,8106.0,8095.5,8098.5,828
2026-09-15 14:15:00+00:00,8098.5,8106.5,8093.5,8095.5,582
2026-09-15 14:30:00+00:00,8095.5,8101.0,8086.5,8086.5,801
2026-09-15 14:45:00+00:00,8086.5,8089.0,8076.0,8085.0,1254
2026-09-15 15:00:00+00:00,8086.0,8095.0,8081.5,8095.0,603
2026-09-15 15:15:00+00:00,8094.5,8103.5,8091.5,8103.0,1309
2026-09-15 15:30:00+00:00,8103.5,8109.0,8090.5,8107.0,2536
2026-09-15 15:45:00+00:00,8107.5,8110.0,8100.0,8101.0,538
2026-09-15 16:00:00+00:00,8100.0,8101.0,8096.5,8099.5,205
2026-09-15 16:15:00+00:00,8099.5,8112.0,8099.5,8110.5,255
2026-09-15 16:30:00+00:00,8110.5,8111.0,8105.0,8108.0,138
2026-09-15 16:45:00+00:00,8108.0,8112.5,8104.5,8111.0,107
2026-09-15 17:00:00+00:00,8111.0,8111.5,8104.0,8108.5,154
2026-09-15 17:15:00+00:00,8108.5,8108.5,8102.5,8106.5,158
2026-09-15 17:30:00+00:00,8106.5,8110.5,8106.5,8107.0,109
2026-09-15 17:45:00+00:00,8107.5,8111.5,8105.5,8111.0,61
2026-09-15 18:00:00+00:00,8110.5,8115.0,8109.0,8114.5,151
2026-09-15 18:15:00+00:00,8114.5,8114.5,8111.5,8112.0,89
2026-09-15 18:30:00+00:00,8112.0,8112.0,8106.0,8106.0,134
2026-09-15 18:45:00+00:00,8106.5,8111.5,8104.0,8111.5,149
2026-09-15 19:00:00+00:00,8112.0,8113.0,8109.5,8110.5,125
2026-09-15 19:15:00+00:00,8110.0,8110.5,8108.0,8108.0,130
2026-09-15 19:30:00+00:00,8107.5,8108.0,8104.5,8106.0,159
2026-09-15 19:45:00+00:00,8105.0,8107.5,8101.5,8107.0,370
2026-09-16 06:00:00+00:00,8116.5,8120.5,8113.0,8119.0,415
2026-09-16 06:15:00+00:00,8119.0,8121.0,8114.5,8116.0,143
2026-09-16 06:30:00+00:00,8116.0,8117.0,8111.5,8113.5,119
2026-09-16 06:45:00+00:00,8113.0,8120.0,8111.5,8111.5,480
2026-09-16 07:00:00+00:00,8112.0,8125.0,8106.0,8111.0,1869
2026-09-16 07:15:00+00:00,8111.5,8122.0,8110.0,8122.0,685
2026-09-16 07:30:00+00:00,8122.0,8125.5,8111.0,8111.0,478
2026-09-16 07:45:00+00:00,8112.0,8112.5,8105.5,8108.0,352
2026-09-16 08:00:00+00:00,8107.5,8107.5,8098.0,8102.0,560
2026-09-16 08:15:00+00:00,8102.0,8110.5,8096.0,8100.5,636
2026-09-16 08:30:00+00:00,8099.5,8104.5,8089.5,8098.5,565
2026-09-16 08:45:00+00:00,8099.0,8107.0,8097.0,8107.0,366
2026-09-16 09:00:00+00:00,8106.5,8111.0,8101.0,8102.5,374
2026-09-16 09:15:00+00:00,8101.5,8106.0,8097.5,8102.0,431
2026-09-16 09:30:00+00:00,8102.0,8114.0,8100.0,8112.0,332
2026-09-16 09:45:00+00:00,8112.0,8121.0,8108.0,8117.5,351
2026-09-16 10:00:00+00:00,8118.5,8123.5,8110.0,8123.5,356
2026-09-16 10:15:00+00:00,8123.0,8127.0,8120.5,8125.5,224
2026-09-16 10:30:00+00:00,8126.0,8131.0,8125.0,8131.0,253
2026-09-16 10:45:00+00:00,8131.5,8140.0,8128.5,8140.0,407
2026-09-16 11:00:00+00:00,8140.0,8143.5,8134.0,8135.0,1065
2026-09-16 11:15:00+00:00,8135.0,8137.5,8131.5,8135.5,291
2026-09-16 11:30:00+00:00,8135.5,8141.0,8133.5,8139.5,512
2026-09-16 11:45:00+00:00,8140.0,8146.0,8138.5,8143.0,394
2026-09-16 12:00:00+00:00,8143.5,8145.5,8137.0,8138.0,430
2026-09-16 12:15:00+00:00,8137.5,8140.5,8136.0,8139.0,226
2026-09-16 12:30:00+00:00,8139.5,8140.0,8128.0,8132.0,302
2026-09-16 12:45:00+00:00,8132.5,8142.5,8131.5,8142.5,319
2026-09-16 13:00:00+00:00,8142.5,8143.0,8131.5,8140.0,326
2026-09-16 13:15:00+00:00,8139.0,8141.5,8134.0,8140.5,401
2026-09-16 13:30:00+00:00,8140.0,8145.5,8123.5,8132.0,705
2026-09-16 13:45:00+00:00,8132.0,8139.0,8130.5,8133.0,546
2026-09-16 14:00:00+00:00,8132.5,8138.0,8129.0,8136.5,620
2026-09-16 14:15:00+00:00,8137.5,8138.0,8129.0,8136.0,352
2026-09-16 14:30:00+00:00,8135.5,8144.5,8131.0,8142.0,433
2026-09-16 14:45:00+00:00,8143.0,8143.5,8134.5,8142.5,559
2026-09-16 15:00:00+00:00,8142.0,8158.5,8140.5,8158.0,933
2026-09-16 15:15:00+00:00,8158.0,8159.0,8144.5,8145.0,1500
2026-09-16 15:30:00+00:00,8145.0,8149.5,8134.5,8147.0,3773
2026-09-16 15:45:00+00:00,8146.0,8169.0,8145.0,8145.5,668
2026-09-16 16:00:00+00:00,8145.5,8148.0,8135.0,8147.5,564
2026-09-16 16:15:00+00:00,8148.0,8148.5,8142.5,8143.0,109
2026-09-16 16:30:00+00:00,8142.5,8144.5,8140.5,8142.5,122
2026-09-16 16:45:00+00:00,8143.5,8145.0,8142.0,8142.0,109
2026-09-16 17:00:00+00:00,8142.0,8143.5,8137.5,8143.0,119
2026-09-16 17:15:00+00:00,8143.5,8143.5,8139.5,8143.5,108
2026-09-16 17:30:00+00:00,8143.5,8144.5,8138.0,8139.0,55
2026-09-16 17:45:00+00:00,8140.5,8151.0,8140.5,8151.0,154
2026-09-16 18:00:00+00:00,8149.0,8159.0,8140.0,8155.5,427
2026-09-16 18:15:00+00:00,8156.0,8164.0,8154.0,8157.5,260
2026-09-16 18:30:00+00:00,8159.5,8166.5,8133.5,8159.0,354
2026-09-16 18:45:00+00:00,8157.0,8162.0,8119.5,8119.5,315
2026-09-16 19:00:00+00:00,8120.5,8130.0,8099.5,8100.0,422
2026-09-16 19:15:00+00:00,8100.5,8105.5,8089.0,8098.5,343
2026-09-16 19:30:00+00:00,8099.0,8118.0,8097.0,8112.5,413
2026-09-16 19:45:00+00:00,8112.0,8146.0,8111.5,8134.0,601
2026-09-17 06:00:00+00:00,8156.0,8166.0,8153.0,8159.5,353
2026-09-17 06:15:00+00:00,8158.0,8165.5,8153.0,8165.5,203
2026-09-17 06:30:00+00:00,8166.0,8171.5,8163.5,8171.0,244
2026-09-17 06:45:00+00:00,8171.0,8175.0,8166.5,8172.5,170
2026-09-17 07:00:00+00:00,8172.5,8191.5,8168.0,8183.5,1836
2026-09-17 07:15:00+00:00,8183.5,8187.5,8177.5,8177.5,752
2026-09-17 07:30:00+00:00,8178.5,8179.0,8164.0,8173.0,658
2026-09-17 07:45:00+00:00,8172.5,8174.0,8156.0,8156.5,357
2026-09-17 08:00:00+00:00,8156.5,8158.0,8148.0,8149.5,464
2026-09-17 08:15:00+00:00,8148.5,8160.0,8141.5,8159.0,366
2026-09-17 08:30:00+00:00,8159.5,8166.5,8156.0,8158.5,223
2026-09-17 08:45:00+00:00,8158.5,8165.5,8155.5,8162.0,268
2026-09-17 09:00:00+00:00,8162.0,8167.0,8157.0,8161.5,147
2026-09-17 09:15:00+00:00,8162.5,8166.0,8157.0,8158.5,210
2026-09-17 09:30:00+00:00,8159.5,8168.5,8159.5,8167.5,194
2026-09-17 09:45:00+00:00,8167.0,8167.0,8152.5,8158.5,253
2026-09-17 10:00:00+00:00,8159.0,8161.5,8155.0,8157.5,157
2026-09-17 10:15:00+00:00,8156.5,8158.5,8151.0,8157.0,209
2026-09-17 10:30:00+00:00,8158.0,8162.0,8155.5,8160.5,167
2026-09-17 10:45:00+00:00,8160.5,8164.5,8157.5,8164.0,198
2026-09-17 11:00:00+00:00,8163.5,8176.0,8163.0,8173.5,392
2026-09-17 11:15:00+00:00,8173.5,8174.0,8161.5,8164.0,200
2026-09-17 11:30:00+00:00,8166.0,8171.5,8164.5,8166.5,154
2026-09-17 11:45:00+00:00,8166.5,8179.5,8166.5,8179.0,466
2026-09-17 12:00:00+00:00,8178.5,8186.5,8172.5,8183.5,422
2026-09-17 12:15:00+00:00,8184.5,8209.0,8184.0,8207.5,1214
2026-09-17 12:30:00+00:00,8207.0,8212.0,8196.5,8197.0,567
2026-09-17 12:45:00+00:00,8197.5,8203.0,8197.0,8197.0,185
2026-09-17 13:00:00+00:00,8197.0,8201.0,8186.5,8188.5,293
2026-09-17 13:15:00+00:00,8189.0,8196.5,8188.0,8192.0,244
2026-09-17 13:30:00+00:00,8192.0,8194.5,8179.5,8190.5,378
2026-09-17 13:45:00+00:00,8190.5,8209.0,8190.0,8200.5,599
2026-09-17 14:00:00+00:00,8201.0,8201.5,8193.0,8196.5,321
2026-09-17 14:15:00+00:00,8197.0,8200.0,8192.0,8195.0,290
2026-09-17 14:30:00+00:00,8195.0,8201.0,8190.5,8198.0,204
2026-09-17 14:45:00+00:00,8198.0,8199.0,8185.5,8190.0,290
2026-09-17 15:00:00+00:00,8190.0,8197.0,8186.5,8197.0,693
2026-09-17 15:15:00+00:00,8197.5,8198.0,8186.5,8188.0,909
2026-09-17 15:30:00+00:00,8188.0,8192.5,8181.0,8187.5,908
2026-09-17 15:45:00+00:00,8187.5,8189.5,8184.5,8186.5,81
2026-09-17 16:00:00+00:00,8187.5,8189.0,8180.0,8180.0,58
2026-09-17 16:15:00+00:00,8179.5,8179.5,8174.0,8175.5,87
2026-09-17 16:30:00+00:00,8175.5,8175.5,8171.0,8175.5,50
2026-09-17 16:45:00+00:00,8175.0,8176.0,8162.5,8169.0,217
2026-09-17 17:00:00+00:00,8169.5,8172.5,8162.5,8165.0,58
2026-09-17 17:15:00+00:00,8167.0,8167.0,8162.0,8166.0,21
2026-09-17 17:30:00+00:00,8165.5,8166.0,8165.5,8166.0,2
2026-09-17 17:45:00+00:00,8165.0,8166.0,8162.0,8164.5,6
2026-09-17 18:00:00+00:00,8163.0,8165.0,8160.5,8165.0,7
2026-09-17 18:15:00+00:00,8163.5,8163.5,8160.0,8161.5,4
2026-09-17 18:30:00+00:00,8162.5,8162.5,8162.5,8162.5,1
2026-09-17 18:45:00+00:00,8163.0,8164.0,8161.5,8163.0,11
2026-09-17 19:00:00+00:00,8164.0,8170.5,8161.0,8165.5,112
2026-09-17 19:15:00+00:00,8162.0,8162.0,8158.5,8160.0,16
2026-09-17 19:30:00+00:00,8163.5,8164.5,8156.5,8157.5,63
2026-09-17 19:45:00+00:00,8158.0,8168.5,8150.5,8158.0,90
2026-09-18 06:00:00+00:00,8164.0,8165.5,8156.5,8157.5,328
2026-09-18 06:15:00+00:00,8159.5,8161.5,8152.0,8157.0,174
2026-09-18 06:30:00+00:00,8159.0,8167.5,8158.0,8160.0,215
2026-09-18 06:45:00+00:00,8161.0,8162.0,8147.0,8151.5,388
2026-09-18 07:00:00+00:00,8151.5,8152.5,8135.0,8148.0,2920
2026-09-18 07:15:00+00:00,8148.0,8150.5,8136.0,8140.0,1105
2026-09-18 07:30:00+00:00,8140.5,8142.5,8125.5,8127.5,1249
2026-09-18 07:45:00+00:00,8128.0,8141.5,8124.5,8138.5,1351
2026-09-18 08:00:00+00:00,8138.5,8138.5,8125.5,8125.5,1005
2026-09-18 08:15:00+00:00,8125.5,8126.5,8116.0,8118.5,1034
2026-09-18 08:30:00+00:00,8118.5,8130.5,8118.0,8130.0,875
2026-09-18 08:45:00+00:00,8130.5,8135.0,8127.0,8130.5,1060
2026-09-18 09:00:00+00:00,8130.5,8133.0,8125.5,8130.5,1027
2026-09-18 09:15:00+00:00,8130.0,8136.0,8127.5,8130.5,581
2026-09-18 09:30:00+00:00,8130.0,8130.0,8121.5,8125.0,968
2026-09-18 09:45:00+00:00,8124.5,8131.0,8117.0,8119.0,2489
2026-09-18 10:00:00+00:00,8119.0,8123.5,8116.0,8122.0,879
2026-09-18 10:15:00+00:00,8122.0,8122.5,8109.5,8117.0,816
2026-09-18 10:30:00+00:00,8117.5,8125.0,8115.0,8124.0,506
2026-09-18 10:45:00+00:00,8123.5,8124.0,8113.0,8114.0,629
2026-09-18 11:00:00+00:00,8113.5,8123.0,8105.5,8108.5,1916
2026-09-18 11:15:00+00:00,8107.5,8109.0,8096.0,8105.0,708
2026-09-18 11:30:00+00:00,8106.0,8112.5,8093.5,8095.5,1038
2026-09-18 11:45:00+00:00,8094.5,8096.5,8088.0,8089.5,890
2026-09-18 12:00:00+00:00,8089.5,8093.0,8076.5,8077.5,1084
2026-09-18 12:15:00+00:00,8078.0,8079.0,8066.5,8073.0,950
2026-09-18 12:30:00+00:00,8073.5,8085.0,8072.0,8078.5,700
2026-09-18 12:45:00+00:00,8078.5,8083.5,8072.0,8078.5,679
2026-09-18 13:00:00+00:00,8077.0,8079.5,8073.0,8075.5,591
2026-09-18 13:15:00+00:00,8075.5,8080.0,8068.5,8071.5,799
2026-09-18 13:30:00+00:00,8071.0,8072.0,8057.5,8057.5,1865
2026-09-18 13:45:00+00:00,8058.0,8058.5,8038.5,8040.0,2842
2026-09-18 14:00:00+00:00,8040.0,8058.5,8036.5,8057.0,1405
2026-09-18 14:15:00+00:00,8057.0,8064.5,8054.5,8062.0,1076
2026-09-18 14:30:00+00:00,8062.5,8064.5,8042.5,8044.5,1106
2026-09-18 14:45:00+00:00,8044.5,8050.0,8040.5,8048.0,1236
2026-09-18 15:00:00+00:00,8048.0,8049.0,8041.5,8045.5,1297
2026-09-18 15:15:00+00:00,8046.0,8048.0,8039.0,8044.5,3135
2026-09-18 15:30:00+00:00,8044.0,8059.0,8039.0,8053.5,6106
2026-09-18 15:45:00+00:00,8053.5,8054.0,8048.0,8050.0,412
2026-09-18 16:00:00+00:00,8050.0,8050.0,8044.0,8045.0,522
2026-09-18 16:15:00+00:00,8044.5,8047.0,8039.5,8044.5,415
2026-09-18 16:30:00+00:00,8044.0,8047.5,8041.5,8046.5,162
2026-09-18 16:45:00+00:00,8047.0,8052.0,8043.5,8049.0,131
2026-09-18 17:00:00+00:00,8048.5,8048.5,8045.0,8047.5,135
2026-09-18 17:15:00+00:00,8047.0,8048.0,8044.5,8047.0,105
2026-09-18 17:30:00+00:00,8046.5,8049.0,8044.5,8049.0,105
2026-09-18 17:45:00+00:00,8048.5,8048.5,8046.5,8048.5,76
2026-09-18 18:00:00+00:00,8048.5,8049.5,8046.5,8047.5,137
2026-09-18 18:15:00+00:00,8046.5,8048.0,8045.0,8046.0,336
2026-09-18 18:30:00+00:00,8045.5,8048.0,8043.0,8043.0,331
2026-09-18 18:45:00+00:00,8043.5,8047.0,8040.0,8044.0,544
2026-09-18 19:00:00+00:00,8044.5,8050.5,8041.0,8046.5,225
2026-09-18 19:15:00+00:00,8047.5,8048.5,8044.5,8045.0,141
2026-09-18 19:30:00+00:00,8045.0,8050.5,8043.5,8050.5,183
2026-09-18 19:45:00+00:00,8051.0,8054.5,8044.5,8046.0,876
2026-09-21 06:00:00+00:00,8075.5,8095.5,8075.5,8090.0,618
2026-09-21 06:15:00+00:00,8090.0,8092.5,8087.5,8091.5,176
2026-09-21 06:30:00+00:00,8092.0,8099.0,8092.0,8096.0,275
2026-09-21 06:45:00+00:00,8096.5,8109.5,8093.5,8105.0,512
2026-09-21 07:00:00+00:00,8104.5,8117.0,8094.5,8097.5,2567
2026-09-21 07:15:00+00:00,8098.5,8109.5,8095.5,8107.0,1043
2026-09-21 07:30:00+00:00,8107.0,8111.0,8093.0,8097.5,798
2026-09-21 07:45:00+00:00,8097.0,8105.0,8095.0,8098.5,715
2026-09-21 08:00:00+00:00,8098.5,8121.0,8098.0,8120.5,631
2026-09-21 08:15:00+00:00,8121.0,8123.5,8117.0,8123.0,580
2026-09-21 08:30:00+00:00,8122.5,8126.0,8117.0,8125.0,607
2026-09-21 08:45:00+00:00,8124.5,8128.5,8122.5,8123.5,648
2026-09-21 09:00:00+00:00,8123.0,8133.5,8119.5,8130.5,440
2026-09-21 09:15:00+00:00,8130.0,8133.5,8127.0,8131.0,423
2026-09-21 09:30:00+00:00,8130.5,8136.0,8130.0,8135.0,345
2026-09-21 09:45:00+00:00,8135.5,8137.5,8132.5,8137.0,370
2026-09-21 10:00:00+00:00,8136.5,8138.5,8132.0,8133.0,357
2026-09-21 10:15:00+00:00,8133.0,8136.5,8130.5,8135.0,324
2026-09-21 10:30:00+00:00,8135.5,8136.0,8129.5,8131.0,653
2026-09-21 10:45:00+00:00,8131.5,8135.5,8128.5,8128.5,377
2026-09-21 11:00:00+00:00,8129.5,8136.5,8128.5,8131.5,624
2026-09-21 11:15:00+00:00,8131.5,8137.5,8127.5,8137.5,325
2026-09-21 11:30:00+00:00,8137.0,8140.0,8134.0,8138.5,437
2026-09-21 11:45:00+00:00,8138.5,8139.0,8132.5,8135.0,340
2026-09-21 12:00:00+00:00,8134.5,8139.5,8130.5,8136.0,679
2026-09-21 12:15:00+00:00,8135.5,8138.5,8134.0,8138.5,293
2026-09-21 12:30:00+00:00,8138.5,8143.0,8134.5,8142.5,623
2026-09-21 12:45:00+00:00,8141.5,8142.0,8129.5,8136.5,342
2026-09-21 13:00:00+00:00,8136.0,8142.5,8135.5,8140.0,471
2026-09-21 13:15:00+00:00,8140.0,8140.0,8133.0,8134.0,636
2026-09-21 13:30:00+00:00,8135.5,8135.5,8116.0,8117.5,1002
2026-09-21 13:45:00+00:00,8117.5,8119.0,8110.0,8114.0,746
2026-09-21 14:00:00+00:00,8114.0,8120.0,8107.0,8119.5,577
2026-09-21 14:15:00+00:00,8119.5,8127.0,8117.0,8126.0,669
2026-09-21 14:30:00+00:00,8126.5,8133.5,8121.5,8127.0,759
2026-09-21 14:45:00+00:00,8127.0,8133.0,8126.5,8131.0,653
2026-09-21 15:00:00+00:00,8130.5,8143.5,8130.5,8142.0,1235
2026-09-21 15:15:00+00:00,8142.5,8146.5,8133.0,8133.5,1890
2026-09-21 15:30:00+00:00,8133.0,8138.0,8127.0,8131.5,3325
2026-09-21 15:45:00+00:00,8131.5,8137.0,8128.5,8129.5,323
2026-09-21 16:00:00+00:00,8129.0,8141.5,8128.5,8139.0,351
2026-09-21 16:15:00+00:00,8139.5,8144.0,8139.0,8140.0,239
2026-09-21 16:30:00+00:00,8139.5,8145.5,8138.5,8138.5,204
2026-09-21 16:45:00+00:00,8139.0,8144.5,8138.0,8143.5,239
2026-09-21 17:00:00+00:00,8145.0,8145.0,8140.5,8142.5,94
2026-09-21 17:15:00+00:00,8142.0,8144.0,8140.0,8142.5,73
2026-09-21 17:30:00+00:00,8142.5,8143.0,8136.0,8138.5,182
2026-09-21 17:45:00+00:00,8139.0,8140.5,8138.0,8139.5,41
2026-09-21 18:00:00+00:00,8140.0,8145.0,8139.5,8144.5,97
2026-09-21 18:15:00+00:00,8144.0,8151.0,8144.0,8149.5,168
2026-09-21 18:30:00+00:00,8150.0,8151.0,8146.0,8146.5,81
2026-09-21 18:45:00+00:00,8147.0,8151.0,8147.0,8150.0,94
2026-09-21 19:00:00+00:00,8150.0,8151.0,8147.0,8148.0,75
2026-09-21 19:15:00+00:00,8148.5,8148.5,8146.5,8147.5,98
2026-09-21 19:30:00+00:00,8148.0,8154.5,8148.0,8150.5,180
2026-09-21 19:45:00+00:00,8150.0,8150.5,8140.0,8140.5,592
2026-09-22 06:00:00+00:00,8137.5,8137.5,8124.0,8131.5,462
2026-09-22 06:15:00+00:00,8133.0,8136.5,8126.5,8131.5,112
2026-09-22 06:30:00+00:00,8132.0,8137.5,8132.0,8137.5,149
2026-09-22 06:45:00+00:00,8137.5,8138.5,8130.5,8136.0,292
2026-09-22 07:00:00+00:00,8137.0,8155.0,8127.0,8131.0,2187
2026-09-22 07:15:00+00:00,8132.0,8138.0,8120.5,8136.0,1414
2026-09-22 07:30:00+00:00,8135.5,8135.5,8126.5,8132.0,600
2026-09-22 07:45:00+00:00,8131.5,8131.5,8116.5,8120.0,1254
2026-09-22 08:00:00+00:00,8120.5,8127.5,8117.0,8123.0,750
2026-09-22 08:15:00+00:00,8123.5,8130.0,8114.5,8115.5,843
2026-09-22 08:30:00+00:00,8115.0,8136.5,8107.0,8136.5,1272
2026-09-22 08:45:00+00:00,8136.0,8165.5,8134.5,8150.0,1095
2026-09-22 09:00:00+00:00,8149.5,8159.0,8135.5,8145.0,1076
2026-09-22 09:15:00+00:00,8145.0,8152.5,8140.5,8145.0,747
2026-09-22 09:30:00+00:00,8146.0,8152.0,8140.5,8151.0,1393
2026-09-22 09:45:00+00:00,8150.5,8177.5,8149.0,8175.0,1968
2026-09-22 10:00:00+00:00,8174.5,8183.5,8168.5,8182.5,1050
2026-09-22 10:15:00+00:00,8182.0,8183.0,8167.5,8173.5,929
2026-09-22 10:30:00+00:00,8173.0,8177.5,8165.5,8175.5,384
2026-09-22 10:45:00+00:00,8175.0,8179.0,8169.0,8175.5,346
2026-09-22 11:00:00+00:00,8176.0,8182.0,8161.0,8168.5,1101
2026-09-22 11:15:00+00:00,8168.5,8177.5,8163.5,8176.5,237
2026-09-22 11:30:00+00:00,8177.0,8178.5,8168.0,8172.0,317
2026-09-22 11:45:00+00:00,8173.0,8178.0,8159.0,8159.5,481
2026-09-22 12:00:00+00:00,8159.0,8168.0,8159.0,8166.5,324
2026-09-22 12:15:00+00:00,8167.5,8172.0,8163.5,8171.0,357
2026-09-22 12:30:00+00:00,8172.5,8183.0,8171.0,8173.5,404
2026-09-22 12:45:00+00:00,8174.5,8175.0,8164.5,8174.5,475
2026-09-22 13:00:00+00:00,8174.5,8186.0,8171.0,8186.0,736
2026-09-22 13:15:00+00:00,8186.5,8189.0,8175.0,8175.0,526
2026-09-22 13:30:00+00:00,8175.0,8176.0,8156.5,8166.5,937
2026-09-22 13:45:00+00:00,8166.0,8171.5,8163.0,8168.5,787
2026-09-22 14:00:00+00:00,8169.0,8173.0,8161.5,8164.0,1930
2026-09-22 14:15:00+00:00,8164.0,8172.0,8159.0,8168.0,774
2026-09-22 14:30:00+00:00,8168.0,8171.5,8143.5,8151.0,1354
2026-09-22 14:45:00+00:00,8150.0,8152.5,8144.0,8151.5,489
2026-09-22 15:00:00+00:00,8151.0,8156.5,8144.0,8155.5,1048
2026-09-22 15:15:00+00:00,8155.5,8156.5,8146.5,8148.0,1008
2026-09-22 15:30:00+00:00,8148.0,8149.5,8139.0,8139.0,2075
2026-09-22 15:45:00+00:00,8139.0,8149.0,8138.5,8148.5,299
2026-09-22 16:00:00+00:00,8148.5,8153.5,8148.0,8148.5,219
2026-09-22 16:15:00+00:00,8148.5,8151.0,8146.5,8151.0,159
2026-09-22 16:30:00+00:00,8150.5,8154.0,8149.0,8152.0,126
2026-09-22 16:45:00+00:00,8152.0,8164.5,8151.5,8157.5,427
2026-09-22 17:00:00+00:00,8156.5,8156.5,8150.5,8150.5,154
2026-09-22 17:15:00+00:00,8150.0,8151.0,8146.5,8151.0,138
2026-09-22 17:30:00+00:00,8150.5,8151.0,8147.0,8151.0,118
2026-09-22 17:45:00+00:00,8151.5,8170.0,8150.5,8168.0,515
2026-09-22 18:00:00+00:00,8169.0,8172.5,8164.5,8169.5,167
2026-09-22 18:15:00+00:00,8170.0,8172.0,8167.0,8167.5,113
2026-09-22 18:30:00+00:00,8167.0,8169.0,8163.0,8166.5,141
2026-09-22 18:45:00+00:00,8167.5,8169.0,8165.0,8167.5,117
2026-09-22 19:00:00+00:00,8167.5,8170.0,8165.0,8169.5,137
2026-09-22 19:15:00+00:00,8169.5,8172.5,8166.0,8170.0,280
2026-09-22 19:30:00+00:00,8171.0,8182.0,8170.5,8178.5,320
2026-09-22 19:45:00+00:00,8179.5,8181.5,8169.0,8171.5,257
2026-09-23 06:00:00+00:00,8173.5,8174.5,8166.0,8173.5,332
2026-09-23 06:15:00+00:00,8173.0,8176.0,8165.0,8174.0,279
2026-09-23 06:30:00+00:00,8174.5,8184.0,8174.5,8183.5,150
2026-09-23 06:45:00+00:00,8182.0,8182.0,8164.0,8164.0,240
2026-09-23 07:00:00+00:00,8165.0,8190.5,8163.5,8179.5,2360
2026-09-23 07:15:00+00:00,8178.5,8188.0,8169.5,8187.5,1149
2026-09-23 07:30:00+00:00,8187.5,8187.5,8171.0,8179.5,1132
2026-09-23 07:45:00+00:00,8180.0,8190.0,8179.5,8182.0,686
2026-09-23 08:00:00+00:00,8182.5,8183.5,8165.5,8168.0,608
2026-09-23 08:15:00+00:00,8168.0,8168.0,8159.0,8165.5,595
2026-09-23 08:30:00+00:00,8163.5,8167.0,8151.0,8152.5,487
2026-09-23 08:45:00+00:00,8153.0,8156.5,8146.5,8153.0,393
2026-09-23 09:00:00+00:00,8153.5,8154.0,8143.5,8148.0,513
2026-09-23 09:15:00+00:00,8147.5,8153.0,8143.0,8143.5,388
2026-09-23 09:30:00+00:00,8143.5,8147.0,8137.0,8139.5,435
2026-09-23 09:45:00+00:00,8138.5,8142.5,8132.5,8140.0,275
2026-09-23 10:00:00+00:00,8139.5,8143.0,8136.5,8138.0,285
2026-09-23 10:15:00+00:00,8138.0,8141.5,8134.0,8136.5,200
2026-09-23 10:30:00+00:00,8138.0,8138.5,8129.5,8131.0,308
2026-09-23 10:45:00+00:00,8130.5,8135.0,8129.0,8132.0,301
2026-09-23 11:00:00+00:00,8131.0,8134.0,8125.5,8126.0,563
2026-09-23 11:15:00+00:00,8126.0,8130.5,8119.5,8123.5,523
2026-09-23 11:30:00+00:00,8123.5,8124.0,8114.0,8119.5,466
2026-09-23 11:45:00+00:00,8119.5,8126.5,8118.5,8126.0,504
2026-09-23 12:00:00+00:00,8126.5,8128.5,8114.0,8116.5,711
2026-09-23 12:15:00+00:00,8116.0,8122.5,8115.0,8116.5,408
2026-09-23 12:30:00+00:00,8116.5,8122.5,8110.5,8115.0,518
2026-09-23 12:45:00+00:00,8115.5,8126.5,8114.5,8126.5,445
2026-09-23 13:00:00+00:00,8126.5,8126.5,8108.0,8112.0,705
2026-09-23 13:15:00+00:00,8112.0,8124.5,8107.5,8119.0,694
2026-09-23 13:30:00+00:00,8119.5,8123.0,8104.5,8114.5,995
2026-09-23 13:45:00+00:00,8113.5,8115.0,8101.0,8112.0,1010
2026-09-23 14:00:00+00:00,8113.5,8137.5,8113.5,8137.5,1428
2026-09-23 14:15:00+00:00,8136.5,8140.0,8116.5,8123.0,772
2026-09-23 14:30:00+00:00,8123.0,8129.5,8110.5,8111.0,916
2026-09-23 14:45:00+00:00,8110.0,8126.5,8102.0,8119.0,1589
2026-09-23 15:00:00+00:00,8118.5,8122.0,8114.0,8117.0,594
2026-09-23 15:15:00+00:00,8116.5,8125.0,8111.5,8115.0,1398
2026-09-23 15:30:00+00:00,8116.0,8117.0,8108.5,8114.5,2823
2026-09-23 15:45:00+00:00,8114.5,8115.0,8104.0,8108.0,241
2026-09-23 16:00:00+00:00,8108.0,8108.0,8102.0,8105.0,177
2026-09-23 16:15:00+00:00,8104.5,8105.5,8100.5,8104.5,375
2026-09-23 16:30:00+00:00,8105.5,8107.5,8098.5,8098.5,139
2026-09-23 16:45:00+00:00,8098.5,8101.5,8066.5,8068.5,909
2026-09-23 17:00:00+00:00,8069.5,8084.0,8069.5,8082.0,400
2026-09-23 17:15:00+00:00,8081.5,8088.5,8080.0,8083.0,214
2026-09-23 17:30:00+00:00,8082.5,8099.0,8080.0,8097.5,383
2026-09-23 17:45:00+00:00,8097.0,8104.5,8096.5,8102.5,169
2026-09-23 18:00:00+00:00,8102.0,8103.0,8096.5,8099.5,94
2026-09-23 18:15:00+00:00,8100.0,8104.0,8097.0,8098.5,110
2026-09-23 18:30:00+00:00,8099.0,8100.0,8094.5,8095.0,109
2026-09-23 18:45:00+00:00,8095.0,8106.0,8094.5,8105.5,158
2026-09-23 19:00:00+00:00,8105.5,8106.0,8098.0,8101.5,179
2026-09-23 19:15:00+00:00,8102.0,8102.0,8097.5,8099.5,106
2026-09-23 19:30:00+00:00,8099.5,8102.0,8096.0,8097.5,148
2026-09-23 19:45:00+00:00,8098.0,8102.0,8095.0,8100.5,314
2026-09-24 06:00:00+00:00,8073.5,8098.0,8072.0,8097.0,640
2026-09-24 06:15:00+00:00,8096.5,8097.0,8086.5,8089.5,190
2026-09-24 06:30:00+00:00,8088.0,8090.0,8079.0,8086.5,251
2026-09-24 06:45:00+00:00,8087.0,8097.5,8085.5,8089.5,380
2026-09-24 07:00:00+00:00,8090.5,8105.0,8080.5,8105.0,2335
2026-09-24 07:15:00+00:00,8104.5,8108.5,8095.5,8108.5,1012
2026-09-24 07:30:00+00:00,8109.0,8118.0,8104.0,8113.5,887
2026-09-24 07:45:00+00:00,8112.5,8114.5,8090.5,8092.0,554
2026-09-24 08:00:00+00:00,8092.5,8097.0,8056.5,8058.0,1229
2026-09-24 08:15:00+00:00,8060.5,8071.0,8052.5,8058.5,838
2026-09-24 08:30:00+00:00,8058.0,8065.0,8049.5,8057.5,2302
2026-09-24 08:45:00+00:00,8058.0,8064.5,8051.5,8063.0,866
2026-09-24 09:00:00+00:00,8064.0,8087.5,8063.0,8081.5,804
2026-09-24 09:15:00+00:00,8081.5,8086.0,8076.5,8081.5,711
2026-09-24 09:30:00+00:00,8082.5,8083.5,8068.5,8070.0,566
2026-09-24 09:45:00+00:00,8069.5,8089.0,8069.0,8089.0,408
2026-09-24 10:00:00+00:00,8086.5,8093.5,8080.0,8091.5,481
2026-09-24 10:15:00+00:00,8091.5,8102.5,8090.0,8094.5,564
2026-09-24 10:30:00+00:00,8095.0,8106.0,8089.5,8101.5,553
2026-09-24 10:45:00+00:00,8101.5,8111.0,8101.0,8109.0,577
2026-09-24 11:00:00+00:00,8109.0,8112.5,8099.5,8110.5,696
2026-09-24 11:15:00+00:00,8110.5,8119.5,8102.5,8102.5,1071
2026-09-24 11:30:00+00:00,8102.0,8107.5,8096.0,8097.5,346
2026-09-24 11:45:00+00:00,8097.5,8111.5,8090.5,8110.0,531
2026-09-24 12:00:00+00:00,8109.5,8112.5,8101.5,8107.5,787
2026-09-24 12:15:00+00:00,8107.0,8112.0,8101.0,8103.5,614
2026-09-24 12:30:00+00:00,8103.0,8108.0,8091.5,8102.0,521
2026-09-24 12:45:00+00:00,8102.0,8104.5,8089.5,8099.5,498
2026-09-24 13:00:00+00:00,8100.0,8107.5,8095.0,8107.0,488
2026-09-24 13:15:00+00:00,8106.0,8116.0,8105.5,8116.0,445
2026-09-24 13:30:00+00:00,8116.0,8119.0,8102.5,8115.0,730
2026-09-24 13:45:00+00:00,8113.5,8125.0,8113.0,8122.0,792
2026-09-24 14:00:00+00:00,8122.5,8123.5,8115.0,8117.0,671
2026-09-24 14:15:00+00:00,8116.5,8118.0,8108.5,8109.5,577
2026-09-24 14:30:00+00:00,8110.0,8111.0,8096.5,8096.5,653
2026-09-24 14:45:00+00:00,8096.0,8100.0,8083.5,8088.5,748
2026-09-24 15:00:00+00:00,8088.0,8089.5,8077.0,8077.0,786
2026-09-24 15:15:00+00:00,8077.0,8090.0,8075.5,8084.5,1863
2026-09-24 15:30:00+00:00,8085.5,8093.0,8077.0,8093.0,3400
2026-09-24 15:45:00+00:00,8093.5,8099.0,8091.5,8095.5,437
