,Open,High,Low,Close,Volume
2012-01-02 07:00:00+00:00,3148.5,3223.5,3140.5,3222.5,28363
2012-01-03 07:00:00+00:00,3232.0,3247.5,3193.5,3244.0,57657
2012-01-04 07:00:00+00:00,3226.5,3245.0,3186.5,3193.5,63782
2012-01-05 07:00:00+00:00,3201.0,3204.0,3137.5,3149.0,73359
2012-01-06 07:00:00+00:00,3149.0,3186.5,3121.5,3135.0,69984
2012-01-09 07:00:00+00:00,3124.0,3158.5,3113.5,3129.0,56458
2012-01-10 07:00:00+00:00,3159.5,3220.5,3156.0,3211.5,75557
2012-01-11 07:00:00+00:00,3200.0,3237.0,3180.5,3204.5,76953
2012-01-12 07:00:00+00:00,3220.0,3254.5,3190.0,3200.0,80390
2012-01-13 07:00:00+00:00,3222.5,3244.5,3151.0,3196.5,93019
2012-01-16 07:00:00+00:00,3176.5,3232.0,3162.5,3224.0,50181
2012-01-17 07:00:00+00:00,3247.5,3294.0,3243.5,3269.5,194830
2012-01-18 07:00:00+00:00,3263.0,3304.0,3236.5,3265.0,215724
2012-01-19 07:00:00+00:00,3290.0,3331.0,3250.0,3327.0,148223
2012-01-20 07:00:00+00:00,3336.0,3339.5,3250.0,3322.5,77929
2012-01-23 07:00:00+00:00,3329.5,3355.0,3313.0,3339.5,62208
2012-01-24 07:00:00+00:00,3330.0,3332.0,3292.0,3321.5,73788
2012-01-25 07:00:00+00:00,3341.5,3349.0,3284.5,3312.0,76588
2012-01-26 07:00:00+00:00,3337.5,3370.0,3323.0,3362.0,74479
2012-01-27 07:00:00+00:00,3357.5,3368.5,3200.0,3320.0,80636
2012-01-30 07:00:00+00:00,3301.0,3301.5,3259.5,3263.0,86043
2012-01-31 07:00:00+00:00,3286.0,3325.5,3285.0,3302.5,78930
2012-02-01 07:00:00+00:00,3315.0,3376.0,3307.0,3366.0,93469
2012-02-02 07:00:00+00:00,3371.0,3400.0,3350.0,3375.0,73030
2012-02-03 07:00:00+00:00,3380.5,3430.5,3360.0,3420.5,93223
2012-02-06 07:00:00+00:00,3415.0,3417.0,3381.0,3405.0,71044
2012-02-07 07:00:00+00:00,3399.0,3421.5,3378.0,3412.5,85346
2012-02-08 07:00:00+00:00,3421.0,3439.5,3408.5,3412.5,70175
2012-02-09 07:00:00+00:00,3422.0,3450.0,3412.0,3424.5,97306
2012-02-10 07:00:00+00:00,3413.5,3414.0,3362.0,3372.5,88688
2012-02-13 07:00:00+00:00,3401.0,3421.0,3365.5,3382.5,78790
2012-02-14 07:00:00+00:00,3371.0,3400.0,3355.5,3375.0,189620
2012-02-15 07:00:00+00:00,3405.0,3419.0,3369.0,3391.5,242316
2012-02-16 07:00:00+00:00,3355.5,3421.5,3350.5,3391.5,206778
2012-02-17 07:00:00+00:00,3422.5,3453.0,3420.5,3439.0,110214
2012-02-20 07:00:00+00:00,3474.0,3482.5,3453.5,3471.5,56656
2012-02-21 07:00:00+00:00,3478.5,3480.0,3440.0,3465.0,99760
2012-02-22 07:00:00+00:00,3462.5,3479.0,3441.5,3448.5,76211
2012-02-23 07:00:00+00:00,3447.0,3470.0,3424.5,3447.5,104696
2012-02-24 07:00:00+00:00,3464.0,3476.5,3452.0,3469.5,88619
2012-02-27 07:00:00+00:00,3446.5,3454.5,3412.5,3442.5,98192
2012-02-28 07:00:00+00:00,3460.0,3463.5,3425.5,3456.5,99548
2012-02-29 07:00:00+00:00,3461.0,3491.5,3448.0,3451.0,128028
2012-03-01 07:00:00+00:00,3442.5,3514.5,3432.5,3500.5,119533
2012-03-02 07:00:00+00:00,3510.5,3515.0,3491.5,3500.5,82068
2012-03-05 07:00:00+00:00,3491.0,3501.0,3463.0,3487.5,112425
2012-03-06 07:00:00+00:00,3483.0,3486.0,3344.0,3364.0,174499
2012-03-07 07:00:00+00:00,3357.0,3399.0,3357.0,3393.0,128340
2012-03-08 07:00:00+00:00,3404.0,3494.5,3404.0,3478.5,151416
2012-03-09 07:00:00+00:00,3488.0,3510.0,3464.0,3489.0,102301
2012-03-12 07:00:00+00:00,3481.5,3503.5,3467.0,3491.0,144510
2012-03-13 07:00:00+00:00,3522.0,3576.0,3509.5,3550.5,228242
2012-03-14 07:00:00+00:00,3563.0,3586.5,3557.0,3565.5,241534
2012-03-15 07:00:00+00:00,3569.5,3583.5,3554.0,3581.5,142947
2012-03-16 07:00:00+00:00,3571.0,3594.0,3567.0,3589.0,91076
2012-03-19 07:00:00+00:00,3593.0,3600.0,3550.0,3578.5,69779
2012-03-20 07:00:00+00:00,3572.0,3573.0,3522.5,3529.0,98630
2012-03-21 07:00:00+00:00,3540.0,3565.0,3502.5,3527.5,97737
2012-03-22 07:00:00+00:00,3519.0,3527.0,3455.5,3471.5,104543
2012-03-23 07:00:00+00:00,3475.5,3490.0,3430.5,3477.5,101814
2012-03-26 06:00:00+00:00,3499.5,3515.0,3456.0,3499.0,92235
2012-03-27 06:00:00+00:00,3521.5,3535.5,3454.0,3468.5,88489
2012-03-28 06:00:00+00:00,3452.0,3484.5,3407.5,3428.5,89532
2012-03-29 06:00:00+00:00,3423.5,3434.5,3372.0,3379.0,114679
2012-03-30 06:00:00+00:00,3401.0,3431.0,3394.5,3424.5,106290
2012-04-02 06:00:00+00:00,3428.5,3476.5,3395.0,3460.5,140809
2012-04-03 06:00:00+00:00,3470.0,3472.0,3375.0,3401.5,101874
2012-04-04 06:00:00+00:00,3380.5,3393.5,3307.5,3313.0,101874
2012-04-05 06:00:00+00:00,3322.5,3337.0,3275.5,3316.5,128718
2012-04-10 06:00:00+00:00,3264.5,3290.5,3164.0,3215.0,136202
2012-04-11 06:00:00+00:00,3197.0,3269.0,3195.0,3234.0,137828
2012-04-12 06:00:00+00:00,3233.0,3276.0,3206.0,3266.5,153445
2012-04-13 06:00:00+00:00,3270.5,3271.5,3176.5,3188.5,178872
2012-04-16 06:00:00+00:00,3190.0,3244.5,3171.5,3201.5,183632
2012-04-17 06:00:00+00:00,3195.0,3297.5,3191.0,3287.0,259213
2012-04-18 06:00:00+00:00,3294.5,3295.0,3223.0,3237.5,278679
2012-04-19 06:00:00+00:00,3240.0,3280.5,3144.5,3171.5,310127
2012-04-20 06:00:00+00:00,3113.0,3145.0,3096.0,3130.5,169580
2012-04-23 06:00:00+00:00,3111.0,3113.0,3028.5,3040.0,160514
2012-04-24 06:00:00+00:00,3048.5,3120.0,3047.0,3109.5,126708
2012-04-25 06:00:00+00:00,3110.5,3200.5,3105.5,3177.5,130735
2012-04-26 06:00:00+00:00,3177.5,3203.5,3134.5,3174.5,111721
2012-04-27 06:00:00+00:00,3161.5,3231.5,3119.0,3213.0,129901
2012-04-30 06:00:00+00:00,3212.5,3231.5,3152.0,3160.5,108628
2012-05-02 06:00:00+00:00,3189.0,3218.5,3157.0,3177.0,136387
2012-05-03 06:00:00+00:00,3193.5,3226.0,3158.0,3175.0,140352
2012-05-04 06:00:00+00:00,3164.0,3194.0,3117.0,3126.5,148356
2012-05-07 06:00:00+00:00,3050.0,3188.0,3049.5,3181.0,110707
2012-05-08 06:00:00+00:00,3178.5,3181.5,3082.5,3097.0,166274
2012-05-09 06:00:00+00:00,3114.0,3120.0,3047.5,3094.0,159971
2012-05-10 06:00:00+00:00,3103.5,3135.0,3061.0,3118.0,155938
2012-05-11 06:00:00+00:00,3094.5,3133.5,3050.0,3127.5,144986
2012-05-14 06:00:00+00:00,3086.0,3100.0,3035.5,3058.5,173064
2012-05-15 06:00:00+00:00,3061.0,3098.0,3018.0,3038.0,317117
2012-05-16 06:00:00+00:00,3005.0,3080.5,2996.0,3046.5,338302
2012-05-17 06:00:00+00:00,3047.5,3061.5,2989.5,3010.5,261032
2012-05-18 06:00:00+00:00,2934.0,3004.0,2932.0,2978.5,179491
2012-05-21 06:00:00+00:00,2968.5,3021.5,2957.5,3000.0,117489
2012-05-22 06:00:00+00:00,3021.5,3070.0,3007.0,3058.5,120680
2012-05-23 06:00:00+00:00,3015.0,3030.5,2970.0,2981.5,146357
2012-05-24 06:00:00+00:00,3013.0,3031.5,2964.0,3015.5,137294
2012-05-25 06:00:00+00:00,3006.0,3048.5,2993.0,3024.0,127402
2012-05-28 06:00:00+00:00,3050.0,3066.0,3011.0,3021.5,55491
2012-05-29 06:00:00+00:00,3034.5,3078.0,3013.5,3061.0,128600
2012-05-30 06:00:00+00:00,3050.0,3065.0,2988.5,3003.0,187205
2012-05-31 06:00:00+00:00,3005.0,3036.0,2970.5,3000.0,161530
2012-06-01 06:00:00+00:00,3006.5,3017.5,2907.0,2935.5,199735
2012-06-04 06:00:00+00:00,2902.5,2976.0,2901.0,2943.5,93835
2012-06-05 06:00:00+00:00,2961.0,2990.0,2945.0,2972.0,114016
2012-06-06 06:00:00+00:00,3002.0,3069.0,2980.0,3046.5,171644
2012-06-07 06:00:00+00:00,3073.5,3095.0,3042.5,3059.5,168317
2012-06-08 06:00:00+00:00,3032.0,3067.0,3013.0,3047.5,126290
2012-06-11 06:00:00+00:00,3111.0,3129.0,3026.0,3043.0,202134
2012-06-12 06:00:00+00:00,3039.0,3100.0,3014.0,3048.0,307123
2012-06-13 06:00:00+00:00,3056.5,3073.5,3009.0,3030.5,326646
2012-06-14 06:00:00+00:00,3030.0,3048.5,2993.0,3033.0,203165
2012-06-15 06:00:00+00:00,3033.0,3088.5,3033.0,3076.5,172399
2012-06-18 06:00:00+00:00,3117.0,3130.0,3050.5,3065.0,156732
2012-06-19 06:00:00+00:00,3070.5,3125.0,3048.5,3113.0,133576
2012-06-20 06:00:00+00:00,3101.0,3139.0,3096.0,3123.5,92528
2012-06-21 06:00:00+00:00,3107.5,3151.0,3076.0,3111.5,118601
2012-06-22 06:00:00+00:00,3092.5,3111.5,3071.0,3089.5,93596
2012-06-25 06:00:00+00:00,3089.0,3091.0,3003.0,3019.0,118714
2012-06-26 06:00:00+00:00,3029.5,3033.0,3000.0,3009.5,91904
2012-06-27 06:00:00+00:00,3024.0,3070.5,3006.0,3058.0,89398
2012-06-28 06:00:00+00:00,3075.0,3075.0,3016.5,3050.0,120795
2012-06-29 06:00:00+00:00,3126.5,3205.0,3109.0,3192.0,170795
2012-07-02 06:00:00+00:00,3211.0,3255.0,3190.0,3236.5,127555
2012-07-03 06:00:00+00:00,3254.0,3277.0,3240.5,3269.0,95300
2012-07-04 06:00:00+00:00,3272.0,3274.5,3245.5,3266.0,60127
2012-07-05 06:00:00+00:00,3262.5,3290.0,3210.0,3230.0,175906
2012-07-06 06:00:00+00:00,3213.5,3230.0,3166.5,3168.0,115075
2012-07-09 06:00:00+00:00,3173.5,3176.5,3138.5,3158.0,99018
2012-07-10 06:00:00+00:00,3158.0,3205.5,3150.5,3175.5,113921
2012-07-11 06:00:00+00:00,3161.5,3179.5,3142.0,3157.5,82177
2012-07-12 06:00:00+00:00,3146.5,3160.0,3117.5,3135.5,131314
2012-07-13 06:00:00+00:00,3157.0,3186.5,3136.5,3179.5,87896
2012-07-16 06:00:00+00:00,3179.5,3184.5,3150.0,3178.5,107486
2012-07-17 06:00:00+00:00,3189.0,3205.0,3165.0,3177.0,194637
2012-07-18 06:00:00+00:00,3191.5,3246.5,3190.0,3235.0,228382
2012-07-19 06:00:00+00:00,3249.0,3272.5,3237.5,3263.0,137790
2012-07-20 06:00:00+00:00,3249.5,3262.0,3190.0,3193.0,132553
2012-07-23 06:00:00+00:00,3153.0,3166.5,3086.0,3102.0,156293
2012-07-24 06:00:00+00:00,3122.0,3122.0,3050.0,3075.5,109663
2012-07-25 06:00:00+00:00,3061.0,3114.0,3059.0,3083.0,123870
2012-07-26 06:00:00+00:00,3092.0,3213.0,3070.5,3205.5,179591
2012-07-27 06:00:00+00:00,3213.0,3339.0,3192.5,3280.0,159756
2012-07-30 06:00:00+00:00,3313.5,3331.5,3288.0,3318.5,125459
2012-07-31 06:00:00+00:00,3333.5,3337.0,3283.0,3292.0,123797
2012-08-01 06:00:00+00:00,3294.0,3329.0,3290.0,3325.0,96722
2012-08-02 06:00:00+00:00,3325.0,3378.0,3206.0,3234.0,233863
2012-08-03 06:00:00+00:00,3235.5,3382.0,3232.5,3372.0,150457
2012-08-06 06:00:00+00:00,3372.5,3417.0,3357.5,3400.0,112678
2012-08-07 06:00:00+00:00,3400.5,3468.0,3395.0,3454.0,113586
2012-08-08 06:00:00+00:00,3451.0,3454.0,3420.5,3441.0,90805
2012-08-09 06:00:00+00:00,3455.0,3472.5,3421.0,3458.5,91571
2012-08-10 06:00:00+00:00,3441.0,3455.5,3413.0,3434.5,84046
2012-08-13 06:00:00+00:00,3437.0,3455.0,3409.5,3425.5,97237
2012-08-14 06:00:00+00:00,3449.0,3460.5,3432.0,3452.5,242080
2012-08-15 06:00:00+00:00,3431.5,3464.0,3424.0,3449.0,179575
2012-08-16 06:00:00+00:00,3462.5,3498.0,3438.5,3478.5,154284
2012-08-17 06:00:00+00:00,3493.0,3495.0,3469.5,3481.5,101081
2012-08-20 06:00:00+00:00,3489.5,3501.0,3453.0,3475.5,79172
2012-08-21 06:00:00+00:00,3482.5,3519.0,3482.5,3510.0,70614
2012-08-22 06:00:00+00:00,3484.0,3496.5,3454.0,3457.5,88734
2012-08-23 06:00:00+00:00,3485.0,3491.0,3409.0,3427.0,103227
2012-08-24 06:00:00+00:00,3423.0,3437.5,3390.5,3428.5,89268
2012-08-27 06:00:00+00:00,3424.0,3459.0,3408.0,3456.0,50850
2012-08-28 06:00:00+00:00,3441.5,3451.5,3415.0,3423.5,81148
2012-08-29 06:00:00+00:00,3431.5,3436.5,3397.0,3407.0,73147
2012-08-30 06:00:00+00:00,3393.0,3409.0,3366.5,3377.0,67364
2012-08-31 06:00:00+00:00,3376.5,3430.0,3366.5,3405.5,108296
2012-09-03 06:00:00+00:00,3388.0,3455.5,3382.0,3447.5,64838
2012-09-04 06:00:00+00:00,3444.0,3454.5,3387.0,3394.0,95101
2012-09-05 06:00:00+00:00,3397.5,3422.0,3366.0,3401.0,109890
2012-09-06 06:00:00+00:00,3410.0,3509.5,3405.0,3505.0,140769
2012-09-07 06:00:00+00:00,3505.5,3562.5,3505.5,3520.5,126171
2012-09-10 06:00:00+00:00,3512.5,3529.0,3489.5,3507.0,67736
2012-09-11 06:00:00+00:00,3488.0,3539.5,3477.5,3538.0,84783
2012-09-12 06:00:00+00:00,3535.5,3576.5,3519.5,3543.5,111681
2012-09-13 06:00:00+00:00,3543.0,3557.5,3489.0,3502.5,100933
2012-09-14 06:00:00+00:00,3561.5,3588.5,3554.5,3582.5,156377
2012-09-17 06:00:00+00:00,3568.5,3574.5,3542.0,3554.5,137911
2012-09-18 06:00:00+00:00,3549.0,3549.0,3500.5,3514.0,261687
2012-09-19 06:00:00+00:00,3532.0,3541.0,3503.0,3531.0,245006
2012-09-20 06:00:00+00:00,3517.0,3522.0,3485.5,3510.5,166091
2012-09-21 06:00:00+00:00,3526.0,3530.0,3492.0,3520.5,132628
2012-09-24 06:00:00+00:00,3501.0,3508.5,3477.0,3492.0,72178
2012-09-25 06:00:00+00:00,3501.5,3521.5,3472.5,3513.5,88578
2012-09-26 06:00:00+00:00,3476.0,3484.0,3415.5,3417.0,119227
2012-09-27 06:00:00+00:00,3441.5,3470.0,3421.0,3440.0,98299
2012-09-28 06:00:00+00:00,3466.5,3468.5,3350.5,3353.0,154191
2012-10-01 06:00:00+00:00,3339.5,3440.0,3339.5,3434.5,141675
2012-10-02 06:00:00+00:00,3415.0,3451.5,3392.0,3414.0,103187
2012-10-03 06:00:00+00:00,3403.5,3421.5,3387.5,3404.5,110820
2012-10-04 06:00:00+00:00,3417.5,3433.5,3386.5,3402.0,87558
2012-10-05 06:00:00+00:00,3420.5,3462.5,3410.5,3455.5,82298
2012-10-08 06:00:00+00:00,3430.0,3436.0,3401.5,3404.0,72459
2012-10-09 06:00:00+00:00,3427.0,3428.0,3371.5,3381.5,94932
2012-10-10 06:00:00+00:00,3373.0,3387.5,3352.0,3364.5,73666
2012-10-11 06:00:00+00:00,3354.5,3424.0,3350.5,3414.0,111528
2012-10-12 06:00:00+00:00,3398.0,3420.0,3384.0,3389.0,89722
2012-10-15 06:00:00+00:00,3382.5,3441.0,3380.5,3422.0,133277
2012-10-16 06:00:00+00:00,3443.0,3515.0,3429.0,3500.0,244823
2012-10-17 06:00:00+00:00,3508.0,3531.5,3494.5,3526.0,247693
2012-10-18 06:00:00+00:00,3532.0,3543.0,3508.0,3535.0,170962
2012-10-19 06:00:00+00:00,3530.0,3536.5,3478.0,3504.0,103068
2012-10-22 06:00:00+00:00,3493.5,3518.5,3470.0,3480.5,83401
2012-10-23 06:00:00+00:00,3485.5,3491.0,3388.0,3406.5,152904
2012-10-24 06:00:00+00:00,3428.5,3434.0,3385.0,3425.5,94040
2012-10-25 06:00:00+00:00,3437.0,3456.0,3398.0,3410.0,88193
2012-10-26 06:00:00+00:00,3380.0,3447.5,3369.0,3435.5,114488
2012-10-29 07:00:00+00:00,3429.0,3430.5,3393.0,3406.5,51183
2012-10-30 07:00:00+00:00,3401.0,3463.0,3400.0,3457.5,54374
2012-10-31 07:00:00+00:00,3454.0,3484.0,3418.0,3425.0,104697
2012-11-01 07:00:00+00:00,3424.0,3483.0,3410.5,3474.5,93575
2012-11-02 07:00:00+00:00,3474.5,3501.5,3454.0,3489.0,88565
2012-11-05 07:00:00+00:00,3469.0,3474.0,3440.5,3447.5,76849
2012-11-06 07:00:00+00:00,3457.5,3493.5,3443.5,3477.5,74202
2012-11-07 07:00:00+00:00,3491.5,3515.5,3404.0,3407.5,154382
2012-11-08 07:00:00+00:00,3427.5,3438.5,3394.0,3405.0,102563
2012-11-09 07:00:00+00:00,3415.0,3432.5,3371.0,3424.5,114878
2012-11-12 07:00:00+00:00,3421.5,3429.5,3402.0,3410.5,101069
2012-11-13 07:00:00+00:00,3396.5,3435.0,3372.0,3430.5,208393
2012-11-14 07:00:00+00:00,3417.0,3437.0,3361.5,3399.5,245346
2012-11-15 07:00:00+00:00,3371.5,3401.5,3365.0,3382.0,170579
2012-11-16 07:00:00+00:00,3360.5,3383.5,3330.0,3332.0,153387
2012-11-19 07:00:00+00:00,3365.0,3436.0,3360.0,3430.0,111040
2012-11-20 07:00:00+00:00,3419.0,3459.5,3406.0,3451.5,82572
2012-11-21 07:00:00+00:00,3436.0,3476.0,3433.0,3469.0,75889
2012-11-22 07:00:00+00:00,3478.5,3500.0,3472.0,3489.5,52168
2012-11-23 07:00:00+00:00,3497.0,3529.5,3473.0,3520.5,76195
2012-11-26 07:00:00+00:00,3511.0,3517.0,3485.5,3491.5,75358
2012-11-27 07:00:00+00:00,3517.0,3523.5,3482.0,3493.0,91387
2012-11-28 07:00:00+00:00,3479.5,3531.5,3470.0,3507.5,81339
2012-11-29 07:00:00+00:00,3535.5,3563.0,3525.0,3561.0,99594
2012-11-30 07:00:00+00:00,3554.5,3578.5,3548.5,3551.0,80893
2012-12-03 07:00:00+00:00,3565.5,3598.0,3551.5,3560.5,99348
2012-12-04 07:00:00+00:00,3557.0,3590.5,3553.5,3572.5,83017
2012-12-05 07:00:00+00:00,3595.0,3613.5,3567.5,3584.0,95339
2012-12-06 07:00:00+00:00,3598.0,3615.0,3577.5,3591.0,113241
2012-12-07 07:00:00+00:00,3606.5,3616.5,3582.0,3598.0,91368
2012-12-10 07:00:00+00:00,3606.5,3616.0,3568.5,3604.5,93118
2012-12-11 07:00:00+00:00,3609.0,3642.5,3602.0,3634.5,88305
2012-12-12 07:00:00+00:00,3643.5,3663.5,3629.5,3641.5,69689
2012-12-13 07:00:00+00:00,3639.5,3654.0,3622.0,3633.5,113184
2012-12-14 07:00:00+00:00,3637.5,3647.0,3625.5,3636.5,78574
2012-12-17 07:00:00+00:00,3641.0,3647.0,3611.0,3638.0,159299
2012-12-18 07:00:00+00:00,3657.0,3663.0,3631.5,3650.0,238018
2012-12-19 07:00:00+00:00,3660.0,3672.0,3651.0,3667.0,195606
2012-12-20 07:00:00+00:00,3654.0,3686.0,3652.0,3669.0,114203
2012-12-21 07:00:00+00:00,3646.5,3687.5,3641.0,3668.0,78436
2012-12-24 07:00:00+00:00,3668.5,3681.0,3653.0,3657.0,10454
2012-12-27 07:00:00+00:00,3657.0,3688.5,3657.0,3677.0,53074
2012-12-28 07:00:00+00:00,3679.0,3687.5,3613.5,3624.5,53074
2012-12-31 07:00:00+00:00,3610.0,3660.0,3588.0,3642.0,27621
2013-01-02 07:00:00+00:00,3708.0,3735.0,3694.0,3731.0,106005
2013-01-03 07:00:00+00:00,3725.0,3727.5,3703.5,3719.5,69259
2013-01-04 07:00:00+00:00,3710.5,3739.0,3695.5,3729.0,82592
2013-01-07 07:00:00+00:00,3723.5,3732.0,3695.5,3704.5,67735
2013-01-08 07:00:00+00:00,3698.0,3731.5,3689.5,3706.0,97783
2013-01-09 07:00:00+00:00,3718.0,3729.5,3703.5,3716.0,72511
2013-01-10 07:00:00+00:00,3723.0,3728.0,3693.0,3703.0,106913
2013-01-11 07:00:00+00:00,3716.0,3716.0,3683.0,3706.0,96692
2013-01-14 07:00:00+00:00,3718.5,3731.0,3704.0,3711.5,122124
2013-01-15 07:00:00+00:00,3705.5,3718.5,3688.5,3700.0,304440
2013-01-16 07:00:00+00:00,3704.0,3717.0,3680.5,3708.5,255186
2013-01-17 07:00:00+00:00,3700.0,3755.0,3700.0,3744.0,161694
2013-01-18 07:00:00+00:00,3742.0,3761.0,3735.0,3738.5,101000
2013-01-21 07:00:00+00:00,3746.0,3765.5,3739.0,3764.0,101812
2013-01-22 07:00:00+00:00,3755.0,3763.5,3724.5,3741.5,101812
2013-01-23 07:00:00+00:00,3748.5,3754.0,3713.5,3727.0,75514
2013-01-24 07:00:00+00:00,3728.0,3753.0,3710.5,3750.5,84421
2013-01-25 07:00:00+00:00,3748.5,3789.5,3744.0,3777.0,106158
2013-01-28 07:00:00+00:00,3787.0,3789.5,3770.5,3782.5,72036
2013-01-29 07:00:00+00:00,3784.0,3792.5,3763.0,3788.5,75841
2013-01-30 07:00:00+00:00,3784.5,3794.5,3758.5,3766.5,96328
2013-01-31 07:00:00+00:00,3759.0,3763.0,3723.0,3731.5,117841
2013-02-01 07:00:00+00:00,3737.0,3787.0,3731.0,3773.0,114543
2013-02-04 07:00:00+00:00,3777.0,3779.5,3644.5,3662.5,173178
2013-02-05 07:00:00+00:00,3653.5,3711.0,3652.5,3694.0,115675
2013-02-06 07:00:00+00:00,3702.5,3707.5,3622.0,3643.0,190347
2013-02-07 07:00:00+00:00,3641.0,3660.0,3592.0,3602.5,114989
2013-02-08 07:00:00+00:00,3619.0,3656.5,3607.0,3646.5,84508
2013-02-11 07:00:00+00:00,3655.5,3676.5,3633.5,3650.5,115723
2013-02-12 07:00:00+00:00,3646.0,3692.0,3638.0,3684.5,204566
2013-02-13 07:00:00+00:00,3682.0,3710.0,3672.5,3697.5,237831
2013-02-14 07:00:00+00:00,3692.5,3710.0,3657.0,3674.0,157873
2013-02-15 07:00:00+00:00,3674.5,3695.0,3644.0,3662.0,112091
2013-02-18 07:00:00+00:00,3663.0,3673.0,3639.5,3668.0,51547
2013-02-19 07:00:00+00:00,3669.5,3742.5,3659.0,3736.5,109905
2013-02-20 07:00:00+00:00,3736.0,3744.0,3692.5,3708.0,86826
2013-02-21 07:00:00+00:00,3689.0,3690.0,3621.5,3625.0,166070
2013-02-22 07:00:00+00:00,3644.5,3727.5,3640.0,3707.0,127750
2013-02-25 07:00:00+00:00,3724.5,3788.5,3606.5,3724.0,216238
2013-02-26 07:00:00+00:00,3616.0,3668.0,3598.5,3623.0,189143
2013-02-27 07:00:00+00:00,3631.5,3718.0,3618.5,3691.0,129612
2013-02-28 07:00:00+00:00,3711.0,3741.5,3684.5,3723.0,98820
2013-03-01 07:00:00+00:00,3710.0,3732.5,3661.0,3703.5,126039
2013-03-04 07:00:00+00:00,3684.5,3733.0,3670.5,3710.5,114735
2013-03-05 07:00:00+00:00,3736.5,3794.0,3728.0,3786.5,156345
2013-03-06 07:00:00+00:00,3776.0,3810.0,3766.5,3771.5,102030
2013-03-07 07:00:00+00:00,3780.5,3805.0,3774.0,3792.5,138924
2013-03-08 07:00:00+00:00,3802.0,3851.0,3801.5,3840.0,133428
2013-03-11 07:00:00+00:00,3839.5,3842.5,3817.5,3836.0,133787
2013-03-12 07:00:00+00:00,3829.0,3856.5,3822.5,3840.0,237403
2013-03-13 07:00:00+00:00,3840.0,3850.0,3817.0,3837.5,182621
2013-03-14 07:00:00+00:00,3846.0,3871.5,3845.5,3868.0,134102
2013-03-15 07:00:00+00:00,3866.0,3871.0,3823.0,3835.0,112360
2013-03-18 07:00:00+00:00,3755.5,3833.5,3748.0,3825.5,127985
2013-03-19 07:00:00+00:00,3809.5,3820.5,3762.0,3778.0,98237
2013-03-20 07:00:00+00:00,3785.0,3836.5,3785.0,3831.5,118853
2013-03-21 07:00:00+00:00,3820.5,3827.5,3756.5,3778.0,121168
2013-03-22 07:00:00+00:00,3761.0,3792.5,3749.5,3771.5,101171
2013-03-25 07:00:00+00:00,3816.5,3838.0,3706.0,3729.0,178768
2013-03-26 07:00:00+00:00,3743.0,3766.5,3730.0,3749.0,119524
2013-03-27 07:00:00+00:00,3763.5,3769.5,3668.5,3713.5,153257
2013-03-28 07:00:00+00:00,3714.0,3752.0,3694.5,3732.0,104066
2013-04-02 06:00:00+00:00,3723.5,3811.5,3718.5,3804.5,142958
2013-04-03 06:00:00+00:00,3783.0,3807.0,3744.0,3754.5,98998
2013-04-04 06:00:00+00:00,3758.0,3796.0,3717.5,3726.0,128805
2013-04-05 06:00:00+00:00,3718.0,3736.5,3637.5,3664.0,264812
2013-04-08 06:00:00+00:00,3666.0,3694.5,3661.5,3669.0,83131
2013-04-09 06:00:00+00:00,3693.0,3702.0,3655.0,3669.5,88055
2013-04-10 06:00:00+00:00,3678.5,3750.5,3678.0,3742.5,124633
2013-04-11 06:00:00+00:00,3742.0,3789.0,3734.5,3777.5,129792
2013-04-12 06:00:00+00:00,3763.5,3773.5,3718.0,3729.5,145208
2013-04-15 06:00:00+00:00,3736.0,3748.5,3674.0,3708.5,159591
2013-04-16 06:00:00+00:00,3691.0,3722.5,3675.5,3687.0,191643
2013-04-17 06:00:00+00:00,3695.5,3711.5,3591.0,3598.5,398650
2013-04-18 06:00:00+00:00,3615.0,3637.0,3582.5,3600.5,186280
2013-04-19 06:00:00+00:00,3550.0,3591.0,3545.5,3584.0,148599
2013-04-22 06:00:00+00:00,3602.0,3617.5,3565.5,3589.0,117712
2013-04-23 06:00:00+00:00,3597.0,3733.0,3584.5,3722.5,203031
2013-04-24 06:00:00+00:00,3731.5,3788.5,3721.0,3782.0,156016
2013-04-25 06:00:00+00:00,3781.0,3800.0,3765.0,3783.0,114758
2013-04-26 06:00:00+00:00,3769.0,3776.0,3731.5,3753.5,105318
2013-04-29 06:00:00+00:00,3762.0,3834.0,3762.0,3812.0,99372
2013-04-30 06:00:00+00:00,3825.5,3834.0,3788.5,3799.5,106659
2013-05-02 06:00:00+00:00,3797.0,3846.5,3774.5,3817.5,151862
2013-05-03 06:00:00+00:00,3830.5,3880.5,3809.5,3874.0,117417
2013-05-06 06:00:00+00:00,3874.5,3878.5,3858.0,3869.0,44687
2013-05-07 06:00:00+00:00,3876.0,3905.0,3869.0,3886.0,84742
2013-05-08 06:00:00+00:00,3894.5,3933.5,3881.5,3922.0,93241
2013-05-09 06:00:00+00:00,3922.5,3930.0,3896.5,3916.5,77955
2013-05-10 06:00:00+00:00,3923.0,3962.5,3920.5,3942.5,108364
2013-05-13 06:00:00+00:00,3946.0,3952.0,3922.0,3932.5,116050
2013-05-14 06:00:00+00:00,3949.5,3967.0,3917.0,3960.5,282437
2013-05-15 06:00:00+00:00,3957.0,3986.0,3945.5,3973.5,233425
2013-05-16 06:00:00+00:00,3973.5,3984.5,3957.0,3979.5,131028
2013-05-17 06:00:00+00:00,3936.5,4004.5,3936.5,3977.5,129969
2013-05-20 06:00:00+00:00,3992.5,4003.5,3965.0,3998.0,66935
2013-05-21 06:00:00+00:00,3985.0,4028.0,3973.0,4018.5,90643
2013-05-22 06:00:00+00:00,4017.0,4043.5,3979.0,4033.5,124591
2013-05-23 06:00:00+00:00,3968.0,3977.0,3922.5,3950.5,178051
2013-05-24 06:00:00+00:00,3966.0,3983.0,3927.0,3944.0,125265
2013-05-27 06:00:00+00:00,3966.0,3985.0,3962.5,3980.0,30414
2013-05-28 06:00:00+00:00,3988.5,4059.5,3986.0,4038.5,119909
2013-05-29 06:00:00+00:00,4022.0,4023.5,3958.5,3966.5,123648
2013-05-30 06:00:00+00:00,3965.0,4010.0,3951.0,3987.5,103184
2013-05-31 06:00:00+00:00,3991.5,3993.5,3918.0,3941.0,157223
2013-06-03 06:00:00+00:00,3927.5,3974.0,3882.0,3915.5,167330
2013-06-04 06:00:00+00:00,3935.0,3956.5,3886.5,3919.5,99942
2013-06-05 06:00:00+00:00,3890.5,3910.5,3834.0,3847.5,142050
2013-06-06 06:00:00+00:00,3843.0,3875.0,3782.0,3811.0,135946
2013-06-07 06:00:00+00:00,3815.0,3886.0,3796.0,3868.0,159292
2013-06-10 06:00:00+00:00,3863.5,3881.5,3846.5,3859.0,86264
2013-06-11 06:00:00+00:00,3849.5,3852.5,3775.5,3810.0,144020
2013-06-12 06:00:00+00:00,3804.5,3835.0,3771.5,3794.5,110120
2013-06-13 06:00:00+00:00,3744.0,3827.0,3728.5,3796.0,201380
2013-06-14 06:00:00+00:00,3807.0,3830.5,3778.0,3801.5,107920
2013-06-17 06:00:00+00:00,3810.0,3883.0,3806.0,3861.5,154637
2013-06-18 06:00:00+00:00,3852.0,3870.0,3834.5,3860.5,221712
2013-06-19 06:00:00+00:00,3858.0,3870.0,3810.5,3839.5,225797
2013-06-20 06:00:00+00:00,3781.0,3786.5,3673.5,3700.0,212247
2013-06-21 06:00:00+00:00,3694.5,3735.0,3642.5,3650.0,183316
2013-06-24 06:00:00+00:00,3647.0,3667.0,3571.5,3596.0,187597
2013-06-25 06:00:00+00:00,3605.5,3669.5,3605.0,3650.0,124027
2013-06-26 06:00:00+00:00,3652.0,3732.5,3635.0,3721.5,127662
2013-06-27 06:00:00+00:00,3726.0,3778.5,3701.0,3758.5,103025
2013-06-28 06:00:00+00:00,3761.0,3773.5,3718.0,3734.5,111703
2013-07-01 06:00:00+00:00,3729.5,3784.0,3720.5,3763.5,101064
2013-07-02 06:00:00+00:00,3765.5,3775.0,3705.0,3741.0,87403
2013-07-03 06:00:00+00:00,3718.0,3724.0,3666.5,3702.0,102795
2013-07-04 06:00:00+00:00,3718.0,3811.5,3716.5,3807.5,95457
2013-07-05 06:00:00+00:00,3810.0,3838.5,3751.0,3753.0,122429
2013-07-08 06:00:00+00:00,3783.0,3842.5,3775.0,3823.0,83120
2013-07-09 06:00:00+00:00,3838.0,3859.5,3831.0,3842.5,67955
2013-07-10 06:00:00+00:00,3840.5,3860.0,3811.0,3840.0,84249
2013-07-11 06:00:00+00:00,3888.5,3901.5,3855.0,3869.5,84971
2013-07-12 06:00:00+00:00,3877.0,3887.5,3845.0,3855.0,66991
2013-07-15 06:00:00+00:00,3868.0,3894.5,3862.5,3878.0,176770
2013-07-16 06:00:00+00:00,3876.0,3886.5,3846.0,3850.5,155458
2013-07-17 06:00:00+00:00,3855.0,3884.0,3820.5,3872.5,229666
2013-07-18 06:00:00+00:00,3865.5,3932.0,3856.0,3926.5,129978
2013-07-19 06:00:00+00:00,3911.0,3927.0,3900.0,3925.5,85956
2013-07-22 06:00:00+00:00,3930.0,3946.5,3915.5,3941.5,62757
2013-07-23 06:00:00+00:00,3951.0,3960.0,3923.0,3925.0,60263
2013-07-24 06:00:00+00:00,3928.5,3977.5,3928.0,3964.0,78582
2013-07-25 06:00:00+00:00,3967.0,3982.0,3920.5,3957.0,88510
2013-07-26 06:00:00+00:00,3976.0,4003.5,3960.5,3972.5,79836
2013-07-29 06:00:00+00:00,3981.0,4002.5,3963.0,3969.5,62354
2013-07-30 06:00:00+00:00,3982.0,4000.0,3965.5,3988.5,64042
2013-07-31 06:00:00+00:00,3988.0,4008.0,3964.5,3990.5,93451
2013-08-01 06:00:00+00:00,4001.0,4066.5,3993.0,4040.5,90576
2013-08-02 06:00:00+00:00,4064.0,4064.0,4027.0,4044.5,62185
2013-08-05 06:00:00+00:00,4054.5,4062.5,4039.5,4049.0,50741
2013-08-06 06:00:00+00:00,4047.0,4066.0,4013.5,4034.0,71405
2013-08-07 06:00:00+00:00,4016.5,4047.5,4010.0,4038.5,70813
2013-08-08 06:00:00+00:00,4047.5,4078.0,4033.0,4062.5,71215
2013-08-09 06:00:00+00:00,4072.5,4091.5,4049.5,4076.0,105610
2013-08-12 06:00:00+00:00,4088.5,4092.5,4048.0,4071.5,112421
2013-08-13 06:00:00+00:00,4083.5,4107.5,4074.5,4093.5,193641
2013-08-14 06:00:00+00:00,4104.0,4127.0,4092.0,4115.5,176343
2013-08-15 06:00:00+00:00,4109.0,4113.5,4054.0,4092.0,152689
2013-08-16 06:00:00+00:00,4087.5,4126.0,4077.5,4124.0,88966
2013-08-19 06:00:00+00:00,4116.0,4124.0,4070.0,4086.0,70374
2013-08-20 06:00:00+00:00,4065.5,4070.0,4005.5,4032.5,140015
2013-08-21 06:00:00+00:00,4040.0,4050.0,4007.5,4017.5,71594
2013-08-22 06:00:00+00:00,4012.0,4073.5,4009.0,4056.0,74908
2013-08-23 06:00:00+00:00,4064.0,4081.0,4024.5,4071.0,67886
2013-08-26 06:00:00+00:00,4077.5,4082.0,4038.0,4069.0,42270
2013-08-27 06:00:00+00:00,4047.0,4064.5,3945.5,3970.5,137801
2013-08-28 06:00:00+00:00,3960.0,3977.0,3935.0,3961.5,94172
2013-08-29 06:00:00+00:00,3952.0,3991.5,3950.5,3987.0,84141
2013-08-30 06:00:00+00:00,3989.5,3990.0,3920.5,3936.0,98533
2013-09-02 06:00:00+00:00,3956.0,4015.0,3955.5,4001.0,73014
2013-09-03 06:00:00+00:00,3999.0,4010.0,3950.5,3972.0,117909
2013-09-04 06:00:00+00:00,3987.0,3990.0,3926.5,3979.5,113921
2013-09-05 06:00:00+00:00,3990.0,4010.0,3966.0,4007.5,103708
2013-09-06 06:00:00+00:00,3997.0,4050.5,3984.5,4048.0,146335
2013-09-09 06:00:00+00:00,4048.5,4058.0,4022.0,4036.5,76434
2013-09-10 06:00:00+00:00,4061.5,4121.0,4060.5,4114.5,119428
2013-09-11 06:00:00+00:00,4117.0,4126.0,4100.5,4119.0,86136
2013-09-12 06:00:00+00:00,4126.5,4126.5,4094.0,4106.0,125823
2013-09-13 06:00:00+00:00,4103.0,4122.0,4095.0,4115.5,69756
2013-09-16 06:00:00+00:00,4159.0,4169.0,4137.5,4151.5,165250
2013-09-17 06:00:00+00:00,4145.0,4156.5,4130.0,4145.0,240163
2013-09-18 06:00:00+00:00,4157.5,4236.0,4134.5,4169.0,189504
2013-09-19 06:00:00+00:00,4230.5,4230.5,4187.5,4202.0,144308
2013-09-20 06:00:00+00:00,4205.0,4213.5,4186.5,4204.0,112149
2013-09-23 06:00:00+00:00,4197.5,4213.5,4157.0,4182.5,103964
2013-09-24 06:00:00+00:00,4180.5,4208.0,4175.5,4197.5,82163
2013-09-25 06:00:00+00:00,4190.0,4205.0,4172.5,4195.0,103987
2013-09-26 06:00:00+00:00,4197.5,4205.5,4171.5,4189.0,81663
2013-09-27 06:00:00+00:00,4194.0,4203.0,4164.0,4187.5,103001
2013-09-30 06:00:00+00:00,4153.0,4155.5,4120.5,4146.0,128904
2013-10-01 06:00:00+00:00,4149.0,4198.5,4148.5,4195.5,117737
2013-10-02 06:00:00+00:00,4182.5,4184.5,4137.0,4157.5,121147
2013-10-03 06:00:00+00:00,4165.5,4168.5,4111.5,4128.0,101394
2013-10-04 06:00:00+00:00,4120.0,4177.5,4120.0,4163.5,97176
2013-10-07 06:00:00+00:00,4144.0,4169.5,4104.5,4164.5,112461
2013-10-08 06:00:00+00:00,4154.0,4173.5,4118.5,4134.0,100945
2013-10-09 06:00:00+00:00,4134.0,4164.0,4113.5,4127.0,104218
2013-10-10 06:00:00+00:00,4154.0,4239.0,4148.0,4217.0,149503
2013-10-11 06:00:00+00:00,4232.5,4234.0,4209.0,4222.0,97578
2013-10-14 06:00:00+00:00,4209.0,4243.0,4192.5,4222.5,115021
2013-10-15 06:00:00+00:00,4232.5,4264.0,4232.0,4255.5,209105
2013-10-16 06:00:00+00:00,4248.0,4250.5,4213.0,4243.0,252621
2013-10-17 06:00:00+00:00,4237.0,4254.5,4204.5,4240.5,136927
2013-10-18 06:00:00+00:00,4250.0,4285.0,4240.0,4280.5,102711
2013-10-21 06:00:00+00:00,4282.0,4291.5,4260.0,4269.0,76720
2013-10-22 06:00:00+00:00,4270.0,4303.0,4257.0,4288.0,102701
2013-10-23 06:00:00+00:00,4268.0,4270.0,4242.5,4254.5,88998
2013-10-24 06:00:00+00:00,4273.0,4282.5,4253.5,4270.0,68179
2013-10-25 06:00:00+00:00,4252.0,4274.0,4235.0,4266.0,76603
2013-10-28 07:00:00+00:00,4283.5,4287.0,4228.5,4246.5,81571
2013-10-29 07:00:00+00:00,4252.0,4275.5,4235.5,4272.0,79157
2013-10-30 07:00:00+00:00,4273.5,4304.0,4253.0,4268.0,102978
2013-10-31 07:00:00+00:00,4251.0,4304.5,4247.0,4294.5,105856
2013-11-01 07:00:00+00:00,4295.0,4302.0,4259.5,4265.0,88578
2013-11-04 07:00:00+00:00,4283.5,4293.5,4268.5,4282.0,61488
2013-11-05 07:00:00+00:00,4293.0,4293.5,4225.0,4244.5,116129
2013-11-06 07:00:00+00:00,4267.0,4293.0,4256.0,4279.5,101479
2013-11-07 07:00:00+00:00,4272.0,4349.5,4234.5,4273.5,198441
2013-11-08 07:00:00+00:00,4243.5,4267.0,4203.5,4252.5,154121
2013-11-11 07:00:00+00:00,4267.0,4290.5,4246.5,4284.0,98013
2013-11-12 07:00:00+00:00,4286.5,4293.0,4246.0,4258.5,259295
2013-11-13 07:00:00+00:00,4248.0,4265.0,4207.0,4235.0,221831
2013-11-14 07:00:00+00:00,4270.5,4289.0,4251.5,4278.0,117215
2013-11-15 07:00:00+00:00,4276.5,4289.5,4260.5,4281.5,91483
2013-11-18 07:00:00+00:00,4279.0,4326.5,4265.0,4309.0,88575
2013-11-19 07:00:00+00:00,4292.0,4294.0,4243.0,4260.0,94952
2013-11-20 07:00:00+00:00,4247.5,4282.0,4228.0,4258.0,91530
2013-11-21 07:00:00+00:00,4234.0,4256.5,4210.5,4244.0,98713
2013-11-22 07:00:00+00:00,4253.5,4275.5,4239.0,4268.5,79392
2013-11-25 07:00:00+00:00,4280.0,4298.0,4273.5,4290.5,71081
2013-11-26 07:00:00+00:00,4283.5,4294.5,4266.0,4268.0,68687
2013-11-27 07:00:00+00:00,4279.0,4295.0,4266.0,4283.0,75158
2013-11-28 07:00:00+00:00,4280.0,4304.0,4279.5,4293.0,38600
2013-11-29 07:00:00+00:00,4289.0,4302.5,4279.0,4286.0,48053
2013-12-02 07:00:00+00:00,4283.0,4302.0,4264.0,4277.0,88278
2013-12-03 07:00:00+00:00,4265.0,4271.0,4159.0,4164.0,149975
2013-12-04 07:00:00+00:00,4172.0,4183.0,4108.5,4139.0,149669
2013-12-05 07:00:00+00:00,4131.0,4148.5,4086.0,4092.0,104487
2013-12-06 07:00:00+00:00,4097.5,4140.0,4074.5,4123.0,113552
2013-12-09 07:00:00+00:00,4137.0,4138.5,4102.5,4126.5,85299
2013-12-10 07:00:00+00:00,4128.0,4138.0,4081.5,4084.5,90479
2013-12-11 07:00:00+00:00,4088.5,4121.5,4065.0,4080.0,96224
2013-12-12 07:00:00+00:00,4062.5,4084.0,4049.0,4062.5,114126
2013-12-13 07:00:00+00:00,4064.0,4079.5,4045.5,4052.5,96892
2013-12-16 07:00:00+00:00,4045.5,4130.0,4043.0,4117.5,209824
2013-12-17 07:00:00+00:00,4103.0,4106.0,4066.5,4069.0,210084
2013-12-18 07:00:00+00:00,4085.0,4159.0,4072.0,4108.5,199783
2013-12-19 07:00:00+00:00,4143.5,4185.0,4135.0,4176.5,128857
2013-12-20 07:00:00+00:00,4196.5,4204.0,4169.0,4196.5,86410
2013-12-23 07:00:00+00:00,4210.5,4224.0,4191.0,4220.0,51586
2013-12-24 07:00:00+00:00,4217.5,4235.0,4213.0,4222.5,15216
2013-12-27 07:00:00+00:00,4245.5,4289.0,4240.0,4281.0,66240
2013-12-30 07:00:00+00:00,4284.0,4296.0,4270.0,4278.5,54815
2013-12-31 07:00:00+00:00,4290.0,4301.5,4284.5,4298.5,15141
2014-01-02 07:00:00+00:00,4308.5,4315.0,4218.0,4227.0,112312
2014-01-03 07:00:00+00:00,4233.5,4259.5,4228.5,4247.0,76618
2014-01-06 07:00:00+00:00,4240.0,4262.5,4221.5,4228.5,86823
2014-01-07 07:00:00+00:00,4226.5,4267.5,4214.5,4261.0,85603
2014-01-08 07:00:00+00:00,4261.5,4272.5,4244.0,4260.5,85173
2014-01-09 07:00:00+00:00,4257.0,4279.5,4215.5,4228.5,115034
2014-01-10 07:00:00+00:00,4250.5,4270.0,4232.5,4252.0,96052
2014-01-13 07:00:00+00:00,4262.5,4269.5,4227.0,4263.5,129535
2014-01-14 07:00:00+00:00,4236.0,4288.0,4211.5,4273.5,206700
2014-01-15 07:00:00+00:00,4285.0,4346.0,4281.5,4330.5,266958
2014-01-16 07:00:00+00:00,4338.5,4339.5,4313.0,4319.5,147848
2014-01-17 07:00:00+00:00,4328.0,4342.5,4312.5,4328.5,111949
2014-01-20 07:00:00+00:00,4321.0,4334.0,4314.0,4323.5,48219
2014-01-21 07:00:00+00:00,4338.5,4352.0,4317.0,4324.5,93033
2014-01-22 07:00:00+00:00,4341.0,4348.0,4308.5,4327.0,88769
2014-01-23 07:00:00+00:00,4320.5,4340.5,4267.5,4282.5,123303
2014-01-24 07:00:00+00:00,4284.0,4294.0,4140.0,4162.5,225892
2014-01-27 07:00:00+00:00,4143.5,4173.5,4122.5,4144.5,179194
2014-01-28 07:00:00+00:00,4149.0,4207.0,4147.5,4185.5,145179
2014-01-29 07:00:00+00:00,4220.0,4246.5,4104.0,4157.5,237955
2014-01-30 07:00:00+00:00,4153.0,4210.5,4123.5,4180.5,133305
2014-01-31 07:00:00+00:00,4197.5,4197.5,4097.5,4167.0,188477
2014-02-03 07:00:00+00:00,4147.5,4187.0,4068.0,4108.5,171219
2014-02-04 07:00:00+00:00,4080.5,4132.5,4071.5,4117.5,149726
2014-02-05 07:00:00+00:00,4111.0,4137.5,4098.5,4119.0,129282
2014-02-06 07:00:00+00:00,4125.5,4202.0,4122.0,4189.0,168713
2014-02-07 07:00:00+00:00,4202.0,4255.0,4171.0,4228.5,121904
2014-02-10 07:00:00+00:00,4248.5,4252.5,4228.0,4236.5,82713
2014-02-11 07:00:00+00:00,4250.0,4304.5,4246.5,4284.5,106004
2014-02-12 07:00:00+00:00,4300.5,4325.5,4287.0,4305.5,87980
2014-02-13 07:00:00+00:00,4295.0,4330.5,4275.0,4314.0,104447
2014-02-14 07:00:00+00:00,4317.0,4349.5,4305.0,4340.0,92325
2014-02-17 07:00:00+00:00,4338.0,4354.5,4329.5,4336.5,76163
2014-02-18 07:00:00+00:00,4343.0,4347.0,4305.0,4332.5,168931
2014-02-19 07:00:00+00:00,4326.0,4354.0,4312.5,4340.5,297741
2014-02-20 07:00:00+00:00,4307.0,4362.0,4289.5,4356.0,149534
2014-02-21 07:00:00+00:00,4365.0,4384.5,4353.5,4382.5,104098
2014-02-24 07:00:00+00:00,4376.5,4426.0,4373.5,4418.5,89051
2014-02-25 07:00:00+00:00,4415.0,4418.5,4384.0,4416.0,93940
2014-02-26 07:00:00+00:00,4419.0,4422.5,4382.0,4400.5,87199
2014-02-27 07:00:00+00:00,4396.0,4411.0,4355.5,4399.0,122102
2014-02-28 07:00:00+00:00,4408.0,4415.0,4368.0,4405.0,113355
2014-03-03 07:00:00+00:00,4345.5,4352.0,4281.5,4290.0,183288
2014-03-04 07:00:00+00:00,4324.5,4401.0,4323.0,4395.5,157875
2014-03-05 07:00:00+00:00,4384.0,4402.5,4376.5,4389.5,107761
2014-03-06 07:00:00+00:00,4402.0,4432.5,4398.0,4417.0,109034
2014-03-07 07:00:00+00:00,4419.0,4433.5,4362.0,4366.0,159334
2014-03-10 07:00:00+00:00,4369.0,4419.5,4346.0,4372.0,127623
2014-03-11 07:00:00+00:00,4381.0,4392.0,4334.0,4349.5,103315
2014-03-12 07:00:00+00:00,4338.0,4338.5,4272.5,4307.0,157374
2014-03-13 07:00:00+00:00,4320.0,4320.5,4215.5,4250.5,130495
2014-03-14 07:00:00+00:00,4227.5,4237.0,4182.5,4217.0,199954
2014-03-17 07:00:00+00:00,4211.0,4277.0,4210.0,4270.0,185646
2014-03-18 07:00:00+00:00,4265.0,4343.0,4249.5,4312.0,281132
2014-03-19 07:00:00+00:00,4307.0,4330.0,4258.5,4308.5,176595
2014-03-20 07:00:00+00:00,4270.0,4330.5,4259.0,4328.0,157115
2014-03-21 07:00:00+00:00,4325.5,4346.0,4287.5,4328.5,117812
2014-03-24 07:00:00+00:00,4307.5,4331.0,4263.0,4273.0,125128
2014-03-25 07:00:00+00:00,4294.0,4364.0,4288.0,4342.0,121959
2014-03-26 07:00:00+00:00,4366.0,4397.5,4349.5,4383.5,113886
2014-03-27 07:00:00+00:00,4366.5,4389.5,4358.0,4379.0,98305
2014-03-28 07:00:00+00:00,4385.5,4411.5,4384.5,4409.5,94297
2014-03-31 06:00:00+00:00,4422.5,4430.5,4387.5,4391.0,95259
2014-04-01 06:00:00+00:00,4401.5,4439.0,4399.0,4423.5,81851
2014-04-02 06:00:00+00:00,4438.5,4440.0,4419.0,4428.5,68696
2014-04-03 06:00:00+00:00,4429.5,4469.5,4414.0,4448.0,111346
2014-04-04 06:00:00+00:00,4458.0,4495.5,4444.5,4483.5,91605
2014-04-07 06:00:00+00:00,4448.0,4464.0,4418.5,4439.5,119080
2014-04-08 06:00:00+00:00,4441.5,4447.0,4382.0,4423.5,132456
2014-04-09 06:00:00+00:00,4419.0,4460.0,4417.0,4441.5,87970
2014-04-10 06:00:00+00:00,4453.5,4464.0,4360.0,4412.5,164401
2014-04-11 06:00:00+00:00,4375.0,4385.0,4332.0,4365.0,184688
2014-04-14 06:00:00+00:00,4338.0,4388.0,4319.5,4385.5,243314
2014-04-15 06:00:00+00:00,4384.5,4405.0,4324.0,4347.5,295856
2014-04-16 06:00:00+00:00,4394.5,4423.0,4375.5,4405.0,190009
2014-04-17 06:00:00+00:00,4406.5,4433.0,4392.5,4423.0,7827
2014-04-22 06:00:00+00:00,4388.5,4428.0,4382.5,4421.5,89473
2014-04-23 06:00:00+00:00,4421.5,4423.0,4388.0,4392.5,75468
2014-04-24 06:00:00+00:00,4409.0,4441.0,4380.5,4420.5,120166
2014-04-25 06:00:00+00:00,4416.5,4419.5,4376.0,4389.5,95551
2014-04-28 06:00:00+00:00,4403.0,4423.0,4370.0,4406.0,97113
2014-04-29 06:00:00+00:00,4415.0,4453.0,4397.5,4445.0,109121
2014-04-30 06:00:00+00:00,4430.0,4447.5,4422.5,4441.5,84966
2014-05-02 06:00:00+00:00,4442.0,4447.0,4407.5,4418.0,104711
2014-05-05 06:00:00+00:00,4418.5,4433.5,4362.5,4426.5,85889
2014-05-06 06:00:00+00:00,4441.0,4443.5,4376.5,4389.5,98214
2014-05-07 06:00:00+00:00,4380.0,4425.0,4370.0,4414.5,123386
2014-05-08 06:00:00+00:00,4424.0,4474.5,4407.0,4472.5,122630
2014-05-09 06:00:00+00:00,4456.5,4467.0,4433.5,4447.0,86137
2014-05-12 06:00:00+00:00,4456.0,4490.5,4449.5,4482.0,161210
2014-05-13 06:00:00+00:00,4490.0,4503.0,4482.5,4495.5,191703
2014-05-14 06:00:00+00:00,4504.5,4504.5,4484.5,4497.0,203353
2014-05-15 06:00:00+00:00,4493.5,4509.5,4433.0,4442.5,183948
2014-05-16 06:00:00+00:00,4424.5,4430.5,4383.0,4423.5,115176
2014-05-19 06:00:00+00:00,4424.0,4443.0,4383.5,4436.0,94883
2014-05-20 06:00:00+00:00,4438.0,4449.5,4403.5,4427.5,68366
2014-05-21 06:00:00+00:00,4418.0,4449.0,4400.0,4444.0,85020
2014-05-22 06:00:00+00:00,4462.0,4462.0,4426.0,4453.5,76511
2014-05-23 06:00:00+00:00,4457.0,4472.5,4444.0,4468.0,55054
2014-05-26 06:00:00+00:00,4473.5,4504.5,4473.0,4503.0,36551
2014-05-27 06:00:00+00:00,4497.0,4516.0,4490.5,4510.0,58322
2014-05-28 06:00:00+00:00,4516.0,4517.0,4497.5,4510.5,63531
2014-05-29 06:00:00+00:00,4509.5,4519.0,4499.0,4515.5,43291
2014-05-30 06:00:00+00:00,4508.0,4517.5,4480.5,4505.0,90667
2014-06-02 06:00:00+00:00,4518.5,4525.5,4497.5,4512.0,70447
2014-06-03 06:00:00+00:00,4513.0,4515.0,4496.0,4501.5,59294
2014-06-04 06:00:00+00:00,4497.5,4507.5,4467.5,4499.0,89084
2014-06-05 06:00:00+00:00,4504.5,4579.0,4484.5,4546.5,156490
2014-06-06 06:00:00+00:00,4551.5,4592.0,4537.0,4578.5,96454
2014-06-09 06:00:00+00:00,4588.0,4598.0,4568.0,4588.0,51654
2014-06-10 06:00:00+00:00,4587.0,4598.5,4577.0,4592.0,61004
2014-06-11 06:00:00+00:00,4590.5,4590.5,4547.5,4557.0,97655
2014-06-12 06:00:00+00:00,4563.0,4575.0,4537.0,4555.5,82300
2014-06-13 06:00:00+00:00,4551.5,4557.0,4506.5,4544.0,140662
2014-06-16 06:00:00+00:00,4530.0,4542.0,4507.5,4510.0,128334
2014-06-17 06:00:00+00:00,4524.5,4543.5,4508.5,4536.0,202517
2014-06-18 06:00:00+00:00,4542.0,4564.0,4528.5,4530.0,192219
2014-06-19 06:00:00+00:00,4562.5,4582.0,4557.5,4562.0,113406
2014-06-20 06:00:00+00:00,4554.0,4567.5,4524.0,4533.0,83017
2014-06-23 06:00:00+00:00,4538.5,4542.5,4486.0,4508.5,104934
2014-06-24 06:00:00+00:00,4514.5,4529.5,4488.0,4512.5,74502
2014-06-25 06:00:00+00:00,4493.0,4498.0,4446.5,4460.0,104728
2014-06-26 06:00:00+00:00,4473.5,4476.0,4407.0,4439.5,107786
2014-06-27 06:00:00+00:00,4449.5,4461.0,4425.0,4438.5,72272
2014-06-30 06:00:00+00:00,4448.0,4457.5,4405.5,4422.0,87174
2014-07-01 06:00:00+00:00,4427.5,4467.5,4427.0,4461.0,73557
2014-07-02 06:00:00+00:00,4456.5,4470.0,4434.5,4443.5,75453
2014-07-03 06:00:00+00:00,4450.0,4493.0,4436.5,4489.5,90979
2014-07-04 06:00:00+00:00,4488.0,4491.0,4465.0,4467.0,33334
2014-07-07 06:00:00+00:00,4467.5,4469.0,4403.0,4405.0,89602
2014-07-08 06:00:00+00:00,4418.5,4423.0,4339.0,4342.5,119854
2014-07-09 06:00:00+00:00,4352.0,4369.5,4328.5,4360.5,84056
2014-07-10 06:00:00+00:00,4359.5,4361.0,4277.0,4301.0,145770
2014-07-11 06:00:00+00:00,4310.0,4331.5,4298.5,4318.0,100051
2014-07-14 06:00:00+00:00,4339.0,4356.5,4323.0,4350.5,110574
2014-07-15 06:00:00+00:00,4343.0,4352.5,4291.5,4305.0,213387
2014-07-16 06:00:00+00:00,4318.5,4375.0,4315.5,4369.5,192018
2014-07-17 06:00:00+00:00,4355.5,4363.5,4280.0,4314.5,163255
2014-07-18 06:00:00+00:00,4287.5,4355.0,4284.5,4337.5,101532
2014-07-21 06:00:00+00:00,4334.5,4341.0,4295.5,4304.0,81644
2014-07-22 06:00:00+00:00,4325.5,4375.5,4315.0,4371.0,83783
2014-07-23 06:00:00+00:00,4357.5,4398.0,4355.5,4376.5,74788
2014-07-24 06:00:00+00:00,4373.0,4416.5,4347.0,4411.5,99039
2014-07-25 06:00:00+00:00,4398.0,4398.5,4317.0,4330.5,106012
2014-07-28 06:00:00+00:00,4342.0,4361.0,4307.5,4347.0,91178
2014-07-29 06:00:00+00:00,4357.5,4392.0,4332.5,4366.0,101711
2014-07-30 06:00:00+00:00,4362.5,4381.5,4302.0,4312.0,119028
2014-07-31 06:00:00+00:00,4323.5,4338.5,4226.5,4245.0,167476
2014-08-01 06:00:00+00:00,4242.5,4250.0,4181.5,4203.0,149331
2014-08-04 06:00:00+00:00,4215.0,4249.0,4203.0,4217.0,110142
2014-08-05 06:00:00+00:00,4226.0,4253.0,4185.0,4234.0,103502
2014-08-06 06:00:00+00:00,4208.5,4223.0,4168.5,4206.5,135194
2014-08-07 06:00:00+00:00,4203.0,4214.0,4120.0,4150.5,150520
2014-08-08 06:00:00+00:00,4119.0,4185.5,4100.5,4147.5,127601
2014-08-11 06:00:00+00:00,4175.0,4206.0,4162.5,4195.5,139396
2014-08-12 06:00:00+00:00,4189.5,4193.0,4149.5,4162.0,246972
2014-08-13 06:00:00+00:00,4173.5,4205.5,4173.5,4195.0,190138
2014-08-14 06:00:00+00:00,4193.5,4219.0,4165.5,4206.0,124630
2014-08-15 06:00:00+00:00,4215.0,4258.0,4152.5,4173.0,143824
2014-08-18 06:00:00+00:00,4224.0,4242.5,4210.5,4229.5,69062
2014-08-19 06:00:00+00:00,4240.0,4259.5,4231.5,4255.5,57519
2014-08-20 06:00:00+00:00,4250.0,4256.5,4216.0,4241.0,68075
2014-08-21 06:00:00+00:00,4255.0,4295.5,4230.5,4292.5,73276
2014-08-22 06:00:00+00:00,4284.5,4295.0,4231.5,4253.0,97462
2014-08-25 06:00:00+00:00,4278.0,4344.5,4276.5,4342.0,64521
2014-08-26 06:00:00+00:00,4321.0,4397.5,4320.0,4392.5,78608
2014-08-27 06:00:00+00:00,4387.5,4402.5,4379.0,4396.0,62600
2014-08-28 06:00:00+00:00,4392.0,4394.0,4353.0,4368.0,90758
2014-08-29 06:00:00+00:00,4379.5,4394.5,4336.0,4380.0,83096
2014-09-01 06:00:00+00:00,4386.0,4392.0,4357.0,4380.0,41617
2014-09-02 06:00:00+00:00,4389.0,4404.5,4361.0,4378.0,69199
2014-09-03 06:00:00+00:00,4388.5,4446.0,4383.5,4421.0,133418
2014-09-04 06:00:00+00:00,4414.0,4509.5,4401.5,4495.5,143070
2014-09-05 06:00:00+00:00,4476.5,4499.5,4469.5,4486.0,99206
2014-09-08 06:00:00+00:00,4494.0,4494.5,4453.5,4475.5,64724
2014-09-09 06:00:00+00:00,4462.5,4483.5,4436.0,4453.5,66448
2014-09-10 06:00:00+00:00,4440.0,4472.5,4434.5,4453.0,103361
2014-09-11 06:00:00+00:00,4459.0,4467.0,4410.0,4440.0,105694
2014-09-12 06:00:00+00:00,4444.0,4452.5,4419.5,4441.5,69120
2014-09-15 06:00:00+00:00,4427.0,4442.0,4418.0,4428.0,103748
2014-09-16 06:00:00+00:00,4429.5,4434.5,4390.5,4410.5,241052
2014-09-17 06:00:00+00:00,4427.5,4456.5,4420.0,4429.5,142047
2014-09-18 06:00:00+00:00,4450.5,4471.0,4435.0,4463.5,97111
2014-09-19 06:00:00+00:00,4468.5,4488.5,4442.0,4453.0,118607
2014-09-22 06:00:00+00:00,4441.5,4456.5,4419.5,4433.0,71362
2014-09-23 06:00:00+00:00,4433.5,4438.0,4347.0,4355.5,125776
2014-09-24 06:00:00+00:00,4351.5,4423.5,4343.0,4411.0,117891
2014-09-25 06:00:00+00:00,4413.0,4428.0,4338.0,4351.0,116806
2014-09-26 06:00:00+00:00,4356.0,4419.5,4336.0,4390.0,108116
2014-09-29 06:00:00+00:00,4399.5,4399.5,4329.5,4355.0,100753
2014-09-30 06:00:00+00:00,4364.5,4433.5,4362.0,4414.0,124329
2014-10-01 06:00:00+00:00,4395.5,4425.5,4335.5,4363.0,126479
2014-10-02 06:00:00+00:00,4348.0,4369.0,4228.0,4239.0,176654
2014-10-03 06:00:00+00:00,4268.5,4294.5,4256.5,4279.0,83974
2014-10-06 06:00:00+00:00,4300.0,4331.0,4260.0,4283.5,97853
2014-10-07 06:00:00+00:00,4268.5,4274.0,4169.0,4207.5,124768
2014-10-08 06:00:00+00:00,4176.0,4225.0,4150.0,4168.0,139533
2014-10-09 06:00:00+00:00,4216.0,4217.5,4086.0,4137.5,173055
2014-10-10 06:00:00+00:00,4088.0,4123.0,4060.0,4070.5,184915
2014-10-13 06:00:00+00:00,4036.0,4104.0,4014.0,4079.5,232566
2014-10-14 06:00:00+00:00,4061.0,4102.0,4012.5,4087.5,246251
2014-10-15 06:00:00+00:00,4076.0,4096.5,3885.0,3939.0,354603
2014-10-16 06:00:00+00:00,3960.5,3987.0,3786.0,3918.5,318487
2014-10-17 06:00:00+00:00,3911.5,4039.5,3898.5,4031.0,188718
2014-10-20 06:00:00+00:00,4036.0,4046.5,3958.5,3987.5,123633
2014-10-21 06:00:00+00:00,3980.5,4101.5,3959.5,4078.5,128364
2014-10-22 06:00:00+00:00,4102.5,4108.0,4058.0,4101.0,106860
2014-10-23 06:00:00+00:00,4072.5,4165.0,4042.5,4154.5,143421
2014-10-24 06:00:00+00:00,4130.5,4152.0,4113.0,4129.0,87102
2014-10-27 07:00:00+00:00,4152.5,4175.0,4062.0,4094.0,119117
2014-10-28 07:00:00+00:00,4121.5,4135.5,4097.0,4112.5,98526
2014-10-29 07:00:00+00:00,4131.0,4135.0,4088.0,4107.5,87349
2014-10-30 07:00:00+00:00,4116.0,4159.0,4047.5,4140.0,136467
2014-10-31 07:00:00+00:00,4200.5,4246.5,4178.5,4230.5,137515
2014-11-03 07:00:00+00:00,4228.0,4237.5,4182.5,4190.5,99881
2014-11-04 07:00:00+00:00,4191.0,4207.5,4115.5,4123.0,104786
2014-11-05 07:00:00+00:00,4171.0,4213.5,4142.5,4206.0,100020
2014-11-06 07:00:00+00:00,4197.0,4278.0,4178.0,4226.5,150287
2014-11-07 07:00:00+00:00,4250.5,4254.0,4158.0,4189.0,117655
2014-11-10 07:00:00+00:00,4201.0,4224.5,4172.0,4221.5,87531
2014-11-11 07:00:00+00:00,4227.0,4253.5,4219.0,4244.5,62243
2014-11-12 07:00:00+00:00,4234.5,4242.5,4174.0,4179.5,116045
2014-11-13 07:00:00+00:00,4210.0,4221.5,4152.5,4188.0,115972
2014-11-14 07:00:00+00:00,4198.0,4214.0,4163.5,4203.5,109150
2014-11-17 07:00:00+00:00,4176.5,4240.5,4161.0,4224.5,164081
2014-11-18 07:00:00+00:00,4229.0,4283.0,4223.0,4262.0,199563
2014-11-19 07:00:00+00:00,4265.0,4291.0,4250.5,4266.0,172840
2014-11-20 07:00:00+00:00,4261.5,4270.0,4200.5,4235.5,120824
2014-11-21 07:00:00+00:00,4236.0,4347.5,4231.0,4336.0,141380
2014-11-24 07:00:00+00:00,4329.0,4392.0,4327.5,4361.0,93508
2014-11-25 07:00:00+00:00,4371.0,4395.5,4352.5,4372.5,91544
2014-11-26 07:00:00+00:00,4383.5,4391.0,4354.5,4365.0,64101
2014-11-27 07:00:00+00:00,4376.5,4390.0,4355.5,4374.0,52572
2014-11-28 07:00:00+00:00,4370.0,4387.0,4345.5,4383.0,70169
2014-12-01 07:00:00+00:00,4362.5,4379.5,4326.5,4370.5,101307
2014-12-02 07:00:00+00:00,4387.0,4417.0,4365.0,4380.5,99612
2014-12-03 07:00:00+00:00,4381.5,4399.0,4371.5,4384.0,69783
2014-12-04 07:00:00+00:00,4399.0,4423.0,4302.0,4316.0,151516
2014-12-05 07:00:00+00:00,4344.5,4420.0,4343.5,4413.0,107289
2014-12-08 07:00:00+00:00,4403.0,4408.0,4342.5,4369.5,68497
2014-12-09 07:00:00+00:00,4344.0,4345.5,4253.0,4261.0,137404
2014-12-10 07:00:00+00:00,4293.0,4302.0,4192.0,4224.5,119257
2014-12-11 07:00:00+00:00,4213.0,4245.0,4189.0,4219.5,132035
2014-12-12 07:00:00+00:00,4187.0,4199.0,4074.0,4105.0,172042
2014-12-15 07:00:00+00:00,4087.0,4146.0,3996.5,4005.0,202486
2014-12-16 07:00:00+00:00,4019.5,4100.5,3925.0,4095.5,383696
2014-12-17 07:00:00+00:00,4032.0,4166.0,4031.0,4112.5,213863
2014-12-18 07:00:00+00:00,4160.0,4272.5,4152.0,4247.0,147949
2014-12-19 07:00:00+00:00,4299.0,4308.5,4208.0,4248.5,152908
2014-12-22 07:00:00+00:00,4264.0,4302.0,4246.0,4261.0,70763
2014-12-23 07:00:00+00:00,4274.5,4334.5,4265.0,4321.0,63091
2014-12-24 07:00:00+00:00,4324.5,4333.5,4301.5,4306.0,8386
2014-12-29 07:00:00+00:00,4329.5,4334.0,4253.0,4324.0,86717
2014-12-30 07:00:00+00:00,4315.0,4318.0,4243.5,4249.0,70765
2014-12-31 07:00:00+00:00,4269.0,4282.0,4261.5,4277.0,12828
2015-01-02 07:00:00+00:00,4260.5,4315.0,4222.0,4251.5,100251
2015-01-05 07:00:00+00:00,4239.0,4279.0,4103.0,4111.5,163650
2015-01-06 07:00:00+00:00,4121.0,4152.0,4062.5,4084.0,148608
2015-01-07 07:00:00+00:00,4108.0,4155.5,4078.5,4111.0,127293
2015-01-08 07:00:00+00:00,4167.0,4271.0,4161.5,4262.0,152486
2015-01-09 07:00:00+00:00,4242.5,4274.5,4147.5,4176.5,153921
2015-01-12 07:00:00+00:00,4181.5,4253.5,4164.5,4227.5,174940
2015-01-13 07:00:00+00:00,4219.0,4312.0,4196.5,4288.5,227941
2015-01-14 07:00:00+00:00,4214.5,4303.5,4204.0,4223.5,276009
2015-01-15 07:00:00+00:00,4275.0,4340.0,4117.0,4321.5,294393
2015-01-16 07:00:00+00:00,4286.5,4421.5,4283.0,4379.0,154320
2015-01-19 07:00:00+00:00,4396.0,4423.5,4365.5,4393.0,87463
2015-01-20 07:00:00+00:00,4418.5,4468.0,4403.0,4445.0,99159
2015-01-21 07:00:00+00:00,4458.5,4490.5,4406.5,4483.5,149120
2015-01-22 07:00:00+00:00,4485.5,4611.5,4461.5,4553.0,170892
2015-01-23 07:00:00+00:00,4596.5,4675.5,4584.5,4641.0,168499
2015-01-26 07:00:00+00:00,4609.5,4695.5,4606.5,4675.0,105829
2015-01-27 07:00:00+00:00,4685.5,4687.5,4592.5,4624.5,132702
2015-01-28 07:00:00+00:00,4672.5,4673.0,4550.5,4610.5,112980
2015-01-29 07:00:00+00:00,4565.5,4672.5,4550.5,4634.0,127799
2015-01-30 07:00:00+00:00,4656.5,4664.0,4583.0,4607.5,141443
2015-02-02 07:00:00+00:00,4610.0,4655.5,4583.0,4629.0,122668
2015-02-03 07:00:00+00:00,4647.0,4703.0,4639.0,4677.5,128845
2015-02-04 07:00:00+00:00,4693.5,4696.0,4642.0,4695.5,102428
2015-02-05 07:00:00+00:00,4633.5,4709.5,4628.5,4705.5,99417
2015-02-06 07:00:00+00:00,4695.0,4709.0,4651.0,4691.0,77762
2015-02-09 07:00:00+00:00,4652.0,4662.5,4610.5,4653.0,123365
2015-02-10 07:00:00+00:00,4662.0,4719.0,4635.5,4696.0,110598
2015-02-11 07:00:00+00:00,4700.0,4705.0,4659.0,4677.5,69125
2015-02-12 07:00:00+00:00,4692.0,4752.5,4664.0,4725.5,113361
2015-02-13 07:00:00+00:00,4748.5,4780.0,4739.5,4758.5,97974
2015-02-16 07:00:00+00:00,4760.0,4767.0,4720.5,4752.5,92116
2015-02-17 07:00:00+00:00,4729.0,4789.0,4682.5,4754.0,213927
2015-02-18 07:00:00+00:00,4770.5,4809.5,4770.5,4798.0,220780
2015-02-19 07:00:00+00:00,4791.0,4841.5,4770.0,4833.5,128110
2015-02-20 07:00:00+00:00,4823.5,4889.0,4782.0,4832.5,125066
2015-02-23 07:00:00+00:00,4865.5,4877.5,4832.0,4862.0,77470
2015-02-24 07:00:00+00:00,4859.0,4901.0,4844.5,4887.0,115870
2015-02-25 07:00:00+00:00,4893.0,4897.5,4864.5,4883.5,77998
2015-02-26 07:00:00+00:00,4893.0,4912.0,4877.5,4910.5,77490
2015-02-27 07:00:00+00:00,4901.0,4953.5,4897.5,4951.5,87173
2015-03-02 07:00:00+00:00,4940.5,4951.5,4900.5,4918.0,76963
2015-03-03 07:00:00+00:00,4927.0,4938.0,4863.0,4870.5,75093
2015-03-04 07:00:00+00:00,4884.0,4925.0,4857.5,4916.5,110503
2015-03-05 07:00:00+00:00,4930.0,4976.0,4920.0,4961.5,87360
2015-03-06 07:00:00+00:00,4967.0,4988.0,4940.5,4965.5,83881
2015-03-09 07:00:00+00:00,4950.0,4952.5,4918.5,4938.5,79799
2015-03-10 07:00:00+00:00,4930.5,4942.0,4870.0,4884.5,112751
2015-03-11 07:00:00+00:00,4896.5,5012.5,4895.0,4996.5,128034
2015-03-12 07:00:00+00:00,5004.5,5005.5,4981.5,4987.5,81286
2015-03-13 07:00:00+00:00,5006.0,5034.5,4969.0,5010.0,88711
2015-03-16 07:00:00+00:00,5022.0,5072.5,5015.0,5060.5,204518
2015-03-17 07:00:00+00:00,5055.0,5075.5,5005.5,5029.5,228026
2015-03-18 07:00:00+00:00,5049.5,5063.0,5001.0,5032.0,231229
2015-03-19 07:00:00+00:00,5033.0,5060.5,5007.0,5037.5,119824
2015-03-20 07:00:00+00:00,5040.0,5100.0,5028.5,5083.0,112515
2015-03-23 07:00:00+00:00,5085.0,5086.0,5034.0,5055.0,89024
2015-03-24 07:00:00+00:00,5048.0,5105.5,5034.0,5091.5,82478
2015-03-25 07:00:00+00:00,5073.0,5090.0,5007.5,5023.5,105095
2015-03-26 07:00:00+00:00,4994.5,5021.5,4933.5,5008.5,135282
2015-03-27 07:00:00+00:00,5012.0,5051.0,5000.5,5035.0,101003
2015-03-30 06:00:00+00:00,5052.5,5098.5,5040.5,5085.0,74370
2015-03-31 06:00:00+00:00,5072.5,5100.5,5020.0,5036.0,125438
2015-04-01 06:00:00+00:00,5012.0,5112.0,5004.5,5061.5,117035
2015-04-02 06:00:00+00:00,5073.0,5081.5,5058.0,5074.5,55504
2015-04-07 06:00:00+00:00,5104.0,5168.0,5095.0,5149.5,100742
2015-04-08 06:00:00+00:00,5137.0,5169.0,5127.5,5138.0,97297
2015-04-09 06:00:00+00:00,5151.5,5232.0,5146.5,5210.0,94362
2015-04-10 06:00:00+00:00,5225.0,5247.5,5211.0,5241.0,113912
2015-04-13 06:00:00+00:00,5241.0,5263.0,5222.5,5254.0,133371
2015-04-14 06:00:00+00:00,5238.5,5262.5,5192.5,5220.0,248204
2015-04-15 06:00:00+00:00,5232.0,5270.5,5217.5,5253.5,219311
2015-04-16 06:00:00+00:00,5252.5,5256.5,5213.0,5224.5,163232
2015-04-17 06:00:00+00:00,5164.0,5178.5,5058.0,5081.5,170996
2015-04-20 06:00:00+00:00,5089.0,5130.5,5082.0,5128.0,87875
2015-04-21 06:00:00+00:00,5131.5,5191.5,5119.0,5141.0,97604
2015-04-22 06:00:00+00:00,5153.0,5174.5,5092.5,5159.0,97525
2015-04-23 06:00:00+00:00,5172.0,5179.0,5094.0,5126.0,108311
2015-04-24 06:00:00+00:00,5137.0,5174.5,5112.5,5148.5,96884
2015-04-27 06:00:00+00:00,5141.5,5235.5,5084.5,5218.0,130108
2015-04-28 06:00:00+00:00,5194.5,5210.0,5088.5,5127.0,119677
2015-04-29 06:00:00+00:00,5129.5,5156.5,4965.0,4992.0,155170
2015-04-30 06:00:00+00:00,5001.0,5029.5,4947.5,5012.5,158626
2015-05-04 06:00:00+00:00,5015.0,5075.0,4973.0,5041.0,87502
2015-05-05 06:00:00+00:00,5036.0,5100.5,4927.5,4940.0,140458
2015-05-06 06:00:00+00:00,4957.0,4979.0,4900.0,4947.5,139872
2015-05-07 06:00:00+00:00,4932.5,4952.5,4844.0,4939.0,155388
2015-05-08 06:00:00+00:00,4934.0,5067.5,4933.5,5061.0,121196
2015-05-11 06:00:00+00:00,5059.0,5060.0,5002.5,5026.0,170296
2015-05-12 06:00:00+00:00,5023.5,5026.5,4918.5,4973.5,275417
2015-05-13 06:00:00+00:00,4989.5,5046.0,4941.5,4959.5,201428
2015-05-14 06:00:00+00:00,4950.5,5044.0,4901.5,5028.0,117255
2015-05-15 06:00:00+00:00,4977.5,5023.0,4920.5,4951.0,100852
2015-05-18 06:00:00+00:00,4972.0,4988.5,4890.0,4973.5,92529
2015-05-19 06:00:00+00:00,4999.0,5087.0,4989.5,5078.5,104552
2015-05-20 06:00:00+00:00,5070.5,5108.5,5057.0,5102.0,66356
2015-05-21 06:00:00+00:00,5094.0,5125.0,5071.5,5114.0,62208
2015-05-22 06:00:00+00:00,5119.5,5125.0,5089.0,5112.5,71498
2015-05-25 06:00:00+00:00,5109.5,5118.0,5068.0,5087.5,15537
2015-05-26 06:00:00+00:00,5089.0,5124.0,5037.5,5061.0,117927
2015-05-27 06:00:00+00:00,5071.0,5171.0,5061.0,5157.5,122382
2015-05-28 06:00:00+00:00,5143.0,5148.5,5073.5,5117.0,82826
2015-05-29 06:00:00+00:00,5123.5,5130.0,4973.5,4984.5,166908
2015-06-01 06:00:00+00:00,5018.5,5043.0,4971.5,5006.5,98855
2015-06-02 06:00:00+00:00,5024.0,5035.5,4942.5,4987.5,109163
2015-06-03 06:00:00+00:00,4993.0,5075.0,4974.5,5017.5,103174
2015-06-04 06:00:00+00:00,4995.0,5030.5,4899.5,4972.5,155348
2015-06-05 06:00:00+00:00,4938.0,4952.0,4876.0,4904.0,122655
2015-06-08 06:00:00+00:00,4921.5,4922.0,4820.0,4853.0,99556
2015-06-09 06:00:00+00:00,4836.0,4863.5,4778.0,4846.0,129638
2015-06-10 06:00:00+00:00,4823.5,4956.5,4808.0,4932.5,118300
2015-06-11 06:00:00+00:00,4926.5,5021.5,4914.5,4969.0,133572
2015-06-12 06:00:00+00:00,4968.5,4972.0,4849.5,4900.0,136830
2015-06-15 06:00:00+00:00,4870.0,4876.5,4802.0,4815.0,197621
2015-06-16 06:00:00+00:00,4818.5,4858.0,4745.5,4837.5,239646
2015-06-17 06:00:00+00:00,4846.0,4859.0,4757.5,4789.0,174574
2015-06-18 06:00:00+00:00,4760.0,4875.0,4712.5,4803.5,144909
2015-06-19 06:00:00+00:00,4770.0,4864.5,4769.5,4807.0,113259
2015-06-22 06:00:00+00:00,4855.5,5004.5,4855.5,4992.0,155337
2015-06-23 06:00:00+00:00,5016.0,5071.5,5015.5,5052.5,107889
2015-06-24 06:00:00+00:00,5067.0,5068.0,4993.0,5041.5,154825
2015-06-25 06:00:00+00:00,5025.5,5087.5,4993.0,5040.5,165451
2015-06-26 06:00:00+00:00,5001.0,5095.5,4983.5,5059.5,134452
2015-06-29 06:00:00+00:00,4904.5,4947.0,4762.5,4869.5,188125
2015-06-30 06:00:00+00:00,4830.5,4892.5,4774.0,4786.5,208475
2015-07-01 06:00:00+00:00,4840.0,4941.5,4809.5,4881.0,169737
2015-07-02 06:00:00+00:00,4879.5,4904.0,4822.5,4836.0,81275
2015-07-03 06:00:00+00:00,4856.0,4857.0,4778.5,4808.5,74414
2015-07-06 06:00:00+00:00,4700.0,4777.5,4661.0,4713.5,141565
2015-07-07 06:00:00+00:00,4709.5,4725.5,4599.0,4605.0,156210
2015-07-08 06:00:00+00:00,4632.0,4672.0,4600.0,4638.5,120405
2015-07-09 06:00:00+00:00,4658.0,4777.5,4653.0,4755.0,112766
2015-07-10 06:00:00+00:00,4840.0,4954.5,4826.5,4904.0,136745
2015-07-13 06:00:00+00:00,4901.0,5010.0,4860.0,4998.0,145102
2015-07-14 06:00:00+00:00,5008.0,5046.0,4981.0,5032.5,141264
2015-07-15 06:00:00+00:00,5038.5,5057.5,5013.0,5047.5,168734
2015-07-16 06:00:00+00:00,5075.0,5147.5,5067.5,5120.0,116095
2015-07-17 06:00:00+00:00,5120.0,5145.0,5110.5,5127.0,72505
2015-07-20 06:00:00+00:00,5133.0,5186.5,5130.5,5143.0,67299
2015-07-21 06:00:00+00:00,5156.5,5159.0,5092.5,5107.0,69787
2015-07-22 06:00:00+00:00,5095.0,5103.5,5067.0,5083.5,60240
2015-07-23 06:00:00+00:00,5105.5,5124.5,5056.0,5088.5,70441
2015-07-24 06:00:00+00:00,5074.5,5123.0,5027.5,5061.0,77561
2015-07-27 06:00:00+00:00,5049.5,5049.5,4919.0,4929.0,109134
2015-07-28 06:00:00+00:00,4953.0,5000.0,4938.0,4978.0,69724
2015-07-29 06:00:00+00:00,4980.0,5046.5,4969.5,5017.5,61219
2015-07-30 06:00:00+00:00,5028.0,5064.0,5001.5,5046.0,79158
2015-07-31 06:00:00+00:00,5057.0,5089.5,5035.5,5084.0,69222
2015-08-03 06:00:00+00:00,5078.5,5127.5,5066.5,5121.0,69920
2015-08-04 06:00:00+00:00,5110.5,5119.0,5076.5,5111.0,63463
2015-08-05 06:00:00+00:00,5122.0,5205.5,5119.5,5197.0,72265
2015-08-06 06:00:00+00:00,5178.0,5219.5,5169.5,5194.5,58820
2015-08-07 06:00:00+00:00,5189.5,5199.5,5153.5,5157.5,57335
2015-08-10 06:00:00+00:00,5180.5,5200.0,5133.0,5195.5,60000
2015-08-11 06:00:00+00:00,5176.5,5188.5,5094.0,5102.0,80653
2015-08-12 06:00:00+00:00,5080.0,5083.0,4907.0,4927.5,139977
2015-08-13 06:00:00+00:00,4995.5,5025.0,4972.0,4987.0,87130
2015-08-14 06:00:00+00:00,4973.0,5018.5,4940.0,4956.0,70834
2015-08-17 06:00:00+00:00,4982.0,5027.5,4919.0,4985.5,113839
2015-08-18 06:00:00+00:00,4995.5,5005.0,4954.5,4972.0,190789
2015-08-19 06:00:00+00:00,4944.5,4951.5,4875.5,4884.0,178167
2015-08-20 06:00:00+00:00,4883.5,4887.5,4734.0,4782.0,136737
2015-08-21 06:00:00+00:00,4688.0,4776.5,4578.0,4630.5,170688
2015-08-24 06:00:00+00:00,4491.5,4542.0,4225.5,4383.0,335491
2015-08-25 06:00:00+00:00,4395.0,4596.5,4395.0,4562.5,223897
2015-08-26 06:00:00+00:00,4510.0,4589.0,4427.0,4500.5,185509
2015-08-27 06:00:00+00:00,4589.0,4687.0,4575.0,4656.0,154244
2015-08-28 06:00:00+00:00,4657.0,4682.0,4621.5,4674.0,101686
2015-08-31 06:00:00+00:00,4626.0,4671.0,4607.5,4652.0,70765
2015-09-01 06:00:00+00:00,4558.0,4598.5,4483.0,4541.0,150481
2015-09-02 06:00:00+00:00,4544.5,4602.5,4514.0,4554.5,124258
2015-09-03 06:00:00+00:00,4590.5,4693.0,4582.5,4652.5,128936
2015-09-04 06:00:00+00:00,4581.0,4614.0,4485.5,4524.0,120400
2015-09-07 06:00:00+00:00,4561.0,4590.5,4523.5,4549.5,50065
2015-09-08 06:00:00+00:00,4561.0,4656.0,4543.0,4597.0,94482
2015-09-09 06:00:00+00:00,4684.0,4732.5,4588.0,4664.0,109205
2015-09-10 06:00:00+00:00,4627.0,4667.0,4582.0,4597.5,111594
2015-09-11 06:00:00+00:00,4623.5,4626.0,4543.5,4548.0,86546
2015-09-14 06:00:00+00:00,4583.0,4598.5,4506.5,4517.5,147558
2015-09-15 06:00:00+00:00,4542.0,4596.5,4501.0,4568.5,246096
2015-09-16 06:00:00+00:00,4586.0,4661.5,4580.5,4646.0,156558
2015-09-17 06:00:00+00:00,4657.0,4713.0,4628.0,4656.5,94120
2015-09-18 06:00:00+00:00,4626.5,4637.0,4483.0,4524.0,147729
2015-09-21 06:00:00+00:00,4524.5,4596.0,4507.0,4574.5,88117
2015-09-22 06:00:00+00:00,4584.0,4590.5,4403.0,4418.5,147125
2015-09-23 06:00:00+00:00,4391.5,4479.5,4383.0,4423.0,109286
2015-09-24 06:00:00+00:00,4421.0,4445.0,4297.5,4336.5,151119
2015-09-25 06:00:00+00:00,4408.5,4504.5,4407.5,4470.0,136038
2015-09-28 06:00:00+00:00,4424.5,4467.0,4319.0,4354.0,110778
2015-09-29 06:00:00+00:00,4305.0,4374.5,4270.0,4339.5,116868
2015-09-30 06:00:00+00:00,4391.5,4472.0,4391.0,4451.5,110435
2015-10-01 06:00:00+00:00,4497.5,4524.5,4397.0,4422.5,108690
2015-10-02 06:00:00+00:00,4468.5,4527.5,4380.5,4456.5,129240
2015-10-05 06:00:00+00:00,4550.0,4649.0,4523.0,4610.5,107060
2015-10-06 06:00:00+00:00,4625.0,4681.5,4584.0,4655.5,97107
2015-10-07 06:00:00+00:00,4652.0,4725.5,4648.5,4662.0,97936
2015-10-08 06:00:00+00:00,4665.5,4723.5,4639.5,4673.0,84402
2015-10-09 06:00:00+00:00,4731.5,4734.5,4676.5,4697.0,77939
2015-10-12 06:00:00+00:00,4694.0,4712.0,4659.0,4687.0,84242
2015-10-13 06:00:00+00:00,4675.0,4676.0,4595.0,4644.0,213821
2015-10-14 06:00:00+00:00,4617.5,4666.0,4580.5,4610.5,188079
2015-10-15 06:00:00+00:00,4646.5,4714.5,4621.0,4675.5,123047
2015-10-16 06:00:00+00:00,4705.5,4718.0,4676.5,4701.0,83378
2015-10-19 06:00:00+00:00,4702.5,4744.0,4680.5,4702.0,68116
2015-10-20 06:00:00+00:00,4699.0,4710.5,4646.5,4671.0,66494
2015-10-21 06:00:00+00:00,4697.0,4716.5,4639.5,4692.0,80833
2015-10-22 06:00:00+00:00,4675.0,4838.5,4665.5,4800.5,114137
2015-10-23 06:00:00+00:00,4850.0,4949.0,4836.5,4921.5,121389
2015-10-26 07:00:00+00:00,4934.0,4934.0,4879.0,4896.0,69903
2015-10-27 07:00:00+00:00,4892.0,4896.0,4846.5,4849.5,65831
2015-10-28 07:00:00+00:00,4862.0,4934.0,4847.5,4890.5,81108
2015-10-29 07:00:00+00:00,4916.0,4916.0,4839.5,4884.5,83890
2015-10-30 07:00:00+00:00,4900.0,4909.0,4863.5,4895.5,65814
2015-11-02 07:00:00+00:00,4855.0,4938.5,4836.0,4915.0,75944
2015-11-03 07:00:00+00:00,4923.0,4956.0,4893.0,4934.5,66352
2015-11-04 07:00:00+00:00,4951.0,4992.0,4936.0,4946.5,80735
2015-11-05 07:00:00+00:00,4960.0,5006.5,4931.5,4978.0,92043
2015-11-06 07:00:00+00:00,4989.0,5011.0,4928.5,4982.0,103364
2015-11-09 07:00:00+00:00,4994.0,4996.5,4901.0,4909.5,75790
2015-11-10 07:00:00+00:00,4931.0,4944.0,4872.0,4912.0,76642
2015-11-11 07:00:00+00:00,4929.0,4974.5,4913.0,4952.0,65241
2015-11-12 07:00:00+00:00,4949.0,4964.0,4821.0,4856.0,104618
2015-11-13 07:00:00+00:00,4827.5,4860.5,4761.0,4807.5,98370
2015-11-16 07:00:00+00:00,4714.0,4864.0,4711.0,4805.0,141761
2015-11-17 07:00:00+00:00,4867.5,4943.5,4839.5,4937.5,242989
2015-11-18 07:00:00+00:00,4906.5,4949.5,4877.0,4905.0,186302
2015-11-19 07:00:00+00:00,4941.0,4963.5,4899.0,4914.0,97735
2015-11-20 07:00:00+00:00,4910.0,4934.5,4877.0,4910.0,85227
2015-11-23 07:00:00+00:00,4912.0,4912.0,4855.5,4887.5,73121
2015-11-24 07:00:00+00:00,4876.0,4879.5,4770.0,4817.5,128548
2015-11-25 07:00:00+00:00,4833.5,4911.0,4818.0,4891.5,90835
2015-11-26 07:00:00+00:00,4887.0,4955.5,4879.0,4944.5,52170
2015-11-27 07:00:00+00:00,4916.5,4961.0,4901.5,4928.5,63171
2015-11-30 07:00:00+00:00,4924.0,4973.5,4898.0,4956.0,62044
2015-12-01 07:00:00+00:00,4973.0,4979.0,4896.5,4914.0,81471
2015-12-02 07:00:00+00:00,4933.0,4942.0,4855.5,4905.5,86976
2015-12-03 07:00:00+00:00,4888.5,4975.5,4660.0,4728.5,235248
2015-12-04 07:00:00+00:00,4682.0,4772.5,4666.0,4712.0,152229
2015-12-07 07:00:00+00:00,4767.5,4803.5,4731.0,4755.0,90844
2015-12-08 07:00:00+00:00,4756.5,4760.5,4654.5,4681.0,101071
2015-12-09 07:00:00+00:00,4687.0,4715.5,4570.0,4636.5,108708
2015-12-10 07:00:00+00:00,4596.5,4661.0,4591.5,4634.0,86097
2015-12-11 07:00:00+00:00,4634.5,4637.0,4518.0,4549.0,136345
2015-12-14 07:00:00+00:00,4551.0,4623.0,4465.5,4472.5,191880
2015-12-15 07:00:00+00:00,4526.5,4630.0,4517.0,4613.5,210490
2015-12-16 07:00:00+00:00,4625.0,4711.0,4591.5,4624.0,178218
2015-12-17 07:00:00+00:00,4697.5,4749.0,4668.0,4676.5,117758
2015-12-18 07:00:00+00:00,4647.0,4666.0,4573.5,4618.0,120467
2015-12-21 07:00:00+00:00,4590.0,4667.5,4559.0,4565.5,76903
2015-12-22 07:00:00+00:00,4612.5,4617.5,4524.0,4567.0,84971
2015-12-23 07:00:00+00:00,4602.5,4696.5,4598.5,4675.0,68872
2015-12-24 07:00:00+00:00,4673.0,4683.5,4651.0,4664.0,9193
2015-12-28 07:00:00+00:00,4655.5,4675.5,4612.0,4618.0,39012
2015-12-29 07:00:00+00:00,4641.5,4703.5,4641.5,4702.0,52229
2015-12-30 07:00:00+00:00,4702.0,4709.0,4661.0,4677.0,49071
2015-12-31 07:00:00+00:00,4676.0,4679.5,4638.5,4638.5,11970
2016-01-04 07:00:00+00:00,4572.5,4587.0,4488.0,4521.5,140013
2016-01-05 07:00:00+00:00,4567.5,4582.5,4480.0,4536.5,95385
2016-01-06 07:00:00+00:00,4515.0,4532.5,4432.0,4478.5,100899
2016-01-07 07:00:00+00:00,4395.5,4424.0,4318.5,4402.5,148265
2016-01-08 07:00:00+00:00,4393.0,4436.5,4294.0,4332.5,128237
2016-01-11 07:00:00+00:00,4295.5,4384.5,4283.0,4312.0,158234
2016-01-12 07:00:00+00:00,4300.0,4429.5,4292.0,4378.5,209940
2016-01-13 07:00:00+00:00,4426.0,4465.5,4290.5,4391.5,205969
2016-01-14 07:00:00+00:00,4331.0,4382.5,4234.5,4313.0,207633
2016-01-15 07:00:00+00:00,4299.5,4312.5,4140.0,4201.5,182186
2016-01-18 07:00:00+00:00,4207.5,4246.5,4151.5,4181.5,97144
2016-01-19 07:00:00+00:00,4233.5,4300.5,4199.5,4263.5,120926
2016-01-20 07:00:00+00:00,4158.5,4179.5,4057.5,4116.5,156596
2016-01-21 07:00:00+00:00,4128.0,4234.5,4093.0,4198.0,185178
2016-01-22 07:00:00+00:00,4240.0,4363.0,4240.0,4328.0,145533
2016-01-25 07:00:00+00:00,4359.0,4361.5,4268.5,4303.0,93056
2016-01-26 07:00:00+00:00,4241.0,4371.5,4216.0,4350.0,109363
2016-01-27 07:00:00+00:00,4350.0,4397.0,4297.5,4373.5,100852
2016-01-28 07:00:00+00:00,4328.5,4398.5,4276.0,4316.0,134660
2016-01-29 07:00:00+00:00,4380.0,4430.0,4331.0,4411.0,115593
2016-02-01 07:00:00+00:00,4431.0,4431.5,4347.0,4391.0,91150
2016-02-02 07:00:00+00:00,4380.5,4382.0,4241.0,4283.0,110633
2016-02-03 07:00:00+00:00,4245.0,4294.5,4177.0,4226.5,155626
2016-02-04 07:00:00+00:00,4294.0,4298.0,4173.5,4227.5,124212
2016-02-05 07:00:00+00:00,4224.0,4270.5,4178.0,4200.0,127639
2016-02-08 07:00:00+00:00,4212.5,4223.5,4041.0,4066.0,147790
2016-02-09 07:00:00+00:00,4055.0,4092.5,3949.5,3997.0,171697
2016-02-10 07:00:00+00:00,4009.0,4114.5,3984.0,4060.5,145175
2016-02-11 07:00:00+00:00,4005.0,4014.0,3889.5,3896.0,192533
2016-02-12 07:00:00+00:00,3935.0,4008.5,3921.0,3994.5,140993
2016-02-15 07:00:00+00:00,4059.0,4145.0,4058.5,4114.5,113786
2016-02-16 07:00:00+00:00,4135.0,4159.5,4086.0,4110.0,215294
2016-02-17 07:00:00+00:00,4118.5,4251.5,4101.0,4233.0,227466
2016-02-18 07:00:00+00:00,4241.0,4280.0,4211.0,4239.5,137297
2016-02-19 07:00:00+00:00,4235.0,4256.0,4180.0,4221.5,106672
2016-02-22 07:00:00+00:00,4240.0,4303.5,4239.0,4297.0,68868
2016-02-23 07:00:00+00:00,4268.0,4302.0,4225.0,4237.0,81258
2016-02-24 07:00:00+00:00,4220.0,4243.0,4115.0,4154.5,118242
2016-02-25 07:00:00+00:00,4209.0,4279.5,4192.5,4247.5,101339
2016-02-26 07:00:00+00:00,4285.5,4352.5,4281.5,4313.5,101703
2016-02-29 07:00:00+00:00,4277.5,4359.5,4252.5,4352.5,91673
2016-03-01 07:00:00+00:00,4315.5,4432.0,4313.5,4406.0,89600
2016-03-02 07:00:00+00:00,4438.0,4449.0,4385.0,4424.0,94880
2016-03-03 07:00:00+00:00,4435.0,4435.5,4390.5,4415.0,72696
2016-03-04 07:00:00+00:00,4429.0,4480.5,4412.0,4455.5,82026
2016-03-07 07:00:00+00:00,4447.5,4458.5,4405.0,4441.5,71440
2016-03-08 07:00:00+00:00,4418.0,4437.5,4361.5,4403.5,93795
2016-03-09 07:00:00+00:00,4415.5,4459.0,4396.5,4425.0,95540
2016-03-10 07:00:00+00:00,4431.0,4582.0,4305.0,4350.0,207260
2016-03-11 07:00:00+00:00,4411.0,4510.0,4409.0,4492.5,122982
2016-03-14 07:00:00+00:00,4509.0,4536.0,4493.0,4506.0,129233
2016-03-15 07:00:00+00:00,4493.5,4494.5,4449.0,4473.0,206935
2016-03-16 07:00:00+00:00,4484.0,4504.0,4438.5,4463.0,184250
2016-03-17 07:00:00+00:00,4484.0,4504.5,4366.0,4443.5,156600
2016-03-18 07:00:00+00:00,4423.5,4464.0,4407.0,4451.5,91652
2016-03-21 07:00:00+00:00,4437.0,4479.0,4410.5,4423.5,71687
2016-03-22 07:00:00+00:00,4426.5,4439.5,4351.0,4428.0,100123
2016-03-23 07:00:00+00:00,4424.5,4467.5,4393.5,4422.5,75512
2016-03-24 07:00:00+00:00,4397.0,4398.0,4321.5,4328.5,88668
2016-03-29 06:00:00+00:00,4352.0,4385.0,4330.5,4365.5,85291
2016-03-30 06:00:00+00:00,4390.0,4466.5,4384.0,4443.5,87008
2016-03-31 06:00:00+00:00,4431.5,4432.0,4369.5,4383.5,97945
2016-04-01 06:00:00+00:00,4353.5,4354.0,4258.0,4320.0,139199
2016-04-04 06:00:00+00:00,4327.0,4377.0,4276.5,4343.5,82958
2016-04-05 06:00:00+00:00,4310.0,4312.5,4235.0,4248.0,91628
2016-04-06 06:00:00+00:00,4259.0,4298.5,4240.0,4282.5,72939
2016-04-07 06:00:00+00:00,4291.0,4315.5,4210.5,4244.0,86599
2016-04-08 06:00:00+00:00,4251.5,4315.0,4248.0,4302.0,90505
2016-04-11 06:00:00+00:00,4294.5,4339.5,4261.0,4312.0,150557
2016-04-12 06:00:00+00:00,4300.0,4360.0,4267.5,4345.0,255947
2016-04-13 06:00:00+00:00,4377.0,4496.0,4377.0,4491.0,232112
2016-04-14 06:00:00+00:00,4487.0,4518.5,4473.5,4512.5,132017
2016-04-15 06:00:00+00:00,4426.0,4435.0,4406.5,4422.0,91182
2016-04-18 06:00:00+00:00,4376.0,4445.0,4350.0,4434.0,79254
2016-04-19 06:00:00+00:00,4449.5,4508.5,4443.5,4497.5,94874
2016-04-20 06:00:00+00:00,4476.0,4539.5,4466.5,4523.0,81160
2016-04-21 06:00:00+00:00,4540.0,4547.0,4480.5,4514.0,96278
2016-04-22 06:00:00+00:00,4505.0,4520.0,4485.0,4503.0,63246
2016-04-25 06:00:00+00:00,4498.0,4508.5,4454.5,4480.0,74722
2016-04-26 06:00:00+00:00,4491.0,4524.0,4458.0,4476.0,70097
2016-04-27 06:00:00+00:00,4472.0,4522.0,4466.0,4503.0,73742
2016-04-28 06:00:00+00:00,4473.0,4501.0,4424.0,4501.0,99372
2016-04-29 06:00:00+00:00,4442.5,4456.0,4365.5,4375.5,114831
2016-05-02 06:00:00+00:00,4382.5,4411.5,4379.5,4393.5,62311
2016-05-03 06:00:00+00:00,4399.0,4401.0,4314.0,4322.5,102724
2016-05-04 06:00:00+00:00,4329.5,4342.0,4267.0,4276.5,92391
2016-05-05 06:00:00+00:00,4294.5,4312.0,4266.5,4284.0,70629
2016-05-06 06:00:00+00:00,4271.0,4299.5,4218.5,4275.5,93168
2016-05-09 06:00:00+00:00,4311.0,4338.5,4276.0,4297.5,85560
2016-05-10 06:00:00+00:00,4318.0,4366.0,4309.5,4328.0,83676
2016-05-11 06:00:00+00:00,4328.0,4333.5,4278.5,4306.5,86678
2016-05-12 06:00:00+00:00,4300.0,4353.0,4256.0,4283.5,91214
2016-05-13 06:00:00+00:00,4274.5,4329.0,4244.5,4313.0,92238
2016-05-16 06:00:00+00:00,4285.5,4322.0,4260.5,4305.5,93289
2016-05-17 06:00:00+00:00,4322.0,4363.0,4267.5,4297.0,269456
2016-05-18 06:00:00+00:00,4277.5,4330.5,4265.0,4319.5,246847
2016-05-19 06:00:00+00:00,4294.0,4314.5,4273.5,4282.0,140903
2016-05-20 06:00:00+00:00,4280.0,4308.5,4263.5,4305.5,116168
2016-05-23 06:00:00+00:00,4305.5,4317.5,4257.5,4284.0,83079
2016-05-24 06:00:00+00:00,4269.5,4411.5,4258.5,4392.0,121921
2016-05-25 06:00:00+00:00,4417.5,4457.5,4412.0,4448.0,82459
2016-05-26 06:00:00+00:00,4440.5,4481.5,4435.0,4480.0,76748
2016-05-27 06:00:00+00:00,4479.0,4492.5,4463.0,4485.5,52261
2016-05-30 06:00:00+00:00,4496.0,4509.0,4475.5,4502.0,28366
2016-05-31 06:00:00+00:00,4509.0,4512.5,4463.0,4480.0,66363
2016-06-01 06:00:00+00:00,4479.5,4485.5,4432.5,4450.0,86512
2016-06-02 06:00:00+00:00,4441.0,4474.5,4432.0,4451.5,73083
2016-06-03 06:00:00+00:00,4473.0,4479.5,4382.0,4408.5,94747
2016-06-06 06:00:00+00:00,4416.0,4432.0,4397.5,4419.0,85858
2016-06-07 06:00:00+00:00,4431.0,4483.5,4428.0,4471.5,73754
2016-06-08 06:00:00+00:00,4456.0,4469.5,4430.0,4444.0,61464
2016-06-09 06:00:00+00:00,4440.0,4441.0,4388.5,4401.5,86518
2016-06-10 06:00:00+00:00,4395.0,4400.5,4276.0,4302.5,121166
2016-06-13 06:00:00+00:00,4252.5,4272.5,4194.5,4223.0,152752
2016-06-14 06:00:00+00:00,4206.5,4211.0,4120.5,4126.0,286971
2016-06-15 06:00:00+00:00,4140.0,4200.0,4140.0,4167.0,212235
2016-06-16 06:00:00+00:00,4126.0,4197.5,4096.5,4147.5,145119
2016-06-17 06:00:00+00:00,4191.0,4226.5,4161.0,4185.0,119349
2016-06-20 06:00:00+00:00,4296.0,4343.0,4281.5,4332.5,94905
2016-06-21 06:00:00+00:00,4341.0,4409.5,4315.5,4362.5,83684
2016-06-22 06:00:00+00:00,4403.0,4413.5,4357.5,4376.0,76455
2016-06-23 06:00:00+00:00,4404.5,4506.0,4387.0,4462.5,130234
2016-06-24 06:00:00+00:00,4055.0,4195.5,3923.0,4102.0,267642
2016-06-27 06:00:00+00:00,4040.0,4112.5,3951.0,3981.5,199187
2016-06-28 06:00:00+00:00,4045.5,4122.5,4042.0,4085.0,110815
2016-06-29 06:00:00+00:00,4128.5,4203.5,4120.0,4191.5,106985
2016-06-30 06:00:00+00:00,4186.5,4295.0,4150.0,4234.0,125595
2016-07-01 06:00:00+00:00,4260.5,4285.5,4212.5,4270.0,94850
2016-07-04 06:00:00+00:00,4268.5,4290.5,4229.0,4233.5,41264
2016-07-05 06:00:00+00:00,4222.5,4233.0,4131.0,4162.5,98379
2016-07-06 06:00:00+00:00,4133.0,4153.5,4060.0,4085.0,134831
2016-07-07 06:00:00+00:00,4118.5,4167.5,4088.5,4117.0,83238
2016-07-08 06:00:00+00:00,4105.0,4210.0,4094.5,4190.5,91738
2016-07-11 06:00:00+00:00,4218.0,4272.0,4206.0,4264.5,132987
2016-07-12 06:00:00+00:00,4255.0,4343.0,4252.5,4331.0,200781
2016-07-13 06:00:00+00:00,4318.5,4359.0,4315.5,4335.5,173811
2016-07-14 06:00:00+00:00,4343.0,4402.5,4342.0,4385.5,112197
2016-07-15 06:00:00+00:00,4358.5,4384.5,4342.0,4372.5,87650
2016-07-18 06:00:00+00:00,4372.5,4408.5,4333.5,4357.0,69991
2016-07-19 06:00:00+00:00,4344.5,4357.5,4303.0,4329.5,71295
2016-07-20 06:00:00+00:00,4341.0,4392.0,4330.5,4378.5,66864
2016-07-21 06:00:00+00:00,4372.5,4390.5,4339.0,4379.0,70641
2016-07-22 06:00:00+00:00,4360.0,4399.0,4342.5,4380.0,64347
2016-07-25 06:00:00+00:00,4375.5,4420.0,4365.5,4386.5,63246
2016-07-26 06:00:00+00:00,4393.5,4406.0,4352.0,4394.5,69169
2016-07-27 06:00:00+00:00,4410.0,4470.5,4407.5,4446.5,81371
2016-07-28 06:00:00+00:00,4442.0,4476.5,4416.5,4421.0,75283
2016-07-29 06:00:00+00:00,4444.0,4456.0,4407.0,4439.5,66891
2016-08-01 06:00:00+00:00,4463.0,4463.0,4384.5,4408.5,51365
2016-08-02 06:00:00+00:00,4394.0,4400.0,4314.0,4327.5,85902
2016-08-03 06:00:00+00:00,4321.5,4349.0,4293.0,4321.0,88002
2016-08-04 06:00:00+00:00,4348.0,4361.5,4322.5,4345.0,67925
2016-08-05 06:00:00+00:00,4355.5,4417.5,4350.5,4410.5,71184
2016-08-08 06:00:00+00:00,4424.5,4442.0,4406.0,4415.5,51710
2016-08-09 06:00:00+00:00,4409.0,4469.5,4406.5,4468.5,73555
2016-08-10 06:00:00+00:00,4455.0,4467.0,4439.5,4452.5,53319
2016-08-11 06:00:00+00:00,4457.0,4508.0,4446.0,4504.0,70296
2016-08-12 06:00:00+00:00,4501.5,4511.0,4488.5,4500.5,62937
2016-08-15 06:00:00+00:00,4509.5,4528.5,4491.5,4498.0,73943
2016-08-16 06:00:00+00:00,4484.0,4501.0,4456.0,4461.0,235985
2016-08-17 06:00:00+00:00,4459.5,4481.5,4415.0,4418.0,191306
2016-08-18 06:00:00+00:00,4453.0,4453.0,4413.0,4437.0,85336
2016-08-19 06:00:00+00:00,4441.0,4442.5,4373.0,4399.5,77385
2016-08-22 06:00:00+00:00,4394.0,4443.5,4375.0,4388.5,77126
2016-08-23 06:00:00+00:00,4403.5,4436.5,4399.0,4421.0,57264
2016-08-24 06:00:00+00:00,4403.5,4454.5,4380.5,4435.0,69947
2016-08-25 06:00:00+00:00,4435.0,4435.5,4376.0,4406.0,77689
2016-08-26 06:00:00+00:00,4399.0,4457.0,4384.5,4441.5,76171
2016-08-29 06:00:00+00:00,4420.0,4439.0,4388.0,4424.0,54557
2016-08-30 06:00:00+00:00,4435.5,4475.0,4435.0,4457.0,68809
2016-08-31 06:00:00+00:00,4454.0,4487.0,4421.5,4438.0,72805
2016-09-01 06:00:00+00:00,4445.5,4491.5,4421.0,4439.5,97082
2016-09-02 06:00:00+00:00,4453.0,4555.0,4445.0,4542.5,105624
2016-09-05 06:00:00+00:00,4560.5,4567.0,4540.0,4541.0,51536
2016-09-06 06:00:00+00:00,4551.5,4562.5,4523.0,4529.5,72049
2016-09-07 06:00:00+00:00,4545.0,4562.0,4518.5,4557.5,73388
2016-09-08 06:00:00+00:00,4553.0,4570.0,4483.5,4542.0,111884
2016-09-09 06:00:00+00:00,4538.5,4546.5,4452.5,4491.5,81934
2016-09-12 06:00:00+00:00,4426.0,4488.5,4385.0,4439.5,196904
2016-09-13 06:00:00+00:00,4468.5,4478.0,4374.0,4386.5,240929
2016-09-14 06:00:00+00:00,4414.0,4417.0,4355.0,4369.5,198768
2016-09-15 06:00:00+00:00,4360.0,4389.5,4339.0,4372.5,118025
2016-09-16 06:00:00+00:00,4357.0,4369.0,4295.0,4319.5,123729
2016-09-19 06:00:00+00:00,4349.0,4387.5,4343.0,4382.0,66007
2016-09-20 06:00:00+00:00,4364.0,4409.5,4362.0,4376.5,67532
2016-09-21 06:00:00+00:00,4396.5,4441.0,4383.5,4398.0,84923
2016-09-22 06:00:00+00:00,4423.0,4518.5,4418.0,4498.5,100266
2016-09-23 06:00:00+00:00,4491.0,4500.5,4462.5,4477.5,71612
2016-09-26 06:00:00+00:00,4449.0,4454.5,4389.0,4395.5,100604
2016-09-27 06:00:00+00:00,4422.5,4435.5,4357.0,4394.0,88006
2016-09-28 06:00:00+00:00,4404.5,4470.5,4398.0,4428.5,86772
2016-09-29 06:00:00+00:00,4477.5,4502.5,4376.0,4439.5,98375
2016-09-30 06:00:00+00:00,4384.0,4459.5,4337.0,4443.5,146568
2016-10-03 06:00:00+00:00,4443.5,4461.5,4427.0,4448.5,55509
2016-10-04 06:00:00+00:00,4452.0,4517.5,4447.0,4499.0,111442
2016-10-05 06:00:00+00:00,4482.5,4495.5,4434.5,4485.5,76295
2016-10-06 06:00:00+00:00,4492.0,4508.0,4464.5,4476.0,70703
2016-10-07 06:00:00+00:00,4479.0,4485.5,4427.0,4446.0,106674
2016-10-10 06:00:00+00:00,4454.0,4503.0,4423.0,4493.0,84327
2016-10-11 06:00:00+00:00,4480.0,4517.5,4452.0,4467.5,84249
2016-10-12 06:00:00+00:00,4464.5,4473.5,4440.0,4451.5,71433
2016-10-13 06:00:00+00:00,4425.5,4430.5,4368.5,4404.5,131594
2016-10-14 06:00:00+00:00,4428.5,4498.0,4416.5,4471.0,115671
2016-10-17 06:00:00+00:00,4450.0,4475.0,4439.5,4450.0,102242
2016-10-18 06:00:00+00:00,4469.0,4519.5,4459.5,4509.0,234381
2016-10-19 06:00:00+00:00,4511.0,4528.5,4495.0,4520.0,216385
2016-10-20 06:00:00+00:00,4530.0,4554.0,4499.5,4539.5,118287
2016-10-21 06:00:00+00:00,4532.0,4554.5,4514.5,4533.5,73783
2016-10-24 06:00:00+00:00,4538.0,4578.5,4538.0,4550.0,66071
2016-10-25 06:00:00+00:00,4567.5,4569.5,4525.0,4538.5,62530
2016-10-26 06:00:00+00:00,4531.0,4538.0,4493.0,4532.0,87024
2016-10-27 06:00:00+00:00,4512.0,4555.5,4499.5,4531.0,87084
2016-10-28 06:00:00+00:00,4523.0,4552.0,4501.0,4545.5,111550
2016-10-31 07:00:00+00:00,4521.0,4525.0,4497.0,4506.5,67036
2016-11-01 07:00:00+00:00,4532.5,4537.5,4434.5,4467.0,109720
2016-11-02 07:00:00+00:00,4424.5,4446.5,4394.5,4411.5,99534
2016-11-03 07:00:00+00:00,4412.0,4454.5,4394.5,4409.0,101051
2016-11-04 07:00:00+00:00,4406.0,4411.5,4344.5,4374.0,111939
2016-11-07 07:00:00+00:00,4438.5,4463.0,4425.0,4456.0,91070
2016-11-08 07:00:00+00:00,4453.5,4504.0,4444.5,4476.0,80755
2016-11-09 07:00:00+00:00,4283.0,4567.0,4253.5,4542.5,241782
2016-11-10 07:00:00+00:00,4573.0,4606.5,4502.5,4530.5,172161
2016-11-11 07:00:00+00:00,4547.0,4555.0,4472.0,4489.5,102010
2016-11-14 07:00:00+00:00,4537.5,4562.0,4490.5,4508.5,170214
2016-11-15 07:00:00+00:00,4517.5,4554.0,4504.0,4536.5,198612
2016-11-16 07:00:00+00:00,4555.5,4559.0,4479.5,4501.0,241788
2016-11-17 07:00:00+00:00,4508.5,4544.5,4482.5,4528.0,104158
2016-11-18 07:00:00+00:00,4538.0,4546.5,4490.5,4499.0,102773
2016-11-21 07:00:00+00:00,4509.5,4545.5,4472.5,4524.0,92336
2016-11-22 07:00:00+00:00,4570.0,4570.5,4536.0,4543.5,98540
2016-11-23 07:00:00+00:00,4560.0,4562.5,4503.0,4524.0,90344
2016-11-24 07:00:00+00:00,4535.0,4548.0,4514.0,4538.0,47801
2016-11-25 07:00:00+00:00,4546.5,4561.5,4518.0,4545.0,58448
2016-11-28 07:00:00+00:00,4549.5,4553.5,4494.0,4506.0,92360
2016-11-29 07:00:00+00:00,4504.0,4562.0,4491.0,4549.5,98597
2016-11-30 07:00:00+00:00,4555.5,4596.0,4544.5,4576.0,101777
2016-12-01 07:00:00+00:00,4569.0,4581.5,4537.0,4558.5,103806
2016-12-02 07:00:00+00:00,4534.0,4544.0,4486.5,4526.5,115572
2016-12-05 07:00:00+00:00,4486.0,4606.0,4470.5,4573.0,147100
2016-12-06 07:00:00+00:00,4585.5,4667.5,4557.5,4631.0,111775
2016-12-07 07:00:00+00:00,4669.5,4738.5,4658.0,4694.5,114139
2016-12-08 07:00:00+00:00,4722.0,4755.0,4684.5,4735.0,149792
2016-12-09 07:00:00+00:00,4744.5,4789.0,4736.5,4763.5,87346
2016-12-12 07:00:00+00:00,4788.0,4789.5,4746.0,4761.0,130392
2016-12-13 07:00:00+00:00,4756.0,4813.5,4747.5,4804.0,212444
2016-12-14 07:00:00+00:00,4796.5,4808.5,4760.5,4769.5,217913
2016-12-15 07:00:00+00:00,4776.0,4833.5,4771.0,4819.5,128669
2016-12-16 07:00:00+00:00,4810.0,4848.5,4796.5,4824.5,118263
2016-12-19 07:00:00+00:00,4827.5,4829.5,4805.0,4817.0,65769
2016-12-20 07:00:00+00:00,4817.0,4847.5,4809.5,4844.0,66417
2016-12-21 07:00:00+00:00,4835.5,4852.0,4822.0,4835.0,59286
2016-12-22 07:00:00+00:00,4831.5,4843.5,4819.5,4836.0,54535
2016-12-23 07:00:00+00:00,4835.0,4847.0,4826.0,4840.5,30908
2016-12-27 07:00:00+00:00,4833.5,4854.5,4833.5,4850.0,26347
2016-12-28 07:00:00+00:00,4849.0,4855.0,4824.5,4849.0,44327
2016-12-29 07:00:00+00:00,4834.5,4847.0,4822.0,4840.0,43890
2016-12-30 07:00:00+00:00,4839.5,4865.0,4823.5,4863.0,59114
2017-01-02 07:00:00+00:00,4846.0,4897.0,4841.5,4882.5,25556
2017-01-03 07:00:00+00:00,4889.5,4929.0,4887.5,4898.0,90432
2017-01-04 07:00:00+00:00,4912.5,4918.0,4878.5,4898.5,69525
2017-01-05 07:00:00+00:00,4890.0,4905.0,4873.5,4900.0,69383
2017-01-06 07:00:00+00:00,4893.5,4915.5,4873.5,4909.0,77289
2017-01-09 07:00:00+00:00,4920.0,4924.0,4866.5,4886.5,77297
2017-01-10 07:00:00+00:00,4880.5,4907.5,4867.5,4887.0,63392
2017-01-11 07:00:00+00:00,4887.5,4916.5,4854.5,4888.0,99526
2017-01-12 07:00:00+00:00,4878.5,4890.5,4856.0,4863.0,83039
2017-01-13 07:00:00+00:00,4894.5,4923.5,4881.0,4921.5,83846
2017-01-16 07:00:00+00:00,4893.0,4911.0,4878.5,4882.0,91578
2017-01-17 07:00:00+00:00,4876.5,4890.0,4841.0,4860.0,221401
2017-01-18 07:00:00+00:00,4875.5,4881.0,4825.5,4853.5,239694
2017-01-19 07:00:00+00:00,4864.0,4867.5,4822.5,4840.5,127434
2017-01-20 07:00:00+00:00,4840.5,4868.0,4816.5,4848.5,97341
2017-01-23 07:00:00+00:00,4825.0,4842.0,4796.0,4819.5,90480
2017-01-24 07:00:00+00:00,4834.0,4854.0,4814.5,4827.5,70814
2017-01-25 07:00:00+00:00,4846.0,4888.0,4846.0,4875.0,94165
2017-01-26 07:00:00+00:00,4885.5,4900.0,4852.0,4864.5,101993
2017-01-27 07:00:00+00:00,4863.5,4869.0,4825.0,4837.5,75586
2017-01-30 07:00:00+00:00,4822.5,4829.5,4769.5,4782.5,84203
2017-01-31 07:00:00+00:00,4786.0,4811.5,4745.0,4747.5,127567
2017-02-01 07:00:00+00:00,4785.0,4823.5,4776.0,4793.5,92526
2017-02-02 07:00:00+00:00,4780.0,4810.5,4771.0,4792.0,81710
2017-02-03 07:00:00+00:00,4790.5,4846.5,4790.5,4823.0,74863
2017-02-06 07:00:00+00:00,4821.0,4841.5,4763.5,4776.5,108717
2017-02-07 07:00:00+00:00,4763.0,4787.5,4745.5,4753.5,80925
2017-02-08 07:00:00+00:00,4766.5,4791.0,4732.5,4765.5,94603
2017-02-09 07:00:00+00:00,4779.0,4832.0,4766.5,4825.5,93134
2017-02-10 07:00:00+00:00,4840.5,4848.0,4814.5,4827.5,81688
2017-02-13 07:00:00+00:00,4833.0,4907.5,4833.0,4888.5,147042
2017-02-14 07:00:00+00:00,4887.5,4911.0,4877.0,4896.0,248353
2017-02-15 07:00:00+00:00,4914.5,4932.5,4902.5,4924.5,205826
2017-02-16 07:00:00+00:00,4925.5,4930.5,4888.5,4899.5,103054
2017-02-17 07:00:00+00:00,4895.0,4901.5,4840.5,4865.5,117593
2017-02-20 07:00:00+00:00,4894.0,4903.5,4853.5,4863.0,55630
2017-02-21 07:00:00+00:00,4870.5,4899.5,4847.5,4887.0,75074
2017-02-22 07:00:00+00:00,4898.5,4921.5,4864.5,4894.5,89032
2017-02-23 07:00:00+00:00,4900.5,4916.0,4879.0,4890.5,69629
2017-02-24 07:00:00+00:00,4889.5,4890.5,4804.5,4844.0,155615
2017-02-27 07:00:00+00:00,4865.0,4869.0,4832.5,4844.5,65420
2017-02-28 07:00:00+00:00,4861.0,4867.0,4834.5,4858.0,69815
2017-03-01 07:00:00+00:00,4874.5,4974.5,4872.5,4961.0,128877
2017-03-02 07:00:00+00:00,4962.0,4973.0,4954.0,4963.0,69915
2017-03-03 07:00:00+00:00,4951.5,5011.5,4945.5,4994.5,85298
2017-03-06 07:00:00+00:00,4990.0,4994.5,4960.0,4972.0,71806
2017-03-07 07:00:00+00:00,4991.0,4991.0,4940.0,4954.5,93707
2017-03-08 07:00:00+00:00,4948.5,4976.0,4931.0,4960.5,116478
2017-03-09 07:00:00+00:00,4951.5,4989.0,4938.5,4981.5,113966
2017-03-10 07:00:00+00:00,4997.5,5022.0,4981.5,4993.0,98994
2017-03-13 07:00:00+00:00,4997.0,5013.5,4985.5,4999.5,173862
2017-03-14 07:00:00+00:00,5013.5,5014.0,4957.5,4974.5,221449
2017-03-15 07:00:00+00:00,4983.0,5007.5,4966.0,4986.0,218900
2017-03-16 07:00:00+00:00,5020.0,5036.5,5004.0,5013.5,121902
2017-03-17 07:00:00+00:00,4997.0,5023.5,4984.5,5013.5,90430
2017-03-20 07:00:00+00:00,5003.5,5021.0,4994.0,5003.0,56984
2017-03-21 07:00:00+00:00,5009.5,5046.5,4970.5,4993.0,101613
2017-03-22 07:00:00+00:00,4965.0,4998.0,4943.0,4986.0,91480
2017-03-23 07:00:00+00:00,4995.0,5025.5,4971.0,5024.0,84805
2017-03-24 07:00:00+00:00,5019.5,5023.5,4995.5,5012.0,72830
2017-03-27 06:00:00+00:00,4983.0,5017.5,4963.0,5011.0,80211
2017-03-28 06:00:00+00:00,5025.0,5059.0,5001.5,5039.5,74375
2017-03-29 06:00:00+00:00,5056.5,5068.0,5037.5,5062.5,77124
2017-03-30 06:00:00+00:00,5064.0,5086.0,5056.0,5083.0,56935
2017-03-31 06:00:00+00:00,5069.5,5126.5,5061.0,5115.5,79282
2017-04-03 06:00:00+00:00,5116.5,5131.5,5059.0,5080.0,105424
2017-04-04 06:00:00+00:00,5088.0,5106.5,5070.0,5095.5,77539
2017-04-05 06:00:00+00:00,5107.5,5118.5,5065.5,5086.5,85926
2017-04-06 06:00:00+00:00,5056.0,5121.5,5045.0,5115.5,97828
2017-04-07 06:00:00+00:00,5098.5,5141.5,5092.0,5129.5,82794
2017-04-10 06:00:00+00:00,5130.0,5135.0,5091.0,5102.5,82988
2017-04-11 06:00:00+00:00,5096.5,5114.5,5061.5,5096.5,107287
2017-04-12 06:00:00+00:00,5110.5,5138.5,5086.5,5095.5,97549
2017-04-13 06:00:00+00:00,5096.5,5096.5,5048.5,5066.5,108837
2017-04-18 06:00:00+00:00,5089.0,5091.0,4966.0,4988.0,264134
2017-04-19 06:00:00+00:00,4986.0,5012.0,4979.5,5004.0,337761
2017-04-20 06:00:00+00:00,4995.5,5098.5,4986.0,5079.5,184475
2017-04-21 06:00:00+00:00,5027.5,5030.5,4965.5,4996.5,157945
2017-04-24 06:00:00+00:00,5115.0,5334.5,5115.0,5210.0,212444
2017-04-25 06:00:00+00:00,5212.5,5238.5,5204.0,5223.0,97508
2017-04-26 06:00:00+00:00,5236.0,5241.0,5209.0,5232.0,77502
2017-04-27 06:00:00+00:00,5211.0,5224.0,5205.5,5215.5,79087
2017-04-28 06:00:00+00:00,5217.5,5236.0,5209.0,5215.0,70388
2017-05-02 06:00:00+00:00,5214.5,5266.0,5213.5,5253.5,75187
2017-05-03 06:00:00+00:00,5257.5,5261.5,5234.5,5253.5,67198
2017-05-04 06:00:00+00:00,5263.5,5338.5,5255.5,5326.5,110856
2017-05-05 06:00:00+00:00,5320.0,5436.5,5311.5,5400.5,109512
2017-05-08 06:00:00+00:00,5438.5,5444.5,5351.0,5360.0,103640
2017-05-09 06:00:00+00:00,5371.0,5392.5,5361.5,5374.5,87142
2017-05-10 06:00:00+00:00,5368.5,5382.5,5354.0,5377.0,76043
2017-05-11 06:00:00+00:00,5382.0,5388.0,5332.5,5360.0,95332
2017-05-12 06:00:00+00:00,5368.0,5392.0,5353.5,5384.0,70377
2017-05-15 06:00:00+00:00,5399.0,5407.0,5366.0,5400.0,146865
2017-05-16 06:00:00+00:00,5399.5,5416.5,5387.5,5404.5,306160
2017-05-17 06:00:00+00:00,5387.0,5396.5,5274.5,5317.5,307878
2017-05-18 06:00:00+00:00,5286.5,5324.0,5238.5,5290.0,172066
2017-05-19 06:00:00+00:00,5257.5,5285.5,5241.5,5275.0,95727
2017-05-22 06:00:00+00:00,5281.5,5292.5,5266.5,5274.5,51339
2017-05-23 06:00:00+00:00,5273.0,5322.0,5263.5,5299.5,79694
2017-05-24 06:00:00+00:00,5301.5,5311.5,5283.5,5298.0,55616
2017-05-25 06:00:00+00:00,5318.0,5334.0,5279.0,5294.5,74890
2017-05-26 06:00:00+00:00,5290.5,5298.5,5240.5,5295.5,65723
2017-05-29 06:00:00+00:00,5302.5,5305.0,5277.5,5293.5,26785
2017-05-30 06:00:00+00:00,5290.0,5290.0,5247.0,5281.5,72472
2017-05-31 06:00:00+00:00,5275.5,5319.0,5262.0,5266.5,99634
2017-06-01 06:00:00+00:00,5279.5,5325.5,5270.0,5301.5,71769
2017-06-02 06:00:00+00:00,5339.5,5358.0,5311.0,5327.0,90462
2017-06-05 06:00:00+00:00,5331.0,5334.0,5290.5,5299.0,49482
2017-06-06 06:00:00+00:00,5292.5,5293.0,5248.5,5262.5,86482
2017-06-07 06:00:00+00:00,5261.5,5315.0,5245.0,5259.0,106137
2017-06-08 06:00:00+00:00,5274.5,5285.5,5244.5,5258.5,95886
2017-06-09 06:00:00+00:00,5264.5,5319.5,5259.0,5293.0,150292
2017-06-12 06:00:00+00:00,5282.0,5289.0,5224.0,5240.5,222930
2017-06-13 06:00:00+00:00,5240.0,5284.0,5239.5,5261.5,258213
2017-06-14 06:00:00+00:00,5276.5,5316.0,5236.5,5243.5,215911
2017-06-15 06:00:00+00:00,5246.0,5252.0,5173.5,5216.5,137006
2017-06-16 06:00:00+00:00,5222.0,5265.5,5222.0,5254.5,101430
2017-06-19 06:00:00+00:00,5274.5,5324.0,5271.0,5303.5,77567
2017-06-20 06:00:00+00:00,5319.5,5333.0,5268.5,5285.5,72602
2017-06-21 06:00:00+00:00,5273.0,5282.5,5217.5,5269.5,95722
2017-06-22 06:00:00+00:00,5263.0,5282.0,5227.0,5276.5,70325
2017-06-23 06:00:00+00:00,5271.0,5281.0,5241.0,5261.5,63463
2017-06-26 06:00:00+00:00,5269.5,5319.5,5269.5,5291.0,75909
2017-06-27 06:00:00+00:00,5288.5,5290.0,5223.0,5254.0,92776
2017-06-28 06:00:00+00:00,5222.0,5271.0,5198.0,5248.0,111001
2017-06-29 06:00:00+00:00,5270.5,5280.0,5116.5,5149.5,143957
2017-06-30 06:00:00+00:00,5142.0,5189.5,5107.0,5116.5,111821
2017-07-03 06:00:00+00:00,5155.0,5197.0,5142.0,5191.0,70874
2017-07-04 06:00:00+00:00,5165.5,5196.0,5161.5,5172.5,45291
2017-07-05 06:00:00+00:00,5181.0,5192.0,5158.0,5178.5,70674
2017-07-06 06:00:00+00:00,5185.5,5186.0,5109.5,5151.0,97540
2017-07-07 06:00:00+00:00,5143.0,5160.0,5125.0,5144.0,60676
2017-07-10 06:00:00+00:00,5172.5,5179.0,5146.5,5164.5,54445
2017-07-11 06:00:00+00:00,5172.5,5186.0,5134.0,5139.5,58661
2017-07-12 06:00:00+00:00,5163.0,5239.5,5154.0,5222.0,99870
2017-07-13 06:00:00+00:00,5226.0,5260.5,5220.5,5234.5,58064
2017-07-14 06:00:00+00:00,5246.0,5249.5,5214.0,5234.5,63350
2017-07-17 06:00:00+00:00,5245.5,5250.0,5212.0,5229.5,115228
2017-07-18 06:00:00+00:00,5225.0,5234.5,5163.5,5173.0,293696
2017-07-19 06:00:00+00:00,5191.5,5229.5,5173.0,5216.5,186105
2017-07-20 06:00:00+00:00,5233.0,5252.0,5176.5,5199.0,171631
2017-07-21 06:00:00+00:00,5198.0,5208.5,5092.0,5116.0,126952
2017-07-24 06:00:00+00:00,5131.5,5143.5,5093.0,5127.0,77913
2017-07-25 06:00:00+00:00,5146.0,5194.0,5128.5,5160.5,89650
2017-07-26 06:00:00+00:00,5156.0,5208.5,5153.5,5189.5,83801
2017-07-27 06:00:00+00:00,5177.5,5218.0,5148.5,5185.5,81329
2017-07-28 06:00:00+00:00,5152.5,5159.5,5102.5,5129.0,102795
2017-07-31 06:00:00+00:00,5124.0,5147.0,5078.0,5090.0,75347
2017-08-01 06:00:00+00:00,5101.0,5148.0,5084.5,5125.0,74338
2017-08-02 06:00:00+00:00,5132.0,5137.0,5092.5,5105.0,62668
2017-08-03 06:00:00+00:00,5115.0,5142.0,5082.0,5130.0,70068
2017-08-04 06:00:00+00:00,5127.5,5216.5,5115.0,5205.0,87611
2017-08-07 06:00:00+00:00,5202.0,5220.5,5194.0,5205.0,45335
2017-08-08 06:00:00+00:00,5192.0,5232.5,5189.5,5220.0,54998
2017-08-09 06:00:00+00:00,5180.5,5184.0,5120.0,5145.0,112268
2017-08-10 06:00:00+00:00,5135.5,5148.5,5086.0,5114.0,86636
2017-08-11 06:00:00+00:00,5077.5,5093.0,5045.5,5060.0,104805
2017-08-14 06:00:00+00:00,5077.0,5136.0,5077.0,5121.0,150617
2017-08-15 06:00:00+00:00,5134.0,5159.5,5122.5,5140.0,233759
2017-08-16 06:00:00+00:00,5138.5,5201.0,5138.5,5176.5,224966
2017-08-17 06:00:00+00:00,5161.0,5181.5,5106.5,5146.5,166488
2017-08-18 06:00:00+00:00,5117.5,5127.0,5073.0,5112.0,98773
2017-08-21 06:00:00+00:00,5101.5,5108.5,5063.0,5085.0,69639
2017-08-22 06:00:00+00:00,5102.0,5137.5,5099.0,5130.5,61368
2017-08-23 06:00:00+00:00,5135.5,5148.5,5103.5,5114.0,69341
2017-08-24 06:00:00+00:00,5118.0,5135.5,5106.5,5112.0,51401
2017-08-25 06:00:00+00:00,5120.5,5141.0,5096.5,5103.0,63867
2017-08-28 06:00:00+00:00,5089.0,5106.0,5063.5,5079.0,52686
2017-08-29 06:00:00+00:00,5044.5,5056.5,4991.5,5031.0,112050
2017-08-30 06:00:00+00:00,5063.0,5074.5,5044.0,5055.0,57872
2017-08-31 06:00:00+00:00,5072.5,5104.0,5067.0,5084.5,79356
2017-09-01 06:00:00+00:00,5095.5,5138.5,5094.0,5122.0,129358
2017-09-04 06:00:00+00:00,5100.0,5114.5,5082.0,5103.0,32539
2017-09-05 06:00:00+00:00,5101.5,5125.5,5047.5,5085.0,80873
2017-09-06 06:00:00+00:00,5056.5,5133.0,5048.0,5101.0,92442
2017-09-07 06:00:00+00:00,5114.5,5149.0,5102.0,5114.0,98802
2017-09-08 06:00:00+00:00,5101.0,5118.0,5085.5,5113.5,70051
2017-09-11 06:00:00+00:00,5132.5,5190.0,5132.0,5175.0,183550
2017-09-12 06:00:00+00:00,5181.5,5219.5,5181.5,5209.0,218292
2017-09-13 06:00:00+00:00,5206.0,5227.5,5197.5,5218.0,155573
2017-09-14 06:00:00+00:00,5210.5,5234.0,5201.0,5225.5,94214
2017-09-15 06:00:00+00:00,5213.0,5225.5,5189.5,5214.0,94292
2017-09-18 06:00:00+00:00,5227.5,5230.5,5210.5,5218.5,48492
2017-09-19 06:00:00+00:00,5225.0,5227.5,5208.0,5226.0,46142
2017-09-20 06:00:00+00:00,5223.0,5264.0,5217.0,5230.5,52403
2017-09-21 06:00:00+00:00,5254.0,5268.0,5245.5,5256.0,51630
2017-09-22 06:00:00+00:00,5252.5,5285.5,5249.5,5270.0,61698
2017-09-25 06:00:00+00:00,5271.0,5283.5,5254.0,5263.5,57255
2017-09-26 06:00:00+00:00,5257.5,5271.5,5251.5,5266.0,49444
2017-09-27 06:00:00+00:00,5279.0,5297.0,5269.0,5278.0,80328
2017-09-28 06:00:00+00:00,5291.5,5296.0,5275.0,5291.0,46468
2017-09-29 06:00:00+00:00,5290.5,5327.5,5280.5,5326.5,64755
2017-10-02 06:00:00+00:00,5336.0,5354.5,5322.5,5346.0,56018
2017-10-03 06:00:00+00:00,5363.0,5372.5,5350.5,5363.5,32965
2017-10-04 06:00:00+00:00,5371.5,5372.5,5341.5,5360.0,68109
2017-10-05 06:00:00+00:00,5363.0,5382.5,5351.5,5376.0,52924
2017-10-06 06:00:00+00:00,5382.0,5383.0,5347.0,5357.5,52303
2017-10-09 06:00:00+00:00,5376.5,5376.5,5348.5,5363.5,49010
2017-10-10 06:00:00+00:00,5362.5,5375.5,5347.5,5360.5,63206
2017-10-11 06:00:00+00:00,5378.0,5378.5,5337.5,5362.5,58749
2017-10-12 06:00:00+00:00,5363.5,5368.0,5342.0,5360.5,43270
2017-10-13 06:00:00+00:00,5367.5,5372.5,5344.5,5351.5,60764
2017-10-16 06:00:00+00:00,5367.5,5372.0,5346.5,5363.0,101615
2017-10-17 06:00:00+00:00,5371.0,5376.5,5346.5,5361.0,262617
2017-10-18 06:00:00+00:00,5363.5,5394.0,5358.5,5383.0,183105
2017-10-19 06:00:00+00:00,5380.0,5382.5,5342.5,5368.5,120939
2017-10-20 06:00:00+00:00,5376.5,5391.0,5364.5,5369.5,67493
2017-10-23 06:00:00+00:00,5375.0,5406.5,5363.5,5384.0,66111
2017-10-24 06:00:00+00:00,5373.5,5410.5,5369.5,5392.0,53082
2017-10-25 06:00:00+00:00,5392.0,5413.5,5351.5,5371.5,74347
2017-10-26 06:00:00+00:00,5375.5,5470.5,5372.0,5453.0,105123
2017-10-27 06:00:00+00:00,5462.0,5511.0,5462.0,5491.5,87736
2017-10-30 07:00:00+00:00,5487.5,5505.5,5481.5,5491.5,50338
2017-10-31 07:00:00+00:00,5490.0,5510.5,5487.0,5501.5,53128
2017-11-01 07:00:00+00:00,5522.0,5534.5,5509.5,5512.0,74031
2017-11-02 07:00:00+00:00,5508.0,5519.5,5483.5,5509.0,74031
2017-11-03 07:00:00+00:00,5516.5,5521.5,5496.0,5516.0,50308
2017-11-06 07:00:00+00:00,5512.5,5515.0,5491.0,5506.0,45052
2017-11-07 07:00:00+00:00,5520.0,5525.5,5465.5,5480.5,83182
2017-11-08 07:00:00+00:00,5483.0,5497.0,5452.0,5472.0,73088
2017-11-09 07:00:00+00:00,5473.5,5480.5,5372.0,5408.0,73088
2017-11-10 07:00:00+00:00,5403.0,5416.5,5374.5,5381.0,77000
2017-11-13 07:00:00+00:00,5382.0,5393.0,5300.5,5341.5,206876
2017-11-14 07:00:00+00:00,5344.0,5366.5,5301.0,5315.5,206275
2017-11-15 07:00:00+00:00,5286.0,5313.0,5265.5,5301.0,217550
2017-11-16 07:00:00+00:00,5314.5,5351.0,5310.0,5336.0,217550
2017-11-17 07:00:00+00:00,5333.5,5342.5,5297.5,5312.5,86866
2017-11-20 07:00:00+00:00,5299.5,5343.0,5292.0,5334.5,62975
2017-11-21 07:00:00+00:00,5332.5,5381.5,5320.0,5360.5,90215
2017-11-22 07:00:00+00:00,5365.5,5385.5,5340.5,5347.0,59527
2017-11-23 07:00:00+00:00,5346.0,5387.0,5324.0,5374.0,59527
2017-11-24 07:00:00+00:00,5368.5,5416.0,5368.0,5385.0,54803
2017-11-27 07:00:00+00:00,5370.0,5404.5,5352.5,5355.0,60296
2017-11-28 07:00:00+00:00,5354.5,5416.5,5349.5,5385.5,61544
2017-11-29 07:00:00+00:00,5410.0,5437.0,5384.0,5393.5,72132
2017-11-30 07:00:00+00:00,5392.0,5425.5,5367.5,5367.5,72132
2017-12-01 07:00:00+00:00,5371.0,5375.5,5291.5,5312.5,170491
2017-12-04 07:00:00+00:00,5369.0,5402.5,5345.0,5385.0,101833
2017-12-05 07:00:00+00:00,5384.5,5397.5,5348.0,5375.5,97076
2017-12-06 07:00:00+00:00,5349.5,5387.0,5315.5,5374.5,88464
2017-12-07 07:00:00+00:00,5379.0,5396.5,5365.0,5384.0,88464
2017-12-08 07:00:00+00:00,5407.0,5426.5,5393.5,5399.5,59812
2017-12-11 07:00:00+00:00,5416.0,5418.5,5381.5,5386.5,153235
2017-12-12 07:00:00+00:00,5404.0,5428.0,5358.0,5427.5,231453
2017-12-13 07:00:00+00:00,5415.0,5430.0,5382.0,5399.5,167721
2017-12-14 07:00:00+00:00,5385.0,5401.0,5335.0,5357.5,167721
2017-12-15 07:00:00+00:00,5340.0,5363.5,5322.0,5342.0,77059
2017-12-18 07:00:00+00:00,5380.0,5423.5,5377.0,5415.5,78195
2017-12-19 07:00:00+00:00,5413.0,5422.5,5376.5,5383.5,52514
2017-12-20 07:00:00+00:00,5386.5,5391.0,5336.5,5352.5,71712
2017-12-21 07:00:00+00:00,5341.5,5390.0,5321.0,5385.0,71712
2017-12-22 07:00:00+00:00,5364.5,5385.5,5353.5,5363.0,33208
2017-12-27 07:00:00+00:00,5355.0,5388.0,5350.0,5368.0,36459
2017-12-28 07:00:00+00:00,5361.5,5370.0,5328.5,5338.0,36459
2017-12-29 07:00:00+00:00,5341.0,5346.0,5296.0,5310.5,40222
2018-01-02 07:00:00+00:00,5319.5,5327.5,5252.5,5285.5,72797
2018-01-03 07:00:00+00:00,5290.0,5347.5,5288.0,5328.5,65054
2018-01-04 07:00:00+00:00,5349.0,5430.0,5347.0,5412.0,65054
2018-01-05 07:00:00+00:00,5409.5,5476.0,5408.5,5469.0,66971
2018-01-08 07:00:00+00:00,5476.5,5497.5,5474.0,5486.0,62007
2018-01-09 07:00:00+00:00,5489.5,5533.5,5481.0,5522.0,53412
2018-01-10 07:00:00+00:00,5523.5,5528.0,5484.5,5503.5,75872
2018-01-11 07:00:00+00:00,5506.0,5516.0,5477.0,5487.0,75872
2018-01-12 07:00:00+00:00,5507.5,5519.5,5484.5,5515.5,58895
2018-01-15 07:00:00+00:00,5519.5,5524.5,5499.5,5508.5,68169
2018-01-16 07:00:00+00:00,5516.5,5536.5,5473.0,5513.5,262112
2018-01-17 07:00:00+00:00,5488.0,5521.0,5484.0,5494.0,177916
2018-01-18 07:00:00+00:00,5514.0,5516.5,5474.0,5495.0,177916
2018-01-19 07:00:00+00:00,5492.0,5533.5,5482.5,5524.0,67630
2018-01-22 07:00:00+00:00,5531.0,5557.0,5509.0,5540.0,53330
2018-01-23 07:00:00+00:00,5578.5,5579.5,5519.0,5533.5,62584
2018-01-24 07:00:00+00:00,5541.0,5541.0,5477.0,5493.5,72952
2018-01-25 07:00:00+00:00,5491.0,5524.5,5452.0,5478.5,72952
2018-01-26 07:00:00+00:00,5497.0,5552.5,5489.0,5527.0,62240
2018-01-29 07:00:00+00:00,5544.5,5544.5,5512.5,5519.5,44304
2018-01-30 07:00:00+00:00,5496.0,5517.5,5462.5,5472.0,79009
2018-01-31 07:00:00+00:00,5475.0,5496.0,5469.0,5480.5,68864
2018-02-01 07:00:00+00:00,5503.5,5529.0,5430.0,5453.5,68864
2018-02-02 07:00:00+00:00,5456.5,5463.0,5321.5,5363.5,115151
2018-02-05 07:00:00+00:00,5308.0,5338.5,5100.0,5284.5,109020
2018-02-06 07:00:00+00:00,5040.5,5280.0,5040.5,5160.0,280937
2018-02-07 07:00:00+00:00,5213.5,5266.0,5166.5,5253.5,170244
2018-02-08 07:00:00+00:00,5202.5,5247.5,5100.0,5150.5,170244
2018-02-09 07:00:00+00:00,5101.0,5154.5,4972.5,5077.5,167307
2018-02-12 07:00:00+00:00,5127.0,5177.0,5110.0,5138.5,158328
2018-02-13 07:00:00+00:00,5142.0,5154.5,5105.0,5107.5,264964
2018-02-14 07:00:00+00:00,5129.0,5203.0,5078.5,5164.5,191006
2018-02-15 07:00:00+00:00,5205.5,5255.0,5198.5,5222.0,191006
2018-02-16 07:00:00+00:00,5229.0,5295.5,5223.5,5278.0,88221
2018-02-19 07:00:00+00:00,5287.5,5298.5,5244.5,5252.5,31684
2018-02-20 07:00:00+00:00,5256.0,5291.0,5246.0,5287.5,57413
2018-02-21 07:00:00+00:00,5265.5,5317.5,5252.0,5300.0,54646
2018-02-22 07:00:00+00:00,5265.0,5320.0,5248.5,5307.0,54646
2018-02-23 07:00:00+00:00,5317.5,5339.0,5290.0,5315.5,46575
2018-02-26 07:00:00+00:00,5340.0,5368.0,5327.0,5342.0,47027
2018-02-27 07:00:00+00:00,5360.0,5362.5,5315.5,5342.5,55597
2018-02-28 07:00:00+00:00,5317.5,5356.5,5291.0,5319.0,61115
2018-03-01 07:00:00+00:00,5292.0,5316.0,5193.0,5261.0,61115
2018-03-02 07:00:00+00:00,5229.5,5237.5,5118.5,5135.0,113732
2018-03-05 07:00:00+00:00,5147.5,5194.5,5101.0,5166.0,81114
2018-03-06 07:00:00+00:00,5194.5,5215.5,5163.5,5168.0,59065
2018-03-07 07:00:00+00:00,5141.0,5204.5,5128.0,5186.5,83955
2018-03-08 07:00:00+00:00,5200.5,5264.0,5185.0,5253.5,83955
2018-03-09 07:00:00+00:00,5254.5,5292.0,5239.5,5273.0,70995
2018-03-12 07:00:00+00:00,5296.0,5306.5,5256.5,5275.5,212673
2018-03-13 07:00:00+00:00,5275.5,5312.5,5203.0,5242.5,227007
2018-03-14 07:00:00+00:00,5220.0,5274.0,5220.0,5233.0,159531
2018-03-15 07:00:00+00:00,5253.5,5275.5,5235.5,5268.0,159531
2018-03-16 07:00:00+00:00,5237.5,5279.0,5230.5,5261.5,68939
2018-03-19 07:00:00+00:00,5243.5,5254.5,5179.0,5208.0,70308
2018-03-20 07:00:00+00:00,5224.0,5245.5,5192.5,5236.5,64122
2018-03-21 07:00:00+00:00,5241.0,5247.0,5194.0,5224.0,80984
2018-03-22 07:00:00+00:00,5200.5,5217.0,5091.0,5151.5,80984
2018-03-23 07:00:00+00:00,5065.0,5115.0,5026.5,5080.0,117720
2018-03-26 06:00:00+00:00,5059.5,5112.0,5025.5,5050.5,93633
2018-03-27 06:00:00+00:00,5118.0,5136.0,5025.0,5102.0,84077
2018-03-28 06:00:00+00:00,5044.0,5146.0,5024.0,5117.5,106596
2018-03-29 06:00:00+00:00,5112.0,5184.0,5112.0,5154.5,81876
2018-04-03 06:00:00+00:00,5120.0,5164.0,5098.0,5139.0,77042
2018-04-04 06:00:00+00:00,5152.5,5178.0,5081.0,5129.0,92868
2018-04-05 06:00:00+00:00,5189.0,5271.5,5183.5,5265.0,92868
2018-04-06 06:00:00+00:00,5228.0,5271.5,5200.0,5247.0,77873
2018-04-09 06:00:00+00:00,5239.5,5279.5,5235.5,5252.5,60936
2018-04-10 06:00:00+00:00,5296.5,5302.5,5269.0,5296.5,63871
2018-04-11 06:00:00+00:00,5284.0,5293.0,5253.5,5267.5,63366
2018-04-12 06:00:00+00:00,5259.5,5302.0,5255.5,5298.5,63366
2018-04-13 06:00:00+00:00,5302.5,5329.5,5286.5,5304.5,61391
2018-04-16 06:00:00+00:00,5315.5,5321.5,5292.0,5306.0,115684
2018-04-17 06:00:00+00:00,5327.0,5369.0,5315.0,5351.5,220774
2018-04-18 06:00:00+00:00,5364.0,5383.0,5354.0,5378.0,164545
2018-04-19 06:00:00+00:00,5383.5,5397.0,5375.0,5390.0,164545
2018-04-20 06:00:00+00:00,5342.0,5369.5,5323.0,5355.5,70928
2018-04-23 06:00:00+00:00,5368.5,5385.5,5334.0,5382.0,51592
2018-04-24 06:00:00+00:00,5383.5,5399.5,5336.0,5391.5,63192
2018-04-25 06:00:00+00:00,5354.0,5394.0,5338.5,5364.5,87045
2018-04-26 06:00:00+00:00,5375.5,5428.0,5358.5,5406.5,87045
2018-04-27 06:00:00+00:00,5415.5,5440.0,5400.0,5436.0,55024
2018-04-30 06:00:00+00:00,5435.5,5475.0,5426.5,5473.0,56030
2018-05-02 06:00:00+00:00,5472.0,5499.5,5466.0,5490.0,77628
2018-05-03 06:00:00+00:00,5492.0,5500.0,5461.5,5474.0,77628
2018-05-04 06:00:00+00:00,5491.0,5505.5,5464.0,5494.0,59879
2018-05-07 06:00:00+00:00,5516.5,5516.5,5481.0,5509.0,41192
2018-05-08 06:00:00+00:00,5508.0,5510.0,5472.5,5499.0,61275
2018-05-09 06:00:00+00:00,5506.5,5524.0,5488.0,5512.0,50291
2018-05-10 06:00:00+00:00,5526.5,5531.5,5499.5,5523.5,50291
2018-05-11 06:00:00+00:00,5533.5,5541.5,5500.0,5538.5,63532
2018-05-14 06:00:00+00:00,5543.5,5546.0,5522.5,5540.0,150328
2018-05-15 06:00:00+00:00,5529.0,5563.5,5522.0,5553.0,233972
2018-05-16 06:00:00+00:00,5555.5,5582.5,5539.5,5567.5,179441
2018-05-17 06:00:00+00:00,5574.5,5624.5,5568.0,5621.5,179441
2018-05-18 06:00:00+00:00,5554.5,5581.0,5541.5,5552.5,79109
2018-05-21 06:00:00+00:00,5571.5,5597.0,5564.5,5577.0,41718
2018-05-22 06:00:00+00:00,5585.0,5602.0,5569.5,5588.5,59354
2018-05-23 06:00:00+00:00,5573.0,5578.5,5491.5,5514.5,119764
2018-05-24 06:00:00+00:00,5522.5,5547.5,5470.0,5497.0,119764
2018-05-25 06:00:00+00:00,5529.5,5539.5,5468.0,5491.5,82247
2018-05-28 06:00:00+00:00,5513.0,5533.5,5448.0,5465.0,56055
2018-05-29 06:00:00+00:00,5467.5,5469.0,5345.0,5396.5,178655
2018-05-30 06:00:00+00:00,5392.0,5436.5,5365.5,5407.5,118688
2018-05-31 06:00:00+00:00,5420.0,5434.0,5360.0,5378.0,118688
2018-06-01 06:00:00+00:00,5395.0,5467.0,5395.0,5446.5,105950
2018-06-04 06:00:00+00:00,5467.5,5487.0,5449.5,5456.5,60547
2018-06-05 06:00:00+00:00,5448.5,5500.0,5440.5,5448.0,75432
2018-06-06 06:00:00+00:00,5463.0,5474.5,5408.5,5446.5,97961
2018-06-07 06:00:00+00:00,5475.0,5490.5,5397.5,5437.5,71133
2018-06-08 06:00:00+00:00,5408.0,5461.0,5394.5,5440.5,97536
2018-06-11 06:00:00+00:00,5448.5,5497.5,5437.0,5473.5,157912
2018-06-12 06:00:00+00:00,5490.5,5499.5,5444.5,5453.0,226860
2018-06-13 06:00:00+00:00,5450.5,5475.0,5439.5,5452.5,210776
2018-06-14 06:00:00+00:00,5438.5,5556.0,5407.0,5529.0,105220
2018-06-15 06:00:00+00:00,5528.0,5554.5,5489.0,5495.5,96980
2018-06-18 06:00:00+00:00,5493.5,5496.5,5410.0,5443.0,72521
2018-06-19 06:00:00+00:00,5395.0,5412.5,5358.0,5384.0,87881
2018-06-20 06:00:00+00:00,5420.0,5425.0,5364.0,5365.5,71498
2018-06-21 06:00:00+00:00,5387.5,5396.5,5298.0,5313.5,95929
2018-06-22 06:00:00+00:00,5323.0,5391.5,5319.0,5385.5,71647
2018-06-25 06:00:00+00:00,5349.0,5360.5,5270.5,5281.0,81579
2018-06-26 06:00:00+00:00,5289.0,5313.5,5275.5,5278.5,68468
2018-06-27 06:00:00+00:00,5295.0,5369.5,5243.0,5325.0,95467
2018-06-28 06:00:00+00:00,5297.5,5338.5,5247.0,5272.0,113011
2018-06-29 06:00:00+00:00,5300.0,5356.0,5295.0,5320.5,82647
2018-07-02 06:00:00+00:00,5276.5,5296.0,5238.5,5274.0,79377
2018-07-03 06:00:00+00:00,5290.0,5335.0,5280.5,5314.5,59800
2018-07-04 06:00:00+00:00,5302.0,5332.0,5296.5,5319.0,33982
2018-07-05 06:00:00+00:00,5315.0,5392.5,5313.5,5365.0,71987
2018-07-06 06:00:00+00:00,5386.0,5401.5,5343.5,5375.0,56510
2018-07-09 06:00:00+00:00,5397.5,5418.5,5383.0,5397.5,48257
2018-07-10 06:00:00+00:00,5412.5,5437.5,5400.0,5433.5,51754
2018-07-11 06:00:00+00:00,5402.5,5402.5,5340.0,5353.0,71666
2018-07-12 06:00:00+00:00,5365.5,5416.0,5348.0,5405.0,62163
2018-07-13 06:00:00+00:00,5419.0,5440.0,5417.0,5429.0,45165
2018-07-16 06:00:00+00:00,5437.0,5439.5,5400.0,5409.0,115786
2018-07-17 06:00:00+00:00,5405.5,5446.0,5381.5,5422.0,206830
2018-07-18 06:00:00+00:00,5437.5,5460.0,5436.0,5447.5,133873
2018-07-19 06:00:00+00:00,5442.0,5444.5,5407.5,5416.5,90278
2018-07-20 06:00:00+00:00,5410.5,5422.0,5338.5,5396.0,114789
2018-07-23 06:00:00+00:00,5384.5,5390.0,5356.0,5377.0,46753
2018-07-24 06:00:00+00:00,5396.5,5452.5,5388.0,5433.0,68390
2018-07-25 06:00:00+00:00,5431.0,5479.0,5411.5,5424.5,64853
2018-07-26 06:00:00+00:00,5461.0,5479.0,5433.5,5479.0,80545
2018-07-27 06:00:00+00:00,5477.0,5514.0,5474.0,5510.5,53554
2018-07-30 06:00:00+00:00,5480.0,5507.0,5470.0,5489.5,38895
2018-07-31 06:00:00+00:00,5486.0,5528.5,5476.0,5510.0,62953
2018-08-01 06:00:00+00:00,5507.5,5530.5,5482.0,5497.0,61981
2018-08-02 06:00:00+00:00,5479.5,5489.0,5444.0,5459.5,68539
2018-08-03 06:00:00+00:00,5475.0,5498.0,5457.5,5477.5,45406
2018-08-06 06:00:00+00:00,5494.0,5501.0,5453.5,5475.5,47288
2018-08-07 06:00:00+00:00,5482.5,5550.0,5480.5,5520.5,52469
2018-08-08 06:00:00+00:00,5515.0,5530.0,5491.0,5500.5,46089
2018-08-09 06:00:00+00:00,5494.0,5503.5,5466.5,5501.5,51837
2018-08-10 06:00:00+00:00,5484.0,5484.0,5389.0,5414.0,104290
2018-08-13 06:00:00+00:00,5383.0,5429.5,5380.0,5412.0,139902
2018-08-14 06:00:00+00:00,5416.0,5448.5,5391.5,5403.0,233983
2018-08-15 06:00:00+00:00,5411.0,5418.0,5280.5,5304.5,171656
2018-08-16 06:00:00+00:00,5328.5,5366.5,5305.5,5349.0,91863
2018-08-17 06:00:00+00:00,5346.0,5365.0,5310.5,5342.0,69368
2018-08-20 06:00:00+00:00,5350.5,5395.0,5347.5,5377.0,46956
2018-08-21 06:00:00+00:00,5372.5,5425.0,5364.5,5406.0,51052
2018-08-22 06:00:00+00:00,5397.0,5429.5,5396.0,5418.0,46846
2018-08-23 06:00:00+00:00,5410.0,5435.5,5409.5,5417.0,37904
2018-08-24 06:00:00+00:00,5422.0,5448.5,5418.0,5430.5,42324
2018-08-27 06:00:00+00:00,5448.0,5486.5,5445.0,5477.5,42175
2018-08-28 06:00:00+00:00,5478.0,5505.0,5474.5,5483.0,45549
2018-08-29 06:00:00+00:00,5495.5,5509.5,5474.0,5499.5,43222
2018-08-30 06:00:00+00:00,5499.5,5499.5,5459.5,5477.0,60874
2018-08-31 06:00:00+00:00,5469.0,5474.5,5385.0,5405.5,83061
2018-09-03 06:00:00+00:00,5397.0,5416.5,5385.0,5412.5,37678
2018-09-04 06:00:00+00:00,5410.0,5429.0,5320.0,5341.0,84764
2018-09-05 06:00:00+00:00,5340.5,5341.0,5255.5,5258.5,99185
2018-09-06 06:00:00+00:00,5258.5,5291.0,5237.5,5241.5,87019
2018-09-07 06:00:00+00:00,5244.5,5265.5,5223.5,5251.0,75228
2018-09-10 06:00:00+00:00,5245.5,5290.0,5238.5,5268.0,64551
2018-09-11 06:00:00+00:00,5277.5,5296.5,5237.5,5282.5,67873
2018-09-12 06:00:00+00:00,5293.0,5338.5,5287.0,5331.0,86434
2018-09-13 06:00:00+00:00,5317.5,5365.5,5314.0,5327.0,82700
2018-09-14 06:00:00+00:00,5339.5,5361.5,5333.5,5351.5,68746
2018-09-17 06:00:00+00:00,5336.0,5360.0,5328.0,5348.0,163684
2018-09-18 06:00:00+00:00,5326.0,5390.5,5326.0,5363.0,175486
2018-09-19 06:00:00+00:00,5366.0,5406.5,5358.0,5393.5,154795
2018-09-20 06:00:00+00:00,5396.5,5464.5,5392.5,5452.0,91667
2018-09-21 06:00:00+00:00,5455.5,5487.5,5449.5,5482.5,86312
2018-09-24 06:00:00+00:00,5469.5,5477.5,5451.5,5465.0,53860
2018-09-25 06:00:00+00:00,5459.0,5493.5,5458.5,5475.0,48473
2018-09-26 06:00:00+00:00,5479.0,5517.5,5468.0,5509.0,55398
2018-09-27 06:00:00+00:00,5496.0,5543.5,5481.5,5537.0,58321
2018-09-28 06:00:00+00:00,5530.5,5533.0,5454.0,5489.5,95554
2018-10-01 06:00:00+00:00,5496.5,5516.5,5486.0,5502.5,54857
2018-10-02 06:00:00+00:00,5486.0,5486.0,5436.5,5464.0,78068
2018-10-03 06:00:00+00:00,5471.0,5508.0,5464.5,5487.5,64521
2018-10-04 06:00:00+00:00,5476.5,5479.0,5385.0,5407.5,91797
2018-10-05 06:00:00+00:00,5409.0,5415.5,5327.5,5355.5,78778
2018-10-08 06:00:00+00:00,5354.5,5355.5,5280.5,5296.0,77952
2018-10-09 06:00:00+00:00,5304.0,5334.0,5255.5,5314.5,98294
2018-10-10 06:00:00+00:00,5315.5,5328.0,5156.5,5205.5,116651
2018-10-11 06:00:00+00:00,5119.0,5175.0,5056.0,5105.0,170032
2018-10-12 06:00:00+00:00,5142.5,5173.5,5059.0,5094.5,118125
2018-10-15 06:00:00+00:00,5075.5,5106.5,5056.5,5094.0,144281
2018-10-16 06:00:00+00:00,5103.0,5182.5,5080.5,5171.5,198201
2018-10-17 06:00:00+00:00,5179.5,5204.5,5115.5,5144.0,210143
2018-10-18 06:00:00+00:00,5142.0,5175.5,5075.5,5116.5,118444
2018-10-19 06:00:00+00:00,5116.5,5134.5,5053.5,5081.5,109338
2018-10-22 06:00:00+00:00,5105.0,5133.5,5044.5,5050.0,81751
2018-10-23 06:00:00+00:00,5006.5,5039.5,4951.5,4964.5,134486
2018-10-24 06:00:00+00:00,5016.5,5040.0,4900.0,4949.5,123859
2018-10-25 06:00:00+00:00,4911.5,5047.0,4908.5,5029.0,129899
2018-10-26 06:00:00+00:00,4976.5,5001.5,4892.5,4963.5,148538
2018-10-29 07:00:00+00:00,4964.5,5027.5,4913.0,4985.5,97388
2018-10-30 07:00:00+00:00,4995.0,5018.0,4925.0,4975.5,102730
2018-10-31 07:00:00+00:00,5039.5,5103.5,5032.0,5090.0,108929
2018-11-01 07:00:00+00:00,5076.5,5117.0,5056.5,5082.0,93710
2018-11-02 07:00:00+00:00,5130.0,5159.0,5080.5,5098.5,98745
2018-11-05 07:00:00+00:00,5094.0,5122.0,5088.5,5098.0,54906
2018-11-06 07:00:00+00:00,5111.5,5123.0,5064.5,5074.0,64327
2018-11-07 07:00:00+00:00,5103.0,5162.0,5091.0,5136.5,62058
2018-11-08 07:00:00+00:00,5146.0,5167.0,5117.0,5130.5,74514
2018-11-09 07:00:00+00:00,5110.0,5119.5,5071.0,5106.5,79241
2018-11-12 07:00:00+00:00,5124.0,5141.0,5049.0,5058.5,120783
2018-11-13 07:00:00+00:00,5069.0,5107.5,5052.5,5101.5,195726
2018-11-14 07:00:00+00:00,5078.5,5132.5,5025.5,5068.5,213938
2018-11-15 07:00:00+00:00,5084.0,5107.5,4992.0,5033.5,124159
2018-11-16 07:00:00+00:00,5043.0,5065.0,4969.0,5009.0,94479
2018-11-19 07:00:00+00:00,5016.0,5047.5,4951.0,4970.0,76496
2018-11-20 07:00:00+00:00,4950.5,4960.5,4878.0,4909.5,105865
2018-11-21 07:00:00+00:00,4930.5,4964.0,4913.5,4960.0,78214
2018-11-22 07:00:00+00:00,4954.0,4958.5,4907.5,4923.0,58801
2018-11-23 07:00:00+00:00,4926.5,4953.5,4897.5,4932.0,54940
2018-11-26 07:00:00+00:00,4950.5,5008.5,4950.5,4979.5,75378
2018-11-27 07:00:00+00:00,4972.5,5010.0,4941.5,4968.0,75352
2018-11-28 07:00:00+00:00,4995.0,5026.0,4963.0,4969.5,72231
2018-11-29 07:00:00+00:00,5018.5,5024.0,4981.0,4992.0,78292
2018-11-30 07:00:00+00:00,5003.5,5011.0,4960.0,4990.0,67886
2018-12-03 07:00:00+00:00,5088.0,5103.5,5025.5,5039.5,93118
2018-12-04 07:00:00+00:00,5030.5,5036.0,4921.5,5003.5,88345
2018-12-05 07:00:00+00:00,4954.0,4968.0,4930.0,4935.5,78034
2018-12-06 07:00:00+00:00,4890.0,4901.0,4751.5,4772.0,157987
2018-12-07 07:00:00+00:00,4840.0,4869.0,4767.0,4804.5,114896
2018-12-10 07:00:00+00:00,4765.5,4803.0,4723.0,4734.5,123947
2018-12-11 07:00:00+00:00,4777.5,4846.0,4762.0,4798.0,116615
2018-12-12 07:00:00+00:00,4839.5,4920.5,4821.0,4901.5,102576
2018-12-13 07:00:00+00:00,4914.0,4928.0,4873.0,4889.0,110691
2018-12-14 07:00:00+00:00,4854.0,4866.0,4814.5,4846.0,169516
2018-12-17 07:00:00+00:00,4849.5,4865.0,4748.0,4792.5,233396
2018-12-18 07:00:00+00:00,4775.0,4805.5,4753.0,4753.5,188623
2018-12-19 07:00:00+00:00,4770.0,4803.5,4704.5,4777.0,143759
2018-12-20 07:00:00+00:00,4712.0,4724.5,4648.5,4692.5,125889
2018-12-21 07:00:00+00:00,4675.0,4697.0,4625.0,4691.5,127762
2018-12-24 07:00:00+00:00,4651.0,4665.5,4618.0,4623.5,21254
2018-12-27 07:00:00+00:00,4691.5,4703.5,4552.0,4596.0,115706
2018-12-28 07:00:00+00:00,4634.5,4698.5,4620.0,4676.0,84052
2018-12-31 07:00:00+00:00,4695.0,4736.0,4693.5,4728.5,27006
2019-01-02 07:00:00+00:00,4647.5,4707.0,4603.0,4686.5,97424
2019-01-03 07:00:00+00:00,4642.0,4669.5,4604.5,4609.0,92811
2019-01-04 07:00:00+00:00,4657.0,4752.0,4633.5,4734.5,97232
2019-01-07 07:00:00+00:00,4753.0,4760.5,4686.5,4716.5,76939
2019-01-08 07:00:00+00:00,4724.0,4808.0,4714.5,4770.5,87968
2019-01-09 07:00:00+00:00,4810.0,4841.5,4798.5,4811.0,78679
2019-01-10 07:00:00+00:00,4785.5,4820.5,4756.5,4803.5,69582
2019-01-11 07:00:00+00:00,4810.5,4819.5,4758.5,4779.5,75834
2019-01-14 07:00:00+00:00,4741.0,4773.0,4728.5,4761.5,112425
2019-01-15 07:00:00+00:00,4790.5,4817.5,4753.5,4786.0,238780
2019-01-16 07:00:00+00:00,4799.5,4817.0,4784.0,4810.5,150111
2019-01-17 07:00:00+00:00,4789.0,4821.5,4771.5,4794.5,119867
2019-01-18 07:00:00+00:00,4816.5,4881.0,4814.0,4873.5,101830
2019-01-21 07:00:00+00:00,4863.5,4870.0,4856.0,4864.5,34982
2019-01-22 07:00:00+00:00,4843.5,4861.0,4807.5,4845.0,62692
2019-01-23 07:00:00+00:00,4831.5,4873.5,4816.0,4837.5,75672
2019-01-24 07:00:00+00:00,4847.0,4882.5,4828.5,4869.5,70867
2019-01-25 07:00:00+00:00,4888.0,4930.0,4885.0,4923.0,64698
2019-01-28 07:00:00+00:00,4894.5,4910.0,4867.0,4886.0,60315
2019-01-29 07:00:00+00:00,4885.5,4947.5,4877.5,4925.5,74270
2019-01-30 07:00:00+00:00,4931.0,4991.0,4922.5,4973.0,70140
2019-01-31 07:00:00+00:00,4985.5,5015.0,4952.0,4991.0,87426
2019-02-01 07:00:00+00:00,4989.0,5024.0,4978.5,5018.0,71158
2019-02-04 07:00:00+00:00,5014.5,5019.0,4968.5,4998.5,57541
2019-02-05 07:00:00+00:00,5014.0,5082.5,4996.0,5081.5,74892
2019-02-06 07:00:00+00:00,5074.0,5083.5,5056.5,5077.5,53655
2019-02-07 07:00:00+00:00,5063.0,5082.0,4978.0,4985.0,107836
2019-02-08 07:00:00+00:00,4996.0,5005.5,4945.0,4961.5,88821
2019-02-11 07:00:00+00:00,4992.5,5023.5,4982.5,5014.0,126345
2019-02-12 07:00:00+00:00,5042.0,5073.5,5038.5,5055.5,195123
2019-02-13 07:00:00+00:00,5075.0,5091.5,5060.0,5073.0,126616
2019-02-14 07:00:00+00:00,5083.5,5120.5,5060.5,5062.0,133815
2019-02-15 07:00:00+00:00,5056.5,5163.0,5049.5,5151.0,124419
2019-02-18 07:00:00+00:00,5168.0,5169.5,5144.5,5165.5,47758
2019-02-19 07:00:00+00:00,5168.5,5174.5,5134.0,5158.0,71377
2019-02-20 07:00:00+00:00,5166.0,5205.0,5156.0,5193.5,61559
2019-02-21 07:00:00+00:00,5201.5,5214.5,5178.0,5194.0,68832
2019-02-22 07:00:00+00:00,5190.5,5225.0,5185.5,5214.0,49182
2019-02-25 07:00:00+00:00,5230.0,5241.0,5211.5,5230.0,51418
2019-02-26 07:00:00+00:00,5210.0,5247.5,5195.5,5237.0,82423
2019-02-27 07:00:00+00:00,5224.5,5236.0,5209.5,5223.5,62275
2019-02-28 07:00:00+00:00,5212.5,5247.5,5201.5,5239.0,67857
2019-03-01 07:00:00+00:00,5264.0,5285.5,5260.0,5263.0,74128
2019-03-04 07:00:00+00:00,5293.0,5309.5,5257.5,5284.5,65620
2019-03-05 07:00:00+00:00,5285.5,5301.0,5265.5,5296.5,58441
2019-03-06 07:00:00+00:00,5291.5,5314.5,5276.5,5287.5,67864
2019-03-07 07:00:00+00:00,5274.0,5306.0,5248.0,5267.0,97134
2019-03-08 07:00:00+00:00,5238.0,5253.0,5220.5,5231.0,95047
2019-03-11 07:00:00+00:00,5263.0,5282.0,5229.5,5265.5,195822
2019-03-12 07:00:00+00:00,5289.5,5295.0,5244.0,5269.5,225315
2019-03-13 07:00:00+00:00,5253.0,5317.5,5249.5,5305.5,152018
2019-03-14 07:00:00+00:00,5302.0,5358.5,5297.5,5349.5,87809
2019-03-15 07:00:00+00:00,5334.5,5401.0,5329.0,5385.0,112075
2019-03-18 07:00:00+00:00,5396.0,5402.0,5382.0,5393.5,50111
2019-03-19 07:00:00+00:00,5396.5,5431.0,5389.5,5414.0,71025
2019-03-20 07:00:00+00:00,5395.5,5418.0,5370.0,5372.0,81334
2019-03-21 07:00:00+00:00,5379.5,5393.0,5338.0,5368.5,80457
2019-03-22 07:00:00+00:00,5382.0,5395.5,5245.5,5259.5,116524
2019-03-25 07:00:00+00:00,5236.0,5267.0,5223.0,5250.5,82656
2019-03-26 07:00:00+00:00,5263.5,5306.0,5247.0,5297.0,67044
2019-03-27 07:00:00+00:00,5314.0,5334.5,5271.0,5294.0,78734
2019-03-28 07:00:00+00:00,5308.0,5321.0,5284.5,5289.5,56917
2019-03-29 07:00:00+00:00,5317.5,5355.5,5308.0,5343.0,78223
2019-04-01 06:00:00+00:00,5383.5,5416.5,5368.0,5398.5,68284
2019-04-02 06:00:00+00:00,5402.0,5438.5,5396.0,5416.0,57727
2019-04-03 06:00:00+00:00,5459.5,5469.0,5444.0,5462.5,75511
2019-04-04 06:00:00+00:00,5458.0,5468.5,5441.5,5457.0,57617
2019-04-05 06:00:00+00:00,5463.0,5482.5,5459.0,5470.0,65943
2019-04-08 06:00:00+00:00,5465.5,5481.0,5454.5,5465.5,50089
2019-04-09 06:00:00+00:00,5451.0,5485.5,5427.0,5430.5,83738
2019-04-10 06:00:00+00:00,5439.0,5465.0,5433.0,5444.0,67016
2019-04-11 06:00:00+00:00,5459.5,5493.5,5439.0,5480.0,102498
2019-04-12 06:00:00+00:00,5485.5,5509.5,5469.0,5497.0,89383
2019-04-15 06:00:00+00:00,5505.5,5517.5,5496.0,5507.5,246103
2019-04-16 06:00:00+00:00,5514.0,5534.5,5503.5,5529.0,198394
2019-04-17 06:00:00+00:00,5534.0,5570.0,5523.0,5563.0,103725
2019-04-18 06:00:00+00:00,5477.5,5540.0,5467.0,5519.5,99219
2019-04-23 06:00:00+00:00,5523.0,5541.5,5508.0,5535.0,128807
2019-04-24 06:00:00+00:00,5522.5,5541.0,5500.5,5519.5,71867
2019-04-25 06:00:00+00:00,5528.0,5529.5,5486.0,5506.0,58834
2019-04-26 06:00:00+00:00,5517.0,5528.0,5499.0,5522.0,58213
2019-04-29 06:00:00+00:00,5530.0,5547.0,5498.5,5534.0,58258
2019-04-30 06:00:00+00:00,5526.5,5560.0,5512.5,5546.5,65813
2019-05-02 06:00:00+00:00,5532.0,5550.0,5497.0,5514.0,78733
2019-05-03 06:00:00+00:00,5520.5,5540.0,5509.0,5523.5,49001
2019-05-06 06:00:00+00:00,5451.5,5481.5,5396.5,5459.5,97172
2019-05-07 06:00:00+00:00,5452.5,5473.0,5346.0,5377.0,102513
2019-05-08 06:00:00+00:00,5371.0,5410.5,5359.0,5399.0,95790
2019-05-09 06:00:00+00:00,5381.0,5382.0,5302.0,5309.0,110347
2019-05-10 06:00:00+00:00,5344.0,5391.5,5308.0,5324.0,94274
2019-05-13 06:00:00+00:00,5337.5,5339.5,5242.5,5259.5,199629
2019-05-14 06:00:00+00:00,5279.0,5356.5,5279.0,5341.0,266769
2019-05-15 06:00:00+00:00,5351.0,5379.5,5296.0,5374.0,208007
2019-05-16 06:00:00+00:00,5354.0,5453.0,5345.5,5448.0,110171
2019-05-17 06:00:00+00:00,5346.5,5386.0,5335.5,5372.5,107052
2019-05-20 06:00:00+00:00,5368.0,5379.0,5271.0,5298.0,92044
2019-05-21 06:00:00+00:00,5319.5,5343.0,5296.5,5333.0,63753
2019-05-22 06:00:00+00:00,5327.5,5348.5,5292.0,5327.0,80144
2019-05-23 06:00:00+00:00,5295.5,5298.0,5219.0,5229.5,100123
2019-05-24 06:00:00+00:00,5256.5,5289.5,5244.5,5268.5,62525
2019-05-27 06:00:00+00:00,5286.5,5327.0,5284.0,5297.5,33130
2019-05-28 06:00:00+00:00,5314.0,5320.0,5246.0,5274.5,91380
2019-05-29 06:00:00+00:00,5243.0,5247.5,5179.5,5198.5,101633
2019-05-30 06:00:00+00:00,5218.0,5238.0,5206.0,5226.0,75465
2019-05-31 06:00:00+00:00,5183.0,5191.5,5138.0,5185.0,107670
2019-06-03 06:00:00+00:00,5150.5,5220.5,5131.0,5220.5,106493
2019-06-04 06:00:00+00:00,5193.5,5262.5,5172.5,5250.5,96086
2019-06-05 06:00:00+00:00,5255.0,5290.5,5247.5,5275.5,80040
2019-06-06 06:00:00+00:00,5268.0,5319.5,5243.5,5262.0,92058
2019-06-07 06:00:00+00:00,5277.5,5374.0,5273.5,5348.0,90740
2019-06-10 06:00:00+00:00,5367.0,5385.5,5356.5,5370.0,48251
2019-06-11 06:00:00+00:00,5378.0,5426.0,5372.5,5403.0,94805
2019-06-12 06:00:00+00:00,5375.5,5390.5,5353.5,5370.0,68837
2019-06-13 06:00:00+00:00,5359.0,5387.5,5347.5,5370.5,56818
2019-06-14 06:00:00+00:00,5373.0,5375.5,5336.5,5362.5,67757
2019-06-17 06:00:00+00:00,5369.0,5405.0,5362.5,5386.5,183485
2019-06-18 06:00:00+00:00,5382.0,5515.5,5373.0,5508.0,277805
2019-06-19 06:00:00+00:00,5506.0,5530.5,5494.5,5517.0,170935
2019-06-20 06:00:00+00:00,5541.5,5565.0,5525.0,5536.0,68984
2019-06-21 06:00:00+00:00,5518.0,5575.0,5495.5,5521.0,86714
2019-06-24 06:00:00+00:00,5509.0,5540.5,5500.0,5514.5,49848
2019-06-25 06:00:00+00:00,5494.5,5518.5,5487.5,5509.0,57969
2019-06-26 06:00:00+00:00,5495.5,5526.5,5486.5,5495.5,48273
2019-06-27 06:00:00+00:00,5507.5,5511.0,5460.0,5488.5,56754
2019-06-28 06:00:00+00:00,5488.5,5540.5,5479.0,5533.0,54330
2019-07-01 06:00:00+00:00,5584.0,5607.5,5557.5,5562.5,71144
2019-07-02 06:00:00+00:00,5571.5,5578.5,5549.5,5572.0,66923
2019-07-03 06:00:00+00:00,5581.0,5631.0,5574.0,5616.5,50741
2019-07-04 06:00:00+00:00,5621.0,5628.5,5611.0,5619.0,25466
2019-07-05 06:00:00+00:00,5614.0,5621.5,5571.5,5592.0,57607
2019-07-08 06:00:00+00:00,5576.0,5599.0,5571.5,5589.0,54330
2019-07-09 06:00:00+00:00,5579.5,5583.5,5543.5,5571.5,71506
2019-07-10 06:00:00+00:00,5574.0,5605.5,5556.5,5567.0,65205
2019-07-11 06:00:00+00:00,5589.5,5593.0,5547.5,5551.5,56455
2019-07-12 06:00:00+00:00,5570.0,5587.5,5552.0,5572.5,53646
2019-07-15 06:00:00+00:00,5583.5,5607.5,5549.5,5578.0,175986
2019-07-16 06:00:00+00:00,5577.5,5627.0,5571.5,5614.0,207849
2019-07-17 06:00:00+00:00,5606.5,5621.5,5560.0,5571.5,194900
2019-07-18 06:00:00+00:00,5534.5,5586.5,5530.0,5551.0,112571
2019-07-19 06:00:00+00:00,5576.5,5596.5,5531.5,5549.5,91056
2019-07-22 06:00:00+00:00,5552.5,5576.0,5542.5,5566.0,67236
2019-07-23 06:00:00+00:00,5576.5,5638.5,5571.5,5617.5,82459
2019-07-24 06:00:00+00:00,5620.0,5631.5,5580.5,5604.0,61978
2019-07-25 06:00:00+00:00,5641.5,5672.5,5546.5,5576.0,121846
2019-07-26 06:00:00+00:00,5591.0,5615.0,5566.5,5609.0,60349
2019-07-29 06:00:00+00:00,5599.5,5624.0,5585.5,5600.0,46755
2019-07-30 06:00:00+00:00,5605.0,5616.5,5484.5,5509.5,102861
2019-07-31 06:00:00+00:00,5528.0,5539.0,5461.0,5518.5,95934
2019-08-01 06:00:00+00:00,5503.0,5564.5,5449.5,5557.0,125691
2019-08-02 06:00:00+00:00,5447.0,5457.0,5349.0,5357.5,185433
2019-08-05 06:00:00+00:00,5305.0,5317.0,5187.0,5240.5,150493
2019-08-06 06:00:00+00:00,5241.5,5296.0,5228.0,5232.5,125384
2019-08-07 06:00:00+00:00,5248.0,5311.0,5223.5,5265.0,116151
2019-08-08 06:00:00+00:00,5325.0,5388.0,5303.0,5386.5,101752
2019-08-09 06:00:00+00:00,5353.5,5376.0,5316.0,5326.5,87652
2019-08-12 06:00:00+00:00,5356.5,5386.0,5282.5,5309.0,174243
2019-08-13 06:00:00+00:00,5307.5,5405.0,5267.0,5362.5,236631
2019-08-14 06:00:00+00:00,5374.5,5378.5,5228.0,5250.5,213624
2019-08-15 06:00:00+00:00,5257.0,5281.5,5169.5,5237.0,139419
2019-08-16 06:00:00+00:00,5266.5,5303.5,5245.0,5297.5,99105
2019-08-19 06:00:00+00:00,5320.0,5375.0,5316.0,5368.0,79262
2019-08-20 06:00:00+00:00,5368.5,5388.5,5325.0,5341.5,63439
2019-08-21 06:00:00+00:00,5344.5,5438.5,5343.5,5432.0,67251
2019-08-22 06:00:00+00:00,5422.0,5437.0,5374.0,5385.0,80083
2019-08-23 06:00:00+00:00,5410.0,5422.0,5282.5,5324.0,102422
2019-08-26 06:00:00+00:00,5263.0,5377.0,5263.0,5348.0,86081
2019-08-27 06:00:00+00:00,5345.5,5397.0,5317.5,5384.0,70336
2019-08-28 06:00:00+00:00,5374.5,5377.5,5319.0,5366.0,70206
2019-08-29 06:00:00+00:00,5352.0,5457.0,5350.0,5447.5,79521
2019-08-30 06:00:00+00:00,5461.0,5502.0,5442.5,5478.0,75429
2019-09-02 06:00:00+00:00,5476.0,5500.5,5460.5,5490.5,49226
2019-09-03 06:00:00+00:00,5488.0,5499.0,5437.5,5464.0,85163
2019-09-04 06:00:00+00:00,5494.5,5536.0,5493.5,5530.0,68501
2019-09-05 06:00:00+00:00,5578.5,5604.5,5557.0,5591.5,90549
2019-09-06 06:00:00+00:00,5589.0,5610.0,5578.5,5602.5,69753
2019-09-09 06:00:00+00:00,5602.0,5611.5,5570.5,5588.0,57632
2019-09-10 06:00:00+00:00,5585.5,5606.5,5554.0,5592.0,79917
2019-09-11 06:00:00+00:00,5597.0,5625.5,5596.5,5617.0,102257
2019-09-12 06:00:00+00:00,5634.0,5667.5,5590.0,5641.5,139792
2019-09-13 06:00:00+00:00,5647.5,5671.5,5637.0,5654.5,92366
2019-09-16 06:00:00+00:00,5625.0,5634.0,5602.0,5602.0,183959
2019-09-17 06:00:00+00:00,5600.0,5621.0,5587.0,5616.0,205826
2019-09-18 06:00:00+00:00,5615.0,5639.0,5601.0,5621.0,137610
2019-09-19 06:00:00+00:00,5624.5,5665.5,5616.0,5659.5,93308
2019-09-20 06:00:00+00:00,5643.0,5687.5,5636.0,5681.5,113054
2019-09-23 06:00:00+00:00,5668.5,5675.0,5611.0,5622.0,71117
2019-09-24 06:00:00+00:00,5637.5,5640.5,5587.0,5619.5,59739
2019-09-25 06:00:00+00:00,5607.5,5608.0,5522.5,5575.0,94224
2019-09-26 06:00:00+00:00,5576.0,5633.0,5561.0,5612.0,83570
2019-09-27 06:00:00+00:00,5630.5,5644.0,5602.0,5639.0,60327
2019-09-30 06:00:00+00:00,5627.5,5678.5,5619.5,5676.0,70035
2019-10-01 06:00:00+00:00,5693.0,5704.5,5579.0,5595.5,89726
2019-10-02 06:00:00+00:00,5594.0,5594.5,5409.0,5420.5,124821
2019-10-03 06:00:00+00:00,5417.0,5471.5,5390.0,5436.5,131813
2019-10-04 06:00:00+00:00,5466.5,5505.5,5423.5,5486.0,87513
2019-10-07 06:00:00+00:00,5477.5,5537.5,5458.5,5520.0,63406
2019-10-08 06:00:00+00:00,5529.0,5538.5,5447.5,5455.5,87033
2019-10-09 06:00:00+00:00,5465.0,5525.5,5445.0,5497.5,64761
2019-10-10 06:00:00+00:00,5513.0,5581.0,5485.0,5568.0,93139
2019-10-11 06:00:00+00:00,5587.0,5675.0,5563.5,5665.0,115558
2019-10-14 06:00:00+00:00,5648.5,5654.0,5598.5,5642.5,164477
2019-10-15 06:00:00+00:00,5659.0,5725.0,5658.5,5701.5,250678
2019-10-16 06:00:00+00:00,5694.5,5710.5,5676.5,5696.5,159942
2019-10-17 06:00:00+00:00,5683.5,5738.0,5656.5,5673.0,112992
2019-10-18 06:00:00+00:00,5656.0,5665.0,5615.0,5633.0,89781
2019-10-21 06:00:00+00:00,5642.5,5662.0,5621.0,5644.5,51481
2019-10-22 06:00:00+00:00,5651.5,5658.0,5609.0,5654.0,54371
2019-10-23 06:00:00+00:00,5622.5,5656.5,5611.5,5650.0,58109
2019-10-24 06:00:00+00:00,5666.5,5689.0,5654.5,5680.5,66448
2019-10-25 06:00:00+00:00,5689.0,5721.0,5668.0,5718.5,87418
2019-10-28 07:00:00+00:00,5725.5,5744.0,5707.0,5727.0,57140
2019-10-29 07:00:00+00:00,5728.0,5750.0,5711.0,5736.5,64855
2019-10-30 07:00:00+00:00,5744.5,5774.0,5711.0,5762.0,79340
2019-10-31 07:00:00+00:00,5769.0,5779.5,5713.5,5727.0,92596
2019-11-01 07:00:00+00:00,5760.0,5775.5,5736.0,5758.5,59628
2019-11-04 07:00:00+00:00,5787.5,5831.5,5776.5,5821.5,68766
2019-11-05 07:00:00+00:00,5839.5,5849.5,5818.0,5846.0,61753
2019-11-06 07:00:00+00:00,5841.5,5876.5,5837.5,5865.5,66661
2019-11-07 07:00:00+00:00,5865.0,5906.5,5865.0,5890.5,69854
2019-11-08 07:00:00+00:00,5864.0,5902.5,5861.0,5889.5,69007
2019-11-11 07:00:00+00:00,5865.5,5906.5,5863.0,5894.0,93165
2019-11-12 07:00:00+00:00,5910.5,5931.5,5897.0,5920.0,224393
2019-11-13 07:00:00+00:00,5906.5,5917.0,5873.0,5907.0,181618
2019-11-14 07:00:00+00:00,5899.0,5917.5,5889.5,5901.0,99111
2019-11-15 07:00:00+00:00,5931.5,5939.0,5898.5,5930.0,71062
2019-11-18 07:00:00+00:00,5929.0,5938.5,5891.0,5921.0,59727
2019-11-19 07:00:00+00:00,5932.0,5959.0,5886.5,5900.5,66902
2019-11-20 07:00:00+00:00,5880.0,5895.0,5849.5,5886.0,75738
2019-11-21 07:00:00+00:00,5854.0,5888.0,5826.0,5873.0,74192
2019-11-22 07:00:00+00:00,5882.0,5923.0,5876.5,5885.0,62694
2019-11-25 07:00:00+00:00,5920.5,5927.5,5901.0,5918.0,38157
2019-11-26 07:00:00+00:00,5924.0,5935.0,5903.0,5923.0,49607
2019-11-27 07:00:00+00:00,5936.5,5944.0,5914.5,5920.0,50127
2019-11-28 07:00:00+00:00,5905.5,5913.0,5893.5,5906.5,28198
2019-11-29 07:00:00+00:00,5890.0,5924.0,5878.5,5899.0,48465
2019-12-02 07:00:00+00:00,5910.5,5944.5,5775.5,5782.0,121706
2019-12-03 07:00:00+00:00,5798.0,5806.0,5692.0,5723.5,114679
2019-12-04 07:00:00+00:00,5758.5,5809.5,5721.0,5795.5,91955
2019-12-05 07:00:00+00:00,5797.5,5847.0,5793.0,5797.5,60259
2019-12-06 07:00:00+00:00,5824.0,5872.0,5810.0,5871.0,65027
2019-12-09 07:00:00+00:00,5865.5,5870.0,5822.5,5836.5,55349
2019-12-10 07:00:00+00:00,5828.0,5855.5,5774.5,5847.5,88414
2019-12-11 07:00:00+00:00,5850.5,5865.5,5824.0,5860.5,54319
2019-12-12 07:00:00+00:00,5868.0,5918.0,5843.0,5884.0,98982
2019-12-13 07:00:00+00:00,5976.5,5987.0,5905.5,5918.5,149604
2019-12-16 07:00:00+00:00,5947.5,6003.5,5941.0,5991.5,288894
2019-12-17 07:00:00+00:00,5986.0,5995.5,5954.5,5968.5,192748
2019-12-18 07:00:00+00:00,5965.0,5983.5,5956.5,5959.0,151604
2019-12-19 07:00:00+00:00,5966.5,5973.5,5942.0,5972.5,64261
2019-12-20 07:00:00+00:00,5968.0,6019.0,5958.0,6012.5,101198
2019-12-23 07:00:00+00:00,6006.5,6029.0,5997.0,6022.0,44395
2019-12-24 07:00:00+00:00,6030.0,6030.0,6017.5,6022.5,9548
2019-12-27 07:00:00+00:00,6048.5,6057.5,6015.0,6030.0,48197
2019-12-30 07:00:00+00:00,6019.0,6031.0,5970.0,5974.0,57823
2019-12-31 07:00:00+00:00,5974.5,5980.0,5949.0,5970.0,25488
2020-01-02 07:00:00+00:00,6011.5,6061.0,6001.5,6033.5,83418
2020-01-03 07:00:00+00:00,6013.0,6039.0,5986.5,6036.0,77711
2020-01-06 07:00:00+00:00,5991.5,6025.5,5952.5,6011.5,79331
2020-01-07 07:00:00+00:00,6036.5,6064.0,5997.0,6010.5,78165
2020-01-08 07:00:00+00:00,5982.0,6062.5,5969.5,6029.5,77242
2020-01-09 07:00:00+00:00,6066.0,6076.0,6032.5,6041.5,67945
2020-01-10 07:00:00+00:00,6061.0,6061.5,6009.5,6035.5,51789
2020-01-13 07:00:00+00:00,6034.5,6058.0,6017.0,6034.5,182876
2020-01-14 07:00:00+00:00,6044.0,6046.0,5978.0,6041.0,252044
2020-01-15 07:00:00+00:00,6034.0,6054.0,6009.5,6031.5,140376
2020-01-16 07:00:00+00:00,6037.5,6059.5,6020.5,6039.0,79290
2020-01-17 07:00:00+00:00,6058.0,6107.0,6050.0,6096.5,91222
2020-01-20 07:00:00+00:00,6099.5,6100.0,6066.5,6074.0,53188
2020-01-21 07:00:00+00:00,6044.0,6048.5,5986.5,6042.0,85851
2020-01-22 07:00:00+00:00,6066.0,6068.5,5995.0,6007.0,83274
2020-01-23 07:00:00+00:00,5984.0,6020.5,5957.0,5967.5,85319
2020-01-24 07:00:00+00:00,6005.5,6062.5,5981.0,6021.5,97402
2020-01-27 07:00:00+00:00,5941.5,5941.5,5847.0,5859.5,130592
2020-01-28 07:00:00+00:00,5889.5,5931.0,5853.5,5922.5,108839
2020-01-29 07:00:00+00:00,5922.0,5967.5,5912.0,5951.0,83622
2020-01-30 07:00:00+00:00,5906.0,5910.0,5843.0,5870.0,101291
2020-01-31 07:00:00+00:00,5899.0,5907.5,5761.5,5804.0,108943
2020-02-03 07:00:00+00:00,5818.0,5856.0,5802.0,5831.0,78468
2020-02-04 07:00:00+00:00,5873.5,5935.0,5853.5,5933.5,77586
2020-02-05 07:00:00+00:00,5912.5,6003.0,5910.0,5983.5,92521
2020-02-06 07:00:00+00:00,6027.5,6050.0,6006.5,6036.5,71681
2020-02-07 07:00:00+00:00,6043.0,6048.5,5997.5,6028.5,59871
2020-02-10 07:00:00+00:00,6024.0,6033.0,5992.5,6015.0,56209
2020-02-11 07:00:00+00:00,6066.0,6066.0,6031.0,6054.0,58286
2020-02-12 07:00:00+00:00,6071.5,6117.0,6060.5,6104.0,59508
2020-02-13 07:00:00+00:00,6092.0,6098.5,6027.5,6092.5,89658
2020-02-14 07:00:00+00:00,6093.0,6099.0,6055.5,6069.0,59470
2020-02-17 07:00:00+00:00,6092.0,6092.0,6064.5,6085.5,105756
2020-02-18 07:00:00+00:00,6054.5,6079.5,6036.0,6056.5,261837
2020-02-19 07:00:00+00:00,6085.5,6111.5,6071.5,6110.0,155571
2020-02-20 07:00:00+00:00,6100.0,6110.5,6056.0,6061.5,85960
2020-02-21 07:00:00+00:00,6052.5,6064.5,5991.5,6027.0,129863
2020-02-24 07:00:00+00:00,5911.5,5920.5,5751.0,5784.0,205957
2020-02-25 07:00:00+00:00,5827.5,5833.0,5593.5,5731.5,184144
2020-02-26 07:00:00+00:00,5630.0,5706.5,5520.5,5681.5,225651
2020-02-27 07:00:00+00:00,5550.0,5610.0,5385.0,5493.0,241898
2020-02-28 07:00:00+00:00,5270.0,5374.5,5223.5,5306.5,355245
2020-03-02 07:00:00+00:00,5361.0,5438.0,5190.0,5330.5,274723
2020-03-03 07:00:00+00:00,5371.0,5508.0,5284.5,5390.0,252179
2020-03-04 07:00:00+00:00,5382.5,5537.0,5353.0,5462.0,160427
2020-03-05 07:00:00+00:00,5494.0,5509.0,5259.0,5359.5,156388
2020-03-06 07:00:00+00:00,5246.5,5284.0,5075.5,5138.0,213793
2020-03-09 07:00:00+00:00,4791.0,4865.0,4566.5,4705.5,271783
2020-03-10 07:00:00+00:00,4834.5,4923.0,4609.0,4634.0,292692
2020-03-11 07:00:00+00:00,4639.5,4766.0,4506.5,4607.5,254710
2020-03-12 07:00:00+00:00,4321.0,4389.5,3935.0,4037.0,427925
2020-03-13 07:00:00+00:00,4060.0,4431.5,4028.0,4109.0,353683
2020-03-16 07:00:00+00:00,3905.0,3958.5,3624.0,3874.5,378540
2020-03-17 07:00:00+00:00,3962.5,4076.0,3750.5,3988.0,336114
2020-03-18 07:00:00+00:00,3799.5,3907.5,3628.0,3752.5,216281
2020-03-19 07:00:00+00:00,3789.0,3925.0,3685.0,3854.0,120890
2020-03-20 07:00:00+00:00,3966.5,4107.5,3870.0,4025.0,125237
2020-03-23 07:00:00+00:00,3824.0,4114.5,3800.0,3896.0,113645
2020-03-24 07:00:00+00:00,4057.0,4278.5,4021.0,4230.5,94771
2020-03-25 07:00:00+00:00,4260.0,4515.5,4208.0,4423.5,100638
2020-03-26 07:00:00+00:00,4326.0,4565.0,4285.0,4537.0,88332
2020-03-27 07:00:00+00:00,4500.5,4504.0,4278.0,4343.5,68987
2020-03-30 06:00:00+00:00,4410.5,4423.5,4217.5,4378.5,57480
2020-03-31 06:00:00+00:00,4398.5,4469.0,4298.0,4395.0,69244
2020-04-01 06:00:00+00:00,4277.5,4280.0,4123.5,4204.5,63749
2020-04-02 06:00:00+00:00,4207.0,4265.0,4135.5,4218.5,54679
2020-04-03 06:00:00+00:00,4209.5,4221.0,4110.5,4152.5,53727
2020-04-06 06:00:00+00:00,4310.0,4427.0,4264.0,4344.0,46839
2020-04-07 06:00:00+00:00,4421.5,4528.0,4366.0,4437.0,69574
2020-04-08 06:00:00+00:00,4413.0,4466.0,4331.5,4441.5,42273
2020-04-09 06:00:00+00:00,4460.0,4560.0,4406.0,4506.0,61983
2020-04-14 06:00:00+00:00,4568.0,4577.0,4496.0,4523.5,144392
2020-04-15 06:00:00+00:00,4502.0,4523.0,4331.5,4352.5,129738
2020-04-16 06:00:00+00:00,4380.5,4417.5,4317.5,4349.5,82427
2020-04-17 06:00:00+00:00,4482.0,4520.5,4435.0,4466.5,74588
2020-04-20 06:00:00+00:00,4502.5,4514.5,4393.5,4497.5,35351
2020-04-21 06:00:00+00:00,4398.0,4449.5,4319.0,4329.0,45851
2020-04-22 06:00:00+00:00,4368.5,4400.0,4332.0,4384.0,33060
2020-04-23 06:00:00+00:00,4404.0,4468.0,4365.0,4422.0,39859
2020-04-24 06:00:00+00:00,4347.0,4425.5,4332.0,4365.0,33165
2020-04-27 06:00:00+00:00,4466.0,4497.5,4417.5,4476.0,29107
2020-04-28 06:00:00+00:00,4482.0,4575.0,4464.5,4542.0,35065
2020-04-29 06:00:00+00:00,4561.0,4660.0,4524.5,4644.0,37002
2020-04-30 06:00:00+00:00,4693.5,4698.5,4495.5,4545.5,59829
2020-05-04 06:00:00+00:00,4376.0,4417.5,4349.0,4365.0,51331
2020-05-05 06:00:00+00:00,4428.0,4484.5,4411.0,4475.0,48346
2020-05-06 06:00:00+00:00,4457.5,4480.5,4395.5,4425.0,37882
2020-05-07 06:00:00+00:00,4429.0,4508.0,4429.0,4493.0,31215
2020-05-08 06:00:00+00:00,4544.5,4553.5,4511.5,4541.5,29864
2020-05-11 06:00:00+00:00,4559.5,4567.0,4456.0,4487.0,72431
2020-05-12 06:00:00+00:00,4484.0,4500.5,4411.0,4471.5,165724
2020-05-13 06:00:00+00:00,4418.5,4428.5,4293.0,4344.0,93194
2020-05-14 06:00:00+00:00,4297.0,4313.0,4193.0,4272.0,67992
2020-05-15 06:00:00+00:00,4289.5,4326.0,4244.5,4267.0,60826
2020-05-18 06:00:00+00:00,4323.0,4515.5,4322.5,4488.0,52156
2020-05-19 06:00:00+00:00,4503.0,4554.0,4403.0,4447.5,88590
2020-05-20 06:00:00+00:00,4431.0,4495.5,4385.5,4488.0,72866
2020-05-21 06:00:00+00:00,4445.0,4489.5,4420.0,4436.0,64691
2020-05-22 06:00:00+00:00,4381.5,4467.0,4358.5,4435.5,57594
2020-05-25 06:00:00+00:00,4482.0,4535.0,4442.0,4531.5,38461
2020-05-26 06:00:00+00:00,4580.0,4611.5,4564.0,4596.5,68488
2020-05-27 06:00:00+00:00,4621.0,4705.0,4600.5,4678.0,95177
2020-05-28 06:00:00+00:00,4728.5,4781.5,4692.0,4762.0,76959
2020-05-29 06:00:00+00:00,4723.0,4760.0,4661.5,4686.0,81074
2020-06-01 06:00:00+00:00,4748.0,4793.5,4712.5,4754.0,59331
2020-06-02 06:00:00+00:00,4795.5,4876.5,4779.0,4853.0,77990
2020-06-03 06:00:00+00:00,4912.0,5043.0,4904.0,5019.5,81797
2020-06-04 06:00:00+00:00,5006.0,5051.5,4961.5,5009.0,74706
2020-06-05 06:00:00+00:00,5063.5,5197.5,5053.5,5194.5,84104
2020-06-08 06:00:00+00:00,5177.5,5228.0,5134.0,5173.5,56914
2020-06-09 06:00:00+00:00,5208.5,5218.0,5050.0,5093.0,91749
2020-06-10 06:00:00+00:00,5136.0,5151.5,5023.5,5051.5,62253
2020-06-11 06:00:00+00:00,4945.5,4963.5,4729.0,4814.5,102027
2020-06-12 06:00:00+00:00,4805.0,4950.0,4756.0,4837.5,104540
2020-06-15 06:00:00+00:00,4703.5,4887.0,4680.5,4814.0,166784
2020-06-16 06:00:00+00:00,4955.5,5006.5,4885.5,4951.5,196826
2020-06-17 06:00:00+00:00,4946.0,5026.5,4944.5,4995.5,166276
2020-06-18 06:00:00+00:00,4959.0,5019.0,4907.0,4958.5,93014
2020-06-19 06:00:00+00:00,4928.5,5004.0,4882.0,4942.0,90099
2020-06-22 06:00:00+00:00,4896.5,4970.0,4862.0,4911.0,57683
2020-06-23 06:00:00+00:00,4937.0,5015.0,4926.0,4985.5,72918
2020-06-24 06:00:00+00:00,4967.0,4973.0,4815.5,4839.5,71617
2020-06-25 06:00:00+00:00,4847.0,4953.5,4762.0,4887.0,77749
2020-06-26 06:00:00+00:00,4957.0,4984.5,4858.5,4878.0,66980
2020-06-29 06:00:00+00:00,4839.0,4955.5,4835.0,4922.0,56515
2020-06-30 06:00:00+00:00,4923.0,4952.0,4878.0,4913.5,57983
2020-07-01 06:00:00+00:00,4913.0,4942.5,4828.5,4905.5,86036
2020-07-02 06:00:00+00:00,4939.0,5054.0,4934.5,5028.5,73157
2020-07-03 06:00:00+00:00,5025.0,5046.0,4963.5,4990.0,42239
2020-07-06 06:00:00+00:00,5090.5,5107.0,5041.5,5064.5,51784
2020-07-07 06:00:00+00:00,5042.5,5051.5,4998.5,5035.5,53992
2020-07-08 06:00:00+00:00,4993.5,5035.5,4961.5,4974.0,62457
2020-07-09 06:00:00+00:00,5012.0,5020.5,4896.0,4914.0,70172
2020-07-10 06:00:00+00:00,4894.5,4995.0,4872.5,4964.0,65947
2020-07-13 06:00:00+00:00,5035.0,5059.5,4955.0,5049.5,176413
2020-07-14 06:00:00+00:00,4972.5,5039.0,4939.0,5006.5,168265
2020-07-15 06:00:00+00:00,5062.0,5146.0,5037.0,5108.5,137599
2020-07-16 06:00:00+00:00,5080.5,5105.5,5047.5,5085.0,67734
2020-07-17 06:00:00+00:00,5089.0,5093.5,5043.5,5066.0,98524
2020-07-20 06:00:00+00:00,5071.0,5101.0,5009.5,5090.0,54144
2020-07-21 06:00:00+00:00,5133.0,5169.5,5064.5,5100.0,58668
2020-07-22 06:00:00+00:00,5078.5,5096.5,5022.5,5033.0,51154
2020-07-23 06:00:00+00:00,5047.5,5081.0,4974.0,5030.0,46178
2020-07-24 06:00:00+00:00,4973.0,4983.0,4921.5,4953.0,63973
2020-07-27 06:00:00+00:00,4959.0,4964.5,4917.5,4936.0,58912
2020-07-28 06:00:00+00:00,4934.0,4949.0,4889.0,4926.5,55248
2020-07-29 06:00:00+00:00,4911.5,4977.5,4911.5,4955.5,44406
2020-07-30 06:00:00+00:00,4965.0,4973.0,4797.0,4849.0,93477
2020-07-31 06:00:00+00:00,4820.0,4901.5,4745.0,4781.0,83934
2020-08-03 06:00:00+00:00,4815.5,4898.0,4760.5,4874.0,67589
2020-08-04 06:00:00+00:00,4906.0,4922.0,4853.0,4887.5,67793
2020-08-05 06:00:00+00:00,4896.0,4954.0,4894.0,4930.5,56127
2020-08-06 06:00:00+00:00,4905.0,4951.0,4856.5,4882.0,67474
2020-08-07 06:00:00+00:00,4882.0,4901.5,4838.5,4886.5,47485
2020-08-10 06:00:00+00:00,4916.5,4936.0,4874.5,4907.0,47424
2020-08-11 06:00:00+00:00,4948.5,5051.5,4938.0,5026.5,77450
2020-08-12 06:00:00+00:00,4994.0,5095.5,4991.0,5071.5,58509
2020-08-13 06:00:00+00:00,5055.0,5079.0,5018.5,5041.0,46003
2020-08-14 06:00:00+00:00,5040.5,5051.0,4918.5,4961.0,70872
2020-08-17 06:00:00+00:00,4958.0,4998.0,4935.0,4970.0,103867
2020-08-18 06:00:00+00:00,4964.5,5001.5,4921.5,4937.5,151532
2020-08-19 06:00:00+00:00,4940.0,4982.0,4916.5,4976.5,123195
2020-08-20 06:00:00+00:00,4912.0,4939.0,4886.5,4910.5,65979
2020-08-21 06:00:00+00:00,4923.0,4934.0,4832.5,4891.0,80316
2020-08-24 06:00:00+00:00,4916.5,5009.5,4916.0,5003.0,64610
2020-08-25 06:00:00+00:00,5025.5,5069.5,4987.5,5003.5,57151
2020-08-26 06:00:00+00:00,5015.0,5063.5,4970.0,5043.5,53663
2020-08-27 06:00:00+00:00,5041.5,5054.0,4982.5,5011.5,56066
2020-08-28 06:00:00+00:00,5032.0,5035.5,4963.5,4997.5,58665
2020-08-31 06:00:00+00:00,5032.5,5063.0,4930.5,4942.5,64281
2020-09-01 06:00:00+00:00,4972.5,4989.0,4887.0,4933.0,72259
2020-09-02 06:00:00+00:00,4956.0,5068.0,4953.0,5027.5,77858
2020-09-03 06:00:00+00:00,5052.5,5128.5,4947.5,5005.0,89668
2020-09-04 06:00:00+00:00,4997.0,5065.0,4923.0,4961.0,93263
2020-09-07 06:00:00+00:00,4991.0,5062.5,4968.0,5051.0,46977
2020-09-08 06:00:00+00:00,5063.5,5071.5,4930.5,4970.0,83295
2020-09-09 06:00:00+00:00,4961.0,5074.0,4938.5,5041.5,71038
2020-09-10 06:00:00+00:00,5067.5,5069.5,4977.5,5023.0,64098
2020-09-11 06:00:00+00:00,5022.0,5053.0,4995.5,5033.0,76801
2020-09-14 06:00:00+00:00,5062.0,5088.5,5033.0,5051.0,142057
2020-09-15 06:00:00+00:00,5050.5,5088.5,5033.0,5067.5,186801
2020-09-16 06:00:00+00:00,5057.5,5091.5,5028.5,5074.5,105441
2020-09-17 06:00:00+00:00,5020.0,5055.5,4992.5,5039.5,76070
2020-09-18 06:00:00+00:00,5034.5,5038.0,4939.0,4968.5,83985
2020-09-21 06:00:00+00:00,4942.5,4947.0,4768.0,4782.0,104493
2020-09-22 06:00:00+00:00,4805.0,4817.5,4754.0,4763.5,73603
2020-09-23 06:00:00+00:00,4818.5,4863.0,4751.0,4793.0,64820
2020-09-24 06:00:00+00:00,4743.0,4798.0,4725.5,4753.5,77416
2020-09-25 06:00:00+00:00,4779.0,4779.5,4663.0,4726.5,79099
2020-09-28 06:00:00+00:00,4796.0,4850.5,4785.0,4841.5,74333
2020-09-29 06:00:00+00:00,4848.5,4851.5,4804.0,4830.0,57697
2020-09-30 06:00:00+00:00,4792.0,4853.0,4775.0,4801.0,73809
2020-10-01 06:00:00+00:00,4834.0,4870.5,4800.5,4821.0,69656
2020-10-02 06:00:00+00:00,4768.5,4842.0,4752.5,4822.5,73025
2020-10-05 06:00:00+00:00,4859.5,4890.0,4838.5,4869.5,49523
2020-10-06 06:00:00+00:00,4880.5,4925.0,4846.0,4893.5,56398
2020-10-07 06:00:00+00:00,4881.5,4915.5,4863.0,4880.0,49935
2020-10-08 06:00:00+00:00,4893.5,4935.5,4875.0,4910.0,46820
2020-10-09 06:00:00+00:00,4927.5,4960.0,4916.5,4945.0,45369
2020-10-12 06:00:00+00:00,4971.0,4998.0,4942.0,4978.5,104498
2020-10-13 06:00:00+00:00,4985.5,4988.5,4926.5,4946.5,187117
2020-10-14 06:00:00+00:00,4945.0,4965.0,4915.0,4940.5,141444
2020-10-15 06:00:00+00:00,4909.5,4912.5,4807.5,4837.0,97707
2020-10-16 06:00:00+00:00,4887.0,4954.5,4865.5,4932.0,89056
2020-10-19 06:00:00+00:00,4952.0,4992.0,4920.5,4938.0,34376
2020-10-20 06:00:00+00:00,4909.5,4965.5,4895.0,4925.0,49461
2020-10-21 06:00:00+00:00,4941.0,4958.5,4829.0,4849.5,69412
2020-10-22 06:00:00+00:00,4818.0,4872.0,4778.5,4848.0,76416
2020-10-23 06:00:00+00:00,4855.0,4932.0,4837.5,4906.0,61825
2020-10-26 07:00:00+00:00,4859.0,4893.5,4779.5,4812.5,69457
2020-10-27 07:00:00+00:00,4825.5,4830.0,4676.5,4726.5,86479
2020-10-28 07:00:00+00:00,4656.0,4664.5,4516.5,4566.5,120523
2020-10-29 07:00:00+00:00,4589.0,4603.5,4506.5,4565.5,92490
2020-10-30 07:00:00+00:00,4489.0,4627.0,4485.5,4590.0,83897
2020-11-02 07:00:00+00:00,4605.0,4704.0,4576.5,4687.5,78571
2020-11-03 07:00:00+00:00,4728.0,4838.5,4724.0,4802.5,78492
2020-11-04 07:00:00+00:00,4770.5,4937.0,4679.0,4919.5,113908
2020-11-05 07:00:00+00:00,4922.0,4995.5,4916.5,4981.0,87528
2020-11-06 07:00:00+00:00,4942.5,4996.0,4911.5,4959.0,64083
2020-11-09 07:00:00+00:00,5034.0,5386.5,5018.0,5335.5,201607
2020-11-10 07:00:00+00:00,5277.5,5439.5,5272.5,5417.5,117403
2020-11-11 07:00:00+00:00,5419.5,5465.5,5406.5,5444.5,67091
2020-11-12 07:00:00+00:00,5411.5,5423.0,5314.0,5362.0,74680
2020-11-13 07:00:00+00:00,5346.0,5410.5,5329.5,5380.0,58883
2020-11-16 07:00:00+00:00,5444.5,5520.0,5400.0,5470.5,144167
2020-11-17 07:00:00+00:00,5462.5,5505.0,5441.0,5483.0,171702
2020-11-18 07:00:00+00:00,5472.0,5521.5,5451.0,5511.5,116723
2020-11-19 07:00:00+00:00,5481.0,5500.5,5449.0,5475.0,75534
2020-11-20 07:00:00+00:00,5462.5,5514.5,5449.5,5485.5,57331
2020-11-23 07:00:00+00:00,5511.0,5548.0,5480.0,5482.5,47830
2020-11-24 07:00:00+00:00,5529.5,5570.0,5524.5,5549.5,60053
2020-11-25 07:00:00+00:00,5556.0,5580.5,5534.0,5561.0,58232
2020-11-26 07:00:00+00:00,5578.0,5584.5,5540.5,5557.5,30422
2020-11-27 07:00:00+00:00,5565.0,5606.5,5549.0,5589.0,50267
2020-11-30 07:00:00+00:00,5549.5,5591.5,5485.5,5509.0,79616
2020-12-01 07:00:00+00:00,5553.0,5583.5,5520.5,5574.5,64813
2020-12-02 07:00:00+00:00,5576.5,5579.0,5542.0,5576.5,47393
2020-12-03 07:00:00+00:00,5570.0,5580.0,5536.5,5568.0,41191
2020-12-04 07:00:00+00:00,5560.5,5611.0,5556.0,5602.5,50772
2020-12-07 07:00:00+00:00,5582.0,5593.0,5529.0,5569.0,47932
2020-12-08 07:00:00+00:00,5555.5,5575.5,5516.5,5556.5,61224
2020-12-09 07:00:00+00:00,5588.5,5599.0,5525.5,5543.5,58099
2020-12-10 07:00:00+00:00,5536.5,5570.5,5506.0,5546.5,89667
2020-12-11 07:00:00+00:00,5539.5,5540.5,5462.5,5504.5,84411
2020-12-14 07:00:00+00:00,5534.5,5574.5,5507.0,5524.5,154689
2020-12-15 07:00:00+00:00,5519.0,5564.0,5511.0,5528.0,204481
2020-12-16 07:00:00+00:00,5552.5,5589.5,5513.5,5546.5,136342
2020-12-17 07:00:00+00:00,5562.5,5587.5,5538.0,5549.5,63824
2020-12-18 07:00:00+00:00,5524.0,5573.5,5490.0,5512.0,86780
2020-12-21 07:00:00+00:00,5426.5,5435.0,5288.5,5379.0,121651
2020-12-22 07:00:00+00:00,5384.0,5466.5,5375.0,5454.5,60012
2020-12-23 07:00:00+00:00,5461.5,5533.5,5458.0,5516.5,56035
2020-12-24 07:00:00+00:00,5544.5,5548.5,5507.5,5513.0,8977
2020-12-28 07:00:00+00:00,5549.5,5591.5,5538.5,5579.0,36676
2020-12-29 07:00:00+00:00,5603.0,5617.5,5573.5,5602.5,45573
2020-12-30 07:00:00+00:00,5591.5,5617.0,5559.5,5590.0,31391
2020-12-31 07:00:00+00:00,5564.5,5589.5,5541.5,5542.0,17297
2021-01-04 07:00:00+00:00,5585.5,5655.0,5537.5,5586.5,77233
2021-01-05 07:00:00+00:00,5590.0,5603.0,5527.0,5562.5,63151
2021-01-06 07:00:00+00:00,5593.5,5654.0,5550.5,5629.0,80021
2021-01-07 07:00:00+00:00,5659.5,5688.5,5627.5,5668.5,66147
2021-01-08 07:00:00+00:00,5717.5,5725.0,5674.0,5705.5,59845
2021-01-11 07:00:00+00:00,5680.0,5704.0,5627.5,5662.0,92318
2021-01-12 07:00:00+00:00,5673.5,5681.0,5620.5,5650.0,187820
2021-01-13 07:00:00+00:00,5659.5,5678.5,5641.5,5662.0,144356
2021-01-14 07:00:00+00:00,5683.5,5691.5,5655.5,5681.0,64786
2021-01-15 07:00:00+00:00,5630.0,5653.0,5555.5,5605.5,92113
2021-01-18 07:00:00+00:00,5587.5,5633.0,5567.0,5612.0,38797
2021-01-19 07:00:00+00:00,5643.5,5648.0,5586.0,5593.0,63424
2021-01-20 07:00:00+00:00,5604.5,5642.0,5596.0,5623.5,56786
2021-01-21 07:00:00+00:00,5640.0,5662.5,5571.0,5586.0,61689
2021-01-22 07:00:00+00:00,5568.5,5575.0,5505.5,5555.5,67515
2021-01-25 07:00:00+00:00,5577.0,5583.5,5448.0,5468.5,76562
2021-01-26 07:00:00+00:00,5441.0,5552.0,5438.0,5520.5,66270
2021-01-27 07:00:00+00:00,5532.5,5543.5,5396.5,5457.5,103777
2021-01-28 07:00:00+00:00,5409.0,5534.0,5375.0,5508.0,86741
2021-01-29 07:00:00+00:00,5451.5,5472.5,5365.0,5396.0,83319
2021-02-01 07:00:00+00:00,5440.5,5487.0,5425.0,5459.0,53509
2021-02-02 07:00:00+00:00,5502.0,5586.5,5490.0,5560.5,58611
2021-02-03 07:00:00+00:00,5588.5,5626.5,5551.0,5560.5,53372
2021-02-04 07:00:00+00:00,5559.0,5616.5,5546.0,5606.5,42395
2021-02-05 07:00:00+00:00,5629.0,5672.0,5623.0,5657.0,44148
2021-02-08 07:00:00+00:00,5693.0,5713.0,5670.0,5684.0,47511
2021-02-09 07:00:00+00:00,5685.0,5703.0,5671.0,5690.0,41894
2021-02-10 07:00:00+00:00,5717.0,5720.5,5641.0,5669.0,38736
2021-02-11 07:00:00+00:00,5670.5,5687.0,5647.0,5668.0,46141
2021-02-12 07:00:00+00:00,5662.0,5717.0,5625.0,5702.5,46141
2021-02-15 07:00:00+00:00,5738.5,5801.0,5737.5,5785.0,140009
2021-02-16 07:00:00+00:00,5792.0,5799.5,5767.0,5786.0,138175
2021-02-17 07:00:00+00:00,5781.5,5789.5,5750.5,5765.0,65219
2021-02-18 07:00:00+00:00,5764.0,5779.0,5720.0,5728.0,12034
2021-02-19 07:00:00+00:00,5745.5,5781.5,5729.0,5769.5,46070
2021-02-22 07:00:00+00:00,5754.5,5775.0,5698.5,5763.0,57708
2021-02-23 07:00:00+00:00,5775.5,5802.0,5717.5,5776.0,46616
2021-02-24 07:00:00+00:00,5745.5,5812.0,5745.5,5794.0,61353
2021-02-25 07:00:00+00:00,5826.0,5830.5,5712.5,5779.5,81520
2021-02-26 07:00:00+00:00,5695.0,5764.5,5680.0,5699.0,81520
2021-03-01 07:00:00+00:00,5739.0,5808.0,5734.0,5789.0,48639
2021-03-02 07:00:00+00:00,5780.5,5834.0,5769.0,5807.0,57056
2021-03-03 07:00:00+00:00,5840.0,5869.0,5785.0,5827.5,55120
2021-03-04 07:00:00+00:00,5788.0,5847.5,5755.5,5828.5,70428
2021-03-05 07:00:00+00:00,5799.0,5847.0,5752.5,5780.5,71070
2021-03-08 07:00:00+00:00,5815.0,5926.0,5796.0,5901.5,60040
2021-03-09 07:00:00+00:00,5901.5,5941.0,5892.0,5923.0,57966
2021-03-10 07:00:00+00:00,5905.5,6001.5,5902.5,5989.5,57001
2021-03-11 07:00:00+00:00,6010.5,6037.5,5994.5,6033.0,78068
2021-03-12 07:00:00+00:00,6025.0,6070.0,6015.0,6046.0,78068
2021-03-15 07:00:00+00:00,6058.0,6088.0,6017.5,6036.0,175239
2021-03-16 07:00:00+00:00,6053.0,6065.0,6033.5,6055.0,167044
2021-03-17 07:00:00+00:00,6048.0,6082.5,6037.0,6055.0,107702
2021-03-18 07:00:00+00:00,6093.5,6094.0,6005.5,6063.5,57661
2021-03-19 07:00:00+00:00,6007.5,6039.5,5972.0,5987.0,87112
2021-03-22 07:00:00+00:00,5978.5,5983.5,5932.0,5958.5,47642
2021-03-23 07:00:00+00:00,5930.0,5959.0,5904.0,5936.0,45158
2021-03-24 07:00:00+00:00,5910.5,5943.0,5879.0,5938.0,48052
2021-03-25 07:00:00+00:00,5924.0,5985.5,5882.0,5950.0,53741
2021-03-26 07:00:00+00:00,5993.5,6028.5,5959.5,5986.0,47583
2021-03-29 06:00:00+00:00,5983.0,6040.5,5982.0,6013.0,38023
2021-03-30 06:00:00+00:00,6038.0,6093.0,6031.5,6085.5,48600
2021-03-31 06:00:00+00:00,6073.5,6096.5,6056.5,6066.0,58237
2021-04-01 06:00:00+00:00,6068.0,6144.0,6059.5,6100.5,46811
2021-04-06 06:00:00+00:00,6140.5,6163.5,6113.5,6130.0,69387
2021-04-07 06:00:00+00:00,6127.0,6154.0,6117.5,6129.5,48589
2021-04-08 06:00:00+00:00,6160.0,6171.0,6144.5,6165.0,42563
2021-04-09 06:00:00+00:00,6164.0,6190.5,6159.0,6168.5,50735
2021-04-12 06:00:00+00:00,6161.0,6183.0,6150.5,6161.5,160726
2021-04-13 06:00:00+00:00,6173.0,6216.0,6155.5,6185.0,213828
2021-04-14 06:00:00+00:00,6221.0,6221.0,6195.0,6209.5,150160
2021-04-15 06:00:00+00:00,6212.5,6245.5,6209.0,6234.5,69115
2021-04-16 06:00:00+00:00,6172.0,6250.0,6160.0,6220.0,60915
2021-04-19 06:00:00+00:00,6233.0,6253.0,6218.0,6230.0,59564
2021-04-20 06:00:00+00:00,6242.5,6243.5,6091.0,6106.5,89521
2021-04-21 06:00:00+00:00,6106.5,6186.5,6095.5,6151.5,58262
2021-04-22 06:00:00+00:00,6188.5,6220.5,6166.0,6208.5,48885
2021-04-23 06:00:00+00:00,6204.0,6223.0,6168.0,6199.5,35990
2021-04-26 06:00:00+00:00,6197.0,6230.5,6181.5,6216.5,34281
2021-04-27 06:00:00+00:00,6228.0,6229.5,6200.0,6220.0,37645
2021-04-28 06:00:00+00:00,6224.5,6267.0,6224.5,6253.0,48097
2021-04-29 06:00:00+00:00,6264.0,6299.0,6228.5,6249.0,49696
2021-04-30 06:00:00+00:00,6241.0,6268.0,6195.0,6216.0,56429
2021-05-03 06:00:00+00:00,6223.0,6268.5,6198.5,6255.0,38144
2021-05-04 06:00:00+00:00,6254.5,6307.0,6188.0,6202.0,78845
2021-05-05 06:00:00+00:00,6238.0,6313.0,6235.5,6303.5,73111
2021-05-06 06:00:00+00:00,6318.0,6351.5,6285.0,6321.0,72623
2021-05-07 06:00:00+00:00,6354.5,6370.0,6317.5,6361.0,62285
2021-05-10 06:00:00+00:00,6387.0,6388.5,6331.0,6373.5,54464
2021-05-11 06:00:00+00:00,6303.0,6312.0,6213.5,6255.0,88563
2021-05-12 06:00:00+00:00,6208.5,6287.5,6202.5,6267.5,80315
2021-05-13 06:00:00+00:00,6214.5,6308.0,6138.0,6277.0,95693
2021-05-14 06:00:00+00:00,6319.0,6414.0,6289.5,6374.0,61758
2021-05-17 06:00:00+00:00,6391.5,6406.5,6343.0,6362.0,133604
2021-05-18 06:00:00+00:00,6408.0,6418.5,6325.5,6352.5,194062
2021-05-19 06:00:00+00:00,6310.5,6318.5,6190.0,6261.0,160357
2021-05-20 06:00:00+00:00,6298.5,6365.0,6266.5,6343.0,72890
2021-05-21 06:00:00+00:00,6326.5,6375.0,6323.0,6357.5,56841
2021-05-24 06:00:00+00:00,6370.5,6399.5,6362.0,6388.5,32970
2021-05-25 06:00:00+00:00,6407.0,6413.0,6373.5,6374.0,43716
2021-05-26 06:00:00+00:00,6401.0,6406.5,6360.0,6376.0,40914
2021-05-27 06:00:00+00:00,6384.0,6452.5,6362.5,6420.5,56807
2021-05-28 06:00:00+00:00,6439.0,6482.5,6432.5,6471.5,46437
2021-05-31 06:00:00+00:00,6459.0,6485.5,6429.5,6436.0,31910
2021-06-01 06:00:00+00:00,6454.5,6510.5,6445.5,6477.5,60766
2021-06-02 06:00:00+00:00,6488.5,6515.0,6471.0,6512.0,43558
2021-06-03 06:00:00+00:00,6519.0,6519.0,6463.5,6499.0,43832
2021-06-04 06:00:00+00:00,6491.0,6519.5,6487.0,6506.0,37388
2021-06-07 06:00:00+00:00,6498.5,6554.5,6478.0,6537.0,52503
2021-06-08 06:00:00+00:00,6535.0,6569.5,6530.5,6545.0,51001
2021-06-09 06:00:00+00:00,6555.5,6565.5,6526.5,6558.0,47043
2021-06-10 06:00:00+00:00,6571.0,6574.5,6521.0,6541.5,96103
2021-06-11 06:00:00+00:00,6550.5,6621.5,6537.5,6596.0,59771
2021-06-14 06:00:00+00:00,6617.5,6646.5,6594.5,6612.5,167368
2021-06-15 06:00:00+00:00,6637.0,6656.5,6631.5,6639.0,231718
2021-06-16 06:00:00+00:00,6652.5,6666.0,6631.0,6653.0,125760
2021-06-17 06:00:00+00:00,6635.0,6683.0,6619.0,6666.0,53443
2021-06-18 06:00:00+00:00,6654.0,6675.0,6545.5,6555.0,88363
2021-06-21 06:00:00+00:00,6496.0,6616.0,6485.0,6590.5,73876
2021-06-22 06:00:00+00:00,6619.0,6622.5,6570.0,6599.0,53813
2021-06-23 06:00:00+00:00,6610.0,6613.0,6534.0,6540.0,51859
2021-06-24 06:00:00+00:00,6562.5,6639.0,6562.5,6628.0,47558
2021-06-25 06:00:00+00:00,6642.0,6646.0,6600.5,6618.5,43680
2021-06-28 06:00:00+00:00,6625.5,6630.5,6547.0,6554.5,58010
2021-06-29 06:00:00+00:00,6559.0,6597.5,6552.5,6564.5,44853
2021-06-30 06:00:00+00:00,6559.5,6573.0,6468.5,6505.0,72491
2021-07-01 06:00:00+00:00,6539.5,6588.5,6498.5,6550.5,68404
2021-07-02 06:00:00+00:00,6565.5,6580.5,6536.0,6549.5,39622
2021-07-05 06:00:00+00:00,6546.5,6581.0,6516.5,6565.0,33560
2021-07-06 06:00:00+00:00,6563.0,6563.0,6480.0,6504.5,55525
2021-07-07 06:00:00+00:00,6507.0,6549.5,6495.5,6527.0,53419
2021-07-08 06:00:00+00:00,6505.0,6514.5,6346.0,6395.0,105429
2021-07-09 06:00:00+00:00,6414.0,6539.0,6414.0,6528.0,77779
2021-07-12 06:00:00+00:00,6518.5,6570.0,6477.0,6558.5,131105
2021-07-13 06:00:00+00:00,6563.5,6570.5,6535.0,6557.5,202280
2021-07-14 06:00:00+00:00,6544.5,6565.5,6527.5,6558.0,120377
2021-07-15 06:00:00+00:00,6543.0,6555.0,6469.0,6493.0,70996
2021-07-16 06:00:00+00:00,6490.5,6523.5,6413.0,6455.0,80281
2021-07-19 06:00:00+00:00,6408.0,6413.5,6247.5,6291.0,85808
2021-07-20 06:00:00+00:00,6306.0,6383.0,6298.5,6342.5,73648
2021-07-21 06:00:00+00:00,6358.5,6484.5,6353.5,6461.0,59696
2021-07-22 06:00:00+00:00,6493.0,6522.0,6470.5,6478.5,46968
2021-07-23 06:00:00+00:00,6500.5,6578.0,6497.0,6565.5,42250
2021-07-26 06:00:00+00:00,6530.0,6586.5,6513.5,6575.5,48595
2021-07-27 06:00:00+00:00,6571.5,6576.5,6513.0,6529.0,55165
2021-07-28 06:00:00+00:00,6552.0,6612.5,6526.5,6606.0,43838
2021-07-29 06:00:00+00:00,6606.0,6668.0,6601.5,6631.0,53017
2021-07-30 06:00:00+00:00,6587.5,6645.5,6585.0,6609.5,58903
2021-08-02 06:00:00+00:00,6640.0,6690.0,6636.5,6673.5,50772
2021-08-03 06:00:00+00:00,6675.0,6748.5,6671.5,6722.0,59266
2021-08-04 06:00:00+00:00,6746.0,6766.0,6729.0,6745.0,46642
2021-08-05 06:00:00+00:00,6741.0,6788.0,6735.5,6780.0,42439
2021-08-06 06:00:00+00:00,6770.5,6833.5,6761.0,6817.0,67803
2021-08-09 06:00:00+00:00,6810.0,6833.5,6801.5,6812.5,30716
2021-08-10 06:00:00+00:00,6814.5,6835.5,6810.0,6819.5,39538
2021-08-11 06:00:00+00:00,6825.0,6869.5,6820.0,6857.0,42870
2021-08-12 06:00:00+00:00,6856.5,6894.5,6850.0,6882.0,38706
2021-08-13 06:00:00+00:00,6881.0,6913.5,6880.0,6896.0,35340
2021-08-16 06:00:00+00:00,6862.5,6866.5,6816.5,6839.0,104796
2021-08-17 06:00:00+00:00,6824.5,6828.0,6787.5,6820.5,202440
2021-08-18 06:00:00+00:00,6844.5,6844.5,6736.0,6770.5,124684
2021-08-19 06:00:00+00:00,6709.5,6712.5,6559.5,6606.5,94847
2021-08-20 06:00:00+00:00,6588.0,6642.5,6563.5,6623.5,72967
2021-08-23 06:00:00+00:00,6666.5,6707.5,6652.0,6680.0,49951
2021-08-24 06:00:00+00:00,6706.0,6721.5,6630.5,6661.0,47899
2021-08-25 06:00:00+00:00,6661.5,6682.0,6657.0,6674.0,35495
2021-08-26 06:00:00+00:00,6660.0,6672.0,6615.5,6663.0,40175
2021-08-27 06:00:00+00:00,6666.0,6690.5,6640.0,6679.0,35928
2021-08-30 06:00:00+00:00,6677.0,6696.0,6671.5,6684.5,27219
2021-08-31 06:00:00+00:00,6700.5,6706.5,6647.5,6678.0,63545
2021-09-01 06:00:00+00:00,6708.5,6783.5,6708.5,6756.0,61170
2021-09-02 06:00:00+00:00,6753.0,6777.0,6743.0,6761.0,41045
2021-09-03 06:00:00+00:00,6765.0,6768.0,6663.5,6687.5,55558
2021-09-06 06:00:00+00:00,6688.0,6756.0,6688.0,6742.5,40354
2021-09-07 06:00:00+00:00,6741.0,6749.0,6702.5,6724.5,46438
2021-09-08 06:00:00+00:00,6716.5,6723.0,6626.0,6668.5,78697
2021-09-09 06:00:00+00:00,6628.0,6709.0,6603.0,6684.5,71886
2021-09-10 06:00:00+00:00,6700.5,6722.0,6637.0,6663.0,104352
2021-09-13 06:00:00+00:00,6658.0,6722.5,6656.5,6677.0,166289
2021-09-14 06:00:00+00:00,6686.5,6687.5,6612.0,6653.0,215947
2021-09-15 06:00:00+00:00,6654.0,6662.0,6576.0,6584.0,118168
2021-09-16 06:00:00+00:00,6607.5,6668.5,6607.5,6623.0,67277
2021-09-17 06:00:00+00:00,6655.0,6683.0,6526.5,6555.0,92406
2021-09-20 06:00:00+00:00,6487.5,6496.0,6373.0,6440.5,88543
2021-09-21 06:00:00+00:00,6449.0,6559.5,6440.5,6541.5,83249
2021-09-22 06:00:00+00:00,6565.0,6655.5,6561.5,6627.0,70823
2021-09-23 06:00:00+00:00,6668.5,6709.5,6655.5,6692.5,61263
2021-09-24 06:00:00+00:00,6686.0,6696.5,6614.5,6629.0,54588
2021-09-27 06:00:00+00:00,6679.0,6691.5,6631.0,6642.5,46038
2021-09-28 06:00:00+00:00,6660.5,6670.0,6486.0,6504.0,89743
2021-09-29 06:00:00+00:00,6534.5,6590.0,6527.0,6559.0,65966
2021-09-30 06:00:00+00:00,6597.0,6621.0,6488.0,6518.0,81039
2021-10-01 06:00:00+00:00,6456.0,6564.5,6406.0,6516.0,81122
2021-10-04 06:00:00+00:00,6506.0,6540.0,6449.5,6475.5,66788
2021-10-05 06:00:00+00:00,6489.0,6580.0,6473.0,6575.0,53693
2021-10-06 06:00:00+00:00,6523.5,6541.0,6419.0,6491.5,104189
2021-10-07 06:00:00+00:00,6564.5,6616.0,6543.5,6599.0,65929
2021-10-08 06:00:00+00:00,6580.0,6616.5,6544.5,6559.0,65481
2021-10-11 06:00:00+00:00,6571.0,6583.0,6521.0,6570.0,129600
2021-10-12 06:00:00+00:00,6515.0,6565.0,6483.0,6547.5,173338
2021-10-13 06:00:00+00:00,6546.0,6626.0,6508.5,6596.5,129776
2021-10-14 06:00:00+00:00,6631.5,6700.0,6617.5,6685.0,67602
2021-10-15 06:00:00+00:00,6711.0,6741.0,6697.0,6722.5,55938
2021-10-18 06:00:00+00:00,6723.0,6723.5,6636.0,6668.0,52561
2021-10-19 06:00:00+00:00,6681.0,6692.5,6645.0,6665.0,49959
2021-10-20 06:00:00+00:00,6656.0,6711.5,6631.5,6700.5,38004
2021-10-21 06:00:00+00:00,6681.0,6713.0,6653.0,6681.5,38688
2021-10-22 06:00:00+00:00,6722.0,6762.0,6711.0,6729.5,48192
2021-10-25 06:00:00+00:00,6754.0,6754.5,6701.5,6708.5,37940
2021-10-26 06:00:00+00:00,6721.0,6772.5,6706.0,6762.0,41265
2021-10-27 06:00:00+00:00,6761.0,6767.0,6726.0,6748.5,39141
2021-10-28 06:00:00+00:00,6753.0,6801.5,6739.5,6800.0,49885
2021-10-29 06:00:00+00:00,6776.0,6857.5,6744.0,6826.5,54042
2021-11-01 07:00:00+00:00,6857.5,6906.5,6855.5,6889.5,44922
2021-11-02 07:00:00+00:00,6885.0,6929.5,6875.0,6923.0,41043
2021-11-03 07:00:00+00:00,6920.0,6983.0,6911.0,6947.5,51426
2021-11-04 07:00:00+00:00,6986.0,6997.0,6958.5,6984.5,49702
2021-11-05 07:00:00+00:00,6985.5,7061.0,6974.0,7038.0,50962
2021-11-08 07:00:00+00:00,7032.0,7065.0,7029.5,7045.0,36467
2021-11-09 07:00:00+00:00,7031.5,7077.5,7012.0,7041.0,46539
2021-11-10 07:00:00+00:00,7040.0,7059.0,6999.0,7043.5,52209
2021-11-11 07:00:00+00:00,7026.0,7071.5,7017.5,7057.5,37906
2021-11-12 07:00:00+00:00,7064.5,7096.0,7050.5,7089.5,33223
2021-11-15 07:00:00+00:00,7086.0,7135.0,7083.5,7126.5,139398
2021-11-16 07:00:00+00:00,7129.5,7167.0,7120.0,7152.5,139226
2021-11-17 07:00:00+00:00,7149.0,7168.5,7137.5,7156.5,140271
2021-11-18 07:00:00+00:00,7161.5,7181.5,7135.5,7142.0,71282
2021-11-19 07:00:00+00:00,7157.5,7175.5,7058.5,7102.0,72744
2021-11-22 07:00:00+00:00,7112.0,7134.0,7073.5,7096.5,54882
2021-11-23 07:00:00+00:00,7071.0,7104.5,6993.0,7036.0,70958
2021-11-24 07:00:00+00:00,7070.0,7081.5,6975.0,7034.5,66305
2021-11-25 07:00:00+00:00,7073.0,7083.0,7038.5,7067.5,27625
2021-11-26 07:00:00+00:00,6936.0,6936.5,6650.5,6731.0,125147
2021-11-29 07:00:00+00:00,6839.5,6854.0,6751.0,6767.5,103204
2021-11-30 07:00:00+00:00,6652.0,6778.0,6640.5,6716.0,114022
2021-12-01 07:00:00+00:00,6789.5,6898.0,6720.0,6876.5,89017
2021-12-02 07:00:00+00:00,6818.5,6846.0,6757.0,6790.5,88438
2021-12-03 07:00:00+00:00,6843.5,6869.0,6721.5,6761.0,64899
2021-12-06 07:00:00+00:00,6809.0,6885.5,6771.5,6861.5,69476
2021-12-07 07:00:00+00:00,6911.0,7075.5,6911.0,7061.0,64345
2021-12-08 07:00:00+00:00,7055.0,7101.0,7007.5,7010.5,58708
2021-12-09 07:00:00+00:00,7025.0,7042.5,6979.0,7004.5,62559
2021-12-10 07:00:00+00:00,6972.0,7023.5,6956.5,6987.5,38383
2021-12-13 07:00:00+00:00,7020.5,7028.5,6925.0,6942.0,134528
2021-12-14 07:00:00+00:00,6951.0,6994.5,6879.0,6894.5,197961
2021-12-15 07:00:00+00:00,6911.0,7021.5,6888.5,6927.0,103454
2021-12-16 07:00:00+00:00,7053.0,7059.5,6956.5,7004.5,69684
2021-12-17 07:00:00+00:00,6956.0,7001.0,6871.5,6914.0,74671
2021-12-20 07:00:00+00:00,6768.5,6912.0,6720.0,6859.0,66088
2021-12-21 07:00:00+00:00,6960.0,6992.5,6876.0,6954.0,44034
2021-12-22 07:00:00+00:00,6976.0,7066.0,6951.0,7041.0,35886
2021-12-23 07:00:00+00:00,7064.5,7111.0,7038.5,7095.5,35949
2021-12-24 07:00:00+00:00,7090.0,7108.0,7075.5,7077.0,4705
2021-12-27 07:00:00+00:00,7075.0,7157.0,7049.0,7130.0,26378
2021-12-28 07:00:00+00:00,7147.5,7178.5,7128.0,7172.0,24559
2021-12-29 07:00:00+00:00,7161.0,7194.0,7127.0,7152.0,30621
2021-12-30 07:00:00+00:00,7158.5,7182.0,7140.5,7164.5,28156
2021-12-31 07:00:00+00:00,7134.5,7163.0,7128.5,7143.0,11528
2022-01-03 07:00:00+00:00,7164.5,7243.0,7154.0,7213.5,42050
2022-01-04 07:00:00+00:00,7250.0,7331.0,7241.0,7313.5,51384
2022-01-05 07:00:00+00:00,7300.5,7381.5,7282.5,7373.0,59250
2022-01-06 07:00:00+00:00,7248.0,7314.0,7219.0,7245.5,80826
2022-01-07 07:00:00+00:00,7244.5,7265.0,7173.0,7216.0,47994
2022-01-10 07:00:00+00:00,7229.5,7249.0,7098.0,7112.5,55815
2022-01-11 07:00:00+00:00,7172.0,7226.0,7152.5,7180.5,53069
2022-01-12 07:00:00+00:00,7234.0,7248.0,7180.0,7234.5,53223
2022-01-13 07:00:00+00:00,7233.0,7233.5,7133.5,7199.5,55214
2022-01-14 07:00:00+00:00,7150.5,7176.0,7117.0,7142.0,59738
2022-01-17 07:00:00+00:00,7169.0,7213.5,7145.5,7200.5,96610
2022-01-18 07:00:00+00:00,7183.0,7189.0,7096.0,7133.5,146828
2022-01-19 07:00:00+00:00,7108.5,7212.0,7092.5,7172.0,195448
2022-01-20 07:00:00+00:00,7192.5,7205.5,7113.0,7194.0,64329
2022-01-21 07:00:00+00:00,7088.0,7117.0,6986.5,7064.0,97204
2022-01-24 07:00:00+00:00,7028.0,7068.0,6698.5,6784.5,110447
2022-01-25 07:00:00+00:00,6878.0,6909.0,6773.5,6835.0,83881
2022-01-26 07:00:00+00:00,6893.5,7025.5,6869.0,6978.5,69555
2022-01-27 07:00:00+00:00,6840.0,7056.0,6835.5,7021.0,72372
2022-01-28 07:00:00+00:00,7024.0,7051.0,6842.5,6963.0,68246
2022-01-31 07:00:00+00:00,7045.0,7053.5,6933.0,6996.5,58741
2022-02-01 07:00:00+00:00,7033.0,7122.0,7022.5,7096.5,53792
2022-02-02 07:00:00+00:00,7128.5,7148.0,7101.0,7112.5,48718
2022-02-03 07:00:00+00:00,7100.5,7124.0,6958.5,7003.5,69295
2022-02-04 07:00:00+00:00,7045.0,7065.5,6912.0,6949.0,66219
2022-02-07 07:00:00+00:00,6983.5,7034.0,6926.5,7007.5,55817
2022-02-08 07:00:00+00:00,7018.0,7084.5,6992.0,7027.0,47734
2022-02-09 07:00:00+00:00,7084.0,7165.0,7066.5,7129.5,50863
2022-02-10 07:00:00+00:00,7154.0,7169.5,7022.5,7100.0,69599
2022-02-11 07:00:00+00:00,7026.5,7071.0,6859.0,7010.5,67828
2022-02-14 07:00:00+00:00,6897.0,6907.0,6755.5,6851.5,153271
2022-02-15 07:00:00+00:00,6828.5,6988.5,6804.5,6979.5,226226
2022-02-16 07:00:00+00:00,6991.0,7033.5,6929.5,6964.5,119355
2022-02-17 07:00:00+00:00,6925.0,7017.5,6899.0,6946.5,84626
2022-02-18 07:00:00+00:00,6946.0,6992.0,6890.5,6925.0,65975
2022-02-21 07:00:00+00:00,6959.0,7001.5,6672.0,6784.5,78145
2022-02-22 07:00:00+00:00,6689.0,6832.0,6613.5,6783.5,87269
2022-02-23 07:00:00+00:00,6783.0,6901.0,6715.5,6777.5,74130
2022-02-24 07:00:00+00:00,6490.0,6649.5,6427.0,6516.5,167307
2022-02-25 07:00:00+00:00,6628.5,6801.0,6516.5,6748.5,96206
2022-02-28 07:00:00+00:00,6542.5,6683.0,6511.0,6655.0,108178
2022-03-01 07:00:00+00:00,6629.0,6660.5,6308.0,6393.0,116677
2022-03-02 07:00:00+00:00,6374.5,6542.5,6308.0,6494.5,110636
2022-03-03 07:00:00+00:00,6511.5,6542.5,6333.5,6375.5,90164
2022-03-04 07:00:00+00:00,6278.5,6320.5,6025.0,6059.0,120074
2022-03-07 07:00:00+00:00,5934.0,6114.5,5751.5,5978.5,149244
2022-03-08 07:00:00+00:00,5850.5,6211.5,5831.5,5959.5,136920
2022-03-09 07:00:00+00:00,6095.5,6448.0,6070.5,6385.0,119626
2022-03-10 07:00:00+00:00,6360.0,6390.0,6161.5,6204.5,98808
2022-03-11 07:00:00+00:00,6231.5,6466.5,6158.5,6258.0,93366
2022-03-14 07:00:00+00:00,6339.0,6420.5,6266.0,6368.5,167279
2022-03-15 07:00:00+00:00,6322.0,6401.5,6204.5,6354.5,183666
2022-03-16 07:00:00+00:00,6474.5,6681.0,6458.5,6587.5,174233
2022-03-17 07:00:00+00:00,6621.0,6640.5,6528.5,6612.0,69775
2022-03-18 07:00:00+00:00,6592.5,6650.0,6485.5,6607.5,85150
2022-03-21 07:00:00+00:00,6590.5,6633.5,6517.5,6571.0,57508
2022-03-22 07:00:00+00:00,6553.5,6675.5,6543.0,6655.0,53326
2022-03-23 07:00:00+00:00,6686.0,6693.5,6538.5,6577.0,44299
2022-03-24 07:00:00+00:00,6578.5,6633.5,6537.0,6553.0,48617
2022-03-25 07:00:00+00:00,6577.0,6613.0,6532.0,6550.5,42199
2022-03-28 06:00:00+00:00,6565.5,6682.0,6553.5,6586.0,53424
2022-03-29 06:00:00+00:00,6670.5,6829.0,6644.5,6789.0,77937
2022-03-30 06:00:00+00:00,6785.0,6786.0,6701.5,6738.5,47283
2022-03-31 06:00:00+00:00,6740.5,6773.0,6616.0,6657.5,56272
2022-04-01 06:00:00+00:00,6648.0,6707.0,6630.0,6682.0,55668
2022-04-04 06:00:00+00:00,6710.0,6754.0,6637.0,6729.0,44995
2022-04-05 06:00:00+00:00,6732.5,6743.0,6599.0,6642.5,86213
2022-04-06 06:00:00+00:00,6625.5,6643.5,6439.0,6496.5,71023
2022-04-07 06:00:00+00:00,6480.5,6586.0,6429.5,6459.0,72030
2022-04-08 06:00:00+00:00,6518.0,6581.5,6491.0,6545.5,124080
2022-04-11 06:00:00+00:00,6508.5,6614.0,6498.0,6554.5,252261
2022-04-12 06:00:00+00:00,6477.5,6572.0,6421.5,6536.5,192474
2022-04-13 06:00:00+00:00,6560.0,6567.5,6475.5,6542.0,87916
2022-04-14 06:00:00+00:00,6470.0,6511.0,6439.0,6490.0,73322
2022-04-19 06:00:00+00:00,6469.5,6495.5,6407.0,6449.0,67921
2022-04-20 06:00:00+00:00,6489.5,6555.0,6450.5,6540.5,68055
2022-04-21 06:00:00+00:00,6556.5,6675.5,6501.5,6631.0,66366
2022-04-22 06:00:00+00:00,6521.5,6571.0,6443.0,6496.5,79242
2022-04-25 06:00:00+00:00,6401.5,6458.0,6330.0,6372.0,89914
2022-04-26 06:00:00+00:00,6468.0,6476.5,6302.5,6351.5,74320
2022-04-27 06:00:00+00:00,6358.0,6418.5,6278.0,6387.0,75826
2022-04-28 06:00:00+00:00,6422.0,6520.0,6377.0,6450.5,68731
2022-04-29 06:00:00+00:00,6520.5,6544.5,6367.0,6476.5,79857
2022-05-02 06:00:00+00:00,6361.0,6418.0,6260.0,6367.5,76534
2022-05-03 06:00:00+00:00,6411.0,6455.0,6369.5,6423.5,68583
2022-05-04 06:00:00+00:00,6412.5,6490.5,6335.0,6342.5,51165
2022-05-05 06:00:00+00:00,6493.0,6507.0,6259.5,6316.0,71285
2022-05-06 06:00:00+00:00,6298.0,6322.0,6187.5,6233.5,105590
2022-05-09 06:00:00+00:00,6161.0,6237.5,6041.0,6060.5,85310
2022-05-10 06:00:00+00:00,6089.0,6190.0,6073.0,6098.0,83835
2022-05-11 06:00:00+00:00,6148.0,6277.5,6114.5,6251.0,93789
2022-05-12 06:00:00+00:00,6104.5,6221.0,6078.0,6188.0,82809
2022-05-13 06:00:00+00:00,6243.5,6364.0,6219.5,6345.5,71949
2022-05-16 06:00:00+00:00,6330.5,6386.5,6274.0,6336.0,125353
2022-05-17 06:00:00+00:00,6382.0,6458.5,6371.0,6429.0,241612
2022-05-18 06:00:00+00:00,6438.0,6454.5,6286.0,6351.5,160590
2022-05-19 06:00:00+00:00,6302.5,6318.0,6194.0,6272.0,105042
2022-05-20 06:00:00+00:00,6274.0,6330.5,6174.0,6237.0,72624
2022-05-23 06:00:00+00:00,6307.0,6337.0,6232.0,6327.5,68681
2022-05-24 06:00:00+00:00,6266.0,6293.0,6211.5,6222.0,71178
2022-05-25 06:00:00+00:00,6278.0,6325.0,6204.0,6274.0,53103
2022-05-26 06:00:00+00:00,6275.0,6417.5,6263.5,6387.5,56031
2022-05-27 06:00:00+00:00,6390.0,6511.0,6385.0,6493.0,54323
2022-05-30 06:00:00+00:00,6537.0,6570.0,6524.0,6549.5,44135
2022-05-31 06:00:00+00:00,6534.0,6535.0,6437.0,6456.5,68343
2022-06-01 06:00:00+00:00,6472.0,6501.0,6391.5,6408.0,59006
2022-06-02 06:00:00+00:00,6419.5,6545.0,6415.0,6491.0,45253
2022-06-03 06:00:00+00:00,6540.0,6545.5,6462.5,6475.5,35141
2022-06-06 06:00:00+00:00,6505.5,6587.5,6505.0,6542.5,66387
2022-06-07 06:00:00+00:00,6510.5,6526.5,6457.5,6498.0,59226
2022-06-08 06:00:00+00:00,6523.0,6525.0,6397.0,6446.5,83056
2022-06-09 06:00:00+00:00,6397.0,6459.0,6298.0,6356.5,83254
2022-06-10 06:00:00+00:00,6306.0,6324.5,6168.5,6185.5,74454
2022-06-13 06:00:00+00:00,6084.0,6124.0,6003.5,6021.0,175226
2022-06-14 06:00:00+00:00,6073.5,6091.5,5905.0,5949.0,201603
2022-06-15 06:00:00+00:00,5986.5,6100.0,5969.5,6030.0,173324
2022-06-16 06:00:00+00:00,6041.5,6054.5,5840.5,5886.0,76108
2022-06-17 06:00:00+00:00,5912.5,5956.5,5838.0,5864.0,70336
2022-06-20 06:00:00+00:00,5853.0,5910.5,5837.5,5902.0,31909
2022-06-21 06:00:00+00:00,5932.0,6021.5,5916.0,5953.5,49748
2022-06-22 06:00:00+00:00,5867.0,5928.5,5821.5,5906.0,50858
2022-06-23 06:00:00+00:00,5885.5,5947.0,5819.5,5872.5,65131
2022-06-24 06:00:00+00:00,5938.0,6118.5,5902.0,6064.0,54969
2022-06-27 06:00:00+00:00,6107.0,6148.5,6009.5,6037.5,58070
2022-06-28 06:00:00+00:00,6037.5,6133.0,6011.5,6076.5,53453
2022-06-29 06:00:00+00:00,6030.0,6065.0,5983.0,6022.5,58155
2022-06-30 06:00:00+00:00,5960.5,5961.5,5842.0,5914.0,73804
2022-07-01 06:00:00+00:00,5871.5,5988.0,5845.5,5922.5,58607
2022-07-04 06:00:00+00:00,5965.5,5997.0,5938.0,5948.5,27692
2022-07-05 06:00:00+00:00,5985.0,5996.5,5782.0,5792.0,70283
2022-07-06 06:00:00+00:00,5852.5,5958.0,5838.5,5911.0,64013
2022-07-07 06:00:00+00:00,5969.5,6024.5,5962.0,6006.0,62320
2022-07-08 06:00:00+00:00,6002.5,6055.0,5950.5,6032.5,46168
2022-07-11 06:00:00+00:00,5952.5,6025.5,5907.0,5996.0,141662
2022-07-12 06:00:00+00:00,5946.5,6064.0,5928.0,6044.0,205823
2022-07-13 06:00:00+00:00,6028.0,6036.5,5921.0,6000.0,122152
2022-07-14 06:00:00+00:00,6002.0,6008.5,5873.0,5915.0,72568
2022-07-15 06:00:00+00:00,5955.0,6044.0,5896.5,6032.0,57820
2022-07-18 06:00:00+00:00,6075.5,6132.5,6024.5,6087.5,46956
2022-07-19 06:00:00+00:00,6039.0,6222.0,6022.5,6197.5,61808
2022-07-20 06:00:00+00:00,6222.0,6245.5,6118.5,6181.5,66695
2022-07-21 06:00:00+00:00,6183.5,6233.5,6139.0,6198.5,69001
2022-07-22 06:00:00+00:00,6166.5,6246.5,6161.0,6214.0,50694
2022-07-25 06:00:00+00:00,6177.0,6258.0,6171.5,6235.0,50386
2022-07-26 06:00:00+00:00,6227.5,6243.5,6172.5,6210.0,57875
2022-07-27 06:00:00+00:00,6201.5,6303.0,6198.5,6257.0,47807
2022-07-28 06:00:00+00:00,6301.0,6388.5,6234.5,6338.0,56647
2022-07-29 06:00:00+00:00,6381.5,6492.5,6381.0,6447.5,61878
2022-08-01 06:00:00+00:00,6452.0,6483.5,6412.5,6436.0,55542
2022-08-02 06:00:00+00:00,6415.0,6434.0,6379.0,6409.0,47069
2022-08-03 06:00:00+00:00,6406.0,6490.5,6396.0,6471.0,42057
2022-08-04 06:00:00+00:00,6485.5,6556.0,6473.0,6512.5,47021
2022-08-05 06:00:00+00:00,6521.0,6524.5,6448.0,6472.0,44023
2022-08-08 06:00:00+00:00,6499.5,6566.5,6495.0,6524.0,43513
2022-08-09 06:00:00+00:00,6510.5,6529.5,6475.5,6489.5,43488
2022-08-10 06:00:00+00:00,6474.5,6548.0,6451.5,6523.0,58112
2022-08-11 06:00:00+00:00,6543.0,6571.0,6499.0,6544.5,47160
2022-08-12 06:00:00+00:00,6540.5,6605.0,6537.5,6554.0,39888
2022-08-15 06:00:00+00:00,6588.0,6603.0,6533.0,6571.0,79137
2022-08-16 06:00:00+00:00,6591.5,6623.5,6567.0,6593.0,221804
2022-08-17 06:00:00+00:00,6623.5,6626.5,6511.5,6528.5,128202
2022-08-18 06:00:00+00:00,6525.0,6577.5,6518.0,6557.5,80812
2022-08-19 06:00:00+00:00,6543.0,6549.5,6485.0,6495.5,57037
2022-08-22 06:00:00+00:00,6473.0,6476.5,6347.5,6378.5,60330
2022-08-23 06:00:00+00:00,6360.0,6401.5,6319.5,6361.5,56863
2022-08-24 06:00:00+00:00,6344.5,6398.0,6317.0,6386.0,40479
2022-08-25 06:00:00+00:00,6403.5,6447.5,6359.5,6381.0,46268
2022-08-26 06:00:00+00:00,6409.5,6430.5,6220.0,6273.5,70898
2022-08-29 06:00:00+00:00,6186.5,6253.5,6151.0,6221.5,60546
2022-08-30 06:00:00+00:00,6254.0,6305.0,6171.0,6209.5,62447
2022-08-31 06:00:00+00:00,6228.0,6249.5,6096.5,6124.0,69337
2022-09-01 06:00:00+00:00,6080.0,6088.0,6007.0,6033.5,81073
2022-09-02 06:00:00+00:00,6057.0,6178.5,6004.0,6167.5,77756
2022-09-05 06:00:00+00:00,6044.5,6105.5,5974.5,6092.5,43641
2022-09-06 06:00:00+00:00,6081.5,6139.0,6059.0,6104.0,54582
2022-09-07 06:00:00+00:00,6039.0,6137.0,6030.5,6105.5,51264
2022-09-08 06:00:00+00:00,6142.0,6164.5,6033.5,6125.5,67354
2022-09-09 06:00:00+00:00,6126.0,6242.5,6118.0,6212.5,56188
2022-09-12 06:00:00+00:00,6258.5,6353.5,6224.0,6334.0,159713
2022-09-13 06:00:00+00:00,6337.5,6397.5,6187.0,6246.0,169020
2022-09-14 06:00:00+00:00,6197.5,6250.5,6182.0,6222.5,137168
2022-09-15 06:00:00+00:00,6215.0,6249.5,6125.5,6158.0,80504
2022-09-16 06:00:00+00:00,6101.0,6118.5,6047.5,6073.5,69522
2022-09-19 06:00:00+00:00,6071.0,6090.5,5969.0,6057.5,51231
2022-09-20 06:00:00+00:00,6094.0,6116.0,5919.0,5975.0,63696
2022-09-21 06:00:00+00:00,5945.5,6075.0,5916.0,6034.0,64965
2022-09-22 06:00:00+00:00,5945.5,6025.5,5917.5,5921.0,70907
2022-09-23 06:00:00+00:00,5938.0,5948.5,5757.0,5785.5,84614
2022-09-26 06:00:00+00:00,5738.5,5831.0,5736.0,5771.0,81683
2022-09-27 06:00:00+00:00,5795.0,5855.0,5694.5,5755.0,83555
2022-09-28 06:00:00+00:00,5717.5,5821.0,5651.0,5766.5,115532
2022-09-29 06:00:00+00:00,5767.5,5774.5,5628.5,5678.0,86126
2022-09-30 06:00:00+00:00,5669.5,5772.5,5666.5,5763.5,90800
2022-10-03 06:00:00+00:00,5695.0,5832.5,5654.5,5795.5,75929
2022-10-04 06:00:00+00:00,5868.0,6042.5,5851.5,6040.5,95823
2022-10-05 06:00:00+00:00,6021.5,6047.0,5953.5,5986.0,66201
2022-10-06 06:00:00+00:00,6056.5,6059.5,5916.0,5937.0,61284
2022-10-07 06:00:00+00:00,5923.5,5961.5,5823.5,5867.5,63782
2022-10-10 06:00:00+00:00,5805.0,5885.5,5786.5,5841.0,64439
2022-10-11 06:00:00+00:00,5821.5,5862.0,5770.5,5833.5,76589
2022-10-12 06:00:00+00:00,5833.0,5874.5,5788.0,5819.0,72171
2022-10-13 06:00:00+00:00,5804.0,5951.0,5703.0,5879.5,112903
2022-10-14 06:00:00+00:00,5984.0,6046.5,5897.5,5932.0,91009
2022-10-17 06:00:00+00:00,5941.0,6069.5,5909.0,6041.0,133735
2022-10-18 06:00:00+00:00,6101.5,6141.5,6054.5,6067.5,176526
2022-10-19 06:00:00+00:00,6105.5,6111.5,6007.5,6041.5,172353
2022-10-20 06:00:00+00:00,6040.0,6105.0,6029.5,6087.5,83187
2022-10-21 06:00:00+00:00,6036.0,6095.0,5953.5,6037.5,80375
2022-10-24 06:00:00+00:00,6075.5,6181.0,6042.5,6133.5,72001
2022-10-25 06:00:00+00:00,6166.0,6269.5,6136.5,6252.5,54056
2022-10-26 06:00:00+00:00,6247.0,6294.5,6221.0,6278.5,57178
2022-10-27 06:00:00+00:00,6273.5,6284.0,6195.5,6246.5,74920
2022-10-28 06:00:00+00:00,6210.0,6323.0,6184.5,6274.5,53029
2022-10-31 07:00:00+00:00,6286.5,6297.5,6244.5,6268.5,48929
2022-11-01 07:00:00+00:00,6318.5,6385.5,6306.0,6329.0,58505
2022-11-02 07:00:00+00:00,6349.5,6379.0,6218.5,6278.0,59241
2022-11-03 07:00:00+00:00,6224.0,6253.5,6191.5,6244.0,67898
2022-11-04 07:00:00+00:00,6281.0,6468.0,6271.5,6417.5,81080
2022-11-07 07:00:00+00:00,6410.0,6444.5,6364.5,6417.5,56936
2022-11-08 07:00:00+00:00,6414.5,6452.5,6377.5,6442.0,48464
2022-11-09 07:00:00+00:00,6415.5,6448.0,6387.5,6431.0,48151
2022-11-10 07:00:00+00:00,6394.0,6579.0,6380.5,6557.5,89797
2022-11-11 07:00:00+00:00,6624.5,6642.5,6572.5,6594.0,68324
2022-11-14 07:00:00+00:00,6619.5,6662.5,6579.0,6609.0,126188
2022-11-15 07:00:00+00:00,6618.0,6688.0,6541.0,6643.0,207558
2022-11-16 07:00:00+00:00,6628.5,6659.0,6587.5,6608.5,130225
2022-11-17 07:00:00+00:00,6622.0,6636.5,6522.5,6577.0,66582
2022-11-18 07:00:00+00:00,6607.0,6662.5,6597.5,6641.5,52827
2022-11-21 07:00:00+00:00,6624.5,6662.0,6609.5,6632.0,42147
2022-11-22 07:00:00+00:00,6646.5,6685.5,6612.5,6655.0,44753
2022-11-23 07:00:00+00:00,6684.5,6687.0,6638.5,6676.5,39374
2022-11-24 07:00:00+00:00,6678.0,6727.0,6675.5,6703.5,26987
2022-11-25 07:00:00+00:00,6705.0,6722.0,6685.0,6711.0,34738
2022-11-28 07:00:00+00:00,6681.5,6693.0,6639.5,6664.0,59824
2022-11-29 07:00:00+00:00,6686.5,6707.0,6647.0,6667.5,55958
2022-11-30 07:00:00+00:00,6700.5,6797.5,6676.0,6736.5,69745
2022-12-01 07:00:00+00:00,6796.5,6797.0,6731.0,6755.5,65607
2022-12-02 07:00:00+00:00,6727.0,6769.0,6688.5,6743.5,52979
2022-12-05 07:00:00+00:00,6740.5,6748.5,6675.0,6700.0,52578
2022-12-06 07:00:00+00:00,6686.5,6709.5,6651.0,6690.5,72010
2022-12-07 07:00:00+00:00,6698.0,6702.0,6643.5,6663.5,73895
2022-12-08 07:00:00+00:00,6666.5,6690.0,6629.0,6649.5,50584
2022-12-09 07:00:00+00:00,6678.5,6686.0,6612.0,6679.0,54227
2022-12-12 07:00:00+00:00,6651.0,6685.5,6634.5,6652.0,119163
2022-12-13 07:00:00+00:00,6677.0,6825.0,6642.5,6746.5,192131
2022-12-14 07:00:00+00:00,6739.0,6745.0,6682.0,6731.5,134925
2022-12-15 07:00:00+00:00,6702.0,6702.0,6501.5,6522.5,87766
2022-12-16 07:00:00+00:00,6541.5,6546.5,6420.0,6454.0,75759
2022-12-19 07:00:00+00:00,6478.0,6512.5,6445.0,6475.5,42616
2022-12-20 07:00:00+00:00,6416.0,6476.5,6388.5,6452.0,46065
2022-12-21 07:00:00+00:00,6482.5,6589.0,6466.5,6581.0,46027
2022-12-22 07:00:00+00:00,6596.0,6615.5,6476.5,6517.5,47439
2022-12-23 07:00:00+00:00,6530.0,6535.5,6474.5,6503.5,32348
2022-12-27 07:00:00+00:00,6552.0,6580.0,6534.0,6550.0,24638
2022-12-28 07:00:00+00:00,6550.5,6572.0,6482.0,6509.0,35775
2022-12-29 07:00:00+00:00,6490.0,6582.5,6471.5,6572.5,33487
2022-12-30 07:00:00+00:00,6544.5,6547.5,6458.0,6470.5,39102
2023-01-02 07:00:00+00:00,6482.0,6607.5,6482.0,6598.5,26709
2023-01-03 07:00:00+00:00,6566.0,6701.5,6548.0,6628.0,69363
2023-01-04 07:00:00+00:00,6652.5,6794.5,6641.5,6781.0,67581
2023-01-05 07:00:00+00:00,6756.5,6799.0,6733.0,6764.5,56324
2023-01-06 07:00:00+00:00,6800.5,6891.0,6760.0,6864.5,59993
2023-01-09 07:00:00+00:00,6893.0,6931.5,6853.5,6910.0,55091
2023-01-10 07:00:00+00:00,6870.5,6905.0,6848.5,6872.0,49943
2023-01-11 07:00:00+00:00,6896.5,6963.0,6875.5,6926.5,54972
2023-01-12 07:00:00+00:00,6952.0,7019.5,6939.0,6977.5,74304
2023-01-13 07:00:00+00:00,6992.0,7058.0,6978.5,7024.5,68236
2023-01-16 07:00:00+00:00,7050.0,7054.5,7017.5,7045.5,92759
2023-01-17 07:00:00+00:00,7035.5,7108.0,7023.0,7079.5,157345
2023-01-18 07:00:00+00:00,7086.0,7118.5,7051.0,7085.0,164171
2023-01-19 07:00:00+00:00,7046.0,7058.0,6946.0,6952.5,83154
2023-01-20 07:00:00+00:00,7005.0,7035.0,6974.5,7006.5,54403
2023-01-23 07:00:00+00:00,7028.5,7062.0,6997.0,7042.0,40545
2023-01-24 07:00:00+00:00,7062.5,7078.0,7020.0,7060.5,37169
2023-01-25 07:00:00+00:00,7057.0,7088.0,7008.5,7053.5,44268
2023-01-26 07:00:00+00:00,7095.5,7126.0,7087.0,7104.5,52580
2023-01-27 07:00:00+00:00,7107.0,7126.0,7070.0,7105.5,43354
2023-01-30 07:00:00+00:00,7077.5,7112.5,7037.5,7090.5,50745
2023-01-31 07:00:00+00:00,7066.0,7129.5,7032.5,7090.5,56658
2023-02-01 07:00:00+00:00,7103.0,7151.5,7056.5,7084.0,47914
2023-02-02 07:00:00+00:00,7125.5,7192.5,7084.0,7173.0,84316
2023-02-03 07:00:00+00:00,7160.0,7243.0,7118.5,7240.0,80743
2023-02-06 07:00:00+00:00,7185.0,7193.0,7109.5,7143.5,57357
2023-02-07 07:00:00+00:00,7156.0,7193.5,7109.5,7138.0,54251
2023-02-08 07:00:00+00:00,7186.5,7197.5,7114.5,7124.5,54644
2023-02-09 07:00:00+00:00,7160.5,7231.0,7155.5,7191.5,60407
2023-02-10 07:00:00+00:00,7163.5,7186.0,7076.5,7133.0,64703
2023-02-13 07:00:00+00:00,7130.5,7235.0,7127.0,7211.5,122510
2023-02-14 07:00:00+00:00,7215.5,7276.0,7205.0,7216.5,191084
2023-02-15 07:00:00+00:00,7219.0,7334.0,7199.5,7302.5,112676
2023-02-16 07:00:00+00:00,7334.0,7389.5,7326.5,7367.0,82994
2023-02-17 07:00:00+00:00,7332.0,7390.5,7276.0,7361.0,66223
2023-02-20 07:00:00+00:00,7385.0,7390.0,7330.5,7348.0,34678
2023-02-21 07:00:00+00:00,7339.5,7355.5,7251.5,7320.5,64531
2023-02-22 07:00:00+00:00,7295.0,7338.5,7241.0,7310.5,62910
2023-02-23 07:00:00+00:00,7331.5,7377.0,7310.0,7328.0,61936
2023-02-24 07:00:00+00:00,7365.0,7376.5,7188.5,7197.0,71215
2023-02-27 07:00:00+00:00,7229.5,7334.5,7229.5,7305.5,60043
2023-02-28 07:00:00+00:00,7307.5,7328.0,7257.0,7277.0,62891
2023-03-01 07:00:00+00:00,7285.5,7336.0,7226.0,7242.0,61935
2023-03-02 07:00:00+00:00,7222.0,7322.5,7175.0,7291.5,63952
2023-03-03 07:00:00+00:00,7318.0,7393.5,7307.0,7354.5,47801
2023-03-06 07:00:00+00:00,7382.0,7408.0,7354.5,7379.0,46193
2023-03-07 07:00:00+00:00,7376.5,7403.5,7322.5,7344.5,59643
2023-03-08 07:00:00+00:00,7330.5,7353.0,7305.0,7330.0,51013
2023-03-09 07:00:00+00:00,7328.0,7338.0,7232.5,7320.0,65452
2023-03-10 07:00:00+00:00,7207.5,7262.0,7131.5,7224.0,102697
2023-03-13 07:00:00+00:00,7234.5,7239.5,6980.5,7014.0,250959
2023-03-14 07:00:00+00:00,7001.5,7165.5,6989.0,7143.5,234638
2023-03-15 07:00:00+00:00,7146.5,7151.5,6862.0,6887.5,212867
2023-03-16 07:00:00+00:00,6988.0,7087.5,6875.5,7026.5,114382
2023-03-17 07:00:00+00:00,7092.0,7115.5,6904.0,6934.5,105985
2023-03-20 07:00:00+00:00,6848.5,7069.5,6804.5,7024.0,87122
2023-03-21 07:00:00+00:00,7089.0,7163.5,7079.0,7123.5,54153
2023-03-22 07:00:00+00:00,7147.5,7187.0,7065.5,7147.5,46553
2023-03-23 07:00:00+00:00,7123.5,7165.5,7050.0,7154.0,52988
2023-03-24 07:00:00+00:00,7106.5,7131.0,6965.5,7029.0,73761
2023-03-27 06:00:00+00:00,7083.0,7137.5,7051.0,7092.5,45621
2023-03-28 06:00:00+00:00,7132.0,7170.5,7074.0,7102.5,47316
2023-03-29 06:00:00+00:00,7138.0,7227.0,7133.0,7200.5,54769
2023-03-30 06:00:00+00:00,7234.0,7305.0,7230.5,7275.5,41506
2023-03-31 06:00:00+00:00,7280.5,7354.5,7274.5,7334.0,44812
2023-04-03 06:00:00+00:00,7323.5,7388.5,7322.5,7356.5,48332
2023-04-04 06:00:00+00:00,7379.0,7410.5,7341.0,7355.0,57062
2023-04-05 06:00:00+00:00,7343.5,7367.5,7308.5,7324.0,60087
2023-04-06 06:00:00+00:00,7324.5,7362.5,7317.0,7333.0,40729
2023-04-11 06:00:00+00:00,7376.0,7423.5,7373.0,7397.5,66104
2023-04-12 06:00:00+00:00,7404.5,7471.5,7386.0,7403.0,62478
2023-04-13 06:00:00+00:00,7440.0,7513.5,7437.5,7485.5,55268
2023-04-14 06:00:00+00:00,7506.5,7538.5,7495.5,7523.5,51859
2023-04-17 06:00:00+00:00,7527.5,7556.5,7497.0,7502.5,109921
2023-04-18 06:00:00+00:00,7516.5,7563.5,7507.5,7537.5,171046
2023-04-19 06:00:00+00:00,7530.0,7570.5,7516.5,7552.5,135542
2023-04-20 06:00:00+00:00,7554.5,7564.5,7507.5,7540.0,61630
2023-04-21 06:00:00+00:00,7470.5,7528.0,7446.5,7505.5,64769
2023-04-24 06:00:00+00:00,7501.0,7522.0,7484.5,7514.5,47805
2023-04-25 06:00:00+00:00,7502.0,7503.0,7439.0,7491.5,50825
2023-04-26 06:00:00+00:00,7458.5,7468.0,7386.5,7432.0,68484
2023-04-27 06:00:00+00:00,7410.5,7494.5,7398.5,7447.0,45021
2023-04-28 06:00:00+00:00,7492.0,7496.0,7375.0,7464.0,55803
2023-05-02 06:00:00+00:00,7465.0,7480.5,7343.5,7356.0,66778
2023-05-03 06:00:00+00:00,7386.5,7421.0,7356.0,7378.5,50765
2023-05-04 06:00:00+00:00,7369.5,7371.0,7286.0,7313.5,67173
2023-05-05 06:00:00+00:00,7334.5,7435.0,7325.0,7405.0,58922
2023-05-08 06:00:00+00:00,7414.5,7440.0,7399.0,7424.0,32870
2023-05-09 06:00:00+00:00,7428.5,7432.5,7355.0,7394.0,52239
2023-05-10 06:00:00+00:00,7392.0,7414.0,7314.0,7358.0,54836
2023-05-11 06:00:00+00:00,7370.0,7433.5,7327.5,7376.5,78265
2023-05-12 06:00:00+00:00,7404.0,7459.0,7388.0,7409.0,62151
2023-05-15 06:00:00+00:00,7427.5,7456.5,7397.5,7418.0,105968
2023-05-16 06:00:00+00:00,7410.0,7428.5,7376.5,7405.5,138357
2023-05-17 06:00:00+00:00,7389.5,7445.5,7356.0,7402.0,95508
2023-05-18 06:00:00+00:00,7439.5,7484.0,7426.0,7447.5,56364
2023-05-19 06:00:00+00:00,7424.0,7478.5,7417.0,7446.5,63577
2023-05-22 06:00:00+00:00,7453.5,7468.5,7426.0,7453.0,44614
2023-05-23 06:00:00+00:00,7452.5,7453.5,7311.5,7354.0,46807
2023-05-24 06:00:00+00:00,7315.5,7317.0,7196.5,7227.5,76457
2023-05-25 06:00:00+00:00,7226.0,7252.0,7169.0,7201.5,64760
2023-05-26 06:00:00+00:00,7215.0,7308.5,7178.5,7291.5,51337
2023-05-29 06:00:00+00:00,7308.5,7329.5,7264.0,7275.5,21505
2023-05-30 06:00:00+00:00,7281.5,7299.0,7196.0,7211.0,61349
2023-05-31 06:00:00+00:00,7182.5,7187.0,7083.5,7099.5,82357
2023-06-01 06:00:00+00:00,7143.0,7171.5,7087.5,7136.5,68050
2023-06-02 06:00:00+00:00,7170.5,7284.5,7165.5,7271.5,58226
2023-06-05 06:00:00+00:00,7267.5,7298.5,7181.5,7203.0,50682
2023-06-06 06:00:00+00:00,7189.5,7235.0,7170.0,7212.5,44757
2023-06-07 06:00:00+00:00,7223.0,7231.0,7173.0,7206.0,47260
2023-06-08 06:00:00+00:00,7192.5,7238.5,7176.5,7223.0,47481
2023-06-09 06:00:00+00:00,7229.5,7239.5,7185.0,7213.5,54102
2023-06-12 06:00:00+00:00,7235.0,7287.0,7235.0,7253.5,124958
2023-06-13 06:00:00+00:00,7293.0,7313.0,7244.5,7293.5,156587
2023-06-14 06:00:00+00:00,7290.0,7363.0,7285.0,7331.5,128218
2023-06-15 06:00:00+00:00,7310.0,7314.5,7246.0,7291.0,63820
2023-06-16 06:00:00+00:00,7312.0,7415.5,7304.5,7398.5,71450
2023-06-19 06:00:00+00:00,7367.0,7376.0,7311.0,7323.5,36689
2023-06-20 06:00:00+00:00,7308.0,7332.0,7289.5,7303.0,45488
2023-06-21 06:00:00+00:00,7307.5,7314.5,7262.5,7277.0,42907
2023-06-22 06:00:00+00:00,7232.0,7238.0,7157.0,7217.0,71633
2023-06-23 06:00:00+00:00,7181.0,7207.0,7141.0,7176.5,56415
2023-06-26 06:00:00+00:00,7180.0,7217.0,7115.5,7197.0,48446
2023-06-27 06:00:00+00:00,7224.0,7266.0,7172.5,7227.5,49356
2023-06-28 06:00:00+00:00,7259.5,7315.0,7258.0,7298.5,45395
2023-06-29 06:00:00+00:00,7298.0,7360.5,7293.0,7323.0,41718
2023-06-30 06:00:00+00:00,7345.5,7436.0,7344.5,7410.5,60698
2023-07-03 06:00:00+00:00,7437.0,7439.5,7397.0,7398.5,42439
2023-07-04 06:00:00+00:00,7398.0,7412.5,7373.0,7381.0,28286
2023-07-05 06:00:00+00:00,7368.5,7368.5,7305.0,7322.5,56829
2023-07-06 06:00:00+00:00,7276.5,7281.5,7073.0,7091.0,96286
2023-07-07 06:00:00+00:00,7108.5,7160.5,7060.5,7120.0,71028
2023-07-10 06:00:00+00:00,7084.5,7182.0,7077.0,7152.0,46415
2023-07-11 06:00:00+00:00,7170.0,7256.0,7167.0,7227.5,50116
2023-07-12 06:00:00+00:00,7252.0,7356.0,7237.5,7340.5,59822
2023-07-13 06:00:00+00:00,7352.0,7415.5,7341.0,7376.0,61050
2023-07-14 06:00:00+00:00,7376.5,7408.5,7357.5,7379.5,43453
2023-07-17 06:00:00+00:00,7342.5,7342.5,7272.0,7296.0,91453
2023-07-18 06:00:00+00:00,7302.5,7339.5,7279.5,7323.0,156436
2023-07-19 06:00:00+00:00,7337.5,7388.0,7320.0,7330.0,100559
2023-07-20 06:00:00+00:00,7331.5,7400.0,7302.5,7386.5,50719
2023-07-21 06:00:00+00:00,7400.5,7464.0,7399.0,7454.5,46508
2023-07-24 06:00:00+00:00,7439.5,7457.0,7410.0,7448.0,36365
2023-07-25 06:00:00+00:00,7445.0,7471.0,7390.5,7435.0,41068
2023-07-26 06:00:00+00:00,7389.5,7407.5,7269.0,7333.5,72317
2023-07-27 06:00:00+00:00,7369.0,7506.5,7354.5,7482.5,80317
2023-07-28 06:00:00+00:00,7478.5,7515.0,7431.5,7492.0,61213
2023-07-31 06:00:00+00:00,7486.5,7542.0,7479.0,7513.5,40041
2023-08-01 06:00:00+00:00,7514.0,7518.0,7408.0,7421.0,51660
2023-08-02 06:00:00+00:00,7370.0,7391.0,7298.5,7326.0,68904
2023-08-03 06:00:00+00:00,7316.5,7317.5,7222.0,7272.0,60316
2023-08-04 06:00:00+00:00,7301.0,7345.5,7253.0,7325.5,51086
2023-08-07 06:00:00+00:00,7301.5,7352.5,7278.0,7329.0,36760
2023-08-08 06:00:00+00:00,7312.5,7335.5,7226.5,7278.0,48936
2023-08-09 06:00:00+00:00,7332.0,7391.0,7324.5,7330.0,43273
2023-08-10 06:00:00+00:00,7375.0,7472.5,7373.5,7440.5,55555
2023-08-11 06:00:00+00:00,7414.5,7416.0,7321.5,7345.5,79718
2023-08-14 06:00:00+00:00,7323.0,7378.0,7314.0,7353.5,82131
2023-08-15 06:00:00+00:00,7373.5,7386.5,7238.5,7271.0,120924
2023-08-16 06:00:00+00:00,7242.0,7304.5,7222.0,7263.0,125464
2023-08-17 06:00:00+00:00,7212.0,7263.0,7158.0,7192.5,66668
2023-08-18 06:00:00+00:00,7191.5,7203.5,7113.5,7185.0,62901
2023-08-21 06:00:00+00:00,7188.0,7279.5,7177.5,7217.5,52247
2023-08-22 06:00:00+00:00,7245.5,7313.5,7239.0,7260.0,49532
2023-08-23 06:00:00+00:00,7276.0,7315.0,7241.0,7265.0,40073
2023-08-24 06:00:00+00:00,7316.5,7363.5,7204.0,7230.5,47591
2023-08-25 06:00:00+00:00,7217.0,7304.0,7204.0,7245.0,46609
2023-08-28 06:00:00+00:00,7303.0,7361.5,7275.5,7340.0,40352
2023-08-29 06:00:00+00:00,7362.5,7406.5,7336.0,7388.0,45337
2023-08-30 06:00:00+00:00,7403.0,7420.5,7334.0,7378.5,43184
2023-08-31 06:00:00+00:00,7387.5,7400.0,7306.0,7328.5,51481
2023-09-01 06:00:00+00:00,7339.0,7370.0,7296.0,7307.5,51554
2023-09-04 06:00:00+00:00,7328.5,7370.5,7276.0,7289.0,35511
2023-09-05 06:00:00+00:00,7272.0,7297.5,7191.5,7263.5,60564
2023-09-06 06:00:00+00:00,7244.5,7246.5,7176.0,7202.0,60741
2023-09-07 06:00:00+00:00,7182.5,7248.0,7168.5,7202.0,53672
2023-09-08 06:00:00+00:00,7223.5,7256.0,7140.5,7246.5,86144
2023-09-11 06:00:00+00:00,7263.0,7324.0,7257.0,7283.0,128393
2023-09-12 06:00:00+00:00,7298.0,7305.0,7245.0,7257.0,111713
2023-09-13 06:00:00+00:00,7230.0,7254.5,7187.0,7226.5,115478
2023-09-14 06:00:00+00:00,7235.0,7344.5,7183.5,7310.0,69893
2023-09-15 06:00:00+00:00,7376.0,7459.0,7376.0,7401.0,89065
2023-09-18 06:00:00+00:00,7378.0,7382.0,7273.5,7295.5,64789
2023-09-19 06:00:00+00:00,7282.5,7326.5,7253.5,7301.0,50573
2023-09-20 06:00:00+00:00,7301.0,7378.0,7295.0,7356.5,56247
2023-09-21 06:00:00+00:00,7288.0,7294.5,7177.0,7237.0,70001
2023-09-22 06:00:00+00:00,7220.0,7226.0,7152.5,7206.5,71771
2023-09-25 06:00:00+00:00,7188.5,7223.0,7108.0,7145.0,63833
2023-09-26 06:00:00+00:00,7126.0,7130.0,7053.0,7094.0,64297
2023-09-27 06:00:00+00:00,7102.0,7126.0,7042.5,7090.5,57284
2023-09-28 06:00:00+00:00,7104.0,7156.0,7058.5,7133.5,65893
2023-09-29 06:00:00+00:00,7136.0,7222.5,7123.5,7151.5,75347
2023-10-02 06:00:00+00:00,7141.0,7214.0,7038.5,7083.5,71972
2023-10-03 06:00:00+00:00,7041.5,7091.5,7001.0,7011.5,73808
2023-10-04 06:00:00+00:00,7002.0,7065.0,6960.0,7010.0,73951
2023-10-05 06:00:00+00:00,7037.0,7040.0,6980.5,7010.0,62569
2023-10-06 06:00:00+00:00,7017.0,7111.0,6990.5,7071.0,69783
2023-10-09 06:00:00+00:00,7049.5,7076.5,6989.0,7031.5,57748
2023-10-10 06:00:00+00:00,7092.5,7181.5,7080.0,7172.5,74795
2023-10-11 06:00:00+00:00,7119.0,7175.5,7084.5,7139.5,59596
2023-10-12 06:00:00+00:00,7173.0,7191.5,7063.0,7110.5,54368
2023-10-13 06:00:00+00:00,7087.5,7115.5,6984.0,7008.5,59631
2023-10-16 06:00:00+00:00,7009.0,7053.5,6966.5,7026.5,80571
2023-10-17 06:00:00+00:00,7029.0,7061.0,6971.5,7034.0,133366
2023-10-18 06:00:00+00:00,7033.0,7049.0,6935.5,6968.5,100311
2023-10-19 06:00:00+00:00,6927.0,6944.0,6863.0,6922.0,82100
2023-10-20 06:00:00+00:00,6882.5,6899.0,6828.0,6833.5,83391
2023-10-23 06:00:00+00:00,6853.5,6879.5,6790.0,6867.5,58490
2023-10-24 06:00:00+00:00,6856.5,6926.0,6849.0,6910.0,61829
2023-10-25 06:00:00+00:00,6886.0,6945.5,6860.0,6931.0,59620
2023-10-26 06:00:00+00:00,6870.5,6930.5,6837.5,6902.5,68442
2023-10-27 06:00:00+00:00,6920.5,6930.0,6764.5,6808.0,67081
2023-10-30 07:00:00+00:00,6821.0,6867.0,6813.5,6837.0,48031
2023-10-31 07:00:00+00:00,6850.5,6916.0,6840.5,6897.0,48579
2023-11-01 07:00:00+00:00,6925.0,6975.5,6883.0,6943.0,56217
2023-11-02 07:00:00+00:00,6977.5,7107.0,6977.0,7069.0,66780
2023-11-03 07:00:00+00:00,7097.5,7100.5,7045.0,7055.5,53656
2023-11-06 07:00:00+00:00,7055.0,7076.5,6994.0,7020.5,45348
2023-11-07 07:00:00+00:00,6990.5,7019.0,6969.5,6993.0,44782
2023-11-08 07:00:00+00:00,6968.0,7075.0,6952.0,7040.0,48401
2023-11-09 07:00:00+00:00,7033.5,7126.0,7027.5,7117.0,51926
2023-11-10 07:00:00+00:00,7070.5,7102.5,7008.0,7048.0,57315
2023-11-13 07:00:00+00:00,7070.0,7107.0,7057.5,7089.5,70742
2023-11-14 07:00:00+00:00,7094.5,7212.5,7085.5,7189.5,155578
2023-11-15 07:00:00+00:00,7216.5,7249.0,7195.0,7213.0,131282
2023-11-16 07:00:00+00:00,7204.0,7212.0,7165.0,7169.0,62786
2023-11-17 07:00:00+00:00,7208.0,7259.0,7192.5,7245.0,56511
2023-11-20 07:00:00+00:00,7245.5,7280.0,7242.5,7258.5,39823
2023-11-21 07:00:00+00:00,7265.0,7268.5,7224.5,7240.0,33738
2023-11-22 07:00:00+00:00,7250.0,7285.5,7246.0,7270.5,36558
2023-11-23 07:00:00+00:00,7277.0,7293.0,7269.5,7285.5,31786
2023-11-24 07:00:00+00:00,7282.5,7309.5,7275.5,7302.0,32920
2023-11-27 07:00:00+00:00,7287.5,7317.0,7272.0,7274.0,46696
2023-11-28 07:00:00+00:00,7279.5,7283.5,7221.0,7257.5,47644
2023-11-29 07:00:00+00:00,7257.5,7303.5,7245.0,7274.0,52739
2023-11-30 07:00:00+00:00,7292.0,7333.0,7258.5,7315.0,55404
2023-12-01 07:00:00+00:00,7336.0,7371.0,7316.0,7350.0,59473
2023-12-04 07:00:00+00:00,7356.0,7365.5,7323.0,7342.5,45651
2023-12-05 07:00:00+00:00,7332.0,7404.5,7322.5,7396.5,47401
2023-12-06 07:00:00+00:00,7404.5,7464.5,7393.5,7445.5,76404
2023-12-07 07:00:00+00:00,7415.5,7453.0,7415.5,7435.5,49540
2023-12-08 07:00:00+00:00,7447.0,7555.0,7441.5,7532.0,106483
2023-12-11 07:00:00+00:00,7541.0,7568.0,7532.5,7557.0,115275
2023-12-12 07:00:00+00:00,7571.0,7588.0,7547.0,7548.5,132343
2023-12-13 07:00:00+00:00,7548.5,7604.0,7524.0,7535.0,77835
2023-12-14 07:00:00+00:00,7620.0,7656.0,7547.0,7576.5,58478
2023-12-15 07:00:00+00:00,7607.0,7665.0,7598.0,7621.0,63483
2023-12-18 07:00:00+00:00,7612.5,7612.5,7572.0,7593.5,41806
2023-12-19 07:00:00+00:00,7601.0,7620.5,7575.5,7599.5,36343
2023-12-20 07:00:00+00:00,7610.0,7629.5,7541.0,7607.0,42531
2023-12-21 07:00:00+00:00,7568.5,7610.5,7554.5,7589.0,40166
2023-12-22 07:00:00+00:00,7585.0,7609.0,7570.5,7588.0,26698
2023-12-27 07:00:00+00:00,7625.0,7632.5,7576.0,7588.5,30369
2023-12-28 07:00:00+00:00,7614.0,7621.0,7541.5,7546.0,31609
2023-12-29 07:00:00+00:00,7558.0,7581.5,7541.0,7555.0,27047
2024-01-02 07:00:00+00:00,7592.0,7626.5,7495.5,7546.0,53652
2024-01-03 07:00:00+00:00,7523.0,7547.5,7392.0,7424.5,75947
2024-01-04 07:00:00+00:00,7432.0,7467.5,7420.0,7462.5,49238
2024-01-05 07:00:00+00:00,7425.5,7452.5,7360.5,7431.5,52355
2024-01-08 07:00:00+00:00,7414.0,7495.5,7384.0,7459.5,42146
2024-01-09 07:00:00+00:00,7483.0,7487.5,7407.5,7435.0,40506
2024-01-10 07:00:00+00:00,7414.5,7463.0,7408.0,7433.0,38776
2024-01-11 07:00:00+00:00,7481.0,7493.0,7385.0,7392.0,54510
2024-01-12 07:00:00+00:00,7446.5,7483.5,7412.0,7469.5,52772
2024-01-15 07:00:00+00:00,7488.0,7499.5,7405.0,7416.0,67027
2024-01-16 07:00:00+00:00,7387.5,7404.0,7344.5,7402.0,180599
2024-01-17 07:00:00+00:00,7320.0,7327.5,7284.0,7322.0,123035
2024-01-18 07:00:00+00:00,7325.0,7429.5,7321.0,7402.0,45141
2024-01-19 07:00:00+00:00,7437.5,7473.0,7371.5,7393.5,46874
2024-01-22 07:00:00+00:00,7436.0,7477.5,7411.5,7435.0,46498
2024-01-23 07:00:00+00:00,7451.0,7473.5,7393.5,7409.5,38738
2024-01-24 07:00:00+00:00,7449.5,7489.5,7423.5,7476.5,53523
2024-01-25 07:00:00+00:00,7466.5,7547.5,7427.0,7483.0,66015
2024-01-26 07:00:00+00:00,7527.5,7664.5,7526.5,7652.0,81538
2024-01-29 07:00:00+00:00,7645.0,7693.5,7637.0,7658.0,42343
2024-01-30 07:00:00+00:00,7678.0,7706.5,7660.5,7693.5,38886
2024-01-31 07:00:00+00:00,7692.0,7720.5,7635.5,7673.0,65360
2024-02-01 07:00:00+00:00,7621.0,7644.0,7582.0,7601.0,57258
2024-02-02 07:00:00+00:00,7635.0,7656.0,7597.0,7604.0,45948
2024-02-05 07:00:00+00:00,7604.5,7628.5,7568.0,7600.5,39640
2024-02-06 07:00:00+00:00,7620.5,7661.0,7601.5,7649.0,44293
2024-02-07 07:00:00+00:00,7656.5,7665.5,7618.0,7620.5,35594
2024-02-08 07:00:00+00:00,7629.5,7692.5,7613.5,7672.0,60258
2024-02-09 07:00:00+00:00,7644.0,7687.0,7622.5,7652.5,59963
2024-02-12 07:00:00+00:00,7679.5,7700.5,7668.0,7695.0,97734
2024-02-13 07:00:00+00:00,7682.0,7696.5,7577.0,7629.0,130603
2024-02-14 07:00:00+00:00,7616.5,7692.0,7609.5,7680.5,92343
2024-02-15 07:00:00+00:00,7709.0,7781.0,7705.5,7744.5,47120
2024-02-16 07:00:00+00:00,7799.5,7824.5,7768.5,7792.0,44222
2024-02-19 07:00:00+00:00,7777.5,7796.0,7750.0,7792.0,22590
2024-02-20 07:00:00+00:00,7786.0,7827.5,7769.5,7817.5,39366
2024-02-21 07:00:00+00:00,7834.5,7862.5,7809.5,7833.5,38841
2024-02-22 07:00:00+00:00,7899.5,7958.0,7871.0,7931.0,49073
2024-02-23 07:00:00+00:00,7943.0,7996.0,7927.0,7986.0,40331
2024-02-26 07:00:00+00:00,7980.0,7980.5,7934.0,7948.0,34035
2024-02-27 07:00:00+00:00,7935.5,7978.0,7931.5,7966.0,44111
2024-02-28 07:00:00+00:00,7972.5,7978.0,7947.0,7971.0,34878
2024-02-29 07:00:00+00:00,7973.5,7992.5,7925.5,7941.0,50285
2024-03-01 07:00:00+00:00,7982.5,7989.0,7912.5,7946.5,44689
2024-03-04 07:00:00+00:00,7951.0,7979.5,7927.0,7967.5,38751
2024-03-05 07:00:00+00:00,7941.0,7976.0,7908.5,7943.5,46939
2024-03-06 07:00:00+00:00,7947.5,7979.5,7930.5,7964.0,46720
2024-03-07 07:00:00+00:00,7946.5,8042.5,7910.5,8023.5,70013
2024-03-08 07:00:00+00:00,8031.5,8054.0,8002.0,8033.0,62931
2024-03-11 07:00:00+00:00,8009.0,8045.0,7982.5,8025.0,136171
2024-03-12 07:00:00+00:00,8066.0,8106.5,7999.5,8091.5,122401
2024-03-13 07:00:00+00:00,8098.0,8161.0,8094.0,8141.0,86430
2024-03-14 07:00:00+00:00,8150.5,8219.5,8132.5,8163.0,43255
2024-03-15 07:00:00+00:00,8172.5,8236.0,8169.5,8187.5,63847
2024-03-18 07:00:00+00:00,8219.0,8219.0,8155.5,8170.5,37354
2024-03-19 07:00:00+00:00,8159.5,8230.0,8157.0,8222.5,44752
2024-03-20 07:00:00+00:00,8161.5,8252.0,8145.5,8189.0,42479
2024-03-21 07:00:00+00:00,8269.5,8273.5,8161.5,8204.5,51023
2024-03-22 07:00:00+00:00,8181.0,8203.5,8152.5,8176.0,52880
2024-03-25 07:00:00+00:00,8175.0,8190.0,8122.5,8175.0,46547
2024-03-26 07:00:00+00:00,8192.5,8213.5,8158.5,8206.5,35105
2024-03-27 07:00:00+00:00,8206.0,8251.0,8191.0,8223.5,38465
2024-03-28 07:00:00+00:00,8245.5,8272.0,8222.5,8223.5,37497
2024-04-02 06:00:00+00:00,8232.0,8270.5,8132.5,8144.5,66265
2024-04-03 06:00:00+00:00,8126.5,8176.0,8116.0,8167.5,51170
2024-04-04 06:00:00+00:00,8169.5,8202.0,8049.5,8162.5,48755
2024-04-05 06:00:00+00:00,8062.5,8089.5,8021.5,8070.5,65134
2024-04-08 06:00:00+00:00,8082.0,8154.5,8058.0,8127.5,48213
2024-04-09 06:00:00+00:00,8121.5,8122.0,8040.0,8057.0,52451
2024-04-10 06:00:00+00:00,8090.5,8109.5,7981.0,8052.0,62273
2024-04-11 06:00:00+00:00,8048.5,8098.0,7976.5,8027.0,71115
2024-04-12 06:00:00+00:00,8068.0,8121.5,7967.5,8013.5,67750
2024-04-15 06:00:00+00:00,8025.5,8130.5,7981.5,8046.5,111153
2024-04-16 06:00:00+00:00,7957.0,7987.5,7907.5,7937.5,202946
2024-04-17 06:00:00+00:00,7965.0,8065.0,7938.0,7985.0,112061
2024-04-18 06:00:00+00:00,8009.5,8070.5,7977.0,8024.5,74487
2024-04-19 06:00:00+00:00,7874.5,7969.5,7843.0,7951.0,68126
2024-04-22 06:00:00+00:00,7993.5,8034.5,7948.0,7983.0,49348
2024-04-23 06:00:00+00:00,8014.0,8073.0,8005.5,8061.5,50253
2024-04-24 06:00:00+00:00,8085.0,8102.5,8031.5,8046.5,45845
2024-04-25 06:00:00+00:00,8027.5,8057.5,7905.5,7967.5,62019
2024-04-26 06:00:00+00:00,8021.5,8072.5,7980.5,8045.0,40504
2024-04-29 06:00:00+00:00,8083.0,8093.5,8011.0,8020.0,30952
2024-04-30 06:00:00+00:00,8030.0,8053.5,7930.5,7955.5,45718
2024-05-02 06:00:00+00:00,7960.5,7961.5,7890.0,7897.0,67601
2024-05-03 06:00:00+00:00,7930.5,7993.5,7906.5,7944.0,52317
2024-05-06 06:00:00+00:00,7956.0,8024.5,7948.5,7987.0,33453
2024-05-07 06:00:00+00:00,8003.0,8084.5,7995.0,8066.5,49253
2024-05-08 06:00:00+00:00,8065.0,8152.0,8060.0,8125.0,59443
2024-05-09 06:00:00+00:00,8123.0,8195.5,8103.5,8177.0,49722
2024-05-10 06:00:00+00:00,8195.0,8249.0,8189.5,8208.0,51412
2024-05-13 06:00:00+00:00,8214.5,8227.5,8190.0,8213.0,91405
2024-05-14 06:00:00+00:00,8208.5,8254.0,8187.0,8230.0,127499
2024-05-15 06:00:00+00:00,8249.5,8257.0,8206.5,8243.0,79200
2024-05-16 06:00:00+00:00,8253.0,8256.5,8162.5,8190.0,46009
2024-05-17 06:00:00+00:00,8131.5,8150.5,8092.0,8124.0,42906
2024-05-20 06:00:00+00:00,8139.0,8184.0,8128.0,8157.5,26990
2024-05-21 06:00:00+00:00,8133.5,8152.0,8079.5,8124.5,34500
2024-05-22 06:00:00+00:00,8130.5,8134.5,8047.5,8078.5,49970
2024-05-23 06:00:00+00:00,8094.5,8120.5,8028.5,8086.0,42575
2024-05-24 06:00:00+00:00,8046.5,8088.0,8021.0,8078.0,33391
2024-05-27 06:00:00+00:00,8076.5,8133.0,8070.5,8117.0,24622
2024-05-28 06:00:00+00:00,8127.5,8150.0,8026.5,8055.0,37188
2024-05-29 06:00:00+00:00,8027.0,8047.0,7927.5,7938.0,54290
2024-05-30 06:00:00+00:00,7922.0,7997.0,7911.0,7979.0,41920
2024-05-31 06:00:00+00:00,7987.0,8030.0,7961.0,7994.0,48413
2024-06-03 06:00:00+00:00,8049.0,8076.0,7962.0,7998.5,46940
2024-06-04 06:00:00+00:00,7988.5,7989.0,7915.5,7941.0,50518
2024-06-05 06:00:00+00:00,7986.0,8040.5,7959.5,8010.0,48582
2024-06-06 06:00:00+00:00,8031.0,8056.5,8014.5,8040.5,40980
2024-06-07 06:00:00+00:00,8037.5,8053.0,7941.5,8001.5,53074
2024-06-10 06:00:00+00:00,7938.0,7940.5,7777.0,7896.0,83611
2024-06-11 06:00:00+00:00,7909.0,7933.0,7759.0,7790.5,84529
2024-06-12 06:00:00+00:00,7814.5,7882.5,7801.5,7865.0,66416
2024-06-13 06:00:00+00:00,7847.0,7869.0,7689.0,7705.5,72759
2024-06-14 06:00:00+00:00,7717.5,7727.0,7460.0,7500.0,135620
2024-06-17 06:00:00+00:00,7538.0,7603.5,7478.0,7568.0,128918
2024-06-18 06:00:00+00:00,7608.5,7638.0,7558.0,7624.0,157286
2024-06-19 06:00:00+00:00,7639.5,7650.0,7561.5,7573.0,76947
2024-06-20 06:00:00+00:00,7587.5,7685.0,7575.5,7672.5,53167
2024-06-21 06:00:00+00:00,7705.0,7705.0,7618.0,7647.5,65716
2024-06-24 06:00:00+00:00,7643.5,7744.0,7643.5,7725.0,42287
2024-06-25 06:00:00+00:00,7701.5,7710.5,7633.0,7680.0,39899
2024-06-26 06:00:00+00:00,7728.5,7737.5,7574.5,7626.0,50889
2024-06-27 06:00:00+00:00,7637.5,7652.5,7534.5,7544.5,51736
2024-06-28 06:00:00+00:00,7554.5,7584.5,7468.0,7492.5,71860
2024-07-01 06:00:00+00:00,7665.0,7737.5,7568.5,7577.0,88094
2024-07-02 06:00:00+00:00,7582.0,7582.0,7490.5,7552.0,54216
2024-07-03 06:00:00+00:00,7584.0,7677.0,7579.0,7645.5,56130
2024-07-04 06:00:00+00:00,7663.0,7727.5,7660.5,7706.5,47103
2024-07-05 06:00:00+00:00,7721.5,7752.5,7652.0,7685.0,50020
2024-07-08 06:00:00+00:00,7657.0,7757.0,7624.0,7636.5,60695
2024-07-09 06:00:00+00:00,7630.0,7647.0,7491.5,7516.5,72041
2024-07-10 06:00:00+00:00,7507.5,7605.0,7492.5,7580.5,52336
2024-07-11 06:00:00+00:00,7600.0,7652.5,7580.5,7632.0,46389
2024-07-12 06:00:00+00:00,7634.0,7741.5,7634.0,7729.0,39899
2024-07-15 06:00:00+00:00,7703.0,7716.0,7614.0,7636.0,84293
2024-07-16 06:00:00+00:00,7621.5,7621.5,7557.5,7583.0,131944
2024-07-17 06:00:00+00:00,7575.5,7608.5,7526.5,7575.0,108893
2024-07-18 06:00:00+00:00,7590.0,7655.0,7558.5,7587.5,70332
2024-07-19 06:00:00+00:00,7620.5,7625.5,7538.5,7558.5,57703
2024-07-22 06:00:00+00:00,7577.5,7678.5,7568.5,7644.5,41332
2024-07-23 06:00:00+00:00,7653.5,7684.5,7564.5,7620.0,49554
2024-07-24 06:00:00+00:00,7568.0,7573.0,7482.5,7534.5,65115
2024-07-25 06:00:00+00:00,7486.0,7494.5,7358.0,7445.0,73297
2024-07-26 06:00:00+00:00,7460.0,7561.5,7443.0,7535.5,46236
2024-07-29 06:00:00+00:00,7567.0,7570.5,7445.0,7460.0,37340
2024-07-30 06:00:00+00:00,7475.0,7518.0,7453.0,7490.5,35269
2024-07-31 06:00:00+00:00,7543.0,7599.5,7527.5,7546.0,47775
2024-08-01 06:00:00+00:00,7556.0,7556.5,7346.5,7382.0,68441
2024-08-02 06:00:00+00:00,7328.5,7362.5,7237.5,7262.5,75463
2024-08-05 06:00:00+00:00,7094.0,7211.0,7036.5,7159.0,109576
2024-08-06 06:00:00+00:00,7216.0,7216.0,7077.5,7139.0,85272
2024-08-07 06:00:00+00:00,7197.0,7297.0,7149.5,7274.0,73525
2024-08-08 06:00:00+00:00,7204.0,7277.0,7174.0,7253.5,49871
2024-08-09 06:00:00+00:00,7270.0,7326.0,7237.0,7274.5,36035
2024-08-12 06:00:00+00:00,7302.0,7313.0,7236.5,7254.5,77105
2024-08-13 06:00:00+00:00,7272.0,7306.5,7224.0,7279.0,143063
2024-08-14 06:00:00+00:00,7306.0,7345.5,7298.0,7336.0,84818
2024-08-15 06:00:00+00:00,7355.0,7439.0,7317.0,7424.0,46925
2024-08-16 06:00:00+00:00,7485.5,7487.5,7447.5,7477.0,37503
2024-08-19 06:00:00+00:00,7480.0,7547.5,7464.5,7529.0,25187
2024-08-20 06:00:00+00:00,7528.5,7559.0,7494.0,7512.0,26446
2024-08-21 06:00:00+00:00,7514.0,7564.0,7505.5,7550.5,25083
2024-08-22 06:00:00+00:00,7553.0,7593.5,7520.0,7547.5,24886
2024-08-23 06:00:00+00:00,7551.0,7607.5,7547.0,7599.5,28293
2024-08-26 06:00:00+00:00,7591.5,7631.5,7587.0,7613.0,19304
2024-08-27 06:00:00+00:00,7623.0,7647.5,7585.0,7588.0,26641
2024-08-28 06:00:00+00:00,7599.5,7633.5,7570.5,7599.0,26234
2024-08-29 06:00:00+00:00,7597.5,7681.0,7588.5,7659.5,31747
2024-08-30 06:00:00+00:00,7662.0,7712.5,7627.5,7649.0,35221
2024-09-02 06:00:00+00:00,7648.5,7670.5,7588.0,7663.0,21621
2024-09-03 06:00:00+00:00,7667.5,7689.5,7544.5,7591.0,37681
2024-09-04 06:00:00+00:00,7517.5,7548.0,7495.5,7516.0,47569
2024-09-05 06:00:00+00:00,7501.0,7511.5,7428.5,7444.0,38901
2024-09-06 06:00:00+00:00,7448.5,7479.0,7347.0,7363.5,51621
2024-09-09 06:00:00+00:00,7377.5,7461.5,7363.5,7436.0,33800
2024-09-10 06:00:00+00:00,7427.5,7487.0,7384.0,7416.5,40057
2024-09-11 06:00:00+00:00,7405.0,7474.5,7371.0,7405.0,44478
2024-09-12 06:00:00+00:00,7485.5,7515.5,7396.0,7441.0,57355
2024-09-13 06:00:00+00:00,7456.5,7497.5,7439.0,7470.5,36428
2024-09-16 06:00:00+00:00,7471.5,7495.0,7432.5,7454.0,76404
2024-09-17 06:00:00+00:00,7494.0,7530.0,7455.0,7491.0,141246
2024-09-18 06:00:00+00:00,7486.0,7517.0,7437.0,7447.5,78296
2024-09-19 06:00:00+00:00,7519.0,7639.5,7510.0,7615.5,44924
2024-09-20 06:00:00+00:00,7612.0,7631.5,7500.0,7511.0,52672
2024-09-23 06:00:00+00:00,7529.5,7542.5,7466.0,7519.5,35050
2024-09-24 06:00:00+00:00,7560.5,7645.5,7560.5,7615.0,41675
2024-09-25 06:00:00+00:00,7584.0,7613.5,7559.5,7582.5,35716
2024-09-26 06:00:00+00:00,7644.0,7785.5,7641.5,7758.5,58275
2024-09-27 06:00:00+00:00,7770.0,7820.5,7757.0,7807.5,41812
2024-09-30 06:00:00+00:00,7805.0,7808.5,7643.0,7649.5,51419
2024-10-01 06:00:00+00:00,7667.0,7669.0,7558.5,7587.0,57709
2024-10-02 06:00:00+00:00,7592.5,7635.0,7558.5,7589.5,41813
2024-10-03 06:00:00+00:00,7549.0,7569.0,7467.0,7487.0,50075
2024-10-04 06:00:00+00:00,7490.5,7596.0,7464.5,7550.5,43809
2024-10-07 06:00:00+00:00,7570.5,7597.0,7517.0,7584.0,33131
2024-10-08 06:00:00+00:00,7507.5,7553.5,7480.0,7528.5,35598
2024-10-09 06:00:00+00:00,7537.0,7579.0,7507.5,7567.0,28308
2024-10-10 06:00:00+00:00,7557.5,7570.0,7509.0,7545.5,28336
2024-10-11 06:00:00+00:00,7552.5,7596.0,7505.5,7581.5,33446
2024-10-14 06:00:00+00:00,7580.5,7621.5,7546.5,7604.5,56505
2024-10-15 06:00:00+00:00,7604.5,7628.0,7415.5,7526.0,184482
2024-10-16 06:00:00+00:00,7457.0,7517.0,7412.0,7495.0,101386
2024-10-17 06:00:00+00:00,7495.5,7626.5,7491.5,7585.0,56082
2024-10-18 06:00:00+00:00,7591.0,7666.0,7553.0,7633.5,42821
2024-10-21 06:00:00+00:00,7622.0,7640.5,7548.5,7555.5,32211
2024-10-22 06:00:00+00:00,7553.0,7572.0,7489.5,7554.0,34287
2024-10-23 06:00:00+00:00,7561.0,7569.0,7478.5,7515.5,33750
2024-10-24 06:00:00+00:00,7514.0,7582.5,7497.0,7519.0,33992
2024-10-25 06:00:00+00:00,7522.0,7535.0,7472.0,7513.0,35458
2024-10-28 07:00:00+00:00,7527.5,7599.0,7508.5,7571.5,43310
2024-10-29 07:00:00+00:00,7593.0,7633.0,7509.5,7524.5,44775
2024-10-30 07:00:00+00:00,7505.5,7509.0,7388.5,7440.5,57785
2024-10-31 07:00:00+00:00,7412.0,7438.5,7326.0,7361.0,44562
2024-11-01 07:00:00+00:00,7360.5,7444.5,7347.0,7418.5,39310
2024-11-04 07:00:00+00:00,7429.0,7456.0,7359.5,7381.0,33615
2024-11-05 07:00:00+00:00,7387.5,7434.5,7357.0,7415.5,32309
2024-11-06 07:00:00+00:00,7438.0,7581.5,7342.0,7377.0,73747
2024-11-07 07:00:00+00:00,7390.0,7475.0,7353.0,7430.5,41889
2024-11-08 07:00:00+00:00,7445.0,7458.0,7333.0,7343.0,48651
2024-11-11 07:00:00+00:00,7377.5,7457.5,7359.0,7431.5,66786
2024-11-12 07:00:00+00:00,7358.5,7370.0,7208.5,7230.0,168242
2024-11-13 07:00:00+00:00,7196.0,7260.5,7160.0,7219.5,95729
2024-11-14 07:00:00+00:00,7212.0,7321.0,7204.5,7312.0,59098
2024-11-15 07:00:00+00:00,7281.5,7336.5,7249.5,7285.5,46101
2024-11-18 07:00:00+00:00,7308.0,7308.0,7248.5,7293.5,30108
2024-11-19 07:00:00+00:00,7302.0,7317.0,7147.5,7244.5,46943
2024-11-20 07:00:00+00:00,7277.0,7296.0,7201.5,7211.5,33332
2024-11-21 07:00:00+00:00,7242.0,7244.0,7141.0,7225.5,40815
2024-11-22 07:00:00+00:00,7236.0,7283.0,7165.0,7266.0,39265
2024-11-25 07:00:00+00:00,7300.5,7350.0,7234.5,7269.5,42255
2024-11-26 07:00:00+00:00,7216.5,7269.5,7172.5,7205.5,38295
2024-11-27 07:00:00+00:00,7183.0,7193.0,7100.0,7153.5,47361
2024-11-28 07:00:00+00:00,7179.0,7216.0,7151.5,7188.0,29331
2024-11-29 07:00:00+00:00,7183.0,7254.5,7150.5,7243.0,36170
2024-12-02 07:00:00+00:00,7162.5,7292.0,7132.5,7249.0,63765
2024-12-03 07:00:00+00:00,7248.5,7334.5,7229.0,7269.0,46343
2024-12-04 07:00:00+00:00,7262.0,7338.0,7244.0,7316.0,43779
2024-12-05 07:00:00+00:00,7283.0,7363.5,7267.5,7341.5,47340
2024-12-06 07:00:00+00:00,7319.0,7457.5,7316.0,7438.0,56322
2024-12-09 07:00:00+00:00,7432.0,7523.0,7425.5,7491.5,57179
2024-12-10 07:00:00+00:00,7458.0,7477.5,7382.5,7404.0,41052
2024-12-11 07:00:00+00:00,7392.5,7460.0,7371.0,7431.5,35718
2024-12-12 07:00:00+00:00,7443.5,7463.5,7406.0,7427.0,35250
2024-12-13 07:00:00+00:00,7406.5,7465.5,7393.5,7414.5,47479
2024-12-16 07:00:00+00:00,7403.5,7410.0,7343.0,7362.0,105238
2024-12-17 07:00:00+00:00,7334.0,7401.5,7318.0,7370.0,150267
2024-12-18 07:00:00+00:00,7378.5,7401.5,7277.5,7388.0,78780
2024-12-19 07:00:00+00:00,7278.5,7327.0,7260.0,7294.0,58140
2024-12-20 07:00:00+00:00,7270.0,7313.5,7205.5,7287.0,67218
2024-12-23 07:00:00+00:00,7297.5,7316.0,7240.5,7282.0,24947
2024-12-24 07:00:00+00:00,7311.5,7340.0,7290.5,7290.5,8540
2024-12-27 07:00:00+00:00,7302.5,7369.5,7280.5,7362.5,30788
2024-12-30 07:00:00+00:00,7336.5,7380.0,7304.5,7319.0,29044
2024-12-31 07:00:00+00:00,7319.5,7403.5,7292.0,7384.5,15199
2025-01-02 07:00:00+00:00,7373.5,7417.5,7293.0,7402.5,51200
2025-01-03 07:00:00+00:00,7384.0,7396.0,7276.5,7289.5,50731
2025-01-06 07:00:00+00:00,7318.5,7463.5,7309.0,7453.5,64157
2025-01-07 07:00:00+00:00,7415.5,7525.5,7409.0,7496.5,45780
2025-01-08 07:00:00+00:00,7477.0,7504.0,7401.5,7458.5,54850
2025-01-09 07:00:00+00:00,7439.5,7509.5,7409.5,7495.5,27758
2025-01-10 07:00:00+00:00,7488.0,7526.5,7420.5,7434.5,42055
2025-01-13 07:00:00+00:00,7420.0,7461.5,7355.5,7412.0,94344
2025-01-14 07:00:00+00:00,7475.5,7504.5,7413.5,7426.5,151463
2025-01-15 07:00:00+00:00,7435.5,7518.0,7417.0,7477.0,101964
2025-01-16 07:00:00+00:00,7520.0,7653.5,7515.5,7634.5,56052
2025-01-17 07:00:00+00:00,7668.5,7756.0,7660.5,7733.0,53231
2025-01-20 07:00:00+00:00,7747.0,7789.5,7702.0,7756.5,33253
2025-01-21 07:00:00+00:00,7736.5,7813.5,7732.5,7793.5,35723
2025-01-22 07:00:00+00:00,7797.0,7897.0,7787.5,7859.0,49335
2025-01-23 07:00:00+00:00,7847.5,7947.0,7847.5,7911.5,39607
2025-01-24 07:00:00+00:00,7945.5,8009.5,7922.5,7946.5,40846
2025-01-27 07:00:00+00:00,7865.0,7960.0,7854.0,7925.0,54523
2025-01-28 07:00:00+00:00,7917.5,7974.0,7845.5,7914.5,49196
2025-01-29 07:00:00+00:00,7926.0,7941.0,7864.5,7889.0,41180
2025-01-30 07:00:00+00:00,7911.0,7995.5,7890.5,7956.0,36850
2025-01-31 07:00:00+00:00,7955.5,8010.5,7915.0,7964.0,40755
2025-02-03 07:00:00+00:00,7763.5,7890.0,7763.5,7868.0,72416
2025-02-04 07:00:00+00:00,7855.0,7930.5,7819.0,7918.0,36062
2025-02-05 07:00:00+00:00,7886.5,7924.0,7868.5,7902.5,30519
2025-02-06 07:00:00+00:00,7925.5,8034.5,7913.5,8017.0,36461
2025-02-07 07:00:00+00:00,8011.5,8037.0,7958.0,7982.0,36446
2025-02-10 07:00:00+00:00,7988.0,8025.0,7978.0,8014.5,22569
2025-02-11 07:00:00+00:00,8010.0,8059.5,8001.5,8036.5,24547
2025-02-12 07:00:00+00:00,8051.0,8120.0,7986.5,8049.0,43479
2025-02-13 07:00:00+00:00,8120.0,8185.0,8095.5,8168.5,44241
2025-02-14 07:00:00+00:00,8147.0,8218.0,8137.0,8182.5,38888
2025-02-17 07:00:00+00:00,8185.5,8204.5,8170.5,8192.5,54859
2025-02-18 07:00:00+00:00,8192.5,8229.0,8163.5,8210.0,161825
2025-02-19 07:00:00+00:00,8211.5,8218.5,8096.0,8113.5,112258
2025-02-20 07:00:00+00:00,8133.0,8173.5,8108.0,8123.0,42322
2025-02-21 07:00:00+00:00,8159.0,8197.5,8110.5,8172.5,39388
2025-02-24 07:00:00+00:00,8183.0,8195.0,8069.5,8108.0,36859
2025-02-25 07:00:00+00:00,8089.0,8125.5,8058.0,8068.0,35557
2025-02-26 07:00:00+00:00,8112.5,8186.0,8089.5,8160.0,46177
2025-02-27 07:00:00+00:00,8136.0,8151.0,8060.5,8116.0,44510
2025-02-28 07:00:00+00:00,8033.0,8134.0,8021.0,8125.0,44282
2025-03-03 07:00:00+00:00,8150.0,8271.5,8098.5,8212.5,55519
2025-03-04 07:00:00+00:00,8189.5,8237.0,8011.5,8059.5,67453
2025-03-05 07:00:00+00:00,8209.5,8276.5,8160.5,8186.0,67364
2025-03-06 07:00:00+00:00,8283.0,8315.0,8111.5,8207.5,60862
2025-03-07 07:00:00+00:00,8152.0,8217.0,8073.5,8130.0,56656
2025-03-10 07:00:00+00:00,8175.0,8186.0,7982.0,8056.0,57711
2025-03-11 07:00:00+00:00,8073.5,8120.0,7918.0,7949.5,59582
2025-03-12 07:00:00+00:00,8003.0,8082.5,7944.0,7995.5,52656
2025-03-13 07:00:00+00:00,7978.5,8038.0,7904.5,7942.5,61286
2025-03-14 07:00:00+00:00,7965.5,8072.5,7919.0,8031.5,48612
2025-03-17 07:00:00+00:00,8032.0,8122.0,8013.0,8077.0,84945
2025-03-18 07:00:00+00:00,8111.0,8144.0,8091.5,8117.0,132916
2025-03-19 07:00:00+00:00,8119.5,8200.0,8083.5,8173.5,74368
2025-03-20 07:00:00+00:00,8171.5,8176.5,8061.0,8095.0,35988
2025-03-21 07:00:00+00:00,8090.5,8100.0,8019.5,8053.0,44596
2025-03-24 07:00:00+00:00,8098.5,8126.5,8011.0,8032.0,33539
2025-03-25 07:00:00+00:00,8036.0,8153.5,8035.0,8118.5,33357
2025-03-26 07:00:00+00:00,8127.5,8151.5,7994.5,8047.0,35853
2025-03-27 07:00:00+00:00,7991.0,8030.0,7939.0,8004.0,33863
2025-03-28 07:00:00+00:00,7967.0,7990.0,7907.5,7929.5,39288
2025-03-31 06:00:00+00:00,7853.0,7868.5,7765.0,7803.5,53786
2025-04-01 06:00:00+00:00,7826.5,7903.5,7821.5,7888.5,47349
2025-04-02 06:00:00+00:00,7875.0,7887.5,7803.5,7871.0,37569
2025-04-03 06:00:00+00:00,7700.0,7756.0,7591.5,7608.0,66407
2025-04-04 06:00:00+00:00,7587.5,7601.0,7214.5,7282.0,131067
2025-04-07 06:00:00+00:00,7037.0,7313.0,6750.5,6933.0,139738
2025-04-08 06:00:00+00:00,7097.5,7188.0,6814.0,7106.5,87462
2025-04-09 06:00:00+00:00,6838.0,7517.5,6795.5,6868.5,88280
2025-04-10 06:00:00+00:00,7391.5,7496.0,7004.5,7132.0,74893
2025-04-11 06:00:00+00:00,7207.0,7272.0,7011.0,7109.5,65575
2025-04-14 06:00:00+00:00,7265.5,7314.0,7164.0,7277.5,143724
2025-04-15 06:00:00+00:00,7210.0,7351.5,7210.0,7338.0,103918
2025-04-16 06:00:00+00:00,7228.0,7338.0,7215.0,7331.0,44534
2025-04-17 06:00:00+00:00,7222.0,7270.0,7165.5,7195.5,37961
2025-04-22 06:00:00+00:00,7159.5,7297.0,7142.5,7252.5,34691
2025-04-23 06:00:00+00:00,7330.5,7494.0,7327.5,7408.5,52621
2025-04-24 06:00:00+00:00,7388.5,7481.0,7341.0,7433.5,30644
2025-04-25 06:00:00+00:00,7483.0,7525.0,7465.0,7477.0,30318
2025-04-28 06:00:00+00:00,7490.0,7559.0,7470.5,7514.5,27825
2025-04-29 06:00:00+00:00,7498.5,7528.5,7471.0,7495.5,31265
2025-04-30 06:00:00+00:00,7494.0,7584.5,7449.0,7531.5,44078
2025-05-02 06:00:00+00:00,7624.5,7742.0,7600.0,7707.5,45857
2025-05-05 06:00:00+00:00,7702.0,7725.5,7679.5,7695.0,28044
2025-05-06 06:00:00+00:00,7679.5,7715.0,7614.5,7664.5,37563
2025-05-07 06:00:00+00:00,7652.5,7667.0,7578.5,7598.5,29809
2025-05-08 06:00:00+00:00,7641.5,7714.0,7617.5,7668.0,37707
2025-05-09 06:00:00+00:00,7700.0,7741.0,7695.5,7716.5,30945
2025-05-12 06:00:00+00:00,7787.0,7875.0,7759.0,7843.5,88221
2025-05-13 06:00:00+00:00,7831.5,7885.5,7831.5,7876.0,102244
2025-05-14 06:00:00+00:00,7870.0,7881.0,7806.0,7838.0,77244
2025-05-15 06:00:00+00:00,7803.5,7867.0,7799.0,7854.5,30351
2025-05-16 06:00:00+00:00,7808.0,7869.0,7800.0,7836.5,38985
2025-05-19 06:00:00+00:00,7825.0,7893.5,7798.5,7860.0,25667
2025-05-20 06:00:00+00:00,7871.0,7936.5,7856.0,7921.5,26685
2025-05-21 06:00:00+00:00,7910.0,7914.0,7818.0,7892.5,27975
2025-05-22 06:00:00+00:00,7851.5,7871.5,7787.5,7845.5,37936
2025-05-23 06:00:00+00:00,7850.5,7870.0,7598.0,7714.5,55011
2025-05-26 06:00:00+00:00,7811.5,7828.0,7785.5,7816.0,20078
2025-05-27 06:00:00+00:00,7811.0,7849.0,7797.0,7818.5,26958
2025-05-28 06:00:00+00:00,7819.5,7845.0,7772.0,7779.5,25676
2025-05-29 06:00:00+00:00,7858.5,7868.5,7742.0,7772.0,23655
2025-05-30 06:00:00+00:00,7783.5,7805.0,7702.5,7746.0,35302
2025-06-02 06:00:00+00:00,7718.5,7774.0,7661.0,7731.5,31359
2025-06-03 06:00:00+00:00,7754.0,7784.5,7694.0,7760.0,34192
2025-06-04 06:00:00+00:00,7793.0,7840.0,7774.0,7800.0,30403
2025-06-05 06:00:00+00:00,7795.5,7848.5,7737.5,7784.0,36568
2025-06-06 06:00:00+00:00,7770.0,7811.0,7762.5,7797.5,26514
2025-06-09 06:00:00+00:00,7795.0,7809.5,7768.0,7787.5,25578
2025-06-10 06:00:00+00:00,7782.5,7813.5,7765.5,7800.0,45319
2025-06-11 06:00:00+00:00,7789.0,7838.0,7742.0,7772.0,36940
2025-06-12 06:00:00+00:00,7720.0,7778.5,7691.0,7760.0,38997
2025-06-13 06:00:00+00:00,7656.0,7709.0,7625.0,7678.5,46658
2025-06-16 06:00:00+00:00,7670.0,7763.5,7669.5,7736.0,107014
2025-06-17 06:00:00+00:00,7678.5,7697.0,7638.0,7677.5,106205
2025-06-18 06:00:00+00:00,7675.5,7704.0,7633.5,7649.0,54051
2025-06-19 06:00:00+00:00,7608.0,7619.0,7544.0,7553.5,30437
2025-06-20 06:00:00+00:00,7620.0,7645.0,7563.5,7596.0,48151
2025-06-23 06:00:00+00:00,7557.5,7605.5,7500.0,7544.0,40317
2025-06-24 06:00:00+00:00,7656.0,7686.5,7612.0,7622.5,41821
2025-06-25 06:00:00+00:00,7638.5,7665.5,7557.0,7564.0,37608
2025-06-26 06:00:00+00:00,7590.0,7602.0,7535.5,7562.0,33522
2025-06-27 06:00:00+00:00,7599.0,7718.0,7590.0,7696.0,38824
2025-06-30 06:00:00+00:00,7711.5,7724.5,7664.5,7670.0,33249
2025-07-01 06:00:00+00:00,7688.0,7691.5,7618.0,7670.5,41872
2025-07-02 06:00:00+00:00,7707.0,7779.0,7681.5,7746.0,36670
2025-07-03 06:00:00+00:00,7760.5,7775.5,7715.0,7760.5,28365
2025-07-04 06:00:00+00:00,7715.5,7720.5,7661.0,7701.5,28552
2025-07-07 06:00:00+00:00,7710.0,7738.5,7687.5,7729.0,29008
2025-07-08 06:00:00+00:00,7727.5,7816.0,7700.0,7772.0,30486
2025-07-09 06:00:00+00:00,7797.0,7920.0,7791.5,7883.5,32644
2025-07-10 06:00:00+00:00,7904.5,7945.0,7888.5,7906.5,25776
2025-07-11 06:00:00+00:00,7883.5,7893.5,7816.5,7831.5,38139
2025-07-14 06:00:00+00:00,7771.0,7827.0,7757.0,7810.0,53675
2025-07-15 06:00:00+00:00,7831.0,7838.5,7755.5,7767.5,128816
2025-07-16 06:00:00+00:00,7740.5,7786.0,7710.0,7723.5,72108
2025-07-17 06:00:00+00:00,7792.0,7845.0,7783.0,7823.0,34857
2025-07-18 06:00:00+00:00,7876.5,7885.0,7802.5,7833.5,30460
2025-07-21 06:00:00+00:00,7815.0,7848.0,7767.0,7808.5,24090
2025-07-22 06:00:00+00:00,7777.5,7793.5,7736.0,7754.5,23079
2025-07-23 06:00:00+00:00,7844.5,7988.5,7826.5,7861.5,45086
2025-07-24 06:00:00+00:00,7987.5,7995.0,7804.0,7828.0,41618
2025-07-25 06:00:00+00:00,7815.5,7880.5,7767.0,7843.5,30141
2025-07-28 06:00:00+00:00,7926.5,7957.0,7801.0,7809.5,33415
2025-07-29 06:00:00+00:00,7842.0,7935.5,7828.5,7867.0,37822
2025-07-30 06:00:00+00:00,7869.0,7929.5,7846.5,7871.5,34408
2025-07-31 06:00:00+00:00,7903.0,7920.0,7753.5,7778.5,53687
2025-08-01 06:00:00+00:00,7750.0,7755.5,7527.5,7552.0,72432
2025-08-04 06:00:00+00:00,7593.5,7646.5,7575.0,7637.5,37526
2025-08-05 06:00:00+00:00,7660.0,7680.0,7615.0,7626.5,31021
2025-08-06 06:00:00+00:00,7666.0,7677.5,7625.0,7639.5,30141
2025-08-07 06:00:00+00:00,7666.5,7741.5,7642.5,7712.5,41903
2025-08-08 06:00:00+00:00,7718.0,7779.5,7709.5,7745.5,29258
2025-08-11 06:00:00+00:00,7760.5,7779.0,7695.0,7701.0,70994
2025-08-12 06:00:00+00:00,7724.0,7773.5,7704.0,7756.0,113406
2025-08-13 06:00:00+00:00,7781.0,7827.0,7769.5,7806.5,66018
2025-08-14 06:00:00+00:00,7800.0,7910.5,7796.5,7871.5,35326
2025-08-15 06:00:00+00:00,7937.0,7961.5,7911.5,7941.0,41651
2025-08-18 06:00:00+00:00,7960.5,7964.5,7873.0,7900.5,24704
2025-08-19 06:00:00+00:00,7910.5,8004.0,7903.5,7996.0,33600
2025-08-20 06:00:00+00:00,7974.5,8022.5,7947.5,7990.0,30102
2025-08-21 06:00:00+00:00,7988.0,7989.0,7924.5,7954.0,26727
2025-08-22 06:00:00+00:00,7949.5,8014.0,7930.0,7984.5,29837
2025-08-25 06:00:00+00:00,7982.5,7984.5,7829.5,7857.0,37692
2025-08-26 06:00:00+00:00,7811.5,7825.0,7672.5,7723.5,73213
2025-08-27 06:00:00+00:00,7743.0,7778.5,7714.5,7756.0,42202
2025-08-28 06:00:00+00:00,7762.5,7845.0,7745.0,7773.5,35283
2025-08-29 06:00:00+00:00,7774.0,7777.0,7706.0,7713.5,32593
2025-09-01 06:00:00+00:00,7731.0,7755.5,7706.0,7718.0,19742
2025-09-02 06:00:00+00:00,7702.5,7749.0,7655.5,7664.0,38431
2025-09-03 06:00:00+00:00,7686.0,7745.0,7679.0,7728.0,30761
2025-09-04 06:00:00+00:00,7732.0,7749.5,7682.0,7706.0,37776
2025-09-05 06:00:00+00:00,7741.5,7742.5,7654.5,7680.5,37316
2025-09-08 06:00:00+00:00,7684.0,7752.5,7684.0,7741.0,31878
2025-09-09 06:00:00+00:00,7726.5,7798.5,7722.5,7755.0,33529
2025-09-10 06:00:00+00:00,7781.5,7829.5,7753.5,7766.5,36312
2025-09-11 06:00:00+00:00,7754.0,7855.0,7753.0,7828.0,34987
2025-09-12 06:00:00+00:00,7855.0,7856.0,7771.0,7828.5,31137
2025-09-15 06:00:00+00:00,7836.0,7940.5,7834.0,7900.0,85299
2025-09-16 06:00:00+00:00,7903.5,7917.5,7812.5,7820.5,109541
2025-09-17 06:00:00+00:00,7836.0,7852.5,7765.5,7789.5,61926
2025-09-18 06:00:00+00:00,7803.0,7889.5,7790.5,7856.0,41970
2025-09-19 06:00:00+00:00,7860.5,7930.0,7839.0,7847.5,42110
2025-09-22 06:00:00+00:00,7854.5,7856.5,7792.0,7823.0,29030
2025-09-23 06:00:00+00:00,7845.5,7913.5,7833.5,7865.5,40835
2025-09-24 06:00:00+00:00,7869.0,7876.5,7800.5,7819.0,34673
2025-09-25 06:00:00+00:00,7823.0,7827.5,7749.5,7787.0,38178
2025-09-26 06:00:00+00:00,7804.0,7882.0,7804.0,7871.5,38420
2025-09-29 06:00:00+00:00,7901.0,7921.5,7868.5,7880.0,32037
2025-09-30 06:00:00+00:00,7884.5,7930.5,7828.5,7895.0,34022
2025-10-01 06:00:00+00:00,7901.0,8014.5,7869.0,7973.0,40466
2025-10-02 06:00:00+00:00,8012.5,8093.5,8004.5,8061.0,41177
2025-10-03 06:00:00+00:00,8091.5,8102.5,8043.5,8085.5,29873
2025-10-06 06:00:00+00:00,8083.0,8083.0,7909.0,7973.5,67401
2025-10-07 06:00:00+00:00,7985.0,8009.0,7936.0,7977.5,35817
2025-10-08 06:00:00+00:00,7975.5,8074.0,7975.0,8062.5,48104
2025-10-09 06:00:00+00:00,8067.0,8114.0,8025.0,8043.5,33834
2025-10-10 06:00:00+00:00,8043.5,8085.5,7865.5,7919.5,48665
2025-10-13 06:00:00+00:00,7945.0,7997.5,7902.5,7935.0,74642
2025-10-14 06:00:00+00:00,7885.5,8059.0,7826.5,7921.5,148821
2025-10-15 06:00:00+00:00,8064.0,8135.0,8019.5,8079.0,94570
2025-10-16 06:00:00+00:00,8078.5,8218.0,8051.5,8189.0,54931
2025-10-17 06:00:00+00:00,8165.0,8247.5,8096.0,8192.5,57714
2025-10-20 06:00:00+00:00,8240.0,8258.5,8168.0,8224.0,31927
2025-10-21 06:00:00+00:00,8232.5,8290.5,8216.0,8277.5,36410
2025-10-22 06:00:00+00:00,8241.5,8267.0,8182.0,8225.0,32902
2025-10-23 06:00:00+00:00,8222.5,8274.0,8208.0,8241.5,30678
2025-10-24 06:00:00+00:00,8283.5,8289.0,8183.0,8240.0,31922
2025-10-27 07:00:00+00:00,8274.5,8287.5,8216.0,8253.5,24725
2025-10-28 07:00:00+00:00,8249.5,8259.0,8216.0,8231.0,25480
2025-10-29 07:00:00+00:00,8222.5,8239.5,8172.0,8214.0,29045
2025-10-30 07:00:00+00:00,8214.0,8225.5,8124.5,8170.0,42800
2025-10-31 07:00:00+00:00,8148.0,8176.0,8109.0,8132.0,34219
2025-11-03 07:00:00+00:00,8140.0,8164.0,8104.5,8120.5,30601
2025-11-04 07:00:00+00:00,8056.5,8083.0,7777.0,8078.5,41403
2025-11-05 07:00:00+00:00,8041.5,8113.0,8016.0,8084.0,29956
2025-11-06 07:00:00+00:00,8075.0,8087.0,7957.0,7973.0,34994
2025-11-07 07:00:00+00:00,7978.5,8027.5,7914.0,7958.0,37592
2025-11-10 07:00:00+00:00,8058.0,8109.0,8023.0,8062.5,35628
2025-11-11 07:00:00+00:00,8101.0,8189.5,8082.5,8162.5,30312
2025-11-12 07:00:00+00:00,8193.0,8290.0,8183.0,8248.5,48721
2025-11-13 07:00:00+00:00,8260.0,8321.5,8195.0,8239.0,41303
2025-11-14 07:00:00+00:00,8221.5,8229.5,8086.5,8174.0,50935
2025-11-17 07:00:00+00:00,8163.5,8180.5,8055.5,8122.5,57235
2025-11-18 07:00:00+00:00,8026.5,8035.5,7927.5,7970.5,137495
2025-11-19 07:00:00+00:00,7971.0,8008.0,7920.0,7955.5,71344
2025-11-20 07:00:00+00:00,8016.5,8059.0,7891.0,7981.5,42376
2025-11-21 07:00:00+00:00,7916.5,8044.0,7880.0,7989.0,51077
2025-11-24 07:00:00+00:00,8036.5,8060.5,7943.0,7968.0,40895
2025-11-25 07:00:00+00:00,7967.5,8071.0,7948.0,8034.0,41779
2025-11-26 07:00:00+00:00,8080.0,8117.5,8034.0,8103.5,34176
2025-11-27 07:00:00+00:00,8095.5,8122.0,8083.5,8104.5,18840
2025-11-28 07:00:00+00:00,8103.5,8140.0,8087.5,8127.0,22213
2025-12-01 07:00:00+00:00,8099.5,8122.5,8046.5,8100.5,34378
2025-12-02 07:00:00+00:00,8095.0,8148.0,8080.5,8086.0,32732
2025-12-03 07:00:00+00:00,8098.0,8124.5,8060.5,8098.0,28784
2025-12-04 07:00:00+00:00,8138.0,8146.5,8105.0,8129.5,26023
2025-12-05 07:00:00+00:00,8150.0,8170.5,8113.5,8122.0,25950
2025-12-08 07:00:00+00:00,8113.5,8122.0,8086.5,8115.0,24342
2025-12-09 07:00:00+00:00,8125.5,8143.5,8031.0,8058.5,35691
2025-12-10 07:00:00+00:00,8035.0,8082.5,8009.5,8028.5,31695
2025-12-11 07:00:00+00:00,8031.5,8115.0,8004.5,8091.0,35138
2025-12-12 07:00:00+00:00,8116.5,8161.0,8058.0,8072.5,38900
2025-12-15 07:00:00+00:00,8102.0,8166.0,8083.0,8129.0,88072
2025-12-16 07:00:00+00:00,8110.0,8154.0,8088.5,8109.5,108706
2025-12-17 07:00:00+00:00,8136.5,8145.5,8076.0,8089.5,56166
2025-12-18 07:00:00+00:00,8094.0,8168.5,8085.0,8151.5,37121
2025-12-19 07:00:00+00:00,8147.5,8189.0,8136.5,8162.0,35529
2025-12-22 07:00:00+00:00,8157.5,8163.0,8108.5,8131.0,23720
2025-12-23 07:00:00+00:00,8135.0,8143.0,8093.0,8111.0,19058
2025-12-24 07:00:00+00:00,8099.0,8149.5,8090.5,8110.5,9276
2025-12-29 07:00:00+00:00,8134.5,8141.0,8091.0,8118.0,25186
2025-12-30 07:00:00+00:00,8115.0,8193.0,8094.5,8175.0,28802
2025-12-31 07:00:00+00:00,8160.5,8163.0,8122.5,8154.0,13909
2026-01-02 07:00:00+00:00,8156.5,8230.5,8097.0,8201.5,36472
2026-01-05 07:00:00+00:00,8245.0,8264.5,8179.5,8217.5,36877
2026-01-06 07:00:00+00:00,8234.5,8286.0,8163.0,8244.0,40434
2026-01-07 07:00:00+00:00,8268.5,8283.5,8215.0,8239.0,29426
2026-01-08 07:00:00+00:00,8227.0,8278.5,8206.0,8248.0,29340
2026-01-09 07:00:00+00:00,8273.5,8376.5,8265.5,8366.5,36624
2026-01-12 07:00:00+00:00,8366.5,8382.5,8315.5,8362.0,83904
2026-01-13 07:00:00+00:00,8368.0,8381.0,8311.5,8350.5,124292
2026-01-14 07:00:00+00:00,8359.5,8400.5,8323.5,8334.0,72377
2026-01-15 07:00:00+00:00,8374.0,8390.5,8285.5,8314.0,39896
2026-01-16 07:00:00+00:00,8317.5,8333.5,8252.5,8277.5,39181
2026-01-19 07:00:00+00:00,8134.5,8184.5,8071.0,8128.5,38521
2026-01-20 07:00:00+00:00,8075.0,8087.5,8011.0,8079.0,49756
2026-01-21 07:00:00+00:00,8076.0,8242.0,8028.5,8084.5,55720
2026-01-22 07:00:00+00:00,8167.0,8204.5,8147.5,8162.5,41704
2026-01-23 07:00:00+00:00,8148.0,8169.5,8108.5,8156.0,28400
2026-01-26 07:00:00+00:00,8159.5,8174.0,8118.0,8144.5,26391
2026-01-27 07:00:00+00:00,8169.0,8186.5,8128.5,8165.5,28350
2026-01-28 07:00:00+00:00,8158.5,8164.5,8033.0,8078.5,41222
2026-01-29 07:00:00+00:00,8110.0,8156.0,8076.0,8082.0,38443
2026-01-30 07:00:00+00:00,8085.0,8154.0,8062.0,8136.5,37080
2026-02-02 07:00:00+00:00,8051.0,8226.5,8033.0,8191.0,34262
2026-02-03 07:00:00+00:00,8242.5,8264.5,8137.0,8188.5,35460
2026-02-04 07:00:00+00:00,8210.5,8310.0,8206.0,8271.5,42988
2026-02-05 07:00:00+00:00,8294.5,8322.5,8198.5,8245.0,38267
2026-02-06 07:00:00+00:00,8237.0,8309.5,8179.5,8281.0,32990
2026-02-09 07:00:00+00:00,8310.5,8347.0,8264.0,8330.0,26730
2026-02-10 07:00:00+00:00,8335.0,8376.5,8321.5,8334.5,30510
2026-02-11 07:00:00+00:00,8337.0,8415.5,8281.5,8318.0,40244
2026-02-12 07:00:00+00:00,8400.0,8454.5,8311.5,8344.5,43965
2026-02-13 07:00:00+00:00,8316.5,8338.0,8277.5,8315.0,40701
2026-02-16 07:00:00+00:00,8323.0,8358.5,8315.0,8319.5,56920
2026-02-17 07:00:00+00:00,8298.0,8400.0,8281.0,8364.0,127809
2026-02-18 07:00:00+00:00,8390.0,8447.0,8366.0,8432.0,80224
2026-02-19 07:00:00+00:00,8411.0,8422.0,8350.0,8399.0,42051
2026-02-20 07:00:00+00:00,8450.0,8555.5,8428.5,8530.0,50008
2026-02-23 07:00:00+00:00,8509.0,8549.0,8498.0,8511.5,34742
2026-02-24 07:00:00+00:00,8517.0,8567.0,8473.5,8533.5,31489
2026-02-25 07:00:00+00:00,8557.0,8597.5,8541.0,8573.0,25500
2026-02-26 07:00:00+00:00,8581.5,8656.0,8575.0,8633.5,32466
2026-02-27 07:00:00+00:00,8646.5,8663.0,8544.0,8593.5,43389
2026-03-02 07:00:00+00:00,8450.0,8473.5,8358.0,8404.5,59529
2026-03-03 07:00:00+00:00,8331.0,8336.0,8093.5,8112.0,84772
2026-03-04 07:00:00+00:00,8120.0,8220.0,8092.0,8176.0,62754
2026-03-05 07:00:00+00:00,8152.5,8226.0,8004.0,8052.5,64811
2026-03-06 07:00:00+00:00,8090.0,8111.0,7917.0,7999.0,63262
2026-03-09 07:00:00+00:00,7820.0,8084.5,7764.0,7920.0,82634
2026-03-10 07:00:00+00:00,8018.0,8113.5,7989.5,8063.0,64720
2026-03-11 07:00:00+00:00,8034.0,8063.5,7963.5,8045.0,49676
2026-03-12 07:00:00+00:00,7979.5,8040.5,7918.0,7986.5,51702
2026-03-13 07:00:00+00:00,7961.0,8019.5,7872.0,7913.5,44347
2026-03-16 07:00:00+00:00,7944.0,7972.0,7856.5,7938.0,89072
2026-03-17 07:00:00+00:00,7907.5,8024.0,7894.5,7975.5,114101
2026-03-18 07:00:00+00:00,8038.0,8068.0,7880.5,7971.0,59501
2026-03-19 07:00:00+00:00,7873.0,7892.0,7764.0,7808.5,50263
2026-03-20 07:00:00+00:00,7832.0,7891.0,7586.5,7671.0,69657
2026-03-23 07:00:00+00:00,7540.5,7885.0,7509.5,7732.0,83236
2026-03-24 07:00:00+00:00,7737.0,7840.0,7663.5,7749.5,53591
2026-03-25 07:00:00+00:00,7803.0,7890.5,7796.0,7851.0,49563
2026-03-26 07:00:00+00:00,7800.0,7848.5,7733.5,7772.5,39977
2026-03-27 07:00:00+00:00,7783.0,7794.5,7641.0,7705.0,40028
2026-03-30 06:00:00+00:00,7665.5,7797.5,7660.5,7775.0,38942
2026-03-31 06:00:00+00:00,7799.5,7957.0,7757.5,7825.0,53487
2026-04-01 06:00:00+00:00,7942.0,8016.5,7924.5,7988.5,55582
2026-04-02 06:00:00+00:00,7865.0,8002.5,7855.0,7969.5,49300
2026-04-07 06:00:00+00:00,7984.0,8083.0,7884.5,7915.0,63746
2026-04-08 06:00:00+00:00,8259.0,8332.5,8201.5,8271.0,94964
2026-04-09 06:00:00+00:00,8250.5,8294.5,8187.0,8250.0,44413
2026-04-10 06:00:00+00:00,8265.5,8325.5,8228.5,8264.0,47499
2026-04-13 06:00:00+00:00,8172.0,8271.5,8166.5,8239.5,89458
2026-04-14 06:00:00+00:00,8256.0,8590.0,8243.0,8331.5,151008
2026-04-15 06:00:00+00:00,8318.0,8320.0,8255.5,8277.0,80565
2026-04-16 06:00:00+00:00,8284.0,8332.0,8225.0,8263.0,43387
2026-04-17 06:00:00+00:00,8169.0,8365.5,8161.0,8334.0,54374
2026-04-20 06:00:00+00:00,8243.0,8264.5,8213.0,8237.0,32700
2026-04-21 06:00:00+00:00,8266.0,8281.5,8086.0,8158.5,32552
2026-04-22 06:00:00+00:00,8163.5,8189.5,8060.5,8078.5,32987
2026-04-23 06:00:00+00:00,8077.0,8162.5,8022.0,8147.0,46640
2026-04-24 06:00:00+00:00,8095.5,8143.5,8031.0,8076.5,34057
2026-04-27 06:00:00+00:00,8087.5,8133.5,8044.5,8060.5,24681
2026-04-28 06:00:00+00:00,8066.0,8101.0,8009.5,8030.5,37336
2026-04-29 06:00:00+00:00,8024.5,8044.5,7957.5,8003.5,29229
2026-04-30 06:00:00+00:00,7929.0,8086.5,7895.0,8055.5,46337
2026-05-04 06:00:00+00:00,8098.5,8099.0,7862.5,7922.5,46593
2026-05-05 06:00:00+00:00,7911.5,8062.0,7897.5,8032.5,39548
2026-05-06 06:00:00+00:00,8116.5,8315.5,8100.5,8270.5,60840
2026-05-07 06:00:00+00:00,8295.0,8331.5,8086.0,8170.0,40244
2026-05-08 06:00:00+00:00,8113.0,8127.5,8060.5,8080.0,49036
2026-05-11 06:00:00+00:00,8064.0,8079.5,8009.5,8055.0,85483
2026-05-12 06:00:00+00:00,8019.5,8031.0,7958.0,7978.5,107996
2026-05-13 06:00:00+00:00,8021.0,8047.0,7929.5,8005.5,77661
2026-05-14 06:00:00+00:00,8055.0,8082.5,8026.0,8079.5,26714
2026-05-15 06:00:00+00:00,7936.5,8006.0,7869.5,7912.0,40081
2026-05-18 06:00:00+00:00,7840.5,7994.0,7813.0,7966.5,42616
2026-05-19 06:00:00+00:00,7968.5,8053.5,7938.5,7960.5,36474
2026-05-20 06:00:00+00:00,7931.0,8160.5,7923.5,8096.5,43155
2026-05-21 06:00:00+00:00,8096.5,8157.5,8031.5,8065.5,41478
2026-05-22 06:00:00+00:00,8126.0,8144.0,8056.0,8094.5,32749
2026-05-25 06:00:00+00:00,8155.0,8265.0,8151.5,8239.5,24759
2026-05-26 06:00:00+00:00,8230.0,8244.5,8159.0,8169.0,30071
2026-05-27 06:00:00+00:00,8202.5,8269.5,8184.0,8205.0,33549
2026-05-28 06:00:00+00:00,8172.0,8223.5,8145.5,8184.5,29121
2026-05-29 06:00:00+00:00,8208.5,8284.0,8156.5,8180.5,41487
2026-06-01 06:00:00+00:00,8189.0,8224.5,8099.5,8147.0,38118
2026-06-02 06:00:00+00:00,8163.0,8248.0,8163.0,8210.5,35795
2026-06-03 06:00:00+00:00,8190.5,8201.5,8135.5,8151.5,27536
2026-06-04 06:00:00+00:00,8134.5,8272.0,8133.0,8244.0,32675
2026-06-05 06:00:00+00:00,8239.0,8297.0,8059.5,8217.5,36999
2026-06-08 06:00:00+00:00,8123.0,8235.5,8089.0,8202.5,41176
2026-06-09 06:00:00+00:00,8192.0,8308.5,8139.0,8207.0,43997
2026-06-10 06:00:00+00:00,8223.0,8244.5,8112.0,8164.5,45142
2026-06-11 06:00:00+00:00,8146.0,8346.0,8128.5,8205.0,47512
2026-06-12 06:00:00+00:00,8313.5,8403.0,8306.0,8355.0,54020
2026-06-15 06:00:00+00:00,8469.0,8512.0,8373.5,8387.0,114415
2026-06-16 06:00:00+00:00,8387.5,8467.5,8384.0,8450.5,95323
2026-06-17 06:00:00+00:00,8454.5,8479.0,8360.5,8432.5,60785
2026-06-18 06:00:00+00:00,8395.5,8490.0,8394.0,8468.0,28850
2026-06-19 06:00:00+00:00,8454.0,8519.5,8424.0,8433.0,29123
2026-06-22 06:00:00+00:00,8441.0,8465.0,8361.5,8408.0,29772
2026-06-23 06:00:00+00:00,8341.5,8388.0,8311.0,8349.0,31271
2026-06-24 06:00:00+00:00,8362.5,8409.0,8315.0,8393.0,32324
2026-06-25 06:00:00+00:00,8391.5,8460.0,8379.5,8438.5,32443
2026-06-26 06:00:00+00:00,8389.0,8428.5,8347.5,8391.0,27388
2026-06-29 06:00:00+00:00,8400.5,8401.0,8344.5,8369.5,28698
2026-06-30 06:00:00+00:00,8397.0,8430.5,8370.0,8410.0,33447
2026-07-01 06:00:00+00:00,8413.0,8421.5,8325.0,8346.0,38362
2026-07-02 06:00:00+00:00,8361.0,8514.5,8328.5,8484.0,40979
2026-07-03 06:00:00+00:00,8513.5,8529.5,8464.5,8516.5,20999
2026-07-06 06:00:00+00:00,8516.5,8569.5,8471.0,8487.0,25940
2026-07-07 06:00:00+00:00,8493.5,8553.0,8407.5,8443.0,32115
2026-07-08 06:00:00+00:00,8412.0,8414.0,8240.0,8257.5,60617
2026-07-09 06:00:00+00:00,8325.0,8346.0,8265.5,8330.5,31438
2026-07-10 06:00:00+00:00,8328.0,8358.5,8285.5,8342.0,34397
2026-07-13 06:00:00+00:00,8276.5,8379.5,8269.0,8367.5,95989
2026-07-14 06:00:00+00:00,8333.0,8385.0,8276.5,8368.5,106343
2026-07-15 06:00:00+00:00,8362.0,8398.5,8320.0,8382.0,76224
2026-07-16 06:00:00+00:00,8382.5,8411.0,8277.0,8377.5,43530
2026-07-17 06:00:00+00:00,8334.5,8378.0,8301.5,8358.0,37639
2026-07-20 06:00:00+00:00,8343.0,8412.0,8299.5,8358.0,38264
2026-07-21 06:00:00+00:00,8347.0,8412.5,8316.0,8380.0,29654
2026-07-22 06:00:00+00:00,8398.5,8488.5,8364.0,8456.5,38610
2026-07-23 06:00:00+00:00,8449.0,8449.5,8292.0,8315.5,44811
2026-07-24 06:00:00+00:00,8304.0,8400.0,8280.0,8388.0,28326
2026-07-27 06:00:00+00:00,8450.0,8483.0,8413.0,8422.0,38773
2026-07-28 06:00:00+00:00,8421.0,8512.5,8414.0,8475.0,34350
2026-07-29 06:00:00+00:00,8486.0,8524.0,8395.0,8423.5,38364
2026-07-30 06:00:00+00:00,8451.0,8530.0,8419.5,8497.5,37926
2026-07-31 06:00:00+00:00,8527.0,8589.5,8492.0,8521.0,33687
2026-08-03 06:00:00+00:00,8589.0,8655.0,8559.5,8626.0,31946
2026-08-04 06:00:00+00:00,8654.0,8717.0,8613.0,8678.5,33221
2026-08-05 06:00:00+00:00,8717.0,8722.0,8668.5,8682.0,28230
2026-08-06 06:00:00+00:00,8695.5,8754.5,8693.5,8711.0,30704
2026-08-07 06:00:00+00:00,8725.0,8768.5,8707.0,8725.0,26109
2026-08-10 06:00:00+00:00,8723.0,8739.0,8700.5,8735.0,20875
2026-08-11 06:00:00+00:00,8736.0,8758.0,8706.0,8723.5,23041
2026-08-12 06:00:00+00:00,8728.5,8729.0,8659.0,8682.5,24976
2026-08-13 06:00:00+00:00,8702.5,8720.0,8648.5,8655.5,27506
2026-08-14 06:00:00+00:00,8661.0,8671.5,8632.0,8640.0,22432
2026-08-17 06:00:00+00:00,8660.5,8663.0,8569.5,8583.0,74195
2026-08-18 06:00:00+00:00,8558.0,8585.5,8505.5,8513.5,114888
2026-08-19 06:00:00+00:00,8508.0,8563.5,8490.5,8505.0,62008
2026-08-20 06:00:00+00:00,8498.0,8515.5,8445.5,8455.5,27147
2026-08-21 06:00:00+00:00,8487.5,8512.5,8460.0,8502.5,31386
2026-08-24 06:00:00+00:00,8490.5,8509.0,8461.0,8470.0,29587
2026-08-25 06:00:00+00:00,8502.0,8521.5,8453.0,8457.0,27698
2026-08-26 06:00:00+00:00,8470.5,8521.0,8467.0,8479.0,29942
2026-08-27 06:00:00+00:00,8494.0,8495.0,8320.0,8334.5,39586
2026-08-28 06:00:00+00:00,8352.0,8437.0,8348.5,8416.0,43546
2026-08-31 06:00:00+00:00,8422.0,8441.0,8319.5,8347.5,37322
2026-09-01 06:00:00+00:00,8361.0,8387.0,8279.0,8315.5,52256
2026-09-02 06:00:00+00:00,8292.0,8320.0,8250.0,8293.0,40900
2026-09-03 06:00:00+00:00,8307.0,8307.0,8249.5,8296.5,38685
2026-09-04 06:00:00+00:00,8305.5,8306.5,8256.5,8288.5,28195
2026-09-07 06:00:00+00:00,8281.0,8327.0,8263.0,8314.0,18383
2026-09-08 06:00:00+00:00,8299.0,8330.0,8263.5,8325.0,33418
2026-09-09 06:00:00+00:00,8285.0,8289.0,8132.0,8163.5,53399
2026-09-10 06:00:00+00:00,8171.5,8196.5,8108.0,8122.5,44902
2026-09-11 06:00:00+00:00,8141.0,8213.0,8129.0,8183.5,53068
2026-09-14 06:00:00+00:00,8164.0,8173.0,8090.5,8123.0,131539
2026-09-15 06:00:00+00:00,8118.0,8125.5,8035.0,8095.0,115564
2026-09-16 06:00:00+00:00,8116.5,8169.0,8089.0,8143.5,65863
2026-09-17 06:00:00+00:00,8156.0,8212.0,8141.5,8188.0,28849
2026-09-18 06:00:00+00:00,8164.0,8167.5,8036.5,8055.5,56010
2026-09-21 06:00:00+00:00,8075.5,8154.5,8075.5,8130.5,31818
2026-09-22 06:00:00+00:00,8137.5,8189.0,8107.0,8145.5,37370
2026-09-23 06:00:00+00:00,8173.5,8190.5,8066.5,8113.5,32598
2026-09-24 06:00:00+00:00,8073.5,8160.0,8049.5,8082.0,38544
2026-09-25 06:00:00+00:00,8130.0,8147.0,8056.5,8078.0,37945
2026-09-28 06:00:00+00:00,8106.0,8167.0,8069.5,8078.0,39580
2026-09-29 06:00:00+00:00,8108.5,8115.5,8010.0,8034.5,38856
2026-09-30 06:00:00+00:00,8065.0,8074.0,7929.5,7969.0,49339
2026-10-01 06:00:00+00:00,7927.5,7944.5,7815.5,7838.5,73995
2026-10-02 06:00:00+00:00,7848.5,7931.5,7827.0,7899.0,57405
2026-10-05 06:00:00+00:00,7869.5,7894.0,7800.5,7838.0,48369
2026-10-06 06:00:00+00:00,7856.0,7922.0,7823.5,7868.0,42522
2026-10-07 06:00:00+00:00,7813.0,7842.5,7744.5,7771.0,45888
2026-10-08 06:00:00+00:00,7749.5,7783.0,7678.5,7729.5,46215
2026-10-09 06:00:00+00:00,7790.5,7824.5,7765.5,7802.0,47446
