,Open,High,Low,Close,Volume
2026-08-24 06:00:00+00:00,8490.5,8494.0,8484.0,8492.0,303
2026-08-24 06:05:00+00:00,8492.5,8497.5,8492.0,8497.0,67
2026-08-24 06:10:00+00:00,8496.5,8500.5,8496.5,8499.0,86
2026-08-24 06:15:00+00:00,8499.5,8503.0,8497.0,8497.5,59
2026-08-24 06:20:00+00:00,8495.0,8498.0,8495.0,8496.0,48
2026-08-24 06:25:00+00:00,8496.5,8498.5,8495.5,8497.5,22
2026-08-24 06:30:00+00:00,8498.0,8499.0,8497.0,8499.0,22
2026-08-24 06:35:00+00:00,8498.5,8500.5,8498.0,8498.5,25
2026-08-24 06:40:00+00:00,8498.0,8498.0,8493.0,8493.0,25
2026-08-24 06:45:00+00:00,8493.5,8495.5,8492.0,8495.5,21
2026-08-24 06:50:00+00:00,8495.0,8497.0,8495.0,8496.0,17
2026-08-24 06:55:00+00:00,8496.5,8498.0,8486.0,8486.0,169
2026-08-24 07:00:00+00:00,8487.0,8504.0,8486.0,8489.0,1137
2026-08-24 07:05:00+00:00,8489.0,8489.0,8482.0,8484.5,470
2026-08-24 07:10:00+00:00,8484.5,8487.0,8481.5,8486.0,281
2026-08-24 07:15:00+00:00,8486.0,8490.0,8485.5,8489.5,263
2026-08-24 07:20:00+00:00,8489.5,8490.0,8482.5,8484.5,238
2026-08-24 07:25:00+00:00,8485.0,8487.5,8476.5,8477.5,358
2026-08-24 07:30:00+00:00,8477.5,8483.0,8475.0,8483.0,289
2026-08-24 07:35:00+00:00,8482.5,8487.5,8482.5,8484.0,189
2026-08-24 07:40:00+00:00,8483.5,8484.0,8478.0,8478.5,223
2026-08-24 07:45:00+00:00,8478.5,8487.5,8478.0,8486.5,211
2026-08-24 07:50:00+00:00,8486.0,8489.5,8481.0,8481.0,376
2026-08-24 07:55:00+00:00,8481.0,8482.5,8476.0,8476.0,256
2026-08-24 08:00:00+00:00,8476.0,8486.5,8474.0,8486.5,321
2026-08-24 08:05:00+00:00,8486.0,8502.0,8484.5,8486.0,478
2026-08-24 08:10:00+00:00,8486.5,8490.5,8486.0,8488.5,211
2026-08-24 08:15:00+00:00,8489.0,8496.5,8489.0,8496.0,220
2026-08-24 08:20:00+00:00,8496.0,8497.0,8492.0,8495.5,267
2026-08-24 08:25:00+00:00,8495.5,8496.0,8492.0,8494.5,165
2026-08-24 08:30:00+00:00,8494.0,8498.5,8493.5,8496.5,265
2026-08-24 08:35:00+00:00,8496.0,8504.0,8495.5,8503.5,227
2026-08-24 08:40:00+00:00,8503.5,8507.5,8502.5,8503.5,262
2026-08-24 08:45:00+00:00,8504.0,8505.5,8502.5,8503.0,205
2026-08-24 08:50:00+00:00,8503.0,8504.5,8500.5,8501.5,214
2026-08-24 08:55:00+00:00,8501.5,8502.0,8497.0,8497.0,205
2026-08-24 09:00:00+00:00,8497.0,8501.5,8494.0,8501.5,288
2026-08-24 09:05:00+00:00,8501.0,8506.0,8501.0,8505.5,149
2026-08-24 09:10:00+00:00,8505.5,8507.0,8504.0,8504.5,201
2026-08-24 09:15:00+00:00,8504.0,8504.5,8498.0,8498.0,165
2026-08-24 09:20:00+00:00,8498.0,8499.5,8495.5,8498.5,157
2026-08-24 09:25:00+00:00,8498.0,8498.0,8492.0,8495.0,163
2026-08-24 09:30:00+00:00,8495.0,8498.0,8494.5,8497.0,133
2026-08-24 09:35:00+00:00,8497.0,8499.0,8496.0,8497.5,111
2026-08-24 09:40:00+00:00,8497.5,8497.5,8493.5,8495.0,115
2026-08-24 09:45:00+00:00,8495.0,8499.5,8494.0,8499.0,115
2026-08-24 09:50:00+00:00,8499.0,8501.5,8498.5,8499.0,100
2026-08-24 09:55:00+00:00,8499.5,8500.5,8498.0,8500.5,116
2026-08-24 10:00:00+00:00,8500.5,8503.0,8499.5,8501.0,120
2026-08-24 10:05:00+00:00,8501.0,8503.0,8501.0,8501.0,92
2026-08-24 10:10:00+00:00,8501.5,8502.5,8499.5,8500.5,206
2026-08-24 10:15:00+00:00,8500.5,8502.0,8498.5,8499.5,94
2026-08-24 10:20:00+00:00,8499.5,8504.0,8499.5,8504.0,78
2026-08-24 10:25:00+00:00,8503.5,8504.0,8501.0,8503.0,89
2026-08-24 10:30:00+00:00,8502.5,8507.0,8502.5,8507.0,116
2026-08-24 10:35:00+00:00,8507.0,8509.0,8504.5,8505.0,124
2026-08-24 10:40:00+00:00,8504.0,8504.5,8501.0,8501.0,150
2026-08-24 10:45:00+00:00,8500.5,8503.0,8500.0,8501.0,114
2026-08-24 10:50:00+00:00,8501.0,8502.0,8497.5,8500.0,126
2026-08-24 10:55:00+00:00,8500.5,8501.0,8496.5,8498.5,97
2026-08-24 11:00:00+00:00,8498.0,8499.0,8496.0,8497.5,101
2026-08-24 11:05:00+00:00,8497.5,8498.0,8492.5,8492.5,79
2026-08-24 11:10:00+00:00,8493.0,8494.5,8491.0,8493.0,99
2026-08-24 11:15:00+00:00,8493.0,8495.0,8492.0,8492.5,70
2026-08-24 11:20:00+00:00,8492.5,8498.0,8492.5,8497.0,70
2026-08-24 11:25:00+00:00,8497.5,8498.0,8495.5,8497.0,54
2026-08-24 11:30:00+00:00,8497.0,8500.5,8494.0,8499.5,281
2026-08-24 11:35:00+00:00,8501.0,8504.0,8499.5,8499.5,93
2026-08-24 11:40:00+00:00,8499.5,8501.5,8498.0,8498.0,62
2026-08-24 11:45:00+00:00,8498.0,8498.0,8492.0,8492.5,66
2026-08-24 11:50:00+00:00,8492.5,8494.5,8490.5,8493.5,66
2026-08-24 11:55:00+00:00,8493.0,8494.0,8491.0,8492.0,50
2026-08-24 12:00:00+00:00,8491.0,8491.0,8485.5,8485.5,82
2026-08-24 12:05:00+00:00,8485.5,8486.0,8482.0,8482.5,50
2026-08-24 12:10:00+00:00,8483.0,8487.5,8483.0,8486.5,59
2026-08-24 12:15:00+00:00,8485.5,8488.0,8485.5,8487.0,51
2026-08-24 12:20:00+00:00,8487.5,8489.5,8487.0,8487.5,54
2026-08-24 12:25:00+00:00,8487.5,8488.0,8483.0,8484.5,113
2026-08-24 12:30:00+00:00,8484.5,8485.5,8469.5,8483.5,664
2026-08-24 12:35:00+00:00,8483.0,8483.5,8481.0,8483.0,67
2026-08-24 12:40:00+00:00,8483.5,8492.5,8480.5,8482.5,480
2026-08-24 12:45:00+00:00,8483.0,8484.5,8480.0,8481.0,122
2026-08-24 12:50:00+00:00,8480.0,8482.5,8476.5,8480.0,194
2026-08-24 12:55:00+00:00,8480.0,8481.0,8477.5,8478.5,154
2026-08-24 13:00:00+00:00,8478.0,8478.5,8471.5,8471.5,210
2026-08-24 13:05:00+00:00,8472.0,8472.5,8466.5,8468.0,177
2026-08-24 13:10:00+00:00,8468.0,8468.5,8464.5,8465.5,219
2026-08-24 13:15:00+00:00,8465.5,8472.0,8465.0,8470.5,221
2026-08-24 13:20:00+00:00,8471.0,8474.5,8469.0,8474.0,213
2026-08-24 13:25:00+00:00,8473.5,8475.5,8469.0,8469.5,277
2026-08-24 13:30:00+00:00,8470.0,8474.0,8465.0,8465.5,283
2026-08-24 13:35:00+00:00,8466.5,8470.5,8461.0,8463.5,605
2026-08-24 13:40:00+00:00,8463.0,8470.0,8462.0,8467.5,306
2026-08-24 13:45:00+00:00,8467.5,8476.0,8467.0,8475.0,300
2026-08-24 13:50:00+00:00,8475.0,8477.5,8473.5,8477.0,301
2026-08-24 13:55:00+00:00,8476.5,8476.5,8472.0,8473.0,245
2026-08-24 14:00:00+00:00,8473.5,8476.0,8470.0,8472.5,251
2026-08-24 14:05:00+00:00,8472.5,8472.5,8466.0,8466.5,104
2026-08-24 14:10:00+00:00,8467.0,8467.5,8463.5,8466.0,223
2026-08-24 14:15:00+00:00,8466.0,8472.5,8465.0,8471.5,173
2026-08-24 14:20:00+00:00,8472.0,8473.0,8467.5,8467.5,153
2026-08-24 14:25:00+00:00,8467.5,8472.0,8467.0,8471.0,142
2026-08-24 14:30:00+00:00,8471.0,8476.0,8470.5,8476.0,255
2026-08-24 14:35:00+00:00,8476.0,8479.0,8475.5,8477.0,156
2026-08-24 14:40:00+00:00,8477.5,8482.0,8476.5,8480.5,155
2026-08-24 14:45:00+00:00,8480.0,8482.5,8479.0,8480.5,124
2026-08-24 14:50:00+00:00,8481.0,8481.5,8479.5,8480.0,193
2026-08-24 14:55:00+00:00,8479.5,8481.0,8477.5,8479.0,189
2026-08-24 15:00:00+00:00,8479.0,8479.0,8474.5,8476.0,219
2026-08-24 15:05:00+00:00,8475.5,8475.5,8471.5,8472.0,276
2026-08-24 15:10:00+00:00,8472.5,8475.5,8472.0,8474.5,218
2026-08-24 15:15:00+00:00,8474.0,8475.0,8470.5,8472.5,406
2026-08-24 15:20:00+00:00,8472.0,8475.0,8470.5,8475.0,646
2026-08-24 15:25:00+00:00,8475.0,8486.0,8474.5,8483.0,1563
2026-08-24 15:30:00+00:00,8484.0,8485.0,8465.0,8470.5,2217
2026-08-24 15:35:00+00:00,8471.5,8475.0,8467.0,8473.5,661
2026-08-24 15:40:00+00:00,8474.0,8476.0,8473.0,8475.0,117
2026-08-24 15:45:00+00:00,8476.0,8477.5,8475.0,8476.5,88
2026-08-24 15:50:00+00:00,8477.0,8480.5,8477.0,8478.0,115
2026-08-24 15:55:00+00:00,8478.0,8478.5,8475.0,8477.5,98
2026-08-24 16:00:00+00:00,8478.0,8484.0,8478.0,8482.5,151
2026-08-24 16:05:00+00:00,8482.0,8483.0,8480.5,8480.5,90
2026-08-24 16:10:00+00:00,8480.5,8480.5,8478.5,8478.5,57
2026-08-24 16:15:00+00:00,8478.5,8483.0,8478.5,8482.5,50
2026-08-24 16:20:00+00:00,8482.0,8484.0,8481.5,8482.0,52
2026-08-24 16:25:00+00:00,8482.5,8483.0,8482.0,8483.0,34
2026-08-24 16:30:00+00:00,8481.0,8481.0,8480.0,8480.5,9
2026-08-24 16:35:00+00:00,8481.0,8482.5,8481.0,8482.0,56
2026-08-24 16:40:00+00:00,8481.5,8482.0,8480.5,8480.5,58
2026-08-24 16:45:00+00:00,8479.5,8481.0,8479.5,8481.0,51
2026-08-24 16:50:00+00:00,8481.5,8481.5,8479.5,8480.5,28
2026-08-24 16:55:00+00:00,8480.0,8480.0,8476.5,8480.0,68
2026-08-24 17:00:00+00:00,8481.0,8481.5,8479.0,8481.0,37
2026-08-24 17:05:00+00:00,8481.0,8488.0,8480.5,8485.5,60
2026-08-24 17:10:00+00:00,8485.5,8490.5,8485.5,8489.5,69
2026-08-24 17:15:00+00:00,8489.5,8492.5,8487.0,8490.0,106
2026-08-24 17:20:00+00:00,8489.5,8489.5,8484.0,8484.0,45
2026-08-24 17:25:00+00:00,8483.0,8484.0,8481.0,8481.0,22
2026-08-24 17:30:00+00:00,8480.5,8482.5,8480.5,8481.0,21
2026-08-24 17:35:00+00:00,8480.0,8482.0,8480.0,8482.0,28
2026-08-24 17:40:00+00:00,8482.0,8482.5,8481.5,8481.5,31
2026-08-24 17:45:00+00:00,8481.0,8483.0,8481.0,8482.5,14
2026-08-24 17:50:00+00:00,8483.5,8484.0,8481.0,8482.0,20
2026-08-24 17:55:00+00:00,8482.0,8483.5,8481.5,8483.0,26
2026-08-24 18:00:00+00:00,8483.0,8486.0,8482.5,8484.5,82
2026-08-24 18:05:00+00:00,8485.0,8488.0,8485.0,8488.0,37
2026-08-24 18:10:00+00:00,8488.0,8489.5,8487.0,8489.5,29
2026-08-24 18:15:00+00:00,8489.5,8491.5,8489.5,8490.0,76
2026-08-24 18:20:00+00:00,8490.0,8491.5,8490.0,8491.5,29
2026-08-24 18:25:00+00:00,8491.5,8495.5,8491.5,8495.5,85
2026-08-24 18:30:00+00:00,8495.5,8497.0,8493.0,8493.5,73
2026-08-24 18:35:00+00:00,8493.5,8493.5,8490.5,8492.0,35
2026-08-24 18:40:00+00:00,8491.5,8493.0,8491.0,8492.5,35
2026-08-24 18:45:00+00:00,8492.5,8494.0,8491.5,8493.0,18
2026-08-24 18:50:00+00:00,8493.0,8494.0,8492.0,8492.5,17
2026-08-24 18:55:00+00:00,8492.5,8493.5,8492.0,8492.5,14
2026-08-24 19:00:00+00:00,8492.0,8492.5,8490.5,8491.0,51
2026-08-24 19:05:00+00:00,8490.5,8491.5,8489.5,8489.5,23
2026-08-24 19:10:00+00:00,8490.0,8491.5,8489.0,8491.0,26
2026-08-24 19:15:00+00:00,8491.0,8492.0,8489.5,8491.5,23
2026-08-24 19:20:00+00:00,8491.0,8492.5,8491.0,8491.0,17
2026-08-24 19:25:00+00:00,8492.0,8492.0,8490.0,8490.5,26
2026-08-24 19:30:00+00:00,8491.0,8493.0,8489.0,8489.5,42
2026-08-24 19:35:00+00:00,8489.0,8489.5,8487.0,8488.5,84
2026-08-24 19:40:00+00:00,8489.0,8489.0,8487.0,8488.5,38
2026-08-24 19:45:00+00:00,8488.0,8489.5,8487.0,8489.5,47
2026-08-24 19:50:00+00:00,8489.5,8491.0,8488.5,8490.5,79
2026-08-24 19:55:00+00:00,8490.5,8491.5,8488.5,8490.5,124
2026-08-25 06:00:00+00:00,8502.0,8506.0,8501.5,8502.0,243
2026-08-25 06:05:00+00:00,8502.5,8504.5,8501.0,8502.5,66
2026-08-25 06:10:00+00:00,8503.0,8503.5,8500.5,8502.5,72
2026-08-25 06:15:00+00:00,8502.5,8503.0,8500.5,8501.0,41
2026-08-25 06:20:00+00:00,8501.0,8505.0,8501.0,8504.0,65
2026-08-25 06:25:00+00:00,8503.0,8504.5,8503.0,8503.5,19
2026-08-25 06:30:00+00:00,8502.5,8503.5,8500.5,8501.0,18
2026-08-25 06:35:00+00:00,8500.0,8500.5,8497.5,8500.5,42
2026-08-25 06:40:00+00:00,8503.0,8504.0,8502.0,8504.0,12
2026-08-25 06:45:00+00:00,8504.0,8505.0,8503.0,8503.0,8
2026-08-25 06:50:00+00:00,8502.0,8502.0,8499.0,8502.0,31
2026-08-25 06:55:00+00:00,8501.5,8512.5,8501.0,8512.5,187
2026-08-25 07:00:00+00:00,8511.5,8521.5,8509.0,8514.0,1270
2026-08-25 07:05:00+00:00,8513.0,8513.0,8505.5,8507.5,399
2026-08-25 07:10:00+00:00,8508.0,8508.0,8497.0,8499.5,436
2026-08-25 07:15:00+00:00,8500.0,8503.0,8494.0,8494.0,210
2026-08-25 07:20:00+00:00,8494.0,8497.5,8490.5,8493.5,207
2026-08-25 07:25:00+00:00,8493.5,8497.5,8490.5,8497.5,130
2026-08-25 07:30:00+00:00,8497.5,8503.0,8497.5,8502.0,152
2026-08-25 07:35:00+00:00,8501.5,8502.5,8494.5,8499.5,178
2026-08-25 07:40:00+00:00,8500.0,8500.5,8495.5,8497.0,106
2026-08-25 07:45:00+00:00,8497.0,8497.5,8491.0,8491.0,115
2026-08-25 07:50:00+00:00,8490.5,8490.5,8482.0,8482.5,180
2026-08-25 07:55:00+00:00,8483.0,8489.0,8482.5,8487.0,122
2026-08-25 08:00:00+00:00,8487.5,8488.0,8482.0,8483.5,142
2026-08-25 08:05:00+00:00,8483.0,8483.5,8479.0,8481.5,149
2026-08-25 08:10:00+00:00,8481.0,8481.0,8477.5,8480.5,84
2026-08-25 08:15:00+00:00,8480.0,8489.5,8480.0,8487.5,106
2026-08-25 08:20:00+00:00,8488.0,8517.0,8487.0,8512.5,925
2026-08-25 08:25:00+00:00,8511.0,8514.0,8497.0,8498.0,288
2026-08-25 08:30:00+00:00,8498.5,8503.0,8494.5,8499.5,210
2026-08-25 08:35:00+00:00,8500.0,8501.0,8489.0,8491.0,121
2026-08-25 08:40:00+00:00,8491.5,8494.5,8490.0,8494.5,73
2026-08-25 08:45:00+00:00,8496.5,8499.0,8494.0,8494.0,105
2026-08-25 08:50:00+00:00,8493.5,8498.0,8492.5,8494.5,175
2026-08-25 08:55:00+00:00,8493.5,8499.5,8492.0,8499.0,129
2026-08-25 09:00:00+00:00,8498.0,8501.0,8497.0,8500.5,76
2026-08-25 09:05:00+00:00,8500.0,8503.0,8499.5,8501.5,91
2026-08-25 09:10:00+00:00,8499.5,8503.0,8498.0,8498.0,94
2026-08-25 09:15:00+00:00,8498.0,8502.0,8498.0,8501.0,143
2026-08-25 09:20:00+00:00,8500.5,8504.5,8500.5,8501.5,115
2026-08-25 09:25:00+00:00,8502.0,8502.0,8498.0,8501.0,134
2026-08-25 09:30:00+00:00,8500.5,8516.5,8500.5,8513.5,482
2026-08-25 09:35:00+00:00,8513.0,8513.5,8506.0,8506.5,172
2026-08-25 09:40:00+00:00,8506.0,8511.0,8505.0,8505.0,142
2026-08-25 09:45:00+00:00,8505.0,8507.5,8503.0,8507.5,138
2026-08-25 09:50:00+00:00,8508.5,8510.0,8506.5,8509.0,98
2026-08-25 09:55:00+00:00,8507.5,8513.5,8503.0,8505.0,357
2026-08-25 10:00:00+00:00,8504.5,8506.0,8501.5,8503.5,161
2026-08-25 10:05:00+00:00,8504.0,8505.5,8501.5,8505.5,86
2026-08-25 10:10:00+00:00,8505.0,8507.5,8504.5,8507.5,114
2026-08-25 10:15:00+00:00,8507.0,8509.5,8506.5,8507.5,100
2026-08-25 10:20:00+00:00,8508.0,8511.0,8507.0,8509.0,105
2026-08-25 10:25:00+00:00,8508.0,8511.5,8508.0,8508.5,108
2026-08-25 10:30:00+00:00,8508.5,8512.0,8508.5,8511.5,99
2026-08-25 10:35:00+00:00,8511.5,8513.5,8511.0,8512.5,83
2026-08-25 10:40:00+00:00,8513.0,8513.0,8505.0,8506.5,91
2026-08-25 10:45:00+00:00,8506.5,8508.5,8506.0,8508.5,48
2026-08-25 10:50:00+00:00,8508.5,8508.5,8505.0,8506.0,112
2026-08-25 10:55:00+00:00,8506.0,8507.5,8504.5,8507.0,57
2026-08-25 11:00:00+00:00,8507.0,8507.0,8501.0,8502.5,101
2026-08-25 11:05:00+00:00,8502.0,8502.5,8492.5,8501.0,427
2026-08-25 11:10:00+00:00,8500.5,8504.5,8500.0,8503.5,93
2026-08-25 11:15:00+00:00,8503.5,8505.5,8503.0,8503.0,69
2026-08-25 11:20:00+00:00,8502.5,8503.5,8499.5,8500.0,63
2026-08-25 11:25:00+00:00,8500.5,8500.5,8495.0,8495.0,93
2026-08-25 11:30:00+00:00,8496.0,8499.5,8496.0,8497.5,53
2026-08-25 11:35:00+00:00,8497.0,8499.5,8496.5,8499.5,78
2026-08-25 11:40:00+00:00,8500.0,8500.5,8497.5,8498.5,73
2026-08-25 11:45:00+00:00,8498.5,8501.0,8498.0,8500.0,61
2026-08-25 11:50:00+00:00,8500.0,8501.0,8496.0,8497.5,172
2026-08-25 11:55:00+00:00,8496.0,8497.5,8495.5,8497.5,123
2026-08-25 12:00:00+00:00,8497.0,8504.0,8497.0,8503.0,111
2026-08-25 12:05:00+00:00,8502.5,8503.0,8495.5,8495.5,103
2026-08-25 12:10:00+00:00,8495.0,8496.0,8489.5,8492.0,113
2026-08-25 12:15:00+00:00,8492.5,8497.5,8491.5,8497.0,91
2026-08-25 12:20:00+00:00,8497.0,8497.5,8494.5,8495.5,78
2026-08-25 12:25:00+00:00,8495.5,8496.5,8493.5,8495.0,66
2026-08-25 12:30:00+00:00,8495.0,8495.0,8489.0,8490.5,84
2026-08-25 12:35:00+00:00,8490.0,8493.5,8489.0,8493.5,60
2026-08-25 12:40:00+00:00,8493.0,8495.0,8490.0,8490.0,113
2026-08-25 12:45:00+00:00,8490.0,8493.0,8490.0,8492.5,66
2026-08-25 12:50:00+00:00,8492.0,8493.5,8490.0,8490.0,203
2026-08-25 12:55:00+00:00,8489.5,8489.5,8484.5,8485.0,152
2026-08-25 13:00:00+00:00,8485.0,8486.5,8484.0,8486.0,168
2026-08-25 13:05:00+00:00,8485.5,8486.5,8482.5,8483.5,112
2026-08-25 13:10:00+00:00,8483.0,8487.0,8481.0,8483.5,284
2026-08-25 13:15:00+00:00,8483.5,8484.5,8480.5,8480.5,148
2026-08-25 13:20:00+00:00,8481.5,8486.0,8479.5,8484.5,259
2026-08-25 13:25:00+00:00,8484.5,8486.0,8482.0,8483.0,130
2026-08-25 13:30:00+00:00,8483.5,8486.5,8474.5,8475.5,475
2026-08-25 13:35:00+00:00,8475.5,8477.5,8474.0,8475.5,222
2026-08-25 13:40:00+00:00,8475.5,8477.0,8473.5,8473.5,194
2026-08-25 13:45:00+00:00,8474.0,8474.0,8468.0,8470.5,258
2026-08-25 13:50:00+00:00,8470.0,8474.0,8469.0,8469.0,185
2026-08-25 13:55:00+00:00,8469.0,8472.5,8468.5,8470.0,257
2026-08-25 14:00:00+00:00,8470.5,8472.0,8466.5,8471.5,298
2026-08-25 14:05:00+00:00,8471.5,8479.0,8471.0,8478.5,225
2026-08-25 14:10:00+00:00,8479.0,8481.0,8477.0,8477.5,171
2026-08-25 14:15:00+00:00,8477.0,8479.0,8475.0,8475.0,156
2026-08-25 14:20:00+00:00,8475.0,8476.5,8473.5,8475.5,158
2026-08-25 14:25:00+00:00,8475.5,8476.5,8471.0,8471.5,140
2026-08-25 14:30:00+00:00,8471.0,8474.0,8462.0,8473.0,1037
2026-08-25 14:35:00+00:00,8473.5,8476.0,8470.5,8473.0,172
2026-08-25 14:40:00+00:00,8473.5,8474.5,8468.0,8469.0,152
2026-08-25 14:45:00+00:00,8469.0,8470.0,8464.0,8464.0,179
2026-08-25 14:50:00+00:00,8464.0,8469.0,8462.0,8467.0,295
2026-08-25 14:55:00+00:00,8466.0,8466.5,8462.5,8463.0,316
2026-08-25 15:00:00+00:00,8463.0,8466.5,8460.5,8462.0,408
2026-08-25 15:05:00+00:00,8462.0,8462.5,8457.0,8462.5,330
2026-08-25 15:10:00+00:00,8462.5,8465.5,8462.0,8464.5,226
2026-08-25 15:15:00+00:00,8464.0,8469.0,8464.0,8469.0,302
2026-08-25 15:20:00+00:00,8468.5,8472.0,8467.5,8468.0,351
2026-08-25 15:25:00+00:00,8468.0,8468.0,8462.5,8464.5,832
2026-08-25 15:30:00+00:00,8465.0,8468.0,8454.0,8456.0,1905
2026-08-25 15:35:00+00:00,8456.5,8463.0,8453.0,8455.0,1248
2026-08-25 15:40:00+00:00,8455.0,8460.5,8455.0,8460.5,199
2026-08-25 15:45:00+00:00,8460.5,8462.0,8456.5,8457.0,141
2026-08-25 15:50:00+00:00,8457.0,8460.5,8456.0,8459.5,60
2026-08-25 15:55:00+00:00,8460.0,8463.5,8460.0,8461.5,71
2026-08-25 16:00:00+00:00,8461.0,8462.0,8459.0,8459.5,81
2026-08-25 16:05:00+00:00,8459.5,8460.5,8457.0,8457.0,18
2026-08-25 16:10:00+00:00,8458.0,8458.5,8457.0,8458.0,30
2026-08-25 16:15:00+00:00,8458.5,8459.0,8457.0,8457.5,28
2026-08-25 16:20:00+00:00,8457.5,8459.0,8457.5,8458.5,109
2026-08-25 16:25:00+00:00,8458.5,8461.5,8457.0,8458.0,118
2026-08-25 16:30:00+00:00,8457.5,8458.5,8457.0,8458.0,22
2026-08-25 16:35:00+00:00,8458.0,8459.0,8456.0,8458.0,78
2026-08-25 16:40:00+00:00,8459.0,8460.5,8458.5,8458.5,32
2026-08-25 16:45:00+00:00,8458.0,8458.5,8456.5,8457.0,24
2026-08-25 16:50:00+00:00,8458.5,8458.5,8457.5,8458.0,23
2026-08-25 16:55:00+00:00,8457.5,8463.0,8457.5,8460.5,97
2026-08-25 17:00:00+00:00,8460.5,8460.5,8455.5,8455.5,56
2026-08-25 17:05:00+00:00,8456.0,8457.0,8453.5,8455.5,58
2026-08-25 17:10:00+00:00,8455.5,8456.5,8455.0,8455.5,19
2026-08-25 17:15:00+00:00,8455.5,8457.0,8454.5,8457.0,28
2026-08-25 17:20:00+00:00,8456.5,8456.5,8454.0,8454.0,14
2026-08-25 17:25:00+00:00,8454.0,8455.5,8453.5,8455.0,56
2026-08-25 17:30:00+00:00,8455.0,8456.5,8454.5,8456.0,29
2026-08-25 17:35:00+00:00,8455.5,8456.5,8455.0,8456.5,21
2026-08-25 17:40:00+00:00,8456.5,8458.5,8456.0,8458.5,96
2026-08-25 17:45:00+00:00,8458.5,8459.0,8458.0,8459.0,20
2026-08-25 17:50:00+00:00,8459.5,8460.5,8459.0,8460.5,12
2026-08-25 17:55:00+00:00,8460.0,8460.5,8459.0,8460.0,15
2026-08-25 18:00:00+00:00,8459.5,8460.5,8458.5,8459.5,31
2026-08-25 18:05:00+00:00,8459.5,8461.0,8459.5,8461.0,21
2026-08-25 18:10:00+00:00,8460.0,8461.0,8459.5,8459.5,15
2026-08-25 18:15:00+00:00,8459.0,8459.5,8458.5,8459.0,22
2026-08-25 18:20:00+00:00,8459.5,8460.0,8458.5,8458.5,45
2026-08-25 18:25:00+00:00,8459.0,8459.5,8458.5,8459.0,13
2026-08-25 18:30:00+00:00,8459.0,8460.5,8459.0,8460.0,21
2026-08-25 18:35:00+00:00,8460.0,8461.5,8459.5,8460.0,15
2026-08-25 18:40:00+00:00,8460.5,8462.5,8460.0,8461.5,29
2026-08-25 18:45:00+00:00,8463.0,8464.5,8462.5,8464.0,25
2026-08-25 18:50:00+00:00,8464.5,8465.0,8463.5,8464.5,21
2026-08-25 18:55:00+00:00,8464.5,8464.5,8462.5,8463.5,23
2026-08-25 19:00:00+00:00,8463.5,8464.0,8460.5,8460.5,22
2026-08-25 19:05:00+00:00,8460.5,8461.5,8460.5,8461.5,4
2026-08-25 19:10:00+00:00,8461.5,8462.0,8460.0,8460.0,27
2026-08-25 19:15:00+00:00,8460.0,8460.0,8458.5,8459.5,20
2026-08-25 19:20:00+00:00,8459.5,8461.0,8458.5,8461.0,46
2026-08-25 19:25:00+00:00,8461.0,8463.0,8461.0,8461.5,44
2026-08-25 19:30:00+00:00,8462.0,8463.0,8461.5,8462.0,26
2026-08-25 19:35:00+00:00,8463.0,8464.0,8462.0,8464.0,21
2026-08-25 19:40:00+00:00,8464.0,8466.0,8463.5,8464.5,51
2026-08-25 19:45:00+00:00,8463.0,8465.5,8462.0,8464.5,61
2026-08-25 19:50:00+00:00,8464.5,8470.0,8464.5,8469.0,86
2026-08-25 19:55:00+00:00,8469.0,8473.0,8466.0,8471.5,188
2026-08-26 06:00:00+00:00,8470.5,8478.0,8469.5,8471.5,341
2026-08-26 06:05:00+00:00,8471.5,8474.0,8471.0,8473.5,36
2026-08-26 06:10:00+00:00,8472.0,8482.0,8472.0,8480.0,62
2026-08-26 06:15:00+00:00,8480.5,8484.0,8480.0,8483.0,87
2026-08-26 06:20:00+00:00,8483.5,8483.5,8481.5,8482.0,15
2026-08-26 06:25:00+00:00,8482.5,8484.5,8479.5,8481.0,61
2026-08-26 06:30:00+00:00,8481.0,8485.0,8480.0,8485.0,20
2026-08-26 06:35:00+00:00,8484.5,8485.5,8484.0,8485.0,20
2026-08-26 06:40:00+00:00,8486.0,8486.5,8484.5,8485.5,34
2026-08-26 06:45:00+00:00,8485.5,8486.0,8483.0,8483.0,34
2026-08-26 06:50:00+00:00,8482.5,8483.5,8479.5,8479.5,73
2026-08-26 06:55:00+00:00,8480.0,8490.5,8479.0,8483.0,124
2026-08-26 07:00:00+00:00,8482.0,8492.5,8479.5,8490.5,1079
2026-08-26 07:05:00+00:00,8490.0,8493.0,8484.5,8490.0,453
2026-08-26 07:10:00+00:00,8489.5,8492.5,8483.5,8492.5,343
2026-08-26 07:15:00+00:00,8493.0,8495.0,8489.5,8490.5,306
2026-08-26 07:20:00+00:00,8491.0,8494.0,8488.5,8491.5,395
2026-08-26 07:25:00+00:00,8491.5,8496.5,8489.5,8495.5,314
2026-08-26 07:30:00+00:00,8495.0,8504.0,8494.0,8499.0,464
2026-08-26 07:35:00+00:00,8499.5,8501.0,8493.0,8495.0,492
2026-08-26 07:40:00+00:00,8495.5,8498.0,8493.5,8495.5,296
2026-08-26 07:45:00+00:00,8495.5,8500.0,8493.5,8498.5,271
2026-08-26 07:50:00+00:00,8499.0,8500.0,8496.0,8497.0,338
2026-08-26 07:55:00+00:00,8497.0,8502.5,8496.0,8502.5,271
2026-08-26 08:00:00+00:00,8502.0,8503.0,8495.0,8495.0,600
2026-08-26 08:05:00+00:00,8496.0,8497.5,8492.5,8494.0,257
2026-08-26 08:10:00+00:00,8493.5,8497.5,8492.5,8493.5,153
2026-08-26 08:15:00+00:00,8493.5,8496.5,8490.5,8496.0,187
2026-08-26 08:20:00+00:00,8496.5,8498.5,8491.0,8493.5,262
2026-08-26 08:25:00+00:00,8493.0,8494.0,8488.5,8491.0,240
2026-08-26 08:30:00+00:00,8491.0,8493.0,8486.5,8491.5,289
2026-08-26 08:35:00+00:00,8491.0,8495.0,8489.5,8493.5,199
2026-08-26 08:40:00+00:00,8494.0,8500.5,8493.0,8499.5,229
2026-08-26 08:45:00+00:00,8499.5,8500.5,8496.5,8498.5,237
2026-08-26 08:50:00+00:00,8499.0,8500.5,8492.0,8493.0,301
2026-08-26 08:55:00+00:00,8493.5,8494.0,8489.5,8490.5,207
2026-08-26 09:00:00+00:00,8491.0,8496.0,8490.5,8493.0,193
2026-08-26 09:05:00+00:00,8493.5,8493.5,8489.5,8491.0,163
2026-08-26 09:10:00+00:00,8491.5,8495.0,8489.5,8489.5,197
2026-08-26 09:15:00+00:00,8490.0,8491.5,8488.0,8488.5,187
2026-08-26 09:20:00+00:00,8489.0,8490.5,8487.0,8489.5,142
2026-08-26 09:25:00+00:00,8489.5,8491.5,8488.0,8491.5,166
2026-08-26 09:30:00+00:00,8491.0,8494.0,8489.0,8493.0,221
2026-08-26 09:35:00+00:00,8493.5,8499.0,8493.0,8498.5,138
2026-08-26 09:40:00+00:00,8498.5,8498.5,8494.0,8495.5,85
2026-08-26 09:45:00+00:00,8495.0,8496.0,8492.5,8492.5,68
2026-08-26 09:50:00+00:00,8493.0,8495.5,8491.5,8492.5,66
2026-08-26 09:55:00+00:00,8492.0,8493.0,8491.0,8492.0,75
2026-08-26 10:00:00+00:00,8492.0,8494.0,8490.5,8493.0,163
2026-08-26 10:05:00+00:00,8492.5,8493.0,8491.0,8493.0,99
2026-08-26 10:10:00+00:00,8492.0,8492.5,8488.5,8492.5,132
2026-08-26 10:15:00+00:00,8493.5,8496.0,8493.0,8494.5,70
2026-08-26 10:20:00+00:00,8494.0,8494.5,8490.5,8492.0,56
2026-08-26 10:25:00+00:00,8491.5,8492.0,8489.0,8489.5,79
2026-08-26 10:30:00+00:00,8489.0,8494.0,8487.5,8494.0,92
2026-08-26 10:35:00+00:00,8494.0,8497.5,8494.0,8497.0,131
2026-08-26 10:40:00+00:00,8496.5,8496.5,8489.5,8491.0,85
2026-08-26 10:45:00+00:00,8491.5,8494.5,8491.0,8492.5,56
2026-08-26 10:50:00+00:00,8491.5,8491.5,8486.5,8488.5,86
2026-08-26 10:55:00+00:00,8488.0,8488.5,8487.0,8487.5,78
2026-08-26 11:00:00+00:00,8487.5,8487.5,8484.5,8486.0,108
2026-08-26 11:05:00+00:00,8486.0,8489.5,8485.5,8489.5,86
2026-08-26 11:10:00+00:00,8489.5,8494.0,8489.0,8493.5,91
2026-08-26 11:15:00+00:00,8493.5,8500.5,8493.5,8498.5,274
2026-08-26 11:20:00+00:00,8498.0,8501.0,8498.0,8498.5,131
2026-08-26 11:25:00+00:00,8498.0,8502.0,8497.5,8501.0,64
2026-08-26 11:30:00+00:00,8501.0,8503.5,8499.5,8501.0,77
2026-08-26 11:35:00+00:00,8501.5,8502.5,8498.0,8500.0,119
2026-08-26 11:40:00+00:00,8500.5,8502.5,8500.0,8500.5,73
2026-08-26 11:45:00+00:00,8501.0,8502.5,8498.5,8500.0,147
2026-08-26 11:50:00+00:00,8499.5,8504.5,8499.5,8504.0,50
2026-08-26 11:55:00+00:00,8504.0,8506.0,8502.5,8503.5,109
2026-08-26 12:00:00+00:00,8503.0,8509.5,8503.0,8508.5,168
2026-08-26 12:05:00+00:00,8508.5,8512.5,8508.5,8512.5,167
2026-08-26 12:10:00+00:00,8512.0,8512.5,8510.0,8510.0,123
2026-08-26 12:15:00+00:00,8510.0,8515.0,8509.5,8513.5,177
2026-08-26 12:20:00+00:00,8514.0,8516.0,8513.5,8514.0,117
2026-08-26 12:25:00+00:00,8513.5,8515.5,8512.5,8515.5,363
2026-08-26 12:30:00+00:00,8516.0,8517.5,8510.5,8515.5,389
2026-08-26 12:35:00+00:00,8516.0,8519.5,8516.0,8518.5,253
2026-08-26 12:40:00+00:00,8520.0,8521.0,8514.0,8516.5,233
2026-08-26 12:45:00+00:00,8516.5,8518.0,8514.5,8517.5,211
2026-08-26 12:50:00+00:00,8517.5,8518.0,8511.0,8515.5,362
2026-08-26 12:55:00+00:00,8515.5,8516.0,8509.0,8509.5,450
2026-08-26 13:00:00+00:00,8510.0,8513.0,8508.0,8512.5,251
2026-08-26 13:05:00+00:00,8513.5,8515.0,8510.5,8511.0,167
2026-08-26 13:10:00+00:00,8511.5,8513.0,8509.0,8511.0,169
2026-08-26 13:15:00+00:00,8511.5,8516.5,8509.5,8516.0,179
2026-08-26 13:20:00+00:00,8516.0,8517.0,8511.5,8512.0,276
2026-08-26 13:25:00+00:00,8512.0,8513.5,8509.5,8512.5,257
2026-08-26 13:30:00+00:00,8512.5,8516.0,8506.0,8506.0,539
2026-08-26 13:35:00+00:00,8506.5,8510.5,8503.5,8510.5,399
2026-08-26 13:40:00+00:00,8510.5,8513.0,8508.0,8513.0,487
2026-08-26 13:45:00+00:00,8513.5,8519.0,8513.5,8515.0,349
2026-08-26 13:50:00+00:00,8515.0,8515.0,8508.5,8513.5,333
2026-08-26 13:55:00+00:00,8513.5,8514.0,8507.5,8510.0,269
2026-08-26 14:00:00+00:00,8510.0,8515.0,8510.0,8510.5,265
2026-08-26 14:05:00+00:00,8510.5,8511.0,8504.5,8505.0,306
2026-08-26 14:10:00+00:00,8505.5,8509.5,8505.5,8509.5,223
2026-08-26 14:15:00+00:00,8510.0,8512.5,8508.0,8508.5,360
2026-08-26 14:20:00+00:00,8508.5,8508.5,8503.0,8505.0,306
2026-08-26 14:25:00+00:00,8505.5,8510.0,8505.0,8509.0,257
2026-08-26 14:30:00+00:00,8508.5,8509.0,8506.5,8507.0,232
2026-08-26 14:35:00+00:00,8507.0,8507.5,8506.0,8507.5,204
2026-08-26 14:40:00+00:00,8507.5,8507.5,8502.5,8505.5,182
2026-08-26 14:45:00+00:00,8505.0,8506.5,8502.0,8502.5,160
2026-08-26 14:50:00+00:00,8502.0,8504.0,8498.5,8499.5,261
2026-08-26 14:55:00+00:00,8499.0,8499.5,8497.5,8498.0,205
2026-08-26 15:00:00+00:00,8498.0,8504.0,8498.0,8503.0,238
2026-08-26 15:05:00+00:00,8502.5,8504.0,8501.0,8503.0,217
2026-08-26 15:10:00+00:00,8502.5,8502.5,8493.5,8495.0,238
2026-08-26 15:15:00+00:00,8494.5,8494.5,8489.0,8489.0,406
2026-08-26 15:20:00+00:00,8489.0,8489.5,8483.5,8485.0,299
2026-08-26 15:25:00+00:00,8485.5,8488.0,8484.0,8485.0,504
2026-08-26 15:30:00+00:00,8485.5,8487.5,8476.5,8479.0,668
2026-08-26 15:35:00+00:00,8478.5,8487.0,8476.5,8487.0,490
2026-08-26 15:40:00+00:00,8487.5,8488.5,8484.5,8488.5,117
2026-08-26 15:45:00+00:00,8488.5,8489.5,8487.0,8489.0,108
2026-08-26 15:50:00+00:00,8489.5,8489.5,8479.5,8480.5,241
2026-08-26 15:55:00+00:00,8480.0,8483.5,8479.0,8480.0,130
2026-08-26 16:00:00+00:00,8480.5,8480.5,8477.0,8479.0,74
2026-08-26 16:05:00+00:00,8478.5,8480.0,8478.0,8478.5,121
2026-08-26 16:10:00+00:00,8478.0,8478.0,8475.0,8476.0,53
2026-08-26 16:15:00+00:00,8476.5,8477.0,8475.0,8476.5,45
2026-08-26 16:20:00+00:00,8476.0,8477.5,8474.5,8475.5,51
2026-08-26 16:25:00+00:00,8475.0,8476.5,8474.0,8475.5,42
2026-08-26 16:30:00+00:00,8476.0,8477.0,8475.0,8475.5,32
2026-08-26 16:35:00+00:00,8475.0,8475.5,8474.0,8474.0,42
2026-08-26 16:40:00+00:00,8473.5,8474.5,8470.5,8471.5,68
2026-08-26 16:45:00+00:00,8472.0,8473.5,8470.5,8472.5,58
2026-08-26 16:50:00+00:00,8472.5,8473.5,8472.5,8472.5,26
2026-08-26 16:55:00+00:00,8473.5,8476.5,8473.5,8476.0,17
2026-08-26 17:00:00+00:00,8476.5,8478.0,8476.5,8478.0,59
2026-08-26 17:05:00+00:00,8477.0,8479.0,8475.5,8479.0,30
2026-08-26 17:10:00+00:00,8478.5,8479.0,8477.0,8477.0,19
2026-08-26 17:15:00+00:00,8477.5,8479.0,8477.5,8478.5,20
2026-08-26 17:20:00+00:00,8478.5,8480.5,8478.5,8480.5,23
2026-08-26 17:25:00+00:00,8480.5,8480.5,8478.5,8478.5,34
2026-08-26 17:30:00+00:00,8479.0,8479.0,8476.5,8477.5,24
2026-08-26 17:35:00+00:00,8478.0,8478.0,8477.5,8477.5,8
2026-08-26 17:40:00+00:00,8478.0,8478.5,8477.0,8477.5,27
2026-08-26 17:45:00+00:00,8477.0,8477.0,8475.5,8475.5,24
2026-08-26 17:50:00+00:00,8476.0,8476.5,8475.5,8476.5,14
2026-08-26 17:55:00+00:00,8476.5,8477.0,8475.5,8475.5,17
2026-08-26 18:00:00+00:00,8476.0,8476.0,8475.0,8475.0,15
2026-08-26 18:05:00+00:00,8475.5,8476.0,8475.0,8475.5,15
2026-08-26 18:10:00+00:00,8474.5,8475.0,8473.5,8474.0,20
2026-08-26 18:15:00+00:00,8474.0,8475.0,8473.0,8474.5,30
2026-08-26 18:20:00+00:00,8475.0,8475.0,8472.5,8472.5,32
2026-08-26 18:25:00+00:00,8472.5,8473.0,8470.5,8471.0,71
2026-08-26 18:30:00+00:00,8471.0,8471.0,8467.5,8467.5,129
2026-08-26 18:35:00+00:00,8467.5,8470.5,8467.0,8469.0,106
2026-08-26 18:40:00+00:00,8469.0,8470.0,8468.0,8468.5,26
2026-08-26 18:45:00+00:00,8469.0,8471.5,8469.0,8469.5,40
2026-08-26 18:50:00+00:00,8469.5,8471.5,8469.5,8469.5,46
2026-08-26 18:55:00+00:00,8469.5,8469.5,8468.0,8469.5,46
2026-08-26 19:00:00+00:00,8470.0,8475.5,8470.0,8475.5,64
2026-08-26 19:05:00+00:00,8475.0,8475.0,8472.0,8473.5,27
2026-08-26 19:10:00+00:00,8473.0,8474.5,8472.5,8472.5,28
2026-08-26 19:15:00+00:00,8473.0,8474.0,8471.5,8474.0,60
2026-08-26 19:20:00+00:00,8474.5,8474.5,8472.0,8473.0,17
2026-08-26 19:25:00+00:00,8473.5,8475.0,8473.5,8474.0,33
2026-08-26 19:30:00+00:00,8473.5,8474.5,8473.0,8474.5,31
2026-08-26 19:35:00+00:00,8474.0,8476.5,8474.0,8476.5,35
2026-08-26 19:40:00+00:00,8475.0,8477.5,8475.0,8477.0,20
2026-08-26 19:45:00+00:00,8476.5,8477.0,8475.5,8476.0,43
2026-08-26 19:50:00+00:00,8476.5,8476.5,8471.0,8471.0,46
2026-08-26 19:55:00+00:00,8472.5,8474.0,8470.0,8472.0,124
2026-08-27 06:00:00+00:00,8494.0,8495.0,8487.0,8488.0,369
2026-08-27 06:05:00+00:00,8488.0,8488.0,8485.5,8485.5,84
2026-08-27 06:10:00+00:00,8485.5,8486.5,8481.0,8482.0,49
2026-08-27 06:15:00+00:00,8482.5,8483.0,8480.0,8482.0,38
2026-08-27 06:20:00+00:00,8483.0,8483.0,8479.5,8481.0,35
2026-08-27 06:25:00+00:00,8479.0,8480.0,8478.5,8480.0,41
2026-08-27 06:30:00+00:00,8480.0,8483.5,8480.0,8483.5,21
2026-08-27 06:35:00+00:00,8484.0,8486.5,8483.5,8484.0,46
2026-08-27 06:40:00+00:00,8483.5,8484.0,8481.5,8483.5,43
2026-08-27 06:45:00+00:00,8483.0,8485.5,8480.5,8481.0,68
2026-08-27 06:50:00+00:00,8481.0,8481.0,8476.5,8478.5,53
2026-08-27 06:55:00+00:00,8478.5,8484.0,8478.0,8483.0,180
2026-08-27 07:00:00+00:00,8484.0,8484.0,8459.5,8460.0,1208
2026-08-27 07:05:00+00:00,8460.0,8475.5,8456.0,8474.5,490
2026-08-27 07:10:00+00:00,8474.0,8475.0,8457.0,8458.0,302
2026-08-27 07:15:00+00:00,8458.5,8458.5,8449.5,8452.5,471
2026-08-27 07:20:00+00:00,8452.0,8454.0,8448.0,8448.0,295
2026-08-27 07:25:00+00:00,8448.5,8451.5,8447.0,8451.0,305
2026-08-27 07:30:00+00:00,8451.5,8453.5,8447.0,8449.5,228
2026-08-27 07:35:00+00:00,8450.0,8451.5,8443.0,8445.0,304
2026-08-27 07:40:00+00:00,8445.5,8445.5,8437.5,8442.0,270
2026-08-27 07:45:00+00:00,8442.0,8442.5,8439.0,8442.0,172
2026-08-27 07:50:00+00:00,8442.5,8452.0,8442.0,8450.5,224
2026-08-27 07:55:00+00:00,8450.5,8453.5,8448.0,8448.5,206
2026-08-27 08:00:00+00:00,8448.5,8454.5,8448.0,8454.0,284
2026-08-27 08:05:00+00:00,8454.5,8455.0,8447.5,8448.5,293
2026-08-27 08:10:00+00:00,8448.0,8452.0,8447.5,8448.5,230
2026-08-27 08:15:00+00:00,8448.5,8450.0,8444.0,8449.5,160
2026-08-27 08:20:00+00:00,8449.0,8449.5,8441.0,8443.0,234
2026-08-27 08:25:00+00:00,8443.0,8443.0,8433.0,8433.5,340
2026-08-27 08:30:00+00:00,8432.5,8436.5,8425.5,8426.5,319
2026-08-27 08:35:00+00:00,8427.0,8431.0,8416.0,8416.0,1137
2026-08-27 08:40:00+00:00,8416.0,8419.5,8415.5,8418.0,494
2026-08-27 08:45:00+00:00,8417.5,8417.5,8402.5,8404.0,373
2026-08-27 08:50:00+00:00,8404.0,8408.5,8397.5,8398.0,299
2026-08-27 08:55:00+00:00,8397.5,8398.5,8392.5,8396.0,402
2026-08-27 09:00:00+00:00,8395.5,8408.5,8394.0,8408.0,340
2026-08-27 09:05:00+00:00,8408.5,8410.0,8402.5,8409.5,149
2026-08-27 09:10:00+00:00,8409.5,8412.0,8407.5,8407.5,146
2026-08-27 09:15:00+00:00,8407.0,8408.0,8403.0,8407.0,145
2026-08-27 09:20:00+00:00,8407.0,8411.0,8407.0,8409.5,154
2026-08-27 09:25:00+00:00,8409.5,8413.5,8408.0,8413.0,192
2026-08-27 09:30:00+00:00,8413.0,8413.5,8404.0,8405.0,195
2026-08-27 09:35:00+00:00,8405.5,8406.5,8397.5,8399.0,224
2026-08-27 09:40:00+00:00,8399.0,8400.0,8395.5,8396.0,227
2026-08-27 09:45:00+00:00,8396.0,8397.0,8392.0,8393.5,190
2026-08-27 09:50:00+00:00,8394.0,8394.5,8390.0,8390.0,188
2026-08-27 09:55:00+00:00,8390.0,8395.5,8389.0,8394.5,184
2026-08-27 10:00:00+00:00,8394.0,8395.0,8387.5,8391.5,236
2026-08-27 10:05:00+00:00,8391.5,8394.0,8387.5,8391.0,206
2026-08-27 10:10:00+00:00,8391.0,8391.0,8386.5,8387.5,215
2026-08-27 10:15:00+00:00,8387.0,8388.5,8383.0,8383.5,216
2026-08-27 10:20:00+00:00,8384.0,8384.5,8380.5,8381.0,250
2026-08-27 10:25:00+00:00,8380.5,8381.5,8375.0,8379.0,346
2026-08-27 10:30:00+00:00,8378.5,8381.5,8377.0,8378.0,275
2026-08-27 10:35:00+00:00,8377.5,8378.5,8374.0,8375.0,279
2026-08-27 10:40:00+00:00,8375.5,8382.5,8375.5,8381.5,226
2026-08-27 10:45:00+00:00,8382.0,8383.5,8375.5,8375.5,132
2026-08-27 10:50:00+00:00,8376.0,8381.5,8375.5,8381.0,124
2026-08-27 10:55:00+00:00,8380.5,8385.0,8380.0,8385.0,143
2026-08-27 11:00:00+00:00,8384.5,8386.5,8381.0,8384.0,254
2026-08-27 11:05:00+00:00,8384.0,8385.5,8380.5,8385.5,204
2026-08-27 11:10:00+00:00,8385.0,8385.5,8378.0,8380.5,109
2026-08-27 11:15:00+00:00,8380.5,8383.0,8379.5,8383.0,82
2026-08-27 11:20:00+00:00,8384.0,8391.0,8384.0,8390.0,150
2026-08-27 11:25:00+00:00,8391.0,8391.5,8389.5,8390.0,132
2026-08-27 11:30:00+00:00,8390.5,8398.5,8389.0,8394.5,276
2026-08-27 11:35:00+00:00,8394.5,8397.5,8394.0,8396.5,214
2026-08-27 11:40:00+00:00,8396.5,8402.0,8395.5,8402.0,113
2026-08-27 11:45:00+00:00,8400.5,8400.5,8393.5,8393.5,104
2026-08-27 11:50:00+00:00,8394.0,8396.0,8393.5,8394.0,225
2026-08-27 11:55:00+00:00,8394.0,8399.5,8393.5,8399.0,180
2026-08-27 12:00:00+00:00,8399.0,8399.0,8396.0,8397.0,138
2026-08-27 12:05:00+00:00,8396.5,8398.5,8393.5,8393.5,290
2026-08-27 12:10:00+00:00,8393.0,8393.0,8390.5,8390.5,83
2026-08-27 12:15:00+00:00,8390.5,8392.5,8390.5,8390.5,120
2026-08-27 12:20:00+00:00,8391.0,8391.5,8381.0,8381.5,155
2026-08-27 12:25:00+00:00,8381.5,8381.5,8376.5,8378.0,190
2026-08-27 12:30:00+00:00,8378.5,8379.5,8372.5,8379.5,204
2026-08-27 12:35:00+00:00,8379.5,8383.0,8376.0,8377.5,106
2026-08-27 12:40:00+00:00,8377.0,8378.0,8373.5,8373.5,102
2026-08-27 12:45:00+00:00,8374.0,8376.5,8372.0,8372.0,154
2026-08-27 12:50:00+00:00,8372.0,8372.5,8366.0,8366.0,212
2026-08-27 12:55:00+00:00,8366.0,8368.0,8364.5,8365.5,181
2026-08-27 13:00:00+00:00,8365.5,8367.5,8363.0,8367.0,204
2026-08-27 13:05:00+00:00,8367.5,8367.5,8359.5,8362.5,282
2026-08-27 13:10:00+00:00,8362.0,8362.5,8354.5,8355.5,207
2026-08-27 13:15:00+00:00,8355.5,8356.0,8351.0,8351.0,192
2026-08-27 13:20:00+00:00,8350.5,8351.0,8342.5,8345.0,590
2026-08-27 13:25:00+00:00,8345.5,8353.5,8344.5,8352.5,420
2026-08-27 13:30:00+00:00,8353.5,8354.5,8346.5,8347.0,562
2026-08-27 13:35:00+00:00,8347.5,8348.5,8340.0,8342.5,387
2026-08-27 13:40:00+00:00,8342.5,8342.5,8337.0,8339.0,648
2026-08-27 13:45:00+00:00,8339.0,8341.5,8337.0,8341.5,678
2026-08-27 13:50:00+00:00,8341.0,8348.5,8341.0,8345.0,464
2026-08-27 13:55:00+00:00,8345.0,8347.5,8338.5,8339.5,529
2026-08-27 14:00:00+00:00,8339.5,8340.5,8333.0,8340.0,627
2026-08-27 14:05:00+00:00,8340.0,8340.0,8330.5,8332.0,635
2026-08-27 14:10:00+00:00,8332.0,8333.0,8326.5,8329.0,594
2026-08-27 14:15:00+00:00,8329.5,8336.0,8328.5,8333.5,278
2026-08-27 14:20:00+00:00,8333.5,8340.5,8333.5,8339.5,261
2026-08-27 14:25:00+00:00,8339.5,8343.5,8338.5,8341.0,350
2026-08-27 14:30:00+00:00,8341.0,8341.0,8332.5,8334.5,381
2026-08-27 14:35:00+00:00,8335.0,8340.0,8335.0,8338.5,415
2026-08-27 14:40:00+00:00,8339.0,8339.0,8335.0,8338.5,301
2026-08-27 14:45:00+00:00,8338.5,8343.5,8337.5,8341.0,312
2026-08-27 14:50:00+00:00,8341.0,8342.0,8335.0,8336.0,297
2026-08-27 14:55:00+00:00,8336.0,8337.5,8333.0,8337.5,343
2026-08-27 15:00:00+00:00,8337.5,8338.0,8328.0,8328.0,325
2026-08-27 15:05:00+00:00,8328.0,8329.5,8322.5,8322.5,438
2026-08-27 15:10:00+00:00,8323.0,8326.5,8322.0,8323.5,351
2026-08-27 15:15:00+00:00,8323.0,8328.0,8321.5,8327.5,453
2026-08-27 15:20:00+00:00,8328.0,8331.0,8326.0,8330.0,533
2026-08-27 15:25:00+00:00,8330.5,8334.5,8328.0,8330.0,905
2026-08-27 15:30:00+00:00,8330.5,8332.0,8320.0,8331.5,2419
2026-08-27 15:35:00+00:00,8331.5,8334.5,8330.0,8333.0,1253
2026-08-27 15:40:00+00:00,8333.0,8337.5,8332.5,8334.0,334
2026-08-27 15:45:00+00:00,8333.0,8336.5,8330.5,8335.5,228
2026-08-27 15:50:00+00:00,8334.5,8341.5,8334.5,8340.5,103
2026-08-27 15:55:00+00:00,8340.0,8342.0,8339.0,8341.0,65
2026-08-27 16:00:00+00:00,8341.0,8343.0,8339.5,8341.5,63
2026-08-27 16:05:00+00:00,8341.0,8341.0,8339.0,8339.5,65
2026-08-27 16:10:00+00:00,8339.0,8340.0,8337.5,8338.5,47
2026-08-27 16:15:00+00:00,8338.0,8339.0,8337.5,8338.5,72
2026-08-27 16:20:00+00:00,8337.5,8339.0,8334.5,8335.0,98
2026-08-27 16:25:00+00:00,8335.5,8335.5,8334.0,8334.5,33
2026-08-27 16:30:00+00:00,8334.5,8336.5,8334.5,8336.0,59
2026-08-27 16:35:00+00:00,8336.0,8339.0,8336.0,8338.5,54
2026-08-27 16:40:00+00:00,8339.5,8340.0,8339.0,8339.5,33
2026-08-27 16:45:00+00:00,8339.0,8340.5,8339.0,8340.0,34
2026-08-27 16:50:00+00:00,8340.0,8342.0,8339.5,8341.0,29
2026-08-27 16:55:00+00:00,8341.0,8342.0,8340.0,8341.5,47
2026-08-27 17:00:00+00:00,8342.0,8342.5,8341.5,8341.5,55
2026-08-27 17:05:00+00:00,8340.5,8341.0,8338.5,8341.0,34
2026-08-27 17:10:00+00:00,8341.5,8342.5,8340.5,8341.0,19
2026-08-27 17:15:00+00:00,8341.0,8342.0,8341.0,8341.5,24
2026-08-27 17:20:00+00:00,8341.5,8341.5,8340.0,8341.5,15
2026-08-27 17:25:00+00:00,8340.5,8340.5,8339.5,8339.5,24
2026-08-27 17:30:00+00:00,8339.5,8342.0,8339.5,8341.0,63
2026-08-27 17:35:00+00:00,8340.0,8343.0,8340.0,8342.0,50
2026-08-27 17:40:00+00:00,8342.0,8343.0,8338.5,8339.0,58
2026-08-27 17:45:00+00:00,8339.0,8340.0,8338.0,8339.0,104
2026-08-27 17:50:00+00:00,8339.0,8339.5,8338.0,8339.0,32
2026-08-27 17:55:00+00:00,8339.5,8341.0,8338.5,8338.5,39
2026-08-27 18:00:00+00:00,8338.5,8339.0,8336.5,8337.0,49
2026-08-27 18:05:00+00:00,8336.5,8341.0,8336.5,8341.0,52
2026-08-27 18:10:00+00:00,8341.0,8341.5,8339.5,8340.5,58
2026-08-27 18:15:00+00:00,8341.5,8345.0,8341.5,8344.5,75
2026-08-27 18:20:00+00:00,8345.0,8346.0,8343.5,8344.0,115
2026-08-27 18:25:00+00:00,8345.0,8345.5,8342.0,8342.5,61
2026-08-27 18:30:00+00:00,8343.0,8346.0,8343.0,8345.0,87
2026-08-27 18:35:00+00:00,8344.5,8347.0,8344.5,8347.0,38
2026-08-27 18:40:00+00:00,8346.5,8348.0,8346.5,8347.5,31
2026-08-27 18:45:00+00:00,8347.0,8348.0,8346.5,8347.0,45
2026-08-27 18:50:00+00:00,8347.0,8347.0,8345.5,8345.5,28
2026-08-27 18:55:00+00:00,8345.0,8349.0,8345.0,8348.0,61
2026-08-27 19:00:00+00:00,8348.0,8351.0,8348.0,8349.5,51
2026-08-27 19:05:00+00:00,8350.0,8351.0,8348.5,8349.0,71
2026-08-27 19:10:00+00:00,8349.0,8349.5,8348.0,8348.0,27
2026-08-27 19:15:00+00:00,8348.5,8348.5,8347.0,8347.0,29
2026-08-27 19:20:00+00:00,8346.5,8346.5,8344.0,8344.0,22
2026-08-27 19:25:00+00:00,8343.5,8343.5,8340.5,8341.5,86
2026-08-27 19:30:00+00:00,8341.5,8344.0,8341.0,8343.5,60
2026-08-27 19:35:00+00:00,8344.0,8344.5,8343.0,8344.0,24
2026-08-27 19:40:00+00:00,8343.5,8343.5,8341.5,8342.0,36
2026-08-27 19:45:00+00:00,8341.5,8346.0,8341.0,8344.0,116
2026-08-27 19:50:00+00:00,8344.0,8347.5,8344.0,8347.5,105
2026-08-27 19:55:00+00:00,8348.0,8352.0,8347.5,8351.0,194
2026-08-28 06:00:00+00:00,8352.0,8361.0,8348.5,8357.5,330
2026-08-28 06:05:00+00:00,8357.5,8359.5,8356.0,8358.5,75
2026-08-28 06:10:00+00:00,8359.0,8361.5,8358.5,8360.5,89
2026-08-28 06:15:00+00:00,8361.5,8370.0,8361.0,8370.0,189
2026-08-28 06:20:00+00:00,8370.5,8371.5,8366.5,8366.5,103
2026-08-28 06:25:00+00:00,8366.0,8366.5,8363.0,8363.5,93
2026-08-28 06:30:00+00:00,8364.0,8368.5,8363.0,8368.0,147
2026-08-28 06:35:00+00:00,8369.0,8371.5,8366.5,8371.0,101
2026-08-28 06:40:00+00:00,8370.5,8374.5,8369.0,8373.0,81
2026-08-28 06:45:00+00:00,8373.0,8379.5,8373.0,8379.5,67
2026-08-28 06:50:00+00:00,8379.0,8379.0,8375.5,8376.5,81
2026-08-28 06:55:00+00:00,8377.0,8390.0,8376.5,8390.0,162
2026-08-28 07:00:00+00:00,8390.0,8424.5,8389.5,8413.0,2825
2026-08-28 07:05:00+00:00,8413.5,8415.5,8406.5,8410.5,819
2026-08-28 07:10:00+00:00,8410.0,8414.5,8405.5,8413.0,923
2026-08-28 07:15:00+00:00,8413.0,8430.5,8412.5,8427.5,1201
2026-08-28 07:20:00+00:00,8428.0,8428.0,8420.0,8422.0,829
2026-08-28 07:25:00+00:00,8422.0,8422.5,8410.5,8412.0,520
2026-08-28 07:30:00+00:00,8412.5,8420.5,8410.5,8411.5,553
2026-08-28 07:35:00+00:00,8412.0,8415.0,8409.0,8412.5,359
2026-08-28 07:40:00+00:00,8413.0,8421.0,8412.5,8415.0,308
2026-08-28 07:45:00+00:00,8415.5,8420.0,8413.5,8419.5,233
2026-08-28 07:50:00+00:00,8420.0,8421.0,8412.0,8419.0,360
2026-08-28 07:55:00+00:00,8419.5,8419.5,8410.0,8410.0,280
2026-08-28 08:00:00+00:00,8409.5,8422.5,8408.0,8420.0,402
2026-08-28 08:05:00+00:00,8419.0,8426.0,8418.5,8424.0,239
2026-08-28 08:10:00+00:00,8424.0,8425.5,8420.5,8425.0,268
2026-08-28 08:15:00+00:00,8425.0,8426.5,8419.5,8419.5,244
2026-08-28 08:20:00+00:00,8419.5,8424.0,8418.5,8419.5,227
2026-08-28 08:25:00+00:00,8420.0,8426.0,8420.0,8426.0,332
2026-08-28 08:30:00+00:00,8426.0,8428.5,8423.0,8426.5,269
2026-08-28 08:35:00+00:00,8426.0,8426.5,8423.0,8424.0,195
2026-08-28 08:40:00+00:00,8423.5,8426.0,8423.0,8424.0,204
2026-08-28 08:45:00+00:00,8423.5,8423.5,8418.5,8420.0,275
2026-08-28 08:50:00+00:00,8420.5,8422.0,8416.5,8420.5,516
2026-08-28 08:55:00+00:00,8420.5,8422.5,8419.0,8421.5,213
2026-08-28 09:00:00+00:00,8422.0,8423.0,8419.5,8421.5,181
2026-08-28 09:05:00+00:00,8421.0,8427.5,8420.0,8425.0,243
2026-08-28 09:10:00+00:00,8424.5,8424.5,8418.0,8418.0,172
2026-08-28 09:15:00+00:00,8417.5,8422.0,8417.0,8417.5,197
2026-08-28 09:20:00+00:00,8417.0,8419.5,8414.5,8415.5,191
2026-08-28 09:25:00+00:00,8415.5,8417.5,8414.0,8414.5,149
2026-08-28 09:30:00+00:00,8414.5,8417.0,8412.0,8415.0,209
2026-08-28 09:35:00+00:00,8414.5,8417.5,8413.0,8417.5,195
2026-08-28 09:40:00+00:00,8418.0,8420.0,8415.5,8420.0,210
2026-08-28 09:45:00+00:00,8419.0,8421.5,8418.0,8421.5,188
2026-08-28 09:50:00+00:00,8422.0,8424.5,8420.5,8422.0,173
2026-08-28 09:55:00+00:00,8422.0,8422.0,8417.5,8419.0,230
2026-08-28 10:00:00+00:00,8419.5,8421.0,8416.5,8418.5,209
2026-08-28 10:05:00+00:00,8419.0,8419.5,8416.0,8417.0,192
2026-08-28 10:10:00+00:00,8417.0,8419.0,8411.0,8415.0,138
2026-08-28 10:15:00+00:00,8415.5,8417.0,8412.5,8412.5,161
2026-08-28 10:20:00+00:00,8412.5,8418.5,8411.5,8418.5,130
2026-08-28 10:25:00+00:00,8417.5,8418.5,8415.5,8416.0,191
2026-08-28 10:30:00+00:00,8415.5,8419.5,8415.5,8417.0,173
2026-08-28 10:35:00+00:00,8416.0,8419.5,8416.0,8419.0,153
2026-08-28 10:40:00+00:00,8419.0,8419.5,8412.5,8412.5,162
2026-08-28 10:45:00+00:00,8412.0,8412.0,8404.0,8406.5,271
2026-08-28 10:50:00+00:00,8405.5,8407.5,8405.0,8405.5,151
2026-08-28 10:55:00+00:00,8405.5,8407.0,8404.0,8404.5,119
2026-08-28 11:00:00+00:00,8404.5,8411.0,8404.5,8410.5,232
2026-08-28 11:05:00+00:00,8411.5,8413.0,8409.5,8411.5,168
2026-08-28 11:10:00+00:00,8411.0,8417.5,8410.5,8417.5,145
2026-08-28 11:15:00+00:00,8418.0,8418.5,8414.0,8414.5,148
2026-08-28 11:20:00+00:00,8414.5,8418.0,8414.5,8416.0,136
2026-08-28 11:25:00+00:00,8415.5,8417.5,8412.0,8413.0,159
2026-08-28 11:30:00+00:00,8413.0,8419.0,8413.0,8415.5,143
2026-08-28 11:35:00+00:00,8415.0,8416.5,8414.5,8415.5,171
2026-08-28 11:40:00+00:00,8415.0,8415.5,8411.0,8412.5,127
2026-08-28 11:45:00+00:00,8413.0,8416.0,8412.5,8414.5,201
2026-08-28 11:50:00+00:00,8415.0,8416.0,8412.0,8414.5,119
2026-08-28 11:55:00+00:00,8414.0,8415.0,8412.0,8413.5,123
2026-08-28 12:00:00+00:00,8414.0,8415.0,8413.0,8414.5,121
2026-08-28 12:05:00+00:00,8414.0,8418.0,8414.0,8416.0,161
2026-08-28 12:10:00+00:00,8415.5,8416.5,8413.0,8416.0,138
2026-08-28 12:15:00+00:00,8416.5,8422.0,8416.0,8420.5,183
2026-08-28 12:20:00+00:00,8420.0,8420.5,8417.0,8418.5,139
2026-08-28 12:25:00+00:00,8419.0,8420.0,8417.5,8419.5,151
2026-08-28 12:30:00+00:00,8419.5,8422.5,8418.5,8421.0,186
2026-08-28 12:35:00+00:00,8421.0,8422.5,8418.5,8418.5,215
2026-08-28 12:40:00+00:00,8418.5,8418.5,8413.0,8414.5,157
2026-08-28 12:45:00+00:00,8414.5,8420.0,8413.5,8419.5,149
2026-08-28 12:50:00+00:00,8419.5,8424.0,8419.5,8423.0,249
2026-08-28 12:55:00+00:00,8423.5,8423.5,8418.5,8421.0,232
2026-08-28 13:00:00+00:00,8420.5,8426.5,8420.5,8426.0,253
2026-08-28 13:05:00+00:00,8425.5,8429.5,8422.0,8422.0,190
2026-08-28 13:10:00+00:00,8422.5,8422.5,8416.0,8417.0,191
2026-08-28 13:15:00+00:00,8417.0,8417.0,8414.0,8416.0,171
2026-08-28 13:20:00+00:00,8416.0,8419.5,8415.0,8417.5,235
2026-08-28 13:25:00+00:00,8418.0,8423.0,8418.0,8422.5,276
2026-08-28 13:30:00+00:00,8422.5,8427.0,8418.5,8422.0,589
2026-08-28 13:35:00+00:00,8422.0,8425.0,8417.0,8419.0,292
2026-08-28 13:40:00+00:00,8419.5,8421.0,8413.0,8413.0,283
2026-08-28 13:45:00+00:00,8413.0,8418.5,8411.5,8416.5,373
2026-08-28 13:50:00+00:00,8417.0,8419.5,8413.5,8414.0,216
2026-08-28 13:55:00+00:00,8414.0,8418.5,8410.0,8410.0,292
2026-08-28 14:00:00+00:00,8411.5,8427.0,8409.5,8411.0,517
2026-08-28 14:05:00+00:00,8411.0,8417.0,8410.0,8415.5,394
2026-08-28 14:10:00+00:00,8415.0,8418.0,8411.0,8414.0,329
2026-08-28 14:15:00+00:00,8415.0,8419.0,8414.5,8416.0,248
2026-08-28 14:20:00+00:00,8416.5,8420.0,8414.5,8418.5,397
2026-08-28 14:25:00+00:00,8418.5,8418.5,8409.5,8414.0,252
2026-08-28 14:30:00+00:00,8414.0,8423.5,8414.0,8423.5,270
2026-08-28 14:35:00+00:00,8424.0,8426.5,8421.5,8424.0,262
2026-08-28 14:40:00+00:00,8424.5,8426.0,8422.0,8423.0,248
2026-08-28 14:45:00+00:00,8423.0,8424.0,8418.5,8419.5,248
2026-08-28 14:50:00+00:00,8419.0,8432.5,8418.5,8432.0,559
2026-08-28 14:55:00+00:00,8432.0,8437.0,8430.5,8432.0,509
2026-08-28 15:00:00+00:00,8432.0,8435.5,8421.5,8422.0,562
2026-08-28 15:05:00+00:00,8422.5,8431.5,8419.5,8430.5,438
2026-08-28 15:10:00+00:00,8430.5,8434.5,8429.0,8431.5,505
2026-08-28 15:15:00+00:00,8432.0,8436.0,8430.0,8434.5,593
2026-08-28 15:20:00+00:00,8434.0,8436.0,8428.5,8430.5,509
2026-08-28 15:25:00+00:00,8430.0,8430.0,8425.5,8429.0,729
2026-08-28 15:30:00+00:00,8429.0,8430.5,8411.0,8415.0,2427
2026-08-28 15:35:00+00:00,8415.0,8421.0,8414.0,8418.5,1374
2026-08-28 15:40:00+00:00,8418.5,8420.0,8415.0,8418.0,191
2026-08-28 15:45:00+00:00,8417.5,8422.0,8417.5,8418.0,210
2026-08-28 15:50:00+00:00,8418.0,8418.0,8412.5,8417.5,152
2026-08-28 15:55:00+00:00,8417.5,8418.0,8410.5,8412.5,168
2026-08-28 16:00:00+00:00,8412.0,8418.5,8410.5,8416.0,171
2026-08-28 16:05:00+00:00,8416.0,8418.5,8415.5,8417.5,62
2026-08-28 16:10:00+00:00,8417.5,8418.5,8413.5,8413.5,257
2026-08-28 16:15:00+00:00,8413.5,8414.5,8408.5,8410.0,126
2026-08-28 16:20:00+00:00,8410.0,8411.0,8406.0,8407.5,132
2026-08-28 16:25:00+00:00,8407.0,8411.0,8406.5,8411.0,71
2026-08-28 16:30:00+00:00,8410.0,8414.5,8410.0,8411.5,50
2026-08-28 16:35:00+00:00,8410.5,8417.0,8410.5,8417.0,57
2026-08-28 16:40:00+00:00,8416.5,8417.0,8413.5,8414.0,31
2026-08-28 16:45:00+00:00,8415.0,8419.0,8415.0,8418.0,35
2026-08-28 16:50:00+00:00,8418.0,8419.0,8416.5,8417.0,32
2026-08-28 16:55:00+00:00,8417.0,8418.0,8415.5,8415.5,41
2026-08-28 17:00:00+00:00,8415.0,8415.0,8410.5,8412.0,54
2026-08-28 17:05:00+00:00,8412.0,8413.0,8410.5,8410.5,73
2026-08-28 17:10:00+00:00,8410.0,8415.5,8409.5,8415.0,65
2026-08-28 17:15:00+00:00,8415.5,8416.0,8413.5,8415.0,62
2026-08-28 17:20:00+00:00,8414.5,8414.5,8411.5,8414.5,27
2026-08-28 17:25:00+00:00,8414.5,8416.0,8413.5,8413.5,31
2026-08-28 17:30:00+00:00,8412.5,8417.5,8412.5,8417.5,34
2026-08-28 17:35:00+00:00,8417.0,8417.5,8413.5,8413.5,44
2026-08-28 17:40:00+00:00,8415.0,8416.0,8414.0,8415.0,41
2026-08-28 17:45:00+00:00,8415.0,8418.5,8415.0,8418.5,39
2026-08-28 17:50:00+00:00,8418.0,8419.0,8417.5,8417.5,24
2026-08-28 17:55:00+00:00,8417.5,8417.5,8415.5,8417.0,40
2026-08-28 18:00:00+00:00,8416.5,8418.5,8416.0,8418.5,43
2026-08-28 18:05:00+00:00,8418.5,8420.0,8417.0,8418.0,56
2026-08-28 18:10:00+00:00,8418.5,8419.5,8416.0,8416.0,43
2026-08-28 18:15:00+00:00,8415.5,8417.0,8415.5,8416.5,50
2026-08-28 18:20:00+00:00,8416.5,8416.5,8414.0,8414.0,38
2026-08-28 18:25:00+00:00,8413.5,8415.0,8413.5,8414.0,42
2026-08-28 18:30:00+00:00,8414.0,8415.5,8413.5,8415.5,46
2026-08-28 18:35:00+00:00,8415.5,8415.5,8412.5,8413.0,33
2026-08-28 18:40:00+00:00,8413.5,8413.5,8412.0,8413.0,29
2026-08-28 18:45:00+00:00,8413.0,8413.0,8411.5,8411.5,23
2026-08-28 18:50:00+00:00,8411.5,8412.5,8411.0,8412.5,35
2026-08-28 18:55:00+00:00,8412.5,8415.0,8412.0,8414.0,32
2026-08-28 19:00:00+00:00,8414.5,8415.5,8413.0,8414.5,62
2026-08-28 19:05:00+00:00,8414.0,8417.5,8414.0,8417.0,27
2026-08-28 19:10:00+00:00,8417.0,8417.0,8415.0,8415.0,16
2026-08-28 19:15:00+00:00,8416.0,8417.0,8415.0,8417.0,15
2026-08-28 19:20:00+00:00,8417.0,8418.5,8415.0,8416.5,25
2026-08-28 19:25:00+00:00,8416.5,8417.0,8416.5,8416.5,11
2026-08-28 19:30:00+00:00,8416.0,8417.0,8415.0,8416.0,10
2026-08-28 19:35:00+00:00,8415.0,8415.5,8413.5,8415.0,21
2026-08-28 19:40:00+00:00,8415.0,8416.5,8414.5,8416.5,28
2026-08-28 19:45:00+00:00,8416.0,8416.0,8412.5,8415.0,55
2026-08-28 19:50:00+00:00,8414.5,8417.0,8414.5,8417.0,64
2026-08-28 19:55:00+00:00,8417.5,8419.0,8413.0,8414.5,193
2026-08-31 06:00:00+00:00,8422.0,8422.0,8402.0,8404.5,197
2026-08-31 06:05:00+00:00,8404.5,8415.0,8402.0,8412.0,176
2026-08-31 06:10:00+00:00,8413.5,8418.5,8413.5,8416.0,48
2026-08-31 06:15:00+00:00,8417.5,8421.0,8417.5,8420.0,46
2026-08-31 06:20:00+00:00,8420.0,8422.5,8420.0,8421.5,25
2026-08-31 06:25:00+00:00,8420.5,8421.0,8418.0,8421.0,18
2026-08-31 06:30:00+00:00,8421.0,8421.0,8419.0,8419.5,40
2026-08-31 06:35:00+00:00,8419.5,8422.5,8419.5,8422.0,29
2026-08-31 06:40:00+00:00,8421.5,8421.5,8419.5,8421.0,23
2026-08-31 06:45:00+00:00,8422.0,8423.5,8419.0,8419.5,82
2026-08-31 06:50:00+00:00,8419.5,8422.5,8417.0,8422.5,53
2026-08-31 06:55:00+00:00,8423.0,8437.0,8423.0,8433.0,264
2026-08-31 07:00:00+00:00,8432.5,8433.0,8416.5,8431.5,1298
2026-08-31 07:05:00+00:00,8431.5,8438.0,8429.5,8431.5,577
2026-08-31 07:10:00+00:00,8431.0,8435.0,8429.5,8434.0,352
2026-08-31 07:15:00+00:00,8435.0,8441.0,8434.5,8440.0,436
2026-08-31 07:20:00+00:00,8440.5,8441.0,8430.5,8432.5,329
2026-08-31 07:25:00+00:00,8433.0,8436.5,8428.5,8428.5,360
2026-08-31 07:30:00+00:00,8428.0,8429.5,8422.5,8427.0,333
2026-08-31 07:35:00+00:00,8427.0,8432.5,8426.0,8427.0,292
2026-08-31 07:40:00+00:00,8426.5,8426.5,8423.0,8424.5,230
2026-08-31 07:45:00+00:00,8424.5,8427.5,8423.0,8426.5,352
2026-08-31 07:50:00+00:00,8426.0,8426.5,8416.0,8420.0,259
2026-08-31 07:55:00+00:00,8420.0,8424.0,8419.0,8424.0,244
2026-08-31 08:00:00+00:00,8424.0,8431.0,8422.0,8425.0,487
2026-08-31 08:05:00+00:00,8425.5,8428.5,8423.5,8425.5,247
2026-08-31 08:10:00+00:00,8425.5,8425.5,8415.5,8416.5,199
2026-08-31 08:15:00+00:00,8416.5,8420.0,8415.5,8419.5,208
2026-08-31 08:20:00+00:00,8419.5,8419.5,8415.5,8419.5,224
2026-08-31 08:25:00+00:00,8419.0,8421.0,8415.5,8420.5,190
2026-08-31 08:30:00+00:00,8420.5,8426.0,8420.0,8426.0,203
2026-08-31 08:35:00+00:00,8425.5,8426.5,8422.0,8422.0,192
2026-08-31 08:40:00+00:00,8422.0,8423.0,8418.0,8419.5,191
2026-08-31 08:45:00+00:00,8419.5,8427.0,8419.5,8427.0,154
2026-08-31 08:50:00+00:00,8427.0,8428.0,8424.0,8427.0,163
2026-08-31 08:55:00+00:00,8427.0,8427.0,8423.0,8424.5,185
2026-08-31 09:00:00+00:00,8423.5,8424.0,8417.0,8418.5,232
2026-08-31 09:05:00+00:00,8417.5,8420.5,8416.0,8418.0,156
2026-08-31 09:10:00+00:00,8418.0,8419.0,8414.5,8419.0,199
2026-08-31 09:15:00+00:00,8419.0,8419.5,8417.0,8419.0,117
2026-08-31 09:20:00+00:00,8419.0,8419.5,8414.0,8415.0,132
2026-08-31 09:25:00+00:00,8414.5,8415.5,8412.0,8415.5,133
2026-08-31 09:30:00+00:00,8416.0,8420.5,8415.5,8420.5,150
2026-08-31 09:35:00+00:00,8420.5,8421.0,8416.5,8417.0,111
2026-08-31 09:40:00+00:00,8417.0,8417.5,8413.5,8417.5,97
2026-08-31 09:45:00+00:00,8417.5,8418.5,8411.5,8412.0,105
2026-08-31 09:50:00+00:00,8412.5,8413.5,8411.0,8413.5,89
2026-08-31 09:55:00+00:00,8414.0,8414.0,8411.5,8413.0,112
2026-08-31 10:00:00+00:00,8413.0,8414.0,8411.0,8413.0,181
2026-08-31 10:05:00+00:00,8412.5,8413.5,8407.5,8407.5,178
2026-08-31 10:10:00+00:00,8407.5,8408.0,8403.0,8403.5,156
2026-08-31 10:15:00+00:00,8404.0,8405.5,8401.5,8404.0,157
2026-08-31 10:20:00+00:00,8404.0,8404.5,8401.0,8403.5,146
2026-08-31 10:25:00+00:00,8403.5,8408.5,8403.5,8405.5,164
2026-08-31 10:30:00+00:00,8404.5,8406.5,8403.0,8406.5,113
2026-08-31 10:35:00+00:00,8407.0,8409.5,8406.0,8408.5,77
2026-08-31 10:40:00+00:00,8408.5,8411.0,8408.5,8410.5,76
2026-08-31 10:45:00+00:00,8410.5,8413.5,8410.0,8412.5,94
2026-08-31 10:50:00+00:00,8413.5,8416.5,8412.0,8412.5,103
2026-08-31 10:55:00+00:00,8412.5,8413.5,8410.5,8413.5,94
2026-08-31 11:00:00+00:00,8414.0,8423.5,8414.0,8422.0,247
2026-08-31 11:05:00+00:00,8422.0,8425.0,8420.5,8420.5,170
2026-08-31 11:10:00+00:00,8421.5,8424.0,8421.0,8424.0,136
2026-08-31 11:15:00+00:00,8424.0,8426.5,8424.0,8426.5,112
2026-08-31 11:20:00+00:00,8426.0,8429.0,8425.5,8427.5,105
2026-08-31 11:25:00+00:00,8427.5,8428.5,8426.0,8428.0,101
2026-08-31 11:30:00+00:00,8428.5,8430.0,8427.5,8427.5,87
2026-08-31 11:35:00+00:00,8427.0,8428.0,8424.0,8424.0,85
2026-08-31 11:40:00+00:00,8425.0,8428.0,8420.0,8424.5,103
2026-08-31 11:45:00+00:00,8424.5,8427.0,8423.5,8426.0,63
2026-08-31 11:50:00+00:00,8426.0,8429.0,8426.0,8428.5,130
2026-08-31 11:55:00+00:00,8429.0,8430.5,8428.5,8429.5,83
2026-08-31 12:00:00+00:00,8429.5,8435.0,8429.0,8429.5,259
2026-08-31 12:05:00+00:00,8430.0,8432.0,8420.5,8430.0,599
2026-08-31 12:10:00+00:00,8430.0,8431.0,8428.0,8431.0,186
2026-08-31 12:15:00+00:00,8431.0,8433.0,8429.5,8432.0,124
2026-08-31 12:20:00+00:00,8432.0,8433.0,8427.0,8427.0,110
2026-08-31 12:25:00+00:00,8427.0,8427.0,8419.0,8424.5,321
2026-08-31 12:30:00+00:00,8425.0,8430.0,8421.5,8430.0,137
2026-08-31 12:35:00+00:00,8430.5,8433.5,8428.0,8428.0,259
2026-08-31 12:40:00+00:00,8428.0,8429.0,8425.5,8426.0,80
2026-08-31 12:45:00+00:00,8425.5,8425.5,8418.0,8418.5,115
2026-08-31 12:50:00+00:00,8418.5,8418.5,8415.0,8415.5,108
2026-08-31 12:55:00+00:00,8415.5,8418.0,8415.0,8417.5,68
2026-08-31 13:00:00+00:00,8417.0,8422.0,8415.5,8420.5,227
2026-08-31 13:05:00+00:00,8420.5,8425.5,8420.0,8423.0,154
2026-08-31 13:10:00+00:00,8423.0,8429.5,8423.0,8429.5,138
2026-08-31 13:15:00+00:00,8429.5,8431.0,8429.0,8429.5,99
2026-08-31 13:20:00+00:00,8429.5,8430.5,8424.0,8424.5,86
2026-08-31 13:25:00+00:00,8424.0,8424.0,8419.0,8422.0,209
2026-08-31 13:30:00+00:00,8421.5,8422.0,8409.5,8412.5,314
2026-08-31 13:35:00+00:00,8412.0,8414.5,8407.5,8408.5,280
2026-08-31 13:40:00+00:00,8407.5,8409.5,8403.0,8404.0,137
2026-08-31 13:45:00+00:00,8404.5,8406.5,8398.5,8399.0,350
2026-08-31 13:50:00+00:00,8399.5,8399.5,8390.5,8396.0,292
2026-08-31 13:55:00+00:00,8395.5,8406.0,8395.0,8406.0,290
2026-08-31 14:00:00+00:00,8406.5,8410.0,8405.5,8408.0,325
2026-08-31 14:05:00+00:00,8408.0,8409.0,8401.0,8401.5,283
2026-08-31 14:10:00+00:00,8401.0,8402.0,8398.5,8402.0,163
2026-08-31 14:15:00+00:00,8401.5,8402.5,8395.5,8395.5,213
2026-08-31 14:20:00+00:00,8395.5,8396.5,8387.0,8387.0,197
2026-08-31 14:25:00+00:00,8387.5,8388.5,8385.5,8385.5,220
2026-08-31 14:30:00+00:00,8386.0,8390.0,8385.5,8387.0,234
2026-08-31 14:35:00+00:00,8387.0,8391.5,8386.5,8390.0,203
2026-08-31 14:40:00+00:00,8389.5,8391.5,8384.0,8386.5,179
2026-08-31 14:45:00+00:00,8386.5,8387.0,8377.5,8378.0,305
2026-08-31 14:50:00+00:00,8378.0,8379.0,8368.5,8370.0,427
2026-08-31 14:55:00+00:00,8370.0,8376.0,8370.0,8372.0,334
2026-08-31 15:00:00+00:00,8371.5,8379.0,8368.5,8369.5,381
2026-08-31 15:05:00+00:00,8369.5,8371.0,8367.0,8367.0,250
2026-08-31 15:10:00+00:00,8366.5,8367.5,8363.0,8363.0,223
2026-08-31 15:15:00+00:00,8363.0,8363.0,8358.0,8360.0,520
2026-08-31 15:20:00+00:00,8359.5,8364.5,8357.5,8364.5,537
2026-08-31 15:25:00+00:00,8364.5,8369.5,8362.5,8363.5,987
2026-08-31 15:30:00+00:00,8363.5,8366.0,8346.0,8348.0,5143
2026-08-31 15:35:00+00:00,8349.0,8350.5,8341.0,8341.5,1613
2026-08-31 15:40:00+00:00,8342.0,8345.0,8340.5,8342.5,267
2026-08-31 15:45:00+00:00,8342.0,8343.5,8339.0,8342.5,177
2026-08-31 15:50:00+00:00,8343.0,8345.0,8342.5,8344.0,120
2026-08-31 15:55:00+00:00,8344.5,8344.5,8339.0,8339.0,170
2026-08-31 16:00:00+00:00,8339.5,8340.0,8335.0,8338.0,375
2026-08-31 16:05:00+00:00,8337.5,8338.5,8335.5,8336.0,107
2026-08-31 16:10:00+00:00,8336.0,8341.0,8336.0,8337.5,117
2026-08-31 16:15:00+00:00,8338.5,8339.0,8335.5,8337.5,75
2026-08-31 16:20:00+00:00,8337.0,8338.0,8334.0,8334.5,92
2026-08-31 16:25:00+00:00,8335.5,8337.0,8334.5,8336.0,85
2026-08-31 16:30:00+00:00,8336.0,8337.5,8335.0,8335.0,68
2026-08-31 16:35:00+00:00,8334.5,8335.5,8331.0,8331.0,42
2026-08-31 16:40:00+00:00,8330.0,8334.0,8330.0,8332.0,65
2026-08-31 16:45:00+00:00,8332.0,8333.0,8331.0,8332.0,37
2026-08-31 16:50:00+00:00,8332.5,8332.5,8330.5,8330.5,53
2026-08-31 16:55:00+00:00,8330.0,8331.0,8329.5,8330.5,53
2026-08-31 17:00:00+00:00,8329.5,8329.5,8326.0,8326.0,52
2026-08-31 17:05:00+00:00,8327.5,8327.5,8324.5,8324.5,36
2026-08-31 17:10:00+00:00,8324.5,8326.5,8323.5,8325.0,45
2026-08-31 17:15:00+00:00,8325.0,8326.0,8323.0,8323.0,30
2026-08-31 17:20:00+00:00,8323.0,8325.0,8323.0,8323.0,50
2026-08-31 17:25:00+00:00,8322.5,8322.5,8320.5,8321.0,37
2026-08-31 17:30:00+00:00,8321.0,8324.0,8319.5,8322.5,88
2026-08-31 17:35:00+00:00,8322.0,8325.5,8322.0,8324.5,59
2026-08-31 17:40:00+00:00,8324.5,8327.5,8324.5,8327.5,32
2026-08-31 17:45:00+00:00,8327.0,8329.0,8326.0,8329.0,20
2026-08-31 17:50:00+00:00,8328.0,8331.0,8328.0,8331.0,124
2026-08-31 17:55:00+00:00,8331.0,8331.5,8329.5,8330.5,73
2026-08-31 18:00:00+00:00,8331.0,8333.5,8329.0,8332.5,160
2026-08-31 18:05:00+00:00,8332.0,8333.0,8329.5,8329.5,50
2026-08-31 18:10:00+00:00,8329.0,8330.5,8328.0,8330.5,30
2026-08-31 18:15:00+00:00,8331.0,8331.0,8328.5,8329.5,33
2026-08-31 18:20:00+00:00,8329.5,8330.5,8328.5,8330.5,35
2026-08-31 18:25:00+00:00,8330.0,8330.0,8326.0,8326.0,48
2026-08-31 18:30:00+00:00,8326.0,8326.0,8325.5,8326.0,20
2026-08-31 18:35:00+00:00,8325.5,8326.0,8323.0,8323.0,46
2026-08-31 18:40:00+00:00,8323.5,8324.0,8321.5,8324.0,61
2026-08-31 18:45:00+00:00,8324.0,8328.0,8324.0,8328.0,137
2026-08-31 18:50:00+00:00,8328.5,8328.5,8325.5,8326.5,65
2026-08-31 18:55:00+00:00,8326.0,8327.5,8326.0,8327.0,35
2026-08-31 19:00:00+00:00,8327.0,8329.0,8326.5,8327.5,46
2026-08-31 19:05:00+00:00,8326.5,8328.0,8326.0,8326.5,49
2026-08-31 19:10:00+00:00,8326.5,8326.5,8324.0,8325.0,25
2026-08-31 19:15:00+00:00,8324.5,8325.5,8324.0,8325.5,24
2026-08-31 19:20:00+00:00,8326.0,8329.0,8325.5,8328.0,31
2026-08-31 19:25:00+00:00,8327.5,8330.0,8325.5,8329.0,95
2026-08-31 19:30:00+00:00,8329.5,8330.0,8329.0,8330.0,50
2026-08-31 19:35:00+00:00,8330.5,8332.5,8330.5,8331.0,38
2026-08-31 19:40:00+00:00,8330.0,8336.0,8329.5,8335.5,81
2026-08-31 19:45:00+00:00,8335.0,8339.5,8334.0,8339.5,129
2026-08-31 19:50:00+00:00,8340.0,8347.0,8339.5,8347.0,242
2026-08-31 19:55:00+00:00,8346.5,8346.5,8339.5,8344.0,264
2026-09-01 06:00:00+00:00,8361.0,8365.0,8358.0,8363.0,383
2026-09-01 06:05:00+00:00,8363.0,8364.0,8358.0,8358.0,114
2026-09-01 06:10:00+00:00,8358.5,8360.0,8358.0,8358.5,113
2026-09-01 06:15:00+00:00,8358.5,8361.0,8358.0,8359.5,64
2026-09-01 06:20:00+00:00,8360.0,8361.0,8357.5,8359.0,66
2026-09-01 06:25:00+00:00,8360.0,8365.0,8359.5,8360.0,93
2026-09-01 06:30:00+00:00,8360.5,8364.0,8359.0,8361.5,48
2026-09-01 06:35:00+00:00,8362.0,8362.0,8356.5,8360.5,199
2026-09-01 06:40:00+00:00,8361.5,8364.5,8361.0,8364.0,59
2026-09-01 06:45:00+00:00,8364.0,8364.5,8357.5,8358.0,74
2026-09-01 06:50:00+00:00,8358.0,8358.0,8354.5,8354.5,171
2026-09-01 06:55:00+00:00,8355.0,8365.0,8352.5,8361.0,354
2026-09-01 07:00:00+00:00,8361.0,8375.0,8358.5,8365.5,2695
2026-09-01 07:05:00+00:00,8365.0,8367.0,8358.0,8359.0,1585
2026-09-01 07:10:00+00:00,8358.0,8381.0,8358.0,8380.5,1150
2026-09-01 07:15:00+00:00,8380.5,8387.0,8375.5,8383.5,667
2026-09-01 07:20:00+00:00,8383.0,8383.5,8376.0,8377.5,383
2026-09-01 07:25:00+00:00,8377.0,8383.5,8377.0,8379.0,427
2026-09-01 07:30:00+00:00,8379.0,8379.0,8370.0,8370.0,563
2026-09-01 07:35:00+00:00,8370.5,8373.0,8365.5,8366.0,426
2026-09-01 07:40:00+00:00,8367.0,8369.5,8359.5,8359.5,317
2026-09-01 07:45:00+00:00,8359.0,8367.0,8351.5,8365.0,330
2026-09-01 07:50:00+00:00,8364.5,8381.5,8364.0,8380.5,284
2026-09-01 07:55:00+00:00,8381.0,8383.0,8375.0,8380.5,272
2026-09-01 08:00:00+00:00,8381.0,8382.0,8373.5,8380.5,224
2026-09-01 08:05:00+00:00,8381.0,8385.5,8364.0,8365.5,451
2026-09-01 08:10:00+00:00,8364.5,8365.0,8358.5,8365.0,424
2026-09-01 08:15:00+00:00,8365.5,8367.5,8357.5,8361.0,255
2026-09-01 08:20:00+00:00,8361.0,8362.0,8356.0,8356.0,203
2026-09-01 08:25:00+00:00,8356.5,8357.0,8344.0,8344.5,298
2026-09-01 08:30:00+00:00,8345.0,8345.0,8335.5,8337.0,402
2026-09-01 08:35:00+00:00,8336.5,8340.5,8335.5,8338.5,233
2026-09-01 08:40:00+00:00,8338.0,8338.0,8323.5,8323.5,382
2026-09-01 08:45:00+00:00,8323.0,8326.0,8313.0,8317.5,578
2026-09-01 08:50:00+00:00,8317.5,8326.0,8312.5,8325.5,330
2026-09-01 08:55:00+00:00,8325.5,8329.5,8315.0,8315.0,300
2026-09-01 09:00:00+00:00,8315.0,8321.5,8310.5,8320.5,317
2026-09-01 09:05:00+00:00,8321.0,8323.5,8312.0,8313.5,324
2026-09-01 09:10:00+00:00,8314.0,8316.5,8308.5,8310.0,349
2026-09-01 09:15:00+00:00,8309.5,8317.5,8307.0,8317.0,408
2026-09-01 09:20:00+00:00,8316.5,8320.5,8312.5,8312.5,302
2026-09-01 09:25:00+00:00,8313.0,8318.0,8311.5,8318.0,239
2026-09-01 09:30:00+00:00,8318.0,8319.0,8311.0,8312.5,268
2026-09-01 09:35:00+00:00,8313.0,8314.5,8305.5,8306.5,206
2026-09-01 09:40:00+00:00,8305.0,8306.5,8302.0,8303.0,307
2026-09-01 09:45:00+00:00,8303.5,8313.0,8303.5,8308.0,200
2026-09-01 09:50:00+00:00,8307.5,8311.5,8305.5,8305.5,174
2026-09-01 09:55:00+00:00,8305.0,8310.0,8303.5,8308.0,236
2026-09-01 10:00:00+00:00,8309.0,8316.0,8308.5,8310.0,143
2026-09-01 10:05:00+00:00,8310.5,8311.5,8307.0,8311.5,134
2026-09-01 10:10:00+00:00,8311.0,8317.5,8309.5,8317.5,216
2026-09-01 10:15:00+00:00,8318.0,8322.0,8318.0,8320.0,283
2026-09-01 10:20:00+00:00,8320.0,8330.5,8318.5,8325.5,332
2026-09-01 10:25:00+00:00,8325.0,8333.0,8325.0,8326.5,297
2026-09-01 10:30:00+00:00,8326.5,8333.0,8325.5,8331.0,190
2026-09-01 10:35:00+00:00,8330.5,8333.0,8326.5,8326.5,141
2026-09-01 10:40:00+00:00,8326.0,8326.0,8321.0,8322.5,173
2026-09-01 10:45:00+00:00,8324.0,8325.0,8320.0,8321.0,344
2026-09-01 10:50:00+00:00,8321.0,8321.0,8314.0,8315.0,166
2026-09-01 10:55:00+00:00,8315.0,8316.0,8313.0,8315.0,171
2026-09-01 11:00:00+00:00,8315.0,8317.0,8312.0,8313.5,300
2026-09-01 11:05:00+00:00,8312.5,8317.0,8309.5,8317.0,136
2026-09-01 11:10:00+00:00,8317.0,8322.0,8317.0,8319.5,120
2026-09-01 11:15:00+00:00,8320.0,8321.5,8315.5,8316.0,114
2026-09-01 11:20:00+00:00,8315.5,8318.5,8315.0,8315.0,113
2026-09-01 11:25:00+00:00,8314.5,8317.0,8313.5,8317.0,122
2026-09-01 11:30:00+00:00,8317.0,8324.0,8316.5,8319.0,176
2026-09-01 11:35:00+00:00,8318.5,8324.5,8318.5,8324.5,172
2026-09-01 11:40:00+00:00,8324.5,8325.5,8322.0,8324.0,151
2026-09-01 11:45:00+00:00,8324.5,8334.0,8324.5,8332.0,167
2026-09-01 11:50:00+00:00,8331.5,8333.5,8331.0,8331.5,124
2026-09-01 11:55:00+00:00,8330.5,8331.0,8324.0,8325.0,150
2026-09-01 12:00:00+00:00,8325.0,8328.0,8321.0,8325.5,203
2026-09-01 12:05:00+00:00,8325.5,8329.5,8325.5,8327.5,108
2026-09-01 12:10:00+00:00,8328.5,8329.5,8323.5,8329.5,133
2026-09-01 12:15:00+00:00,8330.5,8334.0,8330.0,8332.5,133
2026-09-01 12:20:00+00:00,8331.5,8332.0,8328.0,8329.0,127
2026-09-01 12:25:00+00:00,8329.0,8331.0,8328.0,8330.5,145
2026-09-01 12:30:00+00:00,8330.0,8332.5,8326.5,8332.5,207
2026-09-01 12:35:00+00:00,8332.5,8341.5,8331.5,8338.0,296
2026-09-01 12:40:00+00:00,8337.5,8339.0,8331.5,8331.5,199
2026-09-01 12:45:00+00:00,8332.0,8337.5,8332.0,8334.0,146
2026-09-01 12:50:00+00:00,8333.5,8336.5,8332.5,8336.0,143
2026-09-01 12:55:00+00:00,8335.5,8337.0,8332.5,8336.0,186
2026-09-01 13:00:00+00:00,8337.0,8338.0,8326.5,8326.5,547
2026-09-01 13:05:00+00:00,8326.5,8332.0,8326.0,8326.0,249
2026-09-01 13:10:00+00:00,8325.5,8328.0,8323.0,8325.5,162
2026-09-01 13:15:00+00:00,8325.5,8330.5,8325.0,8330.5,289
2026-09-01 13:20:00+00:00,8330.5,8334.5,8330.0,8330.5,203
2026-09-01 13:25:00+00:00,8330.5,8333.0,8328.5,8331.5,235
2026-09-01 13:30:00+00:00,8332.0,8336.5,8330.0,8333.0,471
2026-09-01 13:35:00+00:00,8332.5,8338.5,8332.0,8336.0,551
2026-09-01 13:40:00+00:00,8335.5,8336.5,8325.0,8330.5,390
2026-09-01 13:45:00+00:00,8329.5,8329.5,8323.5,8326.0,308
2026-09-01 13:50:00+00:00,8326.0,8326.0,8317.0,8317.0,248
2026-09-01 13:55:00+00:00,8317.0,8323.5,8312.0,8323.5,494
2026-09-01 14:00:00+00:00,8321.0,8322.5,8316.0,8318.5,498
2026-09-01 14:05:00+00:00,8318.5,8323.5,8317.0,8323.0,476
2026-09-01 14:10:00+00:00,8322.0,8323.0,8314.0,8321.0,669
2026-09-01 14:15:00+00:00,8321.5,8322.5,8314.0,8315.0,506
2026-09-01 14:20:00+00:00,8315.5,8320.5,8315.0,8315.5,443
2026-09-01 14:25:00+00:00,8315.5,8316.0,8308.5,8309.5,313
2026-09-01 14:30:00+00:00,8309.0,8313.5,8307.5,8313.5,311
2026-09-01 14:35:00+00:00,8313.5,8314.5,8306.5,8308.0,507
2026-09-01 14:40:00+00:00,8307.5,8307.5,8299.0,8301.0,639
2026-09-01 14:45:00+00:00,8301.5,8303.0,8296.0,8296.0,496
2026-09-01 14:50:00+00:00,8295.5,8297.0,8292.0,8294.0,577
2026-09-01 14:55:00+00:00,8293.0,8297.0,8290.5,8294.5,711
2026-09-01 15:00:00+00:00,8294.5,8302.0,8294.0,8298.0,957
2026-09-01 15:05:00+00:00,8297.5,8303.0,8296.5,8298.0,636
2026-09-01 15:10:00+00:00,8298.0,8303.0,8296.0,8300.5,543
2026-09-01 15:15:00+00:00,8300.5,8302.5,8298.5,8301.0,530
2026-09-01 15:20:00+00:00,8301.0,8303.0,8295.5,8301.0,642
2026-09-01 15:25:00+00:00,8301.0,8307.0,8300.5,8306.0,912
2026-09-01 15:30:00+00:00,8306.5,8320.0,8303.5,8317.0,2913
2026-09-01 15:35:00+00:00,8317.0,8320.0,8313.5,8318.5,1085
2026-09-01 15:40:00+00:00,8318.0,8322.0,8315.0,8318.0,321
2026-09-01 15:45:00+00:00,8317.5,8324.0,8317.5,8322.5,216
2026-09-01 15:50:00+00:00,8322.0,8325.5,8322.0,8325.0,109
2026-09-01 15:55:00+00:00,8325.0,8325.0,8322.0,8322.5,134
2026-09-01 16:00:00+00:00,8322.5,8325.0,8321.0,8322.0,79
2026-09-01 16:05:00+00:00,8322.0,8322.5,8319.0,8319.0,87
2026-09-01 16:10:00+00:00,8318.0,8324.0,8316.5,8317.5,71
2026-09-01 16:15:00+00:00,8317.5,8319.0,8314.5,8314.5,74
2026-09-01 16:20:00+00:00,8314.5,8314.5,8304.0,8307.5,192
2026-09-01 16:25:00+00:00,8307.5,8307.5,8301.5,8302.5,216
2026-09-01 16:30:00+00:00,8303.0,8303.0,8298.0,8298.5,146
2026-09-01 16:35:00+00:00,8299.5,8304.5,8298.5,8304.5,107
2026-09-01 16:40:00+00:00,8304.0,8307.5,8301.5,8302.0,67
2026-09-01 16:45:00+00:00,8301.5,8304.5,8301.5,8304.0,33
2026-09-01 16:50:00+00:00,8304.0,8305.5,8302.5,8304.5,31
2026-09-01 16:55:00+00:00,8307.0,8308.0,8305.5,8306.5,24
2026-09-01 17:00:00+00:00,8306.0,8306.0,8303.0,8303.0,48
2026-09-01 17:05:00+00:00,8301.5,8304.0,8301.0,8304.0,33
2026-09-01 17:10:00+00:00,8304.0,8306.0,8303.5,8306.0,41
2026-09-01 17:15:00+00:00,8305.5,8307.0,8300.0,8301.5,69
2026-09-01 17:20:00+00:00,8301.5,8302.5,8300.0,8302.5,63
2026-09-01 17:25:00+00:00,8302.5,8304.0,8295.5,8303.5,227
2026-09-01 17:30:00+00:00,8304.0,8305.0,8302.0,8305.0,32
2026-09-01 17:35:00+00:00,8304.5,8305.0,8302.5,8304.0,44
2026-09-01 17:40:00+00:00,8305.0,8306.0,8304.0,8304.5,29
2026-09-01 17:45:00+00:00,8305.0,8305.0,8302.5,8302.5,33
2026-09-01 17:50:00+00:00,8302.0,8303.5,8302.0,8302.0,39
2026-09-01 17:55:00+00:00,8302.0,8302.5,8300.5,8301.5,24
2026-09-01 18:00:00+00:00,8301.0,8302.5,8296.5,8296.5,77
2026-09-01 18:05:00+00:00,8296.0,8296.5,8295.0,8295.5,61
2026-09-01 18:10:00+00:00,8294.5,8296.5,8293.5,8293.5,50
2026-09-01 18:15:00+00:00,8293.5,8296.0,8293.0,8295.5,29
2026-09-01 18:20:00+00:00,8295.5,8295.5,8293.0,8294.0,39
2026-09-01 18:25:00+00:00,8293.0,8293.0,8289.0,8289.5,38
2026-09-01 18:30:00+00:00,8288.5,8289.0,8287.0,8288.0,68
2026-09-01 18:35:00+00:00,8288.5,8289.0,8284.5,8287.0,47
2026-09-01 18:40:00+00:00,8287.0,8287.0,8282.5,8282.5,57
2026-09-01 18:45:00+00:00,8282.5,8284.5,8279.0,8283.5,69
2026-09-01 18:50:00+00:00,8283.0,8286.5,8282.5,8283.5,69
2026-09-01 18:55:00+00:00,8283.5,8290.0,8282.5,8288.5,85
2026-09-01 19:00:00+00:00,8288.5,8293.5,8288.5,8293.0,42
2026-09-01 19:05:00+00:00,8293.0,8295.5,8293.0,8295.5,51
2026-09-01 19:10:00+00:00,8295.5,8297.5,8295.0,8297.5,32
2026-09-01 19:15:00+00:00,8297.5,8299.0,8294.0,8295.0,78
2026-09-01 19:20:00+00:00,8294.0,8294.5,8293.0,8294.5,19
2026-09-01 19:25:00+00:00,8295.0,8296.0,8293.0,8295.5,26
2026-09-01 19:30:00+00:00,8295.5,8295.5,8290.5,8292.0,23
2026-09-01 19:35:00+00:00,8293.0,8294.5,8291.0,8291.5,30
2026-09-01 19:40:00+00:00,8291.5,8293.5,8290.5,8291.5,32
2026-09-01 19:45:00+00:00,8291.0,8293.0,8289.5,8290.5,62
2026-09-01 19:50:00+00:00,8289.5,8293.0,8288.0,8293.0,82
2026-09-01 19:55:00+00:00,8293.0,8294.5,8289.0,8292.5,182
2026-09-02 06:00:00+00:00,8292.0,8293.0,8286.5,8286.5,246
2026-09-02 06:05:00+00:00,8286.5,8287.5,8283.5,8287.5,58
2026-09-02 06:10:00+00:00,8288.0,8294.0,8286.0,8290.5,72
2026-09-02 06:15:00+00:00,8292.0,8292.0,8286.0,8287.0,44
2026-09-02 06:20:00+00:00,8287.5,8290.5,8287.0,8289.5,64
2026-09-02 06:25:00+00:00,8290.0,8293.5,8285.5,8285.5,89
2026-09-02 06:30:00+00:00,8286.0,8287.5,8283.0,8286.0,64
2026-09-02 06:35:00+00:00,8286.5,8289.5,8283.5,8288.5,55
2026-09-02 06:40:00+00:00,8289.0,8295.0,8289.0,8292.5,52
2026-09-02 06:45:00+00:00,8293.0,8294.5,8292.0,8293.0,51
2026-09-02 06:50:00+00:00,8293.0,8303.0,8292.0,8302.0,127
2026-09-02 06:55:00+00:00,8302.5,8310.0,8302.5,8306.0,309
2026-09-02 07:00:00+00:00,8305.5,8313.5,8303.0,8309.5,1731
2026-09-02 07:05:00+00:00,8309.5,8319.0,8308.5,8316.5,459
2026-09-02 07:10:00+00:00,8316.0,8316.0,8302.0,8302.0,469
2026-09-02 07:15:00+00:00,8302.5,8307.5,8301.0,8302.5,340
2026-09-02 07:20:00+00:00,8302.0,8304.0,8295.0,8296.0,563
2026-09-02 07:25:00+00:00,8296.0,8296.5,8287.0,8291.5,448
2026-09-02 07:30:00+00:00,8291.5,8292.5,8286.5,8292.5,245
2026-09-02 07:35:00+00:00,8292.0,8296.5,8289.0,8290.5,261
2026-09-02 07:40:00+00:00,8292.0,8298.0,8287.5,8297.0,204
2026-09-02 07:45:00+00:00,8297.0,8297.5,8288.5,8289.0,169
2026-09-02 07:50:00+00:00,8289.0,8290.5,8282.0,8289.5,301
2026-09-02 07:55:00+00:00,8289.0,8290.0,8285.5,8287.0,176
2026-09-02 08:00:00+00:00,8287.5,8297.5,8287.0,8297.5,262
2026-09-02 08:05:00+00:00,8297.0,8297.0,8286.5,8287.5,177
2026-09-02 08:10:00+00:00,8287.5,8290.0,8284.0,8286.0,207
2026-09-02 08:15:00+00:00,8285.5,8289.5,8283.0,8284.5,195
2026-09-02 08:20:00+00:00,8284.5,8285.5,8277.0,8280.0,307
2026-09-02 08:25:00+00:00,8280.0,8281.5,8276.5,8279.0,202
2026-09-02 08:30:00+00:00,8279.0,8284.5,8278.5,8281.5,180
2026-09-02 08:35:00+00:00,8281.5,8285.0,8279.5,8279.5,225
2026-09-02 08:40:00+00:00,8279.5,8281.0,8275.0,8280.0,145
2026-09-02 08:45:00+00:00,8280.5,8283.0,8274.5,8274.5,187
2026-09-02 08:50:00+00:00,8274.0,8274.5,8268.0,8269.0,371
2026-09-02 08:55:00+00:00,8269.5,8272.0,8265.5,8267.0,244
2026-09-02 09:00:00+00:00,8267.5,8273.5,8267.5,8268.5,168
2026-09-02 09:05:00+00:00,8269.0,8277.0,8269.0,8276.5,144
2026-09-02 09:10:00+00:00,8276.0,8276.5,8269.0,8269.5,758
2026-09-02 09:15:00+00:00,8269.5,8275.0,8268.5,8274.0,235
2026-09-02 09:20:00+00:00,8273.5,8274.0,8266.5,8266.5,177
2026-09-02 09:25:00+00:00,8267.0,8270.5,8267.0,8268.5,223
2026-09-02 09:30:00+00:00,8267.5,8267.5,8261.5,8261.5,277
2026-09-02 09:35:00+00:00,8261.0,8265.5,8258.5,8262.5,241
2026-09-02 09:40:00+00:00,8263.0,8265.0,8261.0,8263.0,184
2026-09-02 09:45:00+00:00,8263.5,8266.0,8261.0,8262.5,215
2026-09-02 09:50:00+00:00,8262.0,8265.0,8259.5,8265.0,162
2026-09-02 09:55:00+00:00,8265.0,8271.0,8264.0,8265.5,653
2026-09-02 10:00:00+00:00,8265.5,8266.0,8256.0,8258.5,562
2026-09-02 10:05:00+00:00,8258.5,8260.5,8254.5,8258.0,234
2026-09-02 10:10:00+00:00,8258.5,8266.5,8258.0,8266.5,177
2026-09-02 10:15:00+00:00,8266.5,8267.5,8261.5,8261.5,206
2026-09-02 10:20:00+00:00,8262.0,8263.5,8257.5,8260.5,216
2026-09-02 10:25:00+00:00,8259.5,8261.5,8257.5,8259.0,261
2026-09-02 10:30:00+00:00,8259.0,8259.5,8254.5,8257.0,247
2026-09-02 10:35:00+00:00,8256.5,8257.0,8251.0,8252.5,297
2026-09-02 10:40:00+00:00,8252.0,8255.5,8250.0,8255.0,176
2026-09-02 10:45:00+00:00,8254.0,8257.0,8252.5,8257.0,176
2026-09-02 10:50:00+00:00,8257.0,8259.5,8252.5,8259.0,198
2026-09-02 10:55:00+00:00,8257.0,8261.0,8256.5,8261.0,193
2026-09-02 11:00:00+00:00,8260.5,8261.0,8256.0,8258.0,196
2026-09-02 11:05:00+00:00,8258.0,8275.0,8258.0,8270.0,386
2026-09-02 11:10:00+00:00,8269.0,8285.0,8267.5,8283.5,401
2026-09-02 11:15:00+00:00,8283.5,8283.5,8276.0,8279.0,313
2026-09-02 11:20:00+00:00,8278.5,8280.0,8276.0,8278.5,109
2026-09-02 11:25:00+00:00,8278.5,8281.0,8278.0,8279.5,242
2026-09-02 11:30:00+00:00,8280.5,8289.5,8280.0,8288.5,224
2026-09-02 11:35:00+00:00,8289.0,8293.5,8287.5,8291.5,247
2026-09-02 11:40:00+00:00,8291.0,8292.5,8287.0,8289.5,203
2026-09-02 11:45:00+00:00,8289.0,8293.0,8288.0,8292.5,114
2026-09-02 11:50:00+00:00,8292.5,8298.5,8290.5,8298.0,215
2026-09-02 11:55:00+00:00,8297.5,8306.0,8296.5,8306.0,237
2026-09-02 12:00:00+00:00,8306.0,8309.0,8305.0,8307.5,237
2026-09-02 12:05:00+00:00,8308.0,8314.5,8306.5,8306.5,319
2026-09-02 12:10:00+00:00,8306.0,8312.5,8303.5,8312.0,236
2026-09-02 12:15:00+00:00,8312.5,8312.5,8301.5,8301.5,192
2026-09-02 12:20:00+00:00,8301.5,8314.0,8301.0,8308.5,437
2026-09-02 12:25:00+00:00,8308.0,8309.5,8307.0,8308.0,170
2026-09-02 12:30:00+00:00,8308.5,8312.5,8307.0,8310.5,321
2026-09-02 12:35:00+00:00,8311.5,8311.5,8302.5,8304.5,261
2026-09-02 12:40:00+00:00,8304.0,8308.5,8303.5,8305.5,132
2026-09-02 12:45:00+00:00,8306.0,8307.5,8305.0,8307.0,155
2026-09-02 12:50:00+00:00,8307.5,8307.5,8304.0,8304.5,176
2026-09-02 12:55:00+00:00,8304.5,8304.5,8298.0,8300.5,355
2026-09-02 13:00:00+00:00,8300.5,8308.0,8300.0,8305.5,307
2026-09-02 13:05:00+00:00,8306.0,8308.5,8304.5,8307.5,204
2026-09-02 13:10:00+00:00,8308.0,8309.5,8305.5,8307.5,176
2026-09-02 13:15:00+00:00,8307.0,8310.0,8305.0,8310.0,142
2026-09-02 13:20:00+00:00,8309.5,8314.0,8308.0,8310.5,148
2026-09-02 13:25:00+00:00,8310.5,8316.5,8308.5,8311.5,366
2026-09-02 13:30:00+00:00,8311.5,8318.0,8309.5,8310.0,395
2026-09-02 13:35:00+00:00,8310.5,8312.0,8302.5,8304.0,312
2026-09-02 13:40:00+00:00,8303.5,8306.0,8299.0,8306.0,273
2026-09-02 13:45:00+00:00,8305.5,8305.5,8293.0,8294.5,363
2026-09-02 13:50:00+00:00,8295.0,8301.0,8292.0,8301.0,308
2026-09-02 13:55:00+00:00,8301.5,8309.0,8298.0,8308.0,242
2026-09-02 14:00:00+00:00,8307.5,8315.0,8305.0,8313.0,499
2026-09-02 14:05:00+00:00,8313.5,8316.0,8307.0,8308.5,252
2026-09-02 14:10:00+00:00,8308.5,8311.5,8306.5,8310.0,331
2026-09-02 14:15:00+00:00,8310.0,8315.5,8308.0,8315.5,247
2026-09-02 14:20:00+00:00,8316.0,8320.0,8310.0,8311.5,381
2026-09-02 14:25:00+00:00,8311.5,8314.0,8307.5,8307.5,273
2026-09-02 14:30:00+00:00,8307.5,8309.0,8303.0,8306.0,249
2026-09-02 14:35:00+00:00,8306.5,8311.0,8306.0,8308.0,234
2026-09-02 14:40:00+00:00,8307.5,8307.5,8302.5,8303.0,174
2026-09-02 14:45:00+00:00,8302.5,8304.0,8300.5,8302.5,302
2026-09-02 14:50:00+00:00,8302.5,8303.0,8297.0,8298.5,211
2026-09-02 14:55:00+00:00,8298.5,8299.5,8295.0,8296.5,280
2026-09-02 15:00:00+00:00,8297.0,8300.5,8295.0,8298.5,250
2026-09-02 15:05:00+00:00,8297.5,8300.5,8294.5,8296.0,243
2026-09-02 15:10:00+00:00,8296.5,8297.0,8290.0,8291.0,296
2026-09-02 15:15:00+00:00,8291.0,8294.5,8290.5,8293.0,387
2026-09-02 15:20:00+00:00,8293.5,8293.5,8282.5,8288.5,572
2026-09-02 15:25:00+00:00,8288.5,8297.5,8288.5,8296.5,619
2026-09-02 15:30:00+00:00,8297.0,8300.0,8289.5,8291.0,1483
2026-09-02 15:35:00+00:00,8291.5,8293.5,8288.5,8289.0,773
2026-09-02 15:40:00+00:00,8289.0,8291.0,8286.0,8289.0,166
2026-09-02 15:45:00+00:00,8288.5,8289.5,8285.5,8285.5,92
2026-09-02 15:50:00+00:00,8284.5,8288.5,8284.5,8286.0,85
2026-09-02 15:55:00+00:00,8285.0,8287.0,8284.0,8286.0,104
2026-09-02 16:00:00+00:00,8286.5,8290.0,8286.5,8288.5,129
2026-09-02 16:05:00+00:00,8289.0,8291.5,8288.0,8288.0,82
2026-09-02 16:10:00+00:00,8288.5,8290.5,8288.0,8290.0,63
2026-09-02 16:15:00+00:00,8289.0,8291.5,8287.0,8289.0,80
2026-09-02 16:20:00+00:00,8289.0,8289.0,8287.5,8287.5,33
2026-09-02 16:25:00+00:00,8288.0,8289.0,8284.5,8285.5,65
2026-09-02 16:30:00+00:00,8286.0,8288.0,8285.5,8287.0,40
2026-09-02 16:35:00+00:00,8288.0,8289.5,8287.5,8289.5,31
2026-09-02 16:40:00+00:00,8289.0,8289.5,8287.0,8288.0,21
2026-09-02 16:45:00+00:00,8288.5,8289.5,8287.5,8288.5,53
2026-09-02 16:50:00+00:00,8288.5,8291.5,8288.5,8291.0,20
2026-09-02 16:55:00+00:00,8291.0,8292.0,8290.0,8290.0,32
2026-09-02 17:00:00+00:00,8290.5,8295.0,8290.5,8295.0,71
2026-09-02 17:05:00+00:00,8295.0,8295.5,8292.0,8292.0,43
2026-09-02 17:10:00+00:00,8292.5,8294.0,8291.5,8292.5,24
2026-09-02 17:15:00+00:00,8292.5,8293.0,8290.0,8290.0,18
2026-09-02 17:20:00+00:00,8291.0,8291.5,8290.0,8290.5,29
2026-09-02 17:25:00+00:00,8289.5,8290.5,8289.5,8290.5,21
2026-09-02 17:30:00+00:00,8290.5,8291.0,8289.5,8290.0,33
2026-09-02 17:35:00+00:00,8289.5,8292.0,8289.5,8291.5,44
2026-09-02 17:40:00+00:00,8291.0,8296.0,8290.0,8295.5,78
2026-09-02 17:45:00+00:00,8295.0,8302.0,8295.0,8301.0,227
2026-09-02 17:50:00+00:00,8301.5,8302.5,8300.5,8302.5,94
2026-09-02 17:55:00+00:00,8302.0,8305.5,8300.5,8303.5,94
2026-09-02 18:00:00+00:00,8303.5,8303.5,8300.0,8302.5,58
2026-09-02 18:05:00+00:00,8302.5,8303.5,8301.0,8301.5,29
2026-09-02 18:10:00+00:00,8301.5,8303.0,8300.0,8301.5,45
2026-09-02 18:15:00+00:00,8301.5,8307.5,8298.5,8302.0,259
2026-09-02 18:20:00+00:00,8301.5,8303.0,8296.5,8297.0,42
2026-09-02 18:25:00+00:00,8297.5,8297.5,8295.5,8296.5,39
2026-09-02 18:30:00+00:00,8296.5,8298.5,8296.5,8297.0,39
2026-09-02 18:35:00+00:00,8296.0,8296.5,8292.5,8292.5,34
2026-09-02 18:40:00+00:00,8292.5,8292.5,8289.0,8289.0,48
2026-09-02 18:45:00+00:00,8290.0,8291.0,8287.0,8290.0,82
2026-09-02 18:50:00+00:00,8290.0,8291.5,8289.5,8290.5,58
2026-09-02 18:55:00+00:00,8290.5,8290.5,8287.5,8288.5,51
2026-09-02 19:00:00+00:00,8289.0,8289.5,8288.0,8289.0,24
2026-09-02 19:05:00+00:00,8289.5,8289.5,8286.5,8287.5,43
2026-09-02 19:10:00+00:00,8287.5,8291.0,8287.0,8290.0,53
2026-09-02 19:15:00+00:00,8290.5,8291.0,8288.5,8289.5,40
2026-09-02 19:20:00+00:00,8289.0,8290.0,8288.0,8289.5,35
2026-09-02 19:25:00+00:00,8289.5,8291.0,8289.5,8290.5,40
2026-09-02 19:30:00+00:00,8291.0,8292.0,8289.5,8291.0,54
2026-09-02 19:35:00+00:00,8290.5,8293.5,8290.5,8290.5,108
2026-09-02 19:40:00+00:00,8290.0,8295.0,8289.5,8295.0,70
2026-09-02 19:45:00+00:00,8295.0,8295.0,8292.5,8293.5,79
2026-09-02 19:50:00+00:00,8293.0,8296.5,8292.5,8295.5,77
2026-09-02 19:55:00+00:00,8295.0,8298.0,8292.5,8296.5,172
2026-09-03 06:00:00+00:00,8307.0,8307.0,8292.5,8295.5,268
2026-09-03 06:05:00+00:00,8295.0,8299.5,8295.0,8295.5,87
2026-09-03 06:10:00+00:00,8296.0,8296.5,8289.5,8292.5,149
2026-09-03 06:15:00+00:00,8292.0,8294.0,8291.0,8293.5,41
2026-09-03 06:20:00+00:00,8294.0,8296.0,8291.0,8291.0,64
2026-09-03 06:25:00+00:00,8290.0,8290.0,8288.5,8290.0,21
2026-09-03 06:30:00+00:00,8289.5,8291.0,8286.5,8287.5,51
2026-09-03 06:35:00+00:00,8288.0,8288.0,8285.5,8287.0,59
2026-09-03 06:40:00+00:00,8287.5,8289.0,8286.5,8286.5,46
2026-09-03 06:45:00+00:00,8286.0,8287.0,8284.5,8286.0,28
2026-09-03 06:50:00+00:00,8285.5,8285.5,8275.0,8275.0,104
2026-09-03 06:55:00+00:00,8275.0,8288.0,8272.5,8284.5,324
2026-09-03 07:00:00+00:00,8285.0,8292.0,8278.0,8292.0,1446
2026-09-03 07:05:00+00:00,8291.5,8294.0,8282.5,8283.0,361
2026-09-03 07:10:00+00:00,8282.5,8288.0,8278.0,8279.0,378
2026-09-03 07:15:00+00:00,8278.5,8279.0,8271.5,8273.0,331
2026-09-03 07:20:00+00:00,8273.0,8273.5,8266.5,8268.5,288
2026-09-03 07:25:00+00:00,8268.0,8276.0,8260.0,8273.0,466
2026-09-03 07:30:00+00:00,8272.0,8275.5,8269.5,8271.0,342
2026-09-03 07:35:00+00:00,8271.5,8275.0,8267.0,8272.5,258
2026-09-03 07:40:00+00:00,8272.0,8273.0,8267.0,8268.0,306
2026-09-03 07:45:00+00:00,8268.5,8271.0,8261.0,8261.5,346
2026-09-03 07:50:00+00:00,8261.0,8268.0,8258.0,8266.5,342
2026-09-03 07:55:00+00:00,8266.0,8269.0,8264.5,8266.5,207
2026-09-03 08:00:00+00:00,8266.5,8282.0,8266.5,8277.5,752
2026-09-03 08:05:00+00:00,8277.5,8292.0,8277.5,8278.5,674
2026-09-03 08:10:00+00:00,8279.0,8282.0,8276.0,8280.0,302
2026-09-03 08:15:00+00:00,8280.0,8283.0,8278.5,8280.5,265
2026-09-03 08:20:00+00:00,8281.5,8288.0,8279.5,8281.5,279
2026-09-03 08:25:00+00:00,8283.0,8283.5,8279.5,8280.0,311
2026-09-03 08:30:00+00:00,8279.5,8282.0,8278.5,8281.5,239
2026-09-03 08:35:00+00:00,8281.5,8288.5,8279.5,8288.0,193
2026-09-03 08:40:00+00:00,8287.5,8295.5,8287.5,8294.0,293
2026-09-03 08:45:00+00:00,8293.5,8294.0,8285.5,8288.5,152
2026-09-03 08:50:00+00:00,8289.5,8289.5,8280.0,8280.0,224
2026-09-03 08:55:00+00:00,8279.5,8281.5,8277.5,8280.5,174
2026-09-03 09:00:00+00:00,8280.5,8287.5,8280.0,8287.0,126
2026-09-03 09:05:00+00:00,8287.0,8288.0,8279.0,8279.0,178
2026-09-03 09:10:00+00:00,8279.5,8283.0,8278.0,8283.0,206
2026-09-03 09:15:00+00:00,8283.0,8284.5,8274.0,8275.0,136
2026-09-03 09:20:00+00:00,8275.5,8276.0,8273.0,8274.5,98
2026-09-03 09:25:00+00:00,8273.5,8277.0,8271.5,8274.0,167
2026-09-03 09:30:00+00:00,8273.5,8275.5,8272.0,8273.0,166
2026-09-03 09:35:00+00:00,8273.5,8274.0,8270.0,8270.0,99
2026-09-03 09:40:00+00:00,8269.0,8269.5,8266.5,8267.0,98
2026-09-03 09:45:00+00:00,8266.5,8268.5,8264.5,8266.5,90
2026-09-03 09:50:00+00:00,8267.0,8267.0,8260.5,8260.5,396
2026-09-03 09:55:00+00:00,8260.5,8264.0,8258.0,8258.5,140
2026-09-03 10:00:00+00:00,8259.0,8265.5,8258.0,8264.0,170
2026-09-03 10:05:00+00:00,8263.5,8266.0,8260.0,8260.5,108
2026-09-03 10:10:00+00:00,8260.5,8263.5,8258.5,8263.0,400
2026-09-03 10:15:00+00:00,8263.5,8265.0,8259.5,8260.0,188
2026-09-03 10:20:00+00:00,8259.5,8259.5,8256.0,8256.5,186
2026-09-03 10:25:00+00:00,8256.5,8261.0,8256.5,8260.5,147
2026-09-03 10:30:00+00:00,8261.0,8266.0,8259.5,8265.0,157
2026-09-03 10:35:00+00:00,8265.0,8265.0,8259.0,8264.0,248
2026-09-03 10:40:00+00:00,8264.0,8268.5,8263.5,8268.0,158
2026-09-03 10:45:00+00:00,8268.0,8271.0,8267.5,8267.5,239
2026-09-03 10:50:00+00:00,8267.5,8271.5,8267.0,8268.5,279
2026-09-03 10:55:00+00:00,8269.0,8269.5,8262.5,8264.5,224
2026-09-03 11:00:00+00:00,8265.0,8269.0,8262.0,8269.0,716
2026-09-03 11:05:00+00:00,8269.5,8279.0,8268.0,8277.5,480
2026-09-03 11:10:00+00:00,8276.5,8276.5,8268.5,8269.5,537
2026-09-03 11:15:00+00:00,8269.5,8277.0,8268.0,8270.0,712
2026-09-03 11:20:00+00:00,8270.0,8270.5,8266.5,8267.5,386
2026-09-03 11:25:00+00:00,8267.5,8271.5,8266.5,8268.5,252
2026-09-03 11:30:00+00:00,8269.5,8273.0,8262.0,8272.0,954
2026-09-03 11:35:00+00:00,8271.5,8273.5,8268.0,8268.0,337
2026-09-03 11:40:00+00:00,8267.5,8269.0,8264.5,8267.0,287
2026-09-03 11:45:00+00:00,8267.5,8267.5,8255.0,8255.5,383
2026-09-03 11:50:00+00:00,8255.0,8256.0,8252.5,8253.5,432
2026-09-03 11:55:00+00:00,8253.5,8258.0,8252.0,8255.5,238
2026-09-03 12:00:00+00:00,8256.0,8263.5,8255.5,8260.5,307
2026-09-03 12:05:00+00:00,8261.0,8261.5,8257.5,8259.0,224
2026-09-03 12:10:00+00:00,8259.5,8262.0,8256.0,8257.0,258
2026-09-03 12:15:00+00:00,8257.0,8259.5,8251.0,8251.0,302
2026-09-03 12:20:00+00:00,8251.5,8256.0,8249.5,8255.0,353
2026-09-03 12:25:00+00:00,8255.5,8262.5,8255.5,8261.0,240
2026-09-03 12:30:00+00:00,8261.0,8279.0,8261.0,8267.0,606
2026-09-03 12:35:00+00:00,8267.5,8267.5,8259.0,8260.5,229
2026-09-03 12:40:00+00:00,8261.0,8269.0,8260.5,8268.0,159
2026-09-03 12:45:00+00:00,8267.0,8274.5,8265.0,8273.0,328
2026-09-03 12:50:00+00:00,8272.5,8290.5,8272.5,8289.0,367
2026-09-03 12:55:00+00:00,8289.0,8291.0,8286.5,8287.0,295
2026-09-03 13:00:00+00:00,8286.5,8286.5,8282.0,8285.0,326
2026-09-03 13:05:00+00:00,8285.5,8288.0,8284.0,8286.0,175
2026-09-03 13:10:00+00:00,8286.0,8292.0,8286.0,8291.0,104
2026-09-03 13:15:00+00:00,8291.5,8293.0,8289.0,8289.0,177
2026-09-03 13:20:00+00:00,8288.5,8293.5,8287.5,8292.5,122
2026-09-03 13:25:00+00:00,8292.5,8295.5,8291.5,8295.5,190
2026-09-03 13:30:00+00:00,8295.0,8296.0,8284.0,8287.0,506
2026-09-03 13:35:00+00:00,8287.0,8294.5,8282.5,8282.5,250
2026-09-03 13:40:00+00:00,8282.5,8288.0,8280.5,8282.0,226
2026-09-03 13:45:00+00:00,8281.5,8283.5,8277.5,8279.0,466
2026-09-03 13:50:00+00:00,8279.0,8285.5,8279.0,8281.0,187
2026-09-03 13:55:00+00:00,8281.0,8292.0,8279.5,8291.0,257
2026-09-03 14:00:00+00:00,8291.0,8291.0,8282.5,8282.5,419
2026-09-03 14:05:00+00:00,8282.0,8285.0,8273.0,8273.0,152
2026-09-03 14:10:00+00:00,8273.0,8273.5,8266.5,8268.5,225
2026-09-03 14:15:00+00:00,8268.5,8277.0,8266.5,8276.5,163
2026-09-03 14:20:00+00:00,8275.5,8275.5,8268.0,8269.0,141
2026-09-03 14:25:00+00:00,8268.5,8268.5,8263.0,8265.0,149
2026-09-03 14:30:00+00:00,8265.5,8267.0,8260.0,8267.0,260
2026-09-03 14:35:00+00:00,8267.5,8275.5,8267.0,8273.0,155
2026-09-03 14:40:00+00:00,8270.5,8276.5,8270.0,8275.0,182
2026-09-03 14:45:00+00:00,8274.5,8280.5,8274.0,8280.5,191
2026-09-03 14:50:00+00:00,8280.5,8283.5,8275.0,8276.0,210
2026-09-03 14:55:00+00:00,8275.0,8282.0,8262.5,8280.5,620
2026-09-03 15:00:00+00:00,8280.5,8288.5,8279.5,8286.0,308
2026-09-03 15:05:00+00:00,8286.0,8290.0,8285.0,8285.5,202
2026-09-03 15:10:00+00:00,8285.5,8287.5,8279.0,8285.5,427
2026-09-03 15:15:00+00:00,8286.0,8293.0,8285.0,8293.0,301
2026-09-03 15:20:00+00:00,8292.5,8293.0,8288.5,8290.0,340
2026-09-03 15:25:00+00:00,8290.5,8296.0,8289.0,8295.5,804
2026-09-03 15:30:00+00:00,8295.0,8297.5,8289.5,8296.0,1773
2026-09-03 15:35:00+00:00,8295.5,8297.5,8286.5,8290.5,799
2026-09-03 15:40:00+00:00,8291.0,8294.0,8288.0,8289.0,133
2026-09-03 15:45:00+00:00,8289.5,8292.5,8289.5,8290.0,132
2026-09-03 15:50:00+00:00,8289.5,8292.0,8289.0,8291.0,98
2026-09-03 15:55:00+00:00,8291.0,8291.0,8288.5,8290.0,90
2026-09-03 16:00:00+00:00,8290.5,8291.0,8288.0,8288.5,83
2026-09-03 16:05:00+00:00,8289.0,8289.5,8288.0,8289.5,56
2026-09-03 16:10:00+00:00,8289.0,8290.0,8288.0,8289.5,65
2026-09-03 16:15:00+00:00,8289.5,8290.0,8287.5,8290.0,75
2026-09-03 16:20:00+00:00,8289.5,8290.0,8288.0,8289.0,31
2026-09-03 16:25:00+00:00,8289.0,8289.5,8287.5,8288.5,42
2026-09-03 16:30:00+00:00,8288.5,8291.0,8288.5,8289.5,52
2026-09-03 16:35:00+00:00,8289.0,8293.0,8288.0,8292.5,61
2026-09-03 16:40:00+00:00,8292.5,8294.0,8291.5,8291.5,39
2026-09-03 16:45:00+00:00,8291.0,8293.0,8290.5,8292.0,49
2026-09-03 16:50:00+00:00,8292.0,8292.5,8290.0,8291.0,51
2026-09-03 16:55:00+00:00,8291.5,8292.0,8290.5,8291.5,24
2026-09-03 17:00:00+00:00,8291.5,8292.0,8288.5,8291.0,45
2026-09-03 17:05:00+00:00,8290.5,8291.5,8289.0,8289.0,20
2026-09-03 17:10:00+00:00,8289.0,8289.5,8288.5,8289.0,36
2026-09-03 17:15:00+00:00,8289.0,8291.0,8288.5,8290.5,41
2026-09-03 17:20:00+00:00,8290.5,8291.5,8289.5,8291.5,11
2026-09-03 17:25:00+00:00,8292.0,8295.0,8292.0,8295.0,20
2026-09-03 17:30:00+00:00,8296.0,8298.0,8296.0,8297.5,30
2026-09-03 17:35:00+00:00,8298.5,8298.5,8297.5,8297.5,22
2026-09-03 17:40:00+00:00,8298.0,8298.5,8297.5,8297.5,16
2026-09-03 17:45:00+00:00,8297.5,8297.5,8295.5,8296.5,26
2026-09-03 17:50:00+00:00,8296.0,8296.5,8296.0,8296.0,30
2026-09-03 17:55:00+00:00,8296.5,8297.5,8295.5,8297.5,10
2026-09-03 18:00:00+00:00,8297.0,8299.5,8297.0,8297.5,31
2026-09-03 18:05:00+00:00,8297.0,8297.5,8295.5,8295.5,11
2026-09-03 18:10:00+00:00,8296.5,8297.5,8296.5,8297.5,21
2026-09-03 18:15:00+00:00,8297.5,8298.0,8296.5,8297.5,23
2026-09-03 18:20:00+00:00,8298.0,8298.5,8297.5,8298.5,17
2026-09-03 18:25:00+00:00,8298.5,8298.5,8297.0,8297.5,31
2026-09-03 18:30:00+00:00,8297.5,8298.5,8296.5,8298.0,25
2026-09-03 18:35:00+00:00,8298.0,8299.0,8297.5,8298.5,15
2026-09-03 18:40:00+00:00,8297.5,8297.5,8294.0,8295.5,34
2026-09-03 18:45:00+00:00,8295.5,8297.0,8295.0,8297.0,24
2026-09-03 18:50:00+00:00,8297.0,8297.0,8296.0,8297.0,16
2026-09-03 18:55:00+00:00,8297.0,8297.0,8295.5,8296.5,17
2026-09-03 19:00:00+00:00,8297.0,8298.5,8296.0,8298.5,27
2026-09-03 19:05:00+00:00,8299.0,8299.5,8298.0,8299.0,36
2026-09-03 19:10:00+00:00,8299.0,8300.0,8297.5,8297.5,27
2026-09-03 19:15:00+00:00,8297.5,8298.5,8297.0,8298.5,21
2026-09-03 19:20:00+00:00,8298.0,8298.0,8295.5,8296.0,24
2026-09-03 19:25:00+00:00,8296.0,8298.0,8296.0,8298.0,24
2026-09-03 19:30:00+00:00,8298.0,8298.5,8297.0,8298.0,24
2026-09-03 19:35:00+00:00,8297.5,8300.0,8297.5,8298.5,37
2026-09-03 19:40:00+00:00,8299.5,8300.0,8297.5,8297.5,55
2026-09-03 19:45:00+00:00,8297.5,8298.0,8295.0,8296.5,61
2026-09-03 19:50:00+00:00,8296.0,8298.0,8296.0,8296.0,62
2026-09-03 19:55:00+00:00,8296.0,8296.5,8291.5,8293.5,120
2026-09-04 06:00:00+00:00,8305.5,8305.5,8295.0,8296.0,351
2026-09-04 06:05:00+00:00,8296.0,8298.0,8295.0,8297.0,92
2026-09-04 06:10:00+00:00,8297.0,8300.0,8296.5,8299.0,141
2026-09-04 06:15:00+00:00,8299.0,8300.0,8297.0,8300.0,52
2026-09-04 06:20:00+00:00,8301.0,8303.0,8300.5,8303.0,39
2026-09-04 06:25:00+00:00,8303.0,8304.5,8301.0,8301.0,41
2026-09-04 06:30:00+00:00,8300.5,8300.5,8298.5,8298.5,37
2026-09-04 06:35:00+00:00,8299.0,8299.0,8291.5,8292.5,42
2026-09-04 06:40:00+00:00,8292.0,8295.5,8290.5,8294.0,61
2026-09-04 06:45:00+00:00,8292.5,8295.5,8290.0,8291.0,100
2026-09-04 06:50:00+00:00,8290.0,8291.0,8288.5,8289.5,113
2026-09-04 06:55:00+00:00,8288.5,8290.0,8283.0,8287.5,274
2026-09-04 07:00:00+00:00,8288.0,8288.5,8270.5,8270.5,2067
2026-09-04 07:05:00+00:00,8270.0,8275.5,8266.0,8274.0,643
2026-09-04 07:10:00+00:00,8275.0,8283.5,8273.0,8283.5,451
2026-09-04 07:15:00+00:00,8282.5,8302.5,8282.5,8302.0,414
2026-09-04 07:20:00+00:00,8302.5,8306.5,8300.5,8301.0,344
2026-09-04 07:25:00+00:00,8301.0,8301.0,8290.0,8294.5,249
2026-09-04 07:30:00+00:00,8294.5,8298.5,8291.0,8298.0,252
2026-09-04 07:35:00+00:00,8298.5,8302.0,8294.5,8301.0,145
2026-09-04 07:40:00+00:00,8301.0,8302.5,8299.0,8299.0,151
2026-09-04 07:45:00+00:00,8298.0,8304.5,8297.5,8299.5,290
2026-09-04 07:50:00+00:00,8300.0,8300.0,8296.0,8296.5,200
2026-09-04 07:55:00+00:00,8297.0,8298.0,8294.0,8294.5,163
2026-09-04 08:00:00+00:00,8294.5,8298.5,8292.0,8294.0,190
2026-09-04 08:05:00+00:00,8294.0,8294.0,8286.0,8289.0,228
2026-09-04 08:10:00+00:00,8288.5,8291.0,8286.5,8288.0,158
2026-09-04 08:15:00+00:00,8287.5,8287.5,8281.0,8281.0,177
2026-09-04 08:20:00+00:00,8281.0,8281.5,8277.0,8277.0,195
2026-09-04 08:25:00+00:00,8276.5,8280.5,8274.5,8278.5,235
2026-09-04 08:30:00+00:00,8279.0,8284.0,8279.0,8281.0,165
2026-09-04 08:35:00+00:00,8280.5,8283.0,8276.5,8278.5,139
2026-09-04 08:40:00+00:00,8278.0,8283.0,8276.0,8282.5,150
2026-09-04 08:45:00+00:00,8282.0,8285.5,8279.5,8279.5,170
2026-09-04 08:50:00+00:00,8280.0,8288.0,8279.0,8286.0,145
2026-09-04 08:55:00+00:00,8285.5,8291.5,8285.0,8290.0,103
2026-09-04 09:00:00+00:00,8289.5,8297.5,8288.5,8297.0,165
2026-09-04 09:05:00+00:00,8297.5,8298.0,8293.0,8296.0,141
2026-09-04 09:10:00+00:00,8296.0,8296.5,8287.0,8288.0,119
2026-09-04 09:15:00+00:00,8288.0,8288.0,8284.5,8287.0,206
2026-09-04 09:20:00+00:00,8287.5,8289.0,8282.0,8282.0,126
2026-09-04 09:25:00+00:00,8281.5,8284.0,8279.5,8281.0,121
2026-09-04 09:30:00+00:00,8280.5,8285.0,8280.0,8284.0,98
2026-09-04 09:35:00+00:00,8283.5,8292.0,8283.5,8291.0,72
2026-09-04 09:40:00+00:00,8290.5,8293.5,8290.5,8291.0,86
2026-09-04 09:45:00+00:00,8290.5,8292.5,8287.5,8292.0,134
2026-09-04 09:50:00+00:00,8292.5,8293.0,8289.0,8289.0,100
2026-09-04 09:55:00+00:00,8288.5,8291.0,8286.0,8286.5,150
2026-09-04 10:00:00+00:00,8287.0,8292.0,8286.0,8291.0,118
2026-09-04 10:05:00+00:00,8291.5,8293.5,8289.0,8289.5,120
2026-09-04 10:10:00+00:00,8290.0,8290.0,8284.5,8285.5,106
2026-09-04 10:15:00+00:00,8286.0,8287.0,8282.0,8283.5,121
2026-09-04 10:20:00+00:00,8284.0,8289.0,8284.0,8289.0,172
2026-09-04 10:25:00+00:00,8288.5,8293.0,8288.5,8288.5,127
2026-09-04 10:30:00+00:00,8288.0,8288.5,8278.0,8278.5,116
2026-09-04 10:35:00+00:00,8277.5,8280.5,8275.0,8280.5,147
2026-09-04 10:40:00+00:00,8280.0,8281.0,8278.0,8278.0,90
2026-09-04 10:45:00+00:00,8278.0,8283.0,8278.0,8281.5,68
2026-09-04 10:50:00+00:00,8282.5,8283.0,8280.0,8281.0,80
2026-09-04 10:55:00+00:00,8281.5,8283.0,8280.0,8282.0,68
2026-09-04 11:00:00+00:00,8281.0,8284.5,8279.0,8280.5,236
2026-09-04 11:05:00+00:00,8279.5,8283.5,8278.0,8281.5,187
2026-09-04 11:10:00+00:00,8282.5,8286.5,8280.0,8284.0,175
2026-09-04 11:15:00+00:00,8284.5,8284.5,8281.0,8281.5,88
2026-09-04 11:20:00+00:00,8281.5,8284.5,8280.5,8284.0,106
2026-09-04 11:25:00+00:00,8283.5,8286.5,8281.0,8284.0,125
2026-09-04 11:30:00+00:00,8284.5,8285.5,8281.5,8282.5,118
2026-09-04 11:35:00+00:00,8282.5,8288.5,8282.5,8287.5,74
2026-09-04 11:40:00+00:00,8288.5,8290.5,8287.0,8287.5,99
2026-09-04 11:45:00+00:00,8286.5,8287.5,8284.0,8285.0,125
2026-09-04 11:50:00+00:00,8285.0,8288.0,8284.5,8287.5,129
2026-09-04 11:55:00+00:00,8287.0,8288.5,8285.5,8287.0,54
2026-09-04 12:00:00+00:00,8287.5,8288.0,8280.5,8282.0,239
2026-09-04 12:05:00+00:00,8283.0,8287.5,8279.0,8286.5,188
2026-09-04 12:10:00+00:00,8286.5,8286.5,8283.5,8286.0,102
2026-09-04 12:15:00+00:00,8285.5,8285.5,8280.5,8282.0,149
2026-09-04 12:20:00+00:00,8281.5,8284.0,8279.0,8283.5,216
2026-09-04 12:25:00+00:00,8284.0,8289.0,8283.5,8288.5,166
2026-09-04 12:30:00+00:00,8288.0,8288.0,8256.5,8281.5,823
2026-09-04 12:35:00+00:00,8281.5,8291.5,8281.5,8289.5,212
2026-09-04 12:40:00+00:00,8289.5,8298.0,8287.5,8289.0,262
2026-09-04 12:45:00+00:00,8288.0,8289.0,8273.0,8279.5,202
2026-09-04 12:50:00+00:00,8279.5,8283.5,8276.5,8280.5,189
2026-09-04 12:55:00+00:00,8280.5,8281.0,8274.5,8277.0,99
2026-09-04 13:00:00+00:00,8277.0,8277.0,8266.0,8270.5,224
2026-09-04 13:05:00+00:00,8269.0,8272.5,8268.0,8271.5,139
2026-09-04 13:10:00+00:00,8271.5,8273.0,8263.5,8265.5,176
2026-09-04 13:15:00+00:00,8266.0,8271.0,8266.0,8268.0,186
2026-09-04 13:20:00+00:00,8267.5,8272.5,8267.5,8267.5,115
2026-09-04 13:25:00+00:00,8267.5,8272.5,8264.0,8271.0,202
2026-09-04 13:30:00+00:00,8271.0,8285.0,8270.5,8284.5,323
2026-09-04 13:35:00+00:00,8284.5,8290.0,8282.5,8284.5,284
2026-09-04 13:40:00+00:00,8283.0,8292.5,8282.0,8288.5,393
2026-09-04 13:45:00+00:00,8289.0,8302.5,8288.0,8300.0,549
2026-09-04 13:50:00+00:00,8300.5,8302.0,8290.5,8290.5,376
2026-09-04 13:55:00+00:00,8290.0,8294.5,8289.0,8292.0,153
2026-09-04 14:00:00+00:00,8291.5,8299.0,8291.5,8294.5,284
2026-09-04 14:05:00+00:00,8295.5,8302.5,8293.5,8298.0,295
2026-09-04 14:10:00+00:00,8299.0,8300.0,8294.0,8299.5,176
2026-09-04 14:15:00+00:00,8300.0,8301.5,8294.5,8295.5,180
2026-09-04 14:20:00+00:00,8295.5,8298.0,8294.0,8294.5,170
2026-09-04 14:25:00+00:00,8294.5,8294.5,8291.0,8293.5,136
2026-09-04 14:30:00+00:00,8293.5,8296.5,8292.5,8294.5,209
2026-09-04 14:35:00+00:00,8294.5,8294.5,8287.0,8292.5,196
2026-09-04 14:40:00+00:00,8292.5,8293.0,8286.0,8287.0,142
2026-09-04 14:45:00+00:00,8288.0,8290.0,8282.0,8282.0,289
2026-09-04 14:50:00+00:00,8282.5,8286.0,8278.5,8279.0,245
2026-09-04 14:55:00+00:00,8279.0,8285.5,8279.0,8285.5,228
2026-09-04 15:00:00+00:00,8285.5,8286.5,8280.0,8281.0,245
2026-09-04 15:05:00+00:00,8281.0,8287.0,8281.0,8286.5,189
2026-09-04 15:10:00+00:00,8286.5,8291.5,8285.5,8291.5,193
2026-09-04 15:15:00+00:00,8291.5,8296.0,8291.0,8293.0,302
2026-09-04 15:20:00+00:00,8293.0,8294.5,8291.0,8292.0,270
2026-09-04 15:25:00+00:00,8291.5,8293.5,8290.5,8291.5,615
2026-09-04 15:30:00+00:00,8292.0,8294.0,8281.0,8286.5,1561
2026-09-04 15:35:00+00:00,8287.0,8292.0,8286.0,8290.0,477
2026-09-04 15:40:00+00:00,8290.5,8296.5,8290.5,8295.5,87
2026-09-04 15:45:00+00:00,8295.0,8297.0,8292.5,8295.0,112
2026-09-04 15:50:00+00:00,8294.5,8295.0,8291.5,8293.5,102
2026-09-04 15:55:00+00:00,8293.0,8295.0,8292.0,8294.5,46
2026-09-04 16:00:00+00:00,8295.0,8295.5,8293.5,8295.0,70
2026-09-04 16:05:00+00:00,8296.0,8297.5,8292.5,8296.5,129
2026-09-04 16:10:00+00:00,8296.5,8300.0,8296.0,8300.0,59
2026-09-04 16:15:00+00:00,8299.5,8303.0,8299.5,8303.0,71
2026-09-04 16:20:00+00:00,8303.0,8304.5,8302.0,8302.5,147
2026-09-04 16:25:00+00:00,8302.5,8302.5,8301.5,8301.5,44
2026-09-04 16:30:00+00:00,8301.0,8301.5,8300.0,8300.0,48
2026-09-04 16:35:00+00:00,8300.5,8301.5,8298.5,8299.5,45
2026-09-04 16:40:00+00:00,8299.0,8300.5,8297.0,8298.5,84
2026-09-04 16:45:00+00:00,8298.5,8299.0,8297.0,8299.0,28
2026-09-04 16:50:00+00:00,8299.5,8299.5,8296.0,8297.5,37
2026-09-04 16:55:00+00:00,8298.5,8299.0,8295.0,8295.0,43
2026-09-04 17:00:00+00:00,8296.0,8296.0,8289.0,8291.0,84
2026-09-04 17:05:00+00:00,8290.0,8292.5,8289.5,8290.5,75
2026-09-04 17:10:00+00:00,8290.0,8292.5,8290.0,8291.5,20
2026-09-04 17:15:00+00:00,8291.0,8292.0,8290.0,8291.5,31
2026-09-04 17:20:00+00:00,8291.5,8291.5,8289.0,8289.5,22
2026-09-04 17:25:00+00:00,8289.5,8290.0,8285.5,8286.0,23
2026-09-04 17:30:00+00:00,8285.0,8285.5,8283.5,8285.5,33
2026-09-04 17:35:00+00:00,8286.5,8286.5,8285.0,8286.0,27
2026-09-04 17:40:00+00:00,8285.5,8285.5,8283.0,8283.0,34
2026-09-04 17:45:00+00:00,8282.0,8283.5,8281.5,8283.0,28
2026-09-04 17:50:00+00:00,8281.5,8283.0,8281.0,8281.5,17
2026-09-04 17:55:00+00:00,8282.0,8283.0,8281.5,8283.0,16
2026-09-04 18:00:00+00:00,8283.0,8285.5,8283.0,8283.0,26
2026-09-04 18:05:00+00:00,8284.0,8286.0,8283.5,8286.0,42
2026-09-04 18:10:00+00:00,8286.0,8288.0,8285.0,8285.0,40
2026-09-04 18:15:00+00:00,8285.5,8286.0,8284.0,8284.5,40
2026-09-04 18:20:00+00:00,8284.5,8286.5,8284.5,8285.0,20
2026-09-04 18:25:00+00:00,8285.5,8286.0,8283.5,8284.5,14
2026-09-04 18:30:00+00:00,8284.0,8285.0,8284.0,8285.0,9
2026-09-04 18:35:00+00:00,8285.5,8285.5,8284.0,8284.0,8
2026-09-04 18:40:00+00:00,8284.0,8286.0,8283.5,8286.0,22
2026-09-04 18:45:00+00:00,8285.0,8286.5,8285.0,8286.0,13
2026-09-04 18:50:00+00:00,8286.5,8287.0,8284.5,8284.5,14
2026-09-04 18:55:00+00:00,8285.0,8285.0,8284.0,8284.5,42
2026-09-04 19:00:00+00:00,8284.5,8286.0,8282.5,8282.5,46
2026-09-04 19:05:00+00:00,8282.5,8283.5,8281.5,8281.5,28
2026-09-04 19:10:00+00:00,8281.5,8282.0,8279.5,8279.5,26
2026-09-04 19:15:00+00:00,8280.5,8282.0,8280.5,8281.5,26
2026-09-04 19:20:00+00:00,8282.0,8285.0,8281.5,8285.0,30
2026-09-04 19:25:00+00:00,8285.5,8286.5,8285.5,8286.5,18
2026-09-04 19:30:00+00:00,8285.5,8288.0,8285.0,8287.5,50
2026-09-04 19:35:00+00:00,8287.0,8289.0,8287.0,8289.0,12
2026-09-04 19:40:00+00:00,8288.5,8291.0,8288.5,8291.0,28
2026-09-04 19:45:00+00:00,8291.0,8291.0,8289.0,8290.5,26
2026-09-04 19:50:00+00:00,8290.5,8291.5,8289.5,8291.0,41
2026-09-04 19:55:00+00:00,8291.0,8294.0,8290.5,8294.0,166
2026-09-07 06:00:00+00:00,8281.0,8286.5,8276.5,8278.5,236
2026-09-07 06:05:00+00:00,8280.0,8280.0,8268.5,8271.5,146
2026-09-07 06:10:00+00:00,8271.5,8273.5,8270.5,8273.5,21
2026-09-07 06:15:00+00:00,8274.5,8277.0,8273.5,8276.0,29
2026-09-07 06:20:00+00:00,8276.5,8278.5,8275.5,8277.5,18
2026-09-07 06:25:00+00:00,8277.0,8277.0,8274.0,8275.0,22
2026-09-07 06:30:00+00:00,8275.0,8278.5,8274.0,8278.5,31
2026-09-07 06:35:00+00:00,8279.0,8283.5,8279.0,8283.5,21
2026-09-07 06:40:00+00:00,8284.5,8285.0,8282.0,8283.5,29
2026-09-07 06:45:00+00:00,8282.5,8282.5,8279.0,8279.0,25
2026-09-07 06:50:00+00:00,8279.0,8280.5,8278.5,8280.0,36
2026-09-07 06:55:00+00:00,8279.0,8287.0,8275.5,8285.5,213
2026-09-07 07:00:00+00:00,8285.5,8287.0,8273.5,8283.5,639
2026-09-07 07:05:00+00:00,8283.0,8289.5,8281.0,8286.0,372
2026-09-07 07:10:00+00:00,8286.5,8289.0,8278.5,8286.0,277
2026-09-07 07:15:00+00:00,8285.0,8290.0,8283.5,8283.5,209
2026-09-07 07:20:00+00:00,8284.0,8285.0,8274.5,8280.0,172
2026-09-07 07:25:00+00:00,8279.5,8282.0,8273.0,8273.0,203
2026-09-07 07:30:00+00:00,8273.5,8278.0,8272.5,8273.0,197
2026-09-07 07:35:00+00:00,8274.5,8277.0,8267.5,8268.0,304
2026-09-07 07:40:00+00:00,8269.0,8271.5,8263.0,8268.0,187
2026-09-07 07:45:00+00:00,8268.0,8281.0,8267.0,8281.0,134
2026-09-07 07:50:00+00:00,8281.0,8286.0,8278.0,8282.5,161
2026-09-07 07:55:00+00:00,8282.0,8290.0,8279.5,8290.0,241
2026-09-07 08:00:00+00:00,8290.5,8292.0,8286.0,8291.0,338
2026-09-07 08:05:00+00:00,8291.5,8295.0,8287.5,8289.0,215
2026-09-07 08:10:00+00:00,8289.0,8289.0,8279.0,8286.5,401
2026-09-07 08:15:00+00:00,8285.5,8291.5,8285.0,8291.5,75
2026-09-07 08:20:00+00:00,8291.5,8293.5,8290.0,8292.5,149
2026-09-07 08:25:00+00:00,8292.5,8292.5,8286.0,8287.5,122
2026-09-07 08:30:00+00:00,8287.5,8296.0,8287.5,8294.5,129
2026-09-07 08:35:00+00:00,8295.0,8296.0,8293.0,8293.5,128
2026-09-07 08:40:00+00:00,8293.0,8293.0,8289.0,8289.5,83
2026-09-07 08:45:00+00:00,8289.5,8290.0,8286.0,8289.0,77
2026-09-07 08:50:00+00:00,8289.5,8292.0,8286.5,8290.5,97
2026-09-07 08:55:00+00:00,8291.5,8292.5,8288.0,8291.0,248
2026-09-07 09:00:00+00:00,8290.5,8291.5,8288.0,8288.0,149
2026-09-07 09:05:00+00:00,8288.5,8293.5,8287.0,8291.5,148
2026-09-07 09:10:00+00:00,8292.0,8292.5,8290.0,8291.5,164
2026-09-07 09:15:00+00:00,8292.0,8293.5,8290.5,8292.0,145
2026-09-07 09:20:00+00:00,8292.5,8293.0,8288.0,8290.0,137
2026-09-07 09:25:00+00:00,8291.0,8294.5,8291.0,8293.5,68
2026-09-07 09:30:00+00:00,8293.5,8293.5,8291.0,8292.5,95
2026-09-07 09:35:00+00:00,8292.5,8296.5,8290.5,8295.5,105
2026-09-07 09:40:00+00:00,8295.0,8299.0,8295.0,8298.0,127
2026-09-07 09:45:00+00:00,8298.0,8298.0,8293.5,8294.0,56
2026-09-07 09:50:00+00:00,8295.0,8298.5,8294.5,8298.0,71
2026-09-07 09:55:00+00:00,8298.0,8299.5,8298.0,8298.5,72
2026-09-07 10:00:00+00:00,8298.5,8300.0,8297.5,8299.0,75
2026-09-07 10:05:00+00:00,8299.0,8299.0,8295.5,8296.5,75
2026-09-07 10:10:00+00:00,8296.5,8296.5,8292.5,8293.5,53
2026-09-07 10:15:00+00:00,8293.0,8296.0,8293.0,8295.5,33
2026-09-07 10:20:00+00:00,8295.0,8295.0,8292.0,8293.5,42
2026-09-07 10:25:00+00:00,8293.5,8294.0,8291.0,8291.0,42
2026-09-07 10:30:00+00:00,8291.5,8297.0,8291.5,8297.0,42
2026-09-07 10:35:00+00:00,8296.5,8296.5,8292.0,8292.5,67
2026-09-07 10:40:00+00:00,8292.5,8293.0,8291.5,8291.5,51
2026-09-07 10:45:00+00:00,8291.0,8292.5,8290.5,8290.5,52
2026-09-07 10:50:00+00:00,8290.0,8291.0,8286.0,8286.0,85
2026-09-07 10:55:00+00:00,8286.0,8287.0,8282.5,8286.5,182
2026-09-07 11:00:00+00:00,8287.0,8290.0,8285.0,8287.0,272
2026-09-07 11:05:00+00:00,8288.5,8288.5,8283.0,8283.0,107
2026-09-07 11:10:00+00:00,8283.0,8289.0,8282.0,8288.5,147
2026-09-07 11:15:00+00:00,8288.5,8290.5,8287.5,8289.0,87
2026-09-07 11:20:00+00:00,8289.5,8289.5,8278.5,8280.5,106
2026-09-07 11:25:00+00:00,8280.0,8284.5,8280.0,8284.0,110
2026-09-07 11:30:00+00:00,8283.5,8287.5,8283.0,8283.5,48
2026-09-07 11:35:00+00:00,8283.5,8285.5,8281.5,8285.5,59
2026-09-07 11:40:00+00:00,8285.0,8288.5,8284.0,8288.0,58
2026-09-07 11:45:00+00:00,8287.5,8293.5,8287.0,8290.5,62
2026-09-07 11:50:00+00:00,8291.0,8292.5,8290.5,8292.5,87
2026-09-07 11:55:00+00:00,8292.5,8293.0,8289.5,8289.5,165
2026-09-07 12:00:00+00:00,8290.0,8291.5,8290.0,8291.5,61
2026-09-07 12:05:00+00:00,8291.5,8294.5,8291.5,8293.0,65
2026-09-07 12:10:00+00:00,8293.0,8293.0,8290.5,8291.0,236
2026-09-07 12:15:00+00:00,8291.0,8297.0,8291.0,8297.0,93
2026-09-07 12:20:00+00:00,8297.5,8299.0,8296.5,8297.5,83
2026-09-07 12:25:00+00:00,8297.0,8300.5,8296.0,8300.0,68
2026-09-07 12:30:00+00:00,8299.5,8302.5,8299.5,8300.0,132
2026-09-07 12:35:00+00:00,8300.5,8303.5,8300.0,8302.0,104
2026-09-07 12:40:00+00:00,8301.5,8302.5,8301.0,8302.5,107
2026-09-07 12:45:00+00:00,8303.0,8306.5,8303.0,8306.5,100
2026-09-07 12:50:00+00:00,8306.5,8310.5,8306.5,8309.5,212
2026-09-07 12:55:00+00:00,8309.0,8309.0,8303.0,8304.5,106
2026-09-07 13:00:00+00:00,8304.5,8304.5,8301.5,8303.5,107
2026-09-07 13:05:00+00:00,8303.5,8308.5,8303.0,8308.5,70
2026-09-07 13:10:00+00:00,8309.0,8317.0,8309.0,8317.0,153
2026-09-07 13:15:00+00:00,8316.5,8317.5,8315.0,8316.0,96
2026-09-07 13:20:00+00:00,8316.5,8319.5,8316.5,8319.5,129
2026-09-07 13:25:00+00:00,8320.0,8322.0,8318.5,8318.5,85
2026-09-07 13:30:00+00:00,8319.0,8324.5,8318.0,8322.0,243
2026-09-07 13:35:00+00:00,8321.5,8324.0,8320.0,8322.5,165
2026-09-07 13:40:00+00:00,8321.5,8323.0,8319.0,8319.5,112
2026-09-07 13:45:00+00:00,8319.0,8321.5,8319.0,8321.5,117
2026-09-07 13:50:00+00:00,8321.0,8325.0,8319.5,8323.5,246
2026-09-07 13:55:00+00:00,8323.5,8325.0,8321.0,8324.5,169
2026-09-07 14:00:00+00:00,8324.0,8327.0,8319.5,8319.5,312
2026-09-07 14:05:00+00:00,8319.5,8320.0,8315.0,8315.0,169
2026-09-07 14:10:00+00:00,8315.0,8320.0,8315.0,8319.0,87
2026-09-07 14:15:00+00:00,8319.5,8321.0,8316.5,8318.0,107
2026-09-07 14:20:00+00:00,8319.0,8319.5,8316.5,8318.5,109
2026-09-07 14:25:00+00:00,8317.5,8318.0,8315.5,8317.5,101
2026-09-07 14:30:00+00:00,8316.5,8316.5,8314.0,8314.5,114
2026-09-07 14:35:00+00:00,8314.5,8316.5,8312.0,8315.5,89
2026-09-07 14:40:00+00:00,8315.5,8316.0,8314.0,8315.0,80
2026-09-07 14:45:00+00:00,8314.5,8315.0,8312.0,8314.0,63
2026-09-07 14:50:00+00:00,8314.5,8319.0,8314.5,8319.0,61
2026-09-07 14:55:00+00:00,8319.0,8319.5,8313.0,8313.0,120
2026-09-07 15:00:00+00:00,8313.0,8314.5,8311.0,8314.0,139
2026-09-07 15:05:00+00:00,8314.5,8315.5,8312.0,8315.5,115
2026-09-07 15:10:00+00:00,8315.5,8317.0,8314.5,8315.5,117
2026-09-07 15:15:00+00:00,8314.5,8315.5,8311.0,8315.5,170
2026-09-07 15:20:00+00:00,8315.5,8315.5,8309.0,8310.5,204
2026-09-07 15:25:00+00:00,8310.0,8312.0,8306.0,8307.5,293
2026-09-07 15:30:00+00:00,8307.5,8311.5,8304.0,8310.5,1059
2026-09-07 15:35:00+00:00,8311.0,8315.5,8310.0,8311.5,546
2026-09-07 15:40:00+00:00,8312.5,8313.5,8307.5,8308.0,95
2026-09-07 15:45:00+00:00,8308.5,8308.5,8303.5,8303.5,114
2026-09-07 15:50:00+00:00,8304.0,8305.5,8303.5,8305.5,27
2026-09-07 15:55:00+00:00,8305.0,8305.0,8300.0,8301.0,82
2026-09-07 16:00:00+00:00,8301.0,8303.0,8299.5,8301.5,104
2026-09-07 16:05:00+00:00,8301.5,8302.0,8299.0,8301.0,75
2026-09-07 16:10:00+00:00,8301.5,8304.5,8300.5,8304.5,69
2026-09-07 16:15:00+00:00,8304.0,8305.5,8303.0,8303.5,35
2026-09-07 16:20:00+00:00,8303.5,8303.5,8301.5,8301.5,23
2026-09-07 16:25:00+00:00,8302.0,8302.5,8300.5,8301.5,20
2026-09-07 16:30:00+00:00,8301.5,8303.5,8301.5,8303.5,54
2026-09-07 16:35:00+00:00,8303.5,8306.0,8303.5,8305.0,27
2026-09-07 16:40:00+00:00,8304.5,8304.5,8304.5,8304.5,1
2026-09-07 16:45:00+00:00,8303.5,8303.5,8303.0,8303.0,3
2026-09-07 16:50:00+00:00,8303.0,8303.0,8302.0,8303.0,11
2026-09-07 16:55:00+00:00,8303.5,8304.0,8302.5,8303.5,22
2026-09-07 17:00:00+00:00,8303.5,8303.5,8302.5,8303.0,9
2026-09-07 17:05:00+00:00,8303.5,8303.5,8303.5,8303.5,3
2026-09-07 17:10:00+00:00,8303.0,8303.0,8302.5,8302.5,3
2026-09-07 17:15:00+00:00,8302.0,8303.0,8302.0,8303.0,12
2026-09-07 17:20:00+00:00,8303.5,8303.5,8303.5,8303.5,1
2026-09-07 17:25:00+00:00,8302.0,8302.0,8301.0,8301.0,43
2026-09-07 17:35:00+00:00,8301.0,8301.0,8301.0,8301.0,2
2026-09-07 17:40:00+00:00,8301.5,8301.5,8301.5,8301.5,1
2026-09-07 17:50:00+00:00,8301.0,8301.0,8301.0,8301.0,3
2026-09-07 17:55:00+00:00,8301.0,8301.5,8300.0,8301.5,6
2026-09-07 18:00:00+00:00,8301.5,8302.0,8300.5,8302.0,4
2026-09-07 18:05:00+00:00,8302.0,8302.0,8302.0,8302.0,1
2026-09-07 18:20:00+00:00,8302.0,8302.5,8301.5,8301.5,9
2026-09-07 18:25:00+00:00,8302.0,8302.0,8302.0,8302.0,1
2026-09-07 18:30:00+00:00,8302.0,8302.0,8302.0,8302.0,1
2026-09-07 18:35:00+00:00,8301.0,8302.0,8301.0,8302.0,2
2026-09-07 18:45:00+00:00,8301.5,8301.5,8300.5,8301.5,3
2026-09-07 18:50:00+00:00,8300.5,8300.5,8300.0,8300.0,8
2026-09-07 19:00:00+00:00,8301.0,8301.5,8301.0,8301.5,5
2026-09-07 19:05:00+00:00,8301.0,8301.5,8300.5,8300.5,3
2026-09-07 19:15:00+00:00,8301.5,8302.0,8301.0,8301.5,16
2026-09-07 19:20:00+00:00,8300.5,8300.5,8300.5,8300.5,2
2026-09-07 19:25:00+00:00,8300.5,8301.5,8300.5,8301.5,2
2026-09-07 19:30:00+00:00,8302.0,8302.0,8302.0,8302.0,4
2026-09-07 19:35:00+00:00,8302.0,8302.5,8302.0,8302.5,2
2026-09-07 19:40:00+00:00,8301.0,8302.0,8300.5,8301.0,9
2026-09-07 19:45:00+00:00,8301.0,8302.5,8301.0,8302.0,8
2026-09-07 19:50:00+00:00,8301.0,8302.5,8300.5,8301.5,20
2026-09-07 19:55:00+00:00,8302.0,8307.0,8300.5,8305.0,95
2026-09-08 06:00:00+00:00,8299.0,8299.0,8279.0,8279.0,211
2026-09-08 06:05:00+00:00,8278.5,8278.5,8273.5,8278.5,118
2026-09-08 06:10:00+00:00,8277.5,8278.0,8274.5,8274.5,79
2026-09-08 06:15:00+00:00,8274.0,8279.5,8270.5,8272.0,95
2026-09-08 06:20:00+00:00,8271.5,8279.0,8270.5,8278.5,173
2026-09-08 06:25:00+00:00,8277.5,8278.5,8274.5,8276.0,56
2026-09-08 06:30:00+00:00,8275.0,8280.0,8275.0,8275.5,104
2026-09-08 06:35:00+00:00,8275.5,8283.5,8274.5,8283.0,58
2026-09-08 06:40:00+00:00,8283.5,8284.5,8282.0,8283.0,49
2026-09-08 06:45:00+00:00,8284.0,8286.0,8284.0,8284.5,29
2026-09-08 06:50:00+00:00,8284.0,8284.0,8279.0,8279.5,62
2026-09-08 06:55:00+00:00,8280.0,8289.5,8279.5,8283.0,301
2026-09-08 07:00:00+00:00,8283.5,8292.0,8273.5,8289.5,1156
2026-09-08 07:05:00+00:00,8289.5,8300.5,8289.0,8295.5,606
2026-09-08 07:10:00+00:00,8296.0,8299.0,8290.5,8296.0,452
2026-09-08 07:15:00+00:00,8295.5,8295.5,8282.0,8285.0,401
2026-09-08 07:20:00+00:00,8285.0,8287.5,8278.0,8286.0,378
2026-09-08 07:25:00+00:00,8286.0,8293.0,8285.0,8289.5,277
2026-09-08 07:30:00+00:00,8290.0,8293.5,8281.0,8283.0,419
2026-09-08 07:35:00+00:00,8282.5,8285.5,8276.0,8277.0,354
2026-09-08 07:40:00+00:00,8277.0,8286.0,8274.0,8282.0,372
2026-09-08 07:45:00+00:00,8283.0,8286.5,8277.0,8277.5,284
2026-09-08 07:50:00+00:00,8277.0,8278.5,8270.5,8271.0,599
2026-09-08 07:55:00+00:00,8271.5,8278.0,8271.0,8276.5,423
2026-09-08 08:00:00+00:00,8277.0,8278.5,8263.5,8267.5,488
2026-09-08 08:05:00+00:00,8266.5,8274.5,8265.5,8273.0,628
2026-09-08 08:10:00+00:00,8272.5,8273.5,8268.0,8273.0,207
2026-09-08 08:15:00+00:00,8273.0,8275.0,8271.5,8274.0,216
2026-09-08 08:20:00+00:00,8273.5,8276.0,8269.5,8274.5,292
2026-09-08 08:25:00+00:00,8275.0,8280.0,8273.5,8277.5,324
2026-09-08 08:30:00+00:00,8277.5,8285.5,8275.0,8283.5,286
2026-09-08 08:35:00+00:00,8283.5,8286.0,8276.5,8280.0,324
2026-09-08 08:40:00+00:00,8280.0,8280.0,8270.0,8270.5,263
2026-09-08 08:45:00+00:00,8270.5,8283.0,8269.0,8273.0,449
2026-09-08 08:50:00+00:00,8273.0,8275.5,8267.0,8273.0,217
2026-09-08 08:55:00+00:00,8273.0,8277.0,8271.5,8276.5,141
2026-09-08 09:00:00+00:00,8276.0,8282.0,8273.5,8281.0,221
2026-09-08 09:05:00+00:00,8281.0,8285.5,8275.5,8278.5,157
2026-09-08 09:10:00+00:00,8278.5,8285.5,8277.0,8285.0,187
2026-09-08 09:15:00+00:00,8285.0,8285.0,8275.5,8281.0,410
2026-09-08 09:20:00+00:00,8280.5,8287.5,8280.0,8287.5,192
2026-09-08 09:25:00+00:00,8287.5,8290.0,8286.0,8289.5,139
2026-09-08 09:30:00+00:00,8290.0,8294.5,8289.5,8292.5,216
2026-09-08 09:35:00+00:00,8292.0,8295.0,8289.0,8292.5,174
2026-09-08 09:40:00+00:00,8292.0,8297.5,8290.0,8293.0,255
2026-09-08 09:45:00+00:00,8292.5,8298.0,8291.0,8297.5,191
2026-09-08 09:50:00+00:00,8297.5,8301.5,8297.0,8299.0,122
2026-09-08 09:55:00+00:00,8299.5,8302.0,8298.5,8299.0,141
2026-09-08 10:00:00+00:00,8298.5,8300.5,8295.5,8297.0,154
2026-09-08 10:05:00+00:00,8297.0,8299.0,8294.0,8299.0,105
2026-09-08 10:10:00+00:00,8299.0,8299.5,8293.0,8297.5,169
2026-09-08 10:15:00+00:00,8297.5,8299.0,8296.0,8296.5,135
2026-09-08 10:20:00+00:00,8296.0,8317.5,8296.0,8302.5,1027
2026-09-08 10:25:00+00:00,8303.0,8307.5,8303.0,8305.5,145
2026-09-08 10:30:00+00:00,8305.5,8306.5,8300.5,8301.0,171
2026-09-08 10:35:00+00:00,8301.0,8304.0,8301.0,8304.0,192
2026-09-08 10:40:00+00:00,8304.0,8308.5,8302.0,8308.5,228
2026-09-08 10:45:00+00:00,8309.0,8312.5,8307.0,8310.0,402
2026-09-08 10:50:00+00:00,8310.0,8311.0,8304.5,8306.0,222
2026-09-08 10:55:00+00:00,8306.0,8307.0,8302.0,8303.0,87
2026-09-08 11:00:00+00:00,8303.5,8306.0,8299.0,8305.5,222
2026-09-08 11:05:00+00:00,8305.5,8313.5,8305.0,8309.5,294
2026-09-08 11:10:00+00:00,8307.5,8307.5,8302.5,8306.0,79
2026-09-08 11:15:00+00:00,8306.5,8315.5,8306.5,8315.0,98
2026-09-08 11:20:00+00:00,8315.0,8315.5,8313.0,8315.5,76
2026-09-08 11:25:00+00:00,8315.0,8315.0,8308.5,8311.0,81
2026-09-08 11:30:00+00:00,8311.5,8317.0,8310.5,8317.0,135
2026-09-08 11:35:00+00:00,8316.5,8316.5,8312.5,8313.5,93
2026-09-08 11:40:00+00:00,8313.5,8315.0,8310.5,8314.5,130
2026-09-08 11:45:00+00:00,8314.0,8318.5,8312.0,8318.5,325
2026-09-08 11:50:00+00:00,8318.5,8321.5,8317.5,8319.0,236
2026-09-08 11:55:00+00:00,8319.5,8319.5,8316.0,8317.0,166
2026-09-08 12:00:00+00:00,8317.5,8319.5,8317.0,8317.5,227
2026-09-08 12:05:00+00:00,8317.5,8318.0,8311.0,8312.0,212
2026-09-08 12:10:00+00:00,8311.5,8313.0,8304.5,8304.5,102
2026-09-08 12:15:00+00:00,8304.0,8308.0,8302.5,8308.0,167
2026-09-08 12:20:00+00:00,8307.5,8310.0,8307.5,8307.5,128
2026-09-08 12:25:00+00:00,8307.0,8317.0,8307.0,8316.0,165
2026-09-08 12:30:00+00:00,8316.5,8320.0,8314.0,8314.5,347
2026-09-08 12:35:00+00:00,8314.5,8316.5,8311.0,8315.0,217
2026-09-08 12:40:00+00:00,8314.5,8320.0,8312.5,8319.5,142
2026-09-08 12:45:00+00:00,8319.5,8319.5,8315.0,8315.5,122
2026-09-08 12:50:00+00:00,8315.5,8315.5,8310.5,8312.0,151
2026-09-08 12:55:00+00:00,8312.0,8312.0,8308.5,8309.0,148
2026-09-08 13:00:00+00:00,8309.5,8315.0,8305.0,8315.0,172
2026-09-08 13:05:00+00:00,8314.5,8320.0,8314.0,8317.0,133
2026-09-08 13:10:00+00:00,8318.0,8321.0,8317.0,8319.5,166
2026-09-08 13:15:00+00:00,8319.0,8319.5,8313.0,8314.0,118
2026-09-08 13:20:00+00:00,8314.0,8314.0,8309.0,8311.0,164
2026-09-08 13:25:00+00:00,8310.5,8311.0,8306.5,8309.5,177
2026-09-08 13:30:00+00:00,8309.0,8320.5,8307.5,8315.0,340
2026-09-08 13:35:00+00:00,8315.5,8320.0,8313.5,8316.5,374
2026-09-08 13:40:00+00:00,8316.0,8316.0,8311.0,8315.0,226
2026-09-08 13:45:00+00:00,8315.0,8320.5,8314.5,8315.0,252
2026-09-08 13:50:00+00:00,8315.5,8315.5,8310.0,8314.0,194
2026-09-08 13:55:00+00:00,8314.0,8318.5,8312.0,8312.5,188
2026-09-08 14:00:00+00:00,8312.5,8313.5,8303.5,8307.5,226
2026-09-08 14:05:00+00:00,8306.5,8309.5,8300.5,8300.5,156
2026-09-08 14:10:00+00:00,8300.5,8303.0,8298.5,8299.5,164
2026-09-08 14:15:00+00:00,8299.5,8299.5,8291.0,8291.0,214
2026-09-08 14:20:00+00:00,8291.5,8300.0,8291.5,8300.0,188
2026-09-08 14:25:00+00:00,8300.5,8300.5,8296.0,8297.5,160
2026-09-08 14:30:00+00:00,8297.5,8303.0,8296.0,8298.0,212
2026-09-08 14:35:00+00:00,8297.5,8304.0,8295.0,8301.5,141
2026-09-08 14:40:00+00:00,8301.5,8306.5,8299.5,8305.5,148
2026-09-08 14:45:00+00:00,8305.0,8308.5,8304.5,8306.0,175
2026-09-08 14:50:00+00:00,8306.0,8308.5,8305.5,8308.0,192
2026-09-08 14:55:00+00:00,8308.5,8315.0,8308.5,8313.0,292
2026-09-08 15:00:00+00:00,8313.0,8318.5,8312.0,8317.5,364
2026-09-08 15:05:00+00:00,8317.5,8319.5,8314.0,8314.5,262
2026-09-08 15:10:00+00:00,8315.0,8323.5,8313.5,8322.0,276
2026-09-08 15:15:00+00:00,8321.5,8327.5,8320.5,8325.5,313
2026-09-08 15:20:00+00:00,8325.0,8327.0,8318.0,8318.5,297
2026-09-08 15:25:00+00:00,8318.5,8322.5,8314.5,8315.5,825
2026-09-08 15:30:00+00:00,8315.5,8329.0,8315.5,8325.5,2014
2026-09-08 15:35:00+00:00,8326.0,8330.0,8322.0,8322.0,680
2026-09-08 15:40:00+00:00,8322.0,8325.5,8319.5,8325.5,187
2026-09-08 15:45:00+00:00,8326.0,8326.0,8321.0,8322.0,67
2026-09-08 15:50:00+00:00,8322.0,8323.5,8317.5,8317.5,94
2026-09-08 15:55:00+00:00,8317.5,8318.0,8313.5,8313.5,151
2026-09-08 16:00:00+00:00,8314.0,8314.0,8307.0,8311.5,231
2026-09-08 16:05:00+00:00,8312.0,8314.0,8311.5,8313.0,84
2026-09-08 16:10:00+00:00,8313.0,8313.5,8308.5,8310.0,97
2026-09-08 16:15:00+00:00,8310.0,8310.0,8306.0,8308.5,45
2026-09-08 16:20:00+00:00,8308.0,8312.0,8308.0,8311.5,28
2026-09-08 16:25:00+00:00,8311.5,8314.5,8311.0,8311.0,48
2026-09-08 16:30:00+00:00,8311.0,8313.0,8311.0,8312.5,28
2026-09-08 16:35:00+00:00,8312.0,8313.0,8308.0,8308.0,26
2026-09-08 16:40:00+00:00,8308.5,8309.0,8307.0,8307.0,24
2026-09-08 16:45:00+00:00,8307.5,8310.5,8307.0,8309.0,32
2026-09-08 16:50:00+00:00,8309.0,8313.5,8308.0,8309.0,64
2026-09-08 16:55:00+00:00,8307.5,8307.5,8302.0,8306.5,95
2026-09-08 17:00:00+00:00,8307.5,8312.0,8306.0,8310.0,44
2026-09-08 17:05:00+00:00,8311.0,8311.5,8308.0,8308.0,19
2026-09-08 17:10:00+00:00,8308.0,8308.5,8307.5,8308.0,8
2026-09-08 17:15:00+00:00,8307.5,8308.0,8306.5,8306.5,18
2026-09-08 17:20:00+00:00,8307.0,8308.0,8306.0,8308.0,27
2026-09-08 17:25:00+00:00,8307.0,8307.0,8304.5,8307.0,33
2026-09-08 17:30:00+00:00,8307.5,8308.5,8307.0,8308.5,16
2026-09-08 17:35:00+00:00,8307.5,8308.5,8305.0,8305.0,32
2026-09-08 17:40:00+00:00,8305.0,8305.0,8303.0,8303.0,34
2026-09-08 17:45:00+00:00,8303.5,8303.5,8299.5,8301.5,106
2026-09-08 17:50:00+00:00,8301.0,8304.0,8301.0,8303.5,23
2026-09-08 17:55:00+00:00,8303.5,8305.0,8303.0,8305.0,45
2026-09-08 18:00:00+00:00,8304.5,8306.5,8304.0,8305.5,29
2026-09-08 18:05:00+00:00,8306.0,8307.5,8305.5,8307.5,18
2026-09-08 18:10:00+00:00,8308.0,8308.5,8306.5,8308.5,16
2026-09-08 18:15:00+00:00,8308.0,8309.0,8307.5,8308.5,22
2026-09-08 18:20:00+00:00,8308.0,8309.5,8308.0,8308.0,21
2026-09-08 18:25:00+00:00,8308.0,8308.0,8305.5,8306.0,11
2026-09-08 18:30:00+00:00,8305.5,8305.5,8302.0,8303.0,32
2026-09-08 18:35:00+00:00,8302.5,8302.5,8298.0,8298.5,65
2026-09-08 18:40:00+00:00,8298.5,8301.0,8297.0,8300.0,53
2026-09-08 18:45:00+00:00,8301.0,8302.5,8288.0,8291.0,145
2026-09-08 18:50:00+00:00,8291.5,8295.0,8288.5,8293.5,77
2026-09-08 18:55:00+00:00,8293.0,8294.5,8290.5,8290.5,38
2026-09-08 19:00:00+00:00,8291.5,8292.0,8289.5,8290.0,50
2026-09-08 19:05:00+00:00,8290.0,8290.5,8289.0,8289.5,31
2026-09-08 19:10:00+00:00,8289.0,8292.5,8289.0,8291.5,17
2026-09-08 19:15:00+00:00,8291.0,8292.5,8286.0,8286.0,38
2026-09-08 19:20:00+00:00,8286.0,8286.0,8282.5,8282.5,63
2026-09-08 19:25:00+00:00,8283.0,8284.5,8282.0,8283.5,42
2026-09-08 19:30:00+00:00,8283.0,8287.5,8282.0,8287.5,44
2026-09-08 19:35:00+00:00,8287.5,8287.5,8283.5,8284.0,54
2026-09-08 19:40:00+00:00,8284.5,8285.0,8283.0,8284.5,57
2026-09-08 19:45:00+00:00,8284.0,8284.5,8278.0,8279.0,57
2026-09-08 19:50:00+00:00,8279.0,8279.5,8271.0,8272.0,198
2026-09-08 19:55:00+00:00,8272.5,8276.0,8269.5,8273.5,229
2026-09-09 06:00:00+00:00,8285.0,8288.5,8278.5,8288.0,336
2026-09-09 06:05:00+00:00,8288.0,8289.0,8281.5,8282.0,113
2026-09-09 06:10:00+00:00,8281.5,8283.0,8281.0,8283.0,33
2026-09-09 06:15:00+00:00,8282.5,8282.5,8279.0,8279.0,53
2026-09-09 06:20:00+00:00,8279.0,8279.0,8276.0,8278.5,64
2026-09-09 06:25:00+00:00,8278.0,8278.0,8271.5,8273.0,53
2026-09-09 06:30:00+00:00,8273.0,8275.0,8268.5,8272.0,91
2026-09-09 06:35:00+00:00,8273.0,8274.0,8271.5,8272.0,42
2026-09-09 06:40:00+00:00,8272.0,8274.0,8269.0,8272.0,82
2026-09-09 06:45:00+00:00,8273.0,8274.0,8271.0,8273.5,22
2026-09-09 06:50:00+00:00,8273.0,8274.5,8270.5,8270.5,36
2026-09-09 06:55:00+00:00,8270.5,8274.0,8267.5,8269.0,249
2026-09-09 07:00:00+00:00,8269.5,8271.0,8255.5,8271.0,1939
2026-09-09 07:05:00+00:00,8271.5,8276.5,8269.5,8271.0,689
2026-09-09 07:10:00+00:00,8272.0,8280.0,8272.0,8275.0,484
2026-09-09 07:15:00+00:00,8274.5,8274.5,8264.5,8271.5,413
2026-09-09 07:20:00+00:00,8271.5,8280.5,8271.0,8275.5,515
2026-09-09 07:25:00+00:00,8275.5,8283.0,8272.5,8280.5,369
2026-09-09 07:30:00+00:00,8280.5,8281.5,8271.0,8271.0,286
2026-09-09 07:35:00+00:00,8271.0,8272.5,8261.0,8262.5,237
2026-09-09 07:40:00+00:00,8262.5,8267.0,8259.5,8265.5,291
2026-09-09 07:45:00+00:00,8265.0,8265.0,8255.0,8256.5,283
2026-09-09 07:50:00+00:00,8256.0,8256.5,8250.0,8254.0,431
2026-09-09 07:55:00+00:00,8254.5,8257.0,8252.5,8256.5,413
2026-09-09 08:00:00+00:00,8256.5,8261.5,8252.5,8259.0,342
2026-09-09 08:05:00+00:00,8259.0,8259.5,8251.5,8251.5,276
2026-09-09 08:10:00+00:00,8252.0,8254.0,8248.0,8248.5,352
2026-09-09 08:15:00+00:00,8248.5,8251.0,8247.0,8250.5,178
2026-09-09 08:20:00+00:00,8250.0,8250.0,8242.0,8244.5,270
2026-09-09 08:25:00+00:00,8245.0,8248.0,8243.5,8246.0,179
2026-09-09 08:30:00+00:00,8247.0,8250.5,8246.5,8247.0,197
2026-09-09 08:35:00+00:00,8247.5,8249.5,8245.5,8246.0,165
2026-09-09 08:40:00+00:00,8245.5,8248.0,8240.0,8241.5,323
2026-09-09 08:45:00+00:00,8241.5,8242.0,8236.5,8240.0,258
2026-09-09 08:50:00+00:00,8240.0,8247.5,8239.0,8246.5,333
2026-09-09 08:55:00+00:00,8247.0,8247.0,8239.5,8240.0,237
2026-09-09 09:00:00+00:00,8240.5,8244.5,8239.0,8240.0,406
2026-09-09 09:05:00+00:00,8239.5,8239.5,8236.0,8236.5,154
2026-09-09 09:10:00+00:00,8235.0,8239.0,8233.5,8238.5,196
2026-09-09 09:15:00+00:00,8238.5,8239.5,8232.5,8233.0,232
2026-09-09 09:20:00+00:00,8233.5,8235.0,8228.0,8230.0,521
2026-09-09 09:25:00+00:00,8229.5,8234.0,8229.0,8229.5,264
2026-09-09 09:30:00+00:00,8229.0,8234.0,8228.5,8228.5,363
2026-09-09 09:35:00+00:00,8228.0,8228.0,8221.5,8221.5,402
2026-09-09 09:40:00+00:00,8222.0,8222.5,8215.0,8216.5,312
2026-09-09 09:45:00+00:00,8216.0,8219.0,8214.5,8214.5,258
2026-09-09 09:50:00+00:00,8214.5,8217.5,8209.5,8210.5,314
2026-09-09 09:55:00+00:00,8210.5,8212.0,8205.0,8207.5,368
2026-09-09 10:00:00+00:00,8207.5,8210.0,8201.0,8206.5,431
2026-09-09 10:05:00+00:00,8206.5,8207.5,8201.5,8204.0,207
2026-09-09 10:10:00+00:00,8203.5,8207.5,8199.5,8201.5,230
2026-09-09 10:15:00+00:00,8201.0,8202.0,8198.0,8200.0,320
2026-09-09 10:20:00+00:00,8200.5,8201.0,8193.5,8193.5,320
2026-09-09 10:25:00+00:00,8194.0,8196.5,8191.0,8196.0,297
2026-09-09 10:30:00+00:00,8195.5,8196.5,8192.5,8194.0,273
2026-09-09 10:35:00+00:00,8193.0,8193.5,8187.5,8187.5,310
2026-09-09 10:40:00+00:00,8188.0,8188.5,8179.0,8179.5,419
2026-09-09 10:45:00+00:00,8180.0,8180.0,8171.5,8173.0,411
2026-09-09 10:50:00+00:00,8172.5,8174.0,8167.5,8174.0,382
2026-09-09 10:55:00+00:00,8174.0,8174.5,8165.5,8168.0,501
2026-09-09 11:00:00+00:00,8168.0,8173.5,8166.0,8170.5,464
2026-09-09 11:05:00+00:00,8170.0,8177.0,8168.5,8173.5,402
2026-09-09 11:10:00+00:00,8174.0,8177.5,8167.0,8168.0,306
2026-09-09 11:15:00+00:00,8167.5,8168.0,8163.0,8165.5,297
2026-09-09 11:20:00+00:00,8166.0,8168.0,8160.5,8166.5,304
2026-09-09 11:25:00+00:00,8166.0,8169.0,8161.0,8162.0,210
2026-09-09 11:30:00+00:00,8161.0,8161.0,8154.0,8160.0,306
2026-09-09 11:35:00+00:00,8159.5,8162.5,8157.0,8160.5,201
2026-09-09 11:40:00+00:00,8161.0,8165.5,8160.5,8164.0,215
2026-09-09 11:45:00+00:00,8164.5,8169.5,8158.0,8168.5,489
2026-09-09 11:50:00+00:00,8167.5,8174.0,8162.0,8162.0,574
2026-09-09 11:55:00+00:00,8161.5,8164.5,8155.5,8158.0,236
2026-09-09 12:00:00+00:00,8158.0,8158.0,8151.5,8152.5,276
2026-09-09 12:05:00+00:00,8153.0,8153.5,8147.0,8152.0,387
2026-09-09 12:10:00+00:00,8152.5,8154.5,8151.0,8152.5,188
2026-09-09 12:15:00+00:00,8152.5,8156.0,8150.5,8156.0,245
2026-09-09 12:20:00+00:00,8156.5,8168.5,8156.0,8167.5,266
2026-09-09 12:25:00+00:00,8168.0,8169.0,8162.5,8163.5,243
2026-09-09 12:30:00+00:00,8163.5,8172.5,8162.5,8172.5,263
2026-09-09 12:35:00+00:00,8172.0,8180.5,8172.0,8177.5,266
2026-09-09 12:40:00+00:00,8177.5,8185.0,8175.5,8185.0,223
2026-09-09 12:45:00+00:00,8184.5,8191.5,8184.0,8191.0,268
2026-09-09 12:50:00+00:00,8191.0,8194.5,8188.5,8191.5,313
2026-09-09 12:55:00+00:00,8192.5,8198.5,8192.5,8198.5,195
2026-09-09 13:00:00+00:00,8199.0,8208.0,8197.0,8206.5,316
2026-09-09 13:05:00+00:00,8206.0,8209.0,8201.5,8204.0,396
2026-09-09 13:10:00+00:00,8203.5,8203.5,8196.0,8196.0,238
2026-09-09 13:15:00+00:00,8196.0,8199.0,8195.0,8197.5,207
2026-09-09 13:20:00+00:00,8198.0,8198.0,8191.5,8193.0,204
2026-09-09 13:25:00+00:00,8193.5,8197.0,8192.0,8195.0,259
2026-09-09 13:30:00+00:00,8195.0,8198.5,8190.5,8193.5,512
2026-09-09 13:35:00+00:00,8194.0,8194.0,8184.0,8190.5,400
2026-09-09 13:40:00+00:00,8190.0,8200.5,8190.0,8200.5,303
2026-09-09 13:45:00+00:00,8200.5,8201.0,8195.0,8199.0,365
2026-09-09 13:50:00+00:00,8201.5,8203.5,8199.0,8201.0,248
2026-09-09 13:55:00+00:00,8200.5,8202.5,8194.5,8194.5,265
2026-09-09 14:00:00+00:00,8195.0,8198.0,8192.0,8193.5,367
2026-09-09 14:05:00+00:00,8194.0,8197.0,8192.5,8197.0,372
2026-09-09 14:10:00+00:00,8197.0,8197.5,8189.5,8191.5,306
2026-09-09 14:15:00+00:00,8191.5,8191.5,8173.0,8176.5,322
2026-09-09 14:20:00+00:00,8176.5,8178.0,8169.0,8169.5,480
2026-09-09 14:25:00+00:00,8169.5,8183.5,8169.5,8179.0,280
2026-09-09 14:30:00+00:00,8178.5,8178.5,8172.5,8174.0,184
2026-09-09 14:35:00+00:00,8173.5,8175.0,8171.0,8173.0,178
2026-09-09 14:40:00+00:00,8173.5,8174.5,8168.5,8170.0,274
2026-09-09 14:45:00+00:00,8170.5,8171.5,8159.5,8160.5,677
2026-09-09 14:50:00+00:00,8160.5,8161.0,8156.0,8157.5,345
2026-09-09 14:55:00+00:00,8158.0,8165.0,8154.5,8164.5,416
2026-09-09 15:00:00+00:00,8164.0,8169.0,8158.0,8158.0,608
2026-09-09 15:05:00+00:00,8158.0,8162.0,8153.5,8153.5,413
2026-09-09 15:10:00+00:00,8153.5,8160.0,8152.0,8159.0,442
2026-09-09 15:15:00+00:00,8158.5,8159.0,8153.5,8156.5,597
2026-09-09 15:20:00+00:00,8156.0,8159.5,8153.0,8157.0,526
2026-09-09 15:25:00+00:00,8157.0,8170.5,8155.5,8170.5,1533
2026-09-09 15:30:00+00:00,8170.5,8173.0,8159.0,8164.5,3722
2026-09-09 15:35:00+00:00,8164.0,8175.5,8162.5,8174.5,1511
2026-09-09 15:40:00+00:00,8174.5,8175.0,8164.5,8165.0,447
2026-09-09 15:45:00+00:00,8165.5,8168.5,8163.5,8166.0,176
2026-09-09 15:50:00+00:00,8166.5,8170.5,8162.5,8164.0,247
2026-09-09 15:55:00+00:00,8163.5,8164.5,8154.0,8158.0,426
2026-09-09 16:00:00+00:00,8157.0,8161.0,8154.5,8160.5,225
2026-09-09 16:05:00+00:00,8160.0,8161.0,8146.5,8146.5,322
2026-09-09 16:10:00+00:00,8146.5,8147.5,8143.0,8144.0,345
2026-09-09 16:15:00+00:00,8143.5,8144.0,8134.5,8137.0,454
2026-09-09 16:20:00+00:00,8137.0,8140.0,8132.0,8140.0,504
2026-09-09 16:25:00+00:00,8142.0,8144.0,8140.0,8142.0,227
2026-09-09 16:30:00+00:00,8141.0,8148.5,8139.5,8146.5,184
2026-09-09 16:35:00+00:00,8147.0,8148.5,8145.5,8146.5,115
2026-09-09 16:40:00+00:00,8149.0,8150.5,8148.0,8149.0,63
2026-09-09 16:45:00+00:00,8149.0,8150.5,8146.5,8150.0,49
2026-09-09 16:50:00+00:00,8150.0,8154.5,8150.0,8152.0,172
2026-09-09 16:55:00+00:00,8152.5,8154.0,8152.5,8152.5,27
2026-09-09 17:00:00+00:00,8152.5,8155.0,8149.5,8152.0,74
2026-09-09 17:05:00+00:00,8152.0,8156.0,8152.0,8154.5,64
2026-09-09 17:10:00+00:00,8154.0,8155.5,8152.5,8155.5,67
2026-09-09 17:15:00+00:00,8156.5,8157.0,8154.5,8155.0,38
2026-09-09 17:20:00+00:00,8155.5,8157.0,8154.0,8156.5,43
2026-09-09 17:25:00+00:00,8156.5,8157.5,8153.5,8154.0,32
2026-09-09 17:30:00+00:00,8154.5,8154.5,8151.0,8152.5,51
2026-09-09 17:35:00+00:00,8152.0,8152.5,8148.5,8149.5,61
2026-09-09 17:40:00+00:00,8149.5,8157.0,8149.5,8157.0,98
2026-09-09 17:45:00+00:00,8156.0,8160.5,8156.0,8158.5,113
2026-09-09 17:50:00+00:00,8158.5,8159.0,8156.5,8158.5,40
2026-09-09 17:55:00+00:00,8158.0,8158.0,8156.5,8157.0,31
2026-09-09 18:00:00+00:00,8155.5,8157.0,8153.0,8155.0,51
2026-09-09 18:05:00+00:00,8154.5,8154.5,8151.5,8152.0,27
2026-09-09 18:10:00+00:00,8152.0,8152.0,8151.0,8151.5,18
2026-09-09 18:15:00+00:00,8151.0,8154.0,8151.0,8154.0,50
2026-09-09 18:20:00+00:00,8154.0,8155.5,8153.5,8155.0,33
2026-09-09 18:25:00+00:00,8155.0,8156.5,8154.5,8156.0,41
2026-09-09 18:30:00+00:00,8155.5,8157.0,8153.5,8156.0,52
2026-09-09 18:35:00+00:00,8155.5,8158.0,8155.5,8158.0,46
2026-09-09 18:40:00+00:00,8158.0,8159.0,8157.0,8158.5,50
2026-09-09 18:45:00+00:00,8158.0,8160.0,8157.5,8158.0,74
2026-09-09 18:50:00+00:00,8157.5,8159.0,8156.5,8158.5,57
2026-09-09 18:55:00+00:00,8158.0,8159.0,8156.5,8158.0,40
2026-09-09 19:00:00+00:00,8158.0,8158.0,8153.5,8154.0,47
2026-09-09 19:05:00+00:00,8153.5,8161.5,8153.0,8161.0,50
2026-09-09 19:10:00+00:00,8160.5,8162.0,8160.0,8161.5,31
2026-09-09 19:15:00+00:00,8160.0,8161.5,8159.0,8160.5,54
2026-09-09 19:20:00+00:00,8161.0,8162.5,8158.5,8162.0,75
2026-09-09 19:25:00+00:00,8161.5,8162.5,8160.5,8160.5,22
2026-09-09 19:30:00+00:00,8160.0,8161.5,8159.0,8159.5,32
2026-09-09 19:35:00+00:00,8159.0,8160.5,8159.0,8159.5,30
2026-09-09 19:40:00+00:00,8159.5,8160.0,8157.0,8159.5,69
2026-09-09 19:45:00+00:00,8158.0,8160.5,8157.0,8159.5,107
2026-09-09 19:50:00+00:00,8158.5,8158.5,8154.0,8157.5,119
2026-09-09 19:55:00+00:00,8156.5,8160.5,8156.0,8158.0,195
2026-09-10 06:00:00+00:00,8171.5,8178.0,8168.5,8173.0,428
2026-09-10 06:05:00+00:00,8172.5,8174.0,8170.0,8170.0,47
2026-09-10 06:10:00+00:00,8171.5,8172.5,8167.0,8168.5,37
2026-09-10 06:15:00+00:00,8167.5,8168.5,8167.0,8167.5,9
2026-09-10 06:20:00+00:00,8167.5,8168.5,8167.0,8167.0,14
2026-09-10 06:25:00+00:00,8169.0,8173.0,8169.0,8173.0,51
2026-09-10 06:30:00+00:00,8173.5,8177.5,8172.5,8176.0,72
2026-09-10 06:35:00+00:00,8176.0,8178.5,8175.5,8178.0,56
2026-09-10 06:40:00+00:00,8178.5,8179.5,8177.0,8177.0,35
2026-09-10 06:45:00+00:00,8177.5,8183.0,8177.5,8181.5,56
2026-09-10 06:50:00+00:00,8182.0,8183.5,8177.0,8177.0,121
2026-09-10 06:55:00+00:00,8177.0,8186.5,8175.0,8181.5,398
2026-09-10 07:00:00+00:00,8182.5,8182.5,8168.5,8179.5,2225
2026-09-10 07:05:00+00:00,8179.5,8185.0,8175.5,8181.0,695
2026-09-10 07:10:00+00:00,8181.0,8191.0,8179.5,8189.5,559
2026-09-10 07:15:00+00:00,8189.0,8193.5,8185.0,8192.5,354
2026-09-10 07:20:00+00:00,8192.5,8196.5,8189.0,8195.5,385
2026-09-10 07:25:00+00:00,8195.0,8196.0,8185.5,8186.5,583
2026-09-10 07:30:00+00:00,8186.0,8188.5,8179.5,8183.0,314
2026-09-10 07:35:00+00:00,8183.0,8185.5,8180.0,8181.5,393
2026-09-10 07:40:00+00:00,8182.0,8182.5,8175.5,8182.0,288
2026-09-10 07:45:00+00:00,8181.5,8183.0,8175.0,8175.5,243
2026-09-10 07:50:00+00:00,8176.0,8181.5,8173.5,8176.5,302
2026-09-10 07:55:00+00:00,8176.5,8180.0,8176.5,8177.5,223
2026-09-10 08:00:00+00:00,8177.0,8182.5,8175.5,8176.5,323
2026-09-10 08:05:00+00:00,8176.5,8179.5,8173.5,8178.5,239
2026-09-10 08:10:00+00:00,8178.5,8180.0,8174.0,8176.5,206
2026-09-10 08:15:00+00:00,8177.0,8177.0,8171.0,8172.0,259
2026-09-10 08:20:00+00:00,8172.0,8181.0,8172.0,8179.5,403
2026-09-10 08:25:00+00:00,8179.5,8185.0,8177.0,8183.5,349
2026-09-10 08:30:00+00:00,8183.5,8186.0,8177.5,8178.0,238
2026-09-10 08:35:00+00:00,8177.5,8181.5,8174.5,8178.5,211
2026-09-10 08:40:00+00:00,8178.0,8180.0,8171.0,8173.5,175
2026-09-10 08:45:00+00:00,8174.0,8175.5,8169.0,8169.5,170
2026-09-10 08:50:00+00:00,8170.0,8172.5,8169.0,8172.5,233
2026-09-10 08:55:00+00:00,8173.0,8173.0,8166.0,8168.5,241
2026-09-10 09:00:00+00:00,8169.0,8172.0,8164.0,8171.5,197
2026-09-10 09:05:00+00:00,8171.5,8172.5,8169.0,8169.0,121
2026-09-10 09:10:00+00:00,8169.5,8171.5,8167.0,8170.0,161
2026-09-10 09:15:00+00:00,8170.5,8175.5,8169.5,8175.5,145
2026-09-10 09:20:00+00:00,8175.5,8177.5,8174.0,8174.0,211
2026-09-10 09:25:00+00:00,8174.0,8176.5,8170.5,8173.5,186
2026-09-10 09:30:00+00:00,8173.0,8173.5,8169.5,8173.0,140
2026-09-10 09:35:00+00:00,8173.0,8173.0,8165.0,8166.5,292
2026-09-10 09:40:00+00:00,8165.5,8170.0,8162.0,8170.0,354
2026-09-10 09:45:00+00:00,8169.5,8174.0,8168.5,8174.0,189
2026-09-10 09:50:00+00:00,8173.5,8175.0,8171.0,8173.5,260
2026-09-10 09:55:00+00:00,8173.5,8176.0,8171.5,8175.0,240
2026-09-10 10:00:00+00:00,8175.0,8180.0,8173.0,8178.5,128
2026-09-10 10:05:00+00:00,8178.0,8181.5,8175.0,8176.0,137
2026-09-10 10:10:00+00:00,8175.0,8180.0,8175.0,8179.0,203
2026-09-10 10:15:00+00:00,8178.5,8179.5,8175.5,8178.0,314
2026-09-10 10:20:00+00:00,8178.5,8181.0,8174.5,8175.5,284
2026-09-10 10:25:00+00:00,8176.0,8176.5,8172.0,8175.5,137
2026-09-10 10:30:00+00:00,8175.5,8176.5,8172.5,8174.0,139
2026-09-10 10:35:00+00:00,8174.5,8183.5,8173.5,8181.0,196
2026-09-10 10:40:00+00:00,8181.5,8185.5,8180.0,8183.0,185
2026-09-10 10:45:00+00:00,8182.5,8184.0,8178.5,8184.0,205
2026-09-10 10:50:00+00:00,8184.0,8184.0,8180.0,8180.5,150
2026-09-10 10:55:00+00:00,8179.5,8190.0,8178.5,8178.5,516
2026-09-10 11:00:00+00:00,8178.0,8179.5,8173.5,8179.5,270
2026-09-10 11:05:00+00:00,8180.0,8181.0,8174.5,8176.0,155
2026-09-10 11:10:00+00:00,8176.5,8178.5,8173.0,8178.5,171
2026-09-10 11:15:00+00:00,8178.5,8178.5,8175.0,8175.5,112
2026-09-10 11:20:00+00:00,8175.5,8175.5,8172.5,8175.0,142
2026-09-10 11:25:00+00:00,8175.5,8176.0,8173.5,8174.0,86
2026-09-10 11:30:00+00:00,8174.5,8180.5,8173.5,8179.5,212
2026-09-10 11:35:00+00:00,8179.5,8181.5,8179.5,8181.0,86
2026-09-10 11:40:00+00:00,8181.5,8182.5,8178.5,8182.5,135
2026-09-10 11:45:00+00:00,8182.5,8183.0,8177.5,8177.5,142
2026-09-10 11:50:00+00:00,8177.0,8177.0,8168.0,8171.5,304
2026-09-10 11:55:00+00:00,8171.0,8171.0,8162.0,8162.0,254
2026-09-10 12:00:00+00:00,8161.5,8163.0,8157.5,8158.0,487
2026-09-10 12:05:00+00:00,8158.0,8162.0,8155.0,8155.0,298
2026-09-10 12:10:00+00:00,8155.0,8162.5,8154.0,8162.5,424
2026-09-10 12:15:00+00:00,8162.0,8166.0,8148.0,8150.0,1110
2026-09-10 12:20:00+00:00,8150.0,8150.5,8140.5,8143.0,667
2026-09-10 12:25:00+00:00,8144.0,8144.5,8137.5,8140.0,296
2026-09-10 12:30:00+00:00,8140.0,8143.0,8119.5,8122.5,800
2026-09-10 12:35:00+00:00,8123.5,8131.5,8121.0,8131.0,820
2026-09-10 12:40:00+00:00,8131.0,8133.0,8126.0,8130.0,596
2026-09-10 12:45:00+00:00,8129.5,8137.0,8125.5,8135.5,371
2026-09-10 12:50:00+00:00,8135.0,8141.0,8133.0,8138.5,409
2026-09-10 12:55:00+00:00,8138.0,8138.0,8129.5,8133.5,256
2026-09-10 13:00:00+00:00,8134.0,8136.5,8126.0,8133.5,563
2026-09-10 13:05:00+00:00,8133.5,8137.0,8129.0,8129.0,268
2026-09-10 13:10:00+00:00,8129.0,8133.5,8128.5,8132.0,266
2026-09-10 13:15:00+00:00,8132.5,8137.0,8128.5,8130.0,609
2026-09-10 13:20:00+00:00,8129.5,8131.5,8124.0,8130.0,269
2026-09-10 13:25:00+00:00,8130.5,8142.0,8129.0,8141.0,341
2026-09-10 13:30:00+00:00,8141.0,8150.0,8139.5,8141.0,679
2026-09-10 13:35:00+00:00,8140.5,8146.5,8137.5,8142.5,363
2026-09-10 13:40:00+00:00,8142.5,8146.0,8133.5,8133.5,356
2026-09-10 13:45:00+00:00,8134.0,8136.0,8128.5,8130.5,458
2026-09-10 13:50:00+00:00,8130.0,8130.0,8120.5,8121.5,437
2026-09-10 13:55:00+00:00,8122.0,8126.0,8120.0,8121.0,380
2026-09-10 14:00:00+00:00,8121.5,8135.0,8120.5,8131.5,371
2026-09-10 14:05:00+00:00,8130.5,8132.5,8128.0,8129.5,271
2026-09-10 14:10:00+00:00,8130.0,8132.0,8127.5,8127.5,251
2026-09-10 14:15:00+00:00,8127.0,8138.5,8125.5,8137.5,272
2026-09-10 14:20:00+00:00,8136.0,8154.5,8135.5,8148.0,889
2026-09-10 14:25:00+00:00,8148.0,8152.0,8135.5,8136.0,427
2026-09-10 14:30:00+00:00,8135.5,8137.5,8131.5,8133.5,354
2026-09-10 14:35:00+00:00,8133.0,8138.0,8130.0,8130.0,219
2026-09-10 14:40:00+00:00,8130.0,8131.5,8123.0,8123.0,248
2026-09-10 14:45:00+00:00,8123.5,8125.0,8119.0,8125.0,268
2026-09-10 14:50:00+00:00,8125.0,8129.5,8124.5,8126.5,252
2026-09-10 14:55:00+00:00,8126.5,8129.0,8124.0,8126.5,263
2026-09-10 15:00:00+00:00,8126.5,8126.5,8119.0,8122.0,362
2026-09-10 15:05:00+00:00,8121.5,8127.5,8121.5,8122.5,197
2026-09-10 15:10:00+00:00,8122.5,8125.5,8118.0,8120.5,588
2026-09-10 15:15:00+00:00,8120.0,8125.0,8120.0,8125.0,459
2026-09-10 15:20:00+00:00,8125.0,8128.5,8122.5,8127.5,395
2026-09-10 15:25:00+00:00,8127.0,8130.0,8124.5,8125.0,708
2026-09-10 15:30:00+00:00,8125.0,8127.5,8116.0,8119.0,2144
2026-09-10 15:35:00+00:00,8118.5,8126.0,8118.0,8119.5,1260
2026-09-10 15:40:00+00:00,8119.5,8125.5,8119.5,8124.0,208
2026-09-10 15:45:00+00:00,8124.5,8126.0,8118.5,8121.5,165
2026-09-10 15:50:00+00:00,8121.5,8125.0,8119.0,8121.0,138
2026-09-10 15:55:00+00:00,8120.5,8121.5,8118.5,8120.0,139
2026-09-10 16:00:00+00:00,8120.5,8123.0,8120.0,8121.0,120
2026-09-10 16:05:00+00:00,8121.0,8122.0,8118.0,8118.5,130
2026-09-10 16:10:00+00:00,8118.0,8121.5,8117.5,8120.0,138
2026-09-10 16:15:00+00:00,8118.5,8120.0,8114.5,8115.5,134
2026-09-10 16:20:00+00:00,8116.0,8118.0,8113.5,8115.5,199
2026-09-10 16:25:00+00:00,8115.0,8117.0,8112.5,8117.0,124
2026-09-10 16:30:00+00:00,8117.5,8123.5,8117.0,8117.0,572
2026-09-10 16:35:00+00:00,8117.0,8121.0,8117.0,8121.0,57
2026-09-10 16:40:00+00:00,8121.0,8122.0,8120.0,8122.0,42
2026-09-10 16:45:00+00:00,8122.0,8126.5,8122.0,8123.5,141
2026-09-10 16:50:00+00:00,8123.0,8127.0,8123.0,8124.5,61
2026-09-10 16:55:00+00:00,8125.0,8126.5,8124.0,8125.0,39
2026-09-10 17:00:00+00:00,8125.0,8131.0,8121.5,8122.0,151
2026-09-10 17:05:00+00:00,8124.5,8127.0,8123.0,8125.0,85
2026-09-10 17:10:00+00:00,8125.5,8126.5,8122.5,8122.5,81
2026-09-10 17:15:00+00:00,8121.0,8121.0,8119.0,8121.0,50
2026-09-10 17:20:00+00:00,8120.5,8121.5,8118.5,8118.5,19
2026-09-10 17:25:00+00:00,8119.0,8120.0,8117.5,8120.0,27
2026-09-10 17:30:00+00:00,8120.5,8120.5,8118.0,8119.5,36
2026-09-10 17:35:00+00:00,8119.0,8121.5,8117.5,8117.5,23
2026-09-10 17:40:00+00:00,8117.0,8119.0,8115.5,8117.5,97
2026-09-10 17:45:00+00:00,8117.0,8118.0,8114.0,8118.0,142
2026-09-10 17:50:00+00:00,8117.0,8117.5,8115.0,8117.0,32
2026-09-10 17:55:00+00:00,8117.0,8117.5,8115.5,8117.0,21
2026-09-10 18:00:00+00:00,8117.5,8120.0,8114.0,8115.0,47
2026-09-10 18:05:00+00:00,8115.0,8117.0,8112.0,8112.0,63
2026-09-10 18:10:00+00:00,8111.5,8113.0,8109.5,8113.0,59
2026-09-10 18:15:00+00:00,8111.5,8112.5,8109.5,8111.0,37
2026-09-10 18:20:00+00:00,8111.0,8113.0,8111.0,8113.0,25
2026-09-10 18:25:00+00:00,8112.0,8112.5,8109.5,8111.0,38
2026-09-10 18:30:00+00:00,8110.5,8112.0,8108.5,8112.0,45
2026-09-10 18:35:00+00:00,8113.0,8114.0,8111.0,8114.0,22
2026-09-10 18:40:00+00:00,8113.5,8114.0,8113.0,8113.0,22
2026-09-10 18:45:00+00:00,8113.5,8114.5,8110.0,8112.0,77
2026-09-10 18:50:00+00:00,8111.0,8119.0,8110.5,8116.0,122
2026-09-10 18:55:00+00:00,8115.0,8116.5,8113.0,8115.0,42
2026-09-10 19:00:00+00:00,8115.0,8115.0,8110.5,8111.0,39
2026-09-10 19:05:00+00:00,8110.5,8114.5,8109.0,8114.5,88
2026-09-10 19:10:00+00:00,8114.0,8114.0,8109.0,8109.5,62
2026-09-10 19:15:00+00:00,8109.5,8110.5,8108.0,8108.5,78
2026-09-10 19:20:00+00:00,8108.0,8112.5,8108.0,8112.5,57
2026-09-10 19:25:00+00:00,8113.0,8115.5,8112.0,8115.5,66
2026-09-10 19:30:00+00:00,8116.0,8118.0,8115.5,8117.5,110
2026-09-10 19:35:00+00:00,8117.0,8117.5,8114.5,8116.0,78
2026-09-10 19:40:00+00:00,8116.0,8116.5,8114.5,8115.5,99
2026-09-10 19:45:00+00:00,8115.0,8116.0,8113.0,8115.0,106
2026-09-10 19:50:00+00:00,8115.0,8116.0,8113.5,8116.0,145
2026-09-10 19:55:00+00:00,8115.5,8119.0,8112.5,8119.0,236
2026-09-11 06:00:00+00:00,8141.0,8152.0,8129.0,8148.0,585
2026-09-11 06:05:00+00:00,8147.5,8157.0,8147.5,8153.5,176
2026-09-11 06:10:00+00:00,8154.0,8155.5,8147.0,8152.5,320
2026-09-11 06:15:00+00:00,8151.5,8156.0,8149.0,8150.5,49
2026-09-11 06:20:00+00:00,8151.0,8152.0,8150.0,8150.0,7
2026-09-11 06:25:00+00:00,8150.5,8151.5,8149.0,8151.5,16
2026-09-11 06:30:00+00:00,8153.0,8158.0,8149.0,8149.5,71
2026-09-11 06:35:00+00:00,8150.0,8154.5,8148.5,8153.5,45
2026-09-11 06:40:00+00:00,8154.0,8155.5,8152.0,8155.5,30
2026-09-11 06:45:00+00:00,8157.0,8164.5,8151.5,8161.5,130
2026-09-11 06:50:00+00:00,8162.5,8163.5,8158.5,8161.0,95
2026-09-11 06:55:00+00:00,8160.0,8169.5,8159.5,8164.0,333
2026-09-11 07:00:00+00:00,8164.5,8171.0,8160.5,8167.5,1974
2026-09-11 07:05:00+00:00,8167.0,8172.0,8163.5,8167.0,544
2026-09-11 07:10:00+00:00,8167.5,8173.5,8163.5,8164.0,421
2026-09-11 07:15:00+00:00,8164.0,8168.0,8161.0,8163.0,481
2026-09-11 07:20:00+00:00,8164.0,8168.0,8162.5,8164.5,412
2026-09-11 07:25:00+00:00,8164.0,8164.5,8158.0,8158.0,301
2026-09-11 07:30:00+00:00,8158.0,8161.5,8151.5,8153.0,383
2026-09-11 07:35:00+00:00,8153.5,8160.0,8153.5,8157.5,352
2026-09-11 07:40:00+00:00,8157.5,8160.0,8155.0,8158.5,362
2026-09-11 07:45:00+00:00,8158.5,8159.5,8152.0,8153.0,290
2026-09-11 07:50:00+00:00,8152.0,8154.5,8147.0,8154.0,384
2026-09-11 07:55:00+00:00,8154.0,8157.5,8153.0,8155.5,353
2026-09-11 08:00:00+00:00,8156.5,8159.5,8147.5,8148.5,349
2026-09-11 08:05:00+00:00,8149.0,8151.0,8143.5,8144.0,263
2026-09-11 08:10:00+00:00,8145.0,8157.5,8144.5,8155.0,418
2026-09-11 08:15:00+00:00,8154.0,8157.5,8152.0,8155.0,319
2026-09-11 08:20:00+00:00,8155.5,8172.5,8154.0,8164.0,800
2026-09-11 08:25:00+00:00,8163.5,8164.5,8160.0,8161.5,247
2026-09-11 08:30:00+00:00,8161.0,8170.0,8160.5,8169.5,171
2026-09-11 08:35:00+00:00,8170.5,8170.5,8164.0,8164.5,122
2026-09-11 08:40:00+00:00,8164.5,8166.0,8157.0,8157.0,203
2026-09-11 08:45:00+00:00,8156.0,8163.5,8155.0,8161.5,338
2026-09-11 08:50:00+00:00,8161.5,8167.5,8161.0,8164.0,303
2026-09-11 08:55:00+00:00,8164.5,8169.5,8164.5,8169.0,302
2026-09-11 09:00:00+00:00,8170.0,8173.5,8167.5,8167.5,378
2026-09-11 09:05:00+00:00,8168.0,8168.5,8162.0,8162.5,272
2026-09-11 09:10:00+00:00,8162.0,8163.5,8161.0,8161.5,330
2026-09-11 09:15:00+00:00,8160.5,8162.0,8157.5,8159.5,543
2026-09-11 09:20:00+00:00,8160.5,8162.5,8158.5,8160.0,284
2026-09-11 09:25:00+00:00,8159.5,8162.0,8158.5,8160.5,359
2026-09-11 09:30:00+00:00,8161.0,8163.5,8160.5,8161.0,280
2026-09-11 09:35:00+00:00,8161.0,8164.0,8160.5,8163.5,182
2026-09-11 09:40:00+00:00,8163.5,8166.0,8162.5,8163.0,487
2026-09-11 09:45:00+00:00,8163.5,8165.5,8161.5,8164.5,613
2026-09-11 09:50:00+00:00,8165.0,8166.5,8163.0,8165.0,663
2026-09-11 09:55:00+00:00,8165.0,8168.0,8163.5,8165.0,461
2026-09-11 10:00:00+00:00,8165.5,8170.5,8156.0,8170.5,485
2026-09-11 10:05:00+00:00,8169.5,8173.5,8169.0,8173.5,174
2026-09-11 10:10:00+00:00,8173.5,8174.5,8171.0,8172.5,212
2026-09-11 10:15:00+00:00,8172.0,8172.0,8169.0,8170.5,117
2026-09-11 10:20:00+00:00,8171.0,8173.0,8168.0,8172.0,100
2026-09-11 10:25:00+00:00,8171.5,8173.0,8170.0,8170.5,77
2026-09-11 10:30:00+00:00,8171.0,8177.0,8171.0,8174.5,159
2026-09-11 10:35:00+00:00,8174.5,8175.5,8170.0,8172.5,147
2026-09-11 10:40:00+00:00,8172.0,8175.0,8170.5,8172.5,115
2026-09-11 10:45:00+00:00,8172.5,8174.5,8170.0,8172.0,121
2026-09-11 10:50:00+00:00,8172.0,8173.0,8170.5,8172.5,81
2026-09-11 10:55:00+00:00,8172.0,8173.5,8169.5,8170.0,130
2026-09-11 11:00:00+00:00,8170.5,8175.0,8169.0,8173.0,209
2026-09-11 11:05:00+00:00,8173.0,8173.5,8170.5,8171.0,121
2026-09-11 11:10:00+00:00,8170.5,8170.5,8168.5,8170.0,106
2026-09-11 11:15:00+00:00,8170.5,8173.0,8169.5,8171.0,101
2026-09-11 11:20:00+00:00,8171.5,8172.0,8169.5,8172.0,77
2026-09-11 11:25:00+00:00,8172.5,8175.5,8172.0,8173.5,88
2026-09-11 11:30:00+00:00,8174.0,8176.0,8169.5,8169.5,139
2026-09-11 11:35:00+00:00,8169.5,8170.0,8167.0,8169.0,138
2026-09-11 11:40:00+00:00,8169.0,8170.5,8167.5,8170.5,110
2026-09-11 11:45:00+00:00,8170.0,8170.5,8166.5,8169.0,81
2026-09-11 11:50:00+00:00,8168.5,8169.5,8167.5,8169.0,121
2026-09-11 11:55:00+00:00,8169.0,8172.5,8167.5,8170.5,117
2026-09-11 12:00:00+00:00,8170.0,8170.5,8164.5,8165.0,252
2026-09-11 12:05:00+00:00,8165.5,8166.0,8161.5,8164.0,105
2026-09-11 12:10:00+00:00,8164.5,8170.5,8164.0,8167.0,135
2026-09-11 12:15:00+00:00,8166.5,8173.0,8166.5,8171.5,187
2026-09-11 12:20:00+00:00,8171.5,8175.0,8171.0,8171.5,213
2026-09-11 12:25:00+00:00,8171.5,8182.5,8171.0,8182.5,342
2026-09-11 12:30:00+00:00,8182.0,8188.0,8155.5,8178.0,919
2026-09-11 12:35:00+00:00,8178.5,8189.0,8177.0,8189.0,347
2026-09-11 12:40:00+00:00,8189.5,8191.0,8184.5,8185.5,405
2026-09-11 12:45:00+00:00,8185.5,8189.0,8181.5,8188.5,247
2026-09-11 12:50:00+00:00,8188.0,8197.5,8188.0,8195.0,331
2026-09-11 12:55:00+00:00,8195.5,8208.5,8195.5,8208.0,307
2026-09-11 13:00:00+00:00,8208.5,8213.0,8205.5,8206.5,698
2026-09-11 13:05:00+00:00,8206.5,8212.5,8203.5,8207.0,293
2026-09-11 13:10:00+00:00,8206.5,8206.5,8196.5,8198.0,294
2026-09-11 13:15:00+00:00,8199.0,8199.5,8191.0,8192.0,189
2026-09-11 13:20:00+00:00,8192.5,8192.5,8189.0,8192.0,240
2026-09-11 13:25:00+00:00,8191.5,8210.5,8190.5,8205.5,619
2026-09-11 13:30:00+00:00,8205.5,8207.5,8192.0,8198.0,497
2026-09-11 13:35:00+00:00,8197.5,8201.5,8191.5,8199.5,526
2026-09-11 13:40:00+00:00,8199.5,8205.5,8188.0,8193.0,1104
2026-09-11 13:45:00+00:00,8192.5,8205.0,8192.0,8201.0,619
2026-09-11 13:50:00+00:00,8201.0,8202.0,8193.5,8198.5,445
2026-09-11 13:55:00+00:00,8198.5,8206.5,8196.0,8206.5,363
2026-09-11 14:00:00+00:00,8207.0,8207.0,8187.5,8190.5,689
2026-09-11 14:05:00+00:00,8190.0,8190.0,8183.5,8187.5,492
2026-09-11 14:10:00+00:00,8187.0,8189.5,8181.5,8188.5,478
2026-09-11 14:15:00+00:00,8189.0,8190.0,8184.5,8189.0,480
2026-09-11 14:20:00+00:00,8189.0,8189.0,8176.0,8176.0,374
2026-09-11 14:25:00+00:00,8175.5,8180.0,8174.0,8178.5,399
2026-09-11 14:30:00+00:00,8178.5,8182.0,8174.0,8174.0,263
2026-09-11 14:35:00+00:00,8174.0,8174.0,8167.5,8168.5,268
2026-09-11 14:40:00+00:00,8169.0,8173.0,8167.0,8172.0,287
2026-09-11 14:45:00+00:00,8171.0,8181.5,8168.5,8179.0,670
2026-09-11 14:50:00+00:00,8178.5,8180.0,8174.0,8175.5,387
2026-09-11 14:55:00+00:00,8176.0,8176.5,8171.0,8175.0,307
2026-09-11 15:00:00+00:00,8175.0,8180.5,8172.5,8177.0,452
2026-09-11 15:05:00+00:00,8176.5,8183.0,8175.5,8179.0,389
2026-09-11 15:10:00+00:00,8179.0,8179.0,8174.0,8175.5,205
2026-09-11 15:15:00+00:00,8174.5,8182.5,8174.5,8182.0,442
2026-09-11 15:20:00+00:00,8182.5,8186.0,8180.0,8180.5,480
2026-09-11 15:25:00+00:00,8181.0,8185.5,8180.0,8181.0,895
2026-09-11 15:30:00+00:00,8181.5,8188.5,8178.5,8185.5,2278
2026-09-11 15:35:00+00:00,8185.0,8187.0,8175.5,8180.5,1247
2026-09-11 15:40:00+00:00,8181.0,8184.0,8178.5,8182.0,166
2026-09-11 15:45:00+00:00,8181.5,8183.0,8178.0,8182.5,82
2026-09-11 15:50:00+00:00,8183.0,8185.5,8178.5,8179.5,146
2026-09-11 15:55:00+00:00,8179.0,8180.0,8176.0,8178.0,70
2026-09-11 16:00:00+00:00,8179.0,8183.0,8177.5,8181.0,99
2026-09-11 16:05:00+00:00,8182.0,8184.5,8178.5,8180.0,177
2026-09-11 16:10:00+00:00,8179.5,8182.5,8178.5,8179.0,53
2026-09-11 16:15:00+00:00,8178.5,8181.0,8177.0,8180.0,66
2026-09-11 16:20:00+00:00,8179.5,8180.5,8179.0,8180.5,30
2026-09-11 16:25:00+00:00,8180.0,8183.5,8175.5,8175.5,186
2026-09-11 16:30:00+00:00,8176.5,8187.0,8175.0,8185.5,90
2026-09-11 16:35:00+00:00,8185.5,8186.0,8182.5,8182.5,24
2026-09-11 16:40:00+00:00,8181.0,8185.5,8181.0,8185.0,24
2026-09-11 16:45:00+00:00,8185.0,8186.5,8184.5,8184.5,29
2026-09-11 16:50:00+00:00,8184.5,8186.5,8183.0,8186.5,103
2026-09-11 16:55:00+00:00,8186.5,8190.0,8186.5,8189.0,87
2026-09-11 17:00:00+00:00,8188.0,8188.5,8187.5,8188.0,23
2026-09-11 17:05:00+00:00,8188.0,8192.0,8188.0,8188.5,67
2026-09-11 17:10:00+00:00,8188.0,8189.5,8186.5,8186.5,56
2026-09-11 17:15:00+00:00,8185.5,8187.0,8184.5,8186.5,46
2026-09-11 17:20:00+00:00,8186.5,8191.5,8186.5,8191.5,39
2026-09-11 17:25:00+00:00,8192.5,8193.0,8191.0,8192.5,25
2026-09-11 17:30:00+00:00,8191.5,8192.5,8189.5,8189.5,12
2026-09-11 17:35:00+00:00,8190.0,8190.5,8187.5,8188.0,22
2026-09-11 17:40:00+00:00,8188.0,8188.0,8185.0,8186.0,17
2026-09-11 17:45:00+00:00,8185.0,8185.5,8184.5,8185.0,22
2026-09-11 17:50:00+00:00,8187.0,8187.5,8186.0,8187.5,11
2026-09-11 17:55:00+00:00,8186.0,8186.5,8186.0,8186.5,7
2026-09-11 18:00:00+00:00,8185.0,8187.0,8185.0,8187.0,19
2026-09-11 18:05:00+00:00,8186.0,8187.5,8185.0,8187.5,14
2026-09-11 18:10:00+00:00,8187.0,8187.5,8187.0,8187.0,7
2026-09-11 18:15:00+00:00,8186.5,8186.5,8184.0,8184.0,30
2026-09-11 18:20:00+00:00,8185.0,8185.0,8177.0,8178.5,258
2026-09-11 18:25:00+00:00,8179.5,8182.0,8178.0,8181.5,52
2026-09-11 18:30:00+00:00,8181.0,8182.5,8177.0,8179.5,17
2026-09-11 18:35:00+00:00,8180.0,8180.0,8178.5,8178.5,11
2026-09-11 18:40:00+00:00,8177.5,8179.5,8177.5,8179.5,12
2026-09-11 18:45:00+00:00,8178.5,8179.5,8176.5,8176.5,24
2026-09-11 18:50:00+00:00,8177.0,8177.5,8176.0,8176.5,24
2026-09-11 18:55:00+00:00,8176.5,8177.5,8176.0,8176.0,13
2026-09-11 19:00:00+00:00,8176.5,8177.5,8175.0,8176.5,17
2026-09-11 19:05:00+00:00,8176.0,8176.5,8174.5,8175.5,31
2026-09-11 19:10:00+00:00,8175.0,8176.0,8174.5,8176.0,38
2026-09-11 19:15:00+00:00,8176.5,8178.0,8175.5,8175.5,34
2026-09-11 19:20:00+00:00,8175.0,8175.5,8174.5,8175.0,49
2026-09-11 19:25:00+00:00,8175.0,8177.5,8174.5,8175.5,97
2026-09-11 19:30:00+00:00,8176.5,8177.5,8175.5,8177.5,40
2026-09-11 19:35:00+00:00,8177.5,8177.5,8176.0,8177.0,21
2026-09-11 19:40:00+00:00,8177.5,8178.0,8176.0,8177.5,23
2026-09-11 19:45:00+00:00,8178.0,8179.5,8176.5,8176.5,70
2026-09-11 19:50:00+00:00,8176.0,8181.0,8176.0,8180.0,61
2026-09-11 19:55:00+00:00,8179.0,8182.0,8174.5,8177.0,167
2026-09-14 06:00:00+00:00,8164.0,8167.5,8160.5,8161.0,583
2026-09-14 06:05:00+00:00,8162.5,8166.0,8161.5,8165.0,143
2026-09-14 06:10:00+00:00,8165.0,8171.0,8165.0,8169.5,76
2026-09-14 06:15:00+00:00,8169.5,8173.0,8169.5,8171.0,48
2026-09-14 06:20:00+00:00,8171.5,8171.5,8165.0,8168.5,72
2026-09-14 06:25:00+00:00,8169.0,8171.0,8167.5,8168.0,74
2026-09-14 06:30:00+00:00,8168.0,8168.0,8162.0,8164.0,130
2026-09-14 06:35:00+00:00,8163.0,8163.0,8157.0,8158.5,91
2026-09-14 06:40:00+00:00,8158.5,8158.5,8151.5,8156.0,107
2026-09-14 06:45:00+00:00,8156.5,8160.0,8156.5,8158.0,39
2026-09-14 06:50:00+00:00,8159.0,8162.5,8155.5,8160.0,70
2026-09-14 06:55:00+00:00,8161.0,8164.0,8145.0,8145.0,401
2026-09-14 07:00:00+00:00,8145.0,8151.0,8132.5,8149.5,2113
2026-09-14 07:05:00+00:00,8150.5,8167.5,8150.5,8166.5,942
2026-09-14 07:10:00+00:00,8166.0,8169.0,8158.0,8162.5,556
2026-09-14 07:15:00+00:00,8162.0,8162.5,8154.0,8157.5,553
2026-09-14 07:20:00+00:00,8157.0,8161.5,8149.5,8161.0,455
2026-09-14 07:25:00+00:00,8161.5,8166.0,8154.0,8154.0,418
2026-09-14 07:30:00+00:00,8154.0,8156.5,8145.5,8147.0,391
2026-09-14 07:35:00+00:00,8147.0,8147.0,8137.5,8140.5,330
2026-09-14 07:40:00+00:00,8141.0,8142.0,8136.0,8138.5,334
2026-09-14 07:45:00+00:00,8139.5,8140.0,8129.5,8131.0,336
2026-09-14 07:50:00+00:00,8132.0,8132.0,8124.5,8130.0,456
2026-09-14 07:55:00+00:00,8129.5,8141.0,8128.5,8140.5,445
2026-09-14 08:00:00+00:00,8141.0,8149.0,8134.0,8142.5,462
2026-09-14 08:05:00+00:00,8143.0,8147.5,8141.0,8145.0,264
2026-09-14 08:10:00+00:00,8145.5,8145.5,8130.5,8135.0,249
2026-09-14 08:15:00+00:00,8135.5,8135.5,8120.5,8122.0,385
2026-09-14 08:20:00+00:00,8122.0,8130.0,8121.5,8122.5,276
2026-09-14 08:25:00+00:00,8121.0,8124.5,8119.0,8119.5,307
2026-09-14 08:30:00+00:00,8119.0,8124.5,8118.5,8123.5,371
2026-09-14 08:35:00+00:00,8123.5,8128.5,8122.0,8128.5,425
2026-09-14 08:40:00+00:00,8129.5,8130.0,8124.0,8127.0,201
2026-09-14 08:45:00+00:00,8127.5,8130.5,8119.0,8122.0,263
2026-09-14 08:50:00+00:00,8122.5,8124.0,8119.5,8120.5,191
2026-09-14 08:55:00+00:00,8120.5,8130.5,8120.0,8130.0,216
2026-09-14 09:00:00+00:00,8130.5,8131.0,8121.0,8121.0,250
2026-09-14 09:05:00+00:00,8122.0,8125.5,8121.0,8122.0,264
2026-09-14 09:10:00+00:00,8122.0,8124.5,8115.0,8118.0,237
2026-09-14 09:15:00+00:00,8117.5,8118.5,8114.0,8116.5,331
2026-09-14 09:20:00+00:00,8117.0,8119.0,8106.5,8109.0,392
2026-09-14 09:25:00+00:00,8109.5,8122.5,8107.0,8122.0,406
2026-09-14 09:30:00+00:00,8122.0,8123.5,8117.0,8119.0,918
2026-09-14 09:35:00+00:00,8119.0,8124.5,8117.0,8120.0,228
2026-09-14 09:40:00+00:00,8120.5,8127.5,8117.0,8118.0,438
2026-09-14 09:45:00+00:00,8119.0,8121.5,8116.5,8120.0,280
2026-09-14 09:50:00+00:00,8119.5,8123.5,8116.5,8120.5,211
2026-09-14 09:55:00+00:00,8120.5,8126.5,8120.5,8126.0,176
2026-09-14 10:00:00+00:00,8126.5,8127.0,8117.0,8117.0,175
2026-09-14 10:05:00+00:00,8117.5,8122.5,8116.5,8122.5,157
2026-09-14 10:10:00+00:00,8123.5,8126.0,8121.5,8124.0,158
2026-09-14 10:15:00+00:00,8123.5,8126.5,8121.0,8126.5,137
2026-09-14 10:20:00+00:00,8125.5,8132.0,8125.5,8126.5,167
2026-09-14 10:25:00+00:00,8126.5,8129.5,8126.0,8127.5,152
2026-09-14 10:30:00+00:00,8127.5,8131.0,8127.0,8130.5,212
2026-09-14 10:35:00+00:00,8130.5,8135.5,8130.5,8133.0,300
2026-09-14 10:40:00+00:00,8133.0,8135.5,8129.0,8131.0,124
2026-09-14 10:45:00+00:00,8131.5,8135.0,8131.5,8132.0,140
2026-09-14 10:50:00+00:00,8132.0,8133.5,8130.5,8131.0,119
2026-09-14 10:55:00+00:00,8131.0,8134.0,8128.5,8132.5,110
2026-09-14 11:00:00+00:00,8132.0,8134.5,8129.0,8134.0,320
2026-09-14 11:05:00+00:00,8134.5,8135.0,8130.5,8132.0,159
2026-09-14 11:10:00+00:00,8131.5,8132.5,8128.0,8130.0,141
2026-09-14 11:15:00+00:00,8130.0,8133.5,8128.5,8129.5,131
2026-09-14 11:20:00+00:00,8130.5,8132.0,8127.0,8132.0,106
2026-09-14 11:25:00+00:00,8131.5,8131.5,8128.0,8129.5,101
2026-09-14 11:30:00+00:00,8129.0,8130.5,8124.5,8125.0,144
2026-09-14 11:35:00+00:00,8125.0,8125.0,8120.0,8121.0,197
2026-09-14 11:40:00+00:00,8121.5,8129.0,8121.5,8128.0,182
2026-09-14 11:45:00+00:00,8128.0,8131.0,8125.0,8126.5,139
2026-09-14 11:50:00+00:00,8126.0,8127.0,8122.0,8123.0,120
2026-09-14 11:55:00+00:00,8123.0,8124.0,8121.0,8123.0,127
2026-09-14 12:00:00+00:00,8122.5,8122.5,8116.0,8117.5,145
2026-09-14 12:05:00+00:00,8117.5,8119.5,8115.5,8117.0,195
2026-09-14 12:10:00+00:00,8117.5,8122.0,8114.5,8116.5,97
2026-09-14 12:15:00+00:00,8116.0,8125.5,8116.0,8118.0,504
2026-09-14 12:20:00+00:00,8118.0,8119.5,8109.5,8111.0,329
2026-09-14 12:25:00+00:00,8111.5,8111.5,8107.0,8109.5,251
2026-09-14 12:30:00+00:00,8108.5,8112.5,8106.5,8109.0,251
2026-09-14 12:35:00+00:00,8109.5,8109.5,8099.5,8103.5,498
2026-09-14 12:40:00+00:00,8104.0,8114.0,8100.5,8111.5,391
2026-09-14 12:45:00+00:00,8112.5,8114.0,8106.5,8110.0,188
2026-09-14 12:50:00+00:00,8110.5,8115.0,8110.0,8110.5,194
2026-09-14 12:55:00+00:00,8111.0,8116.0,8108.0,8115.5,167
2026-09-14 13:00:00+00:00,8115.0,8115.5,8104.5,8106.5,232
2026-09-14 13:05:00+00:00,8106.0,8108.5,8104.0,8105.5,154
2026-09-14 13:10:00+00:00,8105.5,8114.0,8105.0,8112.5,184
2026-09-14 13:15:00+00:00,8112.0,8121.5,8111.0,8120.5,694
2026-09-14 13:20:00+00:00,8120.5,8124.5,8119.5,8123.5,180
2026-09-14 13:25:00+00:00,8123.0,8123.0,8118.0,8122.0,197
2026-09-14 13:30:00+00:00,8122.0,8126.0,8120.5,8122.0,372
2026-09-14 13:35:00+00:00,8121.5,8128.5,8118.5,8119.0,260
2026-09-14 13:40:00+00:00,8118.5,8122.5,8115.0,8122.5,246
2026-09-14 13:45:00+00:00,8122.5,8125.5,8122.0,8123.5,294
2026-09-14 13:50:00+00:00,8124.0,8130.5,8122.0,8122.5,322
2026-09-14 13:55:00+00:00,8122.5,8123.0,8116.5,8118.0,492
2026-09-14 14:00:00+00:00,8117.5,8122.0,8116.5,8119.5,365
2026-09-14 14:05:00+00:00,8119.5,8124.0,8115.5,8124.0,357
2026-09-14 14:10:00+00:00,8124.5,8126.5,8120.0,8121.0,309
2026-09-14 14:15:00+00:00,8121.0,8121.0,8114.0,8116.5,256
2026-09-14 14:20:00+00:00,8115.5,8115.5,8109.0,8110.0,415
2026-09-14 14:25:00+00:00,8110.0,8110.5,8102.5,8104.0,214
2026-09-14 14:30:00+00:00,8103.0,8103.5,8097.0,8100.5,290
2026-09-14 14:35:00+00:00,8100.0,8103.0,8092.0,8093.0,288
2026-09-14 14:40:00+00:00,8092.5,8098.0,8090.5,8098.0,181
2026-09-14 14:45:00+00:00,8099.0,8101.5,8096.0,8097.5,289
2026-09-14 14:50:00+00:00,8097.5,8100.0,8094.0,8096.5,187
2026-09-14 14:55:00+00:00,8096.5,8096.5,8092.5,8094.0,345
2026-09-14 15:00:00+00:00,8094.5,8098.0,8092.0,8094.0,258
2026-09-14 15:05:00+00:00,8094.0,8121.0,8094.0,8104.5,1506
2026-09-14 15:10:00+00:00,8105.0,8114.0,8104.5,8109.5,282
2026-09-14 15:15:00+00:00,8110.5,8117.0,8110.0,8116.5,350
2026-09-14 15:20:00+00:00,8117.0,8118.5,8113.0,8117.5,397
2026-09-14 15:25:00+00:00,8117.0,8121.5,8116.5,8121.0,668
2026-09-14 15:30:00+00:00,8121.0,8131.5,8113.5,8120.0,3303
2026-09-14 15:35:00+00:00,8119.0,8140.0,8119.0,8138.0,2019
2026-09-14 15:40:00+00:00,8140.0,8152.0,8136.0,8150.5,632
2026-09-14 15:45:00+00:00,8150.0,8150.5,8145.5,8145.5,220
2026-09-14 15:50:00+00:00,8146.5,8151.0,8144.0,8149.5,222
2026-09-14 15:55:00+00:00,8149.5,8150.5,8145.0,8147.0,134
2026-09-14 16:00:00+00:00,8146.0,8147.0,8140.5,8142.0,205
2026-09-14 16:05:00+00:00,8141.5,8144.5,8141.0,8142.0,171
2026-09-14 16:10:00+00:00,8143.0,8147.5,8143.0,8146.0,107
2026-09-14 16:15:00+00:00,8146.5,8156.0,8146.5,8155.0,248
2026-09-14 16:20:00+00:00,8155.0,8158.5,8153.5,8157.0,140
2026-09-14 16:25:00+00:00,8156.5,8156.5,8152.0,8153.0,125
2026-09-14 16:30:00+00:00,8152.5,8158.5,8152.5,8152.5,179
2026-09-14 16:35:00+00:00,8152.0,8152.0,8148.0,8150.0,99
2026-09-14 16:40:00+00:00,8150.5,8153.5,8149.0,8153.5,64
2026-09-14 16:45:00+00:00,8154.0,8167.5,8152.0,8166.5,319
2026-09-14 16:50:00+00:00,8166.0,8168.0,8165.0,8166.5,98
2026-09-14 16:55:00+00:00,8166.5,8167.5,8161.5,8163.0,91
2026-09-14 17:00:00+00:00,8162.5,8163.0,8158.5,8159.5,112
2026-09-14 17:05:00+00:00,8158.5,8159.5,8156.5,8158.0,19
2026-09-14 17:10:00+00:00,8158.0,8160.5,8154.5,8154.5,60
2026-09-14 17:15:00+00:00,8154.0,8154.5,8150.5,8150.5,98
2026-09-14 17:20:00+00:00,8151.0,8154.0,8150.0,8154.0,84
2026-09-14 17:25:00+00:00,8154.5,8159.0,8154.0,8159.0,28
2026-09-14 17:30:00+00:00,8158.5,8160.5,8157.5,8160.0,106
2026-09-14 17:35:00+00:00,8160.0,8161.5,8159.0,8161.5,27
2026-09-14 17:40:00+00:00,8160.5,8160.5,8159.5,8160.5,37
2026-09-14 17:45:00+00:00,8160.5,8161.0,8159.0,8160.0,38
2026-09-14 17:50:00+00:00,8159.0,8160.5,8158.0,8160.5,43
2026-09-14 17:55:00+00:00,8160.0,8160.5,8158.0,8158.0,23
2026-09-14 18:00:00+00:00,8157.5,8160.5,8156.0,8156.0,93
2026-09-14 18:05:00+00:00,8155.5,8159.0,8155.5,8157.5,63
2026-09-14 18:10:00+00:00,8157.0,8157.0,8154.5,8156.5,25
2026-09-14 18:15:00+00:00,8157.0,8159.5,8157.0,8159.5,50
2026-09-14 18:20:00+00:00,8159.5,8161.0,8159.0,8160.5,46
2026-09-14 18:25:00+00:00,8161.0,8161.0,8157.5,8159.0,47
2026-09-14 18:30:00+00:00,8159.5,8161.5,8158.5,8161.5,31
2026-09-14 18:35:00+00:00,8160.5,8163.5,8160.5,8162.0,43
2026-09-14 18:40:00+00:00,8162.5,8164.5,8162.5,8164.0,31
2026-09-14 18:45:00+00:00,8164.0,8164.5,8160.5,8163.5,83
2026-09-14 18:50:00+00:00,8163.5,8164.0,8162.0,8163.5,35
2026-09-14 18:55:00+00:00,8162.5,8164.0,8160.0,8160.5,43
2026-09-14 19:00:00+00:00,8161.5,8161.5,8154.0,8155.5,135
2026-09-14 19:05:00+00:00,8155.0,8156.0,8151.5,8153.5,68
2026-09-14 19:10:00+00:00,8154.0,8157.0,8154.0,8156.0,46
2026-09-14 19:15:00+00:00,8154.5,8154.5,8153.0,8153.5,21
2026-09-14 19:20:00+00:00,8153.5,8154.5,8150.5,8151.0,37
2026-09-14 19:25:00+00:00,8150.5,8150.5,8149.5,8149.5,36
2026-09-14 19:30:00+00:00,8149.5,8151.0,8148.5,8148.5,75
2026-09-14 19:35:00+00:00,8148.0,8149.0,8147.0,8148.5,34
2026-09-14 19:40:00+00:00,8149.0,8150.5,8148.5,8150.0,38
2026-09-14 19:45:00+00:00,8150.5,8151.0,8145.0,8145.5,135
2026-09-14 19:50:00+00:00,8145.0,8145.5,8141.0,8142.0,123
2026-09-14 19:55:00+00:00,8142.0,8142.5,8137.0,8137.0,244
2026-09-15 06:00:00+00:00,8118.0,8125.5,8116.0,8122.0,237
2026-09-15 06:05:00+00:00,8121.5,8123.0,8116.5,8118.5,192
2026-09-15 06:10:00+00:00,8118.5,8120.0,8116.0,8119.0,74
2026-09-15 06:15:00+00:00,8119.5,8121.0,8116.5,8119.5,66
2026-09-15 06:20:00+00:00,8118.5,8120.5,8117.5,8118.5,127
2026-09-15 06:25:00+00:00,8118.5,8118.5,8112.0,8113.0,65
2026-09-15 06:30:00+00:00,8113.0,8113.0,8108.5,8109.5,68
2026-09-15 06:35:00+00:00,8110.0,8112.5,8105.5,8105.5,126
2026-09-15 06:40:00+00:00,8106.5,8109.5,8106.0,8106.0,53
2026-09-15 06:45:00+00:00,8106.0,8110.0,8105.5,8109.5,126
2026-09-15 06:50:00+00:00,8108.5,8109.0,8102.5,8103.0,122
2026-09-15 06:55:00+00:00,8103.0,8106.5,8099.0,8099.0,293
2026-09-15 07:00:00+00:00,8099.0,8099.0,8074.0,8086.0,1962
2026-09-15 07:05:00+00:00,8085.0,8088.0,8076.5,8079.0,752
2026-09-15 07:10:00+00:00,8078.5,8082.0,8067.0,8067.0,599
2026-09-15 07:15:00+00:00,8067.5,8073.5,8060.0,8063.5,553
2026-09-15 07:20:00+00:00,8063.5,8076.5,8063.5,8074.5,748
2026-09-15 07:25:00+00:00,8074.5,8077.0,8060.5,8067.5,558
2026-09-15 07:30:00+00:00,8067.5,8068.0,8055.5,8055.5,415
2026-09-15 07:35:00+00:00,8055.0,8055.5,8049.5,8051.0,351
2026-09-15 07:40:00+00:00,8051.5,8053.5,8041.0,8041.0,464
2026-09-15 07:45:00+00:00,8042.0,8045.5,8039.0,8042.0,446
2026-09-15 07:50:00+00:00,8042.0,8045.0,8038.0,8040.0,416
2026-09-15 07:55:00+00:00,8039.5,8050.0,8039.5,8050.0,293
2026-09-15 08:00:00+00:00,8049.5,8049.5,8039.5,8046.5,476
2026-09-15 08:05:00+00:00,8046.0,8048.0,8037.0,8037.5,287
2026-09-15 08:10:00+00:00,8037.5,8050.5,8035.0,8048.0,303
2026-09-15 08:15:00+00:00,8049.0,8059.0,8046.5,8059.0,277
2026-09-15 08:20:00+00:00,8058.5,8062.5,8057.0,8060.0,271
2026-09-15 08:25:00+00:00,8060.0,8067.0,8057.0,8064.0,409
2026-09-15 08:30:00+00:00,8063.5,8066.5,8060.5,8060.5,242
2026-09-15 08:35:00+00:00,8061.0,8065.0,8059.5,8061.0,249
2026-09-15 08:40:00+00:00,8061.0,8062.0,8057.0,8059.0,214
2026-09-15 08:45:00+00:00,8058.5,8059.0,8052.5,8057.5,320
2026-09-15 08:50:00+00:00,8056.5,8060.5,8056.0,8059.0,163
2026-09-15 08:55:00+00:00,8058.0,8061.5,8056.0,8061.5,169
2026-09-15 09:00:00+00:00,8061.5,8062.0,8054.0,8056.5,207
2026-09-15 09:05:00+00:00,8056.0,8059.5,8049.0,8049.0,238
2026-09-15 09:10:00+00:00,8049.0,8057.5,8048.0,8053.5,604
2026-09-15 09:15:00+00:00,8053.5,8056.0,8046.5,8049.0,280
2026-09-15 09:20:00+00:00,8048.5,8056.5,8048.5,8055.0,347
2026-09-15 09:25:00+00:00,8055.5,8064.0,8053.5,8063.5,219
2026-09-15 09:30:00+00:00,8063.5,8067.0,8062.0,8066.0,295
2026-09-15 09:35:00+00:00,8066.0,8072.5,8065.0,8072.5,208
2026-09-15 09:40:00+00:00,8071.5,8075.0,8070.5,8075.0,124
2026-09-15 09:45:00+00:00,8075.0,8085.0,8075.0,8083.5,267
2026-09-15 09:50:00+00:00,8083.5,8085.5,8079.5,8083.5,213
2026-09-15 09:55:00+00:00,8083.5,8089.5,8082.0,8089.5,290
2026-09-15 10:00:00+00:00,8089.0,8091.0,8085.5,8087.0,273
2026-09-15 10:05:00+00:00,8086.5,8090.0,8085.5,8089.5,125
2026-09-15 10:10:00+00:00,8090.0,8099.0,8089.5,8091.0,333
2026-09-15 10:15:00+00:00,8090.5,8090.5,8083.0,8085.5,252
2026-09-15 10:20:00+00:00,8085.5,8094.0,8085.0,8094.0,96
2026-09-15 10:25:00+00:00,8094.0,8096.5,8092.0,8096.0,128
2026-09-15 10:30:00+00:00,8096.5,8096.5,8093.0,8094.0,182
2026-09-15 10:35:00+00:00,8094.0,8100.0,8093.5,8098.0,189
2026-09-15 10:40:00+00:00,8097.5,8101.0,8096.5,8099.5,245
2026-09-15 10:45:00+00:00,8100.0,8101.0,8097.0,8100.0,110
2026-09-15 10:50:00+00:00,8101.0,8104.5,8099.0,8104.0,146
2026-09-15 10:55:00+00:00,8103.5,8108.5,8103.5,8107.5,149
2026-09-15 11:00:00+00:00,8107.0,8111.5,8107.0,8109.0,249
2026-09-15 11:05:00+00:00,8109.5,8109.5,8104.5,8108.0,144
2026-09-15 11:10:00+00:00,8107.5,8107.5,8103.0,8103.5,140
2026-09-15 11:15:00+00:00,8103.5,8110.0,8103.5,8107.5,123
2026-09-15 11:20:00+00:00,8107.5,8109.5,8104.5,8105.0,98
2026-09-15 11:25:00+00:00,8105.5,8107.0,8104.0,8106.5,74
2026-09-15 11:30:00+00:00,8106.5,8108.5,8105.0,8105.5,68
2026-09-15 11:35:00+00:00,8107.0,8107.5,8102.0,8102.5,86
2026-09-15 11:40:00+00:00,8102.5,8103.5,8098.5,8100.0,96
2026-09-15 11:45:00+00:00,8100.0,8102.0,8099.0,8101.0,94
2026-09-15 11:50:00+00:00,8104.0,8107.0,8103.5,8104.5,64
2026-09-15 11:55:00+00:00,8104.5,8111.5,8104.0,8110.5,81
2026-09-15 12:00:00+00:00,8110.0,8111.5,8107.0,8108.0,120
2026-09-15 12:05:00+00:00,8108.5,8108.5,8104.5,8104.5,62
2026-09-15 12:10:00+00:00,8104.5,8106.5,8103.5,8106.5,137
2026-09-15 12:15:00+00:00,8106.5,8107.0,8103.0,8105.5,213
2026-09-15 12:20:00+00:00,8105.0,8106.5,8100.5,8101.0,74
2026-09-15 12:25:00+00:00,8101.5,8105.0,8100.0,8105.0,69
2026-09-15 12:30:00+00:00,8105.0,8106.5,8098.5,8106.5,177
2026-09-15 12:35:00+00:00,8106.0,8106.5,8098.5,8099.0,136
2026-09-15 12:40:00+00:00,8098.5,8099.5,8096.5,8099.5,140
2026-09-15 12:45:00+00:00,8100.0,8115.0,8100.0,8112.5,396
2026-09-15 12:50:00+00:00,8112.5,8113.0,8108.0,8110.0,272
2026-09-15 12:55:00+00:00,8110.0,8112.0,8103.0,8110.0,678
2026-09-15 13:00:00+00:00,8109.5,8112.0,8105.0,8110.5,228
2026-09-15 13:05:00+00:00,8111.0,8111.5,8105.5,8107.5,102
2026-09-15 13:10:00+00:00,8108.0,8108.5,8107.0,8108.5,97
2026-09-15 13:15:00+00:00,8108.5,8115.5,8108.5,8110.5,140
2026-09-15 13:20:00+00:00,8110.0,8112.0,8106.5,8112.0,93
2026-09-15 13:25:00+00:00,8111.5,8113.0,8105.5,8106.0,132
2026-09-15 13:30:00+00:00,8106.5,8109.0,8096.0,8097.5,554
2026-09-15 13:35:00+00:00,8097.5,8099.0,8093.0,8095.0,226
2026-09-15 13:40:00+00:00,8094.5,8098.0,8094.0,8096.5,177
2026-09-15 13:45:00+00:00,8096.5,8100.0,8090.0,8091.0,189
2026-09-15 13:50:00+00:00,8092.0,8099.0,8088.5,8099.0,163
2026-09-15 13:55:00+00:00,8099.0,8102.5,8099.0,8102.0,191
2026-09-15 14:00:00+00:00,8101.5,8106.0,8097.0,8097.5,299
2026-09-15 14:05:00+00:00,8097.5,8106.0,8097.5,8097.5,354
2026-09-15 14:10:00+00:00,8097.5,8099.5,8095.5,8098.5,175
2026-09-15 14:15:00+00:00,8098.5,8106.5,8094.0,8106.5,143
2026-09-15 14:20:00+00:00,8106.0,8106.5,8096.5,8100.5,159
2026-09-15 14:25:00+00:00,8102.5,8103.0,8093.5,8095.5,280
2026-09-15 14:30:00+00:00,8095.5,8101.0,8094.5,8098.0,345
2026-09-15 14:35:00+00:00,8098.5,8099.5,8089.5,8091.5,300
2026-09-15 14:40:00+00:00,8091.0,8092.0,8086.5,8086.5,156
2026-09-15 14:45:00+00:00,8086.5,8089.0,8085.0,8086.5,205
2026-09-15 14:50:00+00:00,8086.0,8086.0,8076.0,8086.0,736
2026-09-15 14:55:00+00:00,8086.0,8088.5,8082.0,8085.0,313
2026-09-15 15:00:00+00:00,8086.0,8090.0,8081.5,8088.0,245
2026-09-15 15:05:00+00:00,8088.5,8091.0,8088.0,8090.5,165
2026-09-15 15:10:00+00:00,8090.5,8095.0,8089.0,8095.0,193
2026-09-15 15:15:00+00:00,8094.5,8097.5,8091.5,8095.5,255
2026-09-15 15:20:00+00:00,8095.5,8102.5,8095.5,8101.5,289
2026-09-15 15:25:00+00:00,8101.0,8103.5,8098.0,8103.0,765
2026-09-15 15:30:00+00:00,8103.5,8106.5,8090.5,8093.0,1604
2026-09-15 15:35:00+00:00,8093.5,8100.5,8090.5,8099.5,808
2026-09-15 15:40:00+00:00,8099.5,8109.0,8099.5,8107.0,124
2026-09-15 15:45:00+00:00,8107.5,8108.0,8103.5,8104.0,100
2026-09-15 15:50:00+00:00,8103.5,8110.0,8103.5,8104.5,251
2026-09-15 15:55:00+00:00,8103.0,8110.0,8100.0,8101.0,187
2026-09-15 16:00:00+00:00,8100.0,8101.0,8097.5,8099.5,70
2026-09-15 16:05:00+00:00,8099.5,8100.0,8097.0,8097.0,69
2026-09-15 16:10:00+00:00,8098.0,8100.0,8096.5,8099.5,66
2026-09-15 16:15:00+00:00,8099.5,8104.0,8099.5,8103.5,50
2026-09-15 16:20:00+00:00,8104.0,8110.0,8104.0,8110.0,121
2026-09-15 16:25:00+00:00,8110.5,8112.0,8109.5,8110.5,84
2026-09-15 16:30:00+00:00,8110.5,8111.0,8107.5,8108.0,67
2026-09-15 16:35:00+00:00,8107.5,8109.0,8105.5,8107.0,42
2026-09-15 16:40:00+00:00,8106.5,8108.0,8105.0,8108.0,29
2026-09-15 16:45:00+00:00,8108.0,8108.5,8104.5,8106.5,34
2026-09-15 16:50:00+00:00,8106.0,8112.0,8106.0,8112.0,39
2026-09-15 16:55:00+00:00,8112.5,8112.5,8109.5,8111.0,34
2026-09-15 17:00:00+00:00,8111.0,8111.5,8105.5,8105.5,61
2026-09-15 17:05:00+00:00,8105.0,8109.5,8104.0,8107.5,70
2026-09-15 17:10:00+00:00,8107.5,8109.0,8107.0,8108.5,23
2026-09-15 17:15:00+00:00,8108.5,8108.5,8107.0,8108.0,19
2026-09-15 17:20:00+00:00,8107.5,8107.5,8103.0,8104.0,38
2026-09-15 17:25:00+00:00,8103.0,8106.5,8102.5,8106.5,101
2026-09-15 17:30:00+00:00,8106.5,8109.5,8106.5,8108.5,41
2026-09-15 17:35:00+00:00,8108.5,8110.5,8108.0,8109.0,34
2026-09-15 17:40:00+00:00,8108.5,8108.5,8106.5,8107.0,34
2026-09-15 17:45:00+00:00,8107.5,8108.0,8106.5,8106.5,24
2026-09-15 17:50:00+00:00,8106.5,8109.0,8105.5,8109.0,11
2026-09-15 17:55:00+00:00,8109.0,8111.5,8109.0,8111.0,26
2026-09-15 18:00:00+00:00,8110.5,8111.0,8109.0,8110.5,38
2026-09-15 18:05:00+00:00,8110.5,8111.5,8110.0,8111.0,57
2026-09-15 18:10:00+00:00,8112.0,8115.0,8111.5,8114.5,56
2026-09-15 18:15:00+00:00,8114.5,8114.5,8112.5,8113.0,32
2026-09-15 18:20:00+00:00,8113.5,8114.0,8111.5,8112.0,29
2026-09-15 18:25:00+00:00,8112.0,8113.5,8111.5,8112.0,28
2026-09-15 18:30:00+00:00,8112.0,8112.0,8108.5,8109.0,30
2026-09-15 18:35:00+00:00,8109.0,8109.0,8107.5,8108.0,33
2026-09-15 18:40:00+00:00,8107.5,8112.0,8106.0,8106.0,71
2026-09-15 18:45:00+00:00,8106.5,8106.5,8104.0,8105.0,45
2026-09-15 18:50:00+00:00,8105.0,8108.5,8105.0,8108.0,39
2026-09-15 18:55:00+00:00,8108.5,8111.5,8108.5,8111.5,65
2026-09-15 19:00:00+00:00,8112.0,8113.0,8111.0,8112.0,52
2026-09-15 19:05:00+00:00,8112.5,8112.5,8111.0,8111.5,34
2026-09-15 19:10:00+00:00,8111.5,8111.5,8109.5,8110.5,39
2026-09-15 19:15:00+00:00,8110.0,8110.5,8109.0,8110.0,49
2026-09-15 19:20:00+00:00,8110.0,8110.5,8108.5,8109.5,39
2026-09-15 19:25:00+00:00,8108.5,8110.0,8108.0,8108.0,42
2026-09-15 19:30:00+00:00,8107.5,8108.0,8104.5,8105.5,40
2026-09-15 19:35:00+00:00,8105.5,8107.0,8105.0,8106.5,61
2026-09-15 19:40:00+00:00,8106.5,8108.0,8105.5,8106.0,58
2026-09-15 19:45:00+00:00,8105.0,8107.5,8105.0,8105.5,83
2026-09-15 19:50:00+00:00,8105.0,8105.5,8103.0,8104.5,78
2026-09-15 19:55:00+00:00,8104.0,8107.5,8101.5,8107.0,209
2026-09-16 06:00:00+00:00,8116.5,8120.5,8113.0,8114.0,269
2026-09-16 06:05:00+00:00,8113.5,8118.0,8113.0,8116.5,94
2026-09-16 06:10:00+00:00,8117.0,8120.5,8116.0,8119.0,52
2026-09-16 06:15:00+00:00,8119.0,8120.0,8117.5,8120.0,58
2026-09-16 06:20:00+00:00,8121.0,8121.0,8115.5,8117.5,50
2026-09-16 06:25:00+00:00,8117.0,8117.5,8114.5,8116.0,35
2026-09-16 06:30:00+00:00,8116.0,8117.0,8114.5,8116.0,50
2026-09-16 06:35:00+00:00,8116.0,8116.0,8112.5,8114.5,43
2026-09-16 06:40:00+00:00,8114.5,8114.5,8111.5,8113.5,26
2026-09-16 06:45:00+00:00,8113.0,8115.5,8112.5,8114.5,39
2026-09-16 06:50:00+00:00,8114.0,8118.0,8113.5,8117.5,101
2026-09-16 06:55:00+00:00,8117.5,8120.0,8111.5,8111.5,340
2026-09-16 07:00:00+00:00,8112.0,8123.5,8106.0,8121.5,1079
2026-09-16 07:05:00+00:00,8121.0,8125.0,8113.0,8114.5,558
2026-09-16 07:10:00+00:00,8114.0,8115.0,8108.5,8111.0,232
2026-09-16 07:15:00+00:00,8111.5,8120.5,8110.0,8112.0,288
2026-09-16 07:20:00+00:00,8111.5,8115.5,8110.0,8113.0,196
2026-09-16 07:25:00+00:00,8112.5,8122.0,8112.5,8122.0,201
2026-09-16 07:30:00+00:00,8122.0,8125.5,8118.0,8124.0,270
2026-09-16 07:35:00+00:00,8123.5,8124.5,8118.0,8119.0,112
2026-09-16 07:40:00+00:00,8119.0,8120.0,8111.0,8111.0,96
2026-09-16 07:45:00+00:00,8112.0,8112.5,8108.5,8111.0,104
2026-09-16 07:50:00+00:00,8110.5,8111.5,8105.5,8108.5,124
2026-09-16 07:55:00+00:00,8109.0,8111.5,8106.5,8108.0,124
2026-09-16 08:00:00+00:00,8107.5,8107.5,8099.5,8100.0,243
2026-09-16 08:05:00+00:00,8099.5,8103.5,8099.0,8100.5,163
2026-09-16 08:10:00+00:00,8101.5,8103.5,8098.0,8102.0,154
2026-09-16 08:15:00+00:00,8102.0,8110.5,8102.0,8105.0,276
2026-09-16 08:20:00+00:00,8104.5,8107.5,8099.0,8099.0,215
2026-09-16 08:25:00+00:00,8099.0,8101.0,8096.0,8100.5,145
2026-09-16 08:30:00+00:00,8099.5,8104.5,8093.0,8096.0,244
2026-09-16 08:35:00+00:00,8096.0,8097.0,8090.0,8090.0,136
2026-09-16 08:40:00+00:00,8090.0,8098.5,8089.5,8098.5,185
2026-09-16 08:45:00+00:00,8099.0,8104.0,8099.0,8099.0,151
2026-09-16 08:50:00+00:00,8098.5,8102.5,8097.0,8101.0,90
2026-09-16 08:55:00+00:00,8101.0,8107.0,8100.5,8107.0,125
2026-09-16 09:00:00+00:00,8106.5,8109.0,8105.0,8108.5,142
2026-09-16 09:05:00+00:00,8108.0,8111.0,8106.5,8106.5,111
2026-09-16 09:10:00+00:00,8105.5,8106.0,8101.0,8102.5,121
2026-09-16 09:15:00+00:00,8101.5,8102.5,8098.5,8098.5,141
2026-09-16 09:20:00+00:00,8098.0,8101.5,8097.5,8098.0,77
2026-09-16 09:25:00+00:00,8098.5,8106.0,8098.5,8102.0,213
2026-09-16 09:30:00+00:00,8102.0,8108.5,8100.0,8108.5,114
2026-09-16 09:35:00+00:00,8107.0,8114.0,8107.0,8112.5,142
2026-09-16 09:40:00+00:00,8112.5,8114.0,8109.5,8112.0,76
2026-09-16 09:45:00+00:00,8112.0,8112.0,8108.0,8111.5,111
2026-09-16 09:50:00+00:00,8110.5,8116.5,8110.0,8115.5,107
2026-09-16 09:55:00+00:00,8115.5,8121.0,8115.5,8117.5,133
2026-09-16 10:00:00+00:00,8118.5,8118.5,8113.0,8113.0,113
2026-09-16 10:05:00+00:00,8113.0,8120.0,8110.0,8120.0,144
2026-09-16 10:10:00+00:00,8119.5,8123.5,8118.5,8123.5,99
2026-09-16 10:15:00+00:00,8123.0,8125.5,8120.5,8123.0,93
2026-09-16 10:20:00+00:00,8123.0,8125.5,8122.5,8123.5,72
2026-09-16 10:25:00+00:00,8124.0,8127.0,8124.0,8125.5,59
2026-09-16 10:30:00+00:00,8126.0,8128.0,8125.0,8128.0,101
2026-09-16 10:35:00+00:00,8127.5,8128.5,8126.5,8127.5,73
2026-09-16 10:40:00+00:00,8127.5,8131.0,8126.0,8131.0,79
2026-09-16 10:45:00+00:00,8131.5,8133.5,8131.0,8132.5,133
2026-09-16 10:50:00+00:00,8132.5,8132.5,8128.5,8130.5,78
2026-09-16 10:55:00+00:00,8129.5,8140.0,8129.5,8140.0,196
2026-09-16 11:00:00+00:00,8140.0,8143.5,8135.5,8137.5,668
2026-09-16 11:05:00+00:00,8137.5,8141.5,8134.0,8141.0,285
2026-09-16 11:10:00+00:00,8141.5,8141.5,8135.0,8135.0,112
2026-09-16 11:15:00+00:00,8135.0,8137.0,8131.5,8137.0,142
2026-09-16 11:20:00+00:00,8137.0,8137.5,8134.0,8137.5,64
2026-09-16 11:25:00+00:00,8137.0,8137.5,8134.5,8135.5,85
2026-09-16 11:30:00+00:00,8135.5,8138.5,8134.5,8138.5,55
2026-09-16 11:35:00+00:00,8137.5,8139.5,8135.0,8138.0,60
2026-09-16 11:40:00+00:00,8138.0,8141.0,8133.5,8139.5,397
2026-09-16 11:45:00+00:00,8140.0,8141.5,8138.5,8141.5,63
2026-09-16 11:50:00+00:00,8141.5,8143.5,8140.5,8142.5,114
2026-09-16 11:55:00+00:00,8143.0,8146.0,8141.5,8143.0,217
2026-09-16 12:00:00+00:00,8143.5,8145.5,8142.5,8144.0,161
2026-09-16 12:05:00+00:00,8143.5,8144.5,8140.5,8141.0,102
2026-09-16 12:10:00+00:00,8140.5,8140.5,8137.0,8138.0,167
2026-09-16 12:15:00+00:00,8137.5,8140.5,8136.5,8139.5,119
2026-09-16 12:20:00+00:00,8139.5,8140.0,8137.0,8138.0,36
2026-09-16 12:25:00+00:00,8138.5,8139.5,8136.0,8139.0,71
2026-09-16 12:30:00+00:00,8139.5,8140.0,8132.0,8132.0,119
2026-09-16 12:35:00+00:00,8132.5,8133.5,8129.5,8129.5,108
2026-09-16 12:40:00+00:00,8130.0,8132.0,8128.0,8132.0,75
2026-09-16 12:45:00+00:00,8132.5,8136.5,8131.5,8135.5,72
2026-09-16 12:50:00+00:00,8136.0,8140.0,8136.0,8138.0,142
2026-09-16 12:55:00+00:00,8137.5,8142.5,8137.0,8142.5,105
2026-09-16 13:00:00+00:00,8142.5,8143.0,8131.5,8132.0,122
2026-09-16 13:05:00+00:00,8131.5,8136.0,8131.5,8136.0,85
2026-09-16 13:10:00+00:00,8137.0,8140.0,8136.5,8140.0,119
2026-09-16 13:15:00+00:00,8139.0,8139.0,8134.0,8135.0,162
2026-09-16 13:20:00+00:00,8134.5,8138.0,8134.0,8137.5,113
2026-09-16 13:25:00+00:00,8138.0,8141.5,8137.0,8140.5,126
2026-09-16 13:30:00+00:00,8140.0,8145.5,8135.0,8135.0,287
2026-09-16 13:35:00+00:00,8135.0,8135.0,8128.5,8130.0,215
2026-09-16 13:40:00+00:00,8130.0,8132.0,8123.5,8132.0,203
2026-09-16 13:45:00+00:00,8132.0,8135.0,8130.5,8135.0,233
2026-09-16 13:50:00+00:00,8134.5,8139.0,8131.5,8132.5,240
2026-09-16 13:55:00+00:00,8133.0,8136.0,8133.0,8133.0,73
2026-09-16 14:00:00+00:00,8132.5,8138.0,8131.0,8133.5,268
2026-09-16 14:05:00+00:00,8133.0,8134.5,8129.0,8131.5,118
2026-09-16 14:10:00+00:00,8132.0,8137.5,8131.5,8136.5,234
2026-09-16 14:15:00+00:00,8137.5,8138.0,8134.0,8134.5,114
2026-09-16 14:20:00+00:00,8132.0,8133.0,8129.5,8132.0,90
2026-09-16 14:25:00+00:00,8131.5,8136.5,8129.0,8136.0,148
2026-09-16 14:30:00+00:00,8135.5,8136.5,8131.0,8135.0,150
2026-09-16 14:35:00+00:00,8135.0,8140.0,8135.0,8139.5,107
2026-09-16 14:40:00+00:00,8139.5,8144.5,8139.5,8142.0,176
2026-09-16 14:45:00+00:00,8143.0,8143.5,8140.0,8140.0,200
2026-09-16 14:50:00+00:00,8140.5,8140.5,8134.5,8135.5,228
2026-09-16 14:55:00+00:00,8135.0,8142.5,8135.0,8142.5,131
2026-09-16 15:00:00+00:00,8142.0,8148.0,8140.5,8145.0,271
2026-09-16 15:05:00+00:00,8145.5,8156.5,8145.5,8154.5,409
2026-09-16 15:10:00+00:00,8154.5,8158.5,8151.5,8158.0,253
2026-09-16 15:15:00+00:00,8158.0,8159.0,8154.0,8158.5,350
2026-09-16 15:20:00+00:00,8158.0,8158.0,8148.0,8149.5,457
2026-09-16 15:25:00+00:00,8149.5,8150.5,8144.5,8145.0,693
2026-09-16 15:30:00+00:00,8145.0,8148.0,8134.5,8137.0,1997
2026-09-16 15:35:00+00:00,8137.0,8148.5,8136.5,8148.5,1633
2026-09-16 15:40:00+00:00,8149.0,8149.5,8143.0,8147.0,143
2026-09-16 15:45:00+00:00,8146.0,8169.0,8146.0,8152.0,501
2026-09-16 15:50:00+00:00,8152.0,8152.5,8150.0,8150.0,57
2026-09-16 15:55:00+00:00,8150.0,8150.0,8145.0,8145.5,110
2026-09-16 16:00:00+00:00,8145.5,8146.0,8135.0,8142.0,375
2026-09-16 16:05:00+00:00,8142.0,8148.0,8141.5,8148.0,150
2026-09-16 16:10:00+00:00,8147.0,8147.5,8146.0,8147.5,39
2026-09-16 16:15:00+00:00,8148.0,8148.5,8144.5,8145.0,32
2026-09-16 16:20:00+00:00,8145.0,8145.5,8143.5,8143.5,25
2026-09-16 16:25:00+00:00,8143.0,8145.0,8142.5,8143.0,52
2026-09-16 16:30:00+00:00,8142.5,8143.5,8140.5,8140.5,43
2026-09-16 16:35:00+00:00,8141.0,8143.0,8140.5,8143.0,26
2026-09-16 16:40:00+00:00,8142.5,8144.5,8142.5,8142.5,53
2026-09-16 16:45:00+00:00,8143.5,8145.0,8142.5,8145.0,40
2026-09-16 16:50:00+00:00,8144.0,8145.0,8142.0,8142.5,40
2026-09-16 16:55:00+00:00,8143.5,8144.0,8142.0,8142.0,29
2026-09-16 17:00:00+00:00,8142.0,8142.0,8137.5,8138.5,54
2026-09-16 17:05:00+00:00,8138.0,8140.5,8138.0,8140.5,28
2026-09-16 17:10:00+00:00,8140.0,8143.5,8139.5,8143.0,37
2026-09-16 17:15:00+00:00,8143.5,8143.5,8140.0,8140.0,63
2026-09-16 17:20:00+00:00,8140.5,8141.5,8139.5,8140.5,21
2026-09-16 17:25:00+00:00,8141.0,8143.5,8141.0,8143.5,24
2026-09-16 17:30:00+00:00,8143.5,8144.5,8140.5,8141.5,26
2026-09-16 17:35:00+00:00,8141.5,8142.0,8139.5,8139.5,18
2026-09-16 17:40:00+00:00,8138.0,8139.5,8138.0,8139.0,11
2026-09-16 17:45:00+00:00,8140.5,8142.5,8140.5,8142.5,11
2026-09-16 17:50:00+00:00,8142.0,8143.5,8141.0,8143.5,57
2026-09-16 17:55:00+00:00,8144.0,8151.0,8143.0,8151.0,86
2026-09-16 18:00:00+00:00,8149.0,8156.0,8140.0,8148.5,124
2026-09-16 18:05:00+00:00,8149.0,8159.0,8148.0,8152.5,195
2026-09-16 18:10:00+00:00,8152.0,8158.0,8150.0,8155.5,108
2026-09-16 18:15:00+00:00,8156.0,8163.5,8155.0,8162.0,153
2026-09-16 18:20:00+00:00,8161.5,8164.0,8158.5,8163.0,71
2026-09-16 18:25:00+00:00,8163.5,8163.5,8154.0,8157.5,36
2026-09-16 18:30:00+00:00,8159.5,8161.0,8143.5,8145.0,178
2026-09-16 18:35:00+00:00,8144.0,8148.0,8133.5,8146.0,79
2026-09-16 18:40:00+00:00,8147.5,8166.5,8147.5,8159.0,97
2026-09-16 18:45:00+00:00,8157.0,8162.0,8148.5,8148.5,42
2026-09-16 18:50:00+00:00,8148.0,8149.5,8130.5,8131.5,117
2026-09-16 18:55:00+00:00,8131.5,8134.0,8119.5,8119.5,156
2026-09-16 19:00:00+00:00,8120.5,8130.0,8120.0,8126.0,132
2026-09-16 19:05:00+00:00,8124.0,8124.0,8111.0,8113.0,107
2026-09-16 19:10:00+00:00,8111.5,8113.0,8099.5,8100.0,183
2026-09-16 19:15:00+00:00,8100.5,8105.5,8094.0,8095.0,114
2026-09-16 19:20:00+00:00,8096.5,8099.5,8091.0,8095.0,138
2026-09-16 19:25:00+00:00,8095.5,8098.5,8089.0,8098.5,91
2026-09-16 19:30:00+00:00,8099.0,8110.5,8097.0,8110.0,87
2026-09-16 19:35:00+00:00,8110.5,8113.5,8106.5,8113.0,169
2026-09-16 19:40:00+00:00,8113.5,8118.0,8110.0,8112.5,157
2026-09-16 19:45:00+00:00,8112.0,8126.0,8111.5,8125.0,179
2026-09-16 19:50:00+00:00,8125.0,8129.0,8121.5,8124.5,168
2026-09-16 19:55:00+00:00,8123.0,8146.0,8122.5,8134.0,254
2026-09-17 06:00:00+00:00,8156.0,8165.5,8153.0,8164.5,164
2026-09-17 06:05:00+00:00,8163.0,8166.0,8156.0,8156.0,105
2026-09-17 06:10:00+00:00,8156.5,8159.5,8153.0,8159.5,84
2026-09-17 06:15:00+00:00,8158.0,8158.0,8153.5,8155.0,43
2026-09-17 06:20:00+00:00,8155.5,8159.0,8153.0,8159.0,109
2026-09-17 06:25:00+00:00,8161.0,8165.5,8161.0,8165.5,51
2026-09-17 06:30:00+00:00,8166.0,8169.5,8165.5,8166.0,120
2026-09-17 06:35:00+00:00,8165.5,8168.0,8164.0,8164.0,54
2026-09-17 06:40:00+00:00,8163.5,8171.5,8163.5,8171.0,70
2026-09-17 06:45:00+00:00,8171.0,8175.0,8170.5,8170.5,58
2026-09-17 06:50:00+00:00,8170.5,8172.0,8169.5,8171.0,31
2026-09-17 06:55:00+00:00,8170.0,8172.5,8166.5,8172.5,81
2026-09-17 07:00:00+00:00,8172.5,8184.0,8168.0,8173.5,1095
2026-09-17 07:05:00+00:00,8174.0,8184.5,8173.0,8183.5,439
2026-09-17 07:10:00+00:00,8184.0,8191.5,8181.5,8183.5,302
2026-09-17 07:15:00+00:00,8183.5,8187.5,8181.0,8182.0,297
2026-09-17 07:20:00+00:00,8182.0,8187.5,8179.0,8183.5,192
2026-09-17 07:25:00+00:00,8183.0,8183.5,8177.5,8177.5,263
2026-09-17 07:30:00+00:00,8178.5,8179.0,8168.0,8168.5,300
2026-09-17 07:35:00+00:00,8168.0,8172.0,8164.0,8172.0,210
2026-09-17 07:40:00+00:00,8172.5,8174.5,8168.5,8173.0,148
2026-09-17 07:45:00+00:00,8172.5,8174.0,8165.0,8165.0,127
2026-09-17 07:50:00+00:00,8164.5,8164.5,8160.0,8160.5,109
2026-09-17 07:55:00+00:00,8161.0,8161.5,8156.0,8156.5,121
2026-09-17 08:00:00+00:00,8156.5,8158.0,8151.5,8155.0,115
2026-09-17 08:05:00+00:00,8154.0,8154.5,8150.5,8153.0,115
2026-09-17 08:10:00+00:00,8153.0,8153.0,8148.0,8149.5,234
2026-09-17 08:15:00+00:00,8148.5,8150.0,8143.0,8145.0,121
2026-09-17 08:20:00+00:00,8144.0,8150.0,8141.5,8150.0,126
2026-09-17 08:25:00+00:00,8150.0,8160.0,8149.5,8159.0,119
2026-09-17 08:30:00+00:00,8159.5,8164.5,8156.5,8164.5,96
2026-09-17 08:35:00+00:00,8165.0,8166.5,8159.0,8162.0,95
2026-09-17 08:40:00+00:00,8161.5,8161.5,8156.0,8158.5,32
2026-09-17 08:45:00+00:00,8158.5,8160.0,8155.5,8159.5,59
2026-09-17 08:50:00+00:00,8159.5,8165.5,8157.5,8165.5,99
2026-09-17 08:55:00+00:00,8165.5,8165.5,8161.5,8162.0,110
2026-09-17 09:00:00+00:00,8162.0,8163.5,8157.0,8157.5,52
2026-09-17 09:05:00+00:00,8158.0,8163.5,8158.0,8161.5,35
2026-09-17 09:10:00+00:00,8162.5,8167.0,8161.5,8161.5,60
2026-09-17 09:15:00+00:00,8162.5,8166.0,8160.0,8164.5,107
2026-09-17 09:20:00+00:00,8164.0,8165.0,8162.0,8162.0,63
2026-09-17 09:25:00+00:00,8161.5,8161.5,8157.0,8158.5,40
2026-09-17 09:30:00+00:00,8159.5,8168.0,8159.5,8165.5,50
2026-09-17 09:35:00+00:00,8165.0,8167.0,8165.0,8166.0,42
2026-09-17 09:40:00+00:00,8166.0,8168.5,8165.5,8167.5,102
2026-09-17 09:45:00+00:00,8167.0,8167.0,8152.5,8153.0,131
2026-09-17 09:50:00+00:00,8155.0,8157.5,8152.5,8155.5,76
2026-09-17 09:55:00+00:00,8155.5,8158.5,8154.0,8158.5,46
2026-09-17 10:00:00+00:00,8159.0,8160.5,8155.0,8158.0,70
2026-09-17 10:05:00+00:00,8158.5,8161.5,8157.0,8157.5,56
2026-09-17 10:10:00+00:00,8158.0,8159.5,8157.5,8157.5,31
2026-09-17 10:15:00+00:00,8156.5,8158.5,8151.0,8151.0,83
2026-09-17 10:20:00+00:00,8152.0,8157.0,8152.0,8156.5,60
2026-09-17 10:25:00+00:00,8157.0,8158.5,8156.0,8157.0,66
2026-09-17 10:30:00+00:00,8158.0,8159.0,8155.5,8156.0,52
2026-09-17 10:35:00+00:00,8157.0,8161.5,8157.0,8161.5,46
2026-09-17 10:40:00+00:00,8161.5,8162.0,8160.5,8160.5,69
2026-09-17 10:45:00+00:00,8160.5,8160.5,8157.5,8158.0,42
2026-09-17 10:50:00+00:00,8158.5,8161.0,8157.5,8158.0,42
2026-09-17 10:55:00+00:00,8158.5,8164.5,8158.5,8164.0,114
2026-09-17 11:00:00+00:00,8163.5,8170.5,8163.0,8167.0,276
2026-09-17 11:05:00+00:00,8166.5,8175.0,8166.5,8174.0,72
2026-09-17 11:10:00+00:00,8175.0,8176.0,8172.0,8173.5,44
2026-09-17 11:15:00+00:00,8173.5,8174.0,8168.0,8168.0,60
2026-09-17 11:20:00+00:00,8168.0,8169.5,8162.5,8163.0,117
2026-09-17 11:25:00+00:00,8163.5,8164.0,8161.5,8164.0,23
2026-09-17 11:30:00+00:00,8166.0,8169.5,8164.5,8168.0,81
2026-09-17 11:35:00+00:00,8168.5,8171.5,8166.5,8170.5,27
2026-09-17 11:40:00+00:00,8170.5,8170.5,8166.5,8166.5,46
2026-09-17 11:45:00+00:00,8166.5,8169.0,8166.5,8168.5,38
2026-09-17 11:50:00+00:00,8168.0,8173.5,8166.5,8173.0,175
2026-09-17 11:55:00+00:00,8172.0,8179.5,8169.0,8179.0,253
2026-09-17 12:00:00+00:00,8178.5,8180.5,8172.5,8178.5,192
2026-09-17 12:05:00+00:00,8177.5,8185.5,8177.0,8185.5,154
2026-09-17 12:10:00+00:00,8186.0,8186.5,8183.5,8183.5,76
2026-09-17 12:15:00+00:00,8184.5,8191.5,8184.0,8191.5,78
2026-09-17 12:20:00+00:00,8192.0,8207.5,8192.0,8205.5,709
2026-09-17 12:25:00+00:00,8206.0,8209.0,8201.5,8207.5,427
2026-09-17 12:30:00+00:00,8207.0,8212.0,8203.0,8210.5,318
2026-09-17 12:35:00+00:00,8210.0,8210.5,8204.5,8206.0,155
2026-09-17 12:40:00+00:00,8205.5,8205.5,8196.5,8197.0,94
2026-09-17 12:45:00+00:00,8197.5,8202.0,8197.5,8202.0,57
2026-09-17 12:50:00+00:00,8201.5,8203.0,8199.5,8200.0,90
2026-09-17 12:55:00+00:00,8199.5,8200.0,8197.0,8197.0,38
2026-09-17 13:00:00+00:00,8197.0,8201.0,8195.0,8195.0,110
2026-09-17 13:05:00+00:00,8194.0,8195.5,8192.0,8192.0,97
2026-09-17 13:10:00+00:00,8191.5,8191.5,8186.5,8188.5,86
2026-09-17 13:15:00+00:00,8189.0,8191.0,8188.0,8190.5,48
2026-09-17 13:20:00+00:00,8190.5,8196.0,8190.5,8194.5,133
2026-09-17 13:25:00+00:00,8194.0,8196.5,8190.5,8192.0,63
2026-09-17 13:30:00+00:00,8192.0,8194.5,8184.5,8187.0,173
2026-09-17 13:35:00+00:00,8186.5,8189.5,8184.5,8184.5,65
2026-09-17 13:40:00+00:00,8184.0,8191.0,8179.5,8190.5,140
2026-09-17 13:45:00+00:00,8190.5,8201.5,8190.0,8201.0,243
2026-09-17 13:50:00+00:00,8201.5,8209.0,8201.5,8206.0,243
2026-09-17 13:55:00+00:00,8205.5,8205.5,8197.0,8200.5,113
2026-09-17 14:00:00+00:00,8201.0,8201.5,8195.0,8198.0,148
2026-09-17 14:05:00+00:00,8198.5,8200.0,8196.5,8197.5,103
2026-09-17 14:10:00+00:00,8198.0,8198.0,8193.0,8196.5,70
2026-09-17 14:15:00+00:00,8197.0,8200.0,8195.0,8199.0,80
2026-09-17 14:20:00+00:00,8199.0,8199.0,8192.0,8192.5,114
2026-09-17 14:25:00+00:00,8193.0,8195.5,8192.5,8195.0,96
2026-09-17 14:30:00+00:00,8195.0,8199.5,8193.0,8199.5,63
2026-09-17 14:35:00+00:00,8200.5,8201.0,8190.5,8192.5,84
2026-09-17 14:40:00+00:00,8193.0,8198.5,8193.0,8198.0,57
2026-09-17 14:45:00+00:00,8198.0,8199.0,8195.0,8195.0,70
2026-09-17 14:50:00+00:00,8194.5,8195.0,8188.0,8189.5,105
2026-09-17 14:55:00+00:00,8190.0,8191.0,8185.5,8190.0,115
2026-09-17 15:00:00+00:00,8190.0,8192.5,8187.5,8189.5,303
2026-09-17 15:05:00+00:00,8188.0,8192.5,8186.5,8192.0,194
2026-09-17 15:10:00+00:00,8191.5,8197.0,8191.0,8197.0,196
2026-09-17 15:15:00+00:00,8197.5,8198.0,8194.5,8195.0,232
2026-09-17 15:20:00+00:00,8195.0,8195.0,8188.0,8188.5,208
2026-09-17 15:25:00+00:00,8189.5,8192.5,8186.5,8188.0,469
2026-09-17 15:30:00+00:00,8188.0,8190.5,8181.0,8189.0,582
2026-09-17 15:35:00+00:00,8189.0,8191.5,8187.5,8190.5,208
2026-09-17 15:40:00+00:00,8191.0,8192.5,8187.5,8187.5,118
2026-09-17 15:45:00+00:00,8187.5,8189.5,8185.5,8186.0,44
2026-09-17 15:50:00+00:00,8187.5,8187.5,8184.5,8186.5,15
2026-09-17 15:55:00+00:00,8185.5,8186.5,8184.5,8186.5,22
2026-09-17 16:00:00+00:00,8187.5,8189.0,8187.5,8187.5,20
2026-09-17 16:05:00+00:00,8186.5,8186.5,8183.0,8184.5,19
2026-09-17 16:10:00+00:00,8184.5,8184.5,8180.0,8180.0,19
2026-09-17 16:15:00+00:00,8179.5,8179.5,8176.5,8177.0,40
2026-09-17 16:20:00+00:00,8176.5,8177.5,8176.0,8176.0,21
2026-09-17 16:25:00+00:00,8176.0,8176.0,8174.0,8175.5,26
2026-09-17 16:30:00+00:00,8175.5,8175.5,8171.0,8171.5,15
2026-09-17 16:35:00+00:00,8172.0,8173.5,8172.0,8173.0,11
2026-09-17 16:40:00+00:00,8174.0,8175.5,8174.0,8175.5,24
2026-09-17 16:45:00+00:00,8175.0,8176.0,8174.5,8175.5,6
2026-09-17 16:50:00+00:00,8171.5,8173.0,8171.5,8172.5,17
2026-09-17 16:55:00+00:00,8172.5,8172.5,8162.5,8169.0,194
2026-09-17 17:00:00+00:00,8169.5,8172.0,8169.5,8172.0,18
2026-09-17 17:05:00+00:00,8172.0,8172.5,8167.5,8167.5,22
2026-09-17 17:10:00+00:00,8164.0,8166.0,8162.5,8165.0,18
2026-09-17 17:15:00+00:00,8167.0,8167.0,8164.0,8165.0,8
2026-09-17 17:20:00+00:00,8165.5,8165.5,8165.0,8165.0,3
2026-09-17 17:25:00+00:00,8162.5,8166.0,8162.0,8166.0,10
2026-09-17 17:30:00+00:00,8165.5,8166.0,8165.5,8166.0,2
2026-09-17 17:45:00+00:00,8165.0,8165.0,8165.0,8165.0,1
2026-09-17 17:50:00+00:00,8164.5,8164.5,8162.0,8162.0,3
2026-09-17 17:55:00+00:00,8166.0,8166.0,8164.5,8164.5,2
2026-09-17 18:00:00+00:00,8163.0,8164.5,8162.5,8164.5,5
2026-09-17 18:05:00+00:00,8160.5,8160.5,8160.5,8160.5,1
2026-09-17 18:10:00+00:00,8165.0,8165.0,8165.0,8165.0,1
2026-09-17 18:15:00+00:00,8163.5,8163.5,8163.5,8163.5,1
2026-09-17 18:20:00+00:00,8161.0,8161.0,8160.0,8160.0,2
2026-09-17 18:25:00+00:00,8161.5,8161.5,8161.5,8161.5,1
2026-09-17 18:30:00+00:00,8162.5,8162.5,8162.5,8162.5,1
2026-09-17 18:45:00+00:00,8163.0,8163.0,8163.0,8163.0,2
2026-09-17 18:50:00+00:00,8161.5,8161.5,8161.5,8161.5,1
2026-09-17 18:55:00+00:00,8161.5,8164.0,8161.5,8163.0,8
2026-09-17 19:00:00+00:00,8164.0,8165.5,8163.5,8164.0,8
2026-09-17 19:05:00+00:00,8165.5,8170.5,8161.0,8167.0,103
2026-09-17 19:10:00+00:00,8165.5,8165.5,8165.5,8165.5,1
2026-09-17 19:20:00+00:00,8162.0,8162.0,8161.5,8162.0,4
2026-09-17 19:25:00+00:00,8162.0,8162.0,8158.5,8160.0,12
2026-09-17 19:30:00+00:00,8163.5,8164.0,8161.5,8161.5,5
2026-09-17 19:35:00+00:00,8163.0,8164.5,8158.5,8158.5,45
2026-09-17 19:40:00+00:00,8160.0,8160.0,8156.5,8157.5,13
2026-09-17 19:45:00+00:00,8158.0,8160.5,8154.5,8160.0,31
2026-09-17 19:50:00+00:00,8158.5,8158.5,8157.5,8157.5,3
2026-09-17 19:55:00+00:00,8159.0,8168.5,8150.5,8158.0,56
2026-09-18 06:00:00+00:00,8164.0,8165.5,8156.5,8156.5,176
2026-09-18 06:05:00+00:00,8158.0,8160.0,8157.0,8157.0,86
2026-09-18 06:10:00+00:00,8158.0,8160.5,8156.5,8157.5,66
2026-09-18 06:15:00+00:00,8159.5,8159.5,8152.0,8153.5,51
2026-09-18 06:20:00+00:00,8154.0,8161.5,8153.5,8159.5,82
2026-09-18 06:25:00+00:00,8160.5,8161.5,8157.0,8157.0,41
2026-09-18 06:30:00+00:00,8159.0,8167.0,8158.0,8166.5,127
2026-09-18 06:35:00+00:00,8167.5,8167.5,8163.5,8163.5,34
2026-09-18 06:40:00+00:00,8164.0,8164.5,8160.0,8160.0,54
2026-09-18 06:45:00+00:00,8161.0,8162.0,8158.5,8160.5,71
2026-09-18 06:50:00+00:00,8161.0,8161.0,8152.0,8152.5,58
2026-09-18 06:55:00+00:00,8152.0,8153.0,8147.0,8151.5,259
2026-09-18 07:00:00+00:00,8151.5,8151.5,8135.0,8141.0,1872
2026-09-18 07:05:00+00:00,8140.5,8150.5,8137.5,8149.0,639
2026-09-18 07:10:00+00:00,8149.0,8152.5,8141.0,8148.0,409
2026-09-18 07:15:00+00:00,8148.0,8149.5,8141.5,8146.0,382
2026-09-18 07:20:00+00:00,8146.0,8150.5,8142.0,8142.5,369
2026-09-18 07:25:00+00:00,8143.0,8144.5,8136.0,8140.0,354
2026-09-18 07:30:00+00:00,8140.5,8142.5,8131.0,8140.5,417
2026-09-18 07:35:00+00:00,8140.0,8141.0,8133.0,8135.0,310
2026-09-18 07:40:00+00:00,8135.0,8135.5,8125.5,8127.5,522
2026-09-18 07:45:00+00:00,8128.0,8131.5,8124.5,8130.0,745
2026-09-18 07:50:00+00:00,8130.0,8139.5,8127.0,8139.5,342
2026-09-18 07:55:00+00:00,8139.5,8141.5,8138.0,8138.5,264
2026-09-18 08:00:00+00:00,8138.5,8138.5,8130.5,8132.0,346
2026-09-18 08:05:00+00:00,8132.0,8132.5,8126.0,8127.5,362
2026-09-18 08:10:00+00:00,8127.5,8131.0,8125.5,8125.5,297
2026-09-18 08:15:00+00:00,8125.5,8126.0,8122.5,8125.0,253
2026-09-18 08:20:00+00:00,8125.0,8126.5,8116.0,8120.0,441
2026-09-18 08:25:00+00:00,8120.0,8122.0,8118.0,8118.5,340
2026-09-18 08:30:00+00:00,8118.5,8124.5,8118.0,8122.5,277
2026-09-18 08:35:00+00:00,8122.5,8128.0,8120.0,8127.0,306
2026-09-18 08:40:00+00:00,8128.0,8130.5,8127.0,8130.0,292
2026-09-18 08:45:00+00:00,8130.5,8132.0,8127.5,8130.5,256
2026-09-18 08:50:00+00:00,8130.5,8132.5,8127.0,8131.0,467
2026-09-18 08:55:00+00:00,8131.0,8135.0,8129.5,8130.5,337
2026-09-18 09:00:00+00:00,8130.5,8132.0,8127.5,8127.5,501
2026-09-18 09:05:00+00:00,8127.0,8133.0,8125.5,8130.0,275
2026-09-18 09:10:00+00:00,8130.0,8133.0,8126.5,8130.5,251
2026-09-18 09:15:00+00:00,8130.0,8136.0,8128.0,8133.0,140
2026-09-18 09:20:00+00:00,8133.0,8135.0,8131.0,8131.5,206
2026-09-18 09:25:00+00:00,8131.5,8132.0,8127.5,8130.5,235
2026-09-18 09:30:00+00:00,8130.0,8130.0,8121.5,8122.5,233
2026-09-18 09:35:00+00:00,8122.5,8127.0,8122.0,8126.0,316
2026-09-18 09:40:00+00:00,8125.5,8130.0,8123.0,8125.0,419
2026-09-18 09:45:00+00:00,8124.5,8126.5,8120.5,8121.0,343
2026-09-18 09:50:00+00:00,8121.0,8131.0,8117.0,8124.5,1275
2026-09-18 09:55:00+00:00,8125.0,8126.0,8117.5,8119.0,871
2026-09-18 10:00:00+00:00,8119.0,8121.5,8116.0,8119.0,425
2026-09-18 10:05:00+00:00,8118.5,8123.5,8118.0,8121.5,262
2026-09-18 10:10:00+00:00,8121.5,8123.0,8119.0,8122.0,192
2026-09-18 10:15:00+00:00,8122.0,8122.5,8112.5,8114.5,287
2026-09-18 10:20:00+00:00,8114.5,8115.0,8109.5,8110.0,261
2026-09-18 10:25:00+00:00,8110.5,8117.0,8110.5,8117.0,268
2026-09-18 10:30:00+00:00,8117.5,8119.0,8115.0,8118.0,149
2026-09-18 10:35:00+00:00,8118.5,8122.0,8116.5,8120.0,184
2026-09-18 10:40:00+00:00,8120.0,8125.0,8118.0,8124.0,173
2026-09-18 10:45:00+00:00,8123.5,8124.0,8120.5,8122.5,172
2026-09-18 10:50:00+00:00,8123.0,8123.5,8115.0,8115.5,216
2026-09-18 10:55:00+00:00,8116.0,8118.5,8113.0,8114.0,241
2026-09-18 11:00:00+00:00,8113.5,8122.5,8111.0,8122.0,793
2026-09-18 11:05:00+00:00,8122.0,8123.0,8107.5,8111.0,927
2026-09-18 11:10:00+00:00,8110.5,8113.5,8105.5,8108.5,196
2026-09-18 11:15:00+00:00,8107.5,8109.0,8096.0,8098.5,279
2026-09-18 11:20:00+00:00,8098.0,8105.0,8098.0,8104.0,239
2026-09-18 11:25:00+00:00,8104.0,8106.5,8101.5,8105.0,190
2026-09-18 11:30:00+00:00,8106.0,8112.5,8099.0,8099.5,668
2026-09-18 11:35:00+00:00,8100.0,8106.0,8098.0,8100.5,211
2026-09-18 11:40:00+00:00,8100.0,8101.5,8093.5,8095.5,159
2026-09-18 11:45:00+00:00,8094.5,8096.5,8090.0,8090.5,373
2026-09-18 11:50:00+00:00,8090.0,8094.0,8089.5,8092.0,205
2026-09-18 11:55:00+00:00,8091.0,8092.5,8088.0,8089.5,312
2026-09-18 12:00:00+00:00,8089.5,8093.0,8084.5,8090.5,310
2026-09-18 12:05:00+00:00,8090.5,8093.0,8076.5,8081.0,530
2026-09-18 12:10:00+00:00,8080.5,8081.5,8076.5,8077.5,244
2026-09-18 12:15:00+00:00,8078.0,8079.0,8071.5,8071.5,361
2026-09-18 12:20:00+00:00,8072.0,8075.5,8067.5,8067.5,314
2026-09-18 12:25:00+00:00,8067.5,8074.5,8066.5,8073.0,275
2026-09-18 12:30:00+00:00,8073.5,8083.0,8072.0,8081.0,288
2026-09-18 12:35:00+00:00,8081.5,8085.0,8078.0,8081.0,258
2026-09-18 12:40:00+00:00,8080.0,8081.5,8077.0,8078.5,154
2026-09-18 12:45:00+00:00,8078.5,8079.5,8074.5,8076.0,327
2026-09-18 12:50:00+00:00,8075.0,8079.5,8072.0,8079.5,175
2026-09-18 12:55:00+00:00,8079.5,8083.5,8076.0,8078.5,177
2026-09-18 13:00:00+00:00,8077.0,8079.5,8073.0,8077.5,294
2026-09-18 13:05:00+00:00,8078.0,8079.0,8073.5,8076.0,176
2026-09-18 13:10:00+00:00,8076.5,8077.0,8073.0,8075.5,121
2026-09-18 13:15:00+00:00,8075.5,8080.0,8072.5,8079.5,194
2026-09-18 13:20:00+00:00,8079.5,8080.0,8069.5,8070.0,291
2026-09-18 13:25:00+00:00,8069.5,8072.5,8068.5,8071.5,314
2026-09-18 13:30:00+00:00,8071.0,8072.0,8062.0,8067.5,477
2026-09-18 13:35:00+00:00,8068.0,8069.5,8064.0,8065.5,445
2026-09-18 13:40:00+00:00,8066.5,8067.0,8057.5,8057.5,943
2026-09-18 13:45:00+00:00,8058.0,8058.5,8049.0,8050.0,990
2026-09-18 13:50:00+00:00,8050.0,8051.0,8040.5,8043.0,990
2026-09-18 13:55:00+00:00,8042.5,8047.0,8038.5,8040.0,862
2026-09-18 14:00:00+00:00,8040.0,8043.5,8036.5,8043.5,537
2026-09-18 14:05:00+00:00,8043.0,8051.0,8041.0,8051.0,483
2026-09-18 14:10:00+00:00,8050.5,8058.5,8050.5,8057.0,385
2026-09-18 14:15:00+00:00,8057.0,8061.0,8054.5,8061.0,343
2026-09-18 14:20:00+00:00,8060.5,8064.5,8060.0,8062.5,390
2026-09-18 14:25:00+00:00,8063.0,8064.0,8059.5,8062.0,343
2026-09-18 14:30:00+00:00,8062.5,8064.5,8054.5,8055.5,431
2026-09-18 14:35:00+00:00,8055.5,8059.5,8049.0,8054.0,405
2026-09-18 14:40:00+00:00,8053.5,8055.5,8042.5,8044.5,270
2026-09-18 14:45:00+00:00,8044.5,8047.5,8041.5,8047.5,345
2026-09-18 14:50:00+00:00,8047.5,8050.0,8040.5,8041.0,469
2026-09-18 14:55:00+00:00,8041.5,8048.0,8041.0,8048.0,422
2026-09-18 15:00:00+00:00,8048.0,8049.0,8042.5,8043.5,425
2026-09-18 15:05:00+00:00,8043.0,8047.0,8042.5,8046.5,368
2026-09-18 15:10:00+00:00,8046.0,8048.5,8041.5,8045.5,504
2026-09-18 15:15:00+00:00,8046.0,8046.5,8039.0,8043.5,840
2026-09-18 15:20:00+00:00,8043.0,8048.0,8040.5,8046.5,758
2026-09-18 15:25:00+00:00,8046.0,8048.0,8040.5,8044.5,1537
2026-09-18 15:30:00+00:00,8044.0,8055.0,8039.0,8053.5,3243
2026-09-18 15:35:00+00:00,8054.5,8059.0,8049.0,8049.5,2506
2026-09-18 15:40:00+00:00,8049.0,8054.0,8048.5,8053.5,357
2026-09-18 15:45:00+00:00,8053.5,8054.0,8050.5,8051.5,133
2026-09-18 15:50:00+00:00,8051.5,8054.0,8050.0,8051.0,170
2026-09-18 15:55:00+00:00,8051.5,8052.0,8048.0,8050.0,109
2026-09-18 16:00:00+00:00,8050.0,8050.0,8044.0,8044.5,267
2026-09-18 16:05:00+00:00,8044.5,8049.5,8044.5,8045.5,151
2026-09-18 16:10:00+00:00,8045.5,8045.5,8044.0,8045.0,104
2026-09-18 16:15:00+00:00,8044.5,8046.5,8042.0,8045.5,98
2026-09-18 16:20:00+00:00,8044.0,8044.5,8040.0,8041.0,121
2026-09-18 16:25:00+00:00,8040.5,8047.0,8039.5,8044.5,196
2026-09-18 16:30:00+00:00,8044.0,8047.0,8041.5,8046.0,70
2026-09-18 16:35:00+00:00,8045.5,8047.0,8044.5,8047.0,43
2026-09-18 16:40:00+00:00,8046.0,8047.5,8045.5,8046.5,49
2026-09-18 16:45:00+00:00,8047.0,8047.0,8043.5,8047.0,28
2026-09-18 16:50:00+00:00,8046.5,8051.0,8046.5,8051.0,39
2026-09-18 16:55:00+00:00,8051.0,8052.0,8047.5,8049.0,64
2026-09-18 17:00:00+00:00,8048.5,8048.5,8045.0,8045.0,49
2026-09-18 17:05:00+00:00,8045.5,8047.5,8045.0,8047.5,32
2026-09-18 17:10:00+00:00,8047.5,8047.5,8045.5,8047.5,54
2026-09-18 17:15:00+00:00,8047.0,8048.0,8045.0,8045.5,41
2026-09-18 17:20:00+00:00,8045.5,8047.0,8044.5,8046.5,37
2026-09-18 17:25:00+00:00,8046.0,8047.5,8046.0,8047.0,27
2026-09-18 17:30:00+00:00,8046.5,8047.0,8044.5,8046.5,60
2026-09-18 17:35:00+00:00,8047.5,8048.5,8047.0,8048.0,17
2026-09-18 17:40:00+00:00,8048.0,8049.0,8047.0,8049.0,28
2026-09-18 17:45:00+00:00,8048.5,8048.5,8047.0,8047.0,27
2026-09-18 17:50:00+00:00,8047.0,8048.5,8046.5,8047.5,30
2026-09-18 17:55:00+00:00,8047.5,8048.5,8047.5,8048.5,19
2026-09-18 18:00:00+00:00,8048.5,8049.5,8047.5,8048.5,57
2026-09-18 18:05:00+00:00,8049.0,8049.0,8047.0,8048.0,50
2026-09-18 18:10:00+00:00,8047.5,8048.5,8046.5,8047.5,30
2026-09-18 18:15:00+00:00,8046.5,8047.5,8046.5,8047.0,57
2026-09-18 18:20:00+00:00,8047.5,8048.0,8045.0,8046.0,199
2026-09-18 18:25:00+00:00,8046.5,8046.5,8045.0,8046.0,80
2026-09-18 18:30:00+00:00,8045.5,8048.0,8045.5,8048.0,153
2026-09-18 18:35:00+00:00,8047.5,8048.0,8045.0,8045.0,98
2026-09-18 18:40:00+00:00,8044.5,8045.0,8043.0,8043.0,80
2026-09-18 18:45:00+00:00,8043.5,8047.0,8043.0,8045.0,342
2026-09-18 18:50:00+00:00,8045.0,8045.0,8041.5,8044.0,100
2026-09-18 18:55:00+00:00,8042.5,8044.0,8040.0,8044.0,102
2026-09-18 19:00:00+00:00,8044.5,8048.0,8041.0,8048.0,146
2026-09-18 19:05:00+00:00,8047.5,8048.5,8046.5,8047.5,32
2026-09-18 19:10:00+00:00,8047.0,8050.5,8046.5,8046.5,47
2026-09-18 19:15:00+00:00,8047.5,8048.5,8045.0,8046.0,69
2026-09-18 19:20:00+00:00,8045.5,8047.0,8044.5,8046.5,23
2026-09-18 19:25:00+00:00,8046.5,8047.5,8044.5,8045.0,49
2026-09-18 19:30:00+00:00,8045.0,8046.0,8043.5,8044.5,60
2026-09-18 19:35:00+00:00,8043.5,8047.5,8043.5,8046.5,52
2026-09-18 19:40:00+00:00,8046.5,8050.5,8046.5,8050.5,71
2026-09-18 19:45:00+00:00,8051.0,8054.0,8050.0,8053.0,97
2026-09-18 19:50:00+00:00,8052.5,8054.5,8047.5,8049.0,383
2026-09-18 19:55:00+00:00,8049.5,8053.0,8044.5,8046.0,396
2026-09-21 06:00:00+00:00,8075.5,8095.5,8075.5,8091.0,417
2026-09-21 06:05:00+00:00,8091.5,8091.5,8086.0,8088.5,146
2026-09-21 06:10:00+00:00,8089.5,8090.5,8087.5,8090.0,55
2026-09-21 06:15:00+00:00,8090.0,8092.5,8087.5,8091.5,53
2026-09-21 06:20:00+00:00,8091.0,8091.0,8088.0,8088.5,77
2026-09-21 06:25:00+00:00,8088.5,8091.5,8087.5,8091.5,46
2026-09-21 06:30:00+00:00,8092.0,8095.0,8092.0,8095.0,101
2026-09-21 06:35:00+00:00,8095.0,8098.0,8093.5,8098.0,105
2026-09-21 06:40:00+00:00,8098.0,8099.0,8095.5,8096.0,69
2026-09-21 06:45:00+00:00,8096.5,8098.5,8093.5,8098.5,60
2026-09-21 06:50:00+00:00,8098.5,8100.0,8096.5,8099.0,96
2026-09-21 06:55:00+00:00,8098.5,8109.5,8098.0,8105.0,356
2026-09-21 07:00:00+00:00,8104.5,8108.0,8095.5,8107.0,1626
2026-09-21 07:05:00+00:00,8107.5,8117.0,8100.5,8103.5,568
2026-09-21 07:10:00+00:00,8102.5,8104.5,8094.5,8097.5,373
2026-09-21 07:15:00+00:00,8098.5,8100.5,8095.5,8100.5,259
2026-09-21 07:20:00+00:00,8101.0,8104.5,8096.5,8101.0,457
2026-09-21 07:25:00+00:00,8100.5,8109.5,8098.0,8107.0,327
2026-09-21 07:30:00+00:00,8107.0,8111.0,8103.0,8104.5,188
2026-09-21 07:35:00+00:00,8104.5,8106.5,8099.5,8101.5,279
2026-09-21 07:40:00+00:00,8101.5,8102.5,8093.0,8097.5,331
2026-09-21 07:45:00+00:00,8097.0,8100.5,8095.0,8098.0,242
2026-09-21 07:50:00+00:00,8097.5,8102.5,8097.0,8101.0,183
2026-09-21 07:55:00+00:00,8101.0,8105.0,8098.5,8098.5,290
2026-09-21 08:00:00+00:00,8098.5,8109.5,8098.0,8109.0,168
2026-09-21 08:05:00+00:00,8110.0,8116.0,8109.0,8115.0,247
2026-09-21 08:10:00+00:00,8115.5,8121.0,8115.5,8120.5,216
2026-09-21 08:15:00+00:00,8121.0,8123.0,8117.0,8121.0,194
2026-09-21 08:20:00+00:00,8120.5,8123.5,8119.0,8120.5,207
2026-09-21 08:25:00+00:00,8120.5,8123.5,8120.0,8123.0,179
2026-09-21 08:30:00+00:00,8122.5,8122.5,8117.0,8117.5,250
2026-09-21 08:35:00+00:00,8117.5,8123.0,8117.5,8122.5,138
2026-09-21 08:40:00+00:00,8122.5,8126.0,8121.0,8125.0,219
2026-09-21 08:45:00+00:00,8124.5,8127.5,8122.5,8125.5,188
2026-09-21 08:50:00+00:00,8125.5,8128.5,8124.0,8124.0,250
2026-09-21 08:55:00+00:00,8124.5,8127.0,8122.5,8123.5,210
2026-09-21 09:00:00+00:00,8123.0,8125.5,8119.5,8125.5,144
2026-09-21 09:05:00+00:00,8126.0,8133.5,8125.0,8129.0,187
2026-09-21 09:10:00+00:00,8129.0,8130.5,8127.0,8130.5,109
2026-09-21 09:15:00+00:00,8130.0,8130.5,8127.0,8129.0,135
2026-09-21 09:20:00+00:00,8130.5,8132.0,8129.0,8129.0,131
2026-09-21 09:25:00+00:00,8129.5,8133.5,8129.0,8131.0,157
2026-09-21 09:30:00+00:00,8130.5,8133.0,8130.5,8130.5,103
2026-09-21 09:35:00+00:00,8131.0,8134.0,8130.0,8134.0,123
2026-09-21 09:40:00+00:00,8134.0,8136.0,8132.0,8135.0,119
2026-09-21 09:45:00+00:00,8135.5,8136.5,8133.0,8133.0,141
2026-09-21 09:50:00+00:00,8133.5,8136.0,8132.5,8135.0,142
2026-09-21 09:55:00+00:00,8135.0,8137.5,8134.5,8137.0,87
2026-09-21 10:00:00+00:00,8136.5,8138.0,8133.5,8137.5,157
2026-09-21 10:05:00+00:00,8137.5,8138.5,8134.5,8134.5,106
2026-09-21 10:10:00+00:00,8134.0,8135.0,8132.0,8133.0,94
2026-09-21 10:15:00+00:00,8133.0,8135.5,8131.5,8134.5,162
2026-09-21 10:20:00+00:00,8135.0,8136.5,8130.5,8132.5,104
2026-09-21 10:25:00+00:00,8133.0,8135.5,8132.0,8135.0,58
2026-09-21 10:30:00+00:00,8135.5,8136.0,8133.5,8133.5,176
2026-09-21 10:35:00+00:00,8133.0,8135.5,8132.0,8133.5,237
2026-09-21 10:40:00+00:00,8133.0,8133.0,8129.5,8131.0,240
2026-09-21 10:45:00+00:00,8131.5,8135.5,8131.0,8133.0,142
2026-09-21 10:50:00+00:00,8133.0,8135.0,8128.5,8130.5,134
2026-09-21 10:55:00+00:00,8130.5,8131.5,8128.5,8128.5,101
2026-09-21 11:00:00+00:00,8129.5,8134.5,8129.0,8133.5,395
2026-09-21 11:05:00+00:00,8133.5,8136.5,8130.0,8130.5,150
2026-09-21 11:10:00+00:00,8130.0,8131.5,8128.5,8131.5,79
2026-09-21 11:15:00+00:00,8131.5,8132.5,8127.5,8132.0,108
2026-09-21 11:20:00+00:00,8132.5,8134.0,8132.0,8133.0,125
2026-09-21 11:25:00+00:00,8133.5,8137.5,8133.5,8137.5,92
2026-09-21 11:30:00+00:00,8137.0,8138.0,8136.0,8137.5,88
2026-09-21 11:35:00+00:00,8137.0,8140.0,8134.0,8137.0,149
2026-09-21 11:40:00+00:00,8137.0,8138.5,8135.0,8138.5,200
2026-09-21 11:45:00+00:00,8138.5,8139.0,8135.5,8136.5,110
2026-09-21 11:50:00+00:00,8136.5,8138.0,8132.5,8136.0,122
2026-09-21 11:55:00+00:00,8136.5,8136.5,8133.5,8135.0,108
2026-09-21 12:00:00+00:00,8134.5,8137.0,8130.5,8134.5,219
2026-09-21 12:05:00+00:00,8135.0,8139.5,8135.0,8135.5,319
2026-09-21 12:10:00+00:00,8137.0,8138.0,8135.0,8136.0,141
2026-09-21 12:15:00+00:00,8135.5,8136.0,8134.0,8135.5,134
2026-09-21 12:20:00+00:00,8135.5,8138.0,8135.5,8136.5,82
2026-09-21 12:25:00+00:00,8136.5,8138.5,8136.0,8138.5,77
2026-09-21 12:30:00+00:00,8138.5,8139.5,8136.0,8138.0,102
2026-09-21 12:35:00+00:00,8138.0,8138.0,8136.0,8137.0,116
2026-09-21 12:40:00+00:00,8137.0,8143.0,8134.5,8142.5,405
2026-09-21 12:45:00+00:00,8141.5,8142.0,8130.0,8130.0,214
2026-09-21 12:50:00+00:00,8130.5,8134.0,8129.5,8134.0,67
2026-09-21 12:55:00+00:00,8133.5,8137.5,8131.0,8136.5,61
2026-09-21 13:00:00+00:00,8136.0,8141.0,8135.5,8140.5,207
2026-09-21 13:05:00+00:00,8140.5,8142.5,8138.5,8141.5,195
2026-09-21 13:10:00+00:00,8141.0,8141.5,8139.5,8140.0,69
2026-09-21 13:15:00+00:00,8140.0,8140.0,8134.5,8135.5,208
2026-09-21 13:20:00+00:00,8135.0,8137.5,8134.0,8135.0,60
2026-09-21 13:25:00+00:00,8135.5,8139.0,8133.0,8134.0,368
2026-09-21 13:30:00+00:00,8135.5,8135.5,8126.0,8129.0,414
2026-09-21 13:35:00+00:00,8129.0,8131.0,8128.0,8129.0,225
2026-09-21 13:40:00+00:00,8128.5,8128.5,8116.0,8117.5,363
2026-09-21 13:45:00+00:00,8117.5,8118.5,8113.0,8117.5,348
2026-09-21 13:50:00+00:00,8118.0,8119.0,8114.5,8115.0,173
2026-09-21 13:55:00+00:00,8114.5,8115.5,8110.0,8114.0,225
2026-09-21 14:00:00+00:00,8114.0,8115.0,8109.5,8113.0,204
2026-09-21 14:05:00+00:00,8112.5,8114.0,8107.0,8114.0,175
2026-09-21 14:10:00+00:00,8114.0,8120.0,8112.5,8119.5,198
2026-09-21 14:15:00+00:00,8119.5,8121.5,8117.5,8119.5,190
2026-09-21 14:20:00+00:00,8120.0,8121.5,8117.0,8117.5,238
2026-09-21 14:25:00+00:00,8117.0,8127.0,8117.0,8126.0,241
2026-09-21 14:30:00+00:00,8126.5,8130.5,8121.5,8130.5,272
2026-09-21 14:35:00+00:00,8130.0,8131.0,8126.0,8126.5,189
2026-09-21 14:40:00+00:00,8126.5,8133.5,8124.5,8127.0,298
2026-09-21 14:45:00+00:00,8127.0,8133.0,8126.5,8131.5,171
2026-09-21 14:50:00+00:00,8132.5,8133.0,8130.0,8130.0,234
2026-09-21 14:55:00+00:00,8130.0,8131.5,8127.0,8131.0,248
2026-09-21 15:00:00+00:00,8130.5,8138.5,8130.5,8138.5,368
2026-09-21 15:05:00+00:00,8138.5,8143.0,8137.5,8143.0,354
2026-09-21 15:10:00+00:00,8143.5,8143.5,8138.5,8142.0,513
2026-09-21 15:15:00+00:00,8142.5,8146.5,8141.0,8144.5,554
2026-09-21 15:20:00+00:00,8144.5,8145.0,8140.0,8140.5,460
2026-09-21 15:25:00+00:00,8140.0,8142.5,8133.0,8133.5,876
2026-09-21 15:30:00+00:00,8133.0,8138.0,8127.0,8129.5,2011
2026-09-21 15:35:00+00:00,8129.5,8133.5,8127.0,8131.0,967
2026-09-21 15:40:00+00:00,8130.0,8131.5,8127.5,8131.5,348
2026-09-21 15:45:00+00:00,8131.5,8133.5,8130.5,8130.5,103
2026-09-21 15:50:00+00:00,8130.5,8137.0,8130.0,8132.0,119
2026-09-21 15:55:00+00:00,8132.5,8133.5,8128.5,8129.5,101
2026-09-21 16:00:00+00:00,8129.0,8135.5,8128.5,8135.0,92
2026-09-21 16:05:00+00:00,8134.5,8140.5,8134.0,8140.0,175
2026-09-21 16:10:00+00:00,8139.5,8141.5,8138.0,8139.0,84
2026-09-21 16:15:00+00:00,8139.5,8144.0,8139.5,8142.5,143
2026-09-21 16:20:00+00:00,8142.5,8142.5,8139.5,8139.5,39
2026-09-21 16:25:00+00:00,8139.5,8141.0,8139.0,8140.0,57
2026-09-21 16:30:00+00:00,8139.5,8145.5,8139.5,8143.5,59
2026-09-21 16:35:00+00:00,8143.5,8145.0,8141.0,8141.5,102
2026-09-21 16:40:00+00:00,8141.5,8141.5,8138.5,8138.5,43
2026-09-21 16:45:00+00:00,8139.0,8140.0,8138.0,8139.5,96
2026-09-21 16:50:00+00:00,8140.0,8143.0,8139.0,8143.0,90
2026-09-21 16:55:00+00:00,8143.0,8144.5,8142.5,8143.5,53
2026-09-21 17:00:00+00:00,8145.0,8145.0,8140.5,8141.0,46
2026-09-21 17:05:00+00:00,8140.5,8142.5,8140.5,8141.0,25
2026-09-21 17:10:00+00:00,8141.5,8143.0,8141.5,8142.5,23
2026-09-21 17:15:00+00:00,8142.0,8143.0,8140.5,8143.0,26
2026-09-21 17:20:00+00:00,8143.0,8144.0,8142.0,8142.0,18
2026-09-21 17:25:00+00:00,8142.5,8142.5,8140.0,8142.5,29
2026-09-21 17:30:00+00:00,8142.5,8143.0,8138.0,8138.5,127
2026-09-21 17:35:00+00:00,8138.5,8139.5,8136.5,8136.5,30
2026-09-21 17:40:00+00:00,8136.5,8139.0,8136.0,8138.5,25
2026-09-21 17:45:00+00:00,8139.0,8140.5,8139.0,8139.5,16
2026-09-21 17:50:00+00:00,8139.0,8139.5,8138.0,8139.5,7
2026-09-21 17:55:00+00:00,8140.0,8140.0,8138.5,8139.5,18
2026-09-21 18:00:00+00:00,8140.0,8142.0,8139.5,8141.5,31
2026-09-21 18:05:00+00:00,8142.0,8144.0,8142.0,8143.5,26
2026-09-21 18:10:00+00:00,8143.0,8145.0,8142.5,8144.5,40
2026-09-21 18:15:00+00:00,8144.0,8147.0,8144.0,8147.0,69
2026-09-21 18:20:00+00:00,8147.0,8151.0,8147.0,8150.0,52
2026-09-21 18:25:00+00:00,8149.5,8150.5,8149.5,8149.5,47
2026-09-21 18:30:00+00:00,8150.0,8151.0,8146.5,8147.5,46
2026-09-21 18:35:00+00:00,8148.0,8148.0,8146.5,8146.5,13
2026-09-21 18:40:00+00:00,8147.0,8147.0,8146.0,8146.5,22
2026-09-21 18:45:00+00:00,8147.0,8149.5,8147.0,8149.5,43
2026-09-21 18:50:00+00:00,8151.0,8151.0,8149.5,8150.0,32
2026-09-21 18:55:00+00:00,8150.5,8150.5,8150.0,8150.0,19
2026-09-21 19:00:00+00:00,8150.0,8151.0,8149.5,8149.5,28
2026-09-21 19:05:00+00:00,8149.5,8149.5,8147.0,8147.5,35
2026-09-21 19:10:00+00:00,8147.5,8148.5,8147.5,8148.0,12
2026-09-21 19:15:00+00:00,8148.5,8148.5,8147.5,8148.0,35
2026-09-21 19:20:00+00:00,8148.5,8148.5,8146.5,8147.0,32
2026-09-21 19:25:00+00:00,8146.5,8148.5,8146.5,8147.5,31
2026-09-21 19:30:00+00:00,8148.0,8151.5,8148.0,8151.0,48
2026-09-21 19:35:00+00:00,8151.5,8154.5,8151.5,8153.0,68
2026-09-21 19:40:00+00:00,8154.0,8154.5,8150.5,8150.5,64
2026-09-21 19:45:00+00:00,8150.0,8150.5,8146.5,8147.0,149
2026-09-21 19:50:00+00:00,8146.5,8146.5,8140.5,8142.0,153
2026-09-21 19:55:00+00:00,8141.5,8146.0,8140.0,8140.5,290
2026-09-22 06:00:00+00:00,8137.5,8137.5,8125.5,8125.5,311
2026-09-22 06:05:00+00:00,8124.5,8129.0,8124.0,8128.0,83
2026-09-22 06:10:00+00:00,8129.0,8131.5,8127.5,8131.5,68
2026-09-22 06:15:00+00:00,8133.0,8136.5,8131.5,8132.0,44
2026-09-22 06:20:00+00:00,8131.5,8131.5,8126.5,8128.0,51
2026-09-22 06:25:00+00:00,8129.5,8131.5,8128.5,8131.5,17
2026-09-22 06:30:00+00:00,8132.0,8134.5,8132.0,8134.5,28
2026-09-22 06:35:00+00:00,8134.5,8137.5,8134.5,8137.5,65
2026-09-22 06:40:00+00:00,8137.0,8137.5,8135.0,8137.5,56
2026-09-22 06:45:00+00:00,8137.5,8138.5,8135.0,8135.0,43
2026-09-22 06:50:00+00:00,8135.0,8136.5,8131.0,8131.0,68
2026-09-22 06:55:00+00:00,8130.5,8138.5,8130.5,8136.0,181
2026-09-22 07:00:00+00:00,8137.0,8155.0,8132.5,8134.0,1494
2026-09-22 07:05:00+00:00,8134.0,8137.0,8127.5,8133.0,440
2026-09-22 07:10:00+00:00,8133.5,8136.5,8127.0,8131.0,253
2026-09-22 07:15:00+00:00,8132.0,8136.5,8122.0,8122.0,300
2026-09-22 07:20:00+00:00,8122.0,8129.0,8120.5,8126.5,423
2026-09-22 07:25:00+00:00,8126.5,8138.0,8120.5,8136.0,691
2026-09-22 07:30:00+00:00,8135.5,8135.5,8128.0,8131.0,185
2026-09-22 07:35:00+00:00,8130.5,8132.0,8127.5,8131.0,202
2026-09-22 07:40:00+00:00,8130.5,8132.5,8126.5,8132.0,213
2026-09-22 07:45:00+00:00,8131.5,8131.5,8124.5,8125.0,301
2026-09-22 07:50:00+00:00,8125.0,8126.0,8116.5,8119.0,758
2026-09-22 07:55:00+00:00,8119.0,8122.5,8116.5,8120.0,195
2026-09-22 08:00:00+00:00,8120.5,8125.5,8117.0,8124.5,185
2026-09-22 08:05:00+00:00,8125.0,8126.5,8120.5,8124.5,168
2026-09-22 08:10:00+00:00,8125.0,8127.5,8122.5,8123.0,397
2026-09-22 08:15:00+00:00,8123.5,8123.5,8119.5,8121.5,210
2026-09-22 08:20:00+00:00,8122.5,8127.0,8121.5,8124.5,249
2026-09-22 08:25:00+00:00,8123.5,8130.0,8114.5,8115.5,384
2026-09-22 08:30:00+00:00,8115.0,8116.5,8107.5,8110.0,394
2026-09-22 08:35:00+00:00,8110.0,8123.0,8107.0,8123.0,361
2026-09-22 08:40:00+00:00,8122.0,8136.5,8118.5,8136.5,517
2026-09-22 08:45:00+00:00,8136.0,8153.0,8134.5,8152.5,369
2026-09-22 08:50:00+00:00,8152.5,8160.5,8150.5,8156.0,321
2026-09-22 08:55:00+00:00,8156.0,8165.5,8147.0,8150.0,405
2026-09-22 09:00:00+00:00,8149.5,8159.0,8138.5,8140.0,316
2026-09-22 09:05:00+00:00,8140.0,8145.0,8135.5,8144.5,389
2026-09-22 09:10:00+00:00,8144.0,8149.5,8141.0,8145.0,371
2026-09-22 09:15:00+00:00,8145.0,8152.5,8143.5,8145.0,398
2026-09-22 09:20:00+00:00,8145.5,8147.5,8140.5,8143.0,179
2026-09-22 09:25:00+00:00,8142.5,8148.0,8142.5,8145.0,170
2026-09-22 09:30:00+00:00,8146.0,8152.0,8145.5,8150.0,1034
2026-09-22 09:35:00+00:00,8149.5,8149.5,8140.5,8141.5,156
2026-09-22 09:40:00+00:00,8141.5,8151.0,8141.5,8151.0,203
2026-09-22 09:45:00+00:00,8150.5,8154.5,8149.0,8154.0,198
2026-09-22 09:50:00+00:00,8154.5,8177.0,8153.5,8170.5,1179
2026-09-22 09:55:00+00:00,8170.0,8177.5,8160.0,8175.0,591
2026-09-22 10:00:00+00:00,8174.5,8182.0,8168.5,8179.5,394
2026-09-22 10:05:00+00:00,8179.5,8183.5,8177.0,8181.5,347
2026-09-22 10:10:00+00:00,8182.0,8183.0,8178.5,8182.5,309
2026-09-22 10:15:00+00:00,8182.0,8183.0,8175.5,8177.0,340
2026-09-22 10:20:00+00:00,8176.5,8178.0,8168.0,8169.0,359
2026-09-22 10:25:00+00:00,8169.0,8175.0,8167.5,8173.5,230
2026-09-22 10:30:00+00:00,8173.0,8174.0,8165.5,8170.5,154
2026-09-22 10:35:00+00:00,8171.0,8173.5,8169.0,8172.5,113
2026-09-22 10:40:00+00:00,8172.0,8177.5,8172.0,8175.5,117
2026-09-22 10:45:00+00:00,8175.0,8175.0,8169.0,8172.0,131
2026-09-22 10:50:00+00:00,8172.0,8176.0,8171.5,8175.5,111
2026-09-22 10:55:00+00:00,8176.0,8179.0,8174.5,8175.5,104
2026-09-22 11:00:00+00:00,8176.0,8181.5,8175.0,8181.5,337
2026-09-22 11:05:00+00:00,8180.5,8182.0,8163.5,8165.5,365
2026-09-22 11:10:00+00:00,8166.0,8170.0,8161.0,8168.5,399
2026-09-22 11:15:00+00:00,8168.5,8171.5,8163.5,8165.5,105
2026-09-22 11:20:00+00:00,8166.0,8175.5,8166.0,8175.5,64
2026-09-22 11:25:00+00:00,8175.5,8177.5,8174.0,8176.5,68
2026-09-22 11:30:00+00:00,8177.0,8178.5,8168.0,8170.0,126
2026-09-22 11:35:00+00:00,8169.5,8172.5,8168.5,8172.5,98
2026-09-22 11:40:00+00:00,8172.0,8174.0,8169.5,8172.0,93
2026-09-22 11:45:00+00:00,8173.0,8178.0,8166.5,8168.0,281
2026-09-22 11:50:00+00:00,8168.5,8168.5,8163.0,8164.0,65
2026-09-22 11:55:00+00:00,8164.5,8168.0,8159.0,8159.5,135
2026-09-22 12:00:00+00:00,8159.0,8166.5,8159.0,8163.5,122
2026-09-22 12:05:00+00:00,8164.5,8164.5,8159.0,8161.0,109
2026-09-22 12:10:00+00:00,8161.5,8168.0,8161.5,8166.5,93
2026-09-22 12:15:00+00:00,8167.5,8170.0,8163.5,8169.5,114
2026-09-22 12:20:00+00:00,8168.5,8171.5,8167.5,8168.0,121
2026-09-22 12:25:00+00:00,8169.0,8172.0,8168.0,8171.0,122
2026-09-22 12:30:00+00:00,8172.5,8180.5,8171.0,8179.5,144
2026-09-22 12:35:00+00:00,8180.0,8183.0,8172.0,8173.5,120
2026-09-22 12:40:00+00:00,8173.0,8178.0,8171.0,8173.5,140
2026-09-22 12:45:00+00:00,8174.5,8175.0,8168.5,8169.5,124
2026-09-22 12:50:00+00:00,8170.5,8170.5,8164.5,8168.5,149
2026-09-22 12:55:00+00:00,8168.0,8175.0,8166.5,8174.5,202
2026-09-22 13:00:00+00:00,8174.5,8180.5,8172.0,8174.0,194
2026-09-22 13:05:00+00:00,8174.0,8180.0,8171.0,8178.5,350
2026-09-22 13:10:00+00:00,8178.0,8186.0,8176.5,8186.0,192
2026-09-22 13:15:00+00:00,8186.5,8189.0,8183.5,8183.5,152
2026-09-22 13:20:00+00:00,8183.5,8187.0,8181.0,8183.5,197
2026-09-22 13:25:00+00:00,8184.0,8184.0,8175.0,8175.0,177
2026-09-22 13:30:00+00:00,8175.0,8176.0,8162.0,8162.0,423
2026-09-22 13:35:00+00:00,8162.5,8165.5,8158.0,8160.5,193
2026-09-22 13:40:00+00:00,8160.5,8169.0,8156.5,8166.5,321
2026-09-22 13:45:00+00:00,8166.0,8171.5,8163.0,8165.5,391
2026-09-22 13:50:00+00:00,8165.0,8171.0,8163.5,8171.0,185
2026-09-22 13:55:00+00:00,8171.0,8171.0,8166.0,8168.5,211
2026-09-22 14:00:00+00:00,8169.0,8171.5,8164.0,8166.5,276
2026-09-22 14:05:00+00:00,8166.5,8172.0,8165.0,8165.5,644
2026-09-22 14:10:00+00:00,8165.5,8173.0,8161.5,8164.0,1010
2026-09-22 14:15:00+00:00,8164.0,8166.0,8159.0,8164.5,405
2026-09-22 14:20:00+00:00,8165.0,8172.0,8162.0,8172.0,195
2026-09-22 14:25:00+00:00,8172.0,8172.0,8164.0,8168.0,174
2026-09-22 14:30:00+00:00,8168.0,8168.5,8158.0,8158.0,280
2026-09-22 14:35:00+00:00,8158.5,8171.5,8152.5,8156.0,661
2026-09-22 14:40:00+00:00,8156.0,8156.0,8143.5,8151.0,413
2026-09-22 14:45:00+00:00,8150.0,8151.0,8144.0,8147.0,175
2026-09-22 14:50:00+00:00,8147.0,8149.0,8145.0,8148.5,135
2026-09-22 14:55:00+00:00,8148.5,8152.5,8147.5,8151.5,179
2026-09-22 15:00:00+00:00,8151.0,8154.0,8144.5,8146.0,403
2026-09-22 15:05:00+00:00,8146.0,8153.5,8144.0,8152.0,371
2026-09-22 15:10:00+00:00,8152.0,8156.5,8149.5,8155.5,274
2026-09-22 15:15:00+00:00,8155.5,8156.5,8149.0,8149.5,325
2026-09-22 15:20:00+00:00,8149.0,8152.5,8147.5,8152.5,224
2026-09-22 15:25:00+00:00,8153.0,8154.0,8146.5,8148.0,459
2026-09-22 15:30:00+00:00,8148.0,8149.5,8140.5,8143.0,1196
2026-09-22 15:35:00+00:00,8143.5,8148.0,8140.5,8144.5,725
2026-09-22 15:40:00+00:00,8144.0,8144.0,8139.0,8139.0,154
2026-09-22 15:45:00+00:00,8139.0,8144.0,8138.5,8142.5,134
2026-09-22 15:50:00+00:00,8142.5,8146.0,8142.0,8143.5,64
2026-09-22 15:55:00+00:00,8143.0,8149.0,8142.0,8148.5,101
2026-09-22 16:00:00+00:00,8148.5,8151.0,8148.0,8150.0,82
2026-09-22 16:05:00+00:00,8149.0,8153.5,8149.0,8150.5,66
2026-09-22 16:10:00+00:00,8151.5,8152.0,8148.5,8148.5,71
2026-09-22 16:15:00+00:00,8148.5,8149.0,8146.5,8148.0,46
2026-09-22 16:20:00+00:00,8148.0,8150.0,8146.5,8147.0,66
2026-09-22 16:25:00+00:00,8147.0,8151.0,8147.0,8151.0,47
2026-09-22 16:30:00+00:00,8150.5,8152.0,8149.0,8152.0,49
2026-09-22 16:35:00+00:00,8151.5,8152.5,8149.5,8152.5,48
2026-09-22 16:40:00+00:00,8153.0,8154.0,8151.0,8152.0,29
2026-09-22 16:45:00+00:00,8152.0,8161.5,8151.5,8161.5,235
2026-09-22 16:50:00+00:00,8160.0,8164.5,8158.0,8158.0,90
2026-09-22 16:55:00+00:00,8158.5,8159.5,8154.5,8157.5,102
2026-09-22 17:00:00+00:00,8156.5,8156.5,8152.0,8152.0,93
2026-09-22 17:05:00+00:00,8152.5,8154.0,8151.5,8151.5,36
2026-09-22 17:10:00+00:00,8153.0,8153.5,8150.5,8150.5,25
2026-09-22 17:15:00+00:00,8150.0,8151.0,8148.5,8149.0,48
2026-09-22 17:20:00+00:00,8149.0,8149.5,8146.5,8148.5,43
2026-09-22 17:25:00+00:00,8148.5,8151.0,8148.0,8151.0,47
2026-09-22 17:30:00+00:00,8150.5,8150.5,8148.0,8148.0,47
2026-09-22 17:35:00+00:00,8148.5,8150.5,8147.5,8148.0,40
2026-09-22 17:40:00+00:00,8147.0,8151.0,8147.0,8151.0,31
2026-09-22 17:45:00+00:00,8151.5,8153.5,8151.5,8152.5,34
2026-09-22 17:50:00+00:00,8152.5,8170.0,8150.5,8165.5,409
2026-09-22 17:55:00+00:00,8166.0,8168.5,8165.5,8168.0,72
2026-09-22 18:00:00+00:00,8169.0,8170.5,8164.5,8168.5,77
2026-09-22 18:05:00+00:00,8168.5,8171.0,8167.5,8169.5,23
2026-09-22 18:10:00+00:00,8171.0,8172.5,8168.5,8169.5,67
2026-09-22 18:15:00+00:00,8170.0,8172.0,8170.0,8170.5,19
2026-09-22 18:20:00+00:00,8169.5,8171.5,8168.5,8168.5,47
2026-09-22 18:25:00+00:00,8170.0,8171.0,8167.0,8167.5,47
2026-09-22 18:30:00+00:00,8167.0,8169.0,8166.0,8166.0,34
2026-09-22 18:35:00+00:00,8165.5,8166.5,8163.5,8166.0,40
2026-09-22 18:40:00+00:00,8167.0,8167.0,8163.0,8166.5,67
2026-09-22 18:45:00+00:00,8167.5,8169.0,8165.5,8166.0,38
2026-09-22 18:50:00+00:00,8166.0,8167.0,8165.0,8167.0,28
2026-09-22 18:55:00+00:00,8166.5,8167.5,8165.0,8167.5,51
2026-09-22 19:00:00+00:00,8167.5,8168.5,8165.0,8165.5,58
2026-09-22 19:05:00+00:00,8166.0,8168.0,8165.5,8165.5,40
2026-09-22 19:10:00+00:00,8166.0,8170.0,8166.0,8169.5,39
2026-09-22 19:15:00+00:00,8169.5,8171.0,8167.5,8170.5,36
2026-09-22 19:20:00+00:00,8170.5,8170.5,8166.0,8167.0,68
2026-09-22 19:25:00+00:00,8166.5,8172.5,8166.5,8170.0,176
2026-09-22 19:30:00+00:00,8171.0,8180.5,8170.5,8180.0,120
2026-09-22 19:35:00+00:00,8180.0,8182.0,8177.0,8181.5,161
2026-09-22 19:40:00+00:00,8181.0,8181.5,8176.5,8178.5,39
2026-09-22 19:45:00+00:00,8179.5,8181.5,8178.0,8178.5,46
2026-09-22 19:50:00+00:00,8178.5,8178.5,8171.0,8171.5,75
2026-09-22 19:55:00+00:00,8171.5,8173.0,8169.0,8171.5,136
2026-09-23 06:00:00+00:00,8173.5,8173.5,8166.0,8170.0,234
2026-09-23 06:05:00+00:00,8169.0,8174.5,8168.0,8168.5,54
2026-09-23 06:10:00+00:00,8170.0,8174.5,8170.0,8173.5,44
2026-09-23 06:15:00+00:00,8173.0,8176.0,8172.5,8172.5,48
2026-09-23 06:20:00+00:00,8173.0,8173.0,8165.0,8170.5,171
2026-09-23 06:25:00+00:00,8172.0,8175.5,8170.5,8174.0,60
2026-09-23 06:30:00+00:00,8174.5,8179.5,8174.5,8178.5,50
2026-09-23 06:35:00+00:00,8179.5,8183.0,8176.5,8180.0,59
2026-09-23 06:40:00+00:00,8179.5,8184.0,8178.5,8183.5,41
2026-09-23 06:45:00+00:00,8182.0,8182.0,8178.0,8180.5,41
2026-09-23 06:50:00+00:00,8180.5,8181.0,8175.0,8176.5,38
2026-09-23 06:55:00+00:00,8176.0,8176.0,8164.0,8164.0,161
2026-09-23 07:00:00+00:00,8165.0,8186.5,8163.5,8185.5,1406
2026-09-23 07:05:00+00:00,8186.0,8190.5,8179.0,8181.0,589
2026-09-23 07:10:00+00:00,8180.0,8181.5,8174.0,8179.5,365
2026-09-23 07:15:00+00:00,8178.5,8181.5,8170.5,8172.0,375
2026-09-23 07:20:00+00:00,8171.5,8174.0,8169.5,8172.0,420
2026-09-23 07:25:00+00:00,8172.0,8188.0,8172.0,8187.5,354
2026-09-23 07:30:00+00:00,8187.5,8187.5,8174.0,8175.5,507
2026-09-23 07:35:00+00:00,8175.0,8176.5,8171.0,8174.0,294
2026-09-23 07:40:00+00:00,8174.5,8180.5,8172.5,8179.5,331
2026-09-23 07:45:00+00:00,8180.0,8186.5,8179.5,8186.5,231
2026-09-23 07:50:00+00:00,8185.5,8190.0,8180.5,8180.5,324
2026-09-23 07:55:00+00:00,8181.5,8186.0,8180.0,8182.0,131
2026-09-23 08:00:00+00:00,8182.5,8183.5,8169.0,8169.5,326
2026-09-23 08:05:00+00:00,8168.5,8173.0,8165.5,8170.5,179
2026-09-23 08:10:00+00:00,8170.5,8176.5,8167.0,8168.0,103
2026-09-23 08:15:00+00:00,8168.0,8168.0,8159.5,8164.5,217
2026-09-23 08:20:00+00:00,8164.5,8166.0,8162.5,8165.5,193
2026-09-23 08:25:00+00:00,8165.5,8166.5,8159.0,8165.5,185
2026-09-23 08:30:00+00:00,8163.5,8167.0,8162.0,8164.5,157
2026-09-23 08:35:00+00:00,8164.0,8165.0,8156.0,8159.0,162
2026-09-23 08:40:00+00:00,8158.0,8158.0,8151.0,8152.5,168
2026-09-23 08:45:00+00:00,8153.0,8153.0,8148.0,8149.0,145
2026-09-23 08:50:00+00:00,8149.0,8153.5,8146.5,8153.5,94
2026-09-23 08:55:00+00:00,8154.0,8156.5,8151.5,8153.0,154
2026-09-23 09:00:00+00:00,8153.5,8154.0,8147.5,8148.5,153
2026-09-23 09:05:00+00:00,8148.0,8151.0,8145.0,8150.5,141
2026-09-23 09:10:00+00:00,8150.0,8150.0,8143.5,8148.0,219
2026-09-23 09:15:00+00:00,8147.5,8150.5,8143.0,8150.5,107
2026-09-23 09:20:00+00:00,8150.5,8153.0,8147.5,8152.0,89
2026-09-23 09:25:00+00:00,8151.5,8152.5,8143.5,8143.5,192
2026-09-23 09:30:00+00:00,8143.5,8147.0,8140.5,8141.5,204
2026-09-23 09:35:00+00:00,8141.0,8146.0,8141.0,8142.5,89
2026-09-23 09:40:00+00:00,8142.0,8142.0,8137.0,8139.5,142
2026-09-23 09:45:00+00:00,8138.5,8138.5,8132.5,8133.5,110
2026-09-23 09:50:00+00:00,8133.0,8140.0,8133.0,8140.0,73
2026-09-23 09:55:00+00:00,8139.5,8142.5,8139.0,8140.0,92
2026-09-23 10:00:00+00:00,8139.5,8141.5,8136.5,8139.0,111
2026-09-23 10:05:00+00:00,8138.5,8143.0,8137.5,8140.5,87
2026-09-23 10:10:00+00:00,8141.5,8142.0,8138.0,8138.0,87
2026-09-23 10:15:00+00:00,8138.0,8141.0,8135.5,8141.0,60
2026-09-23 10:20:00+00:00,8141.5,8141.5,8134.0,8136.5,82
2026-09-23 10:25:00+00:00,8135.5,8139.0,8134.0,8136.5,58
2026-09-23 10:30:00+00:00,8138.0,8138.5,8130.5,8131.5,134
2026-09-23 10:35:00+00:00,8132.0,8132.5,8129.5,8132.0,92
2026-09-23 10:40:00+00:00,8131.5,8133.0,8130.5,8131.0,82
2026-09-23 10:45:00+00:00,8130.5,8133.0,8129.0,8132.5,76
2026-09-23 10:50:00+00:00,8133.0,8135.0,8130.0,8132.0,108
2026-09-23 10:55:00+00:00,8132.5,8133.0,8130.5,8132.0,117
2026-09-23 11:00:00+00:00,8131.0,8134.0,8129.0,8130.0,269
2026-09-23 11:05:00+00:00,8130.5,8131.5,8129.0,8129.5,132
2026-09-23 11:10:00+00:00,8129.5,8132.0,8125.5,8126.0,162
2026-09-23 11:15:00+00:00,8126.0,8130.5,8126.0,8129.0,212
2026-09-23 11:20:00+00:00,8129.0,8129.0,8121.0,8122.0,143
2026-09-23 11:25:00+00:00,8122.5,8123.5,8119.5,8123.5,168
2026-09-23 11:30:00+00:00,8123.5,8124.0,8119.0,8120.0,98
2026-09-23 11:35:00+00:00,8120.0,8121.5,8114.0,8118.5,272
2026-09-23 11:40:00+00:00,8118.5,8119.5,8115.0,8119.5,96
2026-09-23 11:45:00+00:00,8119.5,8124.0,8118.5,8123.0,175
2026-09-23 11:50:00+00:00,8123.0,8126.5,8120.0,8124.5,227
2026-09-23 11:55:00+00:00,8125.5,8126.0,8123.0,8126.0,102
2026-09-23 12:00:00+00:00,8126.5,8128.5,8120.0,8120.5,175
2026-09-23 12:05:00+00:00,8120.0,8120.0,8114.0,8116.5,384
2026-09-23 12:10:00+00:00,8117.0,8120.0,8115.0,8116.5,152
2026-09-23 12:15:00+00:00,8116.0,8120.0,8115.5,8117.5,137
2026-09-23 12:20:00+00:00,8118.0,8122.5,8115.0,8119.0,108
2026-09-23 12:25:00+00:00,8119.0,8120.0,8116.0,8116.5,163
2026-09-23 12:30:00+00:00,8116.5,8120.5,8114.5,8120.5,119
2026-09-23 12:35:00+00:00,8121.5,8122.5,8116.5,8117.5,118
2026-09-23 12:40:00+00:00,8117.5,8117.5,8110.5,8115.0,281
2026-09-23 12:45:00+00:00,8115.5,8121.5,8114.5,8117.5,149
2026-09-23 12:50:00+00:00,8118.5,8122.5,8118.5,8120.5,73
2026-09-23 12:55:00+00:00,8120.0,8126.5,8119.5,8126.5,223
2026-09-23 13:00:00+00:00,8126.5,8126.5,8117.5,8121.0,217
2026-09-23 13:05:00+00:00,8121.5,8123.5,8114.0,8114.0,164
2026-09-23 13:10:00+00:00,8114.0,8115.0,8108.0,8112.0,324
2026-09-23 13:15:00+00:00,8112.0,8113.0,8109.0,8111.5,146
2026-09-23 13:20:00+00:00,8111.0,8120.0,8107.5,8115.0,365
2026-09-23 13:25:00+00:00,8114.5,8124.5,8114.0,8119.0,183
2026-09-23 13:30:00+00:00,8119.5,8123.0,8109.0,8113.0,331
2026-09-23 13:35:00+00:00,8113.5,8113.5,8104.5,8110.5,437
2026-09-23 13:40:00+00:00,8110.0,8115.5,8109.5,8114.5,227
2026-09-23 13:45:00+00:00,8113.5,8115.0,8101.0,8106.5,374
2026-09-23 13:50:00+00:00,8106.0,8112.5,8106.0,8108.5,342
2026-09-23 13:55:00+00:00,8108.5,8115.0,8107.5,8112.0,294
2026-09-23 14:00:00+00:00,8113.5,8126.0,8113.5,8125.5,426
2026-09-23 14:05:00+00:00,8125.5,8136.0,8124.0,8133.5,403
2026-09-23 14:10:00+00:00,8133.0,8137.5,8128.5,8137.5,599
2026-09-23 14:15:00+00:00,8136.5,8140.0,8129.5,8130.5,270
2026-09-23 14:20:00+00:00,8130.5,8133.0,8128.0,8131.5,200
2026-09-23 14:25:00+00:00,8131.5,8131.5,8116.5,8123.0,302
2026-09-23 14:30:00+00:00,8123.0,8129.5,8123.0,8125.0,241
2026-09-23 14:35:00+00:00,8124.0,8128.5,8116.0,8116.5,459
2026-09-23 14:40:00+00:00,8117.0,8117.0,8110.5,8111.0,216
2026-09-23 14:45:00+00:00,8110.0,8110.0,8103.0,8108.0,216
2026-09-23 14:50:00+00:00,8108.0,8126.5,8102.0,8123.0,1021
2026-09-23 14:55:00+00:00,8123.0,8125.0,8115.5,8119.0,352
2026-09-23 15:00:00+00:00,8118.5,8121.5,8114.0,8117.0,225
2026-09-23 15:05:00+00:00,8117.0,8122.0,8115.0,8119.5,208
2026-09-23 15:10:00+00:00,8119.0,8120.5,8115.5,8117.0,161
2026-09-23 15:15:00+00:00,8116.5,8118.0,8111.5,8117.0,272
2026-09-23 15:20:00+00:00,8117.5,8122.5,8116.5,8122.5,265
2026-09-23 15:25:00+00:00,8122.5,8125.0,8113.5,8115.0,861
2026-09-23 15:30:00+00:00,8116.0,8116.5,8108.5,8115.0,1916
2026-09-23 15:35:00+00:00,8114.5,8117.0,8112.5,8113.5,743
2026-09-23 15:40:00+00:00,8113.5,8115.0,8110.5,8114.5,164
2026-09-23 15:45:00+00:00,8114.5,8115.0,8105.5,8105.5,69
2026-09-23 15:50:00+00:00,8105.0,8107.0,8104.0,8105.0,81
2026-09-23 15:55:00+00:00,8105.5,8108.5,8105.5,8108.0,91
2026-09-23 16:00:00+00:00,8108.0,8108.0,8102.5,8104.0,56
2026-09-23 16:05:00+00:00,8104.0,8105.5,8102.0,8102.5,92
2026-09-23 16:10:00+00:00,8102.5,8105.0,8102.5,8105.0,29
2026-09-23 16:15:00+00:00,8104.5,8105.5,8102.0,8102.5,81
2026-09-23 16:20:00+00:00,8102.0,8105.0,8100.5,8102.0,204
2026-09-23 16:25:00+00:00,8102.5,8105.0,8102.5,8104.5,90
2026-09-23 16:30:00+00:00,8105.5,8107.5,8103.0,8103.0,43
2026-09-23 16:35:00+00:00,8103.0,8104.0,8102.5,8102.5,37
2026-09-23 16:40:00+00:00,8101.0,8101.5,8098.5,8098.5,59
2026-09-23 16:45:00+00:00,8098.5,8101.5,8079.0,8081.0,532
2026-09-23 16:50:00+00:00,8081.5,8081.5,8069.0,8069.5,272
2026-09-23 16:55:00+00:00,8069.0,8073.0,8066.5,8068.5,105
2026-09-23 17:00:00+00:00,8069.5,8081.5,8069.5,8077.0,241
2026-09-23 17:05:00+00:00,8078.0,8082.0,8075.0,8082.0,76
2026-09-23 17:10:00+00:00,8083.0,8084.0,8079.5,8082.0,83
2026-09-23 17:15:00+00:00,8081.5,8086.5,8080.0,8085.5,73
2026-09-23 17:20:00+00:00,8083.5,8088.5,8082.5,8086.0,37
2026-09-23 17:25:00+00:00,8086.0,8087.5,8081.5,8083.0,104
2026-09-23 17:30:00+00:00,8082.5,8084.5,8080.0,8083.5,36
2026-09-23 17:35:00+00:00,8084.0,8084.0,8080.0,8081.0,53
2026-09-23 17:40:00+00:00,8081.0,8099.0,8080.0,8097.5,294
2026-09-23 17:45:00+00:00,8097.0,8104.5,8097.0,8100.0,101
2026-09-23 17:50:00+00:00,8101.0,8101.0,8096.5,8098.5,27
2026-09-23 17:55:00+00:00,8097.5,8102.5,8096.5,8102.5,41
2026-09-23 18:00:00+00:00,8102.0,8103.0,8097.5,8097.5,50
2026-09-23 18:05:00+00:00,8096.5,8100.5,8096.5,8100.5,20
2026-09-23 18:10:00+00:00,8100.5,8102.0,8099.5,8099.5,24
2026-09-23 18:15:00+00:00,8100.0,8104.0,8100.0,8102.5,40
2026-09-23 18:20:00+00:00,8102.0,8103.0,8099.0,8099.5,32
2026-09-23 18:25:00+00:00,8099.0,8100.5,8097.0,8098.5,38
2026-09-23 18:30:00+00:00,8099.0,8100.0,8096.5,8097.5,52
2026-09-23 18:35:00+00:00,8098.5,8098.5,8094.5,8095.0,26
2026-09-23 18:40:00+00:00,8095.5,8097.5,8095.0,8095.0,31
2026-09-23 18:45:00+00:00,8095.0,8099.0,8094.5,8098.0,44
2026-09-23 18:50:00+00:00,8099.0,8100.0,8098.0,8099.5,49
2026-09-23 18:55:00+00:00,8100.5,8106.0,8099.5,8105.5,65
2026-09-23 19:00:00+00:00,8105.5,8106.0,8098.5,8098.5,98
2026-09-23 19:05:00+00:00,8099.0,8103.5,8098.0,8102.0,45
2026-09-23 19:10:00+00:00,8102.5,8104.5,8101.0,8101.5,36
2026-09-23 19:15:00+00:00,8102.0,8102.0,8099.0,8099.5,39
2026-09-23 19:20:00+00:00,8099.0,8099.0,8097.5,8098.5,32
2026-09-23 19:25:00+00:00,8099.0,8100.5,8097.5,8099.5,35
2026-09-23 19:30:00+00:00,8099.5,8101.0,8098.5,8099.0,59
2026-09-23 19:35:00+00:00,8099.0,8100.5,8097.0,8100.5,22
2026-09-23 19:40:00+00:00,8101.0,8102.0,8096.0,8097.5,67
2026-09-23 19:45:00+00:00,8098.0,8100.0,8096.5,8099.0,69
2026-09-23 19:50:00+00:00,8099.0,8100.0,8095.0,8099.0,61
2026-09-23 19:55:00+00:00,8099.5,8102.0,8097.0,8100.5,184
2026-09-24 06:00:00+00:00,8073.5,8079.0,8072.0,8074.0,395
2026-09-24 06:05:00+00:00,8074.5,8092.0,8074.5,8091.5,168
2026-09-24 06:10:00+00:00,8090.5,8098.0,8090.5,8097.0,77
2026-09-24 06:15:00+00:00,8096.5,8097.0,8091.5,8094.0,76
2026-09-24 06:20:00+00:00,8093.0,8093.0,8086.5,8087.5,73
2026-09-24 06:25:00+00:00,8088.5,8090.5,8088.0,8089.5,41
2026-09-24 06:30:00+00:00,8088.0,8088.0,8080.0,8083.5,96
2026-09-24 06:35:00+00:00,8082.0,8083.0,8079.0,8081.5,90
2026-09-24 06:40:00+00:00,8082.5,8090.0,8082.0,8086.5,65
2026-09-24 06:45:00+00:00,8087.0,8091.0,8085.5,8091.0,41
2026-09-24 06:50:00+00:00,8093.0,8095.0,8089.0,8089.0,72
2026-09-24 06:55:00+00:00,8089.0,8097.5,8086.0,8089.5,267
2026-09-24 07:00:00+00:00,8090.5,8100.0,8080.5,8095.0,1279
2026-09-24 07:05:00+00:00,8094.5,8099.0,8087.5,8098.0,584
2026-09-24 07:10:00+00:00,8099.0,8105.0,8094.5,8105.0,472
2026-09-24 07:15:00+00:00,8104.5,8105.5,8095.5,8102.0,365
2026-09-24 07:20:00+00:00,8102.0,8104.5,8097.5,8098.5,333
2026-09-24 07:25:00+00:00,8099.0,8108.5,8096.5,8108.5,314
2026-09-24 07:30:00+00:00,8109.0,8115.5,8104.0,8110.5,448
2026-09-24 07:35:00+00:00,8109.5,8118.0,8108.0,8116.5,241
2026-09-24 07:40:00+00:00,8116.5,8117.0,8109.0,8113.5,198
2026-09-24 07:45:00+00:00,8112.5,8114.5,8105.0,8107.5,186
2026-09-24 07:50:00+00:00,8106.5,8106.5,8100.5,8102.0,183
2026-09-24 07:55:00+00:00,8101.5,8102.0,8090.5,8092.0,185
2026-09-24 08:00:00+00:00,8092.5,8097.0,8087.5,8094.5,382
2026-09-24 08:05:00+00:00,8095.0,8095.5,8077.5,8077.5,328
2026-09-24 08:10:00+00:00,8077.5,8078.0,8056.5,8058.0,519
2026-09-24 08:15:00+00:00,8060.5,8068.5,8052.5,8067.0,277
2026-09-24 08:20:00+00:00,8066.5,8068.5,8059.0,8066.0,312
2026-09-24 08:25:00+00:00,8066.5,8071.0,8056.0,8058.5,249
2026-09-24 08:30:00+00:00,8058.0,8065.0,8050.0,8052.0,1931
2026-09-24 08:35:00+00:00,8051.5,8062.5,8049.5,8062.0,160
2026-09-24 08:40:00+00:00,8064.5,8065.0,8056.0,8057.5,211
2026-09-24 08:45:00+00:00,8058.0,8064.5,8057.5,8062.0,129
2026-09-24 08:50:00+00:00,8062.5,8064.5,8054.0,8054.0,442
2026-09-24 08:55:00+00:00,8053.5,8064.0,8051.5,8063.0,295
2026-09-24 09:00:00+00:00,8064.0,8070.5,8063.0,8068.0,171
2026-09-24 09:05:00+00:00,8067.5,8086.0,8067.5,8084.0,296
2026-09-24 09:10:00+00:00,8084.5,8087.5,8075.0,8081.5,337
2026-09-24 09:15:00+00:00,8081.5,8083.5,8077.5,8083.5,269
2026-09-24 09:20:00+00:00,8083.0,8085.0,8077.0,8081.5,175
2026-09-24 09:25:00+00:00,8082.5,8086.0,8076.5,8081.5,267
2026-09-24 09:30:00+00:00,8082.5,8083.5,8074.5,8082.0,148
2026-09-24 09:35:00+00:00,8081.5,8083.0,8073.5,8078.0,163
2026-09-24 09:40:00+00:00,8078.0,8078.5,8068.5,8070.0,255
2026-09-24 09:45:00+00:00,8069.5,8078.0,8069.0,8077.5,118
2026-09-24 09:50:00+00:00,8076.0,8081.0,8072.5,8076.5,126
2026-09-24 09:55:00+00:00,8077.0,8089.0,8077.0,8089.0,164
2026-09-24 10:00:00+00:00,8086.5,8090.5,8081.5,8082.0,101
2026-09-24 10:05:00+00:00,8082.5,8086.0,8080.0,8084.5,75
2026-09-24 10:10:00+00:00,8084.0,8093.5,8084.0,8091.5,305
2026-09-24 10:15:00+00:00,8091.5,8098.5,8090.0,8097.0,186
2026-09-24 10:20:00+00:00,8098.0,8102.5,8096.0,8096.5,227
2026-09-24 10:25:00+00:00,8096.5,8100.5,8094.0,8094.5,151
2026-09-24 10:30:00+00:00,8095.0,8101.0,8089.5,8100.0,327
2026-09-24 10:35:00+00:00,8100.5,8105.5,8098.5,8104.0,103
2026-09-24 10:40:00+00:00,8104.5,8106.0,8101.5,8101.5,123
2026-09-24 10:45:00+00:00,8101.5,8111.0,8101.0,8109.5,211
2026-09-24 10:50:00+00:00,8110.0,8110.0,8105.0,8105.0,214
2026-09-24 10:55:00+00:00,8104.0,8109.5,8101.0,8109.0,152
2026-09-24 11:00:00+00:00,8109.0,8112.5,8106.5,8106.5,250
2026-09-24 11:05:00+00:00,8105.5,8107.0,8099.5,8102.5,189
2026-09-24 11:10:00+00:00,8101.5,8112.5,8101.0,8110.5,257
2026-09-24 11:15:00+00:00,8110.5,8119.5,8105.5,8106.5,719
2026-09-24 11:20:00+00:00,8107.0,8109.5,8103.5,8106.5,205
2026-09-24 11:25:00+00:00,8105.5,8108.0,8102.5,8102.5,147
2026-09-24 11:30:00+00:00,8102.0,8107.5,8102.0,8105.0,112
2026-09-24 11:35:00+00:00,8103.5,8106.5,8101.5,8102.0,96
2026-09-24 11:40:00+00:00,8102.0,8103.5,8096.0,8097.5,138
2026-09-24 11:45:00+00:00,8097.5,8097.5,8091.0,8093.5,174
2026-09-24 11:50:00+00:00,8092.5,8103.0,8090.5,8101.0,159
2026-09-24 11:55:00+00:00,8101.5,8111.5,8100.0,8110.0,198
2026-09-24 12:00:00+00:00,8109.5,8112.5,8103.0,8106.0,557
2026-09-24 12:05:00+00:00,8106.5,8107.0,8101.5,8105.0,117
2026-09-24 12:10:00+00:00,8105.0,8110.0,8105.0,8107.5,113
2026-09-24 12:15:00+00:00,8107.0,8112.0,8106.5,8107.5,102
2026-09-24 12:20:00+00:00,8108.0,8110.5,8107.5,8108.5,185
2026-09-24 12:25:00+00:00,8108.0,8108.5,8101.0,8103.5,327
2026-09-24 12:30:00+00:00,8103.0,8108.0,8098.0,8100.0,236
2026-09-24 12:35:00+00:00,8099.0,8099.5,8091.5,8095.0,134
2026-09-24 12:40:00+00:00,8095.0,8102.5,8095.0,8102.0,151
2026-09-24 12:45:00+00:00,8102.0,8104.5,8091.0,8092.5,215
2026-09-24 12:50:00+00:00,8092.5,8098.0,8089.5,8098.0,160
2026-09-24 12:55:00+00:00,8098.0,8103.0,8097.5,8099.5,123
2026-09-24 13:00:00+00:00,8100.0,8104.0,8099.0,8099.0,223
2026-09-24 13:05:00+00:00,8098.5,8098.5,8095.0,8096.0,142
2026-09-24 13:10:00+00:00,8096.5,8107.5,8096.5,8107.0,123
2026-09-24 13:15:00+00:00,8106.0,8111.5,8105.5,8111.0,149
2026-09-24 13:20:00+00:00,8111.5,8113.0,8110.0,8111.5,125
2026-09-24 13:25:00+00:00,8111.0,8116.0,8111.0,8116.0,171
2026-09-24 13:30:00+00:00,8116.0,8119.0,8108.5,8109.0,421
2026-09-24 13:35:00+00:00,8108.5,8108.5,8102.5,8107.0,146
2026-09-24 13:40:00+00:00,8108.0,8115.0,8105.5,8115.0,163
2026-09-24 13:45:00+00:00,8113.5,8122.0,8113.0,8120.0,257
2026-09-24 13:50:00+00:00,8120.0,8125.0,8117.5,8122.0,191
2026-09-24 13:55:00+00:00,8121.5,8124.0,8116.0,8122.0,344
2026-09-24 14:00:00+00:00,8122.5,8122.5,8115.5,8118.5,279
2026-09-24 14:05:00+00:00,8118.5,8123.5,8116.0,8116.5,228
2026-09-24 14:10:00+00:00,8117.0,8120.0,8115.0,8117.0,164
2026-09-24 14:15:00+00:00,8116.5,8118.0,8112.0,8116.0,292
2026-09-24 14:20:00+00:00,8115.5,8116.0,8111.5,8114.0,140
2026-09-24 14:25:00+00:00,8114.0,8114.5,8108.5,8109.5,145
2026-09-24 14:30:00+00:00,8110.0,8111.0,8105.0,8109.0,257
2026-09-24 14:35:00+00:00,8108.0,8110.5,8104.0,8106.5,188
2026-09-24 14:40:00+00:00,8106.0,8106.5,8096.5,8096.5,208
2026-09-24 14:45:00+00:00,8096.0,8098.5,8092.0,8097.0,283
2026-09-24 14:50:00+00:00,8096.5,8100.0,8091.5,8093.5,199
2026-09-24 14:55:00+00:00,8092.5,8092.5,8083.5,8088.5,266
2026-09-24 15:00:00+00:00,8088.0,8089.5,8083.5,8086.5,250
2026-09-24 15:05:00+00:00,8087.0,8089.0,8080.5,8083.0,194
2026-09-24 15:10:00+00:00,8083.5,8086.0,8077.0,8077.0,342
2026-09-24 15:15:00+00:00,8077.0,8083.5,8075.5,8082.0,404
2026-09-24 15:20:00+00:00,8082.5,8090.0,8080.0,8089.5,325
2026-09-24 15:25:00+00:00,8089.5,8090.0,8080.5,8084.5,1134
2026-09-24 15:30:00+00:00,8085.5,8086.0,8077.0,8079.5,2163
2026-09-24 15:35:00+00:00,8080.0,8086.5,8077.5,8086.5,986
2026-09-24 15:40:00+00:00,8087.0,8093.0,8085.5,8093.0,251
2026-09-24 15:45:00+00:00,8093.5,8097.0,8091.5,8094.5,166
2026-09-24 15:50:00+00:00,8095.0,8099.0,8094.5,8097.0,218
2026-09-24 15:55:00+00:00,8097.5,8098.5,8094.5,8097.0,114
2026-09-24 16:00:00+00:00,8098.0,8098.5,8093.5,8096.5,142
2026-09-24 16:05:00+00:00,8097.5,8098.5,8093.0,8093.0,113
2026-09-24 16:10:00+00:00,8094.0,8102.5,8093.0,8102.0,141
2026-09-24 16:15:00+00:00,8102.0,8160.0,8100.5,8142.5,1100
2026-09-24 16:20:00+00:00,8142.0,8148.5,8138.0,8142.5,255
2026-09-24 16:25:00+00:00,8142.0,8142.0,8134.0,8137.5,164
2026-09-24 16:30:00+00:00,8137.0,8137.5,8130.5,8136.0,123
2026-09-24 16:35:00+00:00,8134.5,8142.5,8134.0,8141.5,87
2026-09-24 16:40:00+00:00,8142.0,8150.5,8140.0,8140.0,123
2026-09-24 16:45:00+00:00,8139.5,8144.5,8138.0,8144.5,97
2026-09-24 16:50:00+00:00,8144.5,8145.5,8137.5,8139.0,79
2026-09-24 16:55:00+00:00,8138.5,8140.0,8137.0,8137.5,36
2026-09-24 17:00:00+00:00,8136.5,8139.0,8131.5,8134.5,156
2026-09-24 17:05:00+00:00,8136.0,8138.0,8135.0,8136.5,31
2026-09-24 17:10:00+00:00,8134.0,8137.5,8129.0,8137.5,93
2026-09-24 17:15:00+00:00,8137.5,8137.5,8130.0,8130.0,37
2026-09-24 17:20:00+00:00,8129.5,8133.5,8128.5,8128.5,54
2026-09-24 17:25:00+00:00,8128.0,8128.0,8123.0,8125.5,39
2026-09-24 17:30:00+00:00,8127.5,8129.5,8121.0,8121.5,63
2026-09-24 17:35:00+00:00,8121.0,8124.5,8119.0,8123.5,34
2026-09-24 17:40:00+00:00,8124.0,8124.0,8117.5,8118.0,61
2026-09-24 17:45:00+00:00,8118.5,8124.5,8118.0,8124.0,49
2026-09-24 17:50:00+00:00,8123.5,8126.0,8123.0,8124.0,56
2026-09-24 17:55:00+00:00,8123.5,8126.0,8121.0,8125.0,93
2026-09-24 18:00:00+00:00,8123.5,8124.0,8112.0,8113.5,98
2026-09-24 18:05:00+00:00,8114.0,8124.0,8112.5,8123.0,80
2026-09-24 18:10:00+00:00,8123.0,8126.0,8121.0,8125.5,76
2026-09-24 18:15:00+00:00,8126.0,8127.5,8123.0,8124.0,40
2026-09-24 18:20:00+00:00,8124.5,8125.5,8122.0,8125.0,35
2026-09-24 18:25:00+00:00,8125.5,8132.5,8125.5,8130.5,219
2026-09-24 18:30:00+00:00,8130.5,8131.0,8125.0,8125.0,66
2026-09-24 18:35:00+00:00,8126.0,8141.0,8123.0,8134.5,239
2026-09-24 18:40:00+00:00,8130.5,8131.5,8127.5,8128.5,45
2026-09-24 18:45:00+00:00,8128.5,8129.0,8126.5,8127.5,20
2026-09-24 18:50:00+00:00,8127.5,8132.5,8127.5,8129.5,66
2026-09-24 18:55:00+00:00,8129.5,8133.5,8129.0,8130.0,163
2026-09-24 19:00:00+00:00,8130.0,8131.0,8120.0,8121.0,148
2026-09-24 19:05:00+00:00,8121.5,8125.0,8121.0,8124.0,22
2026-09-24 19:10:00+00:00,8124.0,8124.0,8119.5,8119.5,35
2026-09-24 19:15:00+00:00,8120.5,8123.0,8120.0,8121.5,21
2026-09-24 19:20:00+00:00,8121.5,8125.5,8121.0,8125.0,28
2026-09-24 19:25:00+00:00,8125.5,8127.5,8125.0,8126.0,65
2026-09-24 19:30:00+00:00,8126.0,8128.0,8124.0,8125.5,101
2026-09-24 19:35:00+00:00,8125.0,8125.0,8122.5,8125.0,83
2026-09-24 19:40:00+00:00,8126.0,8126.5,8123.0,8124.5,41
2026-09-24 19:45:00+00:00,8123.5,8126.0,8121.5,8121.5,173
2026-09-24 19:50:00+00:00,8122.5,8126.0,8121.0,8124.0,142
2026-09-24 19:55:00+00:00,8124.0,8125.5,8119.0,8121.5,165
2026-09-25 06:00:00+00:00,8130.0,8142.0,8128.0,8141.5,381
2026-09-25 06:05:00+00:00,8141.5,8144.5,8135.0,8139.0,249
2026-09-25 06:10:00+00:00,8138.5,8146.5,8138.0,8144.5,57
2026-09-25 06:15:00+00:00,8144.0,8147.0,8139.5,8142.0,98
2026-09-25 06:20:00+00:00,8143.5,8146.0,8140.0,8142.0,71
2026-09-25 06:25:00+00:00,8141.0,8143.0,8135.5,8137.0,74
2026-09-25 06:30:00+00:00,8137.0,8141.5,8136.0,8141.5,114
2026-09-25 06:35:00+00:00,8141.0,8145.0,8139.5,8142.5,147
2026-09-25 06:40:00+00:00,8143.0,8145.5,8141.5,8143.5,93
2026-09-25 06:45:00+00:00,8143.0,8144.0,8140.5,8142.5,65
2026-09-25 06:50:00+00:00,8143.5,8143.5,8134.0,8136.5,205
2026-09-25 06:55:00+00:00,8137.5,8139.0,8122.0,8122.0,361
2026-09-25 07:00:00+00:00,8123.5,8138.0,8118.5,8119.5,1902
2026-09-25 07:05:00+00:00,8119.0,8125.0,8115.5,8120.0,659
2026-09-25 07:10:00+00:00,8120.5,8126.0,8110.5,8110.5,466
2026-09-25 07:15:00+00:00,8110.0,8110.0,8101.5,8106.0,571
2026-09-25 07:20:00+00:00,8106.0,8117.5,8105.5,8116.5,467
2026-09-25 07:25:00+00:00,8116.0,8116.5,8111.0,8116.0,297
2026-09-25 07:30:00+00:00,8116.5,8118.5,8097.0,8097.0,351
2026-09-25 07:35:00+00:00,8096.5,8102.5,8096.5,8100.0,363
2026-09-25 07:40:00+00:00,8100.0,8105.0,8097.5,8099.5,450
2026-09-25 07:45:00+00:00,8100.0,8102.5,8082.5,8082.5,409
2026-09-25 07:50:00+00:00,8083.0,8090.0,8082.5,8089.0,391
2026-09-25 07:55:00+00:00,8089.0,8095.5,8088.5,8094.0,236
2026-09-25 08:00:00+00:00,8094.5,8095.5,8086.0,8087.5,251
2026-09-25 08:05:00+00:00,8087.5,8094.5,8086.5,8093.0,274
2026-09-25 08:10:00+00:00,8092.5,8102.0,8091.0,8099.0,196
2026-09-25 08:15:00+00:00,8098.0,8102.0,8094.0,8096.0,187
2026-09-25 08:20:00+00:00,8096.5,8098.5,8092.0,8098.0,175
2026-09-25 08:25:00+00:00,8098.5,8110.5,8098.5,8110.0,217
2026-09-25 08:30:00+00:00,8109.5,8110.0,8104.5,8109.0,212
2026-09-25 08:35:00+00:00,8108.5,8111.5,8102.5,8105.0,176
2026-09-25 08:40:00+00:00,8105.5,8114.5,8105.5,8113.0,180
2026-09-25 08:45:00+00:00,8113.5,8118.0,8110.5,8112.0,190
2026-09-25 08:50:00+00:00,8112.5,8117.0,8110.5,8117.0,170
2026-09-25 08:55:00+00:00,8117.5,8123.0,8117.0,8118.5,212
2026-09-25 09:00:00+00:00,8118.5,8120.5,8115.5,8117.0,200
2026-09-25 09:05:00+00:00,8116.0,8121.5,8116.0,8121.0,144
2026-09-25 09:10:00+00:00,8121.0,8121.5,8114.5,8114.5,132
2026-09-25 09:15:00+00:00,8114.0,8118.5,8109.5,8110.0,266
2026-09-25 09:20:00+00:00,8110.5,8111.0,8106.0,8110.5,205
2026-09-25 09:25:00+00:00,8110.0,8110.0,8100.5,8104.0,173
2026-09-25 09:30:00+00:00,8105.0,8106.5,8102.5,8103.5,163
2026-09-25 09:35:00+00:00,8104.0,8104.0,8100.0,8103.0,147
2026-09-25 09:40:00+00:00,8103.0,8103.5,8097.5,8098.5,220
2026-09-25 09:45:00+00:00,8098.5,8100.0,8095.0,8098.5,245
2026-09-25 09:50:00+00:00,8099.5,8102.5,8094.0,8101.5,405
2026-09-25 09:55:00+00:00,8101.0,8106.5,8099.5,8100.5,364
2026-09-25 10:00:00+00:00,8100.5,8101.5,8096.5,8097.0,187
2026-09-25 10:05:00+00:00,8097.5,8098.0,8093.0,8094.5,138
2026-09-25 10:10:00+00:00,8095.0,8100.0,8094.0,8098.0,121
2026-09-25 10:15:00+00:00,8097.5,8098.0,8093.5,8096.5,103
2026-09-25 10:20:00+00:00,8097.0,8102.0,8095.0,8100.0,220
2026-09-25 10:25:00+00:00,8100.5,8101.0,8097.0,8097.5,79
2026-09-25 10:30:00+00:00,8097.0,8097.5,8088.0,8089.0,173
2026-09-25 10:35:00+00:00,8088.5,8091.0,8085.5,8087.0,151
2026-09-25 10:40:00+00:00,8087.0,8087.0,8074.5,8076.0,224
2026-09-25 10:45:00+00:00,8076.0,8080.0,8073.5,8076.0,197
2026-09-25 10:50:00+00:00,8075.0,8083.0,8073.0,8082.5,93
2026-09-25 10:55:00+00:00,8082.0,8085.0,8081.0,8084.0,129
2026-09-25 11:00:00+00:00,8084.0,8087.5,8080.0,8082.5,145
2026-09-25 11:05:00+00:00,8082.0,8097.5,8081.5,8097.0,139
2026-09-25 11:10:00+00:00,8097.0,8101.5,8096.0,8099.5,250
2026-09-25 11:15:00+00:00,8100.0,8104.0,8097.5,8099.0,194
2026-09-25 11:20:00+00:00,8098.0,8101.0,8096.5,8100.5,98
2026-09-25 11:25:00+00:00,8101.0,8104.5,8099.5,8099.5,94
2026-09-25 11:30:00+00:00,8100.5,8101.0,8097.5,8098.5,79
2026-09-25 11:35:00+00:00,8098.5,8106.5,8098.0,8098.5,260
2026-09-25 11:40:00+00:00,8098.5,8101.0,8095.5,8101.0,86
2026-09-25 11:45:00+00:00,8101.0,8103.5,8098.5,8100.0,143
2026-09-25 11:50:00+00:00,8099.0,8100.0,8096.5,8099.0,101
2026-09-25 11:55:00+00:00,8098.0,8098.5,8091.0,8092.0,119
2026-09-25 12:00:00+00:00,8092.0,8093.5,8088.0,8090.0,163
2026-09-25 12:05:00+00:00,8090.5,8092.5,8088.5,8091.5,159
2026-09-25 12:10:00+00:00,8092.0,8095.5,8089.0,8091.0,353
2026-09-25 12:15:00+00:00,8090.5,8092.0,8085.5,8090.5,276
2026-09-25 12:20:00+00:00,8090.5,8095.5,8089.0,8094.5,164
2026-09-25 12:25:00+00:00,8093.5,8096.5,8093.0,8093.0,118
2026-09-25 12:30:00+00:00,8093.5,8100.5,8092.5,8100.0,155
2026-09-25 12:35:00+00:00,8100.0,8100.5,8096.5,8098.5,85
2026-09-25 12:40:00+00:00,8099.0,8101.5,8093.5,8099.0,286
2026-09-25 12:45:00+00:00,8098.0,8107.5,8094.5,8098.0,692
2026-09-25 12:50:00+00:00,8097.5,8097.5,8092.5,8093.5,155
2026-09-25 12:55:00+00:00,8093.0,8093.0,8086.5,8088.0,153
2026-09-25 13:00:00+00:00,8088.5,8088.5,8082.5,8087.5,195
2026-09-25 13:05:00+00:00,8088.0,8096.0,8087.0,8095.5,339
2026-09-25 13:10:00+00:00,8095.5,8099.5,8095.0,8095.0,182
2026-09-25 13:15:00+00:00,8094.5,8095.0,8084.0,8085.5,226
2026-09-25 13:20:00+00:00,8084.0,8086.5,8082.5,8083.0,183
2026-09-25 13:25:00+00:00,8083.0,8087.0,8079.5,8087.0,194
2026-09-25 13:30:00+00:00,8086.5,8092.0,8084.5,8087.5,422
2026-09-25 13:35:00+00:00,8087.0,8094.0,8085.5,8093.0,205
2026-09-25 13:40:00+00:00,8093.0,8094.5,8088.0,8089.5,163
2026-09-25 13:45:00+00:00,8088.5,8089.0,8078.5,8080.5,251
2026-09-25 13:50:00+00:00,8080.5,8091.0,8080.5,8089.5,180
2026-09-25 13:55:00+00:00,8090.0,8090.0,8083.0,8084.0,243
2026-09-25 14:00:00+00:00,8084.0,8086.0,8071.0,8071.5,451
2026-09-25 14:05:00+00:00,8071.0,8076.0,8065.0,8075.0,307
2026-09-25 14:10:00+00:00,8075.5,8077.0,8065.5,8066.0,229
2026-09-25 14:15:00+00:00,8066.5,8067.5,8061.0,8065.0,222
2026-09-25 14:20:00+00:00,8065.5,8071.0,8065.0,8067.5,317
2026-09-25 14:25:00+00:00,8068.0,8069.0,8064.5,8065.5,191
2026-09-25 14:30:00+00:00,8066.0,8066.0,8056.5,8064.0,264
2026-09-25 14:35:00+00:00,8064.5,8069.0,8062.5,8066.5,238
2026-09-25 14:40:00+00:00,8066.0,8068.0,8059.0,8068.0,264
2026-09-25 14:45:00+00:00,8068.0,8071.0,8063.5,8066.5,247
2026-09-25 14:50:00+00:00,8066.0,8066.5,8059.0,8065.5,341
2026-09-25 14:55:00+00:00,8066.0,8071.0,8062.5,8069.0,251
2026-09-25 15:00:00+00:00,8068.5,8073.0,8068.0,8071.5,278
2026-09-25 15:05:00+00:00,8072.0,8077.0,8066.0,8066.0,353
2026-09-25 15:10:00+00:00,8066.0,8071.5,8064.0,8071.0,390
2026-09-25 15:15:00+00:00,8071.0,8071.5,8064.5,8067.5,435
2026-09-25 15:20:00+00:00,8067.0,8074.0,8065.5,8071.0,468
2026-09-25 15:25:00+00:00,8071.5,8075.5,8068.5,8075.0,798
2026-09-25 15:30:00+00:00,8074.5,8082.5,8073.5,8079.0,1913
2026-09-25 15:35:00+00:00,8078.5,8080.5,8071.5,8071.5,389
2026-09-25 15:40:00+00:00,8072.0,8076.0,8068.5,8068.5,245
2026-09-25 15:45:00+00:00,8068.5,8076.0,8066.5,8075.0,154
2026-09-25 15:50:00+00:00,8075.0,8083.0,8070.5,8080.5,179
2026-09-25 15:55:00+00:00,8080.5,8098.5,8080.5,8097.5,404
2026-09-25 16:00:00+00:00,8099.0,8120.5,8097.5,8120.5,526
2026-09-25 16:05:00+00:00,8121.0,8125.0,8116.5,8122.0,300
2026-09-25 16:10:00+00:00,8123.0,8127.5,8121.5,8126.0,175
2026-09-25 16:15:00+00:00,8127.0,8131.5,8120.5,8122.5,191
2026-09-25 16:20:00+00:00,8123.5,8123.5,8115.5,8119.5,230
2026-09-25 16:25:00+00:00,8119.0,8126.0,8117.5,8122.5,116
2026-09-25 16:30:00+00:00,8122.5,8123.0,8110.5,8114.0,413
2026-09-25 16:35:00+00:00,8115.0,8121.5,8114.5,8119.0,114
2026-09-25 16:40:00+00:00,8119.5,8121.0,8116.5,8117.0,41
2026-09-25 16:45:00+00:00,8114.5,8115.0,8112.0,8113.5,86
2026-09-25 16:50:00+00:00,8114.0,8114.5,8112.0,8113.5,24
2026-09-25 16:55:00+00:00,8113.5,8117.0,8109.0,8113.5,230
2026-09-25 17:00:00+00:00,8113.5,8118.5,8111.5,8115.0,150
2026-09-25 17:05:00+00:00,8116.0,8117.0,8113.0,8117.0,24
2026-09-25 17:10:00+00:00,8117.0,8117.5,8115.0,8117.5,23
2026-09-25 17:15:00+00:00,8118.0,8118.0,8115.0,8116.0,26
2026-09-25 17:20:00+00:00,8115.5,8118.5,8115.0,8118.5,27
2026-09-25 17:25:00+00:00,8118.0,8118.5,8117.0,8117.0,25
2026-09-25 17:30:00+00:00,8117.5,8118.5,8114.5,8115.0,30
2026-09-25 17:35:00+00:00,8115.5,8120.5,8112.5,8116.5,68
2026-09-25 17:40:00+00:00,8118.0,8121.0,8117.0,8118.5,38
2026-09-25 17:45:00+00:00,8117.5,8118.0,8116.0,8117.0,18
2026-09-25 17:50:00+00:00,8118.0,8118.5,8116.5,8117.0,26
2026-09-25 17:55:00+00:00,8118.0,8120.0,8118.0,8120.0,9
2026-09-25 18:00:00+00:00,8119.5,8120.0,8119.0,8119.5,45
2026-09-25 18:05:00+00:00,8119.0,8121.0,8118.5,8121.0,52
2026-09-25 18:10:00+00:00,8121.0,8123.0,8119.5,8122.5,43
2026-09-25 18:15:00+00:00,8124.0,8124.5,8122.5,8123.5,28
2026-09-25 18:20:00+00:00,8123.0,8123.5,8121.5,8123.5,34
2026-09-25 18:25:00+00:00,8124.0,8125.0,8116.0,8122.0,241
2026-09-25 18:30:00+00:00,8124.0,8126.5,8124.0,8125.0,50
2026-09-25 18:35:00+00:00,8125.0,8126.5,8120.5,8120.5,38
2026-09-25 18:40:00+00:00,8120.0,8124.5,8120.0,8124.5,48
2026-09-25 18:45:00+00:00,8125.0,8126.0,8124.0,8125.0,32
2026-09-25 18:50:00+00:00,8125.0,8127.0,8124.5,8124.5,74
2026-09-25 18:55:00+00:00,8125.0,8126.5,8123.5,8126.0,31
2026-09-25 19:00:00+00:00,8127.0,8129.5,8123.5,8124.5,115
2026-09-25 19:05:00+00:00,8124.5,8128.0,8124.5,8125.5,53
2026-09-25 19:10:00+00:00,8124.5,8124.5,8123.0,8124.5,25
2026-09-25 19:15:00+00:00,8125.0,8125.0,8122.0,8122.0,44
2026-09-25 19:20:00+00:00,8121.5,8121.5,8120.0,8120.5,16
2026-09-25 19:25:00+00:00,8120.0,8120.0,8118.0,8119.0,25
2026-09-25 19:30:00+00:00,8119.5,8119.5,8117.5,8119.0,42
2026-09-25 19:35:00+00:00,8119.5,8127.5,8119.5,8126.0,46
2026-09-25 19:40:00+00:00,8124.5,8126.5,8123.5,8125.5,39
2026-09-25 19:45:00+00:00,8127.0,8127.5,8124.5,8124.5,48
2026-09-25 19:50:00+00:00,8127.0,8129.5,8126.0,8128.0,80
2026-09-25 19:55:00+00:00,8127.0,8128.0,8121.5,8125.0,228
2026-09-28 06:00:00+00:00,8106.0,8106.0,8091.0,8091.0,462
2026-09-28 06:05:00+00:00,8091.0,8105.5,8091.0,8103.5,112
2026-09-28 06:10:00+00:00,8104.0,8107.5,8101.0,8103.5,56
2026-09-28 06:15:00+00:00,8104.0,8106.5,8098.0,8098.0,76
2026-09-28 06:20:00+00:00,8098.0,8098.5,8090.5,8090.5,76
2026-09-28 06:25:00+00:00,8090.0,8090.0,8085.0,8087.5,109
2026-09-28 06:30:00+00:00,8088.0,8091.5,8085.5,8090.0,96
2026-09-28 06:35:00+00:00,8091.5,8094.0,8090.0,8090.5,28
2026-09-28 06:40:00+00:00,8091.0,8094.5,8090.0,8091.5,39
2026-09-28 06:45:00+00:00,8089.5,8095.0,8087.5,8094.5,51
2026-09-28 06:50:00+00:00,8095.5,8099.0,8092.0,8093.0,81
2026-09-28 06:55:00+00:00,8094.0,8105.5,8091.0,8103.5,306
2026-09-28 07:00:00+00:00,8103.0,8115.5,8094.5,8102.0,1635
2026-09-28 07:05:00+00:00,8102.0,8112.5,8098.5,8112.5,724
2026-09-28 07:10:00+00:00,8111.5,8113.0,8101.5,8105.0,524
2026-09-28 07:15:00+00:00,8104.5,8113.5,8103.5,8113.0,424
2026-09-28 07:20:00+00:00,8112.0,8112.5,8096.5,8104.5,413
2026-09-28 07:25:00+00:00,8102.5,8110.0,8101.5,8109.0,445
2026-09-28 07:30:00+00:00,8109.0,8110.5,8098.0,8102.0,498
2026-09-28 07:35:00+00:00,8102.5,8106.5,8097.5,8102.0,424
2026-09-28 07:40:00+00:00,8101.5,8108.5,8096.0,8096.5,212
2026-09-28 07:45:00+00:00,8097.0,8104.5,8097.0,8100.0,312
2026-09-28 07:50:00+00:00,8100.0,8108.0,8098.5,8108.0,257
2026-09-28 07:55:00+00:00,8108.0,8111.5,8103.5,8105.5,266
2026-09-28 08:00:00+00:00,8105.0,8107.5,8101.5,8102.5,231
2026-09-28 08:05:00+00:00,8103.0,8110.5,8101.0,8109.0,218
2026-09-28 08:10:00+00:00,8109.0,8113.5,8104.5,8110.5,270
2026-09-28 08:15:00+00:00,8111.0,8113.0,8107.0,8108.0,231
2026-09-28 08:20:00+00:00,8108.0,8109.0,8102.0,8102.5,192
2026-09-28 08:25:00+00:00,8103.5,8114.5,8103.5,8114.0,217
2026-09-28 08:30:00+00:00,8114.0,8116.5,8102.5,8105.0,379
2026-09-28 08:35:00+00:00,8105.5,8106.5,8092.0,8095.0,222
2026-09-28 08:40:00+00:00,8094.5,8102.0,8094.0,8099.5,207
2026-09-28 08:45:00+00:00,8099.5,8100.5,8095.0,8099.5,190
2026-09-28 08:50:00+00:00,8100.0,8104.0,8096.5,8097.5,182
2026-09-28 08:55:00+00:00,8098.0,8099.5,8092.5,8094.0,172
2026-09-28 09:00:00+00:00,8092.5,8100.5,8084.5,8085.5,484
2026-09-28 09:05:00+00:00,8086.0,8086.0,8077.0,8078.0,479
2026-09-28 09:10:00+00:00,8077.0,8077.5,8072.5,8073.5,351
2026-09-28 09:15:00+00:00,8074.0,8084.5,8069.5,8084.0,253
2026-09-28 09:20:00+00:00,8084.5,8089.0,8084.0,8086.5,217
2026-09-28 09:25:00+00:00,8087.5,8087.5,8080.0,8084.5,254
2026-09-28 09:30:00+00:00,8083.5,8085.0,8077.5,8077.5,185
2026-09-28 09:35:00+00:00,8077.5,8083.0,8077.5,8083.0,153
2026-09-28 09:40:00+00:00,8082.5,8087.5,8081.5,8085.0,150
2026-09-28 09:45:00+00:00,8086.0,8090.0,8086.0,8087.5,145
2026-09-28 09:50:00+00:00,8088.5,8090.5,8087.5,8087.5,142
2026-09-28 09:55:00+00:00,8088.5,8090.5,8086.0,8089.0,170
2026-09-28 10:00:00+00:00,8089.0,8093.0,8085.5,8092.0,145
2026-09-28 10:05:00+00:00,8092.0,8092.5,8084.5,8086.0,152
2026-09-28 10:10:00+00:00,8085.5,8088.0,8080.0,8083.0,192
2026-09-28 10:15:00+00:00,8083.5,8086.5,8081.5,8083.5,96
2026-09-28 10:20:00+00:00,8082.5,8086.0,8078.5,8080.0,87
2026-09-28 10:25:00+00:00,8079.5,8082.0,8077.0,8082.0,107
2026-09-28 10:30:00+00:00,8082.0,8082.5,8078.0,8081.5,79
2026-09-28 10:35:00+00:00,8082.0,8083.0,8079.0,8081.5,93
2026-09-28 10:40:00+00:00,8081.5,8084.0,8079.5,8080.0,84
2026-09-28 10:45:00+00:00,8081.0,8089.0,8080.5,8086.0,214
2026-09-28 10:50:00+00:00,8086.0,8098.0,8086.0,8092.0,233
2026-09-28 10:55:00+00:00,8092.5,8094.0,8088.0,8088.5,112
2026-09-28 11:00:00+00:00,8089.0,8097.0,8084.5,8085.5,244
2026-09-28 11:05:00+00:00,8084.5,8091.0,8083.5,8091.0,122
2026-09-28 11:10:00+00:00,8092.0,8097.0,8091.0,8096.0,96
2026-09-28 11:15:00+00:00,8095.0,8107.0,8092.0,8093.5,579
2026-09-28 11:20:00+00:00,8092.5,8102.0,8090.5,8101.5,76
2026-09-28 11:25:00+00:00,8101.5,8103.5,8101.0,8101.5,70
2026-09-28 11:30:00+00:00,8102.0,8102.0,8098.5,8101.5,121
2026-09-28 11:35:00+00:00,8102.0,8103.0,8099.5,8102.5,105
2026-09-28 11:40:00+00:00,8102.0,8107.0,8102.0,8106.0,139
2026-09-28 11:45:00+00:00,8106.0,8106.5,8103.0,8103.0,53
2026-09-28 11:50:00+00:00,8102.5,8104.5,8101.0,8102.5,83
2026-09-28 11:55:00+00:00,8103.0,8105.5,8099.5,8100.5,79
2026-09-28 12:00:00+00:00,8101.0,8114.5,8095.0,8106.5,688
2026-09-28 12:05:00+00:00,8107.0,8119.5,8107.0,8112.5,315
2026-09-28 12:10:00+00:00,8113.5,8115.0,8109.0,8114.5,99
2026-09-28 12:15:00+00:00,8114.5,8125.0,8113.5,8124.5,206
2026-09-28 12:20:00+00:00,8125.5,8126.0,8120.0,8122.0,144
2026-09-28 12:25:00+00:00,8122.0,8131.0,8120.0,8122.0,459
2026-09-28 12:30:00+00:00,8122.5,8123.5,8117.0,8123.5,182
2026-09-28 12:35:00+00:00,8123.0,8125.5,8118.0,8119.0,134
2026-09-28 12:40:00+00:00,8118.0,8125.0,8113.0,8124.5,266
2026-09-28 12:45:00+00:00,8125.0,8127.5,8122.5,8125.5,154
2026-09-28 12:50:00+00:00,8125.0,8129.0,8124.0,8128.5,183
2026-09-28 12:55:00+00:00,8129.0,8136.0,8127.5,8134.5,240
2026-09-28 13:00:00+00:00,8134.5,8134.5,8121.0,8123.5,239
2026-09-28 13:05:00+00:00,8123.0,8127.0,8119.0,8126.0,173
2026-09-28 13:10:00+00:00,8126.0,8127.5,8123.0,8125.0,92
2026-09-28 13:15:00+00:00,8125.5,8128.5,8125.5,8126.5,149
2026-09-28 13:20:00+00:00,8126.5,8127.0,8120.0,8124.5,152
2026-09-28 13:25:00+00:00,8125.0,8125.0,8115.0,8117.0,162
2026-09-28 13:30:00+00:00,8117.0,8123.0,8109.5,8122.5,449
2026-09-28 13:35:00+00:00,8122.5,8123.5,8114.0,8117.5,242
2026-09-28 13:40:00+00:00,8118.0,8128.0,8116.0,8126.5,178
2026-09-28 13:45:00+00:00,8126.0,8135.0,8123.5,8131.5,560
2026-09-28 13:50:00+00:00,8132.0,8134.0,8126.5,8131.0,278
2026-09-28 13:55:00+00:00,8131.0,8138.0,8126.5,8137.5,275
2026-09-28 14:00:00+00:00,8137.5,8137.5,8124.0,8124.5,346
2026-09-28 14:05:00+00:00,8125.0,8132.0,8123.5,8130.5,207
2026-09-28 14:10:00+00:00,8130.5,8134.0,8124.5,8126.0,304
2026-09-28 14:15:00+00:00,8126.0,8131.0,8120.5,8130.5,326
2026-09-28 14:20:00+00:00,8130.0,8136.5,8128.5,8133.0,141
2026-09-28 14:25:00+00:00,8133.0,8134.5,8129.0,8133.5,174
2026-09-28 14:30:00+00:00,8133.5,8134.5,8127.0,8129.0,219
2026-09-28 14:35:00+00:00,8129.5,8131.0,8118.0,8119.0,397
2026-09-28 14:40:00+00:00,8118.0,8121.0,8113.0,8114.0,440
2026-09-28 14:45:00+00:00,8114.0,8115.0,8102.5,8103.0,653
2026-09-28 14:50:00+00:00,8103.5,8110.5,8099.0,8099.5,349
2026-09-28 14:55:00+00:00,8099.5,8100.0,8094.5,8097.0,273
2026-09-28 15:00:00+00:00,8097.5,8101.0,8092.0,8101.0,320
2026-09-28 15:05:00+00:00,8101.5,8102.0,8095.5,8098.5,273
2026-09-28 15:10:00+00:00,8098.5,8099.0,8090.5,8093.0,323
2026-09-28 15:15:00+00:00,8093.5,8096.0,8089.5,8095.5,519
2026-09-28 15:20:00+00:00,8095.0,8095.0,8086.0,8091.5,311
2026-09-28 15:25:00+00:00,8091.5,8096.0,8086.0,8090.0,850
2026-09-28 15:30:00+00:00,8090.0,8090.0,8071.0,8076.0,2243
2026-09-28 15:35:00+00:00,8075.5,8091.0,8074.5,8091.0,896
2026-09-28 15:40:00+00:00,8091.5,8092.0,8086.5,8090.0,186
2026-09-28 15:45:00+00:00,8091.0,8091.0,8084.5,8089.0,99
2026-09-28 15:50:00+00:00,8089.5,8094.5,8089.5,8094.5,82
2026-09-28 15:55:00+00:00,8096.5,8099.5,8095.5,8096.5,88
2026-09-28 16:00:00+00:00,8097.0,8102.5,8096.5,8102.5,504
2026-09-28 16:05:00+00:00,8102.0,8104.5,8101.5,8103.0,110
2026-09-28 16:10:00+00:00,8103.5,8105.0,8099.0,8100.0,92
2026-09-28 16:15:00+00:00,8100.0,8120.5,8100.0,8118.0,324
2026-09-28 16:20:00+00:00,8117.5,8141.0,8116.5,8138.5,367
2026-09-28 16:25:00+00:00,8139.5,8160.0,8139.5,8153.0,454
2026-09-28 16:30:00+00:00,8152.5,8154.5,8139.0,8141.5,346
2026-09-28 16:35:00+00:00,8140.0,8143.0,8138.5,8140.0,105
2026-09-28 16:40:00+00:00,8139.5,8139.5,8132.5,8136.0,97
2026-09-28 16:45:00+00:00,8137.0,8139.5,8131.0,8131.5,73
2026-09-28 16:50:00+00:00,8132.5,8135.0,8125.5,8134.5,151
2026-09-28 16:55:00+00:00,8135.5,8135.5,8133.5,8135.5,41
2026-09-28 17:00:00+00:00,8135.0,8135.0,8130.0,8131.0,50
2026-09-28 17:05:00+00:00,8131.0,8132.0,8127.0,8129.5,41
2026-09-28 17:10:00+00:00,8130.0,8167.0,8129.5,8158.0,682
2026-09-28 17:15:00+00:00,8158.0,8158.0,8142.5,8142.5,177
2026-09-28 17:20:00+00:00,8143.0,8143.5,8140.0,8143.5,69
2026-09-28 17:25:00+00:00,8144.5,8146.5,8141.0,8142.5,75
2026-09-28 17:30:00+00:00,8143.0,8148.0,8143.0,8145.0,73
2026-09-28 17:35:00+00:00,8145.5,8149.0,8143.5,8143.5,93
2026-09-28 17:40:00+00:00,8144.5,8145.5,8140.0,8142.5,58
2026-09-28 17:45:00+00:00,8144.0,8144.0,8140.0,8143.5,53
2026-09-28 17:50:00+00:00,8143.5,8143.5,8141.0,8143.0,12
2026-09-28 17:55:00+00:00,8143.0,8143.0,8136.5,8140.5,83
2026-09-28 18:00:00+00:00,8140.5,8143.5,8136.5,8143.5,59
2026-09-28 18:05:00+00:00,8144.0,8144.0,8141.0,8141.5,25
2026-09-28 18:10:00+00:00,8143.0,8143.5,8139.5,8141.5,22
2026-09-28 18:15:00+00:00,8141.5,8141.5,8136.5,8137.5,25
2026-09-28 18:20:00+00:00,8138.0,8141.5,8138.0,8138.5,21
2026-09-28 18:25:00+00:00,8139.0,8140.5,8136.5,8137.5,32
2026-09-28 18:30:00+00:00,8137.5,8138.5,8134.0,8138.0,78
2026-09-28 18:35:00+00:00,8138.5,8139.0,8133.5,8133.5,33
2026-09-28 18:40:00+00:00,8133.5,8141.5,8133.0,8141.0,35
2026-09-28 18:45:00+00:00,8141.0,8143.0,8139.0,8142.0,68
2026-09-28 18:50:00+00:00,8141.5,8143.0,8136.5,8137.5,54
2026-09-28 18:55:00+00:00,8139.0,8142.5,8137.5,8142.0,60
2026-09-28 19:00:00+00:00,8141.5,8141.5,8134.0,8138.5,73
2026-09-28 19:05:00+00:00,8138.5,8138.5,8134.5,8135.0,32
2026-09-28 19:10:00+00:00,8134.0,8135.0,8131.5,8132.5,29
2026-09-28 19:15:00+00:00,8132.0,8135.5,8131.5,8135.5,28
2026-09-28 19:20:00+00:00,8135.0,8136.5,8134.0,8136.5,39
2026-09-28 19:25:00+00:00,8137.0,8138.0,8134.5,8136.0,65
2026-09-28 19:30:00+00:00,8136.5,8138.0,8131.5,8135.5,126
2026-09-28 19:35:00+00:00,8135.0,8135.5,8129.5,8130.0,99
2026-09-28 19:40:00+00:00,8130.5,8133.0,8129.0,8133.0,64
2026-09-28 19:45:00+00:00,8132.0,8133.5,8127.0,8128.5,116
2026-09-28 19:50:00+00:00,8128.0,8131.0,8123.5,8123.5,120
2026-09-28 19:55:00+00:00,8124.5,8128.5,8122.0,8128.0,210
2026-09-29 06:00:00+00:00,8108.5,8113.0,8105.0,8108.0,372
2026-09-29 06:05:00+00:00,8108.5,8110.0,8107.5,8108.5,79
2026-09-29 06:10:00+00:00,8108.5,8114.5,8108.5,8114.0,94
2026-09-29 06:15:00+00:00,8114.5,8115.5,8107.0,8110.0,138
2026-09-29 06:20:00+00:00,8109.0,8109.0,8102.5,8103.5,136
2026-09-29 06:25:00+00:00,8103.5,8106.5,8100.0,8106.5,123
2026-09-29 06:30:00+00:00,8106.5,8110.5,8106.5,8108.5,95
2026-09-29 06:35:00+00:00,8107.0,8107.0,8103.5,8105.0,40
2026-09-29 06:40:00+00:00,8105.0,8110.5,8103.5,8105.0,143
2026-09-29 06:45:00+00:00,8106.0,8106.0,8099.0,8101.5,113
2026-09-29 06:50:00+00:00,8103.0,8105.0,8100.5,8101.5,110
2026-09-29 06:55:00+00:00,8102.0,8102.0,8088.5,8088.5,299
2026-09-29 07:00:00+00:00,8088.5,8092.5,8074.0,8091.5,1937
2026-09-29 07:05:00+00:00,8091.0,8095.0,8088.0,8092.5,710
2026-09-29 07:10:00+00:00,8092.5,8092.5,8067.5,8070.5,585
2026-09-29 07:15:00+00:00,8071.0,8071.0,8061.0,8065.5,422
2026-09-29 07:20:00+00:00,8064.5,8085.5,8064.5,8078.5,460
2026-09-29 07:25:00+00:00,8079.0,8090.5,8078.0,8087.0,435
2026-09-29 07:30:00+00:00,8086.0,8099.0,8083.0,8096.0,464
2026-09-29 07:35:00+00:00,8096.5,8108.5,8092.0,8100.0,759
2026-09-29 07:40:00+00:00,8100.0,8106.5,8096.5,8097.5,567
2026-09-29 07:45:00+00:00,8098.0,8098.5,8088.0,8089.0,582
2026-09-29 07:50:00+00:00,8089.0,8089.0,8082.5,8087.0,287
2026-09-29 07:55:00+00:00,8086.5,8089.5,8085.5,8087.0,208
2026-09-29 08:00:00+00:00,8087.5,8098.0,8082.0,8091.5,314
2026-09-29 08:05:00+00:00,8091.5,8098.5,8084.0,8085.5,205
2026-09-29 08:10:00+00:00,8085.0,8086.5,8074.5,8076.5,281
2026-09-29 08:15:00+00:00,8076.5,8086.0,8075.5,8084.0,274
2026-09-29 08:20:00+00:00,8084.5,8093.0,8081.5,8083.0,358
2026-09-29 08:25:00+00:00,8082.5,8083.5,8074.5,8082.0,199
2026-09-29 08:30:00+00:00,8082.0,8084.0,8075.0,8077.5,200
2026-09-29 08:35:00+00:00,8077.5,8084.5,8076.0,8084.5,149
2026-09-29 08:40:00+00:00,8084.0,8086.0,8082.0,8086.0,212
2026-09-29 08:45:00+00:00,8086.0,8091.0,8085.0,8091.0,344
2026-09-29 08:50:00+00:00,8091.5,8093.0,8084.5,8086.0,185
2026-09-29 08:55:00+00:00,8086.5,8097.5,8086.5,8095.0,422
2026-09-29 09:00:00+00:00,8095.0,8099.5,8090.5,8097.5,302
2026-09-29 09:05:00+00:00,8098.5,8100.0,8094.5,8096.0,190
2026-09-29 09:10:00+00:00,8095.5,8096.5,8092.0,8092.5,279
2026-09-29 09:15:00+00:00,8092.5,8097.0,8089.5,8096.0,150
2026-09-29 09:20:00+00:00,8095.5,8096.0,8089.5,8091.0,142
2026-09-29 09:25:00+00:00,8090.5,8092.0,8088.0,8088.5,148
2026-09-29 09:30:00+00:00,8088.5,8088.5,8082.5,8086.5,148
2026-09-29 09:35:00+00:00,8087.0,8089.0,8085.5,8088.5,98
2026-09-29 09:40:00+00:00,8088.0,8093.0,8086.5,8092.5,119
2026-09-29 09:45:00+00:00,8092.5,8099.5,8090.5,8092.5,225
2026-09-29 09:50:00+00:00,8092.5,8093.5,8086.5,8090.5,130
2026-09-29 09:55:00+00:00,8090.5,8091.0,8081.0,8085.5,236
2026-09-29 10:00:00+00:00,8084.5,8091.0,8083.0,8090.0,197
2026-09-29 10:05:00+00:00,8090.0,8094.0,8088.5,8094.0,118
2026-09-29 10:10:00+00:00,8094.0,8099.0,8093.0,8096.0,169
2026-09-29 10:15:00+00:00,8094.5,8094.5,8086.5,8087.0,185
2026-09-29 10:20:00+00:00,8087.0,8091.5,8086.5,8091.0,115
2026-09-29 10:25:00+00:00,8090.0,8092.5,8086.0,8092.5,97
2026-09-29 10:30:00+00:00,8092.0,8093.5,8084.5,8084.5,224
2026-09-29 10:35:00+00:00,8084.0,8088.5,8082.5,8088.5,130
2026-09-29 10:40:00+00:00,8089.0,8093.0,8089.0,8093.0,106
2026-09-29 10:45:00+00:00,8093.0,8096.0,8092.0,8094.0,113
2026-09-29 10:50:00+00:00,8093.5,8099.0,8091.5,8098.0,110
2026-09-29 10:55:00+00:00,8098.0,8103.5,8095.5,8102.5,253
2026-09-29 11:00:00+00:00,8102.5,8106.5,8099.0,8102.0,310
2026-09-29 11:05:00+00:00,8102.0,8105.0,8098.0,8098.0,201
2026-09-29 11:10:00+00:00,8097.5,8098.0,8095.0,8097.5,150
2026-09-29 11:15:00+00:00,8096.5,8098.5,8093.5,8093.5,66
2026-09-29 11:20:00+00:00,8093.0,8102.0,8092.0,8100.0,69
2026-09-29 11:25:00+00:00,8100.5,8101.0,8097.5,8099.0,79
2026-09-29 11:30:00+00:00,8098.5,8102.5,8098.5,8101.5,84
2026-09-29 11:35:00+00:00,8101.5,8102.5,8098.0,8100.0,123
2026-09-29 11:40:00+00:00,8100.0,8100.0,8091.5,8093.5,154
2026-09-29 11:45:00+00:00,8094.0,8106.5,8090.0,8102.5,465
2026-09-29 11:50:00+00:00,8101.0,8103.5,8095.0,8102.0,199
2026-09-29 11:55:00+00:00,8101.5,8103.0,8095.5,8095.5,66
2026-09-29 12:00:00+00:00,8095.5,8099.5,8095.0,8097.5,97
2026-09-29 12:05:00+00:00,8097.0,8101.5,8096.5,8097.5,136
2026-09-29 12:10:00+00:00,8097.5,8099.5,8093.0,8095.5,159
2026-09-29 12:15:00+00:00,8095.0,8098.0,8088.5,8089.5,190
2026-09-29 12:20:00+00:00,8090.0,8090.0,8081.5,8082.5,129
2026-09-29 12:25:00+00:00,8082.5,8083.5,8079.5,8083.5,306
2026-09-29 12:30:00+00:00,8083.0,8089.0,8082.5,8086.5,228
2026-09-29 12:35:00+00:00,8086.5,8087.5,8083.0,8083.5,132
2026-09-29 12:40:00+00:00,8083.5,8090.5,8082.5,8089.5,181
2026-09-29 12:45:00+00:00,8089.5,8090.5,8083.0,8086.5,190
2026-09-29 12:50:00+00:00,8087.0,8088.5,8079.0,8079.0,170
2026-09-29 12:55:00+00:00,8079.5,8080.5,8077.0,8079.0,151
2026-09-29 13:00:00+00:00,8079.5,8083.5,8075.5,8077.0,239
2026-09-29 13:05:00+00:00,8076.5,8079.0,8072.5,8079.0,271
2026-09-29 13:10:00+00:00,8079.0,8081.0,8076.0,8081.0,219
2026-09-29 13:15:00+00:00,8080.5,8080.5,8072.0,8073.5,173
2026-09-29 13:20:00+00:00,8073.5,8073.5,8067.5,8071.0,184
2026-09-29 13:25:00+00:00,8072.0,8074.5,8065.0,8065.5,223
2026-09-29 13:30:00+00:00,8065.0,8067.5,8051.5,8054.5,677
2026-09-29 13:35:00+00:00,8055.0,8055.5,8047.5,8053.0,465
2026-09-29 13:40:00+00:00,8054.0,8073.5,8054.0,8066.0,479
2026-09-29 13:45:00+00:00,8066.5,8070.5,8063.0,8068.5,307
2026-09-29 13:50:00+00:00,8068.0,8072.5,8067.5,8069.5,326
2026-09-29 13:55:00+00:00,8070.0,8070.5,8060.5,8061.5,282
2026-09-29 14:00:00+00:00,8060.5,8070.5,8060.5,8067.0,322
2026-09-29 14:05:00+00:00,8067.0,8073.5,8067.0,8071.5,229
2026-09-29 14:10:00+00:00,8072.0,8073.0,8068.0,8071.0,311
2026-09-29 14:15:00+00:00,8071.0,8077.5,8070.0,8073.5,320
2026-09-29 14:20:00+00:00,8074.0,8076.0,8069.5,8072.5,302
2026-09-29 14:25:00+00:00,8071.0,8074.0,8066.5,8067.5,229
2026-09-29 14:30:00+00:00,8068.0,8071.0,8065.5,8067.5,314
2026-09-29 14:35:00+00:00,8067.0,8067.5,8061.5,8066.5,203
2026-09-29 14:40:00+00:00,8066.0,8071.0,8063.0,8068.5,259
2026-09-29 14:45:00+00:00,8068.5,8068.5,8063.5,8067.0,199
2026-09-29 14:50:00+00:00,8066.0,8069.0,8061.0,8065.0,250
2026-09-29 14:55:00+00:00,8065.0,8067.0,8061.0,8061.0,268
2026-09-29 15:00:00+00:00,8061.5,8061.5,8051.0,8051.0,469
2026-09-29 15:05:00+00:00,8051.0,8053.0,8045.5,8047.0,345
2026-09-29 15:10:00+00:00,8047.5,8049.5,8042.0,8047.5,355
2026-09-29 15:15:00+00:00,8046.5,8046.5,8034.0,8034.0,448
2026-09-29 15:20:00+00:00,8033.5,8033.5,8024.5,8030.0,529
2026-09-29 15:25:00+00:00,8030.0,8030.5,8021.5,8026.5,1204
2026-09-29 15:30:00+00:00,8026.5,8032.0,8023.0,8031.0,1793
2026-09-29 15:35:00+00:00,8030.5,8036.5,8028.0,8035.0,1247
2026-09-29 15:40:00+00:00,8036.0,8036.0,8027.0,8027.5,330
2026-09-29 15:45:00+00:00,8027.5,8036.0,8022.0,8028.0,519
2026-09-29 15:50:00+00:00,8029.0,8030.0,8019.0,8023.0,98
2026-09-29 15:55:00+00:00,8023.5,8023.5,8020.5,8023.5,91
2026-09-29 16:00:00+00:00,8023.0,8023.5,8019.0,8021.0,187
2026-09-29 16:05:00+00:00,8020.5,8023.0,8018.0,8021.0,180
2026-09-29 16:10:00+00:00,8020.0,8023.0,8019.0,8020.5,98
2026-09-29 16:15:00+00:00,8020.5,8023.5,8019.5,8023.5,42
2026-09-29 16:20:00+00:00,8023.5,8025.5,8021.0,8022.5,72
2026-09-29 16:25:00+00:00,8023.0,8027.5,8023.0,8026.0,78
2026-09-29 16:30:00+00:00,8026.0,8026.0,8022.5,8023.0,61
2026-09-29 16:35:00+00:00,8023.0,8025.0,8022.0,8023.5,43
2026-09-29 16:40:00+00:00,8023.5,8024.0,8016.0,8016.5,56
2026-09-29 16:45:00+00:00,8016.5,8020.5,8013.0,8016.0,119
2026-09-29 16:50:00+00:00,8016.0,8020.5,8016.0,8017.5,69
2026-09-29 16:55:00+00:00,8017.0,8018.0,8012.5,8018.0,55
2026-09-29 17:00:00+00:00,8016.0,8016.0,8010.0,8012.5,50
2026-09-29 17:05:00+00:00,8012.5,8015.0,8010.5,8011.0,51
2026-09-29 17:10:00+00:00,8011.5,8018.5,8011.5,8018.5,36
2026-09-29 17:15:00+00:00,8019.0,8019.0,8014.0,8016.0,57
2026-09-29 17:20:00+00:00,8015.0,8019.0,8014.0,8018.5,66
2026-09-29 17:25:00+00:00,8019.0,8020.0,8017.5,8020.0,44
2026-09-29 17:30:00+00:00,8020.0,8020.5,8018.0,8018.5,38
2026-09-29 17:35:00+00:00,8020.0,8021.5,8019.5,8021.0,48
2026-09-29 17:40:00+00:00,8018.5,8023.5,8018.5,8023.5,35
2026-09-29 17:45:00+00:00,8024.0,8027.0,8022.0,8022.0,65
2026-09-29 17:50:00+00:00,8021.5,8023.0,8016.5,8017.0,51
2026-09-29 17:55:00+00:00,8016.5,8017.0,8015.0,8016.5,21
2026-09-29 18:00:00+00:00,8017.0,8029.0,8017.0,8025.5,155
2026-09-29 18:05:00+00:00,8026.0,8029.0,8021.5,8021.5,59
2026-09-29 18:10:00+00:00,8022.0,8027.0,8022.0,8026.5,36
2026-09-29 18:15:00+00:00,8026.5,8029.0,8026.0,8028.0,35
2026-09-29 18:20:00+00:00,8027.5,8032.5,8027.5,8030.5,35
2026-09-29 18:25:00+00:00,8029.0,8030.0,8027.5,8029.0,21
2026-09-29 18:30:00+00:00,8028.0,8034.0,8025.0,8028.0,87
2026-09-29 18:35:00+00:00,8028.0,8038.0,8027.5,8036.0,64
2026-09-29 18:40:00+00:00,8037.5,8041.5,8035.5,8038.0,118
2026-09-29 18:45:00+00:00,8038.5,8038.5,8033.5,8033.5,79
2026-09-29 18:50:00+00:00,8034.0,8036.0,8033.0,8034.0,124
2026-09-29 18:55:00+00:00,8034.0,8038.5,8033.0,8038.5,43
2026-09-29 19:00:00+00:00,8039.0,8039.0,8036.5,8039.0,35
2026-09-29 19:05:00+00:00,8039.5,8039.5,8038.0,8038.0,33
2026-09-29 19:10:00+00:00,8038.0,8038.5,8036.0,8036.0,52
2026-09-29 19:15:00+00:00,8036.5,8038.5,8034.5,8038.0,73
2026-09-29 19:20:00+00:00,8037.0,8040.0,8037.0,8038.5,62
2026-09-29 19:25:00+00:00,8039.0,8040.0,8037.5,8039.0,29
2026-09-29 19:30:00+00:00,8036.0,8040.0,8036.0,8038.0,25
2026-09-29 19:35:00+00:00,8038.5,8040.5,8038.0,8040.0,41
2026-09-29 19:40:00+00:00,8039.0,8040.0,8037.0,8037.0,84
2026-09-29 19:45:00+00:00,8037.0,8039.5,8036.0,8037.0,106
2026-09-29 19:50:00+00:00,8037.5,8048.0,8036.5,8045.0,262
2026-09-29 19:55:00+00:00,8045.0,8048.0,8042.0,8046.5,402
2026-09-30 06:00:00+00:00,8065.0,8071.5,8063.0,8065.0,616
2026-09-30 06:05:00+00:00,8065.5,8066.5,8057.0,8057.0,140
2026-09-30 06:10:00+00:00,8058.0,8058.5,8051.5,8051.5,96
2026-09-30 06:15:00+00:00,8052.0,8059.5,8050.5,8059.0,132
2026-09-30 06:20:00+00:00,8059.5,8061.0,8055.5,8057.0,124
2026-09-30 06:25:00+00:00,8056.5,8056.5,8050.5,8051.0,65
2026-09-30 06:30:00+00:00,8051.0,8057.5,8050.0,8057.0,131
2026-09-30 06:35:00+00:00,8057.5,8058.0,8046.5,8048.0,69
2026-09-30 06:40:00+00:00,8048.0,8052.5,8046.5,8052.5,45
2026-09-30 06:45:00+00:00,8052.0,8052.0,8040.0,8046.0,78
2026-09-30 06:50:00+00:00,8047.5,8050.0,8045.5,8046.5,62
2026-09-30 06:55:00+00:00,8047.0,8049.0,8034.5,8039.5,212
2026-09-30 07:00:00+00:00,8039.0,8055.0,8032.5,8054.0,1329
2026-09-30 07:05:00+00:00,8054.5,8065.5,8053.5,8058.0,576
2026-09-30 07:10:00+00:00,8057.5,8070.0,8057.0,8065.0,623
2026-09-30 07:15:00+00:00,8065.5,8074.0,8062.5,8067.0,525
2026-09-30 07:20:00+00:00,8066.5,8072.0,8064.5,8064.5,350
2026-09-30 07:25:00+00:00,8065.0,8070.0,8056.0,8059.0,442
2026-09-30 07:30:00+00:00,8058.5,8063.5,8052.5,8061.0,384
2026-09-30 07:35:00+00:00,8061.0,8063.5,8056.0,8059.0,316
2026-09-30 07:40:00+00:00,8059.0,8061.5,8050.5,8050.5,300
2026-09-30 07:45:00+00:00,8051.0,8059.0,8050.5,8058.5,251
2026-09-30 07:50:00+00:00,8058.0,8065.0,8058.0,8062.5,290
2026-09-30 07:55:00+00:00,8063.0,8063.5,8059.0,8059.5,187
2026-09-30 08:00:00+00:00,8058.5,8061.0,8053.0,8053.0,352
2026-09-30 08:05:00+00:00,8053.0,8053.5,8042.5,8042.5,205
2026-09-30 08:10:00+00:00,8042.5,8047.0,8040.5,8042.5,302
2026-09-30 08:15:00+00:00,8042.0,8051.0,8041.5,8046.0,285
2026-09-30 08:20:00+00:00,8046.0,8048.5,8039.5,8044.0,243
2026-09-30 08:25:00+00:00,8043.5,8047.0,8041.5,8044.0,290
2026-09-30 08:30:00+00:00,8044.5,8045.0,8031.0,8037.5,280
2026-09-30 08:35:00+00:00,8037.0,8037.0,8031.5,8031.5,258
2026-09-30 08:40:00+00:00,8031.0,8031.0,8023.5,8024.5,238
2026-09-30 08:45:00+00:00,8025.0,8029.0,8024.0,8028.5,195
2026-09-30 08:50:00+00:00,8028.0,8030.0,8024.0,8024.0,209
2026-09-30 08:55:00+00:00,8025.0,8026.0,8021.0,8021.0,238
2026-09-30 09:00:00+00:00,8021.0,8024.5,8015.5,8016.0,323
2026-09-30 09:05:00+00:00,8017.0,8020.0,8011.0,8012.5,560
2026-09-30 09:10:00+00:00,8012.5,8018.0,8009.0,8017.5,299
2026-09-30 09:15:00+00:00,8018.5,8020.0,8008.0,8008.0,257
2026-09-30 09:20:00+00:00,8008.0,8012.0,8006.0,8008.0,183
2026-09-30 09:25:00+00:00,8008.0,8009.5,8004.0,8005.0,224
2026-09-30 09:30:00+00:00,8005.0,8018.5,8005.0,8013.5,261
2026-09-30 09:35:00+00:00,8013.0,8014.0,8004.5,8004.5,181
2026-09-30 09:40:00+00:00,8005.0,8005.5,7999.5,8001.0,524
2026-09-30 09:45:00+00:00,8001.5,8006.0,8001.0,8003.5,323
2026-09-30 09:50:00+00:00,8003.0,8005.5,8001.5,8005.5,243
2026-09-30 09:55:00+00:00,8006.0,8008.5,8003.0,8004.0,260
2026-09-30 10:00:00+00:00,8003.0,8004.5,7994.5,7995.0,432
2026-09-30 10:05:00+00:00,7995.0,7996.5,7993.5,7994.0,193
2026-09-30 10:10:00+00:00,7994.5,8001.5,7993.0,7998.0,200
2026-09-30 10:15:00+00:00,7998.5,8003.5,7996.5,8002.5,196
2026-09-30 10:20:00+00:00,8001.0,8004.0,7998.5,8001.0,228
2026-09-30 10:25:00+00:00,8001.0,8006.0,8000.0,8003.0,128
2026-09-30 10:30:00+00:00,8003.5,8007.0,8001.5,8003.0,109
2026-09-30 10:35:00+00:00,8003.0,8006.0,7999.5,8004.5,89
2026-09-30 10:40:00+00:00,8004.5,8008.0,8002.0,8002.0,104
2026-09-30 10:45:00+00:00,8002.5,8002.5,7996.0,7999.0,111
2026-09-30 10:50:00+00:00,7999.5,8004.0,7999.0,8004.0,76
2026-09-30 10:55:00+00:00,8003.5,8009.0,8001.0,8001.0,233
2026-09-30 11:00:00+00:00,8001.0,8001.5,7996.5,7997.0,363
2026-09-30 11:05:00+00:00,7997.5,7999.5,7989.5,7993.5,315
2026-09-30 11:10:00+00:00,7993.0,7997.0,7989.0,7995.5,213
2026-09-30 11:15:00+00:00,7996.0,7997.0,7990.0,7990.0,181
2026-09-30 11:20:00+00:00,7990.5,7996.0,7987.0,7995.5,112
2026-09-30 11:25:00+00:00,7996.0,7999.0,7992.5,7996.0,185
2026-09-30 11:30:00+00:00,7997.5,8005.0,7994.0,8003.5,212
2026-09-30 11:35:00+00:00,8004.0,8006.5,8000.0,8003.0,139
2026-09-30 11:40:00+00:00,8003.5,8004.0,7995.0,7998.5,100
2026-09-30 11:45:00+00:00,7998.5,8002.0,7993.0,7995.5,258
2026-09-30 11:50:00+00:00,7994.5,7996.0,7991.5,7994.5,168
2026-09-30 11:55:00+00:00,7995.0,7999.5,7993.0,7998.5,105
2026-09-30 12:00:00+00:00,7998.0,8001.5,7991.5,7994.5,165
2026-09-30 12:05:00+00:00,7995.5,7997.0,7992.0,7994.5,93
2026-09-30 12:10:00+00:00,7994.0,7997.5,7990.5,7997.0,220
2026-09-30 12:15:00+00:00,7996.0,7996.0,7987.5,7992.5,445
2026-09-30 12:20:00+00:00,7992.5,7997.0,7990.5,7996.5,238
2026-09-30 12:25:00+00:00,7995.5,7998.0,7992.5,7996.5,322
2026-09-30 12:30:00+00:00,7997.0,8018.0,7996.0,8011.0,595
2026-09-30 12:35:00+00:00,8012.0,8014.5,8000.0,8000.5,468
2026-09-30 12:40:00+00:00,8001.0,8011.5,8001.0,8006.0,214
2026-09-30 12:45:00+00:00,8006.5,8009.5,7998.5,8005.0,273
2026-09-30 12:50:00+00:00,8005.5,8012.0,8002.0,8012.0,210
2026-09-30 12:55:00+00:00,8011.0,8014.0,8002.5,8003.5,373
2026-09-30 13:00:00+00:00,8003.5,8008.5,8001.5,8005.5,797
2026-09-30 13:05:00+00:00,8006.0,8009.0,8001.0,8004.0,433
2026-09-30 13:10:00+00:00,8003.5,8003.5,7990.0,7991.5,343
2026-09-30 13:15:00+00:00,7991.5,7997.0,7989.0,7989.0,158
2026-09-30 13:20:00+00:00,7989.5,7991.5,7983.0,7990.0,431
2026-09-30 13:25:00+00:00,7989.5,7997.5,7989.0,7995.0,181
2026-09-30 13:30:00+00:00,7995.0,7998.5,7978.0,7980.5,459
2026-09-30 13:35:00+00:00,7980.0,7982.0,7974.5,7978.0,349
2026-09-30 13:40:00+00:00,7977.5,7977.5,7967.0,7968.0,421
2026-09-30 13:45:00+00:00,7968.5,7973.5,7960.5,7972.5,499
2026-09-30 13:50:00+00:00,7971.5,7977.5,7967.5,7977.0,514
2026-09-30 13:55:00+00:00,7977.0,7986.0,7975.5,7986.0,276
2026-09-30 14:00:00+00:00,7986.5,7987.0,7976.0,7980.0,534
2026-09-30 14:05:00+00:00,7979.5,7991.0,7979.5,7988.5,331
2026-09-30 14:10:00+00:00,7988.0,7993.0,7985.0,7988.5,255
2026-09-30 14:15:00+00:00,7988.5,7992.5,7984.0,7989.5,433
2026-09-30 14:20:00+00:00,7989.5,7991.5,7985.0,7988.5,323
2026-09-30 14:25:00+00:00,7988.0,7988.0,7979.0,7979.5,352
2026-09-30 14:30:00+00:00,7979.0,7983.5,7975.0,7977.0,310
2026-09-30 14:35:00+00:00,7977.5,7979.5,7971.5,7973.0,445
2026-09-30 14:40:00+00:00,7974.0,7981.0,7970.5,7972.5,239
2026-09-30 14:45:00+00:00,7972.5,7976.0,7970.5,7973.5,470
2026-09-30 14:50:00+00:00,7973.0,7973.5,7966.5,7968.0,705
2026-09-30 14:55:00+00:00,7968.0,7970.0,7959.0,7959.5,418
2026-09-30 15:00:00+00:00,7960.0,7965.5,7954.0,7965.0,798
2026-09-30 15:05:00+00:00,7965.0,7970.5,7959.5,7970.0,376
2026-09-30 15:10:00+00:00,7970.0,7970.0,7958.0,7965.0,551
2026-09-30 15:15:00+00:00,7964.5,7969.0,7962.0,7963.5,461
2026-09-30 15:20:00+00:00,7964.0,7966.0,7961.5,7962.0,440
2026-09-30 15:25:00+00:00,7962.0,7966.5,7960.0,7966.0,1582
2026-09-30 15:30:00+00:00,7966.0,7969.0,7955.5,7961.0,4081
2026-09-30 15:35:00+00:00,7960.5,7964.5,7956.0,7956.0,1531
2026-09-30 15:40:00+00:00,7956.5,7961.0,7951.0,7952.0,399
2026-09-30 15:45:00+00:00,7952.5,7964.0,7951.0,7963.0,354
2026-09-30 15:50:00+00:00,7962.5,7962.5,7953.0,7955.5,106
2026-09-30 15:55:00+00:00,7956.5,7961.5,7955.0,7961.5,194
2026-09-30 16:00:00+00:00,7961.5,7963.5,7958.0,7961.0,167
2026-09-30 16:05:00+00:00,7961.0,7966.5,7961.0,7965.0,66
2026-09-30 16:10:00+00:00,7965.5,7968.5,7963.0,7968.0,112
2026-09-30 16:15:00+00:00,7969.0,7969.0,7961.5,7967.0,83
2026-09-30 16:20:00+00:00,7967.0,7967.5,7962.0,7962.5,101
2026-09-30 16:25:00+00:00,7963.0,7964.0,7960.5,7963.0,74
2026-09-30 16:30:00+00:00,7962.0,7965.0,7961.5,7965.0,106
2026-09-30 16:35:00+00:00,7965.0,7966.0,7962.5,7966.0,83
2026-09-30 16:40:00+00:00,7965.5,7966.5,7962.0,7966.5,119
2026-09-30 16:45:00+00:00,7966.5,7966.5,7961.5,7962.0,46
2026-09-30 16:50:00+00:00,7962.0,7964.0,7959.0,7960.5,50
2026-09-30 16:55:00+00:00,7961.5,7964.5,7959.5,7961.5,51
2026-09-30 17:00:00+00:00,7960.5,7960.5,7958.0,7959.0,39
2026-09-30 17:05:00+00:00,7959.5,7962.5,7959.5,7961.0,29
2026-09-30 17:10:00+00:00,7961.0,7961.5,7955.5,7956.0,91
2026-09-30 17:15:00+00:00,7956.0,7956.0,7951.0,7953.0,78
2026-09-30 17:20:00+00:00,7951.5,7955.0,7951.0,7952.0,35
2026-09-30 17:25:00+00:00,7953.0,7954.0,7949.0,7954.0,86
2026-09-30 17:30:00+00:00,7954.5,7955.0,7953.0,7953.0,35
2026-09-30 17:35:00+00:00,7954.5,7955.5,7952.0,7954.0,48
2026-09-30 17:40:00+00:00,7954.0,7956.0,7953.5,7955.0,56
2026-09-30 17:45:00+00:00,7954.5,7959.0,7952.5,7956.5,108
2026-09-30 17:50:00+00:00,7956.5,7957.0,7951.5,7953.0,66
2026-09-30 17:55:00+00:00,7952.5,7956.0,7952.0,7955.5,48
2026-09-30 18:00:00+00:00,7955.0,7956.0,7951.0,7952.5,60
2026-09-30 18:05:00+00:00,7952.0,7953.0,7949.0,7952.5,62
2026-09-30 18:10:00+00:00,7952.0,7953.0,7949.5,7951.0,55
2026-09-30 18:15:00+00:00,7951.0,7951.0,7948.0,7948.5,79
2026-09-30 18:20:00+00:00,7948.5,7949.0,7946.0,7947.0,42
2026-09-30 18:25:00+00:00,7947.5,7947.5,7944.5,7946.0,58
2026-09-30 18:30:00+00:00,7947.0,7947.0,7941.0,7943.5,89
2026-09-30 18:35:00+00:00,7943.5,7947.0,7942.0,7946.5,48
2026-09-30 18:40:00+00:00,7946.0,7947.5,7944.0,7945.0,65
2026-09-30 18:45:00+00:00,7945.5,7945.5,7941.0,7941.5,37
2026-09-30 18:50:00+00:00,7941.0,7942.5,7940.0,7941.0,55
2026-09-30 18:55:00+00:00,7942.0,7947.5,7942.0,7946.0,33
2026-09-30 19:00:00+00:00,7946.0,7946.5,7943.0,7944.0,34
2026-09-30 19:05:00+00:00,7943.5,7944.5,7942.0,7944.0,25
2026-09-30 19:10:00+00:00,7944.0,7946.5,7943.5,7946.5,65
2026-09-30 19:15:00+00:00,7945.0,7945.0,7941.0,7941.0,89
2026-09-30 19:20:00+00:00,7940.5,7942.0,7937.0,7937.5,130
2026-09-30 19:25:00+00:00,7937.5,7939.5,7937.0,7937.5,75
2026-09-30 19:30:00+00:00,7937.0,7940.0,7935.5,7938.0,41
2026-09-30 19:35:00+00:00,7938.0,7942.0,7937.0,7939.5,61
2026-09-30 19:40:00+00:00,7939.5,7939.5,7933.5,7936.5,71
2026-09-30 19:45:00+00:00,7936.0,7938.5,7932.5,7933.0,192
2026-09-30 19:50:00+00:00,7933.0,7939.5,7929.5,7936.0,416
2026-09-30 19:55:00+00:00,7935.5,7941.0,7933.5,7935.0,392
2026-10-01 06:00:00+00:00,7927.5,7944.5,7927.5,7932.0,758
2026-10-01 06:05:00+00:00,7932.5,7933.5,7926.5,7929.0,324
2026-10-01 06:10:00+00:00,7929.0,7931.0,7928.0,7929.5,169
2026-10-01 06:15:00+00:00,7929.0,7932.5,7923.0,7927.5,351
2026-10-01 06:20:00+00:00,7927.0,7927.0,7916.0,7916.0,64
2026-10-01 06:25:00+00:00,7915.0,7920.5,7912.0,7920.5,169
2026-10-01 06:30:00+00:00,7920.0,7922.5,7908.0,7912.0,136
2026-10-01 06:35:00+00:00,7912.5,7915.0,7901.0,7902.0,100
2026-10-01 06:40:00+00:00,7902.0,7910.5,7900.5,7910.5,112
2026-10-01 06:45:00+00:00,7909.5,7913.0,7905.5,7905.5,74
2026-10-01 06:50:00+00:00,7905.0,7913.5,7902.0,7902.0,247
2026-10-01 06:55:00+00:00,7902.5,7907.5,7897.0,7901.5,647
2026-10-01 07:00:00+00:00,7900.5,7917.5,7898.0,7909.0,3003
2026-10-01 07:05:00+00:00,7909.5,7924.5,7908.5,7919.5,824
2026-10-01 07:10:00+00:00,7919.0,7919.0,7894.5,7897.0,952
2026-10-01 07:15:00+00:00,7896.5,7896.5,7874.0,7877.5,873
2026-10-01 07:20:00+00:00,7877.5,7880.5,7864.0,7864.5,1136
2026-10-01 07:25:00+00:00,7864.5,7866.0,7846.5,7851.0,1574
2026-10-01 07:30:00+00:00,7850.5,7865.0,7838.0,7864.5,956
2026-10-01 07:35:00+00:00,7864.0,7865.0,7852.0,7853.0,700
2026-10-01 07:40:00+00:00,7854.0,7870.0,7851.0,7863.5,798
2026-10-01 07:45:00+00:00,7864.0,7864.0,7854.0,7861.0,470
2026-10-01 07:50:00+00:00,7860.0,7871.5,7857.5,7867.0,628
2026-10-01 07:55:00+00:00,7866.5,7869.0,7850.5,7850.5,449
2026-10-01 08:00:00+00:00,7851.0,7860.5,7846.0,7855.5,467
2026-10-01 08:05:00+00:00,7854.5,7855.5,7836.0,7837.5,471
2026-10-01 08:10:00+00:00,7838.0,7842.0,7830.5,7835.5,804
2026-10-01 08:15:00+00:00,7835.0,7836.5,7827.0,7831.0,778
2026-10-01 08:20:00+00:00,7830.5,7844.5,7829.0,7837.0,1718
2026-10-01 08:25:00+00:00,7837.0,7843.0,7827.5,7828.5,500
2026-10-01 08:30:00+00:00,7827.0,7833.5,7821.5,7833.5,599
2026-10-01 08:35:00+00:00,7833.0,7851.5,7831.0,7849.5,682
2026-10-01 08:40:00+00:00,7849.5,7856.0,7842.0,7842.0,389
2026-10-01 08:45:00+00:00,7841.0,7849.0,7838.5,7847.5,414
2026-10-01 08:50:00+00:00,7847.5,7855.0,7846.5,7850.5,540
2026-10-01 08:55:00+00:00,7851.5,7864.0,7851.5,7863.5,674
2026-10-01 09:00:00+00:00,7864.0,7867.5,7860.0,7866.0,744
2026-10-01 09:05:00+00:00,7866.0,7867.5,7861.0,7862.0,605
2026-10-01 09:10:00+00:00,7863.0,7868.0,7860.0,7862.5,602
2026-10-01 09:15:00+00:00,7863.0,7868.5,7862.0,7862.0,404
2026-10-01 09:20:00+00:00,7861.5,7876.5,7861.5,7875.5,751
2026-10-01 09:25:00+00:00,7874.0,7876.5,7865.0,7868.0,360
2026-10-01 09:30:00+00:00,7868.5,7881.5,7868.0,7876.5,332
2026-10-01 09:35:00+00:00,7876.0,7879.0,7869.5,7871.5,375
2026-10-01 09:40:00+00:00,7871.5,7874.5,7866.0,7866.0,330
2026-10-01 09:45:00+00:00,7866.5,7879.0,7866.0,7876.0,382
2026-10-01 09:50:00+00:00,7875.5,7879.0,7870.0,7870.5,287
2026-10-01 09:55:00+00:00,7871.0,7873.0,7866.0,7866.0,346
2026-10-01 10:00:00+00:00,7865.0,7869.5,7858.5,7859.0,415
2026-10-01 10:05:00+00:00,7859.0,7865.5,7854.5,7864.0,243
2026-10-01 10:10:00+00:00,7864.5,7870.5,7863.5,7868.5,175
2026-10-01 10:15:00+00:00,7868.0,7875.5,7862.0,7870.5,482
2026-10-01 10:20:00+00:00,7872.0,7876.0,7869.0,7874.0,364
2026-10-01 10:25:00+00:00,7874.0,7881.5,7873.5,7878.5,239
2026-10-01 10:30:00+00:00,7878.5,7894.0,7877.5,7892.0,377
2026-10-01 10:35:00+00:00,7892.0,7897.0,7891.5,7895.5,297
2026-10-01 10:40:00+00:00,7896.0,7911.0,7895.5,7910.5,651
2026-10-01 10:45:00+00:00,7911.0,7918.5,7910.0,7913.0,536
2026-10-01 10:50:00+00:00,7913.5,7919.5,7911.0,7919.0,406
2026-10-01 10:55:00+00:00,7918.5,7920.0,7913.0,7919.0,234
2026-10-01 11:00:00+00:00,7919.0,7920.0,7914.0,7917.0,368
2026-10-01 11:05:00+00:00,7916.5,7917.5,7907.5,7908.0,406
2026-10-01 11:10:00+00:00,7908.5,7912.5,7903.0,7908.5,270
2026-10-01 11:15:00+00:00,7908.5,7908.5,7901.0,7905.0,220
2026-10-01 11:20:00+00:00,7906.0,7906.0,7894.5,7895.0,232
2026-10-01 11:25:00+00:00,7894.0,7899.5,7892.0,7899.5,294
2026-10-01 11:30:00+00:00,7899.0,7905.5,7898.0,7903.0,169
2026-10-01 11:35:00+00:00,7902.5,7909.0,7902.0,7907.5,125
2026-10-01 11:40:00+00:00,7907.5,7917.5,7907.0,7915.0,184
2026-10-01 11:45:00+00:00,7915.0,7924.0,7914.5,7918.5,402
2026-10-01 11:50:00+00:00,7920.0,7925.5,7918.5,7923.5,200
2026-10-01 11:55:00+00:00,7924.0,7928.5,7922.5,7926.0,431
2026-10-01 12:00:00+00:00,7926.0,7933.0,7922.5,7927.5,238
2026-10-01 12:05:00+00:00,7927.0,7930.5,7926.0,7929.0,175
2026-10-01 12:10:00+00:00,7928.5,7933.0,7923.0,7924.5,256
2026-10-01 12:15:00+00:00,7924.0,7934.5,7921.5,7933.0,723
2026-10-01 12:20:00+00:00,7932.0,7932.0,7924.5,7927.0,196
2026-10-01 12:25:00+00:00,7926.5,7929.5,7920.5,7929.0,515
2026-10-01 12:30:00+00:00,7928.5,7936.0,7927.5,7936.0,280
2026-10-01 12:35:00+00:00,7935.0,7939.0,7930.5,7934.0,188
2026-10-01 12:40:00+00:00,7934.0,7934.5,7920.5,7921.0,255
2026-10-01 12:45:00+00:00,7920.5,7922.5,7913.5,7919.5,239
2026-10-01 12:50:00+00:00,7920.0,7925.0,7918.5,7920.0,392
2026-10-01 12:55:00+00:00,7920.0,7920.0,7912.5,7912.5,305
2026-10-01 13:00:00+00:00,7913.0,7916.5,7911.0,7913.5,374
2026-10-01 13:05:00+00:00,7912.5,7917.0,7910.0,7911.0,250
2026-10-01 13:10:00+00:00,7911.5,7912.5,7907.5,7907.5,181
2026-10-01 13:15:00+00:00,7907.5,7909.5,7903.0,7905.0,230
2026-10-01 13:20:00+00:00,7905.0,7905.5,7899.0,7899.0,374
2026-10-01 13:25:00+00:00,7899.0,7903.0,7899.0,7901.5,227
2026-10-01 13:30:00+00:00,7901.0,7905.0,7896.0,7896.0,586
2026-10-01 13:35:00+00:00,7896.0,7897.0,7878.5,7878.5,427
2026-10-01 13:40:00+00:00,7878.5,7880.0,7867.5,7871.0,536
2026-10-01 13:45:00+00:00,7871.5,7877.0,7867.0,7867.0,676
2026-10-01 13:50:00+00:00,7867.0,7879.5,7867.0,7874.5,529
2026-10-01 13:55:00+00:00,7874.5,7876.0,7862.0,7864.0,385
2026-10-01 14:00:00+00:00,7863.0,7864.0,7843.5,7852.5,948
2026-10-01 14:05:00+00:00,7851.5,7864.0,7847.0,7860.0,891
2026-10-01 14:10:00+00:00,7860.0,7860.0,7847.0,7853.5,487
2026-10-01 14:15:00+00:00,7853.0,7859.0,7848.5,7850.5,442
2026-10-01 14:20:00+00:00,7850.0,7854.5,7843.0,7853.0,577
2026-10-01 14:25:00+00:00,7852.0,7852.0,7840.0,7843.0,570
2026-10-01 14:30:00+00:00,7843.0,7853.0,7840.0,7853.0,651
2026-10-01 14:35:00+00:00,7854.0,7864.0,7852.5,7863.0,583
2026-10-01 14:40:00+00:00,7862.0,7865.0,7852.0,7856.0,535
2026-10-01 14:45:00+00:00,7856.5,7865.0,7850.5,7853.5,513
2026-10-01 14:50:00+00:00,7853.5,7857.5,7842.0,7844.0,578
2026-10-01 14:55:00+00:00,7843.0,7858.5,7841.0,7849.5,923
2026-10-01 15:00:00+00:00,7849.0,7849.0,7838.5,7845.5,484
2026-10-01 15:05:00+00:00,7846.5,7851.0,7844.0,7850.5,454
2026-10-01 15:10:00+00:00,7850.0,7854.0,7846.5,7854.0,577
2026-10-01 15:15:00+00:00,7853.5,7856.0,7848.5,7852.0,535
2026-10-01 15:20:00+00:00,7852.0,7855.5,7847.5,7849.5,606
2026-10-01 15:25:00+00:00,7849.5,7853.5,7847.5,7850.0,798
2026-10-01 15:30:00+00:00,7849.5,7856.5,7831.5,7835.0,2938
2026-10-01 15:35:00+00:00,7835.5,7846.5,7833.0,7843.0,1699
2026-10-01 15:40:00+00:00,7844.0,7850.5,7836.5,7837.5,434
2026-10-01 15:45:00+00:00,7837.0,7841.5,7833.5,7838.5,532
2026-10-01 15:50:00+00:00,7838.5,7838.5,7829.0,7835.0,291
2026-10-01 15:55:00+00:00,7835.5,7854.0,7835.0,7846.5,435
2026-10-01 16:00:00+00:00,7846.5,7848.5,7842.0,7846.5,191
2026-10-01 16:05:00+00:00,7845.5,7845.5,7835.0,7837.5,265
2026-10-01 16:10:00+00:00,7838.5,7840.0,7828.0,7828.5,267
2026-10-01 16:15:00+00:00,7828.5,7837.5,7825.5,7832.5,366
2026-10-01 16:20:00+00:00,7832.0,7834.5,7827.0,7832.0,91
2026-10-01 16:25:00+00:00,7831.0,7834.0,7828.0,7828.5,118
2026-10-01 16:30:00+00:00,7828.5,7836.0,7828.5,7833.5,91
2026-10-01 16:35:00+00:00,7834.5,7836.5,7827.5,7830.0,88
2026-10-01 16:40:00+00:00,7830.5,7834.5,7828.0,7834.5,96
2026-10-01 16:45:00+00:00,7834.0,7839.0,7833.0,7835.5,170
2026-10-01 16:50:00+00:00,7836.5,7837.0,7826.0,7826.5,146
2026-10-01 16:55:00+00:00,7827.0,7827.5,7820.0,7823.0,119
2026-10-01 17:00:00+00:00,7823.0,7828.0,7819.0,7826.0,169
2026-10-01 17:05:00+00:00,7827.5,7835.0,7825.5,7832.5,191
2026-10-01 17:10:00+00:00,7832.5,7840.0,7831.5,7837.0,164
2026-10-01 17:15:00+00:00,7837.0,7842.5,7835.5,7841.5,113
2026-10-01 17:20:00+00:00,7842.0,7848.0,7842.0,7847.5,123
2026-10-01 17:25:00+00:00,7848.5,7850.0,7842.5,7844.5,86
2026-10-01 17:30:00+00:00,7844.5,7860.0,7844.5,7847.0,482
2026-10-01 17:35:00+00:00,7847.0,7847.5,7841.5,7842.0,147
2026-10-01 17:40:00+00:00,7842.0,7845.5,7840.5,7844.5,110
2026-10-01 17:45:00+00:00,7845.0,7847.0,7841.0,7841.5,176
2026-10-01 17:50:00+00:00,7840.5,7840.5,7829.0,7830.0,442
2026-10-01 17:55:00+00:00,7830.5,7835.5,7822.5,7826.0,295
2026-10-01 18:00:00+00:00,7826.0,7830.0,7820.5,7822.0,230
2026-10-01 18:05:00+00:00,7822.5,7823.0,7816.0,7818.5,102
2026-10-01 18:10:00+00:00,7818.0,7825.0,7815.5,7821.5,165
2026-10-01 18:15:00+00:00,7822.0,7824.5,7820.0,7820.0,116
2026-10-01 18:20:00+00:00,7820.0,7831.5,7818.0,7828.5,210
2026-10-01 18:25:00+00:00,7825.5,7827.0,7821.0,7823.5,149
2026-10-01 18:30:00+00:00,7823.0,7835.5,7820.5,7834.0,123
2026-10-01 18:35:00+00:00,7833.0,7833.5,7827.5,7827.5,67
2026-10-01 18:40:00+00:00,7828.0,7831.0,7825.0,7826.5,79
2026-10-01 18:45:00+00:00,7825.0,7828.5,7824.5,7826.5,90
2026-10-01 18:50:00+00:00,7826.5,7827.5,7823.5,7827.0,80
2026-10-01 18:55:00+00:00,7827.0,7830.0,7825.5,7830.0,88
2026-10-01 19:00:00+00:00,7830.0,7830.5,7824.0,7826.5,131
2026-10-01 19:05:00+00:00,7825.5,7825.5,7821.0,7823.5,152
2026-10-01 19:10:00+00:00,7824.0,7826.5,7821.0,7822.0,126
2026-10-01 19:15:00+00:00,7822.5,7822.5,7818.5,7822.0,85
2026-10-01 19:20:00+00:00,7821.0,7823.5,7819.0,7820.5,96
2026-10-01 19:25:00+00:00,7820.5,7825.5,7820.0,7824.5,75
2026-10-01 19:30:00+00:00,7825.0,7828.5,7824.0,7828.0,110
2026-10-01 19:35:00+00:00,7828.0,7830.5,7827.0,7829.5,90
2026-10-01 19:40:00+00:00,7829.5,7830.5,7826.0,7826.0,112
2026-10-01 19:45:00+00:00,7825.5,7833.0,7825.5,7831.5,227
2026-10-01 19:50:00+00:00,7832.0,7839.5,7831.0,7834.5,348
2026-10-01 19:55:00+00:00,7833.5,7833.5,7825.5,7833.0,410
2026-10-02 06:00:00+00:00,7848.5,7852.0,7841.5,7843.0,420
2026-10-02 06:05:00+00:00,7844.0,7846.0,7837.0,7839.5,257
2026-10-02 06:10:00+00:00,7842.0,7854.5,7839.5,7852.5,218
2026-10-02 06:15:00+00:00,7851.0,7851.0,7844.0,7846.5,96
2026-10-02 06:20:00+00:00,7846.0,7852.0,7842.0,7846.0,92
2026-10-02 06:25:00+00:00,7843.0,7850.0,7840.5,7841.0,94
2026-10-02 06:30:00+00:00,7841.5,7847.5,7839.5,7842.0,97
2026-10-02 06:35:00+00:00,7841.5,7842.0,7829.0,7833.0,132
2026-10-02 06:40:00+00:00,7836.0,7840.5,7833.0,7836.0,82
2026-10-02 06:45:00+00:00,7837.5,7837.5,7831.5,7835.5,93
2026-10-02 06:50:00+00:00,7834.0,7838.5,7827.0,7838.5,128
2026-10-02 06:55:00+00:00,7839.0,7850.5,7837.5,7849.5,289
2026-10-02 07:00:00+00:00,7849.0,7851.5,7836.5,7851.5,2464
2026-10-02 07:05:00+00:00,7851.0,7864.5,7851.0,7860.5,791
2026-10-02 07:10:00+00:00,7859.5,7883.0,7859.5,7882.5,748
2026-10-02 07:15:00+00:00,7882.0,7882.0,7861.5,7861.5,636
2026-10-02 07:20:00+00:00,7861.0,7873.0,7859.0,7868.0,424
2026-10-02 07:25:00+00:00,7867.5,7872.0,7853.5,7857.5,569
2026-10-02 07:30:00+00:00,7858.0,7868.5,7854.5,7864.0,774
2026-10-02 07:35:00+00:00,7863.0,7870.5,7862.5,7866.5,406
2026-10-02 07:40:00+00:00,7866.0,7872.0,7860.0,7862.5,443
2026-10-02 07:45:00+00:00,7863.5,7877.5,7861.5,7876.5,414
2026-10-02 07:50:00+00:00,7877.0,7880.5,7875.5,7877.5,359
2026-10-02 07:55:00+00:00,7877.0,7905.5,7876.0,7894.0,1141
2026-10-02 08:00:00+00:00,7893.0,7900.0,7882.0,7897.5,687
2026-10-02 08:05:00+00:00,7897.0,7912.5,7897.0,7912.5,767
2026-10-02 08:10:00+00:00,7913.0,7915.5,7907.0,7909.5,570
2026-10-02 08:15:00+00:00,7910.0,7917.5,7909.0,7911.0,544
2026-10-02 08:20:00+00:00,7910.5,7919.5,7909.0,7912.0,658
2026-10-02 08:25:00+00:00,7911.5,7913.0,7902.5,7906.0,507
2026-10-02 08:30:00+00:00,7905.0,7912.5,7904.5,7908.0,546
2026-10-02 08:35:00+00:00,7908.5,7918.0,7907.0,7913.0,772
2026-10-02 08:40:00+00:00,7912.5,7918.0,7909.5,7910.5,472
2026-10-02 08:45:00+00:00,7910.5,7924.0,7910.0,7920.5,418
2026-10-02 08:50:00+00:00,7921.0,7926.5,7918.5,7926.0,414
2026-10-02 08:55:00+00:00,7926.5,7926.5,7915.0,7916.5,408
2026-10-02 09:00:00+00:00,7916.5,7916.5,7906.5,7909.0,402
2026-10-02 09:05:00+00:00,7908.5,7909.5,7902.0,7908.0,403
2026-10-02 09:10:00+00:00,7908.5,7917.0,7906.5,7911.5,347
2026-10-02 09:15:00+00:00,7911.0,7914.5,7907.5,7908.5,454
2026-10-02 09:20:00+00:00,7908.5,7910.0,7901.0,7903.0,359
2026-10-02 09:25:00+00:00,7903.5,7909.5,7895.5,7897.5,326
2026-10-02 09:30:00+00:00,7896.5,7896.5,7884.0,7885.0,198
2026-10-02 09:35:00+00:00,7884.5,7890.0,7884.0,7889.5,207
2026-10-02 09:40:00+00:00,7890.0,7895.5,7883.5,7883.5,244
2026-10-02 09:45:00+00:00,7883.5,7895.0,7875.5,7890.0,1116
2026-10-02 09:50:00+00:00,7890.0,7892.0,7882.0,7886.0,285
2026-10-02 09:55:00+00:00,7886.0,7892.0,7884.0,7886.5,188
2026-10-02 10:00:00+00:00,7887.0,7890.0,7880.0,7881.5,297
2026-10-02 10:05:00+00:00,7881.5,7883.5,7876.5,7880.5,191
2026-10-02 10:10:00+00:00,7881.0,7881.0,7865.0,7868.5,522
2026-10-02 10:15:00+00:00,7868.0,7872.0,7867.5,7872.0,299
2026-10-02 10:20:00+00:00,7872.0,7875.5,7856.5,7860.0,550
2026-10-02 10:25:00+00:00,7859.0,7879.0,7859.0,7878.0,379
2026-10-02 10:30:00+00:00,7879.0,7886.0,7875.5,7885.5,314
2026-10-02 10:35:00+00:00,7886.0,7896.0,7882.5,7895.0,302
2026-10-02 10:40:00+00:00,7895.0,7898.0,7891.0,7892.5,292
2026-10-02 10:45:00+00:00,7893.5,7899.5,7889.5,7897.5,309
2026-10-02 10:50:00+00:00,7898.0,7902.0,7896.5,7899.0,219
2026-10-02 10:55:00+00:00,7897.5,7903.5,7897.0,7900.5,149
2026-10-02 11:00:00+00:00,7900.5,7902.0,7892.5,7895.5,529
2026-10-02 11:05:00+00:00,7895.5,7899.0,7890.0,7896.0,194
2026-10-02 11:10:00+00:00,7895.0,7896.5,7890.0,7895.0,219
2026-10-02 11:15:00+00:00,7895.0,7898.0,7892.5,7897.0,138
2026-10-02 11:20:00+00:00,7897.0,7901.0,7892.5,7898.0,154
2026-10-02 11:25:00+00:00,7898.0,7899.0,7893.5,7893.5,93
2026-10-02 11:30:00+00:00,7894.5,7900.0,7891.0,7893.5,221
2026-10-02 11:35:00+00:00,7894.0,7894.5,7887.5,7887.5,225
2026-10-02 11:40:00+00:00,7887.5,7888.5,7879.0,7880.5,159
2026-10-02 11:45:00+00:00,7880.5,7883.0,7867.5,7872.0,405
2026-10-02 11:50:00+00:00,7871.5,7876.5,7871.0,7875.0,502
2026-10-02 11:55:00+00:00,7875.0,7877.5,7870.5,7871.5,178
2026-10-02 12:00:00+00:00,7871.0,7876.0,7868.0,7868.0,165
2026-10-02 12:05:00+00:00,7868.0,7873.0,7866.0,7872.0,341
2026-10-02 12:10:00+00:00,7873.0,7874.0,7865.0,7866.5,259
2026-10-02 12:15:00+00:00,7867.0,7874.0,7865.5,7869.5,270
2026-10-02 12:20:00+00:00,7869.5,7878.0,7869.0,7873.0,220
2026-10-02 12:25:00+00:00,7873.0,7883.5,7870.0,7883.5,231
2026-10-02 12:30:00+00:00,7884.0,7898.5,7879.0,7884.5,608
2026-10-02 12:35:00+00:00,7885.0,7894.0,7882.5,7884.0,372
2026-10-02 12:40:00+00:00,7883.0,7886.5,7880.0,7881.5,220
2026-10-02 12:45:00+00:00,7880.5,7902.0,7880.5,7901.5,294
2026-10-02 12:50:00+00:00,7901.5,7907.5,7896.5,7905.5,227
2026-10-02 12:55:00+00:00,7906.5,7908.5,7894.5,7897.5,303
2026-10-02 13:00:00+00:00,7898.0,7906.0,7895.0,7900.5,427
2026-10-02 13:05:00+00:00,7900.0,7902.5,7888.0,7893.5,338
2026-10-02 13:10:00+00:00,7893.5,7895.0,7884.5,7885.5,325
2026-10-02 13:15:00+00:00,7885.5,7894.0,7882.0,7893.5,137
2026-10-02 13:20:00+00:00,7893.0,7898.0,7892.5,7898.0,185
2026-10-02 13:25:00+00:00,7897.0,7906.5,7897.0,7900.5,305
2026-10-02 13:30:00+00:00,7900.5,7901.5,7885.0,7886.5,578
2026-10-02 13:35:00+00:00,7887.0,7915.0,7885.5,7909.5,523
2026-10-02 13:40:00+00:00,7910.0,7914.0,7903.5,7914.0,372
2026-10-02 13:45:00+00:00,7913.5,7922.5,7908.5,7910.5,973
2026-10-02 13:50:00+00:00,7910.5,7911.0,7891.0,7891.5,512
2026-10-02 13:55:00+00:00,7892.0,7913.0,7886.5,7903.5,1294
2026-10-02 14:00:00+00:00,7904.0,7917.0,7891.5,7916.5,749
2026-10-02 14:05:00+00:00,7916.5,7924.0,7913.5,7919.5,538
2026-10-02 14:10:00+00:00,7919.0,7923.0,7904.5,7907.0,521
2026-10-02 14:15:00+00:00,7907.5,7922.5,7905.0,7921.5,471
2026-10-02 14:20:00+00:00,7922.0,7923.0,7904.5,7913.0,642
2026-10-02 14:25:00+00:00,7913.0,7917.0,7911.0,7915.5,382
2026-10-02 14:30:00+00:00,7916.0,7918.5,7912.0,7918.0,389
2026-10-02 14:35:00+00:00,7918.5,7924.0,7917.0,7920.0,725
2026-10-02 14:40:00+00:00,7920.0,7930.0,7918.5,7923.0,520
2026-10-02 14:45:00+00:00,7923.0,7931.5,7920.5,7927.0,304
2026-10-02 14:50:00+00:00,7927.5,7928.0,7919.0,7922.0,469
2026-10-02 14:55:00+00:00,7921.5,7928.5,7916.5,7918.5,280
2026-10-02 15:00:00+00:00,7920.0,7922.5,7903.5,7904.5,373
2026-10-02 15:05:00+00:00,7905.0,7908.5,7898.0,7900.5,293
2026-10-02 15:10:00+00:00,7900.5,7902.0,7894.5,7899.5,257
2026-10-02 15:15:00+00:00,7899.0,7903.5,7894.0,7895.5,290
2026-10-02 15:20:00+00:00,7895.0,7895.0,7884.0,7884.5,532
2026-10-02 15:25:00+00:00,7883.5,7892.5,7881.0,7889.5,814
2026-10-02 15:30:00+00:00,7889.0,7902.0,7884.5,7897.0,1931
2026-10-02 15:35:00+00:00,7897.5,7906.0,7895.5,7902.0,1111
2026-10-02 15:40:00+00:00,7902.5,7907.0,7898.0,7902.0,144
2026-10-02 15:45:00+00:00,7903.5,7906.0,7902.0,7903.5,91
2026-10-02 15:50:00+00:00,7901.0,7905.0,7898.5,7900.0,207
2026-10-02 15:55:00+00:00,7901.0,7905.5,7898.5,7902.0,98
2026-10-02 16:00:00+00:00,7902.0,7907.0,7898.0,7904.5,152
2026-10-02 16:05:00+00:00,7905.0,7905.5,7901.0,7904.5,99
2026-10-02 16:10:00+00:00,7904.0,7906.5,7900.5,7906.0,123
2026-10-02 16:15:00+00:00,7905.5,7910.5,7905.0,7909.0,86
2026-10-02 16:20:00+00:00,7908.5,7911.5,7899.0,7900.5,246
2026-10-02 16:25:00+00:00,7901.5,7908.5,7899.0,7900.0,246
2026-10-02 16:30:00+00:00,7901.0,7901.5,7894.5,7901.0,157
2026-10-02 16:35:00+00:00,7901.0,7903.5,7899.0,7902.0,133
2026-10-02 16:40:00+00:00,7902.0,7902.0,7894.0,7901.0,83
2026-10-02 16:45:00+00:00,7901.5,7902.0,7897.5,7899.5,65
2026-10-02 16:50:00+00:00,7899.5,7906.0,7898.0,7906.0,102
2026-10-02 16:55:00+00:00,7905.5,7907.0,7904.5,7905.5,33
2026-10-02 17:00:00+00:00,7907.0,7912.5,7907.0,7911.0,66
2026-10-02 17:05:00+00:00,7911.0,7912.5,7907.5,7910.0,179
2026-10-02 17:10:00+00:00,7911.0,7912.5,7907.0,7910.5,217
2026-10-02 17:15:00+00:00,7910.0,7917.5,7910.0,7915.0,240
2026-10-02 17:20:00+00:00,7915.0,7916.0,7904.0,7904.5,284
2026-10-02 17:25:00+00:00,7904.5,7905.0,7899.5,7902.0,85
2026-10-02 17:30:00+00:00,7901.5,7910.5,7901.5,7910.5,86
2026-10-02 17:35:00+00:00,7910.0,7910.0,7906.5,7908.0,16
2026-10-02 17:40:00+00:00,7908.0,7909.0,7904.5,7909.0,38
2026-10-02 17:45:00+00:00,7909.0,7911.0,7909.0,7911.0,21
2026-10-02 17:50:00+00:00,7912.5,7913.5,7906.0,7912.5,88
2026-10-02 17:55:00+00:00,7912.5,7912.5,7909.5,7912.0,8
2026-10-02 18:00:00+00:00,7914.0,7915.0,7910.0,7911.5,50
2026-10-02 18:05:00+00:00,7912.5,7913.0,7911.5,7913.0,15
2026-10-02 18:10:00+00:00,7912.5,7914.5,7912.0,7914.5,42
2026-10-02 18:15:00+00:00,7914.5,7914.5,7907.5,7910.0,50
2026-10-02 18:20:00+00:00,7910.0,7910.5,7909.0,7909.5,17
2026-10-02 18:25:00+00:00,7908.5,7911.5,7907.0,7910.5,58
2026-10-02 18:30:00+00:00,7911.0,7913.0,7909.5,7912.5,54
2026-10-02 18:35:00+00:00,7912.0,7915.0,7911.0,7912.0,45
2026-10-02 18:40:00+00:00,7911.5,7918.0,7911.5,7915.0,68
2026-10-02 18:45:00+00:00,7915.5,7917.5,7915.0,7916.0,36
2026-10-02 18:50:00+00:00,7915.0,7918.0,7914.0,7916.5,67
2026-10-02 18:55:00+00:00,7916.5,7918.0,7916.0,7918.0,20
2026-10-02 19:00:00+00:00,7918.5,7919.5,7917.0,7919.0,67
2026-10-02 19:05:00+00:00,7918.5,7920.0,7918.0,7919.5,41
2026-10-02 19:10:00+00:00,7919.5,7921.0,7917.0,7919.0,46
2026-10-02 19:15:00+00:00,7919.0,7922.0,7918.0,7920.0,28
2026-10-02 19:20:00+00:00,7920.5,7921.5,7919.5,7921.5,21
2026-10-02 19:25:00+00:00,7922.0,7923.5,7919.5,7920.5,78
2026-10-02 19:30:00+00:00,7921.0,7923.0,7920.0,7923.0,49
2026-10-02 19:35:00+00:00,7923.5,7923.5,7919.0,7919.0,49
2026-10-02 19:40:00+00:00,7920.0,7922.0,7919.0,7920.5,83
2026-10-02 19:45:00+00:00,7920.5,7923.0,7916.0,7916.0,147
2026-10-02 19:50:00+00:00,7916.5,7920.0,7916.0,7919.0,93
2026-10-02 19:55:00+00:00,7919.0,7922.0,7916.0,7920.5,149
2026-10-05 06:00:00+00:00,7869.5,7876.0,7867.5,7872.5,696
2026-10-05 06:05:00+00:00,7872.5,7879.0,7867.5,7879.0,167
2026-10-05 06:10:00+00:00,7879.5,7888.0,7874.0,7885.0,120
2026-10-05 06:15:00+00:00,7886.0,7894.0,7886.0,7887.5,103
2026-10-05 06:20:00+00:00,7887.0,7890.5,7883.5,7887.5,90
2026-10-05 06:25:00+00:00,7886.5,7887.0,7879.5,7880.5,118
2026-10-05 06:30:00+00:00,7880.0,7881.0,7873.0,7873.5,150
2026-10-05 06:35:00+00:00,7873.5,7875.0,7862.5,7866.0,132
2026-10-05 06:40:00+00:00,7865.0,7872.5,7862.0,7865.5,115
2026-10-05 06:45:00+00:00,7864.0,7869.0,7858.5,7859.0,361
2026-10-05 06:50:00+00:00,7859.5,7869.5,7851.5,7858.0,278
2026-10-05 06:55:00+00:00,7859.0,7871.5,7852.0,7863.0,622
2026-10-05 07:00:00+00:00,7862.0,7876.0,7844.5,7858.0,2518
2026-10-05 07:05:00+00:00,7858.0,7869.5,7856.5,7858.0,786
2026-10-05 07:10:00+00:00,7858.5,7871.0,7854.0,7858.0,450
2026-10-05 07:15:00+00:00,7858.0,7859.0,7835.5,7835.5,402
2026-10-05 07:20:00+00:00,7836.5,7838.0,7813.0,7819.0,665
2026-10-05 07:25:00+00:00,7818.5,7833.5,7818.5,7829.5,527
2026-10-05 07:30:00+00:00,7830.0,7838.0,7828.0,7830.5,484
2026-10-05 07:35:00+00:00,7830.5,7832.0,7824.5,7826.0,378
2026-10-05 07:40:00+00:00,7825.5,7841.0,7825.5,7835.0,540
2026-10-05 07:45:00+00:00,7836.0,7836.0,7825.5,7827.0,304
2026-10-05 07:50:00+00:00,7828.0,7839.5,7824.0,7825.0,422
2026-10-05 07:55:00+00:00,7824.5,7826.0,7820.5,7822.5,296
2026-10-05 08:00:00+00:00,7822.5,7834.5,7819.0,7834.5,617
2026-10-05 08:05:00+00:00,7834.5,7851.5,7834.0,7847.5,395
2026-10-05 08:10:00+00:00,7848.5,7856.0,7845.5,7853.0,481
2026-10-05 08:15:00+00:00,7853.5,7864.5,7851.5,7860.0,392
2026-10-05 08:20:00+00:00,7860.5,7867.5,7858.5,7859.5,536
2026-10-05 08:25:00+00:00,7859.0,7865.0,7852.0,7855.5,440
2026-10-05 08:30:00+00:00,7856.0,7857.5,7836.5,7838.5,696
2026-10-05 08:35:00+00:00,7839.0,7841.0,7823.5,7836.5,622
2026-10-05 08:40:00+00:00,7836.5,7837.5,7824.0,7824.5,605
2026-10-05 08:45:00+00:00,7824.0,7830.5,7810.5,7829.5,753
2026-10-05 08:50:00+00:00,7829.0,7836.5,7821.5,7822.0,338
2026-10-05 08:55:00+00:00,7822.0,7832.5,7820.5,7832.0,399
2026-10-05 09:00:00+00:00,7832.5,7833.5,7820.0,7824.5,258
2026-10-05 09:05:00+00:00,7825.0,7830.5,7824.0,7827.0,364
2026-10-05 09:10:00+00:00,7828.0,7832.0,7825.5,7825.5,337
2026-10-05 09:15:00+00:00,7827.0,7827.0,7820.0,7823.0,175
2026-10-05 09:20:00+00:00,7824.5,7827.5,7822.0,7826.5,152
2026-10-05 09:25:00+00:00,7827.0,7827.0,7817.5,7818.5,180
2026-10-05 09:30:00+00:00,7818.5,7824.5,7818.0,7820.0,228
2026-10-05 09:35:00+00:00,7819.5,7822.0,7814.0,7814.5,214
2026-10-05 09:40:00+00:00,7815.5,7818.5,7810.5,7818.0,254
2026-10-05 09:45:00+00:00,7817.5,7817.5,7812.0,7812.0,172
2026-10-05 09:50:00+00:00,7812.5,7820.5,7812.5,7817.5,133
2026-10-05 09:55:00+00:00,7818.0,7825.0,7816.0,7817.5,147
2026-10-05 10:00:00+00:00,7816.5,7820.0,7812.5,7820.0,179
2026-10-05 10:05:00+00:00,7819.0,7822.5,7815.0,7816.0,219
2026-10-05 10:10:00+00:00,7816.0,7827.0,7815.5,7827.0,691
2026-10-05 10:15:00+00:00,7827.0,7827.5,7819.5,7823.5,348
2026-10-05 10:20:00+00:00,7824.0,7830.0,7823.5,7830.0,261
2026-10-05 10:25:00+00:00,7829.0,7830.0,7818.0,7822.0,263
2026-10-05 10:30:00+00:00,7822.5,7824.5,7817.5,7817.5,119
2026-10-05 10:35:00+00:00,7818.0,7821.5,7818.0,7820.0,86
2026-10-05 10:40:00+00:00,7820.5,7826.0,7820.5,7824.5,112
2026-10-05 10:45:00+00:00,7828.5,7829.5,7826.0,7826.5,26
2026-10-05 10:50:00+00:00,7827.0,7837.5,7825.0,7834.0,249
2026-10-05 10:55:00+00:00,7834.5,7847.0,7834.5,7843.5,326
2026-10-05 11:00:00+00:00,7844.0,7845.0,7827.0,7829.0,204
2026-10-05 11:05:00+00:00,7828.5,7832.0,7826.5,7827.5,79
2026-10-05 11:10:00+00:00,7827.0,7832.0,7823.5,7830.0,109
2026-10-05 11:15:00+00:00,7829.5,7841.5,7828.5,7841.5,100
2026-10-05 11:20:00+00:00,7841.5,7846.0,7840.5,7843.5,161
2026-10-05 11:25:00+00:00,7844.5,7863.0,7844.5,7856.0,523
2026-10-05 11:30:00+00:00,7859.0,7862.0,7848.0,7848.5,216
2026-10-05 11:35:00+00:00,7848.0,7857.0,7847.0,7854.5,273
2026-10-05 11:40:00+00:00,7856.0,7860.0,7852.0,7852.0,205
2026-10-05 11:45:00+00:00,7851.5,7859.0,7850.5,7857.5,124
2026-10-05 11:50:00+00:00,7857.0,7860.0,7852.5,7856.5,204
2026-10-05 11:55:00+00:00,7857.5,7866.0,7857.5,7864.5,229
2026-10-05 12:00:00+00:00,7864.0,7866.0,7858.5,7863.0,412
2026-10-05 12:05:00+00:00,7865.0,7866.5,7853.5,7854.5,252
2026-10-05 12:10:00+00:00,7854.5,7859.0,7849.5,7849.5,193
2026-10-05 12:15:00+00:00,7850.0,7858.0,7849.0,7850.0,164
2026-10-05 12:20:00+00:00,7849.5,7852.0,7843.5,7845.0,170
2026-10-05 12:25:00+00:00,7844.0,7850.0,7842.5,7850.0,166
2026-10-05 12:30:00+00:00,7849.5,7850.0,7841.5,7841.5,226
2026-10-05 12:35:00+00:00,7841.5,7851.5,7841.5,7851.0,113
2026-10-05 12:40:00+00:00,7852.0,7852.5,7844.0,7846.0,117
2026-10-05 12:45:00+00:00,7846.5,7851.0,7840.5,7843.5,205
2026-10-05 12:50:00+00:00,7843.0,7848.5,7839.0,7844.5,176
2026-10-05 12:55:00+00:00,7843.5,7845.5,7840.5,7841.0,102
2026-10-05 13:00:00+00:00,7842.5,7846.0,7842.0,7842.0,201
2026-10-05 13:05:00+00:00,7842.5,7848.5,7842.0,7846.0,334
2026-10-05 13:10:00+00:00,7846.0,7852.0,7844.0,7848.5,171
2026-10-05 13:15:00+00:00,7848.5,7850.0,7843.5,7844.0,147
2026-10-05 13:20:00+00:00,7843.5,7849.0,7837.5,7837.5,136
2026-10-05 13:25:00+00:00,7836.5,7839.0,7828.5,7829.5,243
2026-10-05 13:30:00+00:00,7830.0,7831.5,7820.0,7820.5,381
2026-10-05 13:35:00+00:00,7820.0,7821.0,7812.5,7815.0,272
2026-10-05 13:40:00+00:00,7815.0,7818.0,7804.0,7807.5,288
2026-10-05 13:45:00+00:00,7808.5,7817.0,7800.5,7817.0,330
2026-10-05 13:50:00+00:00,7816.0,7819.0,7803.5,7803.5,346
2026-10-05 13:55:00+00:00,7803.5,7820.0,7803.0,7819.0,311
2026-10-05 14:00:00+00:00,7817.5,7819.5,7806.0,7811.0,355
2026-10-05 14:05:00+00:00,7812.0,7836.0,7810.5,7836.0,407
2026-10-05 14:10:00+00:00,7836.0,7839.5,7834.0,7836.0,306
2026-10-05 14:15:00+00:00,7834.0,7847.0,7833.0,7839.0,257
2026-10-05 14:20:00+00:00,7839.5,7844.5,7836.0,7836.0,439
2026-10-05 14:25:00+00:00,7835.5,7839.0,7830.0,7831.5,337
2026-10-05 14:30:00+00:00,7832.5,7836.0,7828.5,7831.5,468
2026-10-05 14:35:00+00:00,7830.5,7840.0,7830.5,7840.0,354
2026-10-05 14:40:00+00:00,7839.5,7844.5,7837.0,7844.5,281
2026-10-05 14:45:00+00:00,7844.0,7846.5,7840.5,7846.0,268
2026-10-05 14:50:00+00:00,7845.5,7848.5,7843.0,7845.5,475
2026-10-05 14:55:00+00:00,7845.5,7846.0,7840.5,7845.0,333
2026-10-05 15:00:00+00:00,7845.0,7845.5,7835.0,7838.5,461
2026-10-05 15:05:00+00:00,7837.5,7838.5,7830.0,7832.0,334
2026-10-05 15:10:00+00:00,7831.5,7832.0,7826.5,7827.5,455
2026-10-05 15:15:00+00:00,7826.5,7831.5,7823.5,7829.5,526
2026-10-05 15:20:00+00:00,7829.5,7829.5,7820.0,7827.0,711
2026-10-05 15:25:00+00:00,7828.0,7831.0,7824.5,7829.0,1116
2026-10-05 15:30:00+00:00,7829.5,7841.0,7828.5,7840.0,1900
2026-10-05 15:35:00+00:00,7840.5,7842.5,7836.5,7841.0,1183
2026-10-05 15:40:00+00:00,7841.5,7845.0,7838.0,7838.0,237
2026-10-05 15:45:00+00:00,7837.5,7840.5,7835.5,7840.0,131
2026-10-05 15:50:00+00:00,7840.0,7844.0,7837.5,7842.5,107
2026-10-05 15:55:00+00:00,7843.0,7843.5,7839.0,7842.5,92
2026-10-05 16:00:00+00:00,7842.5,7843.0,7840.0,7842.5,71
2026-10-05 16:05:00+00:00,7841.5,7844.5,7841.0,7844.5,73
2026-10-05 16:10:00+00:00,7846.5,7849.0,7845.0,7847.0,26
2026-10-05 16:15:00+00:00,7846.5,7851.0,7844.5,7847.0,199
2026-10-05 16:20:00+00:00,7845.5,7848.5,7845.5,7848.0,44
2026-10-05 16:25:00+00:00,7847.0,7851.0,7845.0,7851.0,50
2026-10-05 16:30:00+00:00,7850.5,7851.0,7847.0,7848.0,76
2026-10-05 16:35:00+00:00,7849.5,7852.0,7849.5,7849.5,22
2026-10-05 16:40:00+00:00,7849.5,7851.0,7849.0,7850.5,29
2026-10-05 16:45:00+00:00,7849.5,7850.0,7848.0,7849.5,24
2026-10-05 16:50:00+00:00,7849.5,7850.5,7847.0,7847.5,28
2026-10-05 16:55:00+00:00,7848.5,7850.0,7842.5,7842.5,51
2026-10-05 17:00:00+00:00,7843.5,7844.0,7840.0,7840.0,43
2026-10-05 17:05:00+00:00,7840.0,7843.0,7840.0,7843.0,24
2026-10-05 17:10:00+00:00,7843.0,7843.5,7843.0,7843.5,9
2026-10-05 17:15:00+00:00,7844.0,7845.5,7842.5,7842.5,23
2026-10-05 17:20:00+00:00,7844.5,7846.0,7844.0,7845.5,7
2026-10-05 17:25:00+00:00,7844.5,7845.0,7843.5,7845.0,16
2026-10-05 17:30:00+00:00,7845.0,7845.5,7842.0,7845.0,30
2026-10-05 17:35:00+00:00,7845.0,7847.5,7845.0,7847.5,17
2026-10-05 17:40:00+00:00,7847.5,7850.5,7847.0,7850.5,21
2026-10-05 17:45:00+00:00,7850.0,7851.0,7849.0,7851.0,16
2026-10-05 17:50:00+00:00,7852.0,7852.5,7851.0,7851.0,36
2026-10-05 17:55:00+00:00,7851.0,7853.0,7850.5,7853.0,19
2026-10-05 18:00:00+00:00,7853.0,7854.5,7853.0,7853.5,36
2026-10-05 18:05:00+00:00,7853.0,7854.0,7851.0,7852.5,47
2026-10-05 18:10:00+00:00,7853.0,7853.0,7852.0,7852.0,12
2026-10-05 18:15:00+00:00,7852.0,7855.5,7852.0,7854.5,34
2026-10-05 18:20:00+00:00,7855.0,7855.5,7854.0,7854.5,36
2026-10-05 18:25:00+00:00,7855.0,7859.5,7854.5,7858.0,41
2026-10-05 18:30:00+00:00,7859.0,7859.0,7855.0,7855.5,36
2026-10-05 18:35:00+00:00,7856.0,7856.5,7853.0,7854.0,26
2026-10-05 18:40:00+00:00,7854.0,7856.5,7854.0,7854.5,13
2026-10-05 18:45:00+00:00,7855.0,7856.5,7854.5,7856.5,15
2026-10-05 18:50:00+00:00,7856.0,7857.5,7856.0,7856.0,35
2026-10-05 18:55:00+00:00,7857.0,7860.0,7856.5,7860.0,72
2026-10-05 19:00:00+00:00,7860.0,7862.0,7859.0,7862.0,121
2026-10-05 19:05:00+00:00,7862.5,7863.0,7861.5,7862.5,20
2026-10-05 19:10:00+00:00,7862.5,7866.0,7862.5,7865.5,26
2026-10-05 19:15:00+00:00,7864.5,7867.0,7863.5,7866.5,35
2026-10-05 19:20:00+00:00,7866.0,7868.5,7865.5,7866.5,75
2026-10-05 19:25:00+00:00,7867.0,7867.5,7866.5,7867.0,20
2026-10-05 19:30:00+00:00,7867.0,7867.5,7865.5,7866.0,28
2026-10-05 19:35:00+00:00,7865.0,7866.5,7863.0,7865.5,77
2026-10-05 19:40:00+00:00,7866.5,7867.0,7865.0,7865.0,23
2026-10-05 19:45:00+00:00,7865.5,7866.5,7860.0,7861.5,90
2026-10-05 19:50:00+00:00,7861.5,7861.5,7855.0,7855.5,172
2026-10-05 19:55:00+00:00,7855.0,7858.0,7846.0,7853.5,322
2026-10-06 06:00:00+00:00,7856.0,7863.5,7853.0,7860.5,161
2026-10-06 06:05:00+00:00,7860.0,7860.0,7853.5,7855.5,109
2026-10-06 06:10:00+00:00,7856.0,7868.5,7854.0,7868.5,70
2026-10-06 06:15:00+00:00,7869.0,7876.5,7869.0,7871.0,111
2026-10-06 06:20:00+00:00,7872.0,7876.5,7872.0,7875.0,103
2026-10-06 06:25:00+00:00,7874.0,7876.5,7871.0,7871.0,67
2026-10-06 06:30:00+00:00,7871.5,7877.5,7868.5,7871.5,115
2026-10-06 06:35:00+00:00,7870.5,7881.0,7870.5,7880.0,77
2026-10-06 06:40:00+00:00,7879.5,7880.0,7872.0,7878.5,94
2026-10-06 06:45:00+00:00,7879.0,7882.0,7875.0,7876.0,64
2026-10-06 06:50:00+00:00,7877.0,7883.0,7876.0,7877.0,115
2026-10-06 06:55:00+00:00,7878.5,7879.5,7864.0,7866.5,428
2026-10-06 07:00:00+00:00,7867.5,7871.5,7854.5,7865.5,2053
2026-10-06 07:05:00+00:00,7865.5,7866.5,7853.0,7856.5,938
2026-10-06 07:10:00+00:00,7857.0,7879.0,7854.5,7879.0,970
2026-10-06 07:15:00+00:00,7880.0,7885.0,7872.5,7876.5,704
2026-10-06 07:20:00+00:00,7877.0,7879.5,7872.0,7874.0,685
2026-10-06 07:25:00+00:00,7873.0,7877.5,7868.5,7868.5,657
2026-10-06 07:30:00+00:00,7868.0,7880.0,7862.5,7879.0,641
2026-10-06 07:35:00+00:00,7879.5,7881.5,7876.0,7878.0,459
2026-10-06 07:40:00+00:00,7877.5,7879.5,7874.0,7877.0,445
2026-10-06 07:45:00+00:00,7877.0,7877.5,7869.5,7869.5,461
2026-10-06 07:50:00+00:00,7869.5,7875.0,7865.5,7875.0,378
2026-10-06 07:55:00+00:00,7874.0,7882.0,7874.0,7879.0,492
2026-10-06 08:00:00+00:00,7878.5,7887.5,7876.0,7877.0,502
2026-10-06 08:05:00+00:00,7877.5,7883.0,7877.5,7882.0,410
2026-10-06 08:10:00+00:00,7881.5,7883.0,7874.5,7878.0,598
2026-10-06 08:15:00+00:00,7876.5,7890.0,7874.0,7886.5,560
2026-10-06 08:20:00+00:00,7887.0,7892.5,7880.5,7881.0,475
2026-10-06 08:25:00+00:00,7881.5,7884.0,7879.0,7881.0,335
2026-10-06 08:30:00+00:00,7880.5,7886.5,7878.5,7883.0,326
2026-10-06 08:35:00+00:00,7883.0,7901.5,7879.0,7900.5,520
2026-10-06 08:40:00+00:00,7900.5,7922.0,7900.5,7916.5,546
2026-10-06 08:45:00+00:00,7916.0,7917.5,7904.0,7904.0,440
2026-10-06 08:50:00+00:00,7904.5,7906.5,7896.5,7896.5,242
2026-10-06 08:55:00+00:00,7895.5,7900.5,7892.0,7898.0,316
2026-10-06 09:00:00+00:00,7898.0,7899.0,7893.0,7893.0,296
2026-10-06 09:05:00+00:00,7892.5,7892.5,7886.5,7887.0,231
2026-10-06 09:10:00+00:00,7886.0,7898.5,7882.5,7888.5,481
2026-10-06 09:15:00+00:00,7888.0,7890.5,7883.5,7885.5,192
2026-10-06 09:20:00+00:00,7886.0,7889.5,7884.5,7886.0,215
2026-10-06 09:25:00+00:00,7885.5,7896.5,7885.5,7895.5,182
2026-10-06 09:30:00+00:00,7896.0,7903.0,7891.5,7901.5,221
2026-10-06 09:35:00+00:00,7901.0,7903.5,7898.0,7901.5,201
2026-10-06 09:40:00+00:00,7901.5,7901.5,7896.5,7897.0,198
2026-10-06 09:45:00+00:00,7896.5,7897.5,7894.5,7895.5,121
2026-10-06 09:50:00+00:00,7896.0,7899.0,7891.0,7891.0,230
2026-10-06 09:55:00+00:00,7891.0,7894.0,7887.0,7887.5,221
2026-10-06 10:00:00+00:00,7887.0,7888.0,7878.5,7881.0,222
2026-10-06 10:05:00+00:00,7880.0,7888.0,7879.0,7888.0,245
2026-10-06 10:10:00+00:00,7887.5,7896.0,7887.5,7888.5,220
2026-10-06 10:15:00+00:00,7888.5,7889.5,7884.5,7885.0,147
2026-10-06 10:20:00+00:00,7885.5,7888.5,7882.0,7887.5,119
2026-10-06 10:25:00+00:00,7887.5,7888.0,7882.5,7883.0,104
2026-10-06 10:30:00+00:00,7883.5,7885.0,7880.0,7880.0,225
2026-10-06 10:35:00+00:00,7879.5,7883.0,7878.5,7882.0,225
2026-10-06 10:40:00+00:00,7882.0,7889.0,7881.5,7889.0,409
2026-10-06 10:45:00+00:00,7889.5,7894.0,7887.0,7890.0,302
2026-10-06 10:50:00+00:00,7890.0,7891.5,7887.0,7888.5,205
2026-10-06 10:55:00+00:00,7889.0,7891.0,7884.5,7887.0,276
2026-10-06 11:00:00+00:00,7887.5,7890.5,7883.5,7886.0,398
2026-10-06 11:05:00+00:00,7886.0,7886.5,7880.5,7881.0,220
2026-10-06 11:10:00+00:00,7880.5,7882.0,7875.0,7882.0,241
2026-10-06 11:15:00+00:00,7881.5,7887.0,7881.0,7886.5,260
2026-10-06 11:20:00+00:00,7886.5,7892.0,7885.0,7885.0,369
2026-10-06 11:25:00+00:00,7884.5,7884.5,7877.0,7877.0,250
2026-10-06 11:30:00+00:00,7877.0,7879.0,7872.5,7878.0,288
2026-10-06 11:35:00+00:00,7878.5,7884.5,7876.5,7882.0,237
2026-10-06 11:40:00+00:00,7881.5,7885.5,7880.0,7885.0,176
2026-10-06 11:45:00+00:00,7885.0,7888.5,7884.0,7886.0,189
2026-10-06 11:50:00+00:00,7886.5,7886.5,7879.5,7879.5,184
2026-10-06 11:55:00+00:00,7880.5,7886.0,7880.5,7884.0,143
2026-10-06 12:00:00+00:00,7884.5,7884.5,7877.0,7880.5,323
2026-10-06 12:05:00+00:00,7880.5,7880.5,7872.0,7875.5,201
2026-10-06 12:10:00+00:00,7875.0,7877.5,7871.0,7872.0,196
2026-10-06 12:15:00+00:00,7872.0,7875.0,7868.5,7874.5,199
2026-10-06 12:20:00+00:00,7874.0,7875.0,7869.0,7874.5,284
2026-10-06 12:25:00+00:00,7874.5,7875.5,7869.5,7870.5,347
2026-10-06 12:30:00+00:00,7871.0,7872.0,7865.5,7867.5,299
2026-10-06 12:35:00+00:00,7867.0,7869.5,7865.5,7868.0,373
2026-10-06 12:40:00+00:00,7868.0,7869.0,7858.5,7858.5,454
2026-10-06 12:45:00+00:00,7858.0,7858.0,7853.0,7856.5,295
2026-10-06 12:50:00+00:00,7855.5,7865.5,7855.0,7861.0,554
2026-10-06 12:55:00+00:00,7860.5,7864.0,7859.0,7859.0,133
2026-10-06 13:00:00+00:00,7858.5,7859.0,7854.5,7858.0,226
2026-10-06 13:05:00+00:00,7858.0,7860.0,7854.5,7859.5,242
2026-10-06 13:10:00+00:00,7859.5,7859.5,7852.0,7853.0,189
2026-10-06 13:15:00+00:00,7852.5,7853.5,7848.5,7852.0,194
2026-10-06 13:20:00+00:00,7852.5,7858.5,7852.0,7858.5,248
2026-10-06 13:25:00+00:00,7858.5,7859.5,7854.0,7854.5,297
2026-10-06 13:30:00+00:00,7855.0,7868.5,7854.5,7867.0,426
2026-10-06 13:35:00+00:00,7866.0,7873.0,7862.0,7865.0,256
2026-10-06 13:40:00+00:00,7864.5,7869.5,7857.5,7859.0,240
2026-10-06 13:45:00+00:00,7858.5,7862.5,7858.5,7862.5,209
2026-10-06 13:50:00+00:00,7862.5,7869.0,7862.5,7869.0,202
2026-10-06 13:55:00+00:00,7869.0,7872.0,7863.5,7863.5,240
2026-10-06 14:00:00+00:00,7863.5,7868.5,7859.0,7864.0,422
2026-10-06 14:05:00+00:00,7863.5,7870.5,7860.0,7870.0,246
2026-10-06 14:10:00+00:00,7869.5,7869.5,7861.0,7861.5,253
2026-10-06 14:15:00+00:00,7860.5,7863.0,7848.0,7849.0,311
2026-10-06 14:20:00+00:00,7848.5,7851.0,7847.0,7847.0,239
2026-10-06 14:25:00+00:00,7846.5,7846.5,7840.0,7844.0,371
2026-10-06 14:30:00+00:00,7844.0,7852.5,7843.0,7852.5,300
2026-10-06 14:35:00+00:00,7852.0,7857.0,7850.0,7851.0,287
2026-10-06 14:40:00+00:00,7851.0,7857.5,7850.5,7852.0,281
2026-10-06 14:45:00+00:00,7852.5,7855.5,7850.0,7854.0,275
2026-10-06 14:50:00+00:00,7853.5,7858.0,7853.0,7856.5,270
2026-10-06 14:55:00+00:00,7856.5,7863.0,7854.0,7862.5,297
2026-10-06 15:00:00+00:00,7862.5,7866.0,7860.5,7863.5,341
2026-10-06 15:05:00+00:00,7864.0,7869.0,7862.0,7867.5,250
2026-10-06 15:10:00+00:00,7867.0,7872.5,7865.0,7871.0,303
2026-10-06 15:15:00+00:00,7870.5,7874.0,7870.0,7873.5,314
2026-10-06 15:20:00+00:00,7873.5,7876.5,7870.5,7871.5,312
2026-10-06 15:25:00+00:00,7872.0,7875.5,7870.0,7871.5,478
2026-10-06 15:30:00+00:00,7871.5,7873.5,7860.5,7867.5,1814
2026-10-06 15:35:00+00:00,7867.5,7870.0,7864.0,7869.5,488
2026-10-06 15:40:00+00:00,7870.0,7871.5,7865.0,7868.0,226
2026-10-06 15:45:00+00:00,7867.5,7869.5,7866.0,7869.0,88
2026-10-06 15:50:00+00:00,7869.0,7869.5,7866.0,7868.5,83
2026-10-06 15:55:00+00:00,7868.5,7870.5,7866.5,7867.0,62
2026-10-06 16:00:00+00:00,7867.5,7867.5,7863.0,7863.0,88
2026-10-06 16:05:00+00:00,7863.5,7866.0,7858.0,7858.5,129
2026-10-06 16:10:00+00:00,7859.0,7862.5,7858.5,7860.5,75
2026-10-06 16:15:00+00:00,7860.5,7862.5,7858.5,7859.0,46
2026-10-06 16:20:00+00:00,7859.5,7861.0,7858.0,7859.5,47
2026-10-06 16:25:00+00:00,7858.0,7859.0,7853.5,7855.0,148
2026-10-06 16:30:00+00:00,7855.0,7856.0,7852.5,7855.0,54
2026-10-06 16:35:00+00:00,7854.5,7854.5,7851.0,7851.0,21
2026-10-06 16:40:00+00:00,7851.0,7851.0,7848.5,7850.5,42
2026-10-06 16:45:00+00:00,7850.5,7850.5,7845.5,7846.0,29
2026-10-06 16:50:00+00:00,7846.5,7846.5,7843.5,7844.0,60
2026-10-06 16:55:00+00:00,7844.5,7846.5,7843.0,7846.0,64
2026-10-06 17:00:00+00:00,7845.5,7846.5,7844.5,7846.0,33
2026-10-06 17:05:00+00:00,7846.0,7847.5,7845.5,7847.5,44
2026-10-06 17:10:00+00:00,7847.5,7848.0,7843.0,7844.0,63
2026-10-06 17:15:00+00:00,7843.5,7846.0,7843.0,7843.0,37
2026-10-06 17:20:00+00:00,7842.0,7843.0,7838.5,7841.5,147
2026-10-06 17:25:00+00:00,7842.0,7847.0,7842.0,7846.0,65
2026-10-06 17:30:00+00:00,7845.5,7845.5,7842.0,7844.0,47
2026-10-06 17:35:00+00:00,7844.5,7845.0,7843.0,7843.0,26
2026-10-06 17:40:00+00:00,7843.0,7846.5,7843.0,7844.0,21
2026-10-06 17:45:00+00:00,7844.0,7844.5,7842.5,7844.5,18
2026-10-06 17:50:00+00:00,7845.0,7847.5,7845.0,7845.5,39
2026-10-06 17:55:00+00:00,7845.5,7846.0,7843.0,7845.5,86
2026-10-06 18:00:00+00:00,7845.0,7847.0,7844.0,7844.0,22
2026-10-06 18:05:00+00:00,7844.0,7844.0,7842.5,7844.0,27
2026-10-06 18:10:00+00:00,7843.5,7845.0,7842.0,7843.0,39
2026-10-06 18:15:00+00:00,7843.0,7844.0,7841.0,7841.0,37
2026-10-06 18:20:00+00:00,7841.5,7841.5,7835.0,7838.0,122
2026-10-06 18:25:00+00:00,7837.0,7838.5,7835.0,7835.5,95
2026-10-06 18:30:00+00:00,7835.5,7836.5,7833.5,7836.0,104
2026-10-06 18:35:00+00:00,7836.0,7838.0,7834.5,7835.0,40
2026-10-06 18:40:00+00:00,7834.5,7837.5,7834.5,7836.0,58
2026-10-06 18:45:00+00:00,7835.5,7838.0,7834.5,7837.0,54
2026-10-06 18:50:00+00:00,7836.5,7837.5,7835.5,7835.5,28
2026-10-06 18:55:00+00:00,7835.5,7837.5,7835.5,7835.5,63
2026-10-06 19:00:00+00:00,7835.5,7837.5,7835.0,7835.0,41
2026-10-06 19:05:00+00:00,7836.0,7836.0,7832.0,7832.5,53
2026-10-06 19:10:00+00:00,7833.0,7837.5,7832.5,7837.0,120
2026-10-06 19:15:00+00:00,7836.5,7838.0,7834.0,7834.0,63
2026-10-06 19:20:00+00:00,7834.5,7835.0,7832.0,7832.5,59
2026-10-06 19:25:00+00:00,7832.5,7832.5,7828.0,7828.0,63
2026-10-06 19:30:00+00:00,7828.5,7829.5,7826.0,7827.0,78
2026-10-06 19:35:00+00:00,7826.5,7827.0,7823.5,7827.0,89
2026-10-06 19:40:00+00:00,7827.0,7828.0,7825.0,7826.5,78
2026-10-06 19:45:00+00:00,7826.0,7829.0,7824.5,7828.0,141
2026-10-06 19:50:00+00:00,7827.0,7831.0,7827.0,7830.0,110
2026-10-06 19:55:00+00:00,7830.5,7834.0,7826.5,7826.5,228
2026-10-07 06:00:00+00:00,7813.0,7814.0,7797.0,7802.5,359
2026-10-07 06:05:00+00:00,7801.5,7811.5,7799.0,7810.5,179
2026-10-07 06:10:00+00:00,7808.5,7812.0,7804.0,7804.0,81
2026-10-07 06:15:00+00:00,7803.5,7805.5,7800.5,7803.5,71
2026-10-07 06:20:00+00:00,7803.0,7803.5,7796.5,7798.5,68
2026-10-07 06:25:00+00:00,7798.0,7807.5,7792.0,7806.0,152
2026-10-07 06:30:00+00:00,7805.0,7808.0,7799.5,7807.0,36
2026-10-07 06:35:00+00:00,7807.0,7810.0,7802.5,7803.0,24
2026-10-07 06:40:00+00:00,7804.0,7807.0,7802.0,7806.5,63
2026-10-07 06:45:00+00:00,7807.0,7810.0,7806.0,7808.5,100
2026-10-07 06:50:00+00:00,7809.0,7810.5,7805.5,7808.0,106
2026-10-07 06:55:00+00:00,7807.5,7815.5,7802.0,7815.5,274
2026-10-07 07:00:00+00:00,7814.0,7823.5,7809.5,7820.0,1872
2026-10-07 07:05:00+00:00,7819.5,7823.0,7816.0,7822.5,825
2026-10-07 07:10:00+00:00,7822.0,7825.0,7814.5,7818.0,611
2026-10-07 07:15:00+00:00,7818.5,7821.0,7809.0,7821.0,597
2026-10-07 07:20:00+00:00,7820.5,7823.0,7813.0,7814.0,622
2026-10-07 07:25:00+00:00,7812.5,7818.0,7808.5,7808.5,529
2026-10-07 07:30:00+00:00,7809.0,7810.5,7801.0,7806.5,521
2026-10-07 07:35:00+00:00,7805.5,7816.5,7804.0,7813.0,386
2026-10-07 07:40:00+00:00,7813.0,7818.5,7811.5,7816.0,417
2026-10-07 07:45:00+00:00,7815.5,7821.0,7809.0,7810.0,384
2026-10-07 07:50:00+00:00,7809.5,7811.0,7805.5,7811.0,444
2026-10-07 07:55:00+00:00,7810.0,7818.0,7807.5,7814.5,337
2026-10-07 08:00:00+00:00,7814.5,7821.0,7809.5,7821.0,385
2026-10-07 08:05:00+00:00,7821.0,7822.0,7816.5,7820.5,276
2026-10-07 08:10:00+00:00,7821.5,7827.5,7818.5,7824.5,360
2026-10-07 08:15:00+00:00,7825.0,7835.0,7821.5,7834.0,405
2026-10-07 08:20:00+00:00,7834.0,7842.5,7833.0,7839.5,353
2026-10-07 08:25:00+00:00,7839.5,7840.5,7833.5,7837.0,303
2026-10-07 08:30:00+00:00,7837.0,7841.0,7831.5,7840.5,273
2026-10-07 08:35:00+00:00,7840.0,7840.0,7836.0,7837.0,280
2026-10-07 08:40:00+00:00,7837.0,7842.0,7835.0,7838.5,271
2026-10-07 08:45:00+00:00,7838.0,7838.5,7833.5,7834.5,232
2026-10-07 08:50:00+00:00,7834.5,7837.5,7830.5,7833.0,254
2026-10-07 08:55:00+00:00,7832.0,7836.0,7829.0,7831.5,197
2026-10-07 09:00:00+00:00,7831.5,7835.5,7824.5,7825.5,215
2026-10-07 09:05:00+00:00,7826.0,7826.0,7817.5,7823.0,190
2026-10-07 09:10:00+00:00,7821.5,7823.0,7815.5,7816.5,137
2026-10-07 09:15:00+00:00,7816.0,7817.0,7813.5,7815.5,155
