,Open,High,Low,Close,Volume
2021-11-01 19:00:00+00:00,6886.0,6904.5,6885.0,6896.5,1060
2021-11-02 07:00:00+00:00,6885.0,6922.5,6875.0,6922.5,16852
2021-11-02 11:00:00+00:00,6922.0,6922.5,6900.0,6918.5,10221
2021-11-02 15:00:00+00:00,6919.0,6929.5,6917.5,6924.0,12308
2021-11-02 19:00:00+00:00,6924.0,6927.0,6921.0,6926.0,683
2021-11-03 07:00:00+00:00,6920.0,6932.5,6911.0,6925.5,13811
2021-11-03 11:00:00+00:00,6925.0,6952.5,6922.0,6945.5,14087
2021-11-03 15:00:00+00:00,6945.5,6976.5,6935.5,6974.0,13593
2021-11-03 19:00:00+00:00,6974.0,6983.0,6974.0,6982.5,1466
2021-11-04 07:00:00+00:00,6986.0,6994.0,6966.5,6977.5,15007
2021-11-04 11:00:00+00:00,6977.5,6985.0,6958.5,6976.5,11656
2021-11-04 15:00:00+00:00,6976.0,6993.5,6966.0,6989.5,14924
2021-11-04 19:00:00+00:00,6990.0,6997.0,6988.0,6991.0,1480
2021-11-05 07:00:00+00:00,6985.5,7029.5,6974.0,7029.5,17088
2021-11-05 11:00:00+00:00,7029.5,7061.0,7023.5,7044.0,16476
2021-11-05 15:00:00+00:00,7044.5,7044.5,7014.0,7035.5,12651
2021-11-05 19:00:00+00:00,7035.5,7046.5,7029.5,7042.5,1441
2021-11-08 07:00:00+00:00,7032.0,7056.0,7029.5,7052.0,15435
2021-11-08 11:00:00+00:00,7052.5,7065.0,7048.0,7058.5,6548
2021-11-08 15:00:00+00:00,7058.5,7060.5,7035.5,7042.0,10308
2021-11-08 19:00:00+00:00,7042.0,7045.5,7037.0,7041.5,638
2021-11-09 07:00:00+00:00,7031.5,7066.0,7012.0,7064.0,15635
2021-11-09 11:00:00+00:00,7064.0,7077.5,7046.5,7048.5,12409
2021-11-09 15:00:00+00:00,7048.0,7057.5,7028.0,7032.0,15600
2021-11-09 19:00:00+00:00,7032.0,7043.5,7030.5,7043.5,1130
2021-11-10 07:00:00+00:00,7040.0,7059.0,7012.0,7022.5,16166
2021-11-10 11:00:00+00:00,7022.0,7037.5,7012.5,7036.0,12833
2021-11-10 15:00:00+00:00,7038.0,7050.5,7017.0,7021.0,15157
2021-11-10 19:00:00+00:00,7021.0,7021.5,6999.0,7010.0,3071
2021-11-11 07:00:00+00:00,7026.0,7071.5,7017.5,7058.0,14855
2021-11-11 11:00:00+00:00,7058.0,7062.5,7033.5,7047.0,7769
2021-11-11 15:00:00+00:00,7047.5,7061.5,7042.5,7057.5,8839
2021-11-11 19:00:00+00:00,7057.5,7062.0,7052.0,7052.0,927
2021-11-12 07:00:00+00:00,7064.5,7096.0,7050.5,7082.0,14056
2021-11-12 11:00:00+00:00,7081.5,7089.0,7072.5,7083.5,7092
2021-11-12 15:00:00+00:00,7084.0,7096.0,7077.0,7085.5,10986
2021-11-12 19:00:00+00:00,7085.5,7090.0,7081.5,7087.0,1089
2021-11-15 07:00:00+00:00,7086.0,7116.5,7083.5,7111.0,13106
2021-11-15 11:00:00+00:00,7111.0,7135.0,7105.5,7119.0,10759
2021-11-15 15:00:00+00:00,7118.5,7129.5,7109.5,7118.5,12944
2021-11-15 19:00:00+00:00,7118.0,7124.0,7114.5,7123.0,846
2021-11-16 07:00:00+00:00,7129.5,7158.0,7120.0,7150.5,13945
2021-11-16 11:00:00+00:00,7150.5,7165.0,7150.0,7153.0,9820
2021-11-16 15:00:00+00:00,7153.0,7166.0,7144.5,7165.0,10506
2021-11-16 19:00:00+00:00,7164.5,7167.0,7150.0,7152.0,1103
2021-11-17 07:00:00+00:00,7149.0,7163.5,7137.5,7160.5,9787
2021-11-17 11:00:00+00:00,7160.0,7164.5,7149.0,7154.0,6415
2021-11-17 15:00:00+00:00,7153.5,7168.5,7151.5,7163.5,10112
2021-11-17 19:00:00+00:00,7163.0,7163.5,7155.5,7160.0,725
2021-11-18 07:00:00+00:00,7161.5,7181.5,7153.5,7163.5,8028
2021-11-18 11:00:00+00:00,7163.0,7173.5,7148.0,7153.5,5831
2021-11-18 15:00:00+00:00,7153.5,7156.0,7135.5,7148.5,9167
2021-11-18 19:00:00+00:00,7148.0,7152.5,7142.0,7150.5,585
2021-11-19 07:00:00+00:00,7157.5,7175.5,7082.5,7128.5,29306
2021-11-19 11:00:00+00:00,7128.0,7135.0,7058.5,7111.0,27954
2021-11-19 15:00:00+00:00,7111.0,7112.0,7083.5,7096.5,14312
2021-11-19 19:00:00+00:00,7096.5,7099.5,7087.5,7099.5,1172
2021-11-22 07:00:00+00:00,7112.0,7134.0,7109.5,7115.5,14863
2021-11-22 11:00:00+00:00,7116.0,7122.0,7078.0,7117.5,15606
2021-11-22 15:00:00+00:00,7117.0,7132.0,7073.5,7097.0,16024
2021-11-22 19:00:00+00:00,7096.5,7120.0,7079.5,7081.5,1817
2021-11-23 07:00:00+00:00,7071.0,7085.0,6993.0,7065.0,28280
2021-11-23 11:00:00+00:00,7064.5,7104.5,7044.5,7088.5,14039
2021-11-23 15:00:00+00:00,7089.0,7093.0,7027.5,7041.5,19000
2021-11-23 19:00:00+00:00,7041.5,7071.5,7034.0,7070.5,1969
2021-11-24 07:00:00+00:00,7070.0,7081.5,6999.0,6999.0,19526
2021-11-24 11:00:00+00:00,7000.0,7033.5,6975.0,7014.0,22434
2021-11-24 15:00:00+00:00,7014.0,7046.5,7009.0,7035.0,17729
2021-11-24 19:00:00+00:00,7035.5,7052.0,7027.0,7051.5,1588
2021-11-25 07:00:00+00:00,7073.0,7083.0,7038.5,7048.0,13617
2021-11-25 11:00:00+00:00,7047.5,7059.5,7039.0,7059.5,6226
2021-11-25 15:00:00+00:00,7060.0,7073.0,7054.0,7065.0,6410
2021-11-25 19:00:00+00:00,7065.0,7069.5,7062.5,7069.5,89
2021-11-26 07:00:00+00:00,6936.0,6936.5,6695.5,6805.0,54786
2021-11-26 11:00:00+00:00,6805.5,6848.0,6781.5,6791.5,22773
2021-11-26 15:00:00+00:00,6791.0,6792.5,6698.5,6706.0,35599
2021-11-26 19:00:00+00:00,6705.0,6706.5,6650.5,6699.0,2047
2021-11-29 07:00:00+00:00,6839.5,6854.0,6751.0,6807.0,39831
2021-11-29 11:00:00+00:00,6807.0,6834.0,6785.5,6810.5,23351
2021-11-29 15:00:00+00:00,6810.0,6818.0,6751.5,6814.0,28015
2021-11-29 19:00:00+00:00,6814.0,6814.0,6785.5,6785.5,3226
2021-11-30 07:00:00+00:00,6652.0,6710.5,6640.5,6687.5,35321
2021-11-30 11:00:00+00:00,6688.0,6762.0,6665.0,6743.0,21815
2021-11-30 15:00:00+00:00,6742.5,6778.0,6684.5,6741.0,45900
2021-11-30 19:00:00+00:00,6741.0,6745.0,6713.5,6733.0,3789
2021-12-01 07:00:00+00:00,6789.5,6823.5,6745.5,6809.0,24848
2021-12-01 11:00:00+00:00,6810.5,6846.0,6789.5,6825.5,17188
2021-12-01 15:00:00+00:00,6825.0,6898.0,6777.5,6799.5,31244
2021-12-01 19:00:00+00:00,6797.0,6802.0,6720.0,6720.0,5464
2021-12-02 07:00:00+00:00,6818.5,6846.0,6781.0,6830.0,27114
2021-12-02 11:00:00+00:00,6829.5,6831.5,6757.0,6803.0,21582
2021-12-02 15:00:00+00:00,6802.0,6837.5,6772.5,6827.5,27051
2021-12-02 19:00:00+00:00,6827.0,6840.0,6805.5,6824.0,3605
2021-12-03 07:00:00+00:00,6843.5,6869.0,6772.0,6779.0,17629
2021-12-03 11:00:00+00:00,6780.0,6831.0,6764.5,6765.5,16861
2021-12-03 15:00:00+00:00,6766.0,6778.5,6723.5,6735.5,27047
2021-12-03 19:00:00+00:00,6735.0,6773.0,6721.5,6773.0,3109
2021-12-06 07:00:00+00:00,6809.0,6818.5,6771.5,6796.5,21675
2021-12-06 11:00:00+00:00,6797.0,6852.5,6795.5,6848.5,14586
2021-12-06 15:00:00+00:00,6848.0,6885.5,6844.5,6883.0,25969
2021-12-06 19:00:00+00:00,6882.5,6885.5,6864.5,6875.0,1593
2021-12-07 07:00:00+00:00,6911.0,7017.0,6911.0,7015.0,21822
2021-12-07 11:00:00+00:00,7014.5,7040.0,7011.5,7040.0,12784
2021-12-07 15:00:00+00:00,7040.0,7075.5,7036.5,7062.0,22588
2021-12-07 19:00:00+00:00,7061.5,7063.0,7039.0,7058.0,1853
2021-12-08 07:00:00+00:00,7055.0,7101.0,7025.5,7026.5,18519
2021-12-08 11:00:00+00:00,7026.0,7101.0,7022.0,7037.5,18354
2021-12-08 15:00:00+00:00,7037.0,7044.5,7007.5,7020.5,15906
2021-12-08 19:00:00+00:00,7021.0,7032.5,7016.5,7023.0,1095
2021-12-09 07:00:00+00:00,7025.0,7042.5,6992.5,7014.5,13668
2021-12-09 11:00:00+00:00,7013.5,7021.0,6979.0,6996.5,10293
2021-12-09 15:00:00+00:00,6997.0,7010.0,6988.5,7002.5,14845
2021-12-09 19:00:00+00:00,7003.0,7010.0,6984.0,6988.0,1749
2021-12-10 07:00:00+00:00,6972.0,6992.0,6956.5,6988.0,11526
2021-12-10 11:00:00+00:00,6988.0,7023.5,6985.5,6989.5,13084
2021-12-10 15:00:00+00:00,6990.0,7001.5,6972.0,6998.0,12695
2021-12-10 19:00:00+00:00,6998.0,7003.0,6989.0,7001.0,1078
2021-12-13 07:00:00+00:00,7020.5,7028.5,6984.0,7006.0,12778
2021-12-13 11:00:00+00:00,7006.5,7019.0,6960.5,6963.0,10677
2021-12-13 15:00:00+00:00,6962.5,6974.0,6925.0,6950.5,14567
2021-12-13 19:00:00+00:00,6950.0,6962.0,6929.0,6934.5,2556
2021-12-14 07:00:00+00:00,6951.0,6994.5,6935.0,6941.5,14165
2021-12-14 11:00:00+00:00,6941.0,6955.5,6903.0,6933.0,11721
2021-12-14 15:00:00+00:00,6933.0,6940.0,6879.0,6891.5,17403
2021-12-14 19:00:00+00:00,6891.0,6932.0,6890.5,6924.0,2750
2021-12-15 07:00:00+00:00,6911.0,6950.0,6888.5,6941.0,8651
2021-12-15 11:00:00+00:00,6941.5,6950.0,6906.5,6910.0,7034
2021-12-15 15:00:00+00:00,6909.5,6945.0,6903.5,6944.5,12440
2021-12-15 19:00:00+00:00,6944.0,7021.5,6929.0,7020.5,6731
2021-12-16 07:00:00+00:00,7053.0,7059.5,6988.0,7019.5,10929
2021-12-16 11:00:00+00:00,7018.5,7052.5,6995.5,6998.5,9372
2021-12-16 15:00:00+00:00,6999.5,7027.0,6977.0,6990.5,11710
2021-12-16 19:00:00+00:00,6990.5,6993.0,6956.5,6984.0,1543
2021-12-17 07:00:00+00:00,6956.0,7001.0,6922.0,6931.5,22788
2021-12-17 11:00:00+00:00,6931.5,6950.5,6884.5,6908.5,21300
2021-12-17 15:00:00+00:00,6908.0,6931.0,6871.5,6924.5,25839
2021-12-17 19:00:00+00:00,6925.0,6926.5,6881.0,6886.0,2145
2021-12-20 07:00:00+00:00,6768.5,6843.5,6720.0,6840.5,30452
2021-12-20 11:00:00+00:00,6841.0,6861.0,6827.0,6851.0,12466
2021-12-20 15:00:00+00:00,6850.0,6898.5,6835.5,6893.0,20904
2021-12-20 19:00:00+00:00,6893.0,6912.0,6885.0,6903.5,2266
2021-12-21 07:00:00+00:00,6960.0,6967.5,6876.0,6904.0,17548
2021-12-21 11:00:00+00:00,6904.5,6948.0,6900.5,6939.0,9222
2021-12-21 15:00:00+00:00,6939.5,6992.5,6931.5,6988.0,15682
2021-12-21 19:00:00+00:00,6988.5,6991.5,6969.5,6988.5,1582
2021-12-22 07:00:00+00:00,6976.0,6986.5,6951.0,6973.5,11223
2021-12-22 11:00:00+00:00,6974.0,6990.5,6953.0,6987.0,7863
2021-12-22 15:00:00+00:00,6987.0,7056.5,6984.0,7049.0,15338
2021-12-22 19:00:00+00:00,7048.0,7066.0,7044.0,7060.0,1392
2021-12-23 07:00:00+00:00,7064.5,7074.5,7038.5,7064.5,10708
2021-12-23 11:00:00+00:00,7064.5,7103.5,7057.5,7101.5,8423
2021-12-23 15:00:00+00:00,7101.5,7110.5,7084.5,7091.5,14667
2021-12-23 19:00:00+00:00,7091.5,7111.0,7090.0,7092.0,1150
2021-12-24 07:00:00+00:00,7090.0,7108.0,7075.5,7098.5,2841
2021-12-24 11:00:00+00:00,7098.0,7098.0,7079.5,7085.5,1864
2021-12-27 07:00:00+00:00,7075.0,7090.5,7049.0,7081.5,9433
2021-12-27 11:00:00+00:00,7081.5,7117.5,7075.5,7110.5,6114
2021-12-27 15:00:00+00:00,7111.0,7143.0,7109.5,7142.5,9889
2021-12-27 19:00:00+00:00,7142.0,7157.0,7139.5,7156.5,941
2021-12-28 07:00:00+00:00,7147.5,7173.5,7128.0,7160.0,9037
2021-12-28 11:00:00+00:00,7159.0,7178.5,7153.5,7172.0,6147
2021-12-28 15:00:00+00:00,7172.0,7178.5,7157.0,7168.0,8168
2021-12-28 19:00:00+00:00,7168.0,7176.5,7158.0,7163.0,987
2021-12-29 07:00:00+00:00,7161.0,7194.0,7158.5,7176.5,10323
2021-12-29 11:00:00+00:00,7176.0,7176.0,7137.5,7140.5,7756
2021-12-29 15:00:00+00:00,7141.5,7158.0,7127.0,7153.5,11532
2021-12-29 19:00:00+00:00,7153.5,7170.0,7153.0,7159.0,1010
2021-12-30 07:00:00+00:00,7158.5,7182.0,7145.5,7161.5,9250
2021-12-30 11:00:00+00:00,7161.5,7179.5,7157.5,7160.0,6849
2021-12-30 15:00:00+00:00,7160.0,7173.5,7154.0,7164.5,11102
2021-12-30 19:00:00+00:00,7164.0,7165.0,7140.5,7147.0,955
2021-12-31 07:00:00+00:00,7134.5,7154.5,7131.0,7138.0,4562
2021-12-31 11:00:00+00:00,7138.0,7163.0,7128.5,7151.5,6966
2022-01-03 07:00:00+00:00,7164.5,7234.5,7154.0,7233.5,15802
2022-01-03 11:00:00+00:00,7234.0,7243.0,7203.5,7215.0,9959
2022-01-03 15:00:00+00:00,7216.0,7234.0,7203.0,7232.0,13724
2022-01-03 19:00:00+00:00,7231.5,7242.5,7228.5,7241.5,1901
2022-01-04 07:00:00+00:00,7250.0,7305.0,7241.0,7304.5,15373
2022-01-04 11:00:00+00:00,7304.0,7328.5,7300.0,7328.5,13567
2022-01-04 15:00:00+00:00,7328.5,7331.0,7293.5,7294.0,17763
2022-01-04 19:00:00+00:00,7293.5,7318.0,7293.5,7313.5,1535
2022-01-05 07:00:00+00:00,7300.5,7357.5,7296.0,7348.0,13082
2022-01-05 11:00:00+00:00,7347.0,7374.0,7340.0,7371.5,9314
2022-01-05 15:00:00+00:00,7372.0,7381.5,7349.0,7350.0,16662
2022-01-05 19:00:00+00:00,7351.5,7360.5,7282.5,7282.5,5261
2022-01-06 07:00:00+00:00,7248.0,7314.0,7231.0,7294.5,30833
2022-01-06 11:00:00+00:00,7294.5,7300.5,7251.0,7255.0,13444
2022-01-06 15:00:00+00:00,7253.0,7270.0,7237.5,7247.5,22386
2022-01-06 19:00:00+00:00,7246.5,7255.5,7219.0,7237.0,2149
2022-01-07 07:00:00+00:00,7244.5,7265.0,7209.0,7260.0,15259
2022-01-07 11:00:00+00:00,7259.5,7259.5,7191.0,7228.5,13356
2022-01-07 15:00:00+00:00,7229.0,7229.0,7173.0,7218.5,18167
2022-01-07 19:00:00+00:00,7219.0,7230.5,7213.0,7214.0,1212
2022-01-10 07:00:00+00:00,7229.5,7249.0,7160.0,7208.0,15297
2022-01-10 11:00:00+00:00,7208.0,7210.0,7131.0,7136.0,11667
2022-01-10 15:00:00+00:00,7135.5,7155.5,7098.0,7153.0,23244
2022-01-10 19:00:00+00:00,7152.0,7168.5,7147.5,7167.5,2744
2022-01-11 07:00:00+00:00,7172.0,7226.0,7152.5,7201.0,21535
2022-01-11 11:00:00+00:00,7201.5,7211.0,7156.5,7174.0,10493
2022-01-11 15:00:00+00:00,7173.5,7210.0,7158.0,7210.0,16971
2022-01-11 19:00:00+00:00,7210.0,7222.5,7203.5,7220.5,2233
2022-01-12 07:00:00+00:00,7234.0,7247.0,7180.0,7220.0,16153
2022-01-12 11:00:00+00:00,7221.5,7244.5,7201.0,7244.5,11717
2022-01-12 15:00:00+00:00,7244.0,7248.0,7220.5,7229.5,18326
2022-01-12 19:00:00+00:00,7229.0,7244.5,7225.0,7240.5,1649
2022-01-13 07:00:00+00:00,7233.0,7233.5,7189.5,7207.5,14982
2022-01-13 11:00:00+00:00,7208.5,7227.5,7188.0,7211.5,12550
2022-01-13 15:00:00+00:00,7212.0,7213.0,7162.5,7180.0,16818
2022-01-13 19:00:00+00:00,7180.5,7186.0,7133.5,7145.0,2578
2022-01-14 07:00:00+00:00,7150.5,7171.5,7123.5,7149.0,15804
2022-01-14 11:00:00+00:00,7149.5,7171.5,7117.0,7170.0,14341
2022-01-14 15:00:00+00:00,7170.5,7171.5,7128.0,7145.0,14625
2022-01-14 19:00:00+00:00,7145.0,7176.0,7142.0,7172.0,2199
2022-01-17 07:00:00+00:00,7169.0,7203.5,7145.5,7182.0,14164
2022-01-17 11:00:00+00:00,7181.5,7204.0,7180.0,7204.0,5855
2022-01-17 15:00:00+00:00,7204.5,7213.5,7194.5,7201.5,9367
2022-01-17 19:00:00+00:00,7201.5,7206.5,7200.0,7200.0,201
2022-01-18 07:00:00+00:00,7183.0,7189.0,7096.0,7125.5,21933
2022-01-18 11:00:00+00:00,7126.5,7149.5,7112.5,7144.0,12767
2022-01-18 15:00:00+00:00,7143.5,7168.5,7117.0,7139.5,18683
2022-01-18 19:00:00+00:00,7142.0,7162.0,7125.5,7139.5,2834
2022-01-19 07:00:00+00:00,7108.5,7185.5,7092.5,7181.5,18812
2022-01-19 11:00:00+00:00,7182.0,7212.0,7165.0,7206.0,11900
2022-01-19 15:00:00+00:00,7208.5,7209.5,7152.0,7183.0,17727
2022-01-19 19:00:00+00:00,7182.0,7183.5,7148.5,7158.0,2199
2022-01-20 07:00:00+00:00,7192.5,7205.5,7122.5,7151.5,10773
2022-01-20 11:00:00+00:00,7151.0,7180.0,7144.5,7178.5,8076
2022-01-20 15:00:00+00:00,7179.0,7202.5,7166.0,7180.0,9512
2022-01-20 19:00:00+00:00,7181.0,7189.5,7113.0,7122.5,1673
2022-01-21 07:00:00+00:00,7088.0,7117.0,7069.5,7112.5,22516
2022-01-21 11:00:00+00:00,7112.0,7112.0,7024.5,7051.0,22313
2022-01-21 15:00:00+00:00,7050.5,7066.0,7004.5,7018.0,31155
2022-01-21 19:00:00+00:00,7019.5,7027.0,6986.5,6990.5,4068
2022-01-24 07:00:00+00:00,7028.0,7068.0,6916.0,6936.0,25225
2022-01-24 11:00:00+00:00,6935.0,6961.5,6811.0,6812.0,25567
2022-01-24 15:00:00+00:00,6811.0,6833.0,6698.5,6828.5,45914
2022-01-24 19:00:00+00:00,6828.5,6912.0,6798.0,6912.0,10442
2022-01-25 07:00:00+00:00,6878.0,6892.5,6794.5,6834.5,30060
2022-01-25 11:00:00+00:00,6833.0,6865.5,6795.5,6800.5,18962
2022-01-25 15:00:00+00:00,6800.0,6875.0,6773.5,6874.0,27022
2022-01-25 19:00:00+00:00,6874.5,6909.0,6851.5,6858.0,4769
2022-01-26 07:00:00+00:00,6893.5,6986.0,6869.0,6984.5,21757
2022-01-26 11:00:00+00:00,6984.0,7021.0,6970.0,7011.0,14526
2022-01-26 15:00:00+00:00,7010.0,7018.0,6947.0,6986.5,21428
2022-01-26 19:00:00+00:00,6986.5,7025.5,6890.0,6939.5,9745
2022-01-27 07:00:00+00:00,6840.0,6988.5,6835.5,6951.0,23474
2022-01-27 11:00:00+00:00,6950.0,7052.0,6948.0,7042.5,17254
2022-01-27 15:00:00+00:00,7041.0,7056.0,6978.0,6999.5,27070
2022-01-27 19:00:00+00:00,6998.5,7021.0,6977.5,7003.5,3196
2022-01-28 07:00:00+00:00,7024.0,7051.0,6899.5,6920.0,22160
2022-01-28 11:00:00+00:00,6920.5,6929.0,6842.5,6896.0,21478
2022-01-28 15:00:00+00:00,6895.0,6985.0,6881.0,6963.0,21200
2022-01-28 19:00:00+00:00,6964.0,7014.0,6911.5,7014.0,3204
2022-01-31 07:00:00+00:00,7045.0,7049.0,6967.5,6972.5,17980
2022-01-31 11:00:00+00:00,6972.0,6983.5,6933.0,6983.0,14908
2022-01-31 15:00:00+00:00,6983.0,7031.0,6963.5,7022.5,22047
2022-01-31 19:00:00+00:00,7023.5,7053.5,7003.5,7036.5,2745
2022-02-01 07:00:00+00:00,7033.0,7087.0,7022.5,7058.0,20820
2022-02-01 11:00:00+00:00,7058.0,7101.0,7057.0,7090.5,13063
2022-02-01 15:00:00+00:00,7091.0,7103.0,7058.0,7097.0,18196
2022-02-01 19:00:00+00:00,7097.0,7122.0,7090.0,7122.0,1701
2022-02-02 07:00:00+00:00,7128.5,7147.5,7104.0,7124.5,16560
2022-02-02 11:00:00+00:00,7124.0,7148.0,7115.0,7131.0,12302
2022-02-02 15:00:00+00:00,7132.0,7138.0,7101.0,7124.5,14667
2022-02-02 19:00:00+00:00,7124.5,7140.0,7120.0,7136.5,2248
2022-02-03 07:00:00+00:00,7100.5,7124.0,7077.0,7083.5,15252
2022-02-03 11:00:00+00:00,7083.5,7109.0,6992.0,7005.0,25003
2022-02-03 15:00:00+00:00,7005.5,7041.5,6971.5,6985.0,21485
2022-02-03 19:00:00+00:00,6986.0,6993.0,6958.5,6966.5,3673
2022-02-04 07:00:00+00:00,7045.0,7065.5,6963.0,6971.5,22772
2022-02-04 11:00:00+00:00,6971.0,6971.0,6912.0,6958.5,22176
2022-02-04 15:00:00+00:00,6958.0,6993.5,6928.0,6989.5,18993
2022-02-04 19:00:00+00:00,6992.0,7013.0,6973.5,6981.5,2179
2022-02-07 07:00:00+00:00,6983.5,7003.5,6927.0,6936.5,16980
2022-02-07 11:00:00+00:00,6936.0,7003.5,6926.5,7000.0,11857
2022-02-07 15:00:00+00:00,7000.0,7024.5,6984.0,7020.5,16239
2022-02-07 19:00:00+00:00,7020.5,7034.0,6992.0,7000.5,1960
2022-02-08 07:00:00+00:00,7018.0,7084.5,6994.5,7042.5,17493
2022-02-08 11:00:00+00:00,7042.5,7045.0,7006.0,7007.0,15512
2022-02-08 15:00:00+00:00,7006.5,7055.5,6992.0,7046.5,12842
2022-02-08 19:00:00+00:00,7046.5,7063.0,7027.0,7055.5,1853
2022-02-09 07:00:00+00:00,7084.0,7146.0,7066.5,7137.0,18818
2022-02-09 11:00:00+00:00,7137.5,7145.0,7116.5,7137.5,10824
2022-02-09 15:00:00+00:00,7138.0,7148.5,7119.5,7146.5,19054
2022-02-09 19:00:00+00:00,7147.0,7165.0,7142.5,7165.0,1994
2022-02-10 07:00:00+00:00,7154.0,7169.5,7114.0,7130.0,18834
2022-02-10 11:00:00+00:00,7130.0,7139.0,7049.5,7099.0,21207
2022-02-10 15:00:00+00:00,7097.5,7120.0,7039.5,7059.5,23171
2022-02-10 19:00:00+00:00,7058.0,7061.0,7022.5,7048.5,4322
2022-02-11 07:00:00+00:00,7026.5,7071.0,6990.0,7034.5,23661
2022-02-11 11:00:00+00:00,7034.0,7049.0,7009.5,7024.0,14560
2022-02-11 15:00:00+00:00,7024.5,7039.5,6890.5,6901.5,23087
2022-02-11 19:00:00+00:00,6900.0,6925.0,6859.0,6886.5,6520
2022-02-14 07:00:00+00:00,6897.0,6907.0,6755.5,6781.0,36991
2022-02-14 11:00:00+00:00,6781.5,6878.0,6755.5,6823.5,28620
2022-02-14 15:00:00+00:00,6823.0,6859.0,6781.0,6787.0,31656
2022-02-14 19:00:00+00:00,6788.0,6843.5,6768.0,6841.5,3889
2022-02-15 07:00:00+00:00,6828.5,6960.0,6804.5,6949.0,28589
2022-02-15 11:00:00+00:00,6949.0,6976.5,6930.0,6951.0,15726
2022-02-15 15:00:00+00:00,6950.5,6988.5,6942.0,6983.0,20651
2022-02-15 19:00:00+00:00,6984.0,6987.5,6960.5,6982.5,1172
2022-02-16 07:00:00+00:00,6991.0,7033.5,6967.5,6984.5,16725
2022-02-16 11:00:00+00:00,6983.5,6990.0,6929.5,6942.0,14083
2022-02-16 15:00:00+00:00,6941.0,6970.5,6935.0,6959.5,10703
2022-02-16 19:00:00+00:00,6960.5,7000.5,6946.5,6985.0,2777
2022-02-17 07:00:00+00:00,6925.0,7017.5,6924.0,6986.5,13245
2022-02-17 11:00:00+00:00,6987.0,7002.0,6905.5,6906.5,17305
2022-02-17 15:00:00+00:00,6907.5,6957.5,6904.5,6941.5,10764
2022-02-17 19:00:00+00:00,6940.5,6940.5,6899.0,6908.5,1173
2022-02-18 07:00:00+00:00,6946.0,6991.5,6922.5,6963.5,18798
2022-02-18 11:00:00+00:00,6963.0,6992.0,6898.0,6954.5,23015
2022-02-18 15:00:00+00:00,6954.5,6958.5,6890.5,6918.5,21546
2022-02-18 19:00:00+00:00,6918.5,6948.0,6900.5,6916.5,2616
2022-02-21 07:00:00+00:00,6959.0,7001.5,6862.0,6869.5,21705
2022-02-21 11:00:00+00:00,6870.0,6881.0,6739.0,6784.5,32392
2022-02-21 15:00:00+00:00,6784.0,6832.5,6696.0,6708.0,21471
2022-02-21 19:00:00+00:00,6708.5,6720.5,6672.0,6691.5,1608
2022-02-22 07:00:00+00:00,6689.0,6797.5,6613.5,6783.0,42825
2022-02-22 11:00:00+00:00,6783.5,6831.5,6774.0,6827.0,18045
2022-02-22 15:00:00+00:00,6826.5,6832.0,6715.0,6723.5,21426
2022-02-22 19:00:00+00:00,6721.5,6795.5,6704.5,6764.0,4020
2022-02-23 07:00:00+00:00,6783.0,6901.0,6776.0,6867.5,27974
2022-02-23 11:00:00+00:00,6866.5,6880.5,6829.5,6829.5,15254
2022-02-23 15:00:00+00:00,6829.5,6830.5,6753.5,6771.5,27134
2022-02-23 19:00:00+00:00,6770.5,6778.5,6715.5,6728.5,3768
2022-02-24 07:00:00+00:00,6490.0,6618.0,6430.5,6480.5,61807
2022-02-24 11:00:00+00:00,6482.0,6525.5,6427.0,6515.5,44612
2022-02-24 15:00:00+00:00,6515.0,6571.0,6473.0,6519.5,47057
2022-02-24 19:00:00+00:00,6518.5,6649.5,6513.0,6632.0,6539
2022-02-25 07:00:00+00:00,6628.5,6637.5,6516.5,6627.0,33223
2022-02-25 11:00:00+00:00,6626.5,6728.5,6596.5,6697.5,29992
2022-02-25 15:00:00+00:00,6698.0,6774.5,6691.0,6749.5,28565
2022-02-25 19:00:00+00:00,6749.5,6801.0,6735.5,6796.0,3026
2022-02-28 07:00:00+00:00,6542.5,6635.5,6511.0,6557.5,42294
2022-02-28 11:00:00+00:00,6557.0,6598.0,6529.0,6589.5,24714
2022-02-28 15:00:00+00:00,6590.0,6683.0,6552.0,6582.0,36551
2022-02-28 19:00:00+00:00,6581.0,6585.5,6532.5,6576.5,4581
2022-03-01 07:00:00+00:00,6629.0,6660.5,6465.0,6503.5,39088
2022-03-01 11:00:00+00:00,6502.5,6537.5,6436.5,6506.5,25789
2022-03-01 15:00:00+00:00,6508.0,6523.0,6316.0,6331.5,36921
2022-03-01 19:00:00+00:00,6331.5,6374.5,6308.0,6365.0,4185
2022-03-02 07:00:00+00:00,6374.5,6439.0,6308.0,6413.0,39468
2022-03-02 11:00:00+00:00,6412.0,6490.0,6400.5,6475.5,27774
2022-03-02 15:00:00+00:00,6476.0,6542.5,6453.0,6507.5,37859
2022-03-02 19:00:00+00:00,6508.5,6516.5,6473.0,6488.5,2701
2022-03-03 07:00:00+00:00,6511.5,6539.5,6456.0,6471.0,27011
2022-03-03 11:00:00+00:00,6470.5,6542.5,6464.0,6489.5,24096
2022-03-03 15:00:00+00:00,6488.5,6492.0,6354.0,6373.0,35836
2022-03-03 19:00:00+00:00,6373.5,6393.5,6333.5,6357.5,2320
2022-03-04 07:00:00+00:00,6278.5,6320.5,6120.0,6150.0,45750
2022-03-04 11:00:00+00:00,6149.5,6182.5,6110.0,6150.5,33023
2022-03-04 15:00:00+00:00,6150.5,6158.0,6041.5,6072.0,36384
2022-03-04 19:00:00+00:00,6074.5,6103.5,6025.0,6091.5,4917
2022-03-07 07:00:00+00:00,5934.0,5956.5,5751.5,5858.0,56807
2022-03-07 11:00:00+00:00,5858.0,6114.5,5851.5,6048.5,45347
2022-03-07 15:00:00+00:00,6047.0,6065.5,5860.5,5882.5,38870
2022-03-07 19:00:00+00:00,5881.5,5933.0,5850.5,5901.5,5753
2022-03-08 07:00:00+00:00,5850.5,6169.5,5831.5,6059.5,35698
2022-03-08 11:00:00+00:00,6057.5,6116.0,5978.0,5994.5,30407
2022-03-08 15:00:00+00:00,5994.0,6211.5,5931.0,6081.5,49113
2022-03-08 19:00:00+00:00,6079.5,6118.0,6052.5,6065.0,4226
2022-03-09 07:00:00+00:00,6095.5,6278.5,6070.5,6239.5,40425
2022-03-09 11:00:00+00:00,6239.0,6317.0,6197.0,6282.5,27749
2022-03-09 15:00:00+00:00,6282.5,6448.0,6282.5,6382.5,37918
2022-03-09 19:00:00+00:00,6382.5,6415.5,6359.0,6380.5,4347
2022-03-10 07:00:00+00:00,6360.0,6390.0,6235.0,6243.5,39077
2022-03-10 11:00:00+00:00,6243.5,6290.0,6161.5,6284.0,29233
2022-03-10 15:00:00+00:00,6286.5,6288.0,6181.5,6240.0,23603
2022-03-10 19:00:00+00:00,6239.0,6274.5,6215.5,6236.0,3386
2022-03-11 07:00:00+00:00,6231.5,6269.5,6158.5,6220.5,23316
2022-03-11 11:00:00+00:00,6220.0,6466.5,6219.5,6283.5,42960
2022-03-11 15:00:00+00:00,6282.5,6298.0,6229.0,6236.5,24174
2022-03-11 19:00:00+00:00,6235.5,6248.0,6194.5,6198.0,2916
2022-03-14 07:00:00+00:00,6339.0,6420.5,6266.0,6367.5,28530
2022-03-14 11:00:00+00:00,6367.0,6411.0,6305.0,6411.0,17153
2022-03-14 15:00:00+00:00,6411.0,6417.5,6311.5,6332.5,19996
2022-03-14 19:00:00+00:00,6333.0,6366.0,6319.5,6362.5,2594
2022-03-15 07:00:00+00:00,6322.0,6328.0,6204.5,6275.0,22377
2022-03-15 11:00:00+00:00,6275.5,6358.0,6275.0,6346.5,18200
2022-03-15 15:00:00+00:00,6347.0,6383.5,6305.0,6374.5,28286
2022-03-15 19:00:00+00:00,6372.5,6401.5,6361.5,6375.0,3234
2022-03-16 07:00:00+00:00,6474.5,6578.0,6458.5,6573.5,27122
2022-03-16 11:00:00+00:00,6573.5,6681.0,6537.0,6624.5,23076
2022-03-16 15:00:00+00:00,6622.5,6631.0,6505.0,6573.5,26493
2022-03-16 19:00:00+00:00,6570.0,6629.0,6553.5,6610.5,2268
2022-03-17 07:00:00+00:00,6621.0,6636.0,6528.5,6613.5,15053
2022-03-17 11:00:00+00:00,6614.0,6614.0,6540.5,6555.5,13123
2022-03-17 15:00:00+00:00,6555.0,6640.5,6547.5,6620.5,12067
2022-03-17 19:00:00+00:00,6618.5,6630.5,6589.0,6589.5,863
2022-03-18 07:00:00+00:00,6592.5,6610.5,6517.0,6527.0,20741
2022-03-18 11:00:00+00:00,6528.0,6591.5,6485.5,6591.0,26036
2022-03-18 15:00:00+00:00,6590.5,6636.5,6575.0,6626.5,27343
2022-03-18 19:00:00+00:00,6628.0,6650.0,6622.0,6633.5,1993
2022-03-21 07:00:00+00:00,6590.5,6633.5,6573.0,6604.5,14721
2022-03-21 11:00:00+00:00,6605.0,6616.5,6561.5,6592.5,12851
2022-03-21 15:00:00+00:00,6593.0,6598.5,6517.5,6537.5,17263
2022-03-21 19:00:00+00:00,6536.0,6563.0,6535.0,6556.5,1470
2022-03-22 07:00:00+00:00,6553.5,6637.0,6543.0,6623.0,15281
2022-03-22 11:00:00+00:00,6622.5,6663.5,6602.5,6652.0,13836
2022-03-22 15:00:00+00:00,6653.0,6675.5,6628.0,6656.5,19606
2022-03-22 19:00:00+00:00,6657.0,6675.0,6655.5,6662.5,1295
2022-03-23 07:00:00+00:00,6686.0,6693.5,6626.0,6642.0,13601
2022-03-23 11:00:00+00:00,6643.0,6644.0,6554.5,6582.0,14788
2022-03-23 15:00:00+00:00,6581.5,6584.5,6542.0,6553.0,14430
2022-03-23 19:00:00+00:00,6553.0,6561.0,6538.5,6550.0,1137
2022-03-24 07:00:00+00:00,6578.5,6633.5,6551.0,6561.5,15149
2022-03-24 11:00:00+00:00,6561.5,6588.0,6537.0,6545.0,15543
2022-03-24 15:00:00+00:00,6544.5,6599.0,6542.5,6561.5,16262
2022-03-24 19:00:00+00:00,6561.0,6587.0,6556.5,6579.0,1459
2022-03-25 07:00:00+00:00,6577.0,6593.5,6534.5,6592.0,13310
2022-03-25 11:00:00+00:00,6592.0,6613.0,6571.0,6604.0,11364
2022-03-25 15:00:00+00:00,6604.0,6605.0,6532.0,6588.0,13168
2022-03-25 19:00:00+00:00,6588.5,6596.5,6571.0,6592.0,851
2022-03-28 06:00:00+00:00,6565.5,6653.5,6553.5,6645.5,15337
2022-03-28 10:00:00+00:00,6645.0,6682.0,6626.5,6631.0,10125
2022-03-28 14:00:00+00:00,6631.5,6632.5,6573.0,6596.5,19126
2022-03-28 18:00:00+00:00,6595.5,6648.5,6595.5,6640.0,2880
2022-03-29 06:00:00+00:00,6670.5,6753.5,6644.5,6740.0,19552
2022-03-29 10:00:00+00:00,6740.0,6829.0,6728.5,6797.0,28153
2022-03-29 14:00:00+00:00,6797.5,6804.5,6740.0,6771.5,22569
2022-03-29 18:00:00+00:00,6772.0,6813.5,6769.5,6813.5,2861
2022-03-30 06:00:00+00:00,6785.0,6786.0,6702.0,6734.5,14745
2022-03-30 10:00:00+00:00,6735.0,6746.0,6701.5,6725.5,13403
2022-03-30 14:00:00+00:00,6727.5,6749.5,6706.0,6728.0,15522
2022-03-30 18:00:00+00:00,6728.5,6736.5,6702.5,6730.0,2254
2022-03-31 06:00:00+00:00,6740.5,6773.0,6714.5,6719.5,12411
2022-03-31 10:00:00+00:00,6720.0,6726.5,6662.0,6680.5,13726
2022-03-31 14:00:00+00:00,6680.0,6697.5,6644.0,6646.0,26367
2022-03-31 18:00:00+00:00,6645.0,6656.0,6616.0,6627.0,2478
2022-04-01 06:00:00+00:00,6648.0,6697.5,6630.0,6693.5,20898
2022-04-01 10:00:00+00:00,6693.5,6706.0,6675.5,6696.0,12930
2022-04-01 14:00:00+00:00,6695.5,6707.0,6653.0,6677.5,17366
2022-04-01 18:00:00+00:00,6677.0,6706.0,6672.0,6702.0,2156
2022-04-04 06:00:00+00:00,6710.0,6725.0,6637.0,6716.0,17213
2022-04-04 10:00:00+00:00,6715.0,6720.0,6681.5,6711.5,9642
2022-04-04 14:00:00+00:00,6712.5,6751.5,6704.0,6741.0,15596
2022-04-04 18:00:00+00:00,6740.0,6754.0,6732.5,6754.0,1795
2022-04-05 06:00:00+00:00,6732.5,6743.0,6659.0,6661.0,19458
2022-04-05 10:00:00+00:00,6661.0,6669.5,6604.0,6644.5,29949
2022-04-05 14:00:00+00:00,6644.5,6655.5,6599.0,6623.5,24294
2022-04-05 18:00:00+00:00,6623.5,6637.0,6600.5,6618.5,2496
2022-04-06 06:00:00+00:00,6625.5,6643.5,6551.0,6562.0,20673
2022-04-06 10:00:00+00:00,6562.0,6568.5,6451.0,6451.5,21059
2022-04-06 14:00:00+00:00,6452.5,6507.0,6439.0,6494.0,23962
2022-04-06 18:00:00+00:00,6494.0,6522.0,6462.5,6491.0,4187
2022-04-07 06:00:00+00:00,6480.5,6556.0,6466.5,6537.5,18113
2022-04-07 10:00:00+00:00,6537.0,6586.0,6495.5,6512.0,19811
2022-04-07 14:00:00+00:00,6512.5,6515.5,6429.5,6515.5,29386
2022-04-07 18:00:00+00:00,6514.0,6538.5,6499.5,6520.0,2515
2022-04-08 06:00:00+00:00,6518.0,6581.5,6510.0,6553.0,19131
2022-04-08 10:00:00+00:00,6553.0,6557.5,6491.0,6502.0,20372
2022-04-08 14:00:00+00:00,6500.5,6554.0,6495.0,6520.5,25079
2022-04-08 18:00:00+00:00,6519.0,6524.0,6495.0,6510.0,2653
2022-04-11 06:00:00+00:00,6508.5,6605.5,6498.0,6584.0,24946
2022-04-11 10:00:00+00:00,6584.0,6614.0,6546.5,6580.0,15925
2022-04-11 14:00:00+00:00,6579.0,6584.5,6536.5,6548.0,16179
2022-04-11 18:00:00+00:00,6549.0,6556.5,6502.5,6505.5,2433
2022-04-12 06:00:00+00:00,6477.5,6512.5,6421.5,6497.0,20132
2022-04-12 10:00:00+00:00,6495.5,6572.0,6495.5,6555.0,15052
2022-04-12 14:00:00+00:00,6555.5,6557.0,6509.5,6512.5,15989
2022-04-12 18:00:00+00:00,6512.0,6521.5,6479.5,6500.0,2409
2022-04-13 06:00:00+00:00,6560.0,6567.5,6492.5,6496.0,16753
2022-04-13 10:00:00+00:00,6495.5,6526.0,6475.5,6512.0,14830
2022-04-13 14:00:00+00:00,6514.0,6544.5,6502.5,6526.0,11997
2022-04-13 18:00:00+00:00,6528.0,6547.5,6524.5,6547.5,755
2022-04-14 06:00:00+00:00,6470.0,6490.0,6439.0,6460.0,14543
2022-04-14 10:00:00+00:00,6460.5,6506.5,6460.0,6496.5,25892
2022-04-14 14:00:00+00:00,6497.0,6511.0,6452.0,6481.0,24115
2022-04-14 18:00:00+00:00,6481.0,6487.5,6458.5,6459.0,2080
2022-04-19 06:00:00+00:00,6469.5,6482.0,6413.5,6426.0,23117
2022-04-19 10:00:00+00:00,6426.0,6448.5,6407.0,6448.5,20308
2022-04-19 14:00:00+00:00,6448.5,6481.0,6442.5,6470.5,21398
2022-04-19 18:00:00+00:00,6470.0,6495.5,6458.0,6490.5,2005
2022-04-20 06:00:00+00:00,6489.5,6552.0,6450.5,6540.0,24319
2022-04-20 10:00:00+00:00,6540.0,6553.5,6522.0,6536.0,13565
2022-04-20 14:00:00+00:00,6535.0,6555.0,6528.5,6548.0,18324
2022-04-20 18:00:00+00:00,6546.5,6549.5,6512.0,6530.0,2897
2022-04-21 06:00:00+00:00,6556.5,6654.0,6545.5,6629.5,18522
2022-04-21 10:00:00+00:00,6629.0,6675.5,6629.0,6657.5,14070
2022-04-21 14:00:00+00:00,6658.0,6662.5,6545.5,6550.0,24831
2022-04-21 18:00:00+00:00,6549.5,6555.5,6501.5,6519.5,4672
2022-04-22 06:00:00+00:00,6521.5,6571.0,6490.0,6506.5,23670
2022-04-22 10:00:00+00:00,6506.0,6543.0,6491.5,6501.0,14826
2022-04-22 14:00:00+00:00,6500.5,6521.5,6470.5,6470.5,26438
2022-04-22 18:00:00+00:00,6470.5,6488.0,6443.0,6455.0,2993
2022-04-25 06:00:00+00:00,6401.5,6437.0,6330.0,6350.0,31318
2022-04-25 10:00:00+00:00,6349.5,6424.5,6340.5,6387.5,21557
2022-04-25 14:00:00+00:00,6388.0,6423.0,6358.5,6408.0,28224
2022-04-25 18:00:00+00:00,6410.0,6458.0,6399.5,6451.5,4687
2022-04-26 06:00:00+00:00,6468.0,6476.5,6384.5,6455.0,19598
2022-04-26 10:00:00+00:00,6454.5,6474.0,6411.0,6419.5,13704
2022-04-26 14:00:00+00:00,6419.5,6440.5,6330.5,6346.5,31935
2022-04-26 18:00:00+00:00,6347.5,6365.5,6302.5,6306.5,3290
2022-04-27 06:00:00+00:00,6358.0,6407.0,6278.0,6406.5,25593
2022-04-27 10:00:00+00:00,6407.0,6418.5,6352.0,6379.5,19994
2022-04-27 14:00:00+00:00,6379.0,6415.5,6320.5,6408.5,23832
2022-04-27 18:00:00+00:00,6408.5,6408.5,6357.5,6371.0,2621
2022-04-28 06:00:00+00:00,6422.0,6520.0,6408.0,6492.0,22198
2022-04-28 10:00:00+00:00,6491.5,6502.5,6405.0,6407.0,16796
2022-04-28 14:00:00+00:00,6407.0,6503.0,6377.0,6498.5,22464
2022-04-28 18:00:00+00:00,6498.5,6515.5,6489.5,6500.0,3107
2022-04-29 06:00:00+00:00,6520.5,6544.5,6486.5,6505.5,19837
2022-04-29 10:00:00+00:00,6504.5,6534.0,6456.0,6533.0,17348
2022-04-29 14:00:00+00:00,6532.5,6534.0,6435.0,6447.5,28326
2022-04-29 18:00:00+00:00,6447.0,6453.0,6367.0,6374.5,4919
2022-05-02 06:00:00+00:00,6361.0,6418.0,6260.0,6378.5,29866
2022-05-02 10:00:00+00:00,6378.0,6396.5,6338.0,6375.0,14447
2022-05-02 14:00:00+00:00,6375.0,6408.0,6321.0,6334.0,28410
2022-05-02 18:00:00+00:00,6333.5,6394.0,6314.0,6383.0,3811
2022-05-03 06:00:00+00:00,6411.0,6455.0,6382.0,6425.5,19698
2022-05-03 10:00:00+00:00,6426.5,6431.0,6369.5,6388.0,15134
2022-05-03 14:00:00+00:00,6388.5,6431.0,6378.0,6423.0,22752
2022-05-03 18:00:00+00:00,6421.5,6433.0,6392.0,6414.0,2200
2022-05-04 06:00:00+00:00,6412.5,6443.0,6385.5,6394.0,11855
2022-05-04 10:00:00+00:00,6394.5,6407.5,6377.0,6390.5,10419
2022-05-04 14:00:00+00:00,6390.5,6396.5,6335.0,6385.0,20492
2022-05-04 18:00:00+00:00,6385.5,6490.5,6352.5,6480.0,7218
2022-05-05 06:00:00+00:00,6493.0,6507.0,6426.5,6446.0,22130
2022-05-05 10:00:00+00:00,6445.0,6474.0,6399.5,6405.5,16345
2022-05-05 14:00:00+00:00,6406.0,6407.0,6259.5,6305.0,29177
2022-05-05 18:00:00+00:00,6302.5,6323.5,6270.5,6309.5,3564
2022-05-06 06:00:00+00:00,6298.0,6322.0,6233.0,6276.5,28526
2022-05-06 10:00:00+00:00,6277.0,6295.5,6187.5,6193.5,32858
2022-05-06 14:00:00+00:00,6193.5,6268.0,6189.5,6227.0,39187
2022-05-06 18:00:00+00:00,6225.5,6248.5,6198.0,6228.5,4094
2022-05-09 06:00:00+00:00,6161.0,6237.5,6123.0,6155.0,27493
2022-05-09 10:00:00+00:00,6155.0,6160.5,6089.5,6126.0,24262
2022-05-09 14:00:00+00:00,6127.0,6138.0,6046.5,6088.5,28398
2022-05-09 18:00:00+00:00,6088.0,6102.5,6041.0,6058.0,3847
2022-05-10 06:00:00+00:00,6089.0,6160.0,6085.5,6115.5,26524
2022-05-10 10:00:00+00:00,6115.5,6190.0,6098.5,6182.5,22824
2022-05-10 14:00:00+00:00,6183.0,6187.0,6073.0,6157.5,29356
2022-05-10 18:00:00+00:00,6159.0,6159.5,6109.0,6128.5,3019
2022-05-11 06:00:00+00:00,6148.0,6227.0,6122.0,6206.0,22399
2022-05-11 10:00:00+00:00,6204.5,6233.0,6114.5,6217.5,30608
2022-05-11 14:00:00+00:00,6218.5,6277.5,6148.0,6152.0,31811
2022-05-11 18:00:00+00:00,6152.0,6197.5,6130.5,6133.5,4635
2022-05-12 06:00:00+00:00,6104.5,6169.5,6083.0,6089.5,26951
2022-05-12 10:00:00+00:00,6090.0,6141.5,6078.0,6129.5,19907
2022-05-12 14:00:00+00:00,6129.0,6221.0,6121.5,6141.0,27856
2022-05-12 18:00:00+00:00,6140.5,6183.0,6122.5,6183.0,4757
2022-05-13 06:00:00+00:00,6243.5,6290.0,6219.5,6276.0,21749
2022-05-13 10:00:00+00:00,6276.5,6310.5,6276.5,6306.5,15107
2022-05-13 14:00:00+00:00,6307.5,6362.5,6306.5,6336.0,23145
2022-05-13 18:00:00+00:00,6334.5,6364.0,6317.0,6364.0,3278
2022-05-16 06:00:00+00:00,6330.5,6358.5,6274.0,6325.5,18738
2022-05-16 10:00:00+00:00,6325.5,6344.0,6296.5,6309.0,13875
2022-05-16 14:00:00+00:00,6309.5,6374.0,6295.0,6367.0,17763
2022-05-16 18:00:00+00:00,6365.5,6386.5,6344.0,6354.0,2143
2022-05-17 06:00:00+00:00,6382.0,6448.0,6371.0,6442.0,19163
2022-05-17 10:00:00+00:00,6441.5,6447.0,6405.0,6412.0,16016
2022-05-17 14:00:00+00:00,6412.5,6447.5,6393.5,6437.0,19069
2022-05-17 18:00:00+00:00,6438.5,6458.5,6410.0,6458.5,2884
2022-05-18 06:00:00+00:00,6438.0,6454.5,6405.0,6431.5,12282
2022-05-18 10:00:00+00:00,6432.0,6435.5,6359.5,6363.5,12729
2022-05-18 14:00:00+00:00,6364.0,6390.0,6304.5,6306.5,19206
2022-05-18 18:00:00+00:00,6307.5,6315.0,6286.0,6290.0,2814
2022-05-19 06:00:00+00:00,6302.5,6307.5,6194.0,6206.5,18593
2022-05-19 10:00:00+00:00,6207.0,6255.0,6201.0,6223.0,16928
2022-05-19 14:00:00+00:00,6223.5,6301.0,6220.0,6294.5,13437
2022-05-19 18:00:00+00:00,6291.0,6318.0,6274.0,6276.0,1453
2022-05-20 06:00:00+00:00,6274.0,6304.0,6240.0,6301.5,23174
2022-05-20 10:00:00+00:00,6301.0,6330.5,6285.0,6296.0,21013
2022-05-20 14:00:00+00:00,6295.5,6298.0,6174.0,6205.0,25344
2022-05-20 18:00:00+00:00,6205.0,6263.5,6184.5,6252.5,3093
2022-05-23 06:00:00+00:00,6307.0,6328.5,6232.0,6247.5,23329
2022-05-23 10:00:00+00:00,6248.0,6285.0,6244.5,6265.5,15314
2022-05-23 14:00:00+00:00,6265.5,6337.0,6248.5,6318.0,24344
2022-05-23 18:00:00+00:00,6319.0,6326.5,6302.0,6321.5,2117
2022-05-24 06:00:00+00:00,6266.0,6275.0,6211.5,6259.0,24062
2022-05-24 10:00:00+00:00,6259.0,6293.0,6247.0,6255.0,13351
2022-05-24 14:00:00+00:00,6255.0,6256.5,6213.0,6247.0,23966
2022-05-24 18:00:00+00:00,6247.5,6281.0,6230.0,6264.0,3524
2022-05-25 06:00:00+00:00,6278.0,6285.0,6217.5,6240.0,15886
2022-05-25 10:00:00+00:00,6239.5,6268.5,6204.0,6265.0,13954
2022-05-25 14:00:00+00:00,6265.0,6295.5,6258.0,6282.0,17967
2022-05-25 18:00:00+00:00,6281.0,6325.0,6261.0,6305.0,5170
2022-05-26 06:00:00+00:00,6275.0,6325.0,6263.5,6320.5,12922
2022-05-26 10:00:00+00:00,6320.0,6352.5,6301.0,6349.0,13331
2022-05-26 14:00:00+00:00,6350.0,6417.5,6347.0,6408.0,23283
2022-05-26 18:00:00+00:00,6407.5,6411.0,6388.5,6398.0,1995
2022-05-27 06:00:00+00:00,6390.0,6451.5,6385.0,6449.0,18091
2022-05-27 10:00:00+00:00,6448.5,6483.0,6427.0,6482.5,13420
2022-05-27 14:00:00+00:00,6483.0,6511.0,6476.0,6493.0,21063
2022-05-27 18:00:00+00:00,6493.0,6510.0,6489.5,6509.5,1749
2022-05-30 06:00:00+00:00,6537.0,6570.0,6531.0,6562.0,15270
2022-05-30 10:00:00+00:00,6562.5,6565.0,6524.0,6539.0,10118
2022-05-30 14:00:00+00:00,6539.5,6560.0,6536.5,6553.0,13051
2022-05-30 18:00:00+00:00,6552.5,6558.5,6551.0,6555.0,151
2022-05-31 06:00:00+00:00,6534.0,6535.0,6479.0,6496.5,19708
2022-05-31 10:00:00+00:00,6497.5,6507.5,6444.0,6456.0,16626
2022-05-31 14:00:00+00:00,6456.0,6501.5,6437.0,6496.0,28044
2022-05-31 18:00:00+00:00,6495.5,6496.0,6454.5,6465.0,3913
2022-06-01 06:00:00+00:00,6472.0,6501.0,6448.0,6463.5,16472
2022-06-01 10:00:00+00:00,6463.5,6500.5,6449.0,6478.0,12896
2022-06-01 14:00:00+00:00,6479.0,6485.0,6391.5,6430.5,24364
2022-06-01 18:00:00+00:00,6430.5,6452.5,6416.5,6425.0,3021
2022-06-02 06:00:00+00:00,6419.5,6478.0,6415.0,6471.0,15114
2022-06-02 10:00:00+00:00,6471.0,6494.0,6456.0,6477.0,12910
2022-06-02 14:00:00+00:00,6476.5,6527.5,6462.0,6524.5,15272
2022-06-02 18:00:00+00:00,6525.0,6545.0,6517.0,6543.5,1957
2022-06-03 06:00:00+00:00,6540.0,6545.5,6496.0,6506.0,11266
2022-06-03 10:00:00+00:00,6506.5,6513.5,6470.5,6478.5,12241
2022-06-03 14:00:00+00:00,6479.5,6498.0,6462.5,6475.5,10703
2022-06-03 18:00:00+00:00,6475.0,6489.0,6470.5,6476.0,931
2022-06-06 06:00:00+00:00,6505.5,6563.5,6505.0,6554.0,12438
2022-06-06 10:00:00+00:00,6554.0,6579.0,6544.0,6579.0,9303
2022-06-06 14:00:00+00:00,6579.0,6587.5,6523.5,6547.5,16439
2022-06-06 18:00:00+00:00,6549.0,6549.5,6521.5,6534.5,1781
2022-06-07 06:00:00+00:00,6510.5,6524.0,6495.0,6500.0,16965
2022-06-07 10:00:00+00:00,6500.0,6505.5,6457.5,6464.0,14160
2022-06-07 14:00:00+00:00,6464.5,6509.0,6463.0,6502.0,18198
2022-06-07 18:00:00+00:00,6503.5,6526.5,6501.5,6520.0,1823
2022-06-08 06:00:00+00:00,6523.0,6525.0,6459.0,6462.5,19345
2022-06-08 10:00:00+00:00,6462.0,6463.5,6416.5,6441.0,20968
2022-06-08 14:00:00+00:00,6441.0,6451.0,6401.0,6410.0,20495
2022-06-08 18:00:00+00:00,6411.0,6419.0,6397.0,6407.5,1945
2022-06-09 06:00:00+00:00,6397.0,6442.5,6374.5,6424.0,15973
2022-06-09 10:00:00+00:00,6424.5,6459.0,6339.5,6378.0,26764
2022-06-09 14:00:00+00:00,6379.0,6382.0,6347.0,6362.5,19620
2022-06-09 18:00:00+00:00,6362.0,6362.0,6298.0,6300.0,2843
2022-06-10 06:00:00+00:00,6306.0,6324.5,6257.0,6262.0,23426
2022-06-10 10:00:00+00:00,6262.5,6276.5,6196.5,6205.0,23196
2022-06-10 14:00:00+00:00,6205.0,6213.5,6168.5,6197.0,25962
2022-06-10 18:00:00+00:00,6196.5,6224.0,6185.5,6187.0,1870
2022-06-13 06:00:00+00:00,6084.0,6124.0,6031.0,6040.0,29473
2022-06-13 10:00:00+00:00,6040.0,6067.0,6025.5,6036.0,18741
2022-06-13 14:00:00+00:00,6036.5,6081.0,6003.5,6063.5,29783
2022-06-13 18:00:00+00:00,6062.5,6062.5,6009.5,6026.0,3491
2022-06-14 06:00:00+00:00,6073.5,6091.5,5962.5,5964.0,22671
2022-06-14 10:00:00+00:00,5963.5,6021.0,5932.0,6020.0,19013
2022-06-14 14:00:00+00:00,6019.5,6028.0,5910.5,5922.0,20641
2022-06-14 18:00:00+00:00,5922.0,5954.5,5905.0,5953.5,2499
2022-06-15 06:00:00+00:00,5986.5,6045.5,5969.5,6016.0,22365
2022-06-15 10:00:00+00:00,6016.5,6054.5,5989.5,6044.0,18366
2022-06-15 14:00:00+00:00,6045.0,6063.0,6013.0,6040.5,14667
2022-06-15 18:00:00+00:00,6040.0,6100.0,5984.0,6054.5,5315
2022-06-16 06:00:00+00:00,6041.5,6054.5,5884.0,5905.0,16468
2022-06-16 10:00:00+00:00,5904.5,5929.5,5872.5,5883.0,15438
2022-06-16 14:00:00+00:00,5882.5,5905.0,5861.5,5868.0,12480
2022-06-16 18:00:00+00:00,5866.0,5870.0,5840.5,5848.0,1404
2022-06-17 06:00:00+00:00,5912.5,5951.0,5852.0,5947.5,26942
2022-06-17 10:00:00+00:00,5946.0,5956.5,5888.0,5921.0,17745
2022-06-17 14:00:00+00:00,5919.5,5921.0,5838.0,5878.5,23420
2022-06-17 18:00:00+00:00,5879.5,5899.5,5859.5,5874.5,2229
2022-06-20 06:00:00+00:00,5853.0,5892.0,5837.5,5869.5,15407
2022-06-20 10:00:00+00:00,5869.5,5887.0,5868.0,5877.5,7477
2022-06-20 14:00:00+00:00,5877.0,5910.5,5868.5,5901.5,8707
2022-06-20 18:00:00+00:00,5902.5,5905.0,5898.5,5899.0,154
2022-06-21 06:00:00+00:00,5932.0,6021.5,5916.0,5996.0,17007
2022-06-21 10:00:00+00:00,5995.5,6009.0,5946.5,5966.5,13942
2022-06-21 14:00:00+00:00,5966.0,5968.5,5931.5,5935.5,15035
2022-06-21 18:00:00+00:00,5935.5,5952.5,5931.0,5934.0,1729
2022-06-22 06:00:00+00:00,5867.0,5875.0,5821.5,5841.5,19912
2022-06-22 10:00:00+00:00,5841.0,5881.5,5837.0,5867.5,12796
2022-06-22 14:00:00+00:00,5866.5,5928.5,5852.0,5908.0,16991
2022-06-22 18:00:00+00:00,5909.0,5924.0,5881.5,5881.5,1158
2022-06-23 06:00:00+00:00,5885.5,5893.5,5819.5,5882.0,21957
2022-06-23 10:00:00+00:00,5882.0,5947.0,5858.0,5881.0,18223
2022-06-23 14:00:00+00:00,5881.0,5894.5,5837.5,5856.5,19711
2022-06-23 18:00:00+00:00,5857.0,5903.5,5850.5,5903.0,2221
2022-06-24 06:00:00+00:00,5938.0,5981.0,5902.0,5980.5,17850
2022-06-24 10:00:00+00:00,5980.0,6023.5,5974.5,6017.5,13716
2022-06-24 14:00:00+00:00,6019.0,6086.0,6019.0,6080.0,21511
2022-06-24 18:00:00+00:00,6081.0,6118.5,6079.5,6117.0,1892
2022-06-27 06:00:00+00:00,6107.0,6148.5,6075.5,6081.5,21303
2022-06-27 10:00:00+00:00,6082.0,6085.5,6019.5,6026.0,13359
2022-06-27 14:00:00+00:00,6026.5,6056.5,6015.0,6021.0,17009
2022-06-27 18:00:00+00:00,6021.0,6028.0,6009.5,6020.0,1705
2022-06-28 06:00:00+00:00,6037.5,6133.0,6034.5,6105.5,16900
2022-06-28 10:00:00+00:00,6105.5,6132.0,6098.5,6122.0,12875
2022-06-28 14:00:00+00:00,6121.5,6129.0,6031.5,6037.0,16488
2022-06-28 18:00:00+00:00,6038.0,6043.5,6011.5,6012.5,2127
2022-06-29 06:00:00+00:00,6030.0,6065.0,5991.5,5994.0,19907
2022-06-29 10:00:00+00:00,5995.0,6044.0,5983.0,6032.5,14709
2022-06-29 14:00:00+00:00,6032.0,6049.0,6000.5,6027.5,14884
2022-06-29 18:00:00+00:00,6028.0,6037.5,6006.0,6007.0,2089
2022-06-30 06:00:00+00:00,5960.5,5961.5,5860.5,5899.0,25317
2022-06-30 10:00:00+00:00,5899.0,5901.5,5842.0,5858.0,17781
2022-06-30 14:00:00+00:00,5858.5,5952.5,5853.5,5937.0,27205
2022-06-30 18:00:00+00:00,5937.5,5941.0,5899.0,5941.0,3316
2022-07-01 06:00:00+00:00,5871.5,5952.5,5845.5,5946.5,22287
2022-07-01 10:00:00+00:00,5947.5,5968.5,5900.5,5964.0,15062
2022-07-01 14:00:00+00:00,5963.0,5972.0,5896.5,5956.0,18827
2022-07-01 18:00:00+00:00,5955.0,5988.0,5944.5,5987.5,2431
2022-07-04 06:00:00+00:00,5965.5,5997.0,5952.0,5990.0,13694
2022-07-04 10:00:00+00:00,5991.0,5992.5,5959.0,5960.5,5707
2022-07-04 14:00:00+00:00,5959.5,5963.0,5938.0,5945.0,7895
2022-07-04 18:00:00+00:00,5945.0,5948.0,5942.5,5946.0,178
2022-07-05 06:00:00+00:00,5985.0,5996.5,5860.5,5880.5,20308
2022-07-05 10:00:00+00:00,5879.5,5900.0,5790.0,5816.0,22979
2022-07-05 14:00:00+00:00,5814.0,5839.5,5782.0,5829.5,22717
2022-07-05 18:00:00+00:00,5832.0,5878.0,5830.5,5874.5,3164
2022-07-06 06:00:00+00:00,5852.5,5926.5,5838.5,5880.5,23997
2022-07-06 10:00:00+00:00,5881.0,5909.5,5862.5,5907.5,13965
2022-07-06 14:00:00+00:00,5906.0,5926.5,5892.0,5920.5,21779
2022-07-06 18:00:00+00:00,5918.0,5958.0,5908.0,5942.0,3168
2022-07-07 06:00:00+00:00,5969.5,6018.5,5962.0,5999.5,20638
2022-07-07 10:00:00+00:00,5998.0,6024.5,5981.5,6019.5,14457
2022-07-07 14:00:00+00:00,6019.0,6019.0,5998.0,6015.0,14470
2022-07-07 18:00:00+00:00,6015.5,6024.5,6012.5,6022.0,1389
2022-07-08 06:00:00+00:00,6002.5,6022.0,5950.5,5993.5,16040
2022-07-08 10:00:00+00:00,5992.5,6055.0,5966.5,5986.5,16449
2022-07-08 14:00:00+00:00,5987.0,6037.0,5980.0,6006.5,12353
2022-07-08 18:00:00+00:00,6006.5,6025.5,6003.5,6011.0,1326
2022-07-11 06:00:00+00:00,5952.5,5995.0,5907.0,5987.5,18478
2022-07-11 10:00:00+00:00,5987.0,6004.5,5963.5,5980.0,11187
2022-07-11 14:00:00+00:00,5979.5,6025.5,5968.5,6021.0,17904
2022-07-11 18:00:00+00:00,6020.0,6020.5,5983.5,5986.5,1736
2022-07-12 06:00:00+00:00,5946.5,5987.5,5928.0,5972.5,19437
2022-07-12 10:00:00+00:00,5973.5,6011.5,5962.0,5996.5,13813
2022-07-12 14:00:00+00:00,5995.5,6064.0,5985.0,6056.5,16234
2022-07-12 18:00:00+00:00,6057.0,6057.5,5999.0,6012.5,2310
2022-07-13 06:00:00+00:00,6028.0,6033.0,5972.5,6018.0,17956
2022-07-13 10:00:00+00:00,6018.0,6027.5,5921.0,5971.5,19782
2022-07-13 14:00:00+00:00,5972.5,6031.5,5938.0,6025.0,15405
2022-07-13 18:00:00+00:00,6025.5,6036.5,6002.0,6018.0,2122
2022-07-14 06:00:00+00:00,6002.0,6008.5,5923.0,5961.5,12175
2022-07-14 10:00:00+00:00,5961.5,5964.5,5891.5,5891.5,13276
2022-07-14 14:00:00+00:00,5891.0,5947.5,5873.0,5920.0,12945
2022-07-14 18:00:00+00:00,5921.5,5958.0,5920.5,5957.0,898
2022-07-15 06:00:00+00:00,5955.0,5972.5,5896.5,5936.5,19822
2022-07-15 10:00:00+00:00,5937.0,5988.0,5914.0,5981.5,18379
2022-07-15 14:00:00+00:00,5983.5,6044.0,5972.5,6023.0,17872
2022-07-15 18:00:00+00:00,6023.5,6040.5,6013.0,6036.5,1747
2022-07-18 06:00:00+00:00,6075.5,6123.0,6052.0,6108.5,16856
2022-07-18 10:00:00+00:00,6108.5,6132.5,6082.0,6100.5,13190
2022-07-18 14:00:00+00:00,6101.0,6104.5,6053.0,6053.0,13816
2022-07-18 18:00:00+00:00,6053.0,6063.0,6024.5,6037.5,2887
2022-07-19 06:00:00+00:00,6039.0,6084.0,6022.5,6074.0,19295
2022-07-19 10:00:00+00:00,6074.0,6150.0,6069.5,6148.0,15842
2022-07-19 14:00:00+00:00,6148.5,6211.5,6135.0,6205.5,24616
2022-07-19 18:00:00+00:00,6205.5,6222.0,6196.0,6214.0,1812
2022-07-20 06:00:00+00:00,6222.0,6245.5,6196.5,6211.0,21466
2022-07-20 10:00:00+00:00,6210.5,6224.0,6146.5,6162.5,21948
2022-07-20 14:00:00+00:00,6163.5,6194.5,6118.5,6120.0,20211
2022-07-20 18:00:00+00:00,6119.5,6156.0,6119.5,6149.5,2469
2022-07-21 06:00:00+00:00,6183.5,6201.5,6139.0,6197.5,22010
2022-07-21 10:00:00+00:00,6196.5,6233.5,6148.0,6195.0,25917
2022-07-21 14:00:00+00:00,6195.0,6207.5,6164.5,6178.5,19506
2022-07-21 18:00:00+00:00,6179.0,6214.5,6176.5,6205.5,1466
2022-07-22 06:00:00+00:00,6166.5,6235.5,6161.0,6207.5,18884
2022-07-22 10:00:00+00:00,6208.0,6246.5,6205.0,6215.5,12718
2022-07-22 14:00:00+00:00,6215.5,6230.5,6173.0,6182.0,16233
2022-07-22 18:00:00+00:00,6181.5,6183.0,6161.0,6179.0,2859
2022-07-25 06:00:00+00:00,6177.0,6247.0,6171.5,6245.5,16667
2022-07-25 10:00:00+00:00,6245.5,6258.0,6222.0,6237.0,11407
2022-07-25 14:00:00+00:00,6236.5,6252.0,6206.0,6231.0,17972
2022-07-25 18:00:00+00:00,6231.0,6244.5,6216.5,6243.0,1745
2022-07-26 06:00:00+00:00,6227.5,6241.5,6204.0,6233.5,14712
2022-07-26 10:00:00+00:00,6234.0,6243.5,6193.0,6205.0,16049
2022-07-26 14:00:00+00:00,6206.5,6224.0,6172.5,6185.0,25099
2022-07-26 18:00:00+00:00,6185.0,6196.0,6175.0,6175.0,1959
2022-07-27 06:00:00+00:00,6201.5,6245.5,6198.5,6236.5,16985
2022-07-27 10:00:00+00:00,6237.5,6255.5,6222.0,6252.5,12132
2022-07-27 14:00:00+00:00,6252.5,6268.0,6233.5,6236.0,13924
2022-07-27 18:00:00+00:00,6238.5,6303.0,6234.5,6295.0,4682
2022-07-28 06:00:00+00:00,6301.0,6318.5,6234.5,6261.0,22035
2022-07-28 10:00:00+00:00,6262.0,6308.5,6248.0,6296.5,13372
2022-07-28 14:00:00+00:00,6296.5,6376.0,6286.0,6374.5,18720
2022-07-28 18:00:00+00:00,6372.5,6388.5,6366.5,6379.0,1520
2022-07-29 06:00:00+00:00,6381.5,6454.5,6381.0,6436.0,22285
2022-07-29 10:00:00+00:00,6435.5,6469.0,6410.5,6458.5,15777
2022-07-29 14:00:00+00:00,6458.0,6473.0,6444.5,6459.0,20888
2022-07-29 18:00:00+00:00,6459.0,6492.5,6457.0,6489.0,2928
2022-08-01 06:00:00+00:00,6452.0,6483.5,6432.0,6472.5,16437
2022-08-01 10:00:00+00:00,6472.5,6481.0,6438.0,6453.0,12023
2022-08-01 14:00:00+00:00,6452.0,6483.5,6412.5,6425.5,17191
2022-08-01 18:00:00+00:00,6424.5,6449.5,6418.5,6444.5,1913
2022-08-02 06:00:00+00:00,6415.0,6425.5,6392.0,6396.5,17299
2022-08-02 10:00:00+00:00,6396.0,6426.5,6379.0,6411.5,13070
2022-08-02 14:00:00+00:00,6411.5,6434.0,6390.0,6392.0,14444
2022-08-02 18:00:00+00:00,6392.5,6411.0,6382.0,6385.5,2251
2022-08-03 06:00:00+00:00,6406.0,6429.0,6396.0,6420.5,14715
2022-08-03 10:00:00+00:00,6420.0,6461.5,6415.0,6454.5,11578
2022-08-03 14:00:00+00:00,6454.0,6488.0,6444.0,6484.5,13392
2022-08-03 18:00:00+00:00,6484.0,6490.5,6472.0,6480.0,2162
2022-08-04 06:00:00+00:00,6485.5,6521.5,6473.0,6521.5,14525
2022-08-04 10:00:00+00:00,6522.0,6556.0,6504.5,6519.5,15075
2022-08-04 14:00:00+00:00,6519.5,6528.5,6492.0,6512.0,14756
2022-08-04 18:00:00+00:00,6513.0,6513.5,6498.0,6503.0,1915
2022-08-05 06:00:00+00:00,6521.0,6524.5,6471.5,6488.5,13309
2022-08-05 10:00:00+00:00,6488.5,6492.5,6448.0,6474.5,15289
2022-08-05 14:00:00+00:00,6474.5,6500.0,6462.5,6489.0,13745
2022-08-05 18:00:00+00:00,6487.5,6503.5,6473.5,6496.0,1680
2022-08-08 06:00:00+00:00,6499.5,6525.5,6495.0,6515.0,12837
2022-08-08 10:00:00+00:00,6514.5,6566.5,6513.0,6556.5,12092
2022-08-08 14:00:00+00:00,6557.0,6560.0,6498.5,6516.5,15303
2022-08-08 18:00:00+00:00,6516.0,6516.5,6499.0,6511.0,1422
2022-08-09 06:00:00+00:00,6510.5,6529.5,6504.5,6508.0,12733
2022-08-09 10:00:00+00:00,6508.5,6514.5,6482.5,6498.0,11837
2022-08-09 14:00:00+00:00,6498.0,6506.0,6475.5,6485.5,16542
2022-08-09 18:00:00+00:00,6485.0,6492.0,6475.5,6484.5,1359
2022-08-10 06:00:00+00:00,6474.5,6501.0,6451.5,6493.5,15540
2022-08-10 10:00:00+00:00,6493.5,6548.0,6480.0,6521.5,19737
2022-08-10 14:00:00+00:00,6520.5,6542.5,6511.0,6520.5,16840
2022-08-10 18:00:00+00:00,6522.0,6536.5,6513.0,6535.5,1885
2022-08-11 06:00:00+00:00,6543.0,6571.0,6515.5,6522.5,15209
2022-08-11 10:00:00+00:00,6523.0,6540.5,6499.0,6528.0,12344
2022-08-11 14:00:00+00:00,6528.5,6553.0,6521.5,6543.0,14110
2022-08-11 18:00:00+00:00,6543.0,6543.0,6519.0,6529.0,1660
2022-08-12 06:00:00+00:00,6540.5,6587.0,6537.5,6583.5,13144
2022-08-12 10:00:00+00:00,6584.0,6584.0,6542.0,6549.5,11632
2022-08-12 14:00:00+00:00,6549.5,6587.0,6537.5,6583.5,13672
2022-08-12 18:00:00+00:00,6584.5,6605.0,6584.0,6605.0,1440
2022-08-15 06:00:00+00:00,6588.0,6594.5,6546.5,6565.0,11393
2022-08-15 10:00:00+00:00,6565.5,6568.0,6533.0,6562.0,11024
2022-08-15 14:00:00+00:00,6562.0,6593.5,6546.5,6588.5,11233
2022-08-15 18:00:00+00:00,6588.0,6603.0,6584.0,6601.0,1478
2022-08-16 06:00:00+00:00,6591.5,6610.0,6576.0,6592.0,14252
2022-08-16 10:00:00+00:00,6592.0,6603.5,6567.0,6579.5,11698
2022-08-16 14:00:00+00:00,6579.0,6618.0,6568.5,6617.5,16735
2022-08-16 18:00:00+00:00,6617.5,6623.5,6593.5,6615.0,2414
2022-08-17 06:00:00+00:00,6623.5,6626.5,6567.5,6571.5,10728
2022-08-17 10:00:00+00:00,6569.5,6571.5,6531.5,6546.0,11364
2022-08-17 14:00:00+00:00,6545.0,6549.0,6511.5,6543.5,14420
2022-08-17 18:00:00+00:00,6544.0,6564.5,6537.0,6543.0,2383
2022-08-18 06:00:00+00:00,6525.0,6564.5,6518.0,6559.5,9032
2022-08-18 10:00:00+00:00,6560.0,6577.5,6522.5,6546.0,8733
2022-08-18 14:00:00+00:00,6546.0,6563.5,6540.0,6554.0,8484
2022-08-18 18:00:00+00:00,6556.5,6572.0,6553.0,6563.0,507
2022-08-19 06:00:00+00:00,6543.0,6549.5,6503.0,6529.0,22110
2022-08-19 10:00:00+00:00,6528.5,6537.0,6500.5,6509.0,15723
2022-08-19 14:00:00+00:00,6509.0,6524.0,6487.5,6504.0,17789
2022-08-19 18:00:00+00:00,6503.5,6506.0,6485.0,6496.0,1415
2022-08-22 06:00:00+00:00,6473.0,6476.5,6369.0,6398.0,24979
2022-08-22 10:00:00+00:00,6398.5,6424.0,6356.5,6375.0,16707
2022-08-22 14:00:00+00:00,6373.5,6384.0,6351.5,6359.0,16266
2022-08-22 18:00:00+00:00,6358.5,6366.5,6347.5,6359.5,1628
2022-08-23 06:00:00+00:00,6360.0,6401.5,6319.5,6392.0,21543
2022-08-23 10:00:00+00:00,6392.5,6392.5,6349.0,6369.0,13943
2022-08-23 14:00:00+00:00,6370.0,6387.0,6345.0,6354.5,19069
2022-08-23 18:00:00+00:00,6354.5,6360.5,6340.0,6353.5,2308
2022-08-24 06:00:00+00:00,6344.5,6367.5,6317.0,6351.5,17264
2022-08-24 10:00:00+00:00,6351.0,6381.5,6351.0,6374.0,10476
2022-08-24 14:00:00+00:00,6374.5,6398.0,6361.5,6375.0,11524
2022-08-24 18:00:00+00:00,6376.0,6387.5,6368.5,6376.5,1213
2022-08-25 06:00:00+00:00,6403.5,6447.5,6377.0,6378.5,17784
2022-08-25 10:00:00+00:00,6378.0,6403.0,6359.5,6383.0,12675
2022-08-25 14:00:00+00:00,6383.5,6407.5,6372.0,6393.5,14183
2022-08-25 18:00:00+00:00,6394.0,6419.0,6387.5,6419.0,1626
2022-08-26 06:00:00+00:00,6409.5,6430.5,6361.5,6369.0,16573
2022-08-26 10:00:00+00:00,6369.0,6403.0,6327.5,6346.0,17052
2022-08-26 14:00:00+00:00,6346.0,6364.0,6244.0,6255.0,33770
2022-08-26 18:00:00+00:00,6254.5,6257.5,6220.0,6226.0,3503
2022-08-29 06:00:00+00:00,6186.5,6222.0,6151.0,6168.0,23298
2022-08-29 10:00:00+00:00,6167.5,6225.5,6152.0,6209.0,15755
2022-08-29 14:00:00+00:00,6208.5,6253.5,6205.5,6248.0,16826
2022-08-29 18:00:00+00:00,6248.0,6251.0,6231.0,6232.5,1639
2022-08-30 06:00:00+00:00,6254.0,6301.5,6235.5,6298.0,20756
2022-08-30 10:00:00+00:00,6297.5,6305.0,6234.5,6239.5,16038
2022-08-30 14:00:00+00:00,6239.0,6242.0,6171.0,6185.5,23383
2022-08-30 18:00:00+00:00,6185.0,6203.0,6172.0,6188.5,2202
2022-08-31 06:00:00+00:00,6228.0,6249.5,6132.0,6138.0,23831
2022-08-31 10:00:00+00:00,6138.0,6203.0,6131.5,6184.5,15910
2022-08-31 14:00:00+00:00,6183.5,6183.5,6108.0,6111.5,23947
2022-08-31 18:00:00+00:00,6112.0,6123.0,6096.5,6099.5,3105
2022-09-01 06:00:00+00:00,6080.0,6080.0,6013.0,6033.0,26149
2022-09-01 10:00:00+00:00,6033.0,6063.5,6018.0,6038.0,18006
2022-09-01 14:00:00+00:00,6038.0,6062.0,6007.0,6049.0,27864
2022-09-01 18:00:00+00:00,6049.0,6088.0,6046.5,6087.5,2804
2022-09-02 06:00:00+00:00,6057.0,6090.0,6044.0,6068.0,21492
2022-09-02 10:00:00+00:00,6068.5,6131.5,6049.0,6127.5,21388
2022-09-02 14:00:00+00:00,6128.0,6178.5,6009.0,6016.0,29880
2022-09-02 18:00:00+00:00,6015.0,6043.0,6004.0,6025.0,4996
2022-09-05 06:00:00+00:00,6044.5,6074.0,5974.5,6069.0,20762
2022-09-05 10:00:00+00:00,6069.0,6098.5,6045.0,6089.0,10217
2022-09-05 14:00:00+00:00,6088.5,6105.5,6081.5,6082.5,8328
2022-09-05 18:00:00+00:00,6082.5,6085.0,6075.5,6078.5,328
2022-09-06 06:00:00+00:00,6081.5,6136.5,6073.0,6117.0,16508
2022-09-06 10:00:00+00:00,6116.5,6139.0,6078.0,6090.5,13803
2022-09-06 14:00:00+00:00,6089.5,6125.5,6059.0,6077.0,21051
2022-09-06 18:00:00+00:00,6076.5,6091.5,6061.5,6071.0,2772
2022-09-07 06:00:00+00:00,6039.0,6098.5,6030.5,6084.0,16608
2022-09-07 10:00:00+00:00,6083.5,6092.0,6045.5,6082.0,16102
2022-09-07 14:00:00+00:00,6081.0,6123.0,6073.0,6120.5,15594
2022-09-07 18:00:00+00:00,6121.5,6137.0,6115.5,6132.0,2831
2022-09-08 06:00:00+00:00,6142.0,6164.5,6105.0,6129.0,15503
2022-09-08 10:00:00+00:00,6129.5,6140.5,6033.5,6082.5,26612
2022-09-08 14:00:00+00:00,6082.5,6140.5,6042.0,6092.5,20957
2022-09-08 18:00:00+00:00,6092.5,6106.5,6077.0,6101.5,1913
2022-09-09 06:00:00+00:00,6126.0,6240.5,6118.0,6222.5,22811
2022-09-09 10:00:00+00:00,6222.0,6237.0,6195.0,6211.0,14591
2022-09-09 14:00:00+00:00,6211.0,6234.0,6208.5,6232.0,17441
2022-09-09 18:00:00+00:00,6232.0,6242.5,6226.5,6240.0,1345
2022-09-12 06:00:00+00:00,6258.5,6300.0,6224.0,6283.5,19342
2022-09-12 10:00:00+00:00,6282.0,6352.5,6277.5,6350.0,14283
2022-09-12 14:00:00+00:00,6350.5,6353.5,6305.0,6335.0,21292
2022-09-12 18:00:00+00:00,6334.5,6338.5,6320.5,6330.0,2784
2022-09-13 06:00:00+00:00,6337.5,6383.0,6331.0,6355.5,16826
2022-09-13 10:00:00+00:00,6354.5,6397.5,6260.5,6288.5,26431
2022-09-13 14:00:00+00:00,6288.5,6289.0,6239.0,6250.0,17368
2022-09-13 18:00:00+00:00,6250.0,6252.0,6187.0,6194.0,4144
2022-09-14 06:00:00+00:00,6197.5,6250.5,6184.0,6237.5,14886
2022-09-14 10:00:00+00:00,6237.5,6246.0,6182.0,6229.5,15671
2022-09-14 14:00:00+00:00,6230.0,6245.0,6186.5,6217.0,17131
2022-09-14 18:00:00+00:00,6216.0,6232.5,6195.0,6232.0,2109
2022-09-15 06:00:00+00:00,6215.0,6249.5,6208.0,6208.5,8220
2022-09-15 10:00:00+00:00,6209.0,6213.5,6143.0,6185.0,11068
2022-09-15 14:00:00+00:00,6185.5,6203.0,6142.0,6164.0,12366
2022-09-15 18:00:00+00:00,6162.0,6165.0,6125.5,6144.0,1673
2022-09-16 06:00:00+00:00,6101.0,6118.5,6047.5,6074.5,21222
2022-09-16 10:00:00+00:00,6074.0,6091.5,6056.5,6065.0,17801
2022-09-16 14:00:00+00:00,6065.0,6112.5,6048.5,6060.0,28187
2022-09-16 18:00:00+00:00,6060.5,6097.0,6059.5,6090.0,2312
2022-09-19 06:00:00+00:00,6071.0,6071.0,5969.0,5981.0,19285
2022-09-19 10:00:00+00:00,5981.0,6045.0,5973.5,6037.5,12790
2022-09-19 14:00:00+00:00,6037.0,6090.5,6029.0,6070.0,17233
2022-09-19 18:00:00+00:00,6070.5,6090.5,6062.5,6087.5,1843
2022-09-20 06:00:00+00:00,6094.0,6116.0,5995.5,6007.5,21664
2022-09-20 10:00:00+00:00,6007.5,6017.5,5973.0,5978.0,17575
2022-09-20 14:00:00+00:00,5977.5,5989.0,5919.0,5921.0,20782
2022-09-20 18:00:00+00:00,5921.0,5977.5,5921.0,5963.5,3474
2022-09-21 06:00:00+00:00,5945.5,5998.5,5916.0,5995.0,22263
2022-09-21 10:00:00+00:00,5995.0,6010.5,5980.0,5993.5,13126
2022-09-21 14:00:00+00:00,5992.0,6048.5,5989.5,6042.5,18589
2022-09-21 18:00:00+00:00,6041.0,6075.0,5963.5,5963.5,10919
2022-09-22 06:00:00+00:00,5945.5,6025.5,5927.0,5990.5,25406
2022-09-22 10:00:00+00:00,5990.5,6014.0,5939.5,5945.0,17762
2022-09-22 14:00:00+00:00,5944.0,5961.5,5917.5,5940.5,24704
2022-09-22 18:00:00+00:00,5938.0,5970.5,5922.0,5944.0,3034
2022-09-23 06:00:00+00:00,5938.0,5948.5,5846.0,5862.0,25868
2022-09-23 10:00:00+00:00,5862.5,5863.5,5766.5,5769.5,31630
2022-09-23 14:00:00+00:00,5768.5,5802.0,5757.0,5791.5,23765
2022-09-23 18:00:00+00:00,5790.5,5805.5,5762.0,5794.5,3351
2022-09-26 06:00:00+00:00,5738.5,5831.0,5736.5,5748.0,29746
2022-09-26 10:00:00+00:00,5748.0,5808.5,5736.0,5807.0,21820
2022-09-26 14:00:00+00:00,5807.0,5825.0,5744.5,5748.0,27116
2022-09-26 18:00:00+00:00,5747.5,5781.5,5747.0,5766.0,2994
2022-09-27 06:00:00+00:00,5795.0,5855.0,5774.0,5778.0,25147
2022-09-27 10:00:00+00:00,5777.5,5828.0,5777.5,5789.0,20103
2022-09-27 14:00:00+00:00,5789.0,5819.0,5694.5,5714.0,34098
2022-09-27 18:00:00+00:00,5712.0,5746.0,5710.5,5739.5,3415
2022-09-28 06:00:00+00:00,5717.5,5733.0,5651.0,5663.0,33682
2022-09-28 10:00:00+00:00,5662.0,5755.5,5658.5,5737.0,42909
2022-09-28 14:00:00+00:00,5736.0,5804.5,5721.0,5790.5,30885
2022-09-28 18:00:00+00:00,5790.5,5821.0,5785.0,5806.5,3296
2022-09-29 06:00:00+00:00,5767.5,5774.5,5659.0,5698.5,30526
2022-09-29 10:00:00+00:00,5698.5,5719.5,5654.0,5658.0,22318
2022-09-29 14:00:00+00:00,5658.5,5696.5,5628.5,5657.0,28728
2022-09-29 18:00:00+00:00,5657.5,5693.5,5649.0,5692.0,3427
2022-09-30 06:00:00+00:00,5669.5,5755.0,5666.5,5729.5,26807
2022-09-30 10:00:00+00:00,5728.5,5749.0,5688.0,5729.5,27700
2022-09-30 14:00:00+00:00,5730.5,5772.5,5702.5,5712.0,31847
2022-09-30 18:00:00+00:00,5712.0,5719.5,5683.5,5690.5,4446
2022-10-03 06:00:00+00:00,5695.0,5730.5,5654.5,5701.5,27337
2022-10-03 10:00:00+00:00,5701.5,5777.5,5694.5,5768.0,18853
2022-10-03 14:00:00+00:00,5770.0,5808.5,5768.0,5800.5,24531
2022-10-03 18:00:00+00:00,5801.0,5832.5,5800.0,5804.0,3062
2022-10-04 06:00:00+00:00,5868.0,5984.5,5851.5,5978.5,31849
2022-10-04 10:00:00+00:00,5978.0,6006.5,5969.5,6004.5,21047
2022-10-04 14:00:00+00:00,6004.0,6042.5,5991.0,6011.0,32877
2022-10-04 18:00:00+00:00,6011.0,6031.0,5997.0,6030.0,3050
2022-10-05 06:00:00+00:00,6021.5,6037.0,5975.0,5980.5,24559
2022-10-05 10:00:00+00:00,5980.5,6013.5,5976.5,5989.5,16984
2022-10-05 14:00:00+00:00,5989.5,6036.0,5953.5,6010.0,22152
2022-10-05 18:00:00+00:00,6011.0,6047.0,6009.5,6011.5,2463
2022-10-06 06:00:00+00:00,6056.5,6059.5,5966.5,5967.0,20873
2022-10-06 10:00:00+00:00,5967.0,5978.5,5939.5,5947.0,17919
2022-10-06 14:00:00+00:00,5947.0,5956.0,5916.0,5945.5,19599
2022-10-06 18:00:00+00:00,5944.5,5945.0,5921.5,5926.5,2878
2022-10-07 06:00:00+00:00,5923.5,5953.0,5907.5,5950.0,20283
2022-10-07 10:00:00+00:00,5950.5,5961.5,5860.5,5865.0,21979
2022-10-07 14:00:00+00:00,5865.5,5891.5,5845.0,5849.0,18099
2022-10-07 18:00:00+00:00,5848.5,5854.0,5823.5,5844.5,3421
2022-10-10 06:00:00+00:00,5805.0,5857.5,5786.5,5857.0,21287
2022-10-10 10:00:00+00:00,5857.0,5885.5,5837.5,5850.5,14002
2022-10-10 14:00:00+00:00,5852.0,5879.0,5811.0,5860.5,22783
2022-10-10 18:00:00+00:00,5860.0,5870.0,5843.0,5848.5,3332
2022-10-11 06:00:00+00:00,5821.5,5838.0,5770.5,5786.0,20970
2022-10-11 10:00:00+00:00,5785.5,5851.0,5778.5,5787.0,18105
2022-10-11 14:00:00+00:00,5786.0,5862.0,5777.0,5851.0,27934
2022-10-11 18:00:00+00:00,5850.5,5856.0,5783.5,5804.5,6059
2022-10-12 06:00:00+00:00,5833.0,5874.5,5793.0,5861.5,28015
2022-10-12 10:00:00+00:00,5861.0,5870.0,5788.0,5820.5,21950
2022-10-12 14:00:00+00:00,5822.0,5838.5,5806.0,5818.0,18716
2022-10-12 18:00:00+00:00,5818.5,5835.0,5805.5,5805.5,2486
2022-10-13 06:00:00+00:00,5804.0,5853.0,5776.5,5832.5,21984
2022-10-13 10:00:00+00:00,5834.0,5881.5,5703.0,5764.0,42740
2022-10-13 14:00:00+00:00,5764.0,5951.0,5760.5,5938.5,42780
2022-10-13 18:00:00+00:00,5937.0,5950.5,5915.0,5936.5,5104
2022-10-14 06:00:00+00:00,5984.0,5998.0,5921.0,5943.0,29333
2022-10-14 10:00:00+00:00,5944.0,6046.5,5942.0,5999.0,28639
2022-10-14 14:00:00+00:00,5998.5,5998.5,5908.0,5933.0,29483
2022-10-14 18:00:00+00:00,5933.0,5933.0,5897.5,5899.5,3554
2022-10-17 06:00:00+00:00,5941.0,5975.0,5909.0,5973.0,20088
2022-10-17 10:00:00+00:00,5972.5,6065.5,5964.0,6046.0,16955
2022-10-17 14:00:00+00:00,6047.0,6069.5,6025.0,6041.0,20656
2022-10-17 18:00:00+00:00,6042.0,6047.0,6027.0,6030.0,1969
2022-10-18 06:00:00+00:00,6101.5,6130.0,6056.5,6078.5,22093
2022-10-18 10:00:00+00:00,6078.0,6141.5,6064.5,6115.0,17304
2022-10-18 14:00:00+00:00,6116.0,6128.0,6054.5,6094.0,19188
2022-10-18 18:00:00+00:00,6094.0,6096.0,6057.0,6088.0,3002
2022-10-19 06:00:00+00:00,6105.5,6111.5,6045.5,6110.0,16160
2022-10-19 10:00:00+00:00,6111.0,6111.0,6040.5,6053.5,12628
2022-10-19 14:00:00+00:00,6052.5,6083.0,6007.5,6026.5,15558
2022-10-19 18:00:00+00:00,6025.0,6047.0,6023.5,6042.5,1794
2022-10-20 06:00:00+00:00,6040.0,6069.5,6029.5,6042.5,11460
2022-10-20 10:00:00+00:00,6043.0,6090.5,6036.0,6068.5,10034
2022-10-20 14:00:00+00:00,6070.0,6105.0,6040.0,6048.0,11716
2022-10-20 18:00:00+00:00,6047.0,6062.0,6035.0,6051.5,1179
2022-10-21 06:00:00+00:00,6036.0,6042.5,5975.0,5992.5,28631
2022-10-21 10:00:00+00:00,5992.5,6044.5,5953.5,6043.0,22236
2022-10-21 14:00:00+00:00,6044.5,6078.0,6007.0,6075.5,25740
2022-10-21 18:00:00+00:00,6076.0,6095.0,6065.0,6093.0,3768
2022-10-24 06:00:00+00:00,6075.5,6120.5,6042.5,6098.0,19576
2022-10-24 10:00:00+00:00,6099.0,6181.0,6099.0,6168.5,21607
2022-10-24 14:00:00+00:00,6168.0,6170.0,6109.0,6145.0,19638
2022-10-24 18:00:00+00:00,6146.0,6169.0,6145.0,6156.0,2934
2022-10-25 06:00:00+00:00,6166.0,6188.0,6136.5,6151.5,15777
2022-10-25 10:00:00+00:00,6151.5,6219.0,6137.5,6212.0,14704
2022-10-25 14:00:00+00:00,6213.0,6266.0,6207.5,6243.5,21242
2022-10-25 18:00:00+00:00,6243.0,6269.5,6242.0,6268.0,2219
2022-10-26 06:00:00+00:00,6247.0,6278.0,6238.5,6246.5,18725
2022-10-26 10:00:00+00:00,6247.0,6261.0,6221.0,6241.0,16615
2022-10-26 14:00:00+00:00,6241.5,6294.5,6241.5,6271.0,19739
2022-10-26 18:00:00+00:00,6270.5,6276.5,6249.0,6252.5,1944
2022-10-27 06:00:00+00:00,6273.5,6284.0,6228.5,6229.5,17903
2022-10-27 10:00:00+00:00,6230.0,6273.5,6195.5,6234.5,22139
2022-10-27 14:00:00+00:00,6234.0,6275.5,6229.5,6246.0,21271
2022-10-27 18:00:00+00:00,6246.0,6249.5,6223.0,6225.0,1823
2022-10-28 06:00:00+00:00,6210.0,6231.0,6184.5,6230.0,20035
2022-10-28 10:00:00+00:00,6230.0,6274.0,6218.5,6262.5,14923
2022-10-28 14:00:00+00:00,6263.5,6309.0,6245.5,6301.5,16170
2022-10-28 18:00:00+00:00,6302.0,6323.0,6298.5,6321.0,1901
2022-10-31 07:00:00+00:00,6286.5,6297.5,6244.5,6268.0,15376
2022-10-31 11:00:00+00:00,6269.0,6285.5,6253.5,6280.5,12967
2022-10-31 15:00:00+00:00,6280.5,6295.5,6262.5,6281.0,17958
2022-10-31 19:00:00+00:00,6280.5,6280.5,6257.0,6272.5,2482
2022-11-01 07:00:00+00:00,6318.5,6384.5,6313.5,6380.5,19231
2022-11-01 11:00:00+00:00,6380.5,6385.5,6313.5,6318.5,18646
2022-11-01 15:00:00+00:00,6318.0,6349.0,6306.0,6346.5,17598
2022-11-01 19:00:00+00:00,6345.5,6348.0,6329.0,6342.0,1021
2022-11-02 07:00:00+00:00,6349.5,6379.0,6314.0,6320.5,17335
2022-11-02 11:00:00+00:00,6320.0,6328.0,6280.5,6282.0,17282
2022-11-02 15:00:00+00:00,6281.5,6334.0,6256.5,6270.0,20680
2022-11-02 19:00:00+00:00,6269.5,6291.0,6218.5,6220.0,3909
2022-11-03 07:00:00+00:00,6224.0,6247.0,6204.5,6229.5,20869
2022-11-03 11:00:00+00:00,6229.5,6241.0,6191.5,6239.0,17475
2022-11-03 15:00:00+00:00,6239.5,6249.0,6224.5,6247.0,15579
2022-11-03 19:00:00+00:00,6247.5,6253.5,6228.0,6240.5,1453
2022-11-04 07:00:00+00:00,6281.0,6382.5,6271.5,6380.5,22661
2022-11-04 11:00:00+00:00,6380.5,6468.0,6338.0,6448.5,31220
2022-11-04 15:00:00+00:00,6449.0,6453.5,6373.5,6416.5,24762
2022-11-04 19:00:00+00:00,6417.0,6438.0,6412.0,6429.0,2437
2022-11-07 07:00:00+00:00,6410.0,6444.5,6364.5,6430.0,23534
2022-11-07 11:00:00+00:00,6430.5,6443.0,6404.5,6408.5,14618
2022-11-07 15:00:00+00:00,6409.0,6427.5,6399.0,6414.0,15553
2022-11-07 19:00:00+00:00,6414.0,6432.5,6410.5,6411.0,3221
2022-11-08 07:00:00+00:00,6414.5,6420.5,6377.5,6404.0,14476
2022-11-08 11:00:00+00:00,6404.0,6430.0,6402.0,6421.0,10811
2022-11-08 15:00:00+00:00,6420.5,6452.5,6407.5,6411.5,18016
2022-11-08 19:00:00+00:00,6411.0,6446.0,6388.0,6424.5,3153
2022-11-09 07:00:00+00:00,6415.5,6448.0,6405.5,6426.0,13622
2022-11-09 11:00:00+00:00,6426.0,6433.0,6408.5,6417.5,9777
2022-11-09 15:00:00+00:00,6416.5,6446.0,6402.0,6409.0,19442
2022-11-09 19:00:00+00:00,6409.0,6417.5,6387.5,6387.5,1781
2022-11-10 07:00:00+00:00,6394.0,6422.5,6380.5,6400.0,19166
2022-11-10 11:00:00+00:00,6400.0,6543.0,6383.5,6538.0,34422
2022-11-10 15:00:00+00:00,6538.0,6579.0,6535.5,6554.5,32016
2022-11-10 19:00:00+00:00,6555.5,6579.0,6550.0,6578.0,3139
2022-11-11 07:00:00+00:00,6624.5,6642.5,6579.5,6593.0,29080
2022-11-11 11:00:00+00:00,6592.5,6597.0,6572.5,6594.0,15609
2022-11-11 15:00:00+00:00,6594.5,6635.0,6574.0,6631.0,20575
2022-11-11 19:00:00+00:00,6631.5,6642.5,6624.5,6634.0,3060
2022-11-14 07:00:00+00:00,6619.5,6632.5,6604.5,6610.0,20217
2022-11-14 11:00:00+00:00,6610.5,6645.0,6607.0,6642.5,12332
2022-11-14 15:00:00+00:00,6643.0,6662.5,6603.0,6627.5,20899
2022-11-14 19:00:00+00:00,6627.5,6628.0,6579.0,6579.5,2061
2022-11-15 07:00:00+00:00,6618.0,6645.5,6617.5,6630.0,15962
2022-11-15 11:00:00+00:00,6630.0,6688.0,6624.5,6638.0,17379
2022-11-15 15:00:00+00:00,6638.0,6667.5,6541.0,6568.0,20702
2022-11-15 19:00:00+00:00,6568.5,6614.5,6545.5,6591.5,5610
2022-11-16 07:00:00+00:00,6628.5,6659.0,6617.5,6622.0,14686
2022-11-16 11:00:00+00:00,6621.5,6627.0,6587.5,6589.0,13408
2022-11-16 15:00:00+00:00,6589.0,6627.0,6589.0,6600.0,14309
2022-11-16 19:00:00+00:00,6600.0,6613.0,6597.5,6601.5,1443
2022-11-17 07:00:00+00:00,6622.0,6636.5,6551.5,6553.0,8728
2022-11-17 11:00:00+00:00,6552.5,6568.5,6522.5,6544.5,10398
2022-11-17 15:00:00+00:00,6544.5,6608.0,6541.0,6602.0,9090
2022-11-17 19:00:00+00:00,6601.0,6612.0,6585.5,6606.5,495
2022-11-18 07:00:00+00:00,6607.0,6662.5,6597.5,6658.0,21482
2022-11-18 11:00:00+00:00,6658.0,6662.0,6632.5,6637.0,13335
2022-11-18 15:00:00+00:00,6637.5,6647.0,6620.5,6632.5,16470
2022-11-18 19:00:00+00:00,6633.0,6658.5,6633.0,6652.5,1540
2022-11-21 07:00:00+00:00,6624.5,6635.5,6609.5,6629.0,15363
2022-11-21 11:00:00+00:00,6629.0,6646.0,6617.5,6643.5,10052
2022-11-21 15:00:00+00:00,6643.5,6662.0,6618.5,6649.0,15208
2022-11-21 19:00:00+00:00,6649.5,6658.0,6649.0,6652.5,1474
2022-11-22 07:00:00+00:00,6646.5,6664.0,6612.5,6636.0,17213
2022-11-22 11:00:00+00:00,6637.0,6657.5,6615.5,6654.5,10672
2022-11-22 15:00:00+00:00,6654.0,6674.5,6651.5,6673.0,13992
2022-11-22 19:00:00+00:00,6673.0,6685.5,6668.0,6685.0,1582
2022-11-23 07:00:00+00:00,6684.5,6687.0,6638.5,6655.5,12839
2022-11-23 11:00:00+00:00,6656.0,6667.5,6642.0,6664.0,10345
2022-11-23 15:00:00+00:00,6663.0,6679.0,6650.0,6670.5,12488
2022-11-23 19:00:00+00:00,6670.5,6684.0,6661.5,6677.5,1767
2022-11-24 07:00:00+00:00,6678.0,6727.0,6675.5,6726.5,12130
2022-11-24 11:00:00+00:00,6726.5,6727.0,6687.5,6698.0,8343
2022-11-24 15:00:00+00:00,6698.5,6710.5,6697.5,6705.0,6375
2022-11-24 19:00:00+00:00,6704.0,6706.0,6703.0,6705.0,133
2022-11-25 07:00:00+00:00,6705.0,6722.0,6685.0,6716.0,13163
2022-11-25 11:00:00+00:00,6716.5,6722.0,6695.5,6699.0,9664
2022-11-25 15:00:00+00:00,6699.0,6722.0,6694.0,6716.0,11798
2022-11-25 19:00:00+00:00,6716.5,6718.5,6714.0,6715.5,113
2022-11-28 07:00:00+00:00,6681.5,6693.0,6639.5,6656.5,19667
2022-11-28 11:00:00+00:00,6656.5,6674.0,6640.5,6662.0,13114
2022-11-28 15:00:00+00:00,6661.5,6684.5,6654.0,6656.5,19284
2022-11-28 19:00:00+00:00,6656.5,6658.5,6642.5,6651.0,1681
2022-11-29 07:00:00+00:00,6686.5,6707.0,6647.0,6673.5,18563
2022-11-29 11:00:00+00:00,6673.5,6690.0,6655.0,6683.5,12464
2022-11-29 15:00:00+00:00,6683.5,6698.0,6660.5,6698.0,17456
2022-11-29 19:00:00+00:00,6698.5,6704.0,6688.0,6695.0,1438
2022-11-30 07:00:00+00:00,6700.5,6734.0,6676.0,6706.0,19546
2022-11-30 11:00:00+00:00,6706.0,6729.0,6698.0,6724.0,12745
2022-11-30 15:00:00+00:00,6724.5,6768.5,6702.0,6764.0,26131
2022-11-30 19:00:00+00:00,6763.0,6797.5,6763.0,6792.0,6278
2022-12-01 07:00:00+00:00,6796.5,6797.0,6731.0,6742.0,25177
2022-12-01 11:00:00+00:00,6742.0,6775.5,6739.0,6765.5,15766
2022-12-01 15:00:00+00:00,6766.0,6773.5,6733.0,6752.5,20681
2022-12-01 19:00:00+00:00,6753.5,6759.5,6745.5,6748.5,2415
2022-12-02 07:00:00+00:00,6727.0,6752.5,6717.0,6748.0,15150
2022-12-02 11:00:00+00:00,6747.5,6769.0,6688.5,6745.0,21407
2022-12-02 15:00:00+00:00,6745.5,6757.0,6730.5,6740.0,14435
2022-12-02 19:00:00+00:00,6741.0,6758.5,6734.5,6748.5,1987
2022-12-05 07:00:00+00:00,6740.5,6748.5,6713.0,6718.5,16188
2022-12-05 11:00:00+00:00,6718.5,6728.0,6696.0,6699.0,13424
2022-12-05 15:00:00+00:00,6698.5,6716.5,6677.5,6682.0,15899
2022-12-05 19:00:00+00:00,6681.5,6691.5,6675.0,6686.5,2246
2022-12-06 07:00:00+00:00,6686.5,6709.5,6659.0,6680.0,20427
2022-12-06 11:00:00+00:00,6680.0,6702.0,6669.0,6687.5,13745
2022-12-06 15:00:00+00:00,6687.5,6691.0,6651.0,6662.0,24954
2022-12-06 19:00:00+00:00,6662.5,6703.5,6659.0,6701.5,5825
2022-12-07 07:00:00+00:00,6698.0,6702.0,6649.5,6666.0,17531
2022-12-07 11:00:00+00:00,6666.0,6686.5,6643.5,6670.0,15294
2022-12-07 15:00:00+00:00,6669.5,6699.5,6643.5,6670.5,20683
2022-12-07 19:00:00+00:00,6671.0,6682.0,6664.5,6673.5,2003
2022-12-08 07:00:00+00:00,6666.5,6690.0,6645.5,6654.0,14649
2022-12-08 11:00:00+00:00,6653.0,6672.5,6629.0,6655.0,15255
2022-12-08 15:00:00+00:00,6655.5,6672.0,6645.5,6666.0,14938
2022-12-08 19:00:00+00:00,6666.0,6667.5,6647.0,6661.0,2579
2022-12-09 07:00:00+00:00,6678.5,6682.0,6625.5,6663.0,16386
2022-12-09 11:00:00+00:00,6663.0,6683.0,6612.0,6666.0,20290
2022-12-09 15:00:00+00:00,6669.5,6686.0,6656.0,6669.5,15672
2022-12-09 19:00:00+00:00,6669.0,6675.5,6642.0,6651.5,1879
2022-12-12 07:00:00+00:00,6651.0,6683.0,6636.5,6680.5,15567
2022-12-12 11:00:00+00:00,6680.0,6681.0,6636.5,6651.0,11604
2022-12-12 15:00:00+00:00,6650.5,6665.0,6634.5,6658.5,14138
2022-12-12 19:00:00+00:00,6659.0,6685.5,6655.0,6685.5,3444
2022-12-13 07:00:00+00:00,6677.0,6702.5,6642.5,6692.5,18833
2022-12-13 11:00:00+00:00,6693.0,6825.0,6690.0,6818.5,26259
2022-12-13 15:00:00+00:00,6818.5,6820.5,6700.5,6728.5,27067
2022-12-13 19:00:00+00:00,6728.5,6741.0,6712.5,6725.5,3024
2022-12-14 07:00:00+00:00,6739.0,6739.0,6697.0,6704.5,14568
2022-12-14 11:00:00+00:00,6703.5,6733.5,6694.0,6730.5,12407
2022-12-14 15:00:00+00:00,6731.0,6745.0,6713.0,6737.0,10416
2022-12-14 19:00:00+00:00,6736.0,6736.0,6682.0,6690.0,5457
2022-12-15 07:00:00+00:00,6702.0,6702.0,6636.5,6652.5,12344
2022-12-15 11:00:00+00:00,6653.0,6669.0,6509.0,6516.0,23197
2022-12-15 15:00:00+00:00,6517.5,6557.5,6501.5,6528.5,17012
2022-12-15 19:00:00+00:00,6528.0,6539.0,6522.0,6525.0,1100
2022-12-16 07:00:00+00:00,6541.5,6546.5,6424.0,6429.5,28014
2022-12-16 11:00:00+00:00,6430.0,6463.5,6420.0,6454.5,23589
2022-12-16 15:00:00+00:00,6455.0,6465.5,6423.5,6448.5,22219
2022-12-16 19:00:00+00:00,6447.0,6481.5,6447.0,6474.0,1937
2022-12-19 07:00:00+00:00,6478.0,6512.5,6466.0,6494.5,16981
2022-12-19 11:00:00+00:00,6495.0,6503.0,6475.5,6483.5,10474
2022-12-19 15:00:00+00:00,6483.0,6495.0,6461.0,6461.5,11474
2022-12-19 19:00:00+00:00,6461.0,6466.0,6445.0,6463.0,1986
2022-12-20 07:00:00+00:00,6416.0,6448.0,6388.5,6446.5,18263
2022-12-20 11:00:00+00:00,6446.5,6470.5,6436.5,6448.0,11778
2022-12-20 15:00:00+00:00,6447.5,6476.0,6444.5,6469.0,14412
2022-12-20 19:00:00+00:00,6469.5,6476.5,6457.0,6458.0,1371
2022-12-21 07:00:00+00:00,6482.5,6525.0,6466.5,6511.5,13003
2022-12-21 11:00:00+00:00,6511.0,6542.0,6508.5,6535.0,10631
2022-12-21 15:00:00+00:00,6536.5,6588.5,6533.0,6576.5,19542
2022-12-21 19:00:00+00:00,6577.0,6589.0,6569.5,6573.0,1876
2022-12-22 07:00:00+00:00,6596.0,6615.5,6567.0,6578.5,14037
2022-12-22 11:00:00+00:00,6579.0,6582.5,6511.5,6521.0,12613
2022-12-22 15:00:00+00:00,6521.0,6521.0,6476.5,6485.0,15518
2022-12-22 19:00:00+00:00,6485.0,6528.0,6483.5,6528.0,2269
2022-12-23 07:00:00+00:00,6530.0,6535.5,6504.5,6522.0,11905
2022-12-23 11:00:00+00:00,6522.0,6530.5,6474.5,6483.5,10443
2022-12-23 15:00:00+00:00,6484.0,6522.5,6479.0,6498.0,9395
2022-12-23 19:00:00+00:00,6497.0,6518.5,6495.0,6514.5,605
2022-12-27 07:00:00+00:00,6552.0,6580.0,6541.0,6568.5,9361
2022-12-27 11:00:00+00:00,6568.5,6577.5,6545.5,6546.5,6115
2022-12-27 15:00:00+00:00,6546.0,6563.0,6538.0,6539.0,7877
2022-12-27 19:00:00+00:00,6540.5,6552.0,6534.0,6539.0,1285
2022-12-28 07:00:00+00:00,6550.5,6568.0,6535.0,6558.0,8692
2022-12-28 11:00:00+00:00,6558.5,6572.0,6534.0,6536.5,7883
2022-12-28 15:00:00+00:00,6536.5,6541.0,6486.5,6502.0,12308
2022-12-28 19:00:00+00:00,6502.0,6507.0,6482.0,6482.0,1712
2022-12-29 07:00:00+00:00,6490.0,6521.5,6471.5,6518.0,11635
2022-12-29 11:00:00+00:00,6518.0,6553.5,6510.0,6551.0,7953
2022-12-29 15:00:00+00:00,6551.5,6582.5,6550.0,6574.5,12852
2022-12-29 19:00:00+00:00,6574.5,6578.0,6560.0,6561.0,1047
2022-12-30 07:00:00+00:00,6544.5,6547.5,6515.5,6526.0,11347
2022-12-30 11:00:00+00:00,6526.0,6530.0,6495.5,6505.0,9074
2022-12-30 15:00:00+00:00,6504.5,6514.0,6458.0,6465.0,17068
2022-12-30 19:00:00+00:00,6464.5,6487.0,6458.0,6460.0,1613
2023-01-02 07:00:00+00:00,6482.0,6584.0,6482.0,6561.5,11632
2023-01-02 11:00:00+00:00,6561.0,6589.0,6559.5,6585.0,6955
2023-01-02 15:00:00+00:00,6585.5,6607.5,6577.5,6588.0,7964
2023-01-02 19:00:00+00:00,6592.5,6595.0,6584.5,6590.5,158
2023-01-03 07:00:00+00:00,6566.0,6701.5,6548.0,6679.0,27422
2023-01-03 11:00:00+00:00,6679.5,6681.5,6624.0,6641.5,18136
2023-01-03 15:00:00+00:00,6642.0,6667.5,6612.0,6634.5,21709
2023-01-03 19:00:00+00:00,6634.5,6647.5,6612.5,6647.5,2096
2023-01-04 07:00:00+00:00,6652.5,6733.0,6641.5,6729.0,20511
2023-01-04 11:00:00+00:00,6729.5,6784.5,6726.5,6777.5,16963
2023-01-04 15:00:00+00:00,6777.5,6794.5,6746.0,6782.0,23726
2023-01-04 19:00:00+00:00,6782.0,6792.0,6760.0,6782.0,3126
2023-01-05 07:00:00+00:00,6756.5,6772.0,6733.0,6768.5,19700
2023-01-05 11:00:00+00:00,6769.0,6788.5,6754.5,6774.0,13560
2023-01-05 15:00:00+00:00,6773.5,6799.0,6760.5,6778.0,16549
2023-01-05 19:00:00+00:00,6777.5,6788.0,6767.5,6768.5,1116
2023-01-06 07:00:00+00:00,6800.5,6813.5,6760.0,6777.5,15350
2023-01-06 11:00:00+00:00,6777.0,6837.5,6774.0,6798.0,17828
2023-01-06 15:00:00+00:00,6798.0,6878.5,6798.0,6874.5,17532
2023-01-06 19:00:00+00:00,6874.5,6891.0,6873.5,6884.5,2392
2023-01-09 07:00:00+00:00,6893.0,6900.0,6853.5,6878.5,18959
2023-01-09 11:00:00+00:00,6879.0,6911.0,6875.0,6910.0,12961
2023-01-09 15:00:00+00:00,6910.5,6931.5,6888.0,6897.0,19114
2023-01-09 19:00:00+00:00,6897.5,6901.5,6873.5,6875.0,2015
2023-01-10 07:00:00+00:00,6870.5,6891.0,6858.5,6862.0,17255
2023-01-10 11:00:00+00:00,6862.5,6875.0,6848.5,6866.5,14120
2023-01-10 15:00:00+00:00,6867.5,6894.5,6861.0,6892.0,16972
2023-01-10 19:00:00+00:00,6892.5,6905.0,6889.5,6903.5,1407
2023-01-11 07:00:00+00:00,6896.5,6928.0,6875.5,6927.5,18621
2023-01-11 11:00:00+00:00,6927.0,6948.0,6925.0,6946.0,10866
2023-01-11 15:00:00+00:00,6946.0,6950.0,6920.0,6940.5,14085
2023-01-11 19:00:00+00:00,6941.0,6963.0,6937.0,6963.0,1467
2023-01-12 07:00:00+00:00,6952.0,6987.0,6939.0,6976.0,14848
2023-01-12 11:00:00+00:00,6975.5,7019.5,6945.5,6966.5,23718
2023-01-12 15:00:00+00:00,6967.5,7010.0,6965.0,7007.5,20458
2023-01-12 19:00:00+00:00,7008.0,7009.0,6991.0,6999.0,1846
2023-01-13 07:00:00+00:00,6992.0,7031.0,6985.5,7010.0,17769
2023-01-13 11:00:00+00:00,7009.5,7027.0,6978.5,7022.0,15128
2023-01-13 15:00:00+00:00,7020.5,7048.5,7017.5,7047.0,13674
2023-01-13 19:00:00+00:00,7047.5,7058.0,7039.0,7054.0,1991
2023-01-16 07:00:00+00:00,7050.0,7051.5,7017.5,7039.0,11471
2023-01-16 11:00:00+00:00,7038.5,7054.5,7036.0,7050.0,7137
2023-01-16 15:00:00+00:00,7050.5,7054.5,7041.0,7042.0,8166
2023-01-16 19:00:00+00:00,7042.5,7044.0,7039.0,7039.5,213
2023-01-17 07:00:00+00:00,7035.5,7060.5,7025.5,7025.5,16424
2023-01-17 11:00:00+00:00,7025.5,7074.5,7023.0,7070.0,10760
2023-01-17 15:00:00+00:00,7070.5,7108.0,7053.5,7082.0,19519
2023-01-17 19:00:00+00:00,7081.5,7083.0,7072.5,7078.5,1490
2023-01-18 07:00:00+00:00,7086.0,7104.5,7066.5,7091.0,13594
2023-01-18 11:00:00+00:00,7090.5,7118.5,7085.5,7102.5,14612
2023-01-18 15:00:00+00:00,7103.0,7110.5,7066.0,7075.5,15824
2023-01-18 19:00:00+00:00,7075.5,7078.0,7051.0,7051.0,2242
2023-01-19 07:00:00+00:00,7046.0,7058.0,6976.0,6994.5,13414
2023-01-19 11:00:00+00:00,6995.0,7003.5,6946.0,6964.5,12515
2023-01-19 15:00:00+00:00,6965.0,6993.0,6949.5,6987.0,11247
2023-01-19 19:00:00+00:00,6987.0,6995.5,6979.5,6984.5,948
2023-01-20 07:00:00+00:00,7005.0,7025.5,6974.5,7015.0,19924
2023-01-20 11:00:00+00:00,7014.5,7017.0,6986.0,7002.0,13291
2023-01-20 15:00:00+00:00,7002.0,7014.5,6990.0,7012.0,11722
2023-01-20 19:00:00+00:00,7011.5,7035.0,7010.5,7035.0,2705
2023-01-23 07:00:00+00:00,7028.5,7040.5,6997.0,7010.0,15216
2023-01-23 11:00:00+00:00,7009.5,7036.0,7002.5,7022.5,8843
2023-01-23 15:00:00+00:00,7023.0,7061.5,7022.5,7059.0,13793
2023-01-23 19:00:00+00:00,7059.0,7062.0,7037.5,7062.0,2693
2023-01-24 07:00:00+00:00,7062.5,7075.5,7029.0,7042.0,12702
2023-01-24 11:00:00+00:00,7041.5,7048.0,7020.5,7021.5,9973
2023-01-24 15:00:00+00:00,7021.0,7077.5,7020.0,7076.0,13022
2023-01-24 19:00:00+00:00,7076.0,7078.0,7063.0,7070.0,1471
2023-01-25 07:00:00+00:00,7057.0,7083.0,7008.5,7031.0,15154
2023-01-25 11:00:00+00:00,7031.5,7045.5,7019.0,7022.5,11214
2023-01-25 15:00:00+00:00,7021.5,7078.0,7019.0,7074.0,15225
2023-01-25 19:00:00+00:00,7074.5,7088.0,7071.0,7085.5,2515
2023-01-26 07:00:00+00:00,7095.5,7113.0,7087.0,7105.5,13764
2023-01-26 11:00:00+00:00,7106.0,7126.0,7093.0,7102.5,12197
2023-01-26 15:00:00+00:00,7103.0,7113.5,7089.5,7102.5,18609
2023-01-26 19:00:00+00:00,7101.5,7121.5,7100.0,7115.0,1887
2023-01-27 07:00:00+00:00,7107.0,7122.0,7077.5,7119.5,15275
2023-01-27 11:00:00+00:00,7119.0,7126.0,7070.0,7096.5,13185
2023-01-27 15:00:00+00:00,7096.5,7113.5,7088.5,7110.0,12045
2023-01-27 19:00:00+00:00,7111.0,7124.5,7106.5,7108.0,1888
2023-01-30 07:00:00+00:00,7077.5,7087.0,7044.5,7065.0,19395
2023-01-30 11:00:00+00:00,7064.5,7100.0,7037.5,7100.0,11798
2023-01-30 15:00:00+00:00,7100.5,7112.5,7082.5,7089.0,15870
2023-01-30 19:00:00+00:00,7089.5,7091.5,7075.5,7079.0,1517
2023-01-31 07:00:00+00:00,7066.0,7093.5,7037.0,7038.0,16641
2023-01-31 11:00:00+00:00,7037.5,7091.0,7032.5,7072.5,13453
2023-01-31 15:00:00+00:00,7071.5,7104.0,7068.5,7103.5,17799
2023-01-31 19:00:00+00:00,7104.0,7129.5,7103.0,7126.0,2537
2023-02-01 07:00:00+00:00,7103.0,7119.0,7081.5,7081.5,16478
2023-02-01 11:00:00+00:00,7082.0,7112.5,7078.0,7104.5,9802
2023-02-01 15:00:00+00:00,7106.0,7110.0,7061.0,7076.5,14320
2023-02-01 19:00:00+00:00,7075.0,7151.5,7056.5,7128.0,5776
2023-02-02 07:00:00+00:00,7125.5,7165.5,7111.5,7127.0,19089
2023-02-02 11:00:00+00:00,7127.0,7177.5,7084.0,7162.5,28534
2023-02-02 15:00:00+00:00,7162.0,7192.5,7136.0,7186.0,28253
2023-02-02 19:00:00+00:00,7185.5,7188.0,7149.5,7177.5,3262
2023-02-03 07:00:00+00:00,7160.0,7162.5,7118.5,7156.5,16804
2023-02-03 11:00:00+00:00,7156.0,7200.5,7136.0,7181.0,20728
2023-02-03 15:00:00+00:00,7181.0,7243.0,7171.0,7210.5,24536
2023-02-03 19:00:00+00:00,7210.0,7219.0,7199.0,7215.5,1770
2023-02-06 07:00:00+00:00,7185.0,7193.0,7119.0,7129.5,21035
2023-02-06 11:00:00+00:00,7129.5,7154.0,7116.5,7138.5,14674
2023-02-06 15:00:00+00:00,7139.0,7151.0,7109.5,7149.0,18925
2023-02-06 19:00:00+00:00,7150.0,7159.0,7143.0,7156.5,2032
2023-02-07 07:00:00+00:00,7156.0,7165.0,7114.0,7145.0,17339
2023-02-07 11:00:00+00:00,7145.0,7155.0,7116.5,7126.0,11451
2023-02-07 15:00:00+00:00,7125.5,7174.0,7109.5,7127.0,18076
2023-02-07 19:00:00+00:00,7127.5,7193.5,7127.0,7189.5,4109
2023-02-08 07:00:00+00:00,7186.5,7197.5,7153.5,7193.5,19678
2023-02-08 11:00:00+00:00,7193.0,7196.0,7155.5,7163.5,13447
2023-02-08 15:00:00+00:00,7163.0,7165.0,7114.5,7135.5,19310
2023-02-08 19:00:00+00:00,7135.5,7139.0,7122.0,7134.0,2004
2023-02-09 07:00:00+00:00,7160.5,7231.0,7160.5,7227.0,19461
2023-02-09 11:00:00+00:00,7227.5,7227.5,7202.0,7205.0,12749
2023-02-09 15:00:00+00:00,7204.5,7206.0,7181.5,7187.0,20684
2023-02-09 19:00:00+00:00,7187.0,7190.5,7155.5,7169.0,3056
2023-02-10 07:00:00+00:00,7163.5,7186.0,7119.5,7132.5,23749
2023-02-10 11:00:00+00:00,7132.0,7132.5,7076.5,7119.0,18911
2023-02-10 15:00:00+00:00,7119.5,7149.5,7105.0,7137.0,19373
2023-02-10 19:00:00+00:00,7137.0,7155.0,7135.5,7150.0,1406
2023-02-13 07:00:00+00:00,7130.5,7185.0,7127.0,7177.0,15177
2023-02-13 11:00:00+00:00,7177.0,7202.0,7170.5,7201.5,11064
2023-02-13 15:00:00+00:00,7202.5,7229.5,7190.5,7229.0,13213
2023-02-13 19:00:00+00:00,7229.5,7235.0,7217.5,7234.5,1310
2023-02-14 07:00:00+00:00,7215.5,7253.0,7206.5,7246.0,13333
2023-02-14 11:00:00+00:00,7246.0,7276.0,7206.0,7252.0,19217
2023-02-14 15:00:00+00:00,7252.0,7270.5,7205.0,7249.0,20756
2023-02-14 19:00:00+00:00,7249.5,7271.5,7238.0,7262.5,2053
2023-02-15 07:00:00+00:00,7219.0,7296.5,7199.5,7292.5,14979
2023-02-15 11:00:00+00:00,7292.5,7321.0,7276.5,7286.5,14805
2023-02-15 15:00:00+00:00,7286.0,7323.0,7282.5,7322.0,15617
2023-02-15 19:00:00+00:00,7322.0,7334.0,7319.0,7333.0,1192
2023-02-16 07:00:00+00:00,7334.0,7389.5,7333.5,7369.5,9821
2023-02-16 11:00:00+00:00,7369.0,7381.5,7326.5,7334.5,10153
2023-02-16 15:00:00+00:00,7334.5,7383.0,7330.0,7374.5,12430
2023-02-16 19:00:00+00:00,7375.0,7383.5,7345.5,7356.5,1024
2023-02-17 07:00:00+00:00,7332.0,7345.5,7276.0,7322.5,24095
2023-02-17 11:00:00+00:00,7322.0,7367.0,7308.0,7352.0,18015
2023-02-17 15:00:00+00:00,7352.0,7382.5,7351.5,7373.0,18727
2023-02-17 19:00:00+00:00,7374.0,7390.5,7372.0,7384.5,2159
2023-02-20 07:00:00+00:00,7385.0,7390.0,7330.5,7356.0,13691
2023-02-20 11:00:00+00:00,7356.5,7359.0,7343.0,7349.5,7234
2023-02-20 15:00:00+00:00,7349.0,7352.5,7335.0,7343.0,6507
2023-02-20 19:00:00+00:00,7343.0,7345.0,7339.5,7340.0,239
2023-02-21 07:00:00+00:00,7339.5,7355.5,7251.5,7306.5,24473
2023-02-21 11:00:00+00:00,7306.0,7339.0,7297.5,7322.0,11379
2023-02-21 15:00:00+00:00,7322.0,7337.0,7308.5,7311.5,13112
2023-02-21 19:00:00+00:00,7311.5,7316.5,7299.5,7303.0,2012
2023-02-22 07:00:00+00:00,7295.0,7309.5,7244.0,7258.0,22456
2023-02-22 11:00:00+00:00,7258.0,7320.0,7241.0,7292.5,14194
2023-02-22 15:00:00+00:00,7293.0,7335.5,7274.5,7330.0,16200
2023-02-22 19:00:00+00:00,7330.0,7338.5,7298.0,7311.5,3532
2023-02-23 07:00:00+00:00,7331.5,7349.0,7310.0,7332.5,17262
2023-02-23 11:00:00+00:00,7332.0,7369.5,7321.0,7362.0,12930
2023-02-23 15:00:00+00:00,7362.5,7366.0,7311.0,7334.0,17539
2023-02-23 19:00:00+00:00,7334.5,7377.0,7331.5,7368.5,2684
2023-02-24 07:00:00+00:00,7365.0,7376.5,7319.5,7332.5,16192
2023-02-24 11:00:00+00:00,7332.5,7333.0,7219.5,7232.5,24275
2023-02-24 15:00:00+00:00,7230.0,7247.5,7188.5,7215.5,26845
2023-02-24 19:00:00+00:00,7216.0,7233.5,7210.5,7228.5,3398
2023-02-27 07:00:00+00:00,7229.5,7317.5,7229.5,7307.0,24579
2023-02-27 11:00:00+00:00,7306.5,7334.5,7306.0,7327.5,13512
2023-02-27 15:00:00+00:00,7327.5,7332.0,7297.5,7321.0,17870
2023-02-27 19:00:00+00:00,7321.0,7324.5,7302.0,7308.0,1452
2023-02-28 07:00:00+00:00,7307.5,7308.5,7257.5,7304.5,17740
2023-02-28 11:00:00+00:00,7305.5,7328.0,7283.5,7285.5,13161
2023-02-28 15:00:00+00:00,7285.5,7299.0,7267.0,7279.0,23516
2023-02-28 19:00:00+00:00,7279.5,7283.0,7257.0,7264.5,2296
2023-03-01 07:00:00+00:00,7285.5,7323.5,7278.5,7321.0,19516
2023-03-01 11:00:00+00:00,7321.5,7336.0,7276.0,7297.0,13982
2023-03-01 15:00:00+00:00,7304.0,7304.0,7226.0,7245.0,22598
2023-03-01 19:00:00+00:00,7244.5,7257.0,7238.5,7253.5,1716
2023-03-02 07:00:00+00:00,7222.0,7226.5,7175.0,7219.0,23134
2023-03-02 11:00:00+00:00,7218.5,7275.5,7218.5,7272.0,19809
2023-03-02 15:00:00+00:00,7272.5,7311.5,7262.5,7309.5,18164
2023-03-02 19:00:00+00:00,7309.0,7322.5,7304.5,7318.5,2092
2023-03-03 07:00:00+00:00,7318.0,7350.5,7307.0,7343.5,17487
2023-03-03 11:00:00+00:00,7343.0,7355.0,7329.0,7351.0,11559
2023-03-03 15:00:00+00:00,7350.5,7384.5,7336.0,7378.5,16837
2023-03-03 19:00:00+00:00,7378.5,7393.5,7376.5,7390.5,1891
2023-03-06 07:00:00+00:00,7382.0,7408.0,7375.0,7387.5,17325
2023-03-06 11:00:00+00:00,7388.0,7388.5,7354.5,7377.0,13159
2023-03-06 15:00:00+00:00,7377.5,7390.5,7366.0,7368.0,11215
2023-03-06 19:00:00+00:00,7368.5,7374.0,7363.0,7372.0,2220
2023-03-07 07:00:00+00:00,7376.5,7403.5,7352.0,7392.0,15682
2023-03-07 11:00:00+00:00,7392.5,7397.5,7374.0,7378.0,11834
2023-03-07 15:00:00+00:00,7377.5,7377.5,7328.0,7330.0,19563
2023-03-07 19:00:00+00:00,7329.5,7340.5,7322.5,7333.5,2058
2023-03-08 07:00:00+00:00,7330.5,7342.5,7305.0,7334.5,18533
2023-03-08 11:00:00+00:00,7335.5,7353.0,7326.5,7338.5,11397
2023-03-08 15:00:00+00:00,7339.0,7352.5,7313.0,7317.5,15634
2023-03-08 19:00:00+00:00,7318.0,7336.5,7316.5,7333.5,1711
2023-03-09 07:00:00+00:00,7328.0,7329.5,7276.5,7302.0,23003
2023-03-09 11:00:00+00:00,7301.5,7328.5,7291.5,7327.5,14360
2023-03-09 15:00:00+00:00,7328.0,7338.0,7279.0,7283.5,17115
2023-03-09 19:00:00+00:00,7283.0,7283.5,7232.5,7234.0,4673
2023-03-10 07:00:00+00:00,7207.5,7231.5,7167.0,7205.0,32602
2023-03-10 11:00:00+00:00,7204.5,7262.0,7175.0,7193.5,27994
2023-03-10 15:00:00+00:00,7192.5,7232.0,7131.5,7137.0,31874
2023-03-10 19:00:00+00:00,7138.0,7175.5,7137.0,7146.0,4884
2023-03-13 07:00:00+00:00,7234.5,7239.5,6995.5,7079.0,64217
2023-03-13 11:00:00+00:00,7078.5,7099.5,6980.5,7044.0,49752
2023-03-13 15:00:00+00:00,7044.5,7062.0,6991.0,7036.0,40076
2023-03-13 19:00:00+00:00,7036.0,7039.5,7000.0,7011.0,3075
2023-03-14 07:00:00+00:00,7001.5,7045.0,6989.0,7028.5,33521
2023-03-14 11:00:00+00:00,7028.0,7165.0,7025.0,7133.5,37777
2023-03-14 15:00:00+00:00,7134.0,7165.5,7091.5,7109.5,24449
2023-03-14 19:00:00+00:00,7110.5,7144.0,7088.5,7140.0,2522
2023-03-15 07:00:00+00:00,7146.5,7151.5,6862.0,6892.0,43355
2023-03-15 11:00:00+00:00,6894.0,6950.0,6873.5,6920.5,45867
2023-03-15 15:00:00+00:00,6920.5,6977.5,6868.5,6971.5,34110
2023-03-15 19:00:00+00:00,6972.5,6978.5,6940.5,6959.0,3483
2023-03-16 07:00:00+00:00,6988.0,7010.5,6894.5,6950.5,25656
2023-03-16 11:00:00+00:00,6952.0,7028.0,6875.5,7023.5,25929
2023-03-16 15:00:00+00:00,7024.0,7074.0,6992.5,7062.0,19277
2023-03-16 19:00:00+00:00,7063.0,7087.5,7058.0,7087.5,1007
2023-03-17 07:00:00+00:00,7092.0,7115.5,7026.5,7050.5,33410
2023-03-17 11:00:00+00:00,7050.0,7050.0,6904.0,6920.0,37014
2023-03-17 15:00:00+00:00,6920.5,6958.5,6904.0,6940.5,23934
2023-03-17 19:00:00+00:00,6938.5,6956.0,6930.5,6930.5,1663
2023-03-20 07:00:00+00:00,6848.5,7003.0,6804.5,6999.5,38931
2023-03-20 11:00:00+00:00,6998.5,7043.5,6972.5,7042.0,22783
2023-03-20 15:00:00+00:00,7041.5,7069.5,7015.5,7043.5,23880
2023-03-20 19:00:00+00:00,7042.0,7066.0,7037.0,7062.0,1516
2023-03-21 07:00:00+00:00,7089.0,7152.0,7079.0,7139.0,21657
2023-03-21 11:00:00+00:00,7139.5,7161.5,7118.0,7124.0,14482
2023-03-21 15:00:00+00:00,7124.5,7143.5,7111.5,7140.0,14451
2023-03-21 19:00:00+00:00,7139.0,7163.5,7138.5,7156.5,1548
2023-03-22 07:00:00+00:00,7147.5,7162.0,7096.5,7150.5,15794
2023-03-22 11:00:00+00:00,7150.5,7176.0,7143.0,7167.0,11288
2023-03-22 15:00:00+00:00,7167.5,7187.0,7130.5,7139.5,15330
2023-03-22 19:00:00+00:00,7139.0,7149.5,7065.5,7086.5,3850
2023-03-23 07:00:00+00:00,7123.5,7156.5,7087.0,7102.0,18026
2023-03-23 11:00:00+00:00,7101.5,7157.5,7100.0,7156.5,15048
2023-03-23 15:00:00+00:00,7157.0,7165.5,7051.0,7068.5,16922
2023-03-23 19:00:00+00:00,7069.0,7109.5,7050.0,7107.5,2972
2023-03-24 07:00:00+00:00,7106.5,7131.0,6986.0,6994.5,27008
2023-03-24 11:00:00+00:00,6994.5,7041.5,6965.5,7030.5,22769
2023-03-24 15:00:00+00:00,7030.0,7061.0,6999.0,7055.5,18219
2023-03-24 19:00:00+00:00,7056.5,7072.0,7049.5,7065.5,1530
2023-03-27 06:00:00+00:00,7083.0,7137.5,7051.0,7098.5,17826
2023-03-27 10:00:00+00:00,7098.0,7118.5,7096.0,7103.5,10727
2023-03-27 14:00:00+00:00,7104.0,7123.0,7082.5,7114.5,13000
2023-03-27 18:00:00+00:00,7114.5,7130.5,7110.0,7125.0,1818
2023-03-28 06:00:00+00:00,7132.0,7170.5,7092.5,7098.0,14592
2023-03-28 10:00:00+00:00,7097.5,7113.5,7078.5,7089.0,10587
2023-03-28 14:00:00+00:00,7088.5,7112.5,7074.0,7075.5,11659
2023-03-28 18:00:00+00:00,7075.5,7097.0,7074.0,7094.0,1478
2023-03-29 06:00:00+00:00,7138.0,7200.5,7133.0,7193.5,15138
2023-03-29 10:00:00+00:00,7194.0,7215.0,7173.5,7207.0,10867
2023-03-29 14:00:00+00:00,7207.5,7217.0,7184.5,7204.0,17179
2023-03-29 18:00:00+00:00,7204.5,7227.0,7198.0,7220.0,2515
2023-03-30 06:00:00+00:00,7234.0,7283.5,7230.5,7276.5,14072
2023-03-30 10:00:00+00:00,7276.5,7305.0,7260.5,7274.0,10985
2023-03-30 14:00:00+00:00,7274.0,7287.5,7258.5,7270.0,15236
2023-03-30 18:00:00+00:00,7270.5,7283.0,7269.0,7278.5,1208
2023-03-31 06:00:00+00:00,7280.5,7312.5,7274.5,7309.5,13510
2023-03-31 10:00:00+00:00,7310.5,7337.5,7307.0,7331.5,10597
2023-03-31 14:00:00+00:00,7331.0,7354.5,7328.0,7335.5,18635
2023-03-31 18:00:00+00:00,7336.5,7351.0,7333.0,7350.0,2070
2023-04-03 06:00:00+00:00,7323.5,7374.0,7322.5,7361.5,16864
2023-04-03 10:00:00+00:00,7361.5,7374.0,7351.0,7357.5,8526
2023-04-03 14:00:00+00:00,7357.0,7373.5,7343.5,7366.0,16364
2023-04-03 18:00:00+00:00,7366.0,7388.5,7365.0,7384.5,2016
2023-04-04 06:00:00+00:00,7379.0,7409.0,7358.0,7402.0,16525
2023-04-04 10:00:00+00:00,7402.0,7410.5,7383.5,7391.5,11423
2023-04-04 14:00:00+00:00,7391.5,7398.5,7343.0,7354.5,15602
2023-04-04 18:00:00+00:00,7354.0,7358.0,7341.0,7351.0,1443
2023-04-05 06:00:00+00:00,7343.5,7367.5,7325.0,7330.5,15427
2023-04-05 10:00:00+00:00,7330.0,7351.0,7326.0,7335.5,11927
2023-04-05 14:00:00+00:00,7335.5,7341.0,7308.5,7323.0,18421
2023-04-05 18:00:00+00:00,7323.0,7337.0,7322.5,7334.5,1805
2023-04-06 06:00:00+00:00,7324.5,7350.0,7317.0,7338.0,15531
2023-04-06 10:00:00+00:00,7337.5,7352.5,7319.5,7328.5,9603
2023-04-06 14:00:00+00:00,7329.0,7362.5,7328.0,7354.5,14047
2023-04-06 18:00:00+00:00,7355.0,7362.5,7345.5,7350.0,1548
2023-04-11 06:00:00+00:00,7376.0,7409.0,7373.0,7403.0,23772
2023-04-11 10:00:00+00:00,7403.5,7411.5,7385.5,7402.5,12803
2023-04-11 14:00:00+00:00,7402.5,7420.5,7395.0,7418.0,16922
2023-04-11 18:00:00+00:00,7418.5,7423.5,7404.0,7405.0,1393
2023-04-12 06:00:00+00:00,7404.5,7439.5,7396.0,7430.0,17006
2023-04-12 10:00:00+00:00,7430.0,7471.5,7410.5,7416.5,17368
2023-04-12 14:00:00+00:00,7417.0,7464.5,7386.0,7458.0,21163
2023-04-12 18:00:00+00:00,7459.0,7467.5,7431.0,7440.0,3059
2023-04-13 06:00:00+00:00,7440.0,7486.5,7437.5,7471.5,19486
2023-04-13 10:00:00+00:00,7471.0,7494.0,7461.5,7465.0,13325
2023-04-13 14:00:00+00:00,7465.0,7504.5,7462.5,7503.5,15073
2023-04-13 18:00:00+00:00,7503.5,7513.5,7502.5,7513.5,1886
2023-04-14 06:00:00+00:00,7506.5,7514.0,7495.5,7508.5,14901
2023-04-14 10:00:00+00:00,7509.0,7538.5,7497.0,7531.0,16001
2023-04-14 14:00:00+00:00,7530.5,7535.0,7503.5,7513.5,14139
2023-04-14 18:00:00+00:00,7514.0,7530.0,7509.5,7526.0,1278
2023-04-17 06:00:00+00:00,7527.5,7556.5,7519.0,7522.5,18564
2023-04-17 10:00:00+00:00,7522.5,7529.0,7506.0,7516.5,11767
2023-04-17 14:00:00+00:00,7516.5,7520.5,7497.0,7499.5,12329
2023-04-17 18:00:00+00:00,7499.0,7521.5,7498.5,7521.0,1541
2023-04-18 06:00:00+00:00,7516.5,7546.0,7507.5,7541.0,14662
2023-04-18 10:00:00+00:00,7541.5,7563.5,7539.5,7548.0,11461
2023-04-18 14:00:00+00:00,7547.5,7550.5,7531.0,7544.0,14413
2023-04-18 18:00:00+00:00,7543.5,7556.5,7538.5,7554.0,1706
2023-04-19 06:00:00+00:00,7530.0,7545.0,7516.5,7523.5,12456
2023-04-19 10:00:00+00:00,7523.5,7549.5,7520.0,7546.5,10899
2023-04-19 14:00:00+00:00,7546.5,7567.5,7545.0,7566.5,15878
2023-04-19 18:00:00+00:00,7566.0,7570.5,7562.5,7563.5,1163
2023-04-20 06:00:00+00:00,7554.5,7564.0,7513.0,7521.0,11807
2023-04-20 10:00:00+00:00,7520.0,7528.5,7507.5,7524.0,7868
2023-04-20 14:00:00+00:00,7523.5,7564.5,7521.5,7558.0,8365
2023-04-20 18:00:00+00:00,7557.0,7557.0,7528.5,7543.0,885
2023-04-21 06:00:00+00:00,7470.5,7491.0,7446.5,7473.0,17696
2023-04-21 10:00:00+00:00,7473.0,7493.5,7456.5,7482.0,13508
2023-04-21 14:00:00+00:00,7482.0,7525.5,7480.0,7524.5,17631
2023-04-21 18:00:00+00:00,7525.0,7528.0,7517.5,7524.5,1649
2023-04-24 06:00:00+00:00,7501.0,7508.5,7484.5,7506.0,12552
2023-04-24 10:00:00+00:00,7505.5,7522.0,7504.0,7517.0,8037
2023-04-24 14:00:00+00:00,7517.0,7518.5,7501.5,7514.0,12706
2023-04-24 18:00:00+00:00,7514.5,7517.0,7507.5,7515.5,1510
2023-04-25 06:00:00+00:00,7502.0,7503.0,7462.5,7481.5,18505
2023-04-25 10:00:00+00:00,7481.5,7493.5,7473.5,7477.5,8406
2023-04-25 14:00:00+00:00,7478.5,7502.5,7446.5,7447.0,18227
2023-04-25 18:00:00+00:00,7447.5,7452.0,7439.0,7439.0,2018
2023-04-26 06:00:00+00:00,7458.5,7468.0,7403.5,7425.0,23382
2023-04-26 10:00:00+00:00,7425.5,7441.5,7408.0,7413.0,15578
2023-04-26 14:00:00+00:00,7412.5,7437.5,7392.5,7409.0,18669
2023-04-26 18:00:00+00:00,7409.5,7410.0,7386.5,7397.5,2776
2023-04-27 06:00:00+00:00,7410.5,7467.5,7398.5,7459.5,17600
2023-04-27 10:00:00+00:00,7459.0,7471.0,7446.0,7452.5,11284
2023-04-27 14:00:00+00:00,7453.0,7475.0,7434.0,7471.5,13576
2023-04-27 18:00:00+00:00,7471.5,7494.5,7470.5,7494.5,2538
2023-04-28 06:00:00+00:00,7492.0,7496.0,7375.0,7409.0,21643
2023-04-28 10:00:00+00:00,7409.0,7432.5,7384.0,7429.5,10629
2023-04-28 14:00:00+00:00,7429.0,7472.5,7428.5,7465.0,18104
2023-04-28 18:00:00+00:00,7464.5,7472.5,7456.0,7467.5,1964
2023-05-02 06:00:00+00:00,7465.0,7480.5,7421.5,7433.5,23385
2023-05-02 10:00:00+00:00,7433.0,7438.0,7394.5,7397.5,12621
2023-05-02 14:00:00+00:00,7397.5,7400.5,7343.5,7383.5,27372
2023-05-02 18:00:00+00:00,7383.5,7390.5,7373.5,7384.0,1553
2023-05-03 06:00:00+00:00,7386.5,7412.0,7379.5,7411.5,17085
2023-05-03 10:00:00+00:00,7411.5,7421.0,7377.0,7381.5,12130
2023-05-03 14:00:00+00:00,7382.0,7404.0,7370.0,7399.0,14147
2023-05-03 18:00:00+00:00,7397.5,7417.5,7356.0,7357.0,4337
2023-05-04 06:00:00+00:00,7369.5,7371.0,7309.5,7321.0,21562
2023-05-04 10:00:00+00:00,7320.0,7328.5,7286.0,7323.0,19273
2023-05-04 14:00:00+00:00,7323.5,7340.0,7291.0,7329.0,23762
2023-05-04 18:00:00+00:00,7329.5,7332.0,7313.5,7319.5,1819
2023-05-05 06:00:00+00:00,7334.5,7367.5,7325.0,7336.5,19838
2023-05-05 10:00:00+00:00,7337.0,7387.0,7336.0,7381.0,14787
2023-05-05 14:00:00+00:00,7381.5,7417.5,7378.0,7416.5,18796
2023-05-05 18:00:00+00:00,7416.5,7435.0,7416.0,7426.0,2050
2023-05-08 06:00:00+00:00,7414.5,7435.0,7399.0,7427.5,13411
2023-05-08 10:00:00+00:00,7427.5,7440.0,7414.5,7416.0,7619
2023-05-08 14:00:00+00:00,7416.5,7430.5,7411.5,7430.0,10891
2023-05-08 18:00:00+00:00,7431.0,7434.5,7415.5,7432.5,927
2023-05-09 06:00:00+00:00,7428.5,7432.5,7374.0,7379.0,16115
2023-05-09 10:00:00+00:00,7379.0,7381.0,7355.0,7379.0,13971
2023-05-09 14:00:00+00:00,7379.0,7395.5,7369.5,7394.5,18608
2023-05-09 18:00:00+00:00,7395.0,7398.5,7389.5,7391.5,1282
2023-05-10 06:00:00+00:00,7392.0,7414.0,7363.5,7377.0,14885
2023-05-10 10:00:00+00:00,7377.5,7406.0,7337.5,7354.0,14956
2023-05-10 14:00:00+00:00,7354.5,7364.0,7314.0,7329.5,20238
2023-05-10 18:00:00+00:00,7329.5,7364.5,7329.5,7358.0,1707
2023-05-11 06:00:00+00:00,7370.0,7433.5,7362.5,7399.0,20468
2023-05-11 10:00:00+00:00,7399.0,7404.5,7328.5,7340.5,17129
2023-05-11 14:00:00+00:00,7340.5,7383.0,7327.5,7373.5,16416
2023-05-11 18:00:00+00:00,7373.5,7388.5,7371.0,7386.5,1866
2023-05-12 06:00:00+00:00,7404.0,7459.0,7398.0,7437.5,19961
2023-05-12 10:00:00+00:00,7437.5,7443.5,7389.5,7403.5,13012
2023-05-12 14:00:00+00:00,7403.0,7415.0,7389.0,7394.0,15855
2023-05-12 18:00:00+00:00,7393.0,7414.5,7388.0,7414.5,1763
2023-05-15 06:00:00+00:00,7427.5,7456.5,7427.0,7449.0,13210
2023-05-15 10:00:00+00:00,7449.5,7454.5,7398.5,7406.0,10195
2023-05-15 14:00:00+00:00,7406.5,7437.5,7397.5,7426.5,10931
2023-05-15 18:00:00+00:00,7426.0,7436.0,7425.5,7434.5,1152
2023-05-16 06:00:00+00:00,7410.0,7428.5,7376.5,7416.0,13439
2023-05-16 10:00:00+00:00,7415.5,7425.0,7391.0,7397.5,10041
2023-05-16 14:00:00+00:00,7397.0,7411.5,7388.5,7400.0,12565
2023-05-16 18:00:00+00:00,7400.5,7400.5,7384.5,7384.5,1284
2023-05-17 06:00:00+00:00,7389.5,7406.5,7356.0,7403.0,14840
2023-05-17 10:00:00+00:00,7402.5,7425.5,7391.5,7406.5,9316
2023-05-17 14:00:00+00:00,7406.5,7445.0,7394.0,7444.0,11250
2023-05-17 18:00:00+00:00,7444.0,7445.5,7431.0,7441.0,1739
2023-05-18 06:00:00+00:00,7439.5,7484.0,7430.0,7464.5,9624
2023-05-18 10:00:00+00:00,7464.5,7477.5,7433.0,7436.0,7135
2023-05-18 14:00:00+00:00,7436.0,7452.5,7426.0,7431.0,9556
2023-05-18 18:00:00+00:00,7430.5,7471.5,7430.0,7469.5,1037
2023-05-19 06:00:00+00:00,7424.0,7456.5,7417.0,7451.5,18773
2023-05-19 10:00:00+00:00,7451.5,7476.0,7445.5,7473.5,16110
2023-05-19 14:00:00+00:00,7473.5,7478.5,7434.5,7449.0,21720
2023-05-19 18:00:00+00:00,7449.5,7460.0,7444.0,7453.0,2124
2023-05-22 06:00:00+00:00,7453.5,7468.5,7440.5,7454.0,15156
2023-05-22 10:00:00+00:00,7453.5,7456.5,7435.0,7441.5,10207
2023-05-22 14:00:00+00:00,7441.0,7460.0,7426.0,7451.0,14303
2023-05-22 18:00:00+00:00,7451.5,7461.0,7445.0,7450.0,1119
2023-05-23 06:00:00+00:00,7452.5,7453.5,7372.0,7387.0,17023
2023-05-23 10:00:00+00:00,7386.5,7403.5,7358.5,7367.0,10990
2023-05-23 14:00:00+00:00,7367.0,7372.0,7326.5,7330.0,15860
2023-05-23 18:00:00+00:00,7330.0,7337.0,7311.5,7318.5,2550
2023-05-24 06:00:00+00:00,7315.5,7317.0,7221.0,7224.5,28564
2023-05-24 10:00:00+00:00,7224.5,7232.5,7197.5,7207.5,18454
2023-05-24 14:00:00+00:00,7207.0,7231.0,7196.5,7226.5,21475
2023-05-24 18:00:00+00:00,7226.0,7233.5,7212.5,7222.0,2423
2023-05-25 06:00:00+00:00,7226.0,7252.0,7169.0,7217.0,24225
2023-05-25 10:00:00+00:00,7216.5,7230.5,7198.5,7207.0,13728
2023-05-25 14:00:00+00:00,7207.5,7225.0,7192.5,7223.0,17757
2023-05-25 18:00:00+00:00,7223.0,7233.0,7212.5,7224.5,1811
2023-05-26 06:00:00+00:00,7215.0,7245.5,7178.5,7186.5,14980
2023-05-26 10:00:00+00:00,7186.5,7275.0,7183.5,7268.5,12598
2023-05-26 14:00:00+00:00,7268.5,7307.5,7265.5,7298.5,20215
2023-05-26 18:00:00+00:00,7299.5,7308.5,7293.0,7296.0,2543
2023-05-29 06:00:00+00:00,7308.5,7329.5,7284.0,7288.5,9230
2023-05-29 10:00:00+00:00,7289.0,7290.5,7264.0,7268.5,5195
2023-05-29 14:00:00+00:00,7268.5,7276.5,7266.0,7274.5,4790
2023-05-29 18:00:00+00:00,7274.5,7276.5,7274.0,7275.0,284
2023-05-30 06:00:00+00:00,7281.5,7299.0,7247.5,7288.0,18784
2023-05-30 10:00:00+00:00,7288.0,7292.5,7242.0,7251.0,12865
2023-05-30 14:00:00+00:00,7250.5,7251.5,7196.0,7201.5,20721
2023-05-30 18:00:00+00:00,7202.0,7217.5,7198.0,7213.5,2040
2023-05-31 06:00:00+00:00,7182.5,7187.0,7121.5,7164.0,25169
2023-05-31 10:00:00+00:00,7165.0,7179.0,7128.0,7128.0,15904
2023-05-31 14:00:00+00:00,7127.0,7129.5,7083.5,7128.5,33441
2023-05-31 18:00:00+00:00,7129.0,7140.0,7117.5,7130.5,3409
2023-06-01 06:00:00+00:00,7143.0,7171.5,7122.0,7153.5,23430
2023-06-01 10:00:00+00:00,7153.5,7155.0,7087.5,7090.0,14922
2023-06-01 14:00:00+00:00,7090.0,7152.5,7089.0,7152.0,19658
2023-06-01 18:00:00+00:00,7152.0,7157.0,7142.0,7146.0,1924
2023-06-02 06:00:00+00:00,7170.5,7236.5,7165.5,7224.0,20012
2023-06-02 10:00:00+00:00,7223.5,7263.0,7206.0,7251.0,15212
2023-06-02 14:00:00+00:00,7251.0,7280.0,7244.5,7279.5,19191
2023-06-02 18:00:00+00:00,7279.0,7284.5,7273.0,7276.5,2127
2023-06-05 06:00:00+00:00,7267.5,7298.5,7256.5,7259.0,17538
2023-06-05 10:00:00+00:00,7259.5,7270.0,7230.0,7230.5,9181
2023-06-05 14:00:00+00:00,7231.0,7238.5,7192.0,7199.0,19183
2023-06-05 18:00:00+00:00,7198.5,7201.0,7181.5,7192.5,2606
2023-06-06 06:00:00+00:00,7189.5,7214.0,7170.0,7186.0,17422
2023-06-06 10:00:00+00:00,7186.5,7209.5,7180.5,7205.5,8413
2023-06-06 14:00:00+00:00,7205.5,7227.5,7202.0,7215.0,12092
2023-06-06 18:00:00+00:00,7215.0,7235.0,7212.0,7234.5,1830
2023-06-07 06:00:00+00:00,7223.0,7223.0,7173.0,7184.5,12939
2023-06-07 10:00:00+00:00,7184.5,7231.0,7184.0,7226.5,12044
2023-06-07 14:00:00+00:00,7226.5,7226.5,7194.5,7203.0,17476
2023-06-07 18:00:00+00:00,7202.5,7211.0,7198.5,7199.0,2634
2023-06-08 06:00:00+00:00,7192.5,7227.5,7176.5,7221.0,16832
2023-06-08 10:00:00+00:00,7221.5,7238.0,7205.5,7215.0,12178
2023-06-08 14:00:00+00:00,7215.0,7235.0,7210.5,7221.0,13137
2023-06-08 18:00:00+00:00,7221.5,7238.5,7220.0,7235.5,1395
2023-06-09 06:00:00+00:00,7229.5,7239.5,7195.0,7207.5,13443
2023-06-09 10:00:00+00:00,7207.5,7223.5,7185.0,7220.5,11502
2023-06-09 14:00:00+00:00,7220.5,7228.0,7203.0,7224.5,13404
2023-06-09 18:00:00+00:00,7225.5,7226.5,7217.5,7224.0,1105
2023-06-12 06:00:00+00:00,7235.0,7287.0,7235.0,7269.5,18296
2023-06-12 10:00:00+00:00,7270.0,7271.5,7244.5,7264.5,11179
2023-06-12 14:00:00+00:00,7265.0,7268.5,7250.5,7265.0,13344
2023-06-12 18:00:00+00:00,7265.0,7276.5,7261.0,7275.0,1932
2023-06-13 06:00:00+00:00,7293.0,7313.0,7259.0,7259.0,14726
2023-06-13 10:00:00+00:00,7259.0,7296.5,7244.5,7289.0,18782
2023-06-13 14:00:00+00:00,7289.0,7307.5,7287.5,7302.0,17676
2023-06-13 18:00:00+00:00,7303.5,7305.0,7292.5,7300.0,1178
2023-06-14 06:00:00+00:00,7290.0,7353.5,7285.0,7343.0,14498
2023-06-14 10:00:00+00:00,7343.5,7363.0,7333.0,7336.5,10816
2023-06-14 14:00:00+00:00,7337.0,7337.0,7310.0,7321.5,11482
2023-06-14 18:00:00+00:00,7319.0,7323.0,7289.0,7314.5,3828
2023-06-15 06:00:00+00:00,7310.0,7314.5,7278.5,7285.5,8550
2023-06-15 10:00:00+00:00,7285.5,7290.5,7246.0,7277.0,10392
2023-06-15 14:00:00+00:00,7277.0,7294.5,7272.5,7291.5,10707
2023-06-15 18:00:00+00:00,7293.0,7305.5,7285.5,7298.0,1036
2023-06-16 06:00:00+00:00,7312.0,7362.5,7304.5,7355.5,19710
2023-06-16 10:00:00+00:00,7355.0,7407.0,7348.5,7388.5,18176
2023-06-16 14:00:00+00:00,7389.0,7415.5,7387.5,7404.5,26097
2023-06-16 18:00:00+00:00,7404.0,7404.0,7376.0,7382.5,2461
2023-06-19 06:00:00+00:00,7367.0,7376.0,7340.5,7367.0,15634
2023-06-19 10:00:00+00:00,7367.5,7371.0,7331.0,7333.5,7138
2023-06-19 14:00:00+00:00,7333.5,7334.5,7311.0,7325.0,13687
2023-06-19 18:00:00+00:00,7325.0,7327.5,7322.0,7324.0,225
2023-06-20 06:00:00+00:00,7308.0,7332.0,7289.5,7297.0,14776
2023-06-20 10:00:00+00:00,7296.5,7332.0,7295.5,7323.0,10238
2023-06-20 14:00:00+00:00,7323.0,7325.5,7295.0,7312.5,16122
2023-06-20 18:00:00+00:00,7312.0,7318.0,7307.0,7307.0,1498
2023-06-21 06:00:00+00:00,7307.5,7311.5,7280.5,7306.5,14272
2023-06-21 10:00:00+00:00,7306.5,7314.5,7262.5,7269.5,11501
2023-06-21 14:00:00+00:00,7269.5,7286.0,7263.0,7278.0,15126
2023-06-21 18:00:00+00:00,7277.5,7287.0,7265.5,7267.5,2008
2023-06-22 06:00:00+00:00,7232.0,7238.0,7157.0,7181.0,33585
2023-06-22 10:00:00+00:00,7181.0,7215.5,7165.0,7208.0,16878
2023-06-22 14:00:00+00:00,7208.5,7223.5,7206.0,7222.5,17435
2023-06-22 18:00:00+00:00,7222.5,7225.5,7212.5,7225.0,1947
2023-06-23 06:00:00+00:00,7181.0,7207.0,7155.0,7205.5,19063
2023-06-23 10:00:00+00:00,7205.0,7206.5,7141.0,7168.0,16723
2023-06-23 14:00:00+00:00,7167.5,7198.0,7167.5,7191.0,15821
2023-06-23 18:00:00+00:00,7190.5,7192.0,7169.5,7172.5,2058
2023-06-26 06:00:00+00:00,7180.0,7196.0,7115.5,7177.0,19612
2023-06-26 10:00:00+00:00,7176.5,7217.0,7173.0,7212.5,11635
2023-06-26 14:00:00+00:00,7212.0,7214.0,7193.0,7207.5,13377
2023-06-26 18:00:00+00:00,7207.5,7212.5,7201.0,7203.0,1701
2023-06-27 06:00:00+00:00,7224.0,7253.0,7188.5,7190.5,20336
2023-06-27 10:00:00+00:00,7191.0,7206.0,7172.5,7191.5,10392
2023-06-27 14:00:00+00:00,7191.5,7259.5,7191.0,7259.0,14532
2023-06-27 18:00:00+00:00,7258.5,7266.0,7255.0,7257.0,2061
2023-06-28 06:00:00+00:00,7259.5,7293.0,7258.0,7288.0,15467
2023-06-28 10:00:00+00:00,7288.0,7297.5,7277.0,7290.0,9852
2023-06-28 14:00:00+00:00,7289.5,7315.0,7286.5,7307.5,18078
2023-06-28 18:00:00+00:00,7307.5,7311.5,7299.0,7306.5,1409
2023-06-29 06:00:00+00:00,7298.0,7341.0,7293.0,7339.0,14841
2023-06-29 10:00:00+00:00,7338.5,7360.5,7325.0,7338.5,11935
2023-06-29 14:00:00+00:00,7338.5,7340.5,7322.0,7330.5,13706
2023-06-29 18:00:00+00:00,7330.0,7343.5,7324.5,7343.0,1236
2023-06-30 06:00:00+00:00,7345.5,7404.5,7344.5,7402.0,15609
2023-06-30 10:00:00+00:00,7402.0,7425.0,7397.0,7419.0,13933
2023-06-30 14:00:00+00:00,7418.5,7434.0,7405.5,7432.5,26705
2023-06-30 18:00:00+00:00,7432.0,7436.0,7426.5,7434.0,2051
2023-07-03 06:00:00+00:00,7437.0,7439.5,7414.5,7419.0,14503
2023-07-03 10:00:00+00:00,7418.5,7430.5,7399.0,7400.5,11861
2023-07-03 14:00:00+00:00,7401.5,7411.5,7397.0,7408.5,14646
2023-07-03 18:00:00+00:00,7409.0,7410.0,7407.0,7408.0,306
2023-07-04 06:00:00+00:00,7398.0,7412.5,7390.0,7403.0,12687
2023-07-04 10:00:00+00:00,7402.5,7402.5,7386.5,7390.0,6968
2023-07-04 14:00:00+00:00,7390.0,7391.0,7376.0,7377.5,7078
2023-07-04 18:00:00+00:00,7378.0,7379.0,7373.0,7375.5,489
2023-07-05 06:00:00+00:00,7368.5,7368.5,7323.5,7333.0,17524
2023-07-05 10:00:00+00:00,7332.5,7342.5,7312.5,7314.5,13091
2023-07-05 14:00:00+00:00,7314.5,7324.5,7305.5,7314.0,19246
2023-07-05 18:00:00+00:00,7315.0,7320.5,7305.0,7316.0,1435
2023-07-06 06:00:00+00:00,7276.5,7281.5,7186.0,7204.5,29622
2023-07-06 10:00:00+00:00,7204.5,7204.5,7117.0,7129.5,25932
2023-07-06 14:00:00+00:00,7129.0,7132.0,7073.0,7109.5,35308
2023-07-06 18:00:00+00:00,7110.0,7115.5,7103.5,7109.5,2264
2023-07-07 06:00:00+00:00,7108.5,7121.5,7060.5,7110.5,28042
2023-07-07 10:00:00+00:00,7110.5,7160.5,7105.5,7126.5,20222
2023-07-07 14:00:00+00:00,7126.5,7154.5,7112.5,7148.5,18493
2023-07-07 18:00:00+00:00,7148.0,7148.0,7119.5,7121.0,1518
2023-07-10 06:00:00+00:00,7084.5,7155.0,7077.0,7146.5,19810
2023-07-10 10:00:00+00:00,7146.5,7182.0,7140.0,7165.5,11815
2023-07-10 14:00:00+00:00,7165.0,7172.5,7143.5,7161.0,13686
2023-07-10 18:00:00+00:00,7161.0,7163.5,7154.0,7161.5,950
2023-07-11 06:00:00+00:00,7170.0,7214.5,7167.0,7213.0,18283
2023-07-11 10:00:00+00:00,7213.0,7253.5,7205.0,7234.0,14982
2023-07-11 14:00:00+00:00,7234.0,7246.0,7216.0,7242.0,14991
2023-07-11 18:00:00+00:00,7242.0,7256.0,7235.0,7253.0,1819
2023-07-12 06:00:00+00:00,7252.0,7288.0,7237.5,7281.0,15596
2023-07-12 10:00:00+00:00,7282.0,7323.0,7272.5,7322.5,15018
2023-07-12 14:00:00+00:00,7323.0,7356.0,7318.0,7348.5,23884
2023-07-12 18:00:00+00:00,7348.5,7351.5,7337.5,7342.0,2962
2023-07-13 06:00:00+00:00,7352.0,7390.0,7341.0,7378.0,16383
2023-07-13 10:00:00+00:00,7378.0,7415.5,7375.5,7414.0,12792
2023-07-13 14:00:00+00:00,7414.5,7414.5,7376.0,7381.5,16443
2023-07-13 18:00:00+00:00,7382.0,7395.0,7381.0,7383.0,2082
2023-07-14 06:00:00+00:00,7376.5,7403.0,7358.0,7392.5,14623
2023-07-14 10:00:00+00:00,7392.5,7408.5,7388.0,7394.5,8744
2023-07-14 14:00:00+00:00,7394.5,7396.5,7363.5,7370.0,13613
2023-07-14 18:00:00+00:00,7370.0,7373.0,7357.5,7357.5,1535
2023-07-17 06:00:00+00:00,7342.5,7342.5,7276.0,7281.5,18812
2023-07-17 10:00:00+00:00,7281.5,7301.0,7272.0,7299.0,11820
2023-07-17 14:00:00+00:00,7298.5,7303.0,7288.0,7300.5,13659
2023-07-17 18:00:00+00:00,7301.0,7312.0,7300.0,7303.5,1531
2023-07-18 06:00:00+00:00,7302.5,7316.0,7282.5,7300.5,14208
2023-07-18 10:00:00+00:00,7300.5,7306.5,7279.5,7306.5,8845
2023-07-18 14:00:00+00:00,7307.0,7334.5,7306.0,7324.0,12589
2023-07-18 18:00:00+00:00,7324.5,7339.5,7323.5,7335.0,2158
2023-07-19 06:00:00+00:00,7337.5,7388.0,7336.0,7363.0,16342
2023-07-19 10:00:00+00:00,7362.5,7364.0,7320.0,7348.0,9400
2023-07-19 14:00:00+00:00,7347.5,7350.5,7328.0,7336.5,11644
2023-07-19 18:00:00+00:00,7336.5,7344.0,7332.5,7338.0,1758
2023-07-20 06:00:00+00:00,7331.5,7363.5,7302.5,7350.5,9742
2023-07-20 10:00:00+00:00,7349.5,7390.5,7349.0,7390.5,6019
2023-07-20 14:00:00+00:00,7390.5,7400.0,7363.0,7395.0,12120
2023-07-20 18:00:00+00:00,7395.5,7395.5,7371.0,7380.0,982
2023-07-21 06:00:00+00:00,7400.5,7431.0,7399.0,7421.0,14355
2023-07-21 10:00:00+00:00,7421.0,7455.5,7413.0,7435.0,12707
2023-07-21 14:00:00+00:00,7434.5,7464.0,7430.5,7463.5,13466
2023-07-21 18:00:00+00:00,7462.5,7463.0,7450.0,7459.0,1234
2023-07-24 06:00:00+00:00,7439.5,7446.5,7410.0,7440.5,15867
2023-07-24 10:00:00+00:00,7440.0,7442.0,7412.5,7427.5,8739
2023-07-24 14:00:00+00:00,7427.5,7457.0,7423.0,7451.5,10378
2023-07-24 18:00:00+00:00,7452.0,7454.5,7444.5,7452.5,1381
2023-07-25 06:00:00+00:00,7445.0,7471.0,7422.5,7464.0,14735
2023-07-25 10:00:00+00:00,7464.0,7467.5,7421.0,7444.5,8775
2023-07-25 14:00:00+00:00,7444.5,7447.5,7391.5,7400.5,15788
2023-07-25 18:00:00+00:00,7401.0,7408.5,7390.5,7390.5,1770
2023-07-26 06:00:00+00:00,7389.5,7407.5,7312.5,7318.5,24408
2023-07-26 10:00:00+00:00,7319.0,7321.0,7269.0,7296.5,20266
2023-07-26 14:00:00+00:00,7296.0,7341.0,7292.5,7338.0,22233
2023-07-26 18:00:00+00:00,7338.0,7369.5,7335.5,7351.0,4371
2023-07-27 06:00:00+00:00,7369.0,7446.0,7354.5,7428.0,24869
2023-07-27 10:00:00+00:00,7428.0,7495.5,7424.0,7490.5,20499
2023-07-27 14:00:00+00:00,7491.0,7506.5,7475.0,7476.5,24964
2023-07-27 18:00:00+00:00,7476.5,7478.5,7427.5,7435.5,3485
2023-07-28 06:00:00+00:00,7478.5,7488.5,7431.5,7461.5,21154
2023-07-28 10:00:00+00:00,7462.0,7489.5,7453.5,7486.5,13310
2023-07-28 14:00:00+00:00,7485.5,7515.0,7478.0,7489.0,17644
2023-07-28 18:00:00+00:00,7489.5,7498.5,7487.5,7492.0,1095
2023-07-31 06:00:00+00:00,7486.5,7535.0,7479.0,7525.0,12978
2023-07-31 10:00:00+00:00,7525.0,7542.0,7515.5,7526.5,10103
2023-07-31 14:00:00+00:00,7528.0,7533.0,7509.0,7514.0,14488
2023-07-31 18:00:00+00:00,7514.0,7520.0,7513.5,7519.0,1512
2023-08-01 06:00:00+00:00,7514.0,7518.0,7430.0,7439.0,16619
2023-08-01 10:00:00+00:00,7439.0,7463.0,7437.0,7462.0,9245
2023-08-01 14:00:00+00:00,7462.0,7466.0,7408.0,7426.5,19577
2023-08-01 18:00:00+00:00,7426.0,7431.0,7421.5,7427.0,1387
2023-08-02 06:00:00+00:00,7370.0,7370.0,7298.5,7330.0,26919
2023-08-02 10:00:00+00:00,7329.5,7391.0,7327.5,7365.5,14676
2023-08-02 14:00:00+00:00,7365.5,7366.5,7305.0,7317.5,20044
2023-08-02 18:00:00+00:00,7317.5,7322.5,7302.0,7315.0,1763
2023-08-03 06:00:00+00:00,7316.5,7317.5,7222.0,7268.0,30041
2023-08-03 10:00:00+00:00,7268.0,7283.0,7246.5,7265.0,11994
2023-08-03 14:00:00+00:00,7264.5,7293.0,7240.5,7281.0,15902
2023-08-03 18:00:00+00:00,7281.0,7286.0,7272.0,7280.0,1135
2023-08-04 06:00:00+00:00,7301.0,7325.0,7275.5,7313.5,17364
2023-08-04 10:00:00+00:00,7312.5,7315.0,7253.0,7296.5,14360
2023-08-04 14:00:00+00:00,7296.5,7345.5,7281.5,7324.5,14693
2023-08-04 18:00:00+00:00,7324.0,7324.5,7269.0,7276.0,3169
2023-08-07 06:00:00+00:00,7301.5,7337.0,7278.5,7309.5,13887
2023-08-07 10:00:00+00:00,7309.0,7340.5,7278.0,7311.0,11111
2023-08-07 14:00:00+00:00,7310.5,7349.0,7301.0,7349.0,9773
2023-08-07 18:00:00+00:00,7348.5,7352.5,7340.0,7349.5,978
2023-08-08 06:00:00+00:00,7312.5,7335.5,7260.0,7278.0,16523
2023-08-08 10:00:00+00:00,7278.5,7282.0,7226.5,7259.5,16766
2023-08-08 14:00:00+00:00,7259.5,7294.0,7249.0,7293.0,13189
2023-08-08 18:00:00+00:00,7293.0,7321.0,7288.0,7320.0,2458
2023-08-09 06:00:00+00:00,7332.0,7391.0,7332.0,7377.5,17926
2023-08-09 10:00:00+00:00,7378.0,7378.0,7326.5,7347.5,10350
2023-08-09 14:00:00+00:00,7347.0,7361.5,7324.5,7357.5,12976
2023-08-09 18:00:00+00:00,7357.5,7373.5,7342.5,7347.0,1610
2023-08-10 06:00:00+00:00,7375.0,7441.5,7373.5,7394.5,17166
2023-08-10 10:00:00+00:00,7394.5,7453.5,7378.5,7452.0,13795
2023-08-10 14:00:00+00:00,7452.0,7472.5,7399.5,7401.5,20803
2023-08-10 18:00:00+00:00,7401.0,7424.5,7398.0,7408.5,1567
2023-08-11 06:00:00+00:00,7414.5,7416.0,7361.0,7378.0,15495
2023-08-11 10:00:00+00:00,7378.0,7399.0,7321.5,7339.0,15074
2023-08-11 14:00:00+00:00,7341.5,7363.5,7333.5,7344.0,16373
2023-08-11 18:00:00+00:00,7343.5,7354.0,7343.0,7353.0,1369
2023-08-14 06:00:00+00:00,7323.0,7378.0,7320.0,7367.0,15684
2023-08-14 10:00:00+00:00,7367.0,7375.5,7314.0,7329.0,10950
2023-08-14 14:00:00+00:00,7329.0,7359.5,7323.5,7354.5,12125
2023-08-14 18:00:00+00:00,7354.0,7369.5,7348.0,7367.0,965
2023-08-15 06:00:00+00:00,7373.5,7386.5,7275.5,7279.0,17590
2023-08-15 10:00:00+00:00,7279.0,7296.0,7238.5,7280.5,20329
2023-08-15 14:00:00+00:00,7281.0,7282.5,7249.0,7262.0,12606
2023-08-15 18:00:00+00:00,7262.0,7268.0,7247.5,7256.0,1459
2023-08-16 06:00:00+00:00,7242.0,7304.5,7222.0,7276.0,15588
2023-08-16 10:00:00+00:00,7276.0,7284.0,7253.0,7269.5,9651
2023-08-16 14:00:00+00:00,7270.0,7273.5,7244.5,7258.0,9804
2023-08-16 18:00:00+00:00,7258.0,7266.0,7229.5,7230.5,2402
2023-08-17 06:00:00+00:00,7212.0,7255.5,7204.5,7251.5,12145
2023-08-17 10:00:00+00:00,7252.5,7263.0,7203.0,7206.5,8337
2023-08-17 14:00:00+00:00,7206.0,7223.5,7183.5,7189.0,10333
2023-08-17 18:00:00+00:00,7188.0,7188.0,7158.0,7168.5,1054
2023-08-18 06:00:00+00:00,7191.5,7198.5,7126.5,7159.0,23386
2023-08-18 10:00:00+00:00,7159.0,7170.0,7113.5,7125.0,17267
2023-08-18 14:00:00+00:00,7124.5,7196.5,7123.5,7190.0,16821
2023-08-18 18:00:00+00:00,7190.0,7203.5,7184.0,7193.0,1462
2023-08-21 06:00:00+00:00,7188.0,7276.5,7177.5,7271.0,20909
2023-08-21 10:00:00+00:00,7271.0,7279.5,7222.5,7229.0,13014
2023-08-21 14:00:00+00:00,7229.5,7236.5,7204.0,7234.5,13934
2023-08-21 18:00:00+00:00,7234.5,7252.0,7232.5,7242.5,1752
2023-08-22 06:00:00+00:00,7245.5,7313.5,7239.0,7304.5,19852
2023-08-22 10:00:00+00:00,7305.0,7312.5,7261.0,7261.5,10977
2023-08-22 14:00:00+00:00,7262.0,7274.5,7241.5,7246.5,14057
2023-08-22 18:00:00+00:00,7246.0,7257.5,7241.0,7247.0,1731
2023-08-23 06:00:00+00:00,7276.0,7315.0,7267.0,7293.0,14001
2023-08-23 10:00:00+00:00,7294.0,7300.5,7241.0,7249.5,14077
2023-08-23 14:00:00+00:00,7250.0,7283.0,7246.5,7278.0,10977
2023-08-23 18:00:00+00:00,7278.5,7280.5,7268.0,7271.5,963
2023-08-24 06:00:00+00:00,7316.5,7363.5,7270.5,7281.0,19115
2023-08-24 10:00:00+00:00,7280.5,7302.0,7248.5,7278.5,11480
2023-08-24 14:00:00+00:00,7278.5,7280.5,7216.5,7228.0,14292
2023-08-24 18:00:00+00:00,7229.0,7234.0,7204.0,7208.0,1756
2023-08-25 06:00:00+00:00,7217.0,7275.0,7204.0,7264.5,15748
2023-08-25 10:00:00+00:00,7265.0,7304.0,7264.5,7270.5,10930
2023-08-25 14:00:00+00:00,7269.5,7284.0,7229.0,7262.0,16368
2023-08-25 18:00:00+00:00,7261.5,7287.0,7260.5,7278.5,2411
2023-08-28 06:00:00+00:00,7303.0,7319.5,7282.5,7284.5,11461
2023-08-28 10:00:00+00:00,7285.0,7356.5,7275.5,7345.0,11901
2023-08-28 14:00:00+00:00,7345.5,7361.5,7330.0,7343.0,15513
2023-08-28 18:00:00+00:00,7343.0,7361.0,7341.5,7355.5,1477
2023-08-29 06:00:00+00:00,7362.5,7390.0,7336.0,7372.0,17609
2023-08-29 10:00:00+00:00,7372.0,7383.0,7345.0,7373.5,11407
2023-08-29 14:00:00+00:00,7373.5,7400.5,7373.0,7394.5,14914
2023-08-29 18:00:00+00:00,7394.5,7406.5,7394.0,7403.0,1353
2023-08-30 06:00:00+00:00,7403.0,7420.5,7334.0,7343.0,18690
2023-08-30 10:00:00+00:00,7342.5,7404.0,7342.0,7400.0,11802
2023-08-30 14:00:00+00:00,7400.0,7405.5,7367.5,7379.0,11525
2023-08-30 18:00:00+00:00,7378.5,7383.5,7371.0,7383.5,1162
2023-08-31 06:00:00+00:00,7387.5,7400.0,7360.0,7370.5,14476
2023-08-31 10:00:00+00:00,7370.5,7397.0,7355.0,7386.0,9751
2023-08-31 14:00:00+00:00,7385.0,7389.5,7306.0,7321.5,19403
2023-08-31 18:00:00+00:00,7321.0,7331.5,7311.5,7322.5,1851
2023-09-01 06:00:00+00:00,7339.0,7362.5,7304.5,7337.0,17470
2023-09-01 10:00:00+00:00,7337.5,7370.0,7306.0,7321.0,15968
2023-09-01 14:00:00+00:00,7321.5,7335.5,7296.0,7312.5,16735
2023-09-01 18:00:00+00:00,7313.0,7323.0,7307.0,7321.0,1063
2023-09-04 06:00:00+00:00,7328.5,7370.5,7326.5,7349.0,15536
2023-09-04 10:00:00+00:00,7349.0,7357.5,7315.0,7320.5,7615
2023-09-04 14:00:00+00:00,7320.5,7320.5,7276.0,7289.5,12007
2023-09-04 18:00:00+00:00,7290.0,7293.0,7289.5,7292.5,286
2023-09-05 06:00:00+00:00,7272.0,7275.5,7191.5,7254.0,27697
2023-09-05 10:00:00+00:00,7254.0,7297.5,7251.0,7268.5,15285
2023-09-05 14:00:00+00:00,7269.0,7274.0,7252.5,7259.5,15476
2023-09-05 18:00:00+00:00,7259.5,7263.5,7252.5,7253.0,995
2023-09-06 06:00:00+00:00,7244.5,7246.5,7188.0,7217.0,21307
2023-09-06 10:00:00+00:00,7217.0,7223.0,7176.0,7217.0,13946
2023-09-06 14:00:00+00:00,7215.5,7230.0,7178.0,7195.5,18227
2023-09-06 18:00:00+00:00,7195.5,7206.0,7193.0,7203.5,1784
2023-09-07 06:00:00+00:00,7182.5,7248.0,7168.5,7230.5,20080
2023-09-07 10:00:00+00:00,7230.5,7235.0,7184.5,7213.0,15343
2023-09-07 14:00:00+00:00,7212.5,7213.5,7181.5,7207.0,13340
2023-09-07 18:00:00+00:00,7207.0,7213.0,7198.5,7207.5,1454
2023-09-08 06:00:00+00:00,7223.5,7243.0,7140.5,7153.0,28237
2023-09-08 10:00:00+00:00,7153.0,7234.0,7147.0,7226.5,19204
2023-09-08 14:00:00+00:00,7227.0,7255.5,7226.5,7251.0,17045
2023-09-08 18:00:00+00:00,7251.5,7256.0,7239.0,7245.5,1150
2023-09-11 06:00:00+00:00,7263.0,7324.0,7262.0,7287.5,24531
2023-09-11 10:00:00+00:00,7287.0,7297.5,7257.0,7271.0,12406
2023-09-11 14:00:00+00:00,7271.5,7303.0,7269.0,7298.0,17181
2023-09-11 18:00:00+00:00,7298.5,7302.5,7295.0,7298.0,1165
2023-09-12 06:00:00+00:00,7298.0,7305.0,7249.5,7258.5,16899
2023-09-12 10:00:00+00:00,7258.0,7283.0,7245.0,7269.0,13877
2023-09-12 14:00:00+00:00,7268.5,7285.5,7246.0,7269.5,12308
2023-09-12 18:00:00+00:00,7270.0,7271.5,7255.0,7259.0,1081
2023-09-13 06:00:00+00:00,7230.0,7254.5,7199.5,7223.5,21936
2023-09-13 10:00:00+00:00,7223.0,7246.5,7187.0,7241.5,16990
2023-09-13 14:00:00+00:00,7241.5,7243.5,7206.0,7207.5,13691
2023-09-13 18:00:00+00:00,7208.0,7209.5,7190.5,7206.5,1563
2023-09-14 06:00:00+00:00,7235.0,7238.5,7183.5,7227.5,17921
2023-09-14 10:00:00+00:00,7227.5,7306.0,7210.0,7299.0,19099
2023-09-14 14:00:00+00:00,7299.0,7339.0,7274.5,7335.0,14387
2023-09-14 18:00:00+00:00,7335.0,7344.5,7332.5,7334.5,610
2023-09-15 06:00:00+00:00,7376.0,7447.5,7376.0,7442.5,37857
2023-09-15 10:00:00+00:00,7442.5,7459.0,7411.5,7423.5,20267
2023-09-15 14:00:00+00:00,7423.5,7429.0,7377.5,7389.5,23963
2023-09-15 18:00:00+00:00,7390.0,7390.0,7376.0,7380.5,2044
2023-09-18 06:00:00+00:00,7378.0,7382.0,7317.5,7326.0,23252
2023-09-18 10:00:00+00:00,7325.5,7334.0,7278.0,7287.0,19054
2023-09-18 14:00:00+00:00,7287.0,7304.5,7273.5,7293.0,19725
2023-09-18 18:00:00+00:00,7294.0,7295.0,7282.5,7292.5,1251
2023-09-19 06:00:00+00:00,7282.5,7326.5,7253.5,7317.0,21493
2023-09-19 10:00:00+00:00,7317.5,7325.5,7279.5,7296.5,10709
2023-09-19 14:00:00+00:00,7296.5,7315.5,7275.0,7313.5,15199
2023-09-19 18:00:00+00:00,7313.5,7323.5,7310.5,7315.0,1169
2023-09-20 06:00:00+00:00,7301.0,7339.5,7295.0,7337.0,19360
2023-09-20 10:00:00+00:00,7337.0,7377.5,7325.0,7373.5,12291
2023-09-20 14:00:00+00:00,7373.5,7378.0,7351.5,7365.5,16780
2023-09-20 18:00:00+00:00,7366.0,7371.5,7315.5,7320.0,3816
2023-09-21 06:00:00+00:00,7288.0,7294.5,7256.5,7257.5,25141
2023-09-21 10:00:00+00:00,7257.5,7260.0,7221.0,7249.5,21410
2023-09-21 14:00:00+00:00,7249.5,7261.0,7221.0,7229.5,19050
2023-09-21 18:00:00+00:00,7229.5,7230.0,7177.0,7190.0,3650
2023-09-22 06:00:00+00:00,7220.0,7221.0,7152.5,7205.5,33967
2023-09-22 10:00:00+00:00,7206.0,7215.5,7175.0,7192.5,15529
2023-09-22 14:00:00+00:00,7192.0,7226.0,7173.5,7178.5,17787
2023-09-22 18:00:00+00:00,7178.0,7196.0,7167.0,7172.5,1738
2023-09-25 06:00:00+00:00,7188.5,7223.0,7139.0,7165.5,22900
2023-09-25 10:00:00+00:00,7165.5,7176.0,7108.0,7134.0,18996
2023-09-25 14:00:00+00:00,7133.5,7157.0,7110.0,7150.5,20469
2023-09-25 18:00:00+00:00,7151.0,7157.0,7141.0,7154.5,1336
2023-09-26 06:00:00+00:00,7126.0,7130.0,7053.0,7085.5,27835
2023-09-26 10:00:00+00:00,7085.5,7110.5,7081.0,7101.5,14798
2023-09-26 14:00:00+00:00,7100.5,7116.5,7068.0,7089.0,19213
2023-09-26 18:00:00+00:00,7089.5,7089.5,7073.0,7077.0,2342
2023-09-27 06:00:00+00:00,7102.0,7126.0,7074.5,7103.0,19907
2023-09-27 10:00:00+00:00,7103.0,7118.0,7085.0,7102.5,13524
2023-09-27 14:00:00+00:00,7103.0,7107.0,7042.5,7060.0,18716
2023-09-27 18:00:00+00:00,7059.5,7104.5,7052.5,7094.0,3035
2023-09-28 06:00:00+00:00,7104.0,7126.0,7058.5,7100.5,24403
2023-09-28 10:00:00+00:00,7101.0,7130.5,7094.0,7109.5,20611
2023-09-28 14:00:00+00:00,7110.0,7156.0,7103.5,7131.5,17853
2023-09-28 18:00:00+00:00,7132.0,7147.5,7124.0,7135.0,2276
2023-09-29 06:00:00+00:00,7136.0,7209.5,7136.0,7195.5,26574
2023-09-29 10:00:00+00:00,7195.5,7222.5,7189.0,7209.5,14945
2023-09-29 14:00:00+00:00,7210.0,7215.0,7125.0,7126.0,27300
2023-09-29 18:00:00+00:00,7125.5,7147.0,7123.5,7133.5,2673
2023-10-02 06:00:00+00:00,7141.0,7214.0,7116.5,7124.0,22106
2023-10-02 10:00:00+00:00,7123.5,7153.0,7084.5,7086.5,16492
2023-10-02 14:00:00+00:00,7086.0,7100.5,7042.0,7051.0,30020
2023-10-02 18:00:00+00:00,7051.5,7062.5,7038.5,7060.0,2985
2023-10-03 06:00:00+00:00,7041.5,7091.5,7033.0,7059.5,21701
2023-10-03 10:00:00+00:00,7060.0,7077.0,7007.0,7033.5,20853
2023-10-03 14:00:00+00:00,7033.5,7035.5,7003.0,7009.0,27822
2023-10-03 18:00:00+00:00,7008.5,7017.0,7001.0,7014.0,2315
2023-10-04 06:00:00+00:00,7002.0,7044.5,6960.0,7041.5,27304
2023-10-04 10:00:00+00:00,7041.5,7065.0,7018.5,7020.0,17050
2023-10-04 14:00:00+00:00,7020.0,7036.0,6983.0,7012.0,20559
2023-10-04 18:00:00+00:00,7011.0,7034.0,7001.5,7029.0,2787
2023-10-05 06:00:00+00:00,7037.0,7040.0,6980.5,6996.0,20929
2023-10-05 10:00:00+00:00,6996.0,7038.0,6992.0,7036.5,15701
2023-10-05 14:00:00+00:00,7036.5,7037.5,6999.5,7030.0,17175
2023-10-05 18:00:00+00:00,7030.0,7039.0,7024.5,7029.5,1975
2023-10-06 06:00:00+00:00,7017.0,7049.5,7017.0,7048.5,15280
2023-10-06 10:00:00+00:00,7048.0,7070.5,6990.5,7019.5,24558
2023-10-06 14:00:00+00:00,7019.0,7105.5,6991.5,7101.0,25301
2023-10-06 18:00:00+00:00,7100.5,7111.0,7097.0,7100.0,2641
2023-10-09 06:00:00+00:00,7049.5,7069.0,6989.0,7050.5,24130
2023-10-09 10:00:00+00:00,7051.0,7059.5,7018.0,7054.5,13718
2023-10-09 14:00:00+00:00,7054.0,7068.0,7015.5,7067.5,16390
2023-10-09 18:00:00+00:00,7067.5,7076.5,7063.5,7065.5,2617
2023-10-10 06:00:00+00:00,7092.5,7139.5,7080.0,7132.5,26925
2023-10-10 10:00:00+00:00,7132.0,7149.5,7115.5,7148.0,16016
2023-10-10 14:00:00+00:00,7148.0,7181.5,7111.0,7128.5,28844
2023-10-10 18:00:00+00:00,7129.0,7135.5,7118.0,7119.0,2948
2023-10-11 06:00:00+00:00,7119.0,7142.5,7084.5,7128.0,24658
2023-10-11 10:00:00+00:00,7128.0,7175.5,7126.5,7166.5,13718
2023-10-11 14:00:00+00:00,7167.0,7171.0,7121.0,7127.5,17323
2023-10-11 18:00:00+00:00,7127.5,7149.0,7127.5,7148.0,1351
2023-10-12 06:00:00+00:00,7173.0,7191.5,7146.0,7175.5,17118
2023-10-12 10:00:00+00:00,7176.0,7181.0,7109.5,7117.0,16035
2023-10-12 14:00:00+00:00,7115.5,7130.0,7074.0,7075.5,17001
2023-10-12 18:00:00+00:00,7076.0,7093.5,7063.0,7088.5,2685
2023-10-13 06:00:00+00:00,7087.5,7115.5,7040.0,7042.5,16284
2023-10-13 10:00:00+00:00,7042.5,7074.5,7034.0,7059.0,16084
2023-10-13 14:00:00+00:00,7058.5,7060.5,6984.0,7000.5,22889
2023-10-13 18:00:00+00:00,7000.5,7008.0,6991.5,6997.5,2596
2023-10-16 06:00:00+00:00,7009.0,7047.5,6966.5,7005.0,17775
2023-10-16 10:00:00+00:00,7005.0,7033.5,6993.5,7024.5,12902
2023-10-16 14:00:00+00:00,7025.0,7053.5,7012.5,7035.0,17059
2023-10-16 18:00:00+00:00,7034.5,7040.0,7025.0,7032.5,1570
2023-10-17 06:00:00+00:00,7029.0,7056.5,7007.5,7027.0,12698
2023-10-17 10:00:00+00:00,7028.0,7029.0,6971.5,6985.5,12093
2023-10-17 14:00:00+00:00,6985.0,7061.0,6977.5,7025.0,17115
2023-10-17 18:00:00+00:00,7024.0,7034.0,7017.5,7034.0,1606
2023-10-18 06:00:00+00:00,7033.0,7049.0,6999.0,7019.0,18517
2023-10-18 10:00:00+00:00,7018.5,7020.5,6964.0,6969.5,17337
2023-10-18 14:00:00+00:00,6968.5,6990.0,6946.0,6967.5,17570
2023-10-18 18:00:00+00:00,6967.0,6973.0,6935.5,6943.0,2324
2023-10-19 06:00:00+00:00,6927.0,6933.0,6875.5,6933.0,17745
2023-10-19 10:00:00+00:00,6932.5,6940.0,6917.5,6928.0,8454
2023-10-19 14:00:00+00:00,6928.5,6944.0,6892.5,6905.5,15572
2023-10-19 18:00:00+00:00,6904.5,6910.5,6863.0,6879.0,1207
2023-10-20 06:00:00+00:00,6882.5,6899.0,6833.5,6870.5,30082
2023-10-20 10:00:00+00:00,6870.0,6880.0,6846.0,6872.5,17130
2023-10-20 14:00:00+00:00,6873.0,6876.5,6833.0,6857.0,21016
2023-10-20 18:00:00+00:00,6857.0,6860.0,6828.0,6830.0,2335
2023-10-23 06:00:00+00:00,6853.5,6864.0,6790.0,6793.5,22569
2023-10-23 10:00:00+00:00,6793.0,6847.0,6792.0,6847.0,15572
2023-10-23 14:00:00+00:00,6847.5,6879.5,6844.0,6862.5,17332
2023-10-23 18:00:00+00:00,6862.0,6863.5,6831.0,6832.0,2788
2023-10-24 06:00:00+00:00,6856.5,6905.0,6849.0,6902.5,21398
2023-10-24 10:00:00+00:00,6902.0,6917.0,6884.5,6899.5,14027
2023-10-24 14:00:00+00:00,6899.5,6926.0,6883.5,6904.0,18132
2023-10-24 18:00:00+00:00,6904.0,6919.5,6902.5,6913.5,1821
2023-10-25 06:00:00+00:00,6886.0,6898.5,6860.0,6885.5,19566
2023-10-25 10:00:00+00:00,6885.5,6926.0,6875.5,6886.0,14882
2023-10-25 14:00:00+00:00,6886.0,6945.5,6874.5,6899.5,21018
2023-10-25 18:00:00+00:00,6900.0,6903.5,6891.5,6895.0,2092
2023-10-26 06:00:00+00:00,6870.5,6892.0,6837.5,6876.0,24511
2023-10-26 10:00:00+00:00,6876.0,6930.5,6860.0,6909.5,18993
2023-10-26 14:00:00+00:00,6908.0,6924.5,6859.5,6880.0,22149
2023-10-26 18:00:00+00:00,6880.0,6905.5,6874.0,6877.5,2745
2023-10-27 06:00:00+00:00,6920.5,6930.0,6816.5,6866.5,27352
2023-10-27 10:00:00+00:00,6867.0,6878.5,6812.0,6835.5,16750
2023-10-27 14:00:00+00:00,6836.5,6844.0,6775.0,6778.5,20431
2023-10-27 18:00:00+00:00,6779.5,6783.0,6764.5,6781.0,2548
2023-10-30 07:00:00+00:00,6821.0,6867.0,6813.5,6857.0,18007
2023-10-30 11:00:00+00:00,6857.0,6865.5,6829.0,6841.5,13037
2023-10-30 15:00:00+00:00,6841.5,6859.5,6828.0,6856.0,12973
2023-10-30 19:00:00+00:00,6855.5,6864.5,6854.5,6859.5,1514
2023-10-31 07:00:00+00:00,6850.5,6907.5,6840.5,6904.5,16425
2023-10-31 11:00:00+00:00,6904.0,6915.0,6881.0,6904.0,13237
2023-10-31 15:00:00+00:00,6904.5,6914.5,6884.5,6912.5,17424
2023-10-31 19:00:00+00:00,6912.5,6916.0,6906.5,6911.5,1451
2023-11-01 07:00:00+00:00,6925.0,6938.0,6883.5,6893.5,17312
2023-11-01 11:00:00+00:00,6894.0,6966.5,6883.0,6956.0,19005
2023-11-01 15:00:00+00:00,6956.0,6959.5,6927.5,6951.0,15192
2023-11-01 19:00:00+00:00,6950.0,6975.5,6950.0,6974.0,2492
2023-11-02 07:00:00+00:00,6977.5,7067.0,6977.0,7065.0,22345
2023-11-02 11:00:00+00:00,7065.0,7100.5,7060.0,7098.0,22544
2023-11-02 15:00:00+00:00,7098.0,7107.0,7063.5,7093.5,20243
2023-11-02 19:00:00+00:00,7093.0,7103.0,7090.5,7103.0,1638
2023-11-03 07:00:00+00:00,7097.5,7100.5,7059.5,7063.0,18059
2023-11-03 11:00:00+00:00,7062.5,7095.5,7054.5,7073.0,19026
2023-11-03 15:00:00+00:00,7073.5,7074.5,7045.0,7066.5,14605
2023-11-03 19:00:00+00:00,7066.5,7067.5,7053.0,7059.5,1165
2023-11-06 07:00:00+00:00,7055.0,7076.5,7024.0,7030.0,16256
2023-11-06 11:00:00+00:00,7029.0,7040.5,7017.0,7020.0,9634
2023-11-06 15:00:00+00:00,7020.5,7029.5,6995.0,6998.0,15702
2023-11-06 19:00:00+00:00,6997.5,7013.5,6994.0,7013.5,1733
2023-11-07 07:00:00+00:00,6990.5,7019.0,6978.0,6991.0,13728
2023-11-07 11:00:00+00:00,6990.5,7003.0,6969.5,6996.5,10169
2023-11-07 15:00:00+00:00,6996.0,7017.0,6983.0,6994.0,16455
2023-11-07 19:00:00+00:00,6994.0,6996.5,6986.5,6989.5,877
2023-11-08 07:00:00+00:00,6968.0,6998.0,6952.0,6991.5,12968
2023-11-08 11:00:00+00:00,6992.0,7075.0,6992.0,7071.5,12815
2023-11-08 15:00:00+00:00,7072.0,7072.0,7009.0,7023.5,18314
2023-11-08 19:00:00+00:00,7023.5,7040.5,7022.5,7032.5,2372
2023-11-09 07:00:00+00:00,7033.5,7095.5,7027.5,7091.0,17492
2023-11-09 11:00:00+00:00,7090.5,7112.5,7079.0,7112.5,12232
2023-11-09 15:00:00+00:00,7112.5,7126.0,7086.0,7089.5,17451
2023-11-09 19:00:00+00:00,7089.5,7089.5,7069.5,7076.5,2810
2023-11-10 07:00:00+00:00,7070.5,7086.5,7031.5,7038.5,21175
2023-11-10 11:00:00+00:00,7038.0,7062.5,7025.5,7041.5,12444
2023-11-10 15:00:00+00:00,7041.5,7093.0,7008.0,7092.5,18246
2023-11-10 19:00:00+00:00,7091.5,7102.5,7091.0,7099.0,2281
2023-11-13 07:00:00+00:00,7070.0,7107.0,7068.0,7091.5,14745
2023-11-13 11:00:00+00:00,7092.0,7093.5,7057.5,7068.5,9873
2023-11-13 15:00:00+00:00,7069.0,7100.0,7062.0,7094.0,14563
2023-11-13 19:00:00+00:00,7093.5,7101.0,7092.0,7096.5,990
2023-11-14 07:00:00+00:00,7094.5,7115.0,7085.5,7094.5,13532
2023-11-14 11:00:00+00:00,7094.5,7189.5,7089.0,7185.0,22243
2023-11-14 15:00:00+00:00,7186.0,7212.5,7178.0,7184.5,19598
2023-11-14 19:00:00+00:00,7184.0,7201.0,7179.5,7193.0,1553
2023-11-15 07:00:00+00:00,7216.5,7249.0,7195.0,7226.5,18546
2023-11-15 11:00:00+00:00,7227.0,7241.5,7201.0,7209.5,13426
2023-11-15 15:00:00+00:00,7210.0,7223.5,7205.0,7215.5,13674
2023-11-15 19:00:00+00:00,7217.0,7221.5,7209.5,7214.5,1267
2023-11-16 07:00:00+00:00,7204.0,7212.0,7179.0,7184.5,12910
2023-11-16 11:00:00+00:00,7184.5,7205.5,7174.5,7199.0,8358
2023-11-16 15:00:00+00:00,7199.0,7199.0,7165.0,7173.5,10870
2023-11-16 19:00:00+00:00,7173.0,7196.0,7172.0,7192.0,855
2023-11-17 07:00:00+00:00,7208.0,7257.0,7192.5,7250.5,18852
2023-11-17 11:00:00+00:00,7250.0,7256.5,7236.5,7245.5,18413
2023-11-17 15:00:00+00:00,7245.5,7259.0,7240.0,7255.5,12174
2023-11-17 19:00:00+00:00,7256.5,7257.0,7248.0,7256.0,1611
2023-11-20 07:00:00+00:00,7245.5,7280.0,7242.5,7266.5,16543
2023-11-20 11:00:00+00:00,7266.0,7268.0,7247.0,7260.0,8955
2023-11-20 15:00:00+00:00,7260.0,7268.5,7254.5,7268.0,12069
2023-11-20 19:00:00+00:00,7268.0,7277.0,7264.5,7268.5,1256
2023-11-21 07:00:00+00:00,7265.0,7268.5,7236.0,7244.5,13116
2023-11-21 11:00:00+00:00,7245.0,7246.0,7224.5,7241.0,10864
2023-11-21 15:00:00+00:00,7241.0,7249.5,7233.0,7248.0,8895
2023-11-21 19:00:00+00:00,7247.5,7251.0,7243.5,7251.0,863
2023-11-22 07:00:00+00:00,7250.0,7285.5,7246.0,7280.0,12428
2023-11-22 11:00:00+00:00,7280.0,7281.0,7258.5,7269.5,10044
2023-11-22 15:00:00+00:00,7269.0,7283.5,7263.0,7273.0,12637
2023-11-22 19:00:00+00:00,7273.5,7281.5,7265.0,7279.5,1409
2023-11-23 07:00:00+00:00,7277.0,7288.0,7269.5,7283.0,8322
2023-11-23 11:00:00+00:00,7282.5,7293.0,7280.0,7286.0,7153
2023-11-23 15:00:00+00:00,7286.0,7291.0,7284.0,7284.5,5683
2023-11-23 19:00:00+00:00,7284.5,7290.0,7284.5,7287.5,128
2023-11-24 07:00:00+00:00,7282.5,7306.0,7275.5,7306.0,9845
2023-11-24 11:00:00+00:00,7306.0,7306.0,7288.5,7300.5,6439
2023-11-24 15:00:00+00:00,7300.5,7309.5,7297.5,7304.0,8705
2023-11-24 19:00:00+00:00,7305.0,7306.0,7299.0,7299.0,431
2023-11-27 07:00:00+00:00,7287.5,7317.0,7283.5,7302.5,15733
2023-11-27 11:00:00+00:00,7303.0,7306.0,7290.5,7298.0,9616
2023-11-27 15:00:00+00:00,7298.5,7306.0,7272.0,7285.0,16335
2023-11-27 19:00:00+00:00,7285.5,7287.0,7276.0,7276.5,1262
2023-11-28 07:00:00+00:00,7279.5,7283.5,7221.5,7237.0,19003
2023-11-28 11:00:00+00:00,7237.0,7240.5,7221.0,7239.0,9111
2023-11-28 15:00:00+00:00,7239.0,7264.5,7236.5,7246.0,14444
2023-11-28 19:00:00+00:00,7246.5,7255.5,7244.0,7253.0,1086
2023-11-29 07:00:00+00:00,7257.5,7300.0,7245.0,7290.5,17595
2023-11-29 11:00:00+00:00,7291.0,7303.5,7268.0,7275.5,10390
2023-11-29 15:00:00+00:00,7275.5,7293.0,7265.0,7292.0,14715
2023-11-29 19:00:00+00:00,7292.0,7296.0,7274.5,7280.5,1535
2023-11-30 07:00:00+00:00,7292.0,7299.0,7258.5,7297.0,15931
2023-11-30 11:00:00+00:00,7297.5,7324.5,7297.0,7316.5,11895
2023-11-30 15:00:00+00:00,7316.5,7326.5,7306.5,7321.0,22108
2023-11-30 19:00:00+00:00,7320.5,7333.0,7315.5,7330.0,2452
2023-12-01 07:00:00+00:00,7336.0,7364.5,7331.0,7346.5,22000
2023-12-01 11:00:00+00:00,7346.5,7348.5,7316.0,7337.5,11476
2023-12-01 15:00:00+00:00,7337.0,7371.0,7335.5,7362.0,18649
2023-12-01 19:00:00+00:00,7362.5,7371.0,7361.0,7365.0,1522
2023-12-04 07:00:00+00:00,7356.0,7365.5,7323.0,7344.0,17629
2023-12-04 11:00:00+00:00,7344.0,7356.0,7328.0,7343.0,12461
2023-12-04 15:00:00+00:00,7343.0,7359.0,7335.0,7353.5,12474
2023-12-04 19:00:00+00:00,7353.0,7360.5,7350.5,7359.0,1357
2023-12-05 07:00:00+00:00,7332.0,7373.5,7322.5,7352.5,15440
2023-12-05 11:00:00+00:00,7353.0,7385.0,7349.5,7380.0,10811
2023-12-05 15:00:00+00:00,7380.5,7404.0,7378.5,7397.5,16007
2023-12-05 19:00:00+00:00,7398.0,7404.5,7394.0,7395.0,1313
2023-12-06 07:00:00+00:00,7404.5,7420.5,7393.5,7420.0,17430
2023-12-06 11:00:00+00:00,7419.5,7447.0,7419.0,7445.5,12785
2023-12-06 15:00:00+00:00,7445.5,7464.5,7436.0,7446.5,15397
2023-12-06 19:00:00+00:00,7446.5,7448.0,7426.0,7428.5,1260
2023-12-07 07:00:00+00:00,7415.5,7437.5,7415.5,7436.0,14662
2023-12-07 11:00:00+00:00,7435.5,7440.5,7422.5,7432.5,10936
2023-12-07 15:00:00+00:00,7432.5,7447.0,7423.0,7446.0,12908
2023-12-07 19:00:00+00:00,7445.5,7453.0,7443.5,7444.5,1515
2023-12-08 07:00:00+00:00,7447.0,7515.5,7441.5,7499.5,17034
2023-12-08 11:00:00+00:00,7500.5,7530.5,7469.0,7522.5,15416
2023-12-08 15:00:00+00:00,7523.5,7552.0,7523.5,7543.5,17538
2023-12-08 19:00:00+00:00,7543.0,7555.0,7543.0,7551.5,1205
2023-12-11 07:00:00+00:00,7541.0,7560.5,7532.5,7536.5,15712
2023-12-11 11:00:00+00:00,7536.5,7563.0,7532.5,7562.5,10301
2023-12-11 15:00:00+00:00,7563.0,7567.0,7553.0,7564.5,13422
2023-12-11 19:00:00+00:00,7564.0,7568.0,7562.0,7564.0,1243
2023-12-12 07:00:00+00:00,7571.0,7588.0,7554.5,7554.5,13418
2023-12-12 11:00:00+00:00,7554.5,7583.5,7547.0,7562.5,12278
2023-12-12 15:00:00+00:00,7562.0,7568.0,7547.5,7560.0,10831
2023-12-12 19:00:00+00:00,7560.5,7567.5,7557.5,7564.0,1263
2023-12-13 07:00:00+00:00,7548.5,7584.0,7540.0,7566.0,11503
2023-12-13 11:00:00+00:00,7566.0,7578.5,7556.5,7560.0,8159
2023-12-13 15:00:00+00:00,7559.0,7560.0,7524.0,7529.5,11602
2023-12-13 19:00:00+00:00,7529.5,7604.0,7529.5,7600.0,4485
2023-12-14 07:00:00+00:00,7620.0,7656.0,7592.0,7639.5,14384
2023-12-14 11:00:00+00:00,7639.5,7641.5,7577.5,7587.0,12024
2023-12-14 15:00:00+00:00,7587.0,7591.0,7547.0,7556.5,12455
2023-12-14 19:00:00+00:00,7557.0,7580.0,7557.0,7574.0,744
2023-12-15 07:00:00+00:00,7607.0,7665.0,7603.5,7660.0,21766
2023-12-15 11:00:00+00:00,7660.5,7661.5,7616.5,7634.5,16967
2023-12-15 15:00:00+00:00,7635.0,7648.0,7608.5,7611.5,20247
2023-12-15 19:00:00+00:00,7611.5,7615.5,7598.0,7602.5,1804
2023-12-18 07:00:00+00:00,7612.5,7612.5,7577.5,7591.0,14279
2023-12-18 11:00:00+00:00,7591.0,7606.0,7582.5,7587.5,12161
2023-12-18 15:00:00+00:00,7587.5,7604.0,7572.0,7598.5,12051
2023-12-18 19:00:00+00:00,7598.5,7609.0,7597.0,7600.5,1315
2023-12-19 07:00:00+00:00,7601.0,7609.0,7575.5,7591.5,13797
2023-12-19 11:00:00+00:00,7591.5,7603.5,7580.0,7600.5,7944
2023-12-19 15:00:00+00:00,7600.5,7609.0,7591.0,7606.5,10938
2023-12-19 19:00:00+00:00,7607.0,7620.5,7606.0,7614.0,1822
2023-12-20 07:00:00+00:00,7610.0,7629.5,7575.5,7594.5,13987
2023-12-20 11:00:00+00:00,7595.0,7614.5,7589.5,7599.0,8542
2023-12-20 15:00:00+00:00,7598.5,7620.0,7597.0,7610.5,13565
2023-12-20 19:00:00+00:00,7610.0,7612.0,7541.0,7545.5,4687
2023-12-21 07:00:00+00:00,7568.5,7592.0,7558.5,7560.5,15971
2023-12-21 11:00:00+00:00,7560.5,7587.5,7554.5,7571.5,9131
2023-12-21 15:00:00+00:00,7571.5,7593.5,7561.0,7583.5,12283
2023-12-21 19:00:00+00:00,7583.5,7610.5,7581.5,7609.5,1278
2023-12-22 07:00:00+00:00,7585.0,7604.5,7573.5,7593.5,11058
2023-12-22 11:00:00+00:00,7593.5,7609.0,7585.5,7595.0,6478
2023-12-22 15:00:00+00:00,7595.5,7600.0,7585.0,7597.5,8163
2023-12-22 19:00:00+00:00,7595.5,7596.5,7570.5,7589.0,999
2023-12-27 07:00:00+00:00,7625.0,7632.5,7578.5,7600.0,11470
2023-12-27 11:00:00+00:00,7600.0,7610.0,7577.5,7579.5,5905
2023-12-27 15:00:00+00:00,7579.5,7608.0,7576.0,7600.0,10892
2023-12-27 19:00:00+00:00,7600.0,7602.0,7589.5,7601.5,1102
2023-12-28 07:00:00+00:00,7614.0,7621.0,7561.5,7564.5,9863
2023-12-28 11:00:00+00:00,7565.0,7570.0,7544.0,7555.5,9136
2023-12-28 15:00:00+00:00,7555.0,7559.0,7541.5,7553.0,9726
2023-12-28 19:00:00+00:00,7553.5,7557.0,7542.5,7548.0,1133
2023-12-29 07:00:00+00:00,7558.0,7581.5,7552.0,7566.5,9622
2023-12-29 11:00:00+00:00,7567.0,7580.0,7564.5,7573.0,4953
2023-12-29 15:00:00+00:00,7573.5,7579.0,7541.0,7571.5,11605
2023-12-29 19:00:00+00:00,7571.5,7578.5,7565.5,7574.0,867
2024-01-02 07:00:00+00:00,7592.0,7626.5,7559.5,7569.5,17721
2024-01-02 11:00:00+00:00,7569.0,7569.5,7495.5,7538.0,17693
2024-01-02 15:00:00+00:00,7537.5,7559.5,7529.5,7544.0,15234
2024-01-02 19:00:00+00:00,7544.5,7545.5,7519.5,7531.0,2252
2024-01-03 07:00:00+00:00,7523.0,7547.5,7446.0,7462.5,22246
2024-01-03 11:00:00+00:00,7462.5,7473.0,7395.0,7406.5,21242
2024-01-03 15:00:00+00:00,7406.0,7444.0,7392.0,7437.5,28576
2024-01-03 19:00:00+00:00,7437.0,7447.5,7421.0,7424.5,2036
2024-01-04 07:00:00+00:00,7432.0,7454.0,7422.5,7452.5,18477
2024-01-04 11:00:00+00:00,7452.0,7455.5,7420.0,7442.5,13671
2024-01-04 15:00:00+00:00,7442.5,7467.5,7441.5,7451.5,15201
2024-01-04 19:00:00+00:00,7452.0,7453.5,7438.5,7439.5,1130
2024-01-05 07:00:00+00:00,7425.5,7433.0,7360.5,7376.5,16640
2024-01-05 11:00:00+00:00,7376.5,7429.0,7362.0,7426.0,15793
2024-01-05 15:00:00+00:00,7426.5,7452.5,7415.0,7431.0,17631
2024-01-05 19:00:00+00:00,7430.5,7438.0,7415.5,7425.5,1279
2024-01-08 07:00:00+00:00,7414.0,7438.5,7384.0,7418.0,15582
2024-01-08 11:00:00+00:00,7418.0,7454.0,7410.0,7453.0,11204
2024-01-08 15:00:00+00:00,7453.5,7472.5,7442.0,7472.0,12885
2024-01-08 19:00:00+00:00,7472.0,7495.5,7470.5,7492.0,1475
2024-01-09 07:00:00+00:00,7483.0,7487.5,7426.5,7443.0,14888
2024-01-09 11:00:00+00:00,7442.5,7445.5,7407.5,7422.0,10909
2024-01-09 15:00:00+00:00,7421.5,7444.0,7414.5,7438.5,13178
2024-01-09 19:00:00+00:00,7438.5,7439.5,7425.5,7433.5,1129
2024-01-10 07:00:00+00:00,7414.5,7463.0,7408.0,7434.5,13438
2024-01-10 11:00:00+00:00,7434.5,7440.5,7416.0,7428.5,9446
2024-01-10 15:00:00+00:00,7428.0,7442.5,7418.5,7440.0,12259
2024-01-10 19:00:00+00:00,7441.0,7456.0,7440.0,7449.5,1623
2024-01-11 07:00:00+00:00,7481.0,7493.0,7430.0,7442.0,15973
2024-01-11 11:00:00+00:00,7442.5,7464.5,7415.5,7443.5,16088
2024-01-11 15:00:00+00:00,7444.0,7444.0,7385.0,7429.0,19620
2024-01-11 19:00:00+00:00,7428.5,7445.5,7424.0,7442.5,2120
2024-01-12 07:00:00+00:00,7446.5,7482.0,7412.0,7461.0,22508
2024-01-12 11:00:00+00:00,7461.0,7483.5,7427.0,7464.5,14203
2024-01-12 15:00:00+00:00,7465.0,7479.0,7449.5,7478.5,14397
2024-01-12 19:00:00+00:00,7477.5,7480.0,7465.0,7474.0,853
2024-01-15 07:00:00+00:00,7488.0,7499.5,7425.0,7457.0,14026
2024-01-15 11:00:00+00:00,7456.5,7459.0,7405.0,7414.5,11508
2024-01-15 15:00:00+00:00,7414.5,7423.5,7408.5,7420.5,7742
2024-01-15 19:00:00+00:00,7420.5,7422.5,7419.0,7421.0,150
2024-01-16 07:00:00+00:00,7387.5,7397.5,7344.5,7370.0,17473
2024-01-16 11:00:00+00:00,7370.0,7404.0,7366.5,7393.5,13119
2024-01-16 15:00:00+00:00,7393.5,7404.0,7370.0,7375.5,15208
2024-01-16 19:00:00+00:00,7374.5,7381.0,7365.0,7380.5,1096
2024-01-17 07:00:00+00:00,7320.0,7327.0,7292.5,7312.5,20323
2024-01-17 11:00:00+00:00,7313.0,7326.5,7285.0,7286.5,12216
2024-01-17 15:00:00+00:00,7286.0,7327.5,7284.0,7299.0,16262
2024-01-17 19:00:00+00:00,7299.5,7321.0,7298.5,7317.0,1373
2024-01-18 07:00:00+00:00,7325.0,7370.0,7321.0,7369.5,10624
2024-01-18 11:00:00+00:00,7370.0,7401.5,7369.5,7396.5,8664
2024-01-18 15:00:00+00:00,7396.0,7411.0,7383.5,7401.5,9620
2024-01-18 19:00:00+00:00,7401.5,7429.5,7400.0,7429.5,907
2024-01-19 07:00:00+00:00,7437.5,7473.0,7418.5,7429.5,15592
2024-01-19 11:00:00+00:00,7429.0,7441.5,7378.0,7391.0,12109
2024-01-19 15:00:00+00:00,7391.5,7419.5,7371.5,7419.0,13643
2024-01-19 19:00:00+00:00,7418.0,7433.5,7417.5,7432.0,1497
2024-01-22 07:00:00+00:00,7436.0,7477.5,7414.0,7427.0,15324
2024-01-22 11:00:00+00:00,7427.5,7445.5,7411.5,7441.0,10632
2024-01-22 15:00:00+00:00,7441.5,7449.0,7426.5,7433.5,13301
2024-01-22 19:00:00+00:00,7433.5,7439.0,7426.0,7432.5,1224
2024-01-23 07:00:00+00:00,7451.0,7473.5,7407.0,7418.0,14268
2024-01-23 11:00:00+00:00,7418.5,7423.5,7393.5,7412.5,10953
2024-01-23 15:00:00+00:00,7412.5,7421.5,7398.5,7417.0,11797
2024-01-23 19:00:00+00:00,7417.5,7425.5,7415.0,7422.0,1283
2024-01-24 07:00:00+00:00,7449.5,7462.5,7423.5,7462.5,20268
2024-01-24 11:00:00+00:00,7462.0,7489.5,7461.0,7475.5,12569
2024-01-24 15:00:00+00:00,7475.5,7487.5,7464.0,7472.5,15426
2024-01-24 19:00:00+00:00,7472.5,7475.0,7458.5,7462.0,2383
2024-01-25 07:00:00+00:00,7466.5,7480.0,7442.5,7446.0,14270
2024-01-25 11:00:00+00:00,7445.5,7486.0,7427.0,7481.5,17472
2024-01-25 15:00:00+00:00,7482.5,7537.5,7464.5,7524.0,23695
2024-01-25 19:00:00+00:00,7524.0,7547.5,7521.0,7547.0,3557
2024-01-26 07:00:00+00:00,7527.5,7639.0,7526.5,7627.5,29074
2024-01-26 11:00:00+00:00,7627.5,7661.5,7625.5,7661.0,18069
2024-01-26 15:00:00+00:00,7661.5,7664.5,7640.5,7647.0,21070
2024-01-26 19:00:00+00:00,7647.5,7656.5,7647.0,7651.0,1412
2024-01-29 07:00:00+00:00,7645.0,7668.5,7640.5,7653.5,17315
2024-01-29 11:00:00+00:00,7654.0,7658.5,7637.0,7657.5,10429
2024-01-29 15:00:00+00:00,7657.5,7660.0,7647.0,7655.0,11505
2024-01-29 19:00:00+00:00,7654.5,7693.5,7654.5,7686.5,2094
2024-01-30 07:00:00+00:00,7678.0,7695.5,7660.5,7692.5,11206
2024-01-30 11:00:00+00:00,7692.0,7701.0,7677.5,7701.0,8619
2024-01-30 15:00:00+00:00,7701.5,7703.0,7685.5,7695.0,12102
2024-01-30 19:00:00+00:00,7695.0,7706.5,7693.0,7700.0,919
2024-01-31 07:00:00+00:00,7692.0,7720.5,7684.5,7699.5,13972
2024-01-31 11:00:00+00:00,7699.5,7711.0,7689.0,7692.0,11153
2024-01-31 15:00:00+00:00,7692.0,7693.0,7662.0,7676.5,18885
2024-01-31 19:00:00+00:00,7676.5,7698.5,7635.5,7645.0,4600
2024-02-01 07:00:00+00:00,7621.0,7644.0,7592.5,7613.5,20669
2024-02-01 11:00:00+00:00,7613.0,7632.5,7601.0,7617.5,11897
2024-02-01 15:00:00+00:00,7617.0,7634.0,7582.0,7624.5,22786
2024-02-01 19:00:00+00:00,7624.0,7636.5,7618.5,7635.0,1721
2024-02-02 07:00:00+00:00,7635.0,7650.0,7617.0,7637.0,17707
2024-02-02 11:00:00+00:00,7637.0,7656.0,7603.0,7610.5,13173
2024-02-02 15:00:00+00:00,7611.0,7625.5,7597.0,7617.5,13678
2024-02-02 19:00:00+00:00,7617.5,7630.0,7616.5,7621.0,1386
2024-02-05 07:00:00+00:00,7604.5,7617.5,7586.0,7610.5,11321
2024-02-05 11:00:00+00:00,7611.0,7617.0,7586.0,7593.5,10430
2024-02-05 15:00:00+00:00,7592.5,7619.5,7568.0,7618.0,14513
2024-02-05 19:00:00+00:00,7618.5,7628.5,7613.0,7613.0,1352
2024-02-06 07:00:00+00:00,7620.5,7647.5,7601.5,7618.5,14130
2024-02-06 11:00:00+00:00,7618.0,7647.0,7607.5,7640.0,9365
2024-02-06 15:00:00+00:00,7640.0,7653.5,7634.5,7653.5,13683
2024-02-06 19:00:00+00:00,7653.5,7661.0,7643.0,7660.5,1691
2024-02-07 07:00:00+00:00,7656.5,7665.5,7632.5,7633.0,11111
2024-02-07 11:00:00+00:00,7633.0,7648.0,7626.5,7633.0,8333
2024-02-07 15:00:00+00:00,7632.0,7643.0,7618.0,7638.5,14615
2024-02-07 19:00:00+00:00,7638.0,7640.0,7633.0,7635.5,1396
2024-02-08 07:00:00+00:00,7629.5,7669.5,7613.5,7652.0,15902
2024-02-08 11:00:00+00:00,7651.5,7692.5,7639.5,7683.5,11040
2024-02-08 15:00:00+00:00,7683.5,7690.5,7639.0,7648.0,20043
2024-02-08 19:00:00+00:00,7648.5,7651.0,7643.0,7649.5,1261
2024-02-09 07:00:00+00:00,7644.0,7674.0,7641.0,7670.0,13881
2024-02-09 11:00:00+00:00,7669.5,7674.0,7636.5,7641.0,10040
2024-02-09 15:00:00+00:00,7641.0,7679.0,7622.5,7677.0,14310
2024-02-09 19:00:00+00:00,7677.0,7687.0,7677.0,7679.5,3200
2024-02-12 07:00:00+00:00,7679.5,7698.0,7671.0,7690.5,14267
2024-02-12 11:00:00+00:00,7691.0,7691.0,7668.0,7688.0,8439
2024-02-12 15:00:00+00:00,7688.5,7700.5,7685.5,7691.0,13489
2024-02-12 19:00:00+00:00,7691.0,7692.5,7677.5,7687.0,2124
2024-02-13 07:00:00+00:00,7682.0,7696.5,7661.0,7669.5,13107
2024-02-13 11:00:00+00:00,7670.0,7672.5,7608.5,7610.5,17391
2024-02-13 15:00:00+00:00,7611.0,7631.0,7601.5,7605.5,15845
2024-02-13 19:00:00+00:00,7605.5,7606.0,7577.0,7602.0,3342
2024-02-14 07:00:00+00:00,7616.5,7664.5,7609.5,7660.5,12189
2024-02-14 11:00:00+00:00,7660.5,7682.5,7656.5,7670.0,9236
2024-02-14 15:00:00+00:00,7670.5,7692.0,7659.5,7684.5,13147
2024-02-14 19:00:00+00:00,7685.0,7685.0,7672.0,7675.5,273
2024-02-15 07:00:00+00:00,7709.0,7751.0,7705.5,7735.0,10092
2024-02-15 11:00:00+00:00,7735.0,7753.0,7728.5,7746.0,6388
2024-02-15 15:00:00+00:00,7746.0,7769.5,7738.0,7767.0,8550
2024-02-15 19:00:00+00:00,7766.0,7781.0,7764.5,7776.5,899
2024-02-16 07:00:00+00:00,7799.5,7824.5,7789.5,7814.5,13487
2024-02-16 11:00:00+00:00,7814.0,7817.5,7777.0,7784.0,12565
2024-02-16 15:00:00+00:00,7783.5,7799.0,7779.5,7794.0,13539
2024-02-16 19:00:00+00:00,7794.5,7797.5,7768.5,7775.5,1986
2024-02-19 07:00:00+00:00,7777.5,7784.5,7750.0,7760.5,11520
2024-02-19 11:00:00+00:00,7760.5,7782.5,7758.5,7781.5,4766
2024-02-19 15:00:00+00:00,7782.0,7796.0,7779.0,7790.5,6182
2024-02-19 19:00:00+00:00,7791.0,7795.0,7791.0,7794.5,122
2024-02-20 07:00:00+00:00,7786.0,7822.5,7769.5,7810.5,14622
2024-02-20 11:00:00+00:00,7810.5,7822.5,7797.5,7809.0,10183
2024-02-20 15:00:00+00:00,7809.0,7827.5,7802.0,7814.0,12931
2024-02-20 19:00:00+00:00,7813.5,7822.0,7806.5,7822.0,1630
2024-02-21 07:00:00+00:00,7834.5,7844.0,7809.5,7838.0,12933
2024-02-21 11:00:00+00:00,7838.0,7840.5,7810.0,7829.0,9262
2024-02-21 15:00:00+00:00,7829.5,7840.0,7815.5,7836.5,13474
2024-02-21 19:00:00+00:00,7837.0,7862.5,7821.0,7860.5,2603
2024-02-22 07:00:00+00:00,7899.5,7928.0,7871.0,7894.5,18959
2024-02-22 11:00:00+00:00,7894.0,7944.5,7889.5,7938.5,12692
2024-02-22 15:00:00+00:00,7938.5,7941.0,7922.5,7940.5,15321
2024-02-22 19:00:00+00:00,7940.0,7958.0,7940.0,7952.0,2101
2024-02-23 07:00:00+00:00,7943.0,7962.0,7927.0,7956.5,14665
2024-02-23 11:00:00+00:00,7956.5,7995.0,7955.5,7993.5,8962
2024-02-23 15:00:00+00:00,7993.0,7996.0,7976.0,7983.0,15589
2024-02-23 19:00:00+00:00,7983.5,7990.0,7975.5,7984.0,1112
2024-02-26 07:00:00+00:00,7980.0,7980.5,7946.5,7954.5,12886
2024-02-26 11:00:00+00:00,7954.5,7964.5,7949.5,7956.5,7975
2024-02-26 15:00:00+00:00,7956.5,7962.0,7934.0,7942.5,12151
2024-02-26 19:00:00+00:00,7942.5,7951.0,7942.0,7944.5,1023
2024-02-27 07:00:00+00:00,7935.5,7959.5,7931.5,7952.0,12704
2024-02-27 11:00:00+00:00,7952.0,7969.5,7939.5,7967.5,8806
2024-02-27 15:00:00+00:00,7966.0,7973.5,7960.5,7970.5,12577
2024-02-27 19:00:00+00:00,7970.5,7978.0,7965.5,7977.0,941
2024-02-28 07:00:00+00:00,7972.5,7977.0,7953.5,7958.5,11922
2024-02-28 11:00:00+00:00,7958.5,7969.5,7947.0,7955.0,7950
2024-02-28 15:00:00+00:00,7955.0,7978.0,7954.0,7972.5,10757
2024-02-28 19:00:00+00:00,7973.0,7973.5,7959.5,7964.0,845
2024-02-29 07:00:00+00:00,7973.5,7992.5,7963.0,7965.5,12879
2024-02-29 11:00:00+00:00,7965.0,7978.0,7950.0,7968.0,12315
2024-02-29 15:00:00+00:00,7968.0,7970.5,7925.5,7957.5,22189
2024-02-29 19:00:00+00:00,7957.5,7971.0,7954.5,7968.0,1096
2024-03-01 07:00:00+00:00,7982.5,7989.0,7912.5,7919.0,17296
2024-03-01 11:00:00+00:00,7919.5,7951.5,7915.0,7917.5,10269
2024-03-01 15:00:00+00:00,7918.0,7951.5,7914.0,7949.5,13418
2024-03-01 19:00:00+00:00,7950.0,7953.0,7945.5,7950.5,1673
2024-03-04 07:00:00+00:00,7951.0,7952.5,7927.0,7946.5,11093
2024-03-04 11:00:00+00:00,7947.0,7962.5,7936.5,7949.0,7644
2024-03-04 15:00:00+00:00,7949.0,7975.5,7940.0,7968.0,11937
2024-03-04 19:00:00+00:00,7967.5,7979.5,7962.0,7967.0,1991
2024-03-05 07:00:00+00:00,7941.0,7966.5,7936.5,7961.5,9238
2024-03-05 11:00:00+00:00,7962.0,7976.0,7945.0,7957.0,14795
2024-03-05 15:00:00+00:00,7956.5,7967.5,7933.0,7933.0,13476
2024-03-05 19:00:00+00:00,7933.0,7939.0,7908.5,7930.0,1942
2024-03-06 07:00:00+00:00,7947.5,7967.0,7930.5,7946.0,13388
2024-03-06 11:00:00+00:00,7946.0,7977.5,7938.0,7972.5,9682
2024-03-06 15:00:00+00:00,7971.5,7979.5,7957.5,7964.5,14259
2024-03-06 19:00:00+00:00,7964.0,7968.0,7952.0,7966.0,2013
2024-03-07 07:00:00+00:00,7946.5,7972.0,7910.5,7968.0,14815
2024-03-07 11:00:00+00:00,7969.0,8035.0,7965.5,8034.0,15266
2024-03-07 15:00:00+00:00,8033.5,8042.5,8022.5,8041.5,17085
2024-03-07 19:00:00+00:00,8042.0,8042.0,8026.5,8031.5,1551
2024-03-08 07:00:00+00:00,8031.5,8042.0,8012.5,8040.5,15032
2024-03-08 11:00:00+00:00,8040.5,8054.0,8015.5,8035.0,13995
2024-03-08 15:00:00+00:00,8035.5,8048.0,8002.0,8009.0,13303
2024-03-08 19:00:00+00:00,8009.0,8025.0,8008.0,8009.0,1884
2024-03-11 07:00:00+00:00,8009.0,8018.5,7982.5,8008.5,13870
2024-03-11 11:00:00+00:00,8009.0,8031.5,7988.0,7999.5,10584
2024-03-11 15:00:00+00:00,8000.0,8044.0,7994.0,8042.0,11787
2024-03-11 19:00:00+00:00,8042.0,8045.0,8034.5,8041.5,872
2024-03-12 07:00:00+00:00,8066.0,8072.5,8022.0,8028.5,12144
2024-03-12 11:00:00+00:00,8029.0,8070.5,7999.5,8065.5,12841
2024-03-12 15:00:00+00:00,8065.5,8106.5,8064.0,8102.0,15692
2024-03-12 19:00:00+00:00,8101.0,8105.5,8099.5,8103.5,1190
2024-03-13 07:00:00+00:00,8098.0,8141.0,8094.0,8132.0,16557
2024-03-13 11:00:00+00:00,8133.0,8161.0,8122.0,8146.5,9586
2024-03-13 15:00:00+00:00,8146.0,8158.0,8141.5,8147.0,10643
2024-03-13 19:00:00+00:00,8146.5,8149.0,8131.5,8143.5,1134
2024-03-14 07:00:00+00:00,8150.5,8216.0,8135.0,8210.5,9904
2024-03-14 11:00:00+00:00,8210.5,8219.5,8154.5,8158.0,11414
2024-03-14 15:00:00+00:00,8158.5,8169.0,8142.0,8151.0,8298
2024-03-14 19:00:00+00:00,8150.5,8159.5,8132.5,8150.5,515
2024-03-15 07:00:00+00:00,8172.5,8226.0,8169.5,8214.0,16926
2024-03-15 11:00:00+00:00,8213.5,8234.5,8206.5,8234.0,17638
2024-03-15 15:00:00+00:00,8234.0,8236.0,8178.0,8202.5,22471
2024-03-15 19:00:00+00:00,8203.0,8211.5,8198.5,8211.5,1118
2024-03-18 07:00:00+00:00,8219.0,8219.0,8174.5,8190.0,13288
2024-03-18 11:00:00+00:00,8190.5,8207.5,8155.5,8165.0,10609
2024-03-18 15:00:00+00:00,8165.5,8178.0,8158.5,8172.0,11959
2024-03-18 19:00:00+00:00,8171.5,8175.0,8165.0,8169.5,1130
2024-03-19 07:00:00+00:00,8159.5,8205.5,8157.0,8192.5,13254
2024-03-19 11:00:00+00:00,8192.5,8214.0,8180.0,8204.0,10782
2024-03-19 15:00:00+00:00,8204.0,8230.0,8173.5,8176.0,18545
2024-03-19 19:00:00+00:00,8176.0,8180.0,8164.5,8179.0,2103
2024-03-20 07:00:00+00:00,8161.5,8185.5,8145.5,8182.0,17335
2024-03-20 11:00:00+00:00,8181.5,8191.5,8172.0,8187.0,9413
2024-03-20 15:00:00+00:00,8186.5,8236.0,8175.0,8231.0,12144
2024-03-20 19:00:00+00:00,8232.0,8252.0,8230.0,8242.0,2294
2024-03-21 07:00:00+00:00,8269.5,8273.5,8165.5,8167.0,18035
2024-03-21 11:00:00+00:00,8167.0,8210.5,8161.5,8203.0,14145
2024-03-21 15:00:00+00:00,8203.5,8208.5,8190.0,8195.0,13898
2024-03-21 19:00:00+00:00,8194.5,8199.0,8194.0,8194.0,1172
2024-03-22 07:00:00+00:00,8181.0,8203.5,8169.5,8189.0,14501
2024-03-22 11:00:00+00:00,8188.5,8197.0,8152.5,8166.0,12707
2024-03-22 15:00:00+00:00,8166.0,8190.0,8165.5,8185.5,9907
2024-03-22 19:00:00+00:00,8185.5,8186.0,8175.0,8176.5,1013
2024-03-25 07:00:00+00:00,8175.0,8184.0,8122.5,8141.5,16150
2024-03-25 11:00:00+00:00,8142.0,8189.0,8134.0,8186.5,12009
2024-03-25 15:00:00+00:00,8186.5,8190.0,8173.0,8180.0,14723
2024-03-25 19:00:00+00:00,8179.5,8181.0,8166.5,8176.0,1415
2024-03-26 07:00:00+00:00,8192.5,8201.5,8158.5,8186.0,11779
2024-03-26 11:00:00+00:00,8186.0,8211.0,8182.5,8204.0,9423
2024-03-26 15:00:00+00:00,8203.0,8213.5,8188.0,8204.0,12095
2024-03-26 19:00:00+00:00,8205.0,8205.0,8185.5,8196.5,1058
2024-03-27 07:00:00+00:00,8206.0,8216.0,8191.0,8212.5,7350
2024-03-27 11:00:00+00:00,8212.5,8249.5,8211.0,8237.5,13124
2024-03-27 15:00:00+00:00,8236.5,8240.0,8213.0,8230.0,9988
2024-03-27 19:00:00+00:00,8230.0,8251.0,8225.5,8246.5,1095
2024-03-28 07:00:00+00:00,8245.5,8272.0,8230.0,8257.5,12529
2024-03-28 11:00:00+00:00,8258.0,8263.0,8227.0,8233.0,10408
2024-03-28 15:00:00+00:00,8233.0,8239.5,8222.5,8238.0,12928
2024-03-28 19:00:00+00:00,8238.5,8243.5,8233.5,8237.0,1606
2024-04-02 06:00:00+00:00,8232.0,8270.5,8221.0,8235.0,21493
2024-04-02 10:00:00+00:00,8235.0,8235.0,8135.5,8145.5,17073
2024-04-02 14:00:00+00:00,8146.0,8156.5,8132.5,8145.0,20352
2024-04-02 18:00:00+00:00,8145.5,8158.5,8144.5,8156.0,1556
2024-04-03 06:00:00+00:00,8126.5,8174.5,8116.0,8166.5,15594
2024-04-03 10:00:00+00:00,8166.5,8169.0,8146.0,8156.0,9962
2024-04-03 14:00:00+00:00,8157.0,8176.0,8157.0,8168.0,16275
2024-04-03 18:00:00+00:00,8168.0,8171.0,8152.0,8162.5,1838
2024-04-04 06:00:00+00:00,8169.5,8202.0,8154.0,8168.5,12865
2024-04-04 10:00:00+00:00,8169.0,8179.0,8148.5,8168.5,9516
2024-04-04 14:00:00+00:00,8169.0,8175.5,8149.0,8150.5,10286
2024-04-04 18:00:00+00:00,8149.5,8149.5,8049.5,8060.0,7510
2024-04-05 06:00:00+00:00,8062.5,8070.0,8032.5,8048.5,22065
2024-04-05 10:00:00+00:00,8049.0,8058.5,8021.5,8053.5,14203
2024-04-05 14:00:00+00:00,8053.0,8089.5,8037.0,8065.5,19298
2024-04-05 18:00:00+00:00,8066.0,8081.0,8059.5,8080.5,2554
2024-04-08 06:00:00+00:00,8082.0,8125.5,8058.0,8116.5,17258
2024-04-08 10:00:00+00:00,8115.5,8154.5,8107.5,8141.0,10120
2024-04-08 14:00:00+00:00,8141.5,8142.0,8119.0,8133.0,14184
2024-04-08 18:00:00+00:00,8133.5,8134.0,8120.0,8121.5,1088
2024-04-09 06:00:00+00:00,8121.5,8122.0,8074.5,8081.0,16906
2024-04-09 10:00:00+00:00,8080.5,8112.0,8059.5,8069.5,12828
2024-04-09 14:00:00+00:00,8069.5,8076.0,8040.0,8058.5,19423
2024-04-09 18:00:00+00:00,8058.0,8081.5,8052.5,8078.0,1779
2024-04-10 06:00:00+00:00,8090.5,8109.5,8085.0,8092.0,12035
2024-04-10 10:00:00+00:00,8092.5,8109.5,7981.0,8012.0,24831
2024-04-10 14:00:00+00:00,8012.0,8066.5,8009.0,8042.0,19594
2024-04-10 18:00:00+00:00,8041.5,8053.0,8028.0,8048.0,2417
2024-04-11 06:00:00+00:00,8048.5,8098.0,8041.5,8048.5,17477
2024-04-11 10:00:00+00:00,8048.5,8086.0,8017.0,8049.0,18078
2024-04-11 14:00:00+00:00,8050.0,8065.0,7976.5,8063.5,22810
2024-04-11 18:00:00+00:00,8063.0,8075.0,8062.0,8065.5,1542
2024-04-12 06:00:00+00:00,8068.0,8121.5,8068.0,8095.5,17093
2024-04-12 10:00:00+00:00,8095.5,8105.0,7995.0,8038.5,19458
2024-04-12 14:00:00+00:00,8038.5,8040.5,7975.0,7985.5,21223
2024-04-12 18:00:00+00:00,7984.5,7993.0,7967.5,7978.5,2457
2024-04-15 06:00:00+00:00,8025.5,8075.5,8016.0,8065.5,23013
2024-04-15 10:00:00+00:00,8065.5,8130.5,8062.5,8110.5,16771
2024-04-15 14:00:00+00:00,8110.0,8112.5,7987.5,8004.5,24969
2024-04-15 18:00:00+00:00,8004.0,8004.0,7981.5,7985.5,2738
2024-04-16 06:00:00+00:00,7957.0,7961.0,7907.5,7944.5,26519
2024-04-16 10:00:00+00:00,7945.0,7982.0,7910.5,7932.0,20862
2024-04-16 14:00:00+00:00,7931.5,7971.5,7912.0,7961.0,31310
2024-04-16 18:00:00+00:00,7960.0,7987.5,7950.5,7961.0,2428
2024-04-17 06:00:00+00:00,7965.0,8037.0,7938.0,8027.0,24928
2024-04-17 10:00:00+00:00,8026.5,8065.0,8024.0,8035.0,15281
2024-04-17 14:00:00+00:00,8035.5,8036.0,7968.0,7999.0,19674
2024-04-17 18:00:00+00:00,7999.0,8008.0,7972.0,7977.0,1999
2024-04-18 06:00:00+00:00,8009.5,8033.5,7995.5,8017.5,12560
2024-04-18 10:00:00+00:00,8018.5,8021.5,7977.0,8005.0,8051
2024-04-18 14:00:00+00:00,8005.5,8070.5,8000.5,8009.5,13536
2024-04-18 18:00:00+00:00,8008.5,8020.0,7999.0,8017.0,572
2024-04-19 06:00:00+00:00,7874.5,7935.5,7843.0,7922.5,24591
2024-04-19 10:00:00+00:00,7923.0,7964.0,7916.0,7950.5,18431
2024-04-19 14:00:00+00:00,7949.5,7969.5,7936.0,7960.5,15688
2024-04-19 18:00:00+00:00,7960.0,7960.0,7926.0,7954.5,1921
2024-04-22 06:00:00+00:00,7993.5,8020.5,7948.0,7984.5,20794
2024-04-22 10:00:00+00:00,7984.0,7997.5,7971.0,7983.0,10025
2024-04-22 14:00:00+00:00,7983.0,8030.0,7977.5,8026.0,13798
2024-04-22 18:00:00+00:00,8026.0,8034.5,8005.5,8012.5,1623
2024-04-23 06:00:00+00:00,8014.0,8042.0,8005.5,8026.0,14791
2024-04-23 10:00:00+00:00,8026.5,8062.0,8019.0,8041.5,12659
2024-04-23 14:00:00+00:00,8041.5,8073.0,8035.5,8070.5,17104
2024-04-23 18:00:00+00:00,8070.5,8073.0,8060.0,8062.0,1449
2024-04-24 06:00:00+00:00,8085.0,8085.0,8036.5,8081.5,17023
2024-04-24 10:00:00+00:00,8082.0,8102.5,8061.5,8063.5,10763
2024-04-24 14:00:00+00:00,8064.0,8068.5,8031.5,8064.0,15219
2024-04-24 18:00:00+00:00,8064.5,8064.5,8042.0,8053.0,809
2024-04-25 06:00:00+00:00,8027.5,8057.5,7994.0,7997.5,15859
2024-04-25 10:00:00+00:00,7997.5,7998.0,7908.0,7915.5,18839
2024-04-25 14:00:00+00:00,7915.5,7987.0,7905.5,7984.0,22445
2024-04-25 18:00:00+00:00,7984.0,7995.0,7971.0,7988.5,1841
2024-04-26 06:00:00+00:00,8021.5,8050.5,7980.5,7994.5,12788
2024-04-26 10:00:00+00:00,7996.0,8054.5,7986.0,8047.5,9249
2024-04-26 14:00:00+00:00,8048.5,8072.5,8043.5,8067.5,17549
2024-04-26 18:00:00+00:00,8068.5,8069.5,8057.0,8061.0,905
2024-04-29 06:00:00+00:00,8083.0,8093.5,8047.5,8050.5,11939
2024-04-29 10:00:00+00:00,8049.5,8058.0,8027.5,8029.0,7885
2024-04-29 14:00:00+00:00,8029.5,8036.0,8018.5,8030.0,8576
2024-04-29 18:00:00+00:00,8030.0,8030.5,8011.0,8027.0,791
2024-04-30 06:00:00+00:00,8030.0,8053.5,8002.0,8020.5,10974
2024-04-30 10:00:00+00:00,8021.0,8039.0,7983.0,7988.0,9782
2024-04-30 14:00:00+00:00,7987.5,8000.5,7940.0,7957.5,18114
2024-04-30 18:00:00+00:00,7957.5,7959.5,7930.5,7930.5,1409
2024-05-02 06:00:00+00:00,7960.5,7961.5,7890.0,7893.5,23489
2024-05-02 10:00:00+00:00,7893.0,7924.0,7892.5,7917.5,13579
2024-05-02 14:00:00+00:00,7917.5,7919.5,7891.5,7913.0,15794
2024-05-02 18:00:00+00:00,7914.0,7933.0,7913.0,7921.0,984
2024-05-03 06:00:00+00:00,7930.5,7953.5,7906.5,7951.0,17082
2024-05-03 10:00:00+00:00,7951.5,7993.5,7938.5,7978.5,16831
2024-05-03 14:00:00+00:00,7979.0,7987.5,7932.0,7954.0,14134
2024-05-03 18:00:00+00:00,7954.0,7959.5,7947.0,7955.5,726
2024-05-06 06:00:00+00:00,7956.0,7995.0,7948.5,7993.5,11442
2024-05-06 10:00:00+00:00,7994.0,8024.5,7975.5,7982.0,12048
2024-05-06 14:00:00+00:00,7981.5,8004.5,7980.0,8003.0,8169
2024-05-06 18:00:00+00:00,8003.0,8008.5,7996.0,8006.5,989
2024-05-07 06:00:00+00:00,8003.0,8039.0,7995.0,8012.0,13269
2024-05-07 10:00:00+00:00,8012.0,8051.5,8002.5,8039.0,11552
2024-05-07 14:00:00+00:00,8039.0,8084.5,8039.0,8069.0,14396
2024-05-07 18:00:00+00:00,8069.5,8077.0,8067.0,8071.0,845
2024-05-08 06:00:00+00:00,8065.0,8152.0,8060.0,8141.0,20318
2024-05-08 10:00:00+00:00,8141.0,8150.5,8112.5,8141.5,13556
2024-05-08 14:00:00+00:00,8141.5,8147.0,8122.0,8134.0,14005
2024-05-08 18:00:00+00:00,8133.5,8138.0,8126.0,8136.5,1100
2024-05-09 06:00:00+00:00,8123.0,8133.0,8103.5,8111.0,12331
2024-05-09 10:00:00+00:00,8110.5,8166.0,8110.5,8163.5,9814
2024-05-09 14:00:00+00:00,8164.0,8191.5,8162.0,8189.0,11371
2024-05-09 18:00:00+00:00,8188.5,8195.5,8186.0,8194.5,1176
2024-05-10 06:00:00+00:00,8195.0,8246.0,8189.5,8240.5,13149
2024-05-10 10:00:00+00:00,8241.5,8249.0,8209.5,8216.5,9203
2024-05-10 14:00:00+00:00,8216.5,8223.0,8199.5,8206.5,12135
2024-05-10 18:00:00+00:00,8207.0,8214.5,8204.0,8212.5,775
2024-05-13 06:00:00+00:00,8214.5,8227.5,8209.0,8212.0,9625
2024-05-13 10:00:00+00:00,8212.5,8212.5,8190.0,8211.0,8112
2024-05-13 14:00:00+00:00,8211.5,8218.5,8195.5,8203.0,9950
2024-05-13 18:00:00+00:00,8203.0,8210.0,8200.5,8210.0,917
2024-05-14 06:00:00+00:00,8208.5,8222.0,8201.5,8209.0,9106
2024-05-14 10:00:00+00:00,8209.0,8230.5,8187.0,8228.5,9891
2024-05-14 14:00:00+00:00,8228.0,8238.0,8214.5,8231.0,8541
2024-05-14 18:00:00+00:00,8232.0,8254.0,8232.0,8249.5,986
2024-05-15 06:00:00+00:00,8249.5,8257.0,8215.0,8217.0,10385
2024-05-15 10:00:00+00:00,8217.5,8257.0,8206.5,8233.0,9816
2024-05-15 14:00:00+00:00,8233.5,8248.0,8220.5,8241.5,6974
2024-05-15 18:00:00+00:00,8241.0,8246.0,8236.0,8246.0,551
2024-05-16 06:00:00+00:00,8253.0,8256.5,8183.0,8189.0,8942
2024-05-16 10:00:00+00:00,8189.0,8213.0,8187.0,8191.0,4996
2024-05-16 14:00:00+00:00,8191.5,8207.5,8167.5,8171.5,6229
2024-05-16 18:00:00+00:00,8172.5,8177.5,8162.5,8170.5,524
2024-05-17 06:00:00+00:00,8131.5,8150.5,8092.0,8118.0,14624
2024-05-17 10:00:00+00:00,8118.0,8123.5,8100.0,8116.0,8972
2024-05-17 14:00:00+00:00,8116.0,8133.0,8114.5,8130.0,10220
2024-05-17 18:00:00+00:00,8130.5,8133.5,8119.0,8133.0,941
2024-05-20 06:00:00+00:00,8139.0,8164.5,8128.0,8159.5,10445
2024-05-20 10:00:00+00:00,8160.0,8184.0,8154.5,8161.5,7116
2024-05-20 14:00:00+00:00,8161.5,8164.0,8144.5,8146.0,8441
2024-05-20 18:00:00+00:00,8146.5,8148.0,8137.0,8140.5,772
2024-05-21 06:00:00+00:00,8133.5,8152.0,8080.0,8082.0,12323
2024-05-21 10:00:00+00:00,8082.0,8109.0,8079.5,8102.5,10629
2024-05-21 14:00:00+00:00,8103.0,8127.0,8102.5,8127.0,10813
2024-05-21 18:00:00+00:00,8126.5,8133.5,8121.0,8131.0,715
2024-05-22 06:00:00+00:00,8130.5,8134.5,8070.5,8087.5,13269
2024-05-22 10:00:00+00:00,8088.0,8092.0,8064.5,8083.0,8554
2024-05-22 14:00:00+00:00,8083.0,8084.0,8063.5,8070.5,12377
2024-05-22 18:00:00+00:00,8069.5,8078.0,8047.5,8078.0,2240
2024-05-23 06:00:00+00:00,8094.5,8108.5,8075.5,8086.5,13575
2024-05-23 10:00:00+00:00,8087.0,8120.5,8076.5,8081.0,10636
2024-05-23 14:00:00+00:00,8081.5,8101.5,8049.0,8050.5,12522
2024-05-23 18:00:00+00:00,8049.0,8050.0,8028.5,8041.0,2627
2024-05-24 06:00:00+00:00,8046.5,8076.5,8021.0,8069.5,14001
2024-05-24 10:00:00+00:00,8069.5,8078.5,8053.5,8055.5,8168
2024-05-24 14:00:00+00:00,8056.0,8088.0,8056.0,8082.0,10505
2024-05-24 18:00:00+00:00,8081.5,8087.0,8073.0,8082.0,717
2024-05-27 06:00:00+00:00,8076.5,8103.0,8070.5,8090.5,9129
2024-05-27 10:00:00+00:00,8090.5,8106.0,8083.5,8096.0,5412
2024-05-27 14:00:00+00:00,8096.0,8133.0,8095.0,8126.0,6030
2024-05-27 18:00:00+00:00,8126.0,8131.0,8124.5,8128.0,301
2024-05-28 06:00:00+00:00,8127.5,8150.0,8100.0,8101.0,11051
2024-05-28 10:00:00+00:00,8101.0,8101.5,8053.0,8054.5,10849
2024-05-28 14:00:00+00:00,8054.0,8059.5,8034.5,8039.0,12262
2024-05-28 18:00:00+00:00,8037.0,8050.5,8026.5,8050.0,1276
2024-05-29 06:00:00+00:00,8027.0,8047.0,7986.0,7991.0,17932
2024-05-29 10:00:00+00:00,7990.5,7996.0,7927.5,7963.0,15234
2024-05-29 14:00:00+00:00,7963.0,7967.5,7937.5,7955.0,15688
2024-05-29 18:00:00+00:00,7954.5,7959.0,7944.0,7947.0,932
2024-05-30 06:00:00+00:00,7922.0,7963.5,7911.0,7949.5,15132
2024-05-30 10:00:00+00:00,7949.5,7973.5,7944.0,7969.5,10265
2024-05-30 14:00:00+00:00,7969.5,7997.0,7964.5,7993.0,13906
2024-05-30 18:00:00+00:00,7993.0,7993.5,7973.5,7987.0,1421
2024-05-31 06:00:00+00:00,7987.0,7999.0,7964.5,7977.5,13941
2024-05-31 10:00:00+00:00,7977.5,7999.0,7961.0,7988.5,9428
2024-05-31 14:00:00+00:00,7989.0,8000.5,7964.5,7997.0,20279
2024-05-31 18:00:00+00:00,7997.0,8030.0,7996.5,8029.0,1656
2024-06-03 06:00:00+00:00,8049.0,8076.0,8002.0,8019.5,20101
2024-06-03 10:00:00+00:00,8020.0,8043.0,8010.0,8023.5,7927
2024-06-03 14:00:00+00:00,8025.5,8039.5,7962.0,7979.0,14928
2024-06-03 18:00:00+00:00,7979.0,7992.0,7975.5,7987.5,1232
2024-06-04 06:00:00+00:00,7988.5,7989.0,7922.5,7927.5,18551
2024-06-04 10:00:00+00:00,7927.5,7986.5,7915.5,7977.5,12838
2024-06-04 14:00:00+00:00,7977.5,7989.0,7931.5,7955.5,15500
2024-06-04 18:00:00+00:00,7955.5,7973.5,7954.5,7968.0,1375
2024-06-05 06:00:00+00:00,7986.0,7996.0,7959.5,7984.5,13535
2024-06-05 10:00:00+00:00,7984.5,8040.5,7982.0,8013.0,11669
2024-06-05 14:00:00+00:00,8012.5,8026.5,7997.0,8022.5,13546
2024-06-05 18:00:00+00:00,8023.0,8036.5,8021.5,8036.5,1236
2024-06-06 06:00:00+00:00,8031.0,8056.5,8025.5,8039.0,12279
2024-06-06 10:00:00+00:00,8039.5,8055.5,8014.5,8039.0,9260
2024-06-06 14:00:00+00:00,8039.0,8053.5,8027.5,8035.5,11132
2024-06-06 18:00:00+00:00,8035.5,8042.5,8018.5,8041.0,1238
2024-06-07 06:00:00+00:00,8037.5,8053.0,7971.0,7987.5,14007
2024-06-07 10:00:00+00:00,7987.5,8005.5,7941.5,7999.0,16265
2024-06-07 14:00:00+00:00,7999.5,8027.0,7998.0,8005.5,12148
2024-06-07 18:00:00+00:00,8005.0,8006.0,7985.5,7988.5,1544
2024-06-10 06:00:00+00:00,7938.0,7940.5,7777.0,7835.5,33446
2024-06-10 10:00:00+00:00,7835.5,7884.5,7831.0,7855.0,16139
2024-06-10 14:00:00+00:00,7855.5,7912.0,7850.0,7906.5,22042
2024-06-10 18:00:00+00:00,7907.5,7913.0,7900.5,7910.5,1201
2024-06-11 06:00:00+00:00,7909.0,7933.0,7826.0,7826.0,22055
2024-06-11 10:00:00+00:00,7826.5,7836.0,7759.0,7797.0,26359
2024-06-11 14:00:00+00:00,7797.0,7807.5,7775.5,7797.0,17724
2024-06-11 18:00:00+00:00,7796.5,7814.5,7784.0,7797.0,2571
2024-06-12 06:00:00+00:00,7814.5,7831.0,7801.5,7810.5,16568
2024-06-12 10:00:00+00:00,7810.0,7882.5,7809.0,7866.5,15479
2024-06-12 14:00:00+00:00,7867.5,7875.5,7855.5,7860.0,14791
2024-06-12 18:00:00+00:00,7859.5,7869.5,7843.0,7856.5,2666
2024-06-13 06:00:00+00:00,7847.0,7869.0,7775.5,7779.5,14729
2024-06-13 10:00:00+00:00,7780.0,7787.0,7712.5,7716.0,17189
2024-06-13 14:00:00+00:00,7716.0,7725.5,7689.0,7708.5,27236
2024-06-13 18:00:00+00:00,7707.0,7724.0,7705.5,7719.5,1889
2024-06-14 06:00:00+00:00,7717.5,7727.0,7529.5,7529.5,39545
2024-06-14 10:00:00+00:00,7530.0,7559.0,7490.5,7503.5,40054
2024-06-14 14:00:00+00:00,7503.5,7503.5,7460.0,7484.0,34133
2024-06-14 18:00:00+00:00,7484.0,7489.5,7474.0,7489.0,2336
2024-06-17 06:00:00+00:00,7538.0,7577.5,7500.0,7510.5,31255
2024-06-17 10:00:00+00:00,7511.0,7557.0,7478.0,7530.5,18370
2024-06-17 14:00:00+00:00,7531.5,7595.5,7516.0,7591.0,19664
2024-06-17 18:00:00+00:00,7591.0,7603.5,7590.5,7600.5,2728
2024-06-18 06:00:00+00:00,7608.5,7636.0,7558.0,7597.5,17690
2024-06-18 10:00:00+00:00,7597.5,7626.5,7590.0,7610.0,12655
2024-06-18 14:00:00+00:00,7610.0,7638.0,7606.5,7631.5,14764
2024-06-18 18:00:00+00:00,7631.5,7637.5,7618.5,7636.5,2028
2024-06-19 06:00:00+00:00,7639.5,7650.0,7584.0,7592.0,13111
2024-06-19 10:00:00+00:00,7592.0,7608.0,7576.5,7584.5,8374
2024-06-19 14:00:00+00:00,7584.0,7592.0,7561.5,7565.5,7491
2024-06-19 18:00:00+00:00,7565.5,7575.0,7565.0,7572.5,195
2024-06-20 06:00:00+00:00,7587.5,7634.0,7575.5,7633.5,8638
2024-06-20 10:00:00+00:00,7633.0,7664.0,7622.5,7663.5,10241
2024-06-20 14:00:00+00:00,7663.5,7685.0,7646.5,7664.0,9951
2024-06-20 18:00:00+00:00,7665.0,7679.5,7662.5,7679.5,584
2024-06-21 06:00:00+00:00,7705.0,7705.0,7634.5,7646.0,19461
2024-06-21 10:00:00+00:00,7646.5,7660.5,7618.0,7641.0,13494
2024-06-21 14:00:00+00:00,7641.0,7676.5,7639.0,7653.0,22529
2024-06-21 18:00:00+00:00,7653.0,7659.0,7639.0,7642.5,2663
2024-06-24 06:00:00+00:00,7643.5,7712.5,7643.5,7690.5,15957
2024-06-24 10:00:00+00:00,7691.5,7741.0,7685.5,7736.0,11616
2024-06-24 14:00:00+00:00,7737.0,7744.0,7693.0,7697.0,13061
2024-06-24 18:00:00+00:00,7697.5,7709.0,7692.0,7692.0,1553
2024-06-25 06:00:00+00:00,7701.5,7703.5,7652.0,7673.0,15824
2024-06-25 10:00:00+00:00,7674.0,7677.5,7633.0,7655.5,10475
2024-06-25 14:00:00+00:00,7655.5,7699.0,7655.5,7697.5,11612
2024-06-25 18:00:00+00:00,7697.5,7710.5,7696.0,7701.5,1411
2024-06-26 06:00:00+00:00,7728.5,7737.5,7666.5,7670.0,14632
2024-06-26 10:00:00+00:00,7669.5,7669.5,7574.5,7613.0,19733
2024-06-26 14:00:00+00:00,7613.0,7647.0,7609.5,7638.5,13605
2024-06-26 18:00:00+00:00,7639.0,7645.0,7627.5,7634.5,915
2024-06-27 06:00:00+00:00,7637.5,7652.5,7588.0,7588.5,15754
2024-06-27 10:00:00+00:00,7588.5,7596.0,7564.0,7585.5,12656
2024-06-27 14:00:00+00:00,7585.5,7594.0,7535.5,7546.5,18932
2024-06-27 18:00:00+00:00,7546.0,7552.0,7534.5,7552.0,1784
2024-06-28 06:00:00+00:00,7554.5,7584.5,7485.0,7512.5,21351
2024-06-28 10:00:00+00:00,7513.0,7528.0,7472.5,7488.0,18167
2024-06-28 14:00:00+00:00,7488.5,7514.5,7468.0,7499.5,26324
2024-06-28 18:00:00+00:00,7499.0,7514.0,7485.0,7513.0,2339
2024-07-01 06:00:00+00:00,7665.0,7737.5,7575.5,7600.5,47501
2024-07-01 10:00:00+00:00,7601.0,7649.5,7596.5,7626.5,14059
2024-07-01 14:00:00+00:00,7628.0,7638.0,7568.5,7597.5,21424
2024-07-01 18:00:00+00:00,7597.0,7602.0,7578.5,7601.0,1776
2024-07-02 06:00:00+00:00,7582.0,7582.0,7493.5,7518.5,20983
2024-07-02 10:00:00+00:00,7518.5,7544.5,7490.5,7540.5,16047
2024-07-02 14:00:00+00:00,7540.0,7566.5,7536.5,7564.5,15801
2024-07-02 18:00:00+00:00,7564.0,7573.5,7564.0,7569.5,1220
2024-07-03 06:00:00+00:00,7584.0,7659.0,7579.0,7658.0,19663
2024-07-03 10:00:00+00:00,7658.0,7677.0,7640.5,7650.5,16712
2024-07-03 14:00:00+00:00,7651.0,7668.5,7636.5,7667.5,17727
2024-07-03 18:00:00+00:00,7668.0,7675.0,7666.0,7673.5,489
2024-07-04 06:00:00+00:00,7663.0,7715.5,7660.5,7701.0,15562
2024-07-04 10:00:00+00:00,7700.5,7711.5,7695.0,7701.0,8820
2024-07-04 14:00:00+00:00,7701.5,7727.5,7686.0,7718.0,11795
2024-07-04 18:00:00+00:00,7718.5,7722.0,7716.0,7721.0,222
2024-07-05 06:00:00+00:00,7721.5,7751.0,7713.0,7742.5,14453
2024-07-05 10:00:00+00:00,7742.0,7752.5,7680.5,7683.0,11737
2024-07-05 14:00:00+00:00,7683.0,7694.0,7652.0,7687.0,17949
2024-07-05 18:00:00+00:00,7687.0,7698.5,7685.5,7695.5,935
2024-07-08 06:00:00+00:00,7657.0,7757.0,7625.5,7724.0,27760
2024-07-08 10:00:00+00:00,7724.0,7726.5,7684.5,7689.5,11904
2024-07-08 14:00:00+00:00,7689.0,7691.0,7625.5,7637.5,18934
2024-07-08 18:00:00+00:00,7637.5,7641.0,7624.0,7633.5,948
2024-07-09 06:00:00+00:00,7630.0,7647.0,7558.5,7585.0,19444
2024-07-09 10:00:00+00:00,7585.5,7595.5,7527.0,7530.5,18112
2024-07-09 14:00:00+00:00,7531.0,7534.5,7491.5,7510.0,28942
2024-07-09 18:00:00+00:00,7509.5,7514.0,7504.0,7509.5,2007
2024-07-10 06:00:00+00:00,7507.5,7583.0,7492.5,7578.5,21182
2024-07-10 10:00:00+00:00,7578.5,7585.5,7553.5,7568.0,11959
2024-07-10 14:00:00+00:00,7567.5,7594.0,7564.0,7589.5,15570
2024-07-10 18:00:00+00:00,7589.5,7605.0,7584.5,7600.5,1312
2024-07-11 06:00:00+00:00,7600.0,7635.5,7580.5,7621.5,15209
2024-07-11 10:00:00+00:00,7621.0,7652.5,7589.5,7629.0,11737
2024-07-11 14:00:00+00:00,7628.5,7648.5,7620.5,7628.0,16372
2024-07-11 18:00:00+00:00,7629.0,7636.5,7625.0,7625.0,1214
2024-07-12 06:00:00+00:00,7634.0,7700.5,7634.0,7675.5,10765
2024-07-12 10:00:00+00:00,7675.0,7706.5,7664.0,7703.5,8238
2024-07-12 14:00:00+00:00,7705.0,7741.5,7703.0,7720.5,18102
2024-07-15 06:00:00+00:00,7703.0,7716.0,7649.5,7698.0,15728
2024-07-15 10:00:00+00:00,7698.5,7702.5,7628.5,7643.5,11058
2024-07-15 14:00:00+00:00,7643.0,7649.0,7614.0,7618.5,16922
2024-07-15 18:00:00+00:00,7618.5,7639.0,7616.0,7622.5,1141
2024-07-16 06:00:00+00:00,7621.5,7621.5,7560.5,7578.0,14564
2024-07-16 10:00:00+00:00,7578.0,7589.0,7557.5,7570.0,8811
2024-07-16 14:00:00+00:00,7570.5,7592.0,7570.5,7589.0,11632
2024-07-16 18:00:00+00:00,7588.5,7605.5,7585.0,7604.5,1285
2024-07-17 06:00:00+00:00,7575.5,7595.5,7545.5,7561.0,12253
2024-07-17 10:00:00+00:00,7560.0,7588.5,7526.5,7583.0,10799
2024-07-17 14:00:00+00:00,7582.5,7608.5,7565.0,7570.5,13152
2024-07-17 18:00:00+00:00,7570.0,7583.5,7564.0,7572.5,1351
2024-07-18 06:00:00+00:00,7590.0,7622.5,7558.5,7617.0,12755
2024-07-18 10:00:00+00:00,7616.5,7655.0,7598.5,7645.0,7172
2024-07-18 14:00:00+00:00,7645.5,7650.0,7581.0,7586.0,9974
2024-07-18 18:00:00+00:00,7585.0,7585.0,7562.5,7578.5,1163
2024-07-19 06:00:00+00:00,7620.5,7625.5,7538.5,7545.5,21947
2024-07-19 10:00:00+00:00,7544.5,7583.0,7543.5,7557.0,12643
2024-07-19 14:00:00+00:00,7555.5,7587.5,7542.0,7566.0,15284
2024-07-19 18:00:00+00:00,7566.0,7570.0,7553.0,7561.0,882
2024-07-22 06:00:00+00:00,7577.5,7658.5,7568.5,7652.5,17177
2024-07-22 10:00:00+00:00,7653.5,7675.0,7644.5,7647.0,9480
2024-07-22 14:00:00+00:00,7647.0,7675.5,7637.0,7674.5,13366
2024-07-22 18:00:00+00:00,7675.0,7678.5,7666.5,7674.5,1309
2024-07-23 06:00:00+00:00,7653.5,7659.0,7599.0,7654.0,15144
2024-07-23 10:00:00+00:00,7654.5,7684.5,7606.0,7608.5,12574
2024-07-23 14:00:00+00:00,7609.0,7622.5,7564.5,7587.5,19910
2024-07-23 18:00:00+00:00,7586.5,7594.0,7578.5,7580.0,836
2024-07-24 06:00:00+00:00,7568.0,7573.0,7482.5,7537.5,27562
2024-07-24 10:00:00+00:00,7537.5,7562.0,7525.5,7541.0,13881
2024-07-24 14:00:00+00:00,7540.5,7557.0,7514.0,7515.0,15924
2024-07-24 18:00:00+00:00,7515.0,7515.5,7493.0,7496.5,1643
2024-07-25 06:00:00+00:00,7486.0,7486.0,7382.0,7397.0,27119
2024-07-25 10:00:00+00:00,7398.0,7424.5,7358.0,7411.0,17535
2024-07-25 14:00:00+00:00,7409.0,7494.5,7387.5,7480.0,25055
2024-07-25 18:00:00+00:00,7480.5,7480.5,7446.5,7446.5,2840
2024-07-26 06:00:00+00:00,7460.0,7518.5,7443.0,7506.5,19992
2024-07-26 10:00:00+00:00,7506.0,7524.5,7496.0,7520.5,10085
2024-07-26 14:00:00+00:00,7520.5,7561.5,7517.0,7547.0,13727
2024-07-26 18:00:00+00:00,7547.5,7555.0,7534.5,7555.0,1345
2024-07-29 06:00:00+00:00,7567.0,7570.5,7501.0,7532.0,10944
2024-07-29 10:00:00+00:00,7531.5,7534.0,7470.0,7485.0,9779
2024-07-29 14:00:00+00:00,7484.5,7488.0,7445.0,7479.0,13771
2024-07-29 18:00:00+00:00,7479.0,7487.0,7469.5,7476.0,1239
2024-07-30 06:00:00+00:00,7475.0,7497.0,7453.0,7490.5,9768
2024-07-30 10:00:00+00:00,7490.5,7518.0,7484.5,7506.0,7104
2024-07-30 14:00:00+00:00,7504.5,7508.0,7473.0,7492.0,16896
2024-07-30 18:00:00+00:00,7492.5,7510.0,7489.5,7503.5,1499
2024-07-31 06:00:00+00:00,7543.0,7599.0,7543.0,7576.5,17090
2024-07-31 10:00:00+00:00,7574.0,7599.5,7532.0,7536.0,12502
2024-07-31 14:00:00+00:00,7536.5,7568.0,7533.5,7544.0,15980
2024-07-31 18:00:00+00:00,7543.0,7571.5,7527.5,7536.0,1837
2024-08-01 06:00:00+00:00,7556.0,7556.5,7437.5,7472.0,20265
2024-08-01 10:00:00+00:00,7472.0,7487.0,7435.0,7454.0,12101
2024-08-01 14:00:00+00:00,7448.5,7449.0,7352.0,7366.0,27712
2024-08-01 18:00:00+00:00,7365.0,7376.0,7346.5,7369.0,2800
2024-08-02 06:00:00+00:00,7328.5,7362.5,7296.5,7316.5,24345
2024-08-02 10:00:00+00:00,7316.5,7347.5,7278.0,7306.5,17466
2024-08-02 14:00:00+00:00,7308.0,7318.5,7237.5,7269.0,27343
2024-08-02 18:00:00+00:00,7269.5,7296.0,7264.0,7290.5,1825
2024-08-05 06:00:00+00:00,7094.0,7211.0,7036.5,7111.5,44901
2024-08-05 10:00:00+00:00,7111.0,7130.5,7046.0,7111.5,23257
2024-08-05 14:00:00+00:00,7110.0,7202.0,7108.5,7159.5,35578
2024-08-05 18:00:00+00:00,7159.5,7176.5,7142.5,7151.5,2649
2024-08-06 06:00:00+00:00,7216.0,7216.0,7104.5,7127.5,31804
2024-08-06 10:00:00+00:00,7128.0,7151.0,7077.5,7129.0,22260
2024-08-06 14:00:00+00:00,7127.5,7177.0,7116.0,7171.0,20964
2024-08-06 18:00:00+00:00,7171.5,7192.0,7152.5,7154.0,2405
2024-08-07 06:00:00+00:00,7197.0,7258.0,7149.5,7244.5,25529
2024-08-07 10:00:00+00:00,7244.5,7283.0,7228.5,7280.5,16752
2024-08-07 14:00:00+00:00,7281.0,7297.0,7207.0,7214.0,20103
2024-08-07 18:00:00+00:00,7213.0,7213.0,7187.0,7187.0,2529
2024-08-08 06:00:00+00:00,7204.0,7250.0,7174.0,7184.0,18574
2024-08-08 10:00:00+00:00,7184.0,7250.5,7182.0,7237.0,13082
2024-08-08 14:00:00+00:00,7238.0,7269.0,7235.5,7262.5,12760
2024-08-08 18:00:00+00:00,7260.5,7277.0,7260.5,7269.5,1363
2024-08-09 06:00:00+00:00,7270.0,7326.0,7253.0,7310.0,12987
2024-08-09 10:00:00+00:00,7309.5,7310.0,7237.0,7257.0,9366
2024-08-09 14:00:00+00:00,7257.0,7298.0,7252.5,7281.5,8986
2024-08-09 18:00:00+00:00,7281.5,7295.5,7275.5,7295.0,796
2024-08-12 06:00:00+00:00,7302.0,7313.0,7253.5,7267.5,9536
2024-08-12 10:00:00+00:00,7268.0,7279.0,7236.5,7242.0,6820
2024-08-12 14:00:00+00:00,7243.5,7274.0,7241.0,7246.5,9499
2024-08-12 18:00:00+00:00,7246.0,7253.5,7244.5,7252.0,782
2024-08-13 06:00:00+00:00,7272.0,7287.0,7241.0,7246.0,9527
2024-08-13 10:00:00+00:00,7246.5,7257.5,7224.0,7252.0,8899
2024-08-13 14:00:00+00:00,7252.5,7289.0,7245.5,7285.5,7808
2024-08-13 18:00:00+00:00,7286.0,7306.5,7282.5,7304.5,903
2024-08-14 06:00:00+00:00,7306.0,7344.0,7306.0,7311.0,8517
2024-08-14 10:00:00+00:00,7310.5,7324.5,7298.0,7314.0,7376
2024-08-14 14:00:00+00:00,7314.5,7345.5,7307.0,7332.0,7662
2024-08-14 18:00:00+00:00,7332.0,7343.0,7327.0,7338.0,401
2024-08-15 06:00:00+00:00,7355.0,7364.5,7334.0,7335.0,6822
2024-08-15 10:00:00+00:00,7335.0,7439.0,7317.0,7434.0,8117
2024-08-15 14:00:00+00:00,7433.5,7439.0,7410.0,7436.0,8113
2024-08-15 18:00:00+00:00,7435.5,7439.0,7428.0,7430.0,542
2024-08-16 06:00:00+00:00,7485.5,7487.5,7451.0,7482.5,12251
2024-08-16 10:00:00+00:00,7481.5,7481.5,7447.5,7461.0,11507
2024-08-16 14:00:00+00:00,7461.0,7483.5,7458.0,7480.0,8666
2024-08-16 18:00:00+00:00,7479.5,7483.5,7474.0,7480.5,729
2024-08-19 06:00:00+00:00,7480.0,7501.5,7464.5,7500.0,8007
2024-08-19 10:00:00+00:00,7499.5,7537.5,7497.0,7533.0,5937
2024-08-19 14:00:00+00:00,7533.5,7547.5,7521.0,7528.0,10085
2024-08-19 18:00:00+00:00,7527.5,7531.5,7524.0,7528.5,903
2024-08-20 06:00:00+00:00,7528.5,7559.0,7528.5,7536.0,9988
2024-08-20 10:00:00+00:00,7535.5,7543.0,7516.0,7532.5,6652
2024-08-20 14:00:00+00:00,7533.0,7533.0,7494.0,7501.0,9035
2024-08-20 18:00:00+00:00,7501.0,7510.5,7499.5,7501.0,771
2024-08-21 06:00:00+00:00,7514.0,7544.0,7505.5,7533.0,7857
2024-08-21 10:00:00+00:00,7532.5,7554.5,7528.5,7547.5,6180
2024-08-21 14:00:00+00:00,7547.5,7560.0,7530.0,7556.0,9416
2024-08-21 18:00:00+00:00,7555.5,7564.0,7554.0,7562.5,1538
2024-08-22 06:00:00+00:00,7553.0,7593.5,7543.5,7570.0,8245
2024-08-22 10:00:00+00:00,7570.0,7580.5,7557.5,7570.5,5992
2024-08-22 14:00:00+00:00,7571.0,7572.5,7522.5,7524.0,8290
2024-08-22 18:00:00+00:00,7523.5,7538.0,7520.0,7527.5,1357
2024-08-23 06:00:00+00:00,7551.0,7596.0,7547.0,7594.0,7265
2024-08-23 10:00:00+00:00,7594.5,7597.0,7566.5,7573.0,4994
2024-08-23 14:00:00+00:00,7574.0,7607.0,7573.5,7592.0,11611
2024-08-23 18:00:00+00:00,7592.0,7607.5,7588.0,7606.0,1228
2024-08-26 06:00:00+00:00,7591.5,7620.0,7587.0,7601.5,6089
2024-08-26 10:00:00+00:00,7601.5,7628.0,7601.0,7628.0,5039
2024-08-26 14:00:00+00:00,7628.5,7631.5,7603.5,7605.0,7378
2024-08-26 18:00:00+00:00,7605.5,7619.5,7604.0,7617.0,798
2024-08-27 06:00:00+00:00,7623.0,7647.5,7616.5,7620.5,8954
2024-08-27 10:00:00+00:00,7620.5,7623.0,7591.5,7600.0,8186
2024-08-27 14:00:00+00:00,7600.5,7609.0,7585.0,7601.5,7790
2024-08-27 18:00:00+00:00,7601.0,7603.5,7595.0,7595.0,855
2024-08-28 06:00:00+00:00,7599.5,7622.0,7599.5,7617.5,8683
2024-08-28 10:00:00+00:00,7617.5,7633.5,7611.5,7624.5,5663
2024-08-28 14:00:00+00:00,7625.5,7625.5,7572.0,7572.0,8300
2024-08-28 18:00:00+00:00,7572.0,7602.0,7570.5,7597.5,1384
2024-08-29 06:00:00+00:00,7597.5,7657.5,7588.5,7648.0,11098
2024-08-29 10:00:00+00:00,7647.5,7664.0,7634.0,7641.0,8449
2024-08-29 14:00:00+00:00,7640.5,7681.0,7640.5,7667.5,9757
2024-08-29 18:00:00+00:00,7667.5,7667.5,7632.0,7646.5,1866
2024-08-30 06:00:00+00:00,7662.0,7712.5,7651.5,7704.5,11397
2024-08-30 10:00:00+00:00,7704.5,7704.5,7667.5,7673.0,8800
2024-08-30 14:00:00+00:00,7674.0,7680.0,7627.5,7636.5,13716
2024-08-30 18:00:00+00:00,7637.5,7668.0,7635.5,7663.0,1092
2024-09-02 06:00:00+00:00,7648.5,7663.0,7588.0,7634.0,10727
2024-09-02 10:00:00+00:00,7634.5,7659.5,7623.5,7653.5,5878
2024-09-02 14:00:00+00:00,7653.5,7669.5,7648.5,7668.5,4240
2024-09-02 18:00:00+00:00,7668.0,7670.5,7667.0,7668.0,104
2024-09-03 06:00:00+00:00,7667.5,7689.5,7651.0,7651.5,9868
2024-09-03 10:00:00+00:00,7652.0,7654.5,7608.0,7618.5,8310
2024-09-03 14:00:00+00:00,7617.0,7617.0,7580.0,7586.5,16218
2024-09-03 18:00:00+00:00,7587.0,7587.0,7544.5,7558.0,2018
2024-09-04 06:00:00+00:00,7517.5,7548.0,7496.0,7531.0,18948
2024-09-04 10:00:00+00:00,7531.5,7535.0,7503.0,7522.0,10322
2024-09-04 14:00:00+00:00,7523.0,7542.0,7495.5,7505.5,15163
2024-09-04 18:00:00+00:00,7503.5,7512.0,7495.5,7507.5,1370
2024-09-05 06:00:00+00:00,7501.0,7511.5,7460.5,7472.0,13280
2024-09-05 10:00:00+00:00,7472.0,7495.0,7450.5,7468.5,10716
2024-09-05 14:00:00+00:00,7470.5,7488.5,7428.5,7463.0,13688
2024-09-05 18:00:00+00:00,7464.0,7469.0,7442.0,7452.0,1217
2024-09-06 06:00:00+00:00,7448.5,7456.5,7389.0,7435.5,17080
2024-09-06 10:00:00+00:00,7435.0,7479.0,7415.5,7449.5,15204
2024-09-06 14:00:00+00:00,7450.0,7454.5,7347.0,7350.5,18396
2024-09-09 06:00:00+00:00,7377.5,7426.5,7363.5,7417.0,11364
2024-09-09 10:00:00+00:00,7417.0,7432.0,7396.5,7429.5,6757
2024-09-09 14:00:00+00:00,7429.5,7461.5,7423.0,7438.5,11990
2024-09-09 18:00:00+00:00,7438.0,7446.5,7429.0,7441.5,1156
2024-09-10 06:00:00+00:00,7427.5,7487.0,7415.5,7459.0,10831
2024-09-10 10:00:00+00:00,7460.0,7466.0,7413.5,7418.0,8600
2024-09-10 14:00:00+00:00,7417.5,7422.0,7384.0,7403.5,14110
2024-09-10 18:00:00+00:00,7404.5,7429.5,7404.5,7429.5,1605
2024-09-11 06:00:00+00:00,7405.0,7454.0,7400.5,7427.0,9768
2024-09-11 10:00:00+00:00,7426.5,7462.0,7413.5,7415.5,9804
2024-09-11 14:00:00+00:00,7415.0,7460.0,7371.0,7450.0,15055
2024-09-11 18:00:00+00:00,7450.0,7474.5,7449.0,7471.0,1776
2024-09-12 06:00:00+00:00,7485.5,7515.5,7441.0,7469.5,16070
2024-09-12 10:00:00+00:00,7470.0,7480.5,7396.0,7410.0,9414
2024-09-12 14:00:00+00:00,7410.5,7476.0,7403.0,7471.5,14295
2024-09-12 18:00:00+00:00,7471.5,7475.0,7445.5,7464.0,1152
2024-09-13 06:00:00+00:00,7456.5,7493.5,7439.0,7457.5,9840
2024-09-13 10:00:00+00:00,7457.0,7475.0,7446.0,7472.5,5500
2024-09-13 14:00:00+00:00,7472.5,7497.5,7448.5,7460.0,11698
2024-09-13 18:00:00+00:00,7460.0,7467.0,7449.0,7467.0,1404
2024-09-16 06:00:00+00:00,7471.5,7485.0,7432.5,7462.0,9756
2024-09-16 10:00:00+00:00,7462.5,7478.5,7442.5,7467.0,5037
2024-09-16 14:00:00+00:00,7466.5,7477.0,7447.0,7476.5,8741
2024-09-16 18:00:00+00:00,7476.5,7495.0,7474.5,7493.5,1125
2024-09-17 06:00:00+00:00,7494.0,7514.0,7477.0,7508.0,9164
2024-09-17 10:00:00+00:00,7508.0,7530.0,7486.5,7490.5,7647
2024-09-17 14:00:00+00:00,7490.5,7506.5,7455.0,7472.5,10249
2024-09-17 18:00:00+00:00,7472.5,7484.5,7467.5,7483.0,1132
2024-09-18 06:00:00+00:00,7486.0,7500.0,7463.5,7472.0,7514
2024-09-18 10:00:00+00:00,7472.0,7472.0,7449.5,7453.5,5770
2024-09-18 14:00:00+00:00,7454.0,7473.0,7437.0,7473.0,8727
2024-09-18 18:00:00+00:00,7476.0,7517.0,7457.5,7466.5,3839
2024-09-19 06:00:00+00:00,7519.0,7591.5,7510.0,7583.5,10932
2024-09-19 10:00:00+00:00,7583.5,7605.5,7575.5,7591.0,7095
2024-09-19 14:00:00+00:00,7591.0,7639.0,7576.5,7639.0,9300
2024-09-19 18:00:00+00:00,7638.5,7639.5,7616.5,7623.0,769
2024-09-20 06:00:00+00:00,7612.0,7631.5,7547.0,7565.5,19102
2024-09-20 10:00:00+00:00,7566.0,7581.5,7530.5,7532.0,10892
2024-09-20 14:00:00+00:00,7532.0,7542.0,7500.0,7513.0,18639
2024-09-20 18:00:00+00:00,7513.5,7522.0,7501.5,7516.0,2257
2024-09-23 06:00:00+00:00,7529.5,7542.5,7466.0,7486.0,14448
2024-09-23 10:00:00+00:00,7486.5,7532.5,7483.5,7523.5,8169
2024-09-23 14:00:00+00:00,7523.5,7533.0,7497.0,7532.5,8808
2024-09-23 18:00:00+00:00,7532.0,7539.0,7527.0,7538.0,748
2024-09-24 06:00:00+00:00,7560.5,7645.5,7560.5,7643.0,16609
2024-09-24 10:00:00+00:00,7643.0,7645.5,7596.5,7611.5,8328
2024-09-24 14:00:00+00:00,7613.0,7624.0,7586.0,7608.5,12967
2024-09-24 18:00:00+00:00,7609.0,7615.5,7603.5,7611.5,1045
2024-09-25 06:00:00+00:00,7584.0,7602.5,7559.5,7593.0,12039
2024-09-25 10:00:00+00:00,7593.0,7613.5,7565.0,7573.0,8021
2024-09-25 14:00:00+00:00,7573.5,7588.5,7566.5,7577.5,10399
2024-09-25 18:00:00+00:00,7577.5,7581.0,7570.0,7573.5,1191
2024-09-26 06:00:00+00:00,7644.0,7723.5,7641.5,7685.5,24267
2024-09-26 10:00:00+00:00,7685.5,7756.5,7682.0,7746.5,12931
2024-09-26 14:00:00+00:00,7747.0,7780.0,7713.0,7780.0,15756
2024-09-26 18:00:00+00:00,7779.0,7785.5,7771.5,7776.0,1606
2024-09-27 06:00:00+00:00,7770.0,7794.0,7757.0,7788.0,15636
2024-09-27 10:00:00+00:00,7787.5,7805.5,7770.5,7801.0,9189
2024-09-27 14:00:00+00:00,7800.0,7820.5,7779.5,7786.5,12535
2024-09-27 18:00:00+00:00,7786.0,7791.0,7770.0,7787.5,1439
2024-09-30 06:00:00+00:00,7805.0,7808.5,7679.5,7692.0,17513
2024-09-30 10:00:00+00:00,7692.5,7694.0,7656.5,7671.5,11830
2024-09-30 14:00:00+00:00,7671.5,7684.5,7643.0,7666.0,19571
2024-09-30 18:00:00+00:00,7664.5,7668.5,7644.0,7664.5,2445
2024-10-01 06:00:00+00:00,7667.0,7669.0,7596.0,7639.0,13706
2024-10-01 10:00:00+00:00,7639.5,7668.0,7591.0,7599.5,14839
2024-10-01 14:00:00+00:00,7598.0,7619.0,7558.5,7600.0,25085
2024-10-01 18:00:00+00:00,7599.5,7619.5,7594.0,7597.0,2405
2024-10-02 06:00:00+00:00,7592.5,7635.0,7579.0,7594.5,12069
2024-10-02 10:00:00+00:00,7594.5,7604.5,7558.5,7569.0,11349
2024-10-02 14:00:00+00:00,7568.0,7597.5,7561.5,7586.0,12093
2024-10-02 18:00:00+00:00,7585.5,7588.0,7573.5,7578.0,1254
2024-10-03 06:00:00+00:00,7549.0,7569.0,7493.5,7525.0,13452
2024-10-03 10:00:00+00:00,7525.0,7551.5,7489.0,7497.0,10953
2024-10-03 14:00:00+00:00,7496.0,7520.5,7467.0,7476.5,20181
2024-10-03 18:00:00+00:00,7476.0,7485.5,7467.5,7484.5,2701
2024-10-04 06:00:00+00:00,7490.5,7540.5,7464.5,7524.0,13458
2024-10-04 10:00:00+00:00,7524.0,7581.5,7510.5,7558.5,12924
2024-10-04 14:00:00+00:00,7558.0,7590.5,7548.0,7575.5,14941
2024-10-04 18:00:00+00:00,7576.0,7596.0,7574.5,7594.5,1589
2024-10-07 06:00:00+00:00,7570.5,7597.0,7517.0,7549.5,13725
2024-10-07 10:00:00+00:00,7548.5,7595.5,7542.0,7569.5,7766
2024-10-07 14:00:00+00:00,7570.0,7591.5,7569.5,7583.5,9525
2024-10-07 18:00:00+00:00,7583.5,7583.5,7541.0,7564.0,2023
2024-10-08 06:00:00+00:00,7507.5,7525.5,7480.0,7515.5,14939
2024-10-08 10:00:00+00:00,7515.5,7550.0,7515.0,7533.5,7005
2024-10-08 14:00:00+00:00,7533.5,7549.5,7512.0,7545.0,9794
2024-10-08 18:00:00+00:00,7545.0,7553.5,7542.5,7545.0,1298
2024-10-09 06:00:00+00:00,7537.0,7552.0,7507.5,7537.5,9815
2024-10-09 10:00:00+00:00,7537.5,7556.0,7522.0,7552.0,5859
2024-10-09 14:00:00+00:00,7552.5,7579.0,7543.5,7570.5,8996
2024-10-09 18:00:00+00:00,7571.5,7578.5,7569.0,7574.5,1126
2024-10-10 06:00:00+00:00,7557.5,7563.0,7530.0,7553.0,8350
2024-10-10 10:00:00+00:00,7553.5,7568.5,7509.0,7521.0,9413
2024-10-10 14:00:00+00:00,7521.5,7570.0,7520.5,7570.0,8966
2024-10-10 18:00:00+00:00,7569.5,7570.0,7543.0,7564.0,1350
2024-10-11 06:00:00+00:00,7552.5,7562.5,7505.5,7543.5,9531
2024-10-11 10:00:00+00:00,7544.0,7573.0,7539.5,7569.5,7587
2024-10-11 14:00:00+00:00,7569.5,7592.0,7567.0,7590.0,10390
2024-10-11 18:00:00+00:00,7589.5,7596.0,7582.0,7588.5,1396
2024-10-14 06:00:00+00:00,7580.5,7595.0,7546.5,7552.5,11114
2024-10-14 10:00:00+00:00,7553.0,7616.5,7548.5,7603.5,7804
2024-10-14 14:00:00+00:00,7603.5,7620.5,7591.5,7614.5,8441
2024-10-14 18:00:00+00:00,7613.5,7621.5,7612.5,7615.0,1109
2024-10-15 06:00:00+00:00,7604.5,7628.0,7537.5,7547.5,14464
2024-10-15 10:00:00+00:00,7547.5,7552.0,7527.0,7529.0,8201
2024-10-15 14:00:00+00:00,7529.5,7546.5,7415.5,7470.0,36457
2024-10-15 18:00:00+00:00,7470.0,7476.0,7462.5,7472.0,2355
2024-10-16 06:00:00+00:00,7457.0,7498.5,7412.0,7485.0,15670
2024-10-16 10:00:00+00:00,7485.5,7507.0,7472.5,7505.5,5978
2024-10-16 14:00:00+00:00,7505.5,7515.5,7490.5,7505.0,9846
2024-10-16 18:00:00+00:00,7504.5,7517.0,7504.5,7510.0,1289
2024-10-17 06:00:00+00:00,7495.5,7590.5,7491.5,7572.5,9097
2024-10-17 10:00:00+00:00,7572.5,7626.5,7571.5,7601.5,7968
2024-10-17 14:00:00+00:00,7602.5,7605.5,7571.0,7578.5,7164
2024-10-17 18:00:00+00:00,7579.0,7579.0,7554.5,7563.0,554
2024-10-18 06:00:00+00:00,7591.0,7654.5,7553.0,7647.0,14410
2024-10-18 10:00:00+00:00,7647.5,7666.0,7619.0,7626.0,8770
2024-10-18 14:00:00+00:00,7626.0,7639.0,7614.5,7636.0,9523
2024-10-18 18:00:00+00:00,7635.5,7638.5,7627.0,7636.0,1465
2024-10-21 06:00:00+00:00,7622.0,7640.5,7589.5,7593.0,11279
2024-10-21 10:00:00+00:00,7593.0,7601.0,7554.0,7598.0,9335
2024-10-21 14:00:00+00:00,7598.5,7599.5,7548.5,7567.5,10494
2024-10-21 18:00:00+00:00,7567.0,7567.0,7556.5,7566.0,1049
2024-10-22 06:00:00+00:00,7553.0,7560.5,7494.0,7502.5,10574
2024-10-22 10:00:00+00:00,7503.0,7559.5,7489.5,7555.5,8873
2024-10-22 14:00:00+00:00,7555.5,7566.5,7532.5,7566.0,12466
2024-10-22 18:00:00+00:00,7566.0,7572.0,7559.0,7562.0,2015
2024-10-23 06:00:00+00:00,7561.0,7569.0,7492.5,7519.5,9124
2024-10-23 10:00:00+00:00,7521.0,7543.5,7484.5,7541.0,7695
2024-10-23 14:00:00+00:00,7540.5,7548.0,7490.5,7493.5,11748
2024-10-23 18:00:00+00:00,7493.0,7504.5,7478.5,7503.0,1902
2024-10-24 06:00:00+00:00,7514.0,7582.5,7514.0,7567.0,12695
2024-10-24 10:00:00+00:00,7567.5,7573.5,7547.5,7560.5,5132
2024-10-24 14:00:00+00:00,7561.5,7562.0,7498.5,7502.5,10871
2024-10-24 18:00:00+00:00,7503.0,7511.0,7497.0,7505.5,2119
2024-10-25 06:00:00+00:00,7522.0,7535.0,7472.0,7517.0,14923
2024-10-25 10:00:00+00:00,7516.0,7523.0,7488.0,7508.0,7523
2024-10-25 14:00:00+00:00,7508.5,7529.5,7476.0,7482.5,11066
2024-10-25 18:00:00+00:00,7482.5,7493.5,7473.5,7493.0,1833
2024-10-28 07:00:00+00:00,7527.5,7596.5,7522.5,7527.0,15596
2024-10-28 11:00:00+00:00,7526.5,7571.5,7508.5,7569.0,10211
2024-10-28 15:00:00+00:00,7569.5,7599.0,7564.0,7592.0,12404
2024-10-28 19:00:00+00:00,7591.5,7594.0,7580.5,7585.0,956
2024-10-29 07:00:00+00:00,7593.0,7633.0,7590.5,7601.5,13380
2024-10-29 11:00:00+00:00,7602.0,7605.0,7536.0,7538.5,11890
2024-10-29 15:00:00+00:00,7538.0,7543.0,7510.0,7517.5,13875
2024-10-29 19:00:00+00:00,7517.5,7521.5,7509.5,7518.0,1125
2024-10-30 07:00:00+00:00,7505.5,7509.0,7415.5,7420.0,18656
2024-10-30 11:00:00+00:00,7420.0,7452.5,7388.5,7446.0,20270
2024-10-30 15:00:00+00:00,7445.5,7456.5,7433.5,7453.5,14263
2024-10-30 19:00:00+00:00,7452.5,7453.5,7439.0,7444.0,1046
2024-10-31 07:00:00+00:00,7412.0,7438.5,7361.0,7371.5,15230
2024-10-31 11:00:00+00:00,7373.0,7389.5,7326.0,7329.0,11393
2024-10-31 15:00:00+00:00,7329.0,7376.0,7327.5,7366.5,16347
2024-10-31 19:00:00+00:00,7367.0,7373.5,7357.0,7365.5,1568
2024-11-01 07:00:00+00:00,7360.5,7413.0,7347.0,7410.0,14031
2024-11-01 11:00:00+00:00,7409.0,7427.0,7403.0,7426.5,11361
2024-11-01 15:00:00+00:00,7426.5,7444.5,7394.0,7406.0,12514
2024-11-01 19:00:00+00:00,7405.5,7409.0,7393.5,7395.0,1158
2024-11-04 07:00:00+00:00,7429.0,7456.0,7392.0,7444.5,10688
2024-11-04 11:00:00+00:00,7444.5,7448.5,7382.0,7395.5,7030
2024-11-04 15:00:00+00:00,7395.0,7409.5,7359.5,7379.0,10400
2024-11-04 19:00:00+00:00,7379.5,7382.0,7363.5,7367.5,1541
2024-11-05 07:00:00+00:00,7387.5,7407.5,7357.0,7386.5,10616
2024-11-05 11:00:00+00:00,7387.0,7401.0,7378.0,7390.5,5884
2024-11-05 15:00:00+00:00,7390.5,7434.5,7384.0,7419.0,11856
2024-11-05 19:00:00+00:00,7419.0,7427.0,7407.5,7424.5,1460
2024-11-06 07:00:00+00:00,7438.0,7581.5,7412.0,7515.5,28600
2024-11-06 11:00:00+00:00,7515.5,7518.5,7352.0,7364.5,21161
2024-11-06 15:00:00+00:00,7364.5,7387.5,7342.0,7383.0,21695
2024-11-06 19:00:00+00:00,7382.5,7393.0,7367.5,7379.5,2291
2024-11-07 07:00:00+00:00,7390.0,7426.5,7353.0,7418.5,15827
2024-11-07 11:00:00+00:00,7419.0,7449.5,7396.0,7442.5,9346
2024-11-07 15:00:00+00:00,7443.0,7456.5,7425.5,7450.0,13480
2024-11-07 19:00:00+00:00,7447.0,7475.0,7447.0,7469.0,3236
2024-11-08 07:00:00+00:00,7411.5,7413.5,7335.5,7354.5,8453
2024-11-08 11:00:00+00:00,7355.5,7389.0,7341.5,7349.5,9717
2024-11-08 15:00:00+00:00,7349.0,7355.5,7333.0,7349.0,13725
2024-11-08 19:00:00+00:00,7348.0,7368.5,7346.5,7361.0,1804
2024-11-11 07:00:00+00:00,7377.5,7440.5,7359.0,7420.0,14414
2024-11-11 11:00:00+00:00,7420.5,7457.5,7412.0,7436.5,8800
2024-11-11 15:00:00+00:00,7437.0,7441.5,7408.5,7420.5,8832
2024-11-11 19:00:00+00:00,7421.0,7422.5,7407.0,7412.0,829
2024-11-12 07:00:00+00:00,7358.5,7370.0,7332.5,7334.5,16661
2024-11-12 11:00:00+00:00,7335.0,7351.5,7300.5,7303.5,9843
2024-11-12 15:00:00+00:00,7304.0,7304.5,7208.5,7237.0,23570
2024-11-12 19:00:00+00:00,7236.5,7248.5,7235.5,7238.5,1370
2024-11-13 07:00:00+00:00,7196.0,7260.5,7195.0,7247.0,11209
2024-11-13 11:00:00+00:00,7247.0,7254.0,7163.5,7182.0,9328
2024-11-13 15:00:00+00:00,7181.0,7245.5,7160.0,7244.0,11638
2024-11-13 19:00:00+00:00,7244.0,7244.0,7220.0,7232.0,1432
2024-11-14 07:00:00+00:00,7212.0,7288.0,7204.5,7282.5,10483
2024-11-14 11:00:00+00:00,7283.0,7321.0,7281.0,7307.5,7176
2024-11-14 15:00:00+00:00,7308.5,7320.0,7290.0,7301.0,6701
2024-11-14 19:00:00+00:00,7304.0,7312.5,7282.5,7283.0,792
2024-11-15 07:00:00+00:00,7281.5,7336.5,7249.5,7329.5,16558
2024-11-15 11:00:00+00:00,7329.5,7332.0,7296.0,7313.0,9013
2024-11-15 15:00:00+00:00,7312.5,7316.5,7262.5,7266.0,14927
2024-11-15 19:00:00+00:00,7266.5,7297.5,7266.0,7292.0,1666
2024-11-18 07:00:00+00:00,7308.0,7308.0,7269.0,7285.5,9596
2024-11-18 11:00:00+00:00,7286.0,7286.5,7248.5,7267.5,8057
2024-11-18 15:00:00+00:00,7268.0,7297.5,7265.0,7279.5,10976
2024-11-18 19:00:00+00:00,7279.0,7279.5,7267.5,7275.0,1476
2024-11-19 07:00:00+00:00,7302.0,7317.0,7179.0,7204.5,18570
2024-11-19 11:00:00+00:00,7204.5,7219.5,7147.5,7180.0,14912
2024-11-19 15:00:00+00:00,7180.5,7259.5,7178.5,7259.0,12109
2024-11-19 19:00:00+00:00,7258.5,7259.0,7237.5,7245.5,1206
2024-11-20 07:00:00+00:00,7277.0,7296.0,7253.0,7255.5,10693
2024-11-20 11:00:00+00:00,7255.0,7281.0,7216.5,7218.0,8559
2024-11-20 15:00:00+00:00,7218.0,7239.5,7201.5,7213.5,12168
2024-11-20 19:00:00+00:00,7213.0,7238.0,7208.5,7235.0,1825
2024-11-21 07:00:00+00:00,7242.0,7242.0,7141.0,7182.0,14129
2024-11-21 11:00:00+00:00,7181.5,7212.0,7174.5,7200.0,11272
2024-11-21 15:00:00+00:00,7200.0,7244.0,7184.0,7239.5,13799
2024-11-21 19:00:00+00:00,7239.0,7244.0,7233.5,7242.5,1326
2024-11-22 07:00:00+00:00,7236.0,7276.5,7165.0,7211.5,16292
2024-11-22 11:00:00+00:00,7210.5,7278.0,7195.0,7274.5,9510
2024-11-22 15:00:00+00:00,7274.5,7283.0,7254.5,7277.0,11174
2024-11-22 19:00:00+00:00,7276.5,7277.0,7257.0,7272.0,1680
2024-11-25 07:00:00+00:00,7300.5,7350.0,7273.0,7275.5,15215
2024-11-25 11:00:00+00:00,7275.0,7283.0,7249.5,7273.5,9409
2024-11-25 15:00:00+00:00,7274.0,7284.5,7234.5,7258.0,14812
2024-11-25 19:00:00+00:00,7258.0,7258.0,7240.0,7240.0,1367
2024-11-26 07:00:00+00:00,7216.5,7234.5,7194.0,7222.0,11901
2024-11-26 11:00:00+00:00,7222.0,7269.5,7219.0,7235.5,7707
2024-11-26 15:00:00+00:00,7235.0,7236.0,7182.0,7188.0,15265
2024-11-26 19:00:00+00:00,7188.5,7192.5,7172.5,7186.0,2149
2024-11-27 07:00:00+00:00,7183.0,7193.0,7104.5,7115.0,21867
2024-11-27 11:00:00+00:00,7114.5,7161.5,7100.0,7161.5,10454
2024-11-27 15:00:00+00:00,7160.0,7167.5,7142.0,7161.0,12826
2024-11-27 19:00:00+00:00,7160.5,7164.0,7151.0,7161.5,1201
2024-11-28 07:00:00+00:00,7179.0,7216.0,7151.5,7190.0,13328
2024-11-28 11:00:00+00:00,7189.0,7212.5,7169.0,7201.5,8018
2024-11-28 15:00:00+00:00,7201.5,7204.0,7182.5,7195.0,6616
2024-11-28 19:00:00+00:00,7194.5,7198.0,7194.0,7197.5,166
2024-11-29 07:00:00+00:00,7183.0,7200.5,7150.5,7189.5,10193
2024-11-29 11:00:00+00:00,7189.5,7219.0,7175.5,7190.0,9947
2024-11-29 15:00:00+00:00,7191.0,7254.5,7188.5,7246.0,15609
2024-11-29 19:00:00+00:00,7245.5,7245.5,7233.5,7234.5,309
2024-12-02 07:00:00+00:00,7162.5,7227.5,7132.5,7207.0,19142
2024-12-02 11:00:00+00:00,7207.0,7292.0,7207.0,7217.0,23237
2024-12-02 15:00:00+00:00,7218.0,7265.0,7195.5,7255.5,17957
2024-12-02 19:00:00+00:00,7255.5,7260.0,7247.0,7253.0,1894
2024-12-03 07:00:00+00:00,7248.5,7334.5,7229.0,7279.5,20546
2024-12-03 11:00:00+00:00,7281.0,7290.5,7241.0,7251.5,10735
2024-12-03 15:00:00+00:00,7251.5,7276.0,7242.5,7264.5,12404
2024-12-03 19:00:00+00:00,7264.0,7270.0,7259.0,7268.0,1705
2024-12-04 07:00:00+00:00,7262.0,7306.5,7244.0,7292.0,11349
2024-12-04 11:00:00+00:00,7292.0,7338.0,7286.0,7310.0,10975
2024-12-04 15:00:00+00:00,7309.0,7334.0,7280.5,7288.5,15528
2024-12-04 19:00:00+00:00,7288.5,7298.0,7277.0,7291.0,3294
2024-12-05 07:00:00+00:00,7283.0,7363.5,7267.5,7324.0,19337
2024-12-05 11:00:00+00:00,7324.0,7340.5,7314.0,7327.5,10485
2024-12-05 15:00:00+00:00,7327.5,7352.5,7325.5,7337.5,11940
2024-12-05 19:00:00+00:00,7337.5,7340.5,7323.5,7326.0,1588
2024-12-06 07:00:00+00:00,7319.0,7446.5,7316.0,7436.0,20177
2024-12-06 11:00:00+00:00,7438.0,7457.5,7425.0,7436.0,14713
2024-12-06 15:00:00+00:00,7434.0,7456.5,7423.5,7430.5,15696
2024-12-06 19:00:00+00:00,7431.0,7440.5,7425.0,7440.5,1602
2024-12-09 07:00:00+00:00,7432.0,7512.0,7425.5,7465.0,18354
2024-12-09 11:00:00+00:00,7464.0,7514.5,7460.0,7513.0,14001
2024-12-09 15:00:00+00:00,7513.0,7523.0,7486.0,7498.0,21030
2024-12-09 19:00:00+00:00,7497.5,7499.5,7471.5,7473.0,1848
2024-12-10 07:00:00+00:00,7458.0,7477.5,7433.5,7438.5,14315
2024-12-10 11:00:00+00:00,7439.0,7453.5,7422.0,7431.5,8848
2024-12-10 15:00:00+00:00,7432.0,7433.0,7392.0,7394.0,14787
2024-12-10 19:00:00+00:00,7394.5,7399.5,7382.5,7383.0,1596
2024-12-11 07:00:00+00:00,7392.5,7414.5,7371.0,7411.0,11159
2024-12-11 11:00:00+00:00,7411.0,7446.5,7403.5,7437.0,9221
2024-12-11 15:00:00+00:00,7437.0,7459.5,7413.5,7447.5,11150
2024-12-11 19:00:00+00:00,7447.5,7460.0,7447.5,7452.0,1131
2024-12-12 07:00:00+00:00,7443.5,7463.5,7419.0,7434.0,9530
2024-12-12 11:00:00+00:00,7434.0,7449.0,7416.5,7448.0,8355
2024-12-12 15:00:00+00:00,7448.5,7450.5,7414.0,7417.0,8907
2024-12-12 19:00:00+00:00,7417.5,7422.0,7406.0,7410.5,1259
2024-12-13 07:00:00+00:00,7406.5,7465.5,7398.0,7458.0,9213
2024-12-13 11:00:00+00:00,7458.5,7460.0,7425.0,7425.0,7699
2024-12-13 15:00:00+00:00,7425.5,7425.5,7393.5,7414.0,12045
2024-12-13 19:00:00+00:00,7414.0,7420.0,7408.5,7413.0,1029
2024-12-16 07:00:00+00:00,7403.5,7410.0,7353.5,7363.0,12752
2024-12-16 11:00:00+00:00,7362.0,7365.0,7343.0,7360.0,10193
2024-12-16 15:00:00+00:00,7361.5,7378.5,7352.0,7366.5,12525
2024-12-16 19:00:00+00:00,7366.0,7366.0,7349.5,7349.5,1249
2024-12-17 07:00:00+00:00,7334.0,7384.5,7318.0,7376.0,10341
2024-12-17 11:00:00+00:00,7376.5,7385.5,7357.0,7372.0,8602
2024-12-17 15:00:00+00:00,7371.0,7401.5,7365.0,7392.5,11103
2024-12-17 19:00:00+00:00,7392.0,7392.5,7364.5,7364.5,2901
2024-12-18 07:00:00+00:00,7378.5,7398.0,7362.5,7391.0,8510
2024-12-18 11:00:00+00:00,7391.5,7401.5,7365.0,7387.5,5784
2024-12-18 15:00:00+00:00,7388.5,7401.0,7383.0,7389.0,8032
2024-12-18 19:00:00+00:00,7388.5,7391.0,7277.5,7286.5,6735
2024-12-19 07:00:00+00:00,7278.5,7327.0,7261.0,7261.5,13183
2024-12-19 11:00:00+00:00,7261.5,7318.0,7260.0,7298.0,7408
2024-12-19 15:00:00+00:00,7298.5,7310.5,7275.5,7306.5,7125
2024-12-19 19:00:00+00:00,7306.0,7309.5,7278.5,7282.0,513
2024-12-20 07:00:00+00:00,7270.0,7281.0,7205.5,7229.5,24820
2024-12-20 11:00:00+00:00,7228.0,7250.0,7210.5,7236.0,15998
2024-12-20 15:00:00+00:00,7238.0,7313.5,7238.0,7297.0,20335
2024-12-20 19:00:00+00:00,7297.0,7309.5,7271.5,7279.0,1368
2024-12-23 07:00:00+00:00,7297.5,7298.5,7240.5,7282.0,10452
2024-12-23 11:00:00+00:00,7282.5,7302.5,7270.5,7290.5,5617
2024-12-23 15:00:00+00:00,7291.0,7303.5,7263.5,7300.0,7808
2024-12-23 19:00:00+00:00,7300.0,7316.0,7289.5,7313.0,1009
2024-12-24 07:00:00+00:00,7311.5,7340.0,7305.0,7322.5,5506
2024-12-24 11:00:00+00:00,7321.5,7326.0,7292.0,7295.5,3034
2024-12-27 07:00:00+00:00,7302.5,7338.5,7280.5,7335.0,11678
2024-12-27 11:00:00+00:00,7335.5,7358.0,7316.0,7353.0,6576
2024-12-27 15:00:00+00:00,7353.0,7367.0,7323.5,7356.5,11330
2024-12-27 19:00:00+00:00,7357.0,7369.5,7345.5,7357.0,1201
2024-12-30 07:00:00+00:00,7336.5,7375.5,7323.0,7363.0,7635
2024-12-30 11:00:00+00:00,7364.5,7380.0,7316.5,7319.5,8613
2024-12-30 15:00:00+00:00,7319.0,7339.5,7304.5,7336.5,11412
2024-12-30 19:00:00+00:00,7337.0,7343.0,7321.0,7321.0,1224
2024-12-31 07:00:00+00:00,7319.5,7352.5,7292.0,7351.0,6940
2024-12-31 11:00:00+00:00,7351.5,7403.5,7351.5,7385.5,8259
2025-01-02 07:00:00+00:00,7373.5,7417.5,7301.0,7305.0,20797
2025-01-02 11:00:00+00:00,7305.5,7385.5,7293.0,7378.5,13306
2025-01-02 15:00:00+00:00,7378.0,7412.5,7340.0,7350.0,13587
2025-01-02 19:00:00+00:00,7350.0,7371.5,7347.0,7365.0,1487
2025-01-03 07:00:00+00:00,7384.0,7396.0,7324.5,7328.0,13947
2025-01-03 11:00:00+00:00,7328.0,7351.5,7291.0,7300.0,11515
2025-01-03 15:00:00+00:00,7301.5,7305.0,7276.5,7288.5,18130
2025-01-03 19:00:00+00:00,7287.5,7293.0,7283.0,7292.5,1887
2025-01-06 07:00:00+00:00,7318.5,7352.5,7309.0,7324.5,17949
2025-01-06 11:00:00+00:00,7325.5,7463.5,7320.5,7403.5,27165
2025-01-06 15:00:00+00:00,7404.0,7463.5,7396.0,7429.0,16535
2025-01-06 19:00:00+00:00,7429.0,7429.0,7409.0,7418.0,1694
2025-01-07 07:00:00+00:00,7415.5,7496.0,7409.0,7493.5,14667
2025-01-07 11:00:00+00:00,7493.0,7525.5,7491.5,7505.0,14019
2025-01-07 15:00:00+00:00,7505.5,7510.5,7480.5,7491.5,15456
2025-01-07 19:00:00+00:00,7492.0,7496.0,7464.0,7475.0,1590
2025-01-08 07:00:00+00:00,7477.0,7504.0,7470.5,7497.0,11584
2025-01-08 11:00:00+00:00,7496.5,7503.5,7401.5,7411.5,24459
2025-01-08 15:00:00+00:00,7410.5,7466.5,7408.5,7439.0,11983
2025-01-08 19:00:00+00:00,7439.0,7461.5,7435.0,7451.0,1142
2025-01-09 07:00:00+00:00,7439.5,7477.5,7409.5,7475.0,9238
2025-01-09 11:00:00+00:00,7474.5,7509.5,7473.5,7504.5,7695
2025-01-09 15:00:00+00:00,7504.0,7509.5,7492.0,7498.0,9527
2025-01-09 19:00:00+00:00,7498.5,7501.5,7497.0,7500.0,226
2025-01-10 07:00:00+00:00,7488.0,7521.0,7474.5,7506.5,11128
2025-01-10 11:00:00+00:00,7507.0,7526.5,7463.5,7478.5,11083
2025-01-10 15:00:00+00:00,7477.0,7481.0,7420.5,7479.0,16667
2025-01-10 19:00:00+00:00,7478.5,7478.5,7445.5,7455.0,1356
2025-01-13 07:00:00+00:00,7420.0,7427.5,7365.5,7375.5,14341
2025-01-13 11:00:00+00:00,7375.0,7419.0,7355.5,7416.5,10793
2025-01-13 15:00:00+00:00,7416.0,7448.5,7403.5,7448.5,10473
2025-01-13 19:00:00+00:00,7448.0,7461.5,7440.0,7460.5,1315
2025-01-14 07:00:00+00:00,7475.5,7504.5,7468.0,7498.5,12552
2025-01-14 11:00:00+00:00,7499.0,7504.0,7435.5,7438.5,9832
2025-01-14 15:00:00+00:00,7438.5,7454.5,7413.5,7451.0,13254
2025-01-14 19:00:00+00:00,7450.5,7452.0,7421.0,7440.0,1890
2025-01-15 07:00:00+00:00,7435.5,7458.0,7417.0,7448.5,7631
2025-01-15 11:00:00+00:00,7449.5,7518.0,7449.0,7501.0,12100
2025-01-15 15:00:00+00:00,7502.5,7508.0,7476.5,7486.5,13384
2025-01-15 19:00:00+00:00,7486.5,7494.5,7481.0,7483.0,1022
2025-01-16 07:00:00+00:00,7520.0,7634.5,7515.5,7622.0,15986
2025-01-16 11:00:00+00:00,7622.0,7634.5,7606.5,7608.5,6811
2025-01-16 15:00:00+00:00,7609.0,7650.0,7600.5,7641.5,6962
2025-01-16 19:00:00+00:00,7639.5,7653.5,7635.0,7639.0,445
2025-01-17 07:00:00+00:00,7668.5,7747.0,7660.5,7730.0,18996
2025-01-17 11:00:00+00:00,7731.0,7756.0,7729.0,7752.0,12692
2025-01-17 15:00:00+00:00,7752.0,7755.5,7728.5,7731.5,12025
2025-01-17 19:00:00+00:00,7732.5,7746.5,7731.0,7742.5,841
2025-01-20 07:00:00+00:00,7747.0,7762.5,7737.5,7743.0,8187
2025-01-20 11:00:00+00:00,7742.5,7789.5,7728.5,7779.0,12416
2025-01-20 15:00:00+00:00,7777.5,7780.5,7702.0,7746.5,9028
2025-01-20 19:00:00+00:00,7747.0,7765.0,7747.0,7759.0,175
2025-01-21 07:00:00+00:00,7736.5,7780.5,7732.5,7757.0,10227
2025-01-21 11:00:00+00:00,7756.5,7788.5,7753.5,7788.5,8924
2025-01-21 15:00:00+00:00,7788.5,7799.0,7777.5,7797.5,11487
2025-01-21 19:00:00+00:00,7797.0,7813.5,7793.0,7808.5,1067
2025-01-22 07:00:00+00:00,7797.0,7858.5,7787.5,7848.5,15081
2025-01-22 11:00:00+00:00,7848.5,7897.0,7845.5,7850.5,11704
2025-01-22 15:00:00+00:00,7850.0,7866.5,7838.5,7848.0,13878
2025-01-22 19:00:00+00:00,7848.0,7850.0,7840.5,7842.0,1084
2025-01-23 07:00:00+00:00,7847.5,7882.5,7847.5,7881.0,10545
2025-01-23 11:00:00+00:00,7880.0,7904.5,7878.5,7893.0,8432
2025-01-23 15:00:00+00:00,7893.5,7936.5,7889.5,7930.5,15238
2025-01-23 19:00:00+00:00,7929.5,7947.0,7919.0,7941.0,1289
2025-01-24 07:00:00+00:00,7945.5,8009.5,7941.5,7990.0,17578
2025-01-24 11:00:00+00:00,7990.0,7994.5,7933.0,7936.5,10640
2025-01-24 15:00:00+00:00,7935.5,7954.0,7922.5,7936.5,11112
2025-01-24 19:00:00+00:00,7936.0,7949.5,7932.5,7938.0,779
2025-01-27 07:00:00+00:00,7865.0,7916.5,7854.0,7872.0,20443
2025-01-27 11:00:00+00:00,7871.0,7934.0,7865.0,7933.5,12731
2025-01-27 15:00:00+00:00,7934.5,7948.5,7921.5,7936.5,14981
2025-01-27 19:00:00+00:00,7936.0,7960.0,7935.5,7959.5,1600
2025-01-28 07:00:00+00:00,7917.5,7968.5,7896.5,7956.0,13223
2025-01-28 11:00:00+00:00,7957.0,7974.0,7929.5,7942.0,10115
2025-01-28 15:00:00+00:00,7942.5,7952.0,7845.5,7893.0,21825
2025-01-28 19:00:00+00:00,7892.5,7916.5,7887.0,7915.0,2004
2025-01-29 07:00:00+00:00,7926.0,7941.0,7864.5,7899.0,15626
2025-01-29 11:00:00+00:00,7899.0,7902.0,7864.5,7888.0,8702
2025-01-29 15:00:00+00:00,7887.5,7904.0,7878.5,7889.0,10794
2025-01-29 19:00:00+00:00,7887.5,7902.0,7866.5,7892.0,1967
2025-01-30 07:00:00+00:00,7911.0,7935.5,7890.5,7934.5,11050
2025-01-30 11:00:00+00:00,7934.0,7952.0,7923.0,7939.5,7463
2025-01-30 15:00:00+00:00,7939.5,7991.5,7931.0,7989.5,12285
2025-01-30 19:00:00+00:00,7989.5,7995.5,7944.0,7966.0,2562
2025-01-31 07:00:00+00:00,7955.5,8001.0,7955.5,7984.5,11076
2025-01-31 11:00:00+00:00,7985.5,8010.5,7954.5,7960.0,9894
2025-01-31 15:00:00+00:00,7959.5,7988.0,7927.0,7938.0,15753
2025-01-31 19:00:00+00:00,7938.0,7947.5,7915.0,7933.5,3025
2025-02-03 07:00:00+00:00,7763.5,7853.0,7763.5,7829.0,23440
2025-02-03 11:00:00+00:00,7829.5,7854.5,7811.0,7818.5,11338
2025-02-03 15:00:00+00:00,7815.5,7890.0,7806.5,7853.0,23016
2025-02-03 19:00:00+00:00,7852.0,7874.0,7847.0,7848.0,1803
2025-02-04 07:00:00+00:00,7855.0,7891.5,7819.0,7882.0,13695
2025-02-04 11:00:00+00:00,7882.5,7927.5,7871.5,7923.0,8521
2025-02-04 15:00:00+00:00,7927.5,7930.5,7902.5,7902.5,11892
2025-02-04 19:00:00+00:00,7903.0,7921.5,7903.0,7917.5,1415
2025-02-05 07:00:00+00:00,7886.5,7913.5,7878.5,7898.5,9197
2025-02-05 11:00:00+00:00,7899.5,7910.5,7884.0,7884.5,4813
2025-02-05 15:00:00+00:00,7885.5,7917.0,7868.5,7912.5,12535
2025-02-05 19:00:00+00:00,7912.5,7924.0,7910.0,7913.0,1077
2025-02-06 07:00:00+00:00,7925.5,7969.0,7913.5,7951.0,9738
2025-02-06 11:00:00+00:00,7950.0,8006.5,7943.0,8004.0,8806
2025-02-06 15:00:00+00:00,8005.0,8034.5,7996.0,8004.0,15830
2025-02-06 19:00:00+00:00,8003.5,8007.5,7987.5,8000.0,1090
2025-02-07 07:00:00+00:00,8011.5,8037.0,7999.0,8006.5,10313
2025-02-07 11:00:00+00:00,8006.5,8015.0,7991.5,8007.0,6827
2025-02-07 15:00:00+00:00,8006.0,8006.0,7960.0,7972.0,17771
2025-02-07 19:00:00+00:00,7972.5,7978.5,7958.0,7960.0,1269
2025-02-10 07:00:00+00:00,7988.0,8013.0,7978.0,7999.0,7605
2025-02-10 11:00:00+00:00,7999.0,8011.0,7987.0,8003.5,5248
2025-02-10 15:00:00+00:00,8004.0,8025.0,7999.0,8020.5,8988
2025-02-10 19:00:00+00:00,8020.0,8024.0,8016.5,8023.0,728
2025-02-11 07:00:00+00:00,8010.0,8046.0,8006.5,8013.5,9080
2025-02-11 11:00:00+00:00,8014.0,8036.0,8001.5,8032.5,7109
2025-02-11 15:00:00+00:00,8033.0,8043.0,8030.5,8038.5,7314
2025-02-11 19:00:00+00:00,8038.5,8059.5,8037.0,8052.0,1044
2025-02-12 15:00:00+00:00,8083.0,8107.0,8080.0,8099.0,3396
2025-02-12 19:00:00+00:00,8098.5,8120.0,8094.0,8109.5,1734
2025-02-13 07:00:00+00:00,8120.0,8157.5,8095.5,8157.0,13551
2025-02-13 11:00:00+00:00,8157.0,8177.0,8134.0,8173.0,11679
2025-02-13 15:00:00+00:00,8174.0,8184.5,8099.5,8136.5,14043
2025-02-13 19:00:00+00:00,8137.0,8157.5,8114.5,8121.5,2095
2025-02-14 07:00:00+00:00,8147.0,8218.0,8137.0,8191.0,14433
2025-02-14 11:00:00+00:00,8190.5,8214.0,8186.5,8204.0,8148
2025-02-14 15:00:00+00:00,8204.0,8204.0,8172.0,8186.5,9653
2025-02-14 19:00:00+00:00,8186.5,8188.5,8175.0,8178.0,952
2025-02-17 07:00:00+00:00,8185.5,8195.5,8170.5,8192.5,8227
2025-02-17 11:00:00+00:00,8192.5,8201.5,8179.5,8200.5,3808
2025-02-17 15:00:00+00:00,8200.5,8203.0,8187.0,8193.5,5998
2025-02-17 19:00:00+00:00,8194.0,8204.5,8193.5,8200.0,278
2025-02-18 07:00:00+00:00,8192.5,8210.5,8163.5,8187.5,9054
2025-02-18 11:00:00+00:00,8188.0,8227.5,8187.5,8214.5,7244
2025-02-18 15:00:00+00:00,8215.0,8229.0,8207.0,8213.0,10789
2025-02-18 19:00:00+00:00,8213.5,8219.5,8204.0,8219.5,1605
2025-02-19 07:00:00+00:00,8211.5,8218.5,8153.0,8159.5,8806
2025-02-19 11:00:00+00:00,8159.5,8160.5,8099.0,8111.0,10504
2025-02-19 15:00:00+00:00,8110.5,8131.0,8096.0,8096.5,11951
2025-02-19 19:00:00+00:00,8099.5,8116.5,8096.5,8110.5,1218
2025-02-20 07:00:00+00:00,8133.0,8168.5,8124.0,8159.5,5406
2025-02-20 11:00:00+00:00,8159.0,8168.5,8129.0,8130.0,3703
2025-02-20 15:00:00+00:00,8130.5,8139.5,8108.0,8128.5,5047
2025-02-20 19:00:00+00:00,8128.5,8139.0,8124.0,8124.5,250
2025-02-21 07:00:00+00:00,8159.0,8197.5,8142.0,8193.5,12316
2025-02-21 11:00:00+00:00,8193.0,8196.5,8151.0,8161.5,10958
2025-02-21 15:00:00+00:00,8158.5,8179.0,8128.0,8131.5,10991
2025-02-21 19:00:00+00:00,8131.5,8138.0,8110.5,8131.5,1468
2025-02-24 07:00:00+00:00,8183.0,8195.0,8108.5,8147.0,13251
2025-02-24 11:00:00+00:00,8147.5,8167.5,8087.0,8090.0,8231
2025-02-24 15:00:00+00:00,8090.5,8113.0,8081.0,8097.5,13421
2025-02-24 19:00:00+00:00,8098.0,8103.5,8069.5,8070.5,1937
2025-02-25 07:00:00+00:00,8089.0,8119.5,8070.0,8099.5,11607
2025-02-25 11:00:00+00:00,8099.5,8125.5,8099.0,8102.0,8320
2025-02-25 15:00:00+00:00,8102.0,8117.0,8058.0,8098.0,13575
2025-02-25 19:00:00+00:00,8097.5,8113.0,8085.0,8090.5,1255
2025-02-26 07:00:00+00:00,8112.5,8159.0,8093.0,8154.0,13505
2025-02-26 11:00:00+00:00,8154.5,8186.0,8134.5,8149.5,11356
2025-02-26 15:00:00+00:00,8149.0,8163.0,8091.0,8095.5,13441
2025-02-26 19:00:00+00:00,8094.5,8115.5,8089.5,8111.0,1975
2025-02-27 07:00:00+00:00,8136.0,8146.5,8088.5,8134.0,13155
2025-02-27 11:00:00+00:00,8134.0,8151.0,8069.0,8075.0,12352
2025-02-27 15:00:00+00:00,8073.5,8130.0,8060.5,8124.5,13293
2025-02-27 19:00:00+00:00,8124.0,8124.0,8064.5,8077.0,3264
2025-02-28 07:00:00+00:00,8033.0,8099.0,8021.0,8089.0,12163
2025-02-28 11:00:00+00:00,8090.5,8105.5,8066.5,8103.5,8460
2025-02-28 15:00:00+00:00,8103.5,8134.0,8041.5,8041.5,20946
2025-02-28 19:00:00+00:00,8042.0,8124.0,8041.5,8120.5,2470
2025-03-03 07:00:00+00:00,8150.0,8189.0,8098.5,8187.0,15300
2025-03-03 11:00:00+00:00,8187.5,8271.5,8177.0,8254.5,16297
2025-03-03 15:00:00+00:00,8253.0,8254.0,8183.5,8199.0,19291
2025-03-03 19:00:00+00:00,8199.0,8213.5,8131.0,8187.5,4321
2025-03-04 07:00:00+00:00,8189.5,8189.5,8091.5,8117.0,17852
2025-03-04 11:00:00+00:00,8116.5,8120.5,8037.5,8043.0,14120
2025-03-04 15:00:00+00:00,8043.0,8197.0,8011.5,8190.5,29358
2025-03-04 19:00:00+00:00,8190.5,8237.0,8164.0,8170.0,5590
2025-03-05 07:00:00+00:00,8209.5,8258.0,8160.5,8215.5,21528
2025-03-05 11:00:00+00:00,8216.0,8247.5,8185.0,8193.0,16872
2025-03-05 15:00:00+00:00,8196.0,8245.5,8180.0,8238.0,22429
2025-03-05 19:00:00+00:00,8237.5,8276.5,8236.0,8261.5,2817
2025-03-06 07:00:00+00:00,8283.0,8315.0,8123.0,8123.5,19284
2025-03-06 11:00:00+00:00,8123.0,8195.0,8111.5,8177.5,15620
2025-03-06 15:00:00+00:00,8176.5,8239.5,8155.5,8176.0,21376
2025-03-06 19:00:00+00:00,8177.5,8204.5,8154.5,8167.0,2341
2025-03-07 07:00:00+00:00,8152.0,8190.5,8102.0,8118.0,13507
2025-03-07 11:00:00+00:00,8119.5,8142.0,8073.5,8117.5,12157
2025-03-07 15:00:00+00:00,8118.0,8198.5,8096.0,8198.5,20919
2025-03-07 19:00:00+00:00,8198.5,8217.0,8179.0,8211.5,2565
2025-03-10 07:00:00+00:00,8175.0,8186.0,8069.0,8089.5,16545
2025-03-10 11:00:00+00:00,8090.5,8131.0,8062.5,8076.5,17928
2025-03-10 15:00:00+00:00,8077.0,8108.0,8002.5,8003.5,17945
2025-03-10 19:00:00+00:00,8006.0,8054.0,7982.0,8048.5,2267
2025-03-11 07:00:00+00:00,8073.5,8120.0,8062.5,8076.0,16755
2025-03-11 11:00:00+00:00,8072.0,8072.0,7929.0,7933.0,18834
2025-03-11 15:00:00+00:00,7931.5,8031.5,7918.0,8023.5,21580
2025-03-11 19:00:00+00:00,8023.0,8033.5,7985.0,7988.5,1377
2025-03-12 07:00:00+00:00,8003.0,8053.5,7986.5,8046.0,14339
2025-03-12 11:00:00+00:00,8046.0,8082.5,7956.0,7962.5,18225
2025-03-12 15:00:00+00:00,7964.0,8011.0,7944.0,8004.0,12650
2025-03-12 19:00:00+00:00,8002.0,8003.0,7984.5,7989.5,1161
2025-03-13 07:00:00+00:00,7978.5,8038.0,7928.0,8010.0,14153
2025-03-13 11:00:00+00:00,8009.0,8016.5,7932.5,7961.5,18404
2025-03-13 15:00:00+00:00,7963.5,7976.5,7904.5,7941.5,18169
2025-03-13 19:00:00+00:00,7940.5,7947.5,7916.0,7925.0,1332
2025-03-14 07:00:00+00:00,7965.5,8030.0,7919.0,8024.0,17207
2025-03-14 11:00:00+00:00,8023.5,8049.5,8008.0,8036.0,13361
2025-03-14 15:00:00+00:00,8036.5,8062.0,8023.0,8055.5,12171
2025-03-14 19:00:00+00:00,8054.5,8072.5,8046.0,8060.5,1088
2025-03-17 07:00:00+00:00,8032.0,8067.0,8013.0,8058.0,10386
2025-03-17 11:00:00+00:00,8057.0,8092.0,8046.5,8062.0,8608
2025-03-17 15:00:00+00:00,8062.0,8122.0,8059.0,8117.0,9138
2025-03-17 19:00:00+00:00,8116.0,8118.5,8099.0,8106.0,916
2025-03-18 07:00:00+00:00,8111.0,8144.0,8091.5,8113.5,11258
2025-03-18 11:00:00+00:00,8114.0,8139.0,8106.0,8120.5,8086
2025-03-18 15:00:00+00:00,8120.0,8129.0,8093.5,8124.0,10856
2025-03-18 19:00:00+00:00,8123.5,8128.0,8111.0,8114.5,880
2025-03-19 07:00:00+00:00,8119.5,8161.0,8083.5,8151.5,8074
2025-03-19 11:00:00+00:00,8152.0,8162.5,8125.0,8158.5,7503
2025-03-19 15:00:00+00:00,8159.5,8190.0,8155.5,8187.0,8765
2025-03-19 19:00:00+00:00,8187.0,8200.0,8177.5,8187.5,911
2025-03-20 07:00:00+00:00,8171.5,8176.5,8061.0,8094.0,8185
2025-03-20 11:00:00+00:00,8093.5,8115.5,8073.0,8110.0,4459
2025-03-20 15:00:00+00:00,8110.5,8113.0,8071.0,8077.5,5980
2025-03-20 19:00:00+00:00,8078.5,8097.0,8078.5,8089.0,275
2025-03-21 07:00:00+00:00,8090.5,8100.0,8033.5,8064.5,16933
2025-03-21 11:00:00+00:00,8064.5,8067.5,8019.5,8053.5,11376
2025-03-21 15:00:00+00:00,8055.0,8060.5,8031.0,8040.5,13914
2025-03-21 19:00:00+00:00,8041.0,8055.0,8034.0,8047.5,1178
2025-03-24 07:00:00+00:00,8098.5,8126.5,8040.5,8077.5,11958
2025-03-24 11:00:00+00:00,8077.0,8079.0,8011.0,8046.0,9971
2025-03-24 15:00:00+00:00,8045.5,8050.5,8022.5,8042.5,10574
2025-03-24 19:00:00+00:00,8041.5,8060.0,8040.5,8047.0,1026
2025-03-25 07:00:00+00:00,8036.0,8130.5,8035.0,8125.5,13137
2025-03-25 11:00:00+00:00,8125.5,8153.5,8099.5,8108.0,9976
2025-03-25 15:00:00+00:00,8109.5,8133.0,8093.0,8120.5,9091
2025-03-25 19:00:00+00:00,8120.0,8135.5,8120.0,8131.5,1153
2025-03-26 07:00:00+00:00,8127.5,8151.5,8047.5,8081.5,13549
2025-03-26 11:00:00+00:00,8081.5,8094.0,8040.0,8092.5,9232
2025-03-26 15:00:00+00:00,8093.0,8096.0,7994.5,7996.5,11422
2025-03-26 19:00:00+00:00,7997.0,8021.0,7995.5,8009.5,1034
2025-03-27 07:00:00+00:00,7991.0,8030.0,7939.0,8013.0,13577
2025-03-27 11:00:00+00:00,8013.5,8021.5,7982.5,8017.0,8459
2025-03-27 15:00:00+00:00,8017.0,8029.0,7981.0,7995.5,9997
2025-03-27 19:00:00+00:00,7996.5,8013.5,7995.0,8001.0,960
2025-03-28 07:00:00+00:00,7967.0,7990.0,7934.0,7953.5,12791
2025-03-28 11:00:00+00:00,7953.5,7975.0,7910.0,7916.5,11343
2025-03-28 15:00:00+00:00,7916.5,7951.5,7907.5,7924.0,10826
2025-03-28 19:00:00+00:00,7924.5,7927.5,7908.5,7909.5,799
2025-03-31 06:00:00+00:00,7853.0,7868.5,7806.5,7811.5,17499
2025-03-31 10:00:00+00:00,7812.5,7818.0,7765.0,7808.0,13689
2025-03-31 14:00:00+00:00,7809.0,7819.5,7787.0,7801.0,16573
2025-03-31 18:00:00+00:00,7801.0,7848.0,7800.0,7829.5,2751
2025-04-01 06:00:00+00:00,7826.5,7897.5,7821.5,7887.5,17373
2025-04-01 10:00:00+00:00,7888.5,7889.5,7835.5,7857.0,11102
2025-04-01 14:00:00+00:00,7856.0,7903.5,7833.5,7867.0,14717
2025-04-01 18:00:00+00:00,7866.5,7890.0,7847.5,7888.5,2217
2025-04-02 06:00:00+00:00,7875.0,7877.5,7820.5,7853.0,13035
2025-04-02 10:00:00+00:00,7853.0,7853.5,7803.5,7827.0,9781
2025-04-02 14:00:00+00:00,7826.5,7887.5,7824.5,7859.5,11528
2025-04-02 18:00:00+00:00,7861.0,7882.5,7837.5,7878.5,1622
2025-04-03 06:00:00+00:00,7700.0,7756.0,7674.5,7678.0,25380
2025-04-03 10:00:00+00:00,7678.5,7692.0,7606.0,7630.0,18702
2025-04-03 14:00:00+00:00,7628.5,7663.5,7591.5,7633.5,17466
2025-04-03 18:00:00+00:00,7633.5,7642.0,7591.5,7597.5,1953
2025-04-04 06:00:00+00:00,7587.5,7601.0,7437.0,7450.5,27714
2025-04-04 10:00:00+00:00,7450.5,7461.0,7235.5,7314.0,52948
2025-04-04 14:00:00+00:00,7312.0,7340.5,7222.0,7287.0,41300
2025-04-04 18:00:00+00:00,7288.5,7295.5,7214.5,7221.0,3596
2025-04-07 06:00:00+00:00,7037.0,7096.5,6750.5,6865.5,46782
2025-04-07 10:00:00+00:00,6864.5,7031.5,6858.5,6995.5,41567
2025-04-07 14:00:00+00:00,6995.5,7313.0,6897.0,7048.5,44658
2025-04-07 18:00:00+00:00,7048.5,7059.5,6972.5,6984.0,2804
2025-04-08 06:00:00+00:00,7097.5,7098.5,6956.5,6989.0,31055
2025-04-08 10:00:00+00:00,6989.5,7183.0,6973.5,7168.0,27643
2025-04-08 14:00:00+00:00,7166.5,7188.0,6940.5,6993.0,23521
2025-04-08 18:00:00+00:00,6994.5,6997.5,6814.0,6890.0,4044
2025-04-09 06:00:00+00:00,6838.0,7007.0,6836.5,6900.0,26159
2025-04-09 10:00:00+00:00,6900.0,6934.0,6795.5,6910.0,24959
2025-04-09 14:00:00+00:00,6908.5,7361.5,6844.0,7345.5,27106
2025-04-09 18:00:00+00:00,7345.0,7517.5,7326.5,7467.5,6578
2025-04-10 06:00:00+00:00,7391.5,7496.0,7185.5,7216.5,28054
2025-04-10 10:00:00+00:00,7217.5,7271.0,7163.0,7184.0,16330
2025-04-10 14:00:00+00:00,7185.0,7212.5,7004.5,7122.5,23840
2025-04-10 18:00:00+00:00,7123.0,7191.5,7097.5,7179.5,1723
2025-04-11 06:00:00+00:00,7207.0,7231.5,7011.0,7119.0,22149
2025-04-11 10:00:00+00:00,7120.0,7142.0,7041.0,7123.0,13669
2025-04-11 14:00:00+00:00,7123.5,7250.5,7066.5,7244.5,17341
2025-04-11 18:00:00+00:00,7245.5,7272.0,7219.0,7259.0,1822
2025-04-14 06:00:00+00:00,7265.5,7285.0,7224.0,7249.5,11796
2025-04-14 10:00:00+00:00,7249.0,7293.0,7241.0,7270.5,6762
2025-04-14 14:00:00+00:00,7271.0,7314.0,7164.0,7224.5,19802
2025-04-14 18:00:00+00:00,7225.0,7258.0,7222.5,7228.5,2178
2025-04-15 06:00:00+00:00,7210.0,7327.5,7210.0,7299.5,15699
2025-04-15 10:00:00+00:00,7299.5,7336.0,7262.5,7331.5,8149
2025-04-15 14:00:00+00:00,7332.5,7351.5,7305.5,7324.0,11671
2025-04-15 18:00:00+00:00,7324.5,7334.5,7310.0,7314.0,952
2025-04-16 06:00:00+00:00,7228.0,7313.0,7227.0,7286.0,7508
2025-04-16 10:00:00+00:00,7286.0,7312.5,7275.5,7287.5,5198
2025-04-16 14:00:00+00:00,7286.0,7338.0,7247.5,7252.0,6797
2025-04-16 18:00:00+00:00,7250.0,7269.5,7215.0,7257.5,452
2025-04-17 06:00:00+00:00,7222.0,7246.5,7189.0,7210.5,10230
2025-04-17 10:00:00+00:00,7209.5,7214.5,7165.5,7194.0,7824
2025-04-17 14:00:00+00:00,7194.0,7267.0,7177.5,7261.5,13240
2025-04-17 18:00:00+00:00,7260.0,7270.0,7206.5,7215.0,1125
2025-04-22 06:00:00+00:00,7159.5,7223.5,7142.5,7200.5,11778
2025-04-22 10:00:00+00:00,7200.0,7210.5,7155.5,7187.5,7095
2025-04-22 14:00:00+00:00,7188.5,7297.0,7187.5,7238.5,14192
2025-04-22 18:00:00+00:00,7242.0,7295.0,7240.5,7285.0,1226
2025-04-23 06:00:00+00:00,7330.5,7434.0,7327.5,7419.0,16141
2025-04-23 10:00:00+00:00,7420.0,7494.0,7387.5,7463.5,11968
2025-04-23 14:00:00+00:00,7465.5,7473.5,7380.0,7415.5,20021
2025-04-23 18:00:00+00:00,7416.5,7423.5,7389.5,7406.0,1191
2025-04-24 06:00:00+00:00,7388.5,7396.0,7341.0,7377.5,12101
2025-04-24 10:00:00+00:00,7378.5,7416.5,7378.5,7409.0,7950
2025-04-24 14:00:00+00:00,7408.5,7461.0,7398.5,7459.0,9445
2025-04-24 18:00:00+00:00,7458.5,7481.0,7451.5,7479.0,1148
2025-04-25 06:00:00+00:00,7483.0,7517.0,7466.5,7501.5,10267
2025-04-25 10:00:00+00:00,7500.5,7524.0,7465.0,7485.0,8958
2025-04-25 14:00:00+00:00,7487.0,7519.5,7467.0,7485.0,9976
2025-04-25 18:00:00+00:00,7486.0,7525.0,7485.0,7521.5,1117
2025-04-28 06:00:00+00:00,7490.0,7547.0,7484.5,7535.5,7390
2025-04-28 10:00:00+00:00,7535.0,7559.0,7519.0,7547.5,6491
2025-04-28 14:00:00+00:00,7547.0,7547.0,7470.5,7491.0,12188
2025-04-28 18:00:00+00:00,7492.0,7507.0,7488.5,7501.5,1488
2025-04-29 06:00:00+00:00,7498.5,7528.5,7487.5,7510.0,9465
2025-04-29 10:00:00+00:00,7510.0,7514.5,7471.0,7489.0,7852
2025-04-29 14:00:00+00:00,7489.0,7520.5,7483.5,7517.0,8899
2025-04-29 18:00:00+00:00,7518.5,7522.0,7510.5,7514.5,1019
2025-04-30 06:00:00+00:00,7494.0,7541.0,7488.0,7535.0,9503
2025-04-30 10:00:00+00:00,7536.5,7547.5,7449.0,7452.0,11959
2025-04-30 14:00:00+00:00,7455.0,7564.0,7453.5,7559.5,18764
2025-04-30 18:00:00+00:00,7558.0,7584.5,7550.5,7560.5,1916
2025-05-02 06:00:00+00:00,7624.5,7661.0,7600.0,7651.0,15262
2025-05-02 10:00:00+00:00,7651.5,7699.5,7643.0,7669.5,12609
2025-05-02 14:00:00+00:00,7669.5,7732.0,7667.0,7724.0,14632
2025-05-02 18:00:00+00:00,7724.0,7742.0,7724.0,7734.0,1284
2025-05-05 06:00:00+00:00,7702.0,7725.5,7689.5,7695.0,9827
2025-05-05 10:00:00+00:00,7695.0,7699.5,7679.5,7698.0,6515
2025-05-05 14:00:00+00:00,7698.0,7710.0,7689.0,7701.0,8640
2025-05-05 18:00:00+00:00,7700.5,7713.0,7688.0,7692.5,1055
2025-05-06 06:00:00+00:00,7679.5,7715.0,7614.5,7641.0,14114
2025-05-06 10:00:00+00:00,7640.0,7686.5,7628.5,7654.5,9742
2025-05-06 14:00:00+00:00,7654.0,7675.0,7632.0,7632.0,12030
2025-05-06 18:00:00+00:00,7632.0,7650.0,7630.5,7635.5,1074
2025-05-07 06:00:00+00:00,7652.5,7667.0,7617.0,7623.0,8543
2025-05-07 10:00:00+00:00,7624.0,7633.0,7585.0,7599.5,7703
2025-05-07 14:00:00+00:00,7600.0,7622.5,7589.0,7603.5,11527
2025-05-07 18:00:00+00:00,7603.5,7634.5,7578.5,7618.0,2001
2025-05-08 06:00:00+00:00,7641.5,7680.0,7617.5,7678.5,10752
2025-05-08 10:00:00+00:00,7679.0,7694.5,7656.0,7661.5,9373
2025-05-08 14:00:00+00:00,7661.0,7714.0,7646.0,7691.5,14785
2025-05-08 18:00:00+00:00,7690.5,7711.5,7681.5,7684.0,1454
2025-05-09 06:00:00+00:00,7700.0,7729.5,7695.5,7723.5,8538
2025-05-09 10:00:00+00:00,7723.5,7741.0,7700.0,7740.0,8509
2025-05-09 14:00:00+00:00,7740.5,7741.0,7706.0,7732.0,11388
2025-05-09 18:00:00+00:00,7731.5,7735.0,7722.0,7732.0,1183
2025-05-12 06:00:00+00:00,7787.0,7874.0,7759.0,7864.0,22811
2025-05-12 10:00:00+00:00,7863.5,7864.0,7821.5,7826.0,13306
2025-05-12 14:00:00+00:00,7825.5,7868.0,7789.0,7862.5,15094
2025-05-12 18:00:00+00:00,7861.5,7875.0,7857.0,7873.5,913
2025-05-13 06:00:00+00:00,7831.5,7872.0,7831.5,7862.5,7953
2025-05-13 10:00:00+00:00,7863.0,7882.5,7852.5,7865.0,6209
2025-05-13 14:00:00+00:00,7866.0,7885.5,7855.0,7874.0,8127
2025-05-13 18:00:00+00:00,7872.5,7882.5,7863.0,7863.0,709
2025-05-14 06:00:00+00:00,7870.0,7881.0,7806.0,7825.5,9820
2025-05-14 10:00:00+00:00,7826.0,7857.5,7818.0,7832.5,5731
2025-05-14 14:00:00+00:00,7832.5,7842.0,7807.5,7821.5,8922
2025-05-14 18:00:00+00:00,7822.0,7835.0,7819.0,7829.5,639
2025-05-15 06:00:00+00:00,7803.5,7825.0,7799.0,7818.0,4619
2025-05-15 10:00:00+00:00,7819.0,7838.5,7813.5,7836.0,3680
2025-05-15 14:00:00+00:00,7837.5,7866.0,7825.5,7863.5,5314
2025-05-15 18:00:00+00:00,7859.0,7867.0,7855.0,7862.0,248
2025-05-16 06:00:00+00:00,7808.0,7865.0,7800.0,7859.5,10466
2025-05-16 10:00:00+00:00,7859.5,7867.0,7805.5,7822.0,9497
2025-05-16 14:00:00+00:00,7822.5,7858.5,7809.5,7854.5,10243
2025-05-16 18:00:00+00:00,7854.0,7869.0,7852.5,7866.0,861
2025-05-19 06:00:00+00:00,7825.0,7853.5,7800.0,7808.0,9760
2025-05-19 10:00:00+00:00,7808.0,7836.0,7798.5,7832.0,5842
2025-05-19 14:00:00+00:00,7832.0,7887.5,7832.0,7879.5,9041
2025-05-19 18:00:00+00:00,7878.5,7893.5,7874.5,7892.0,1024
2025-05-20 06:00:00+00:00,7871.0,7886.0,7856.0,7881.0,10069
2025-05-20 10:00:00+00:00,7881.5,7935.0,7877.5,7922.5,6825
2025-05-20 14:00:00+00:00,7923.0,7936.5,7914.0,7928.5,8657
2025-05-20 18:00:00+00:00,7929.0,7930.5,7910.0,7927.5,1134
2025-05-21 06:00:00+00:00,7910.0,7913.0,7868.0,7870.5,8217
2025-05-21 10:00:00+00:00,7870.5,7899.0,7855.0,7895.5,5975
2025-05-21 14:00:00+00:00,7896.0,7914.0,7823.5,7847.5,12519
2025-05-21 18:00:00+00:00,7848.0,7851.0,7818.0,7833.0,1264
2025-05-22 06:00:00+00:00,7851.5,7868.5,7805.0,7812.5,13003
2025-05-22 10:00:00+00:00,7811.5,7823.5,7787.5,7797.5,10179
2025-05-22 14:00:00+00:00,7797.5,7866.0,7796.5,7862.5,13289
2025-05-22 18:00:00+00:00,7862.5,7871.5,7844.5,7848.0,811
2025-05-23 06:00:00+00:00,7850.5,7870.0,7804.5,7816.5,9917
2025-05-23 10:00:00+00:00,7817.0,7821.0,7598.0,7678.5,28126
2025-05-23 14:00:00+00:00,7679.5,7730.5,7677.5,7727.5,15173
2025-05-23 18:00:00+00:00,7725.0,7731.0,7697.0,7707.0,1663
2025-05-26 06:00:00+00:00,7811.5,7828.0,7785.5,7817.5,10178
2025-05-26 10:00:00+00:00,7817.5,7819.5,7792.0,7801.0,3688
2025-05-26 14:00:00+00:00,7801.5,7820.5,7796.5,7814.5,6056
2025-05-26 18:00:00+00:00,7816.5,7817.5,7813.0,7814.5,153
2025-05-27 06:00:00+00:00,7811.0,7847.0,7797.0,7844.5,10866
2025-05-27 10:00:00+00:00,7845.0,7849.0,7815.0,7816.5,5949
2025-05-27 14:00:00+00:00,7816.0,7848.5,7815.5,7832.0,9509
2025-05-27 18:00:00+00:00,7831.5,7837.0,7827.0,7836.5,474
2025-05-28 06:00:00+00:00,7819.5,7845.0,7799.0,7813.5,7824
2025-05-28 10:00:00+00:00,7814.0,7820.0,7798.5,7808.0,5357
2025-05-28 14:00:00+00:00,7808.0,7814.0,7772.0,7800.5,9196
2025-05-28 18:00:00+00:00,7800.0,7804.0,7782.5,7792.0,1299
2025-05-29 06:00:00+00:00,7858.5,7868.5,7818.0,7838.0,8348
2025-05-29 10:00:00+00:00,7838.0,7842.0,7784.0,7791.0,6699
2025-05-29 14:00:00+00:00,7790.5,7798.5,7742.0,7767.5,7736
2025-05-29 18:00:00+00:00,7766.5,7786.5,7763.0,7783.0,852
2025-05-30 06:00:00+00:00,7783.5,7805.0,7748.0,7792.5,9455
2025-05-30 10:00:00+00:00,7793.0,7800.5,7755.5,7766.0,6832
2025-05-30 14:00:00+00:00,7766.5,7775.5,7702.5,7724.5,16328
2025-05-30 18:00:00+00:00,7726.0,7761.0,7726.0,7748.0,1769
2025-06-02 06:00:00+00:00,7718.5,7734.5,7661.0,7698.0,11537
2025-06-02 10:00:00+00:00,7697.0,7718.0,7678.5,7688.5,6839
2025-06-02 14:00:00+00:00,7687.0,7751.0,7672.5,7744.0,10723
2025-06-02 18:00:00+00:00,7744.0,7774.0,7738.5,7772.5,2050
2025-06-03 06:00:00+00:00,7754.0,7761.0,7694.0,7711.5,12553
2025-06-03 10:00:00+00:00,7712.0,7733.0,7704.0,7727.5,6120
2025-06-03 14:00:00+00:00,7728.0,7779.0,7720.5,7777.0,9934
2025-06-03 18:00:00+00:00,7777.5,7784.5,7770.0,7782.5,937
2025-06-04 06:00:00+00:00,7793.0,7840.0,7774.0,7818.0,9818
2025-06-04 10:00:00+00:00,7817.5,7821.0,7779.5,7806.5,6970
2025-06-04 14:00:00+00:00,7806.0,7816.5,7786.5,7801.5,11383
2025-06-04 18:00:00+00:00,7801.5,7803.5,7792.5,7794.5,832
2025-06-05 06:00:00+00:00,7795.5,7839.0,7781.5,7837.5,7868
2025-06-05 10:00:00+00:00,7837.5,7848.5,7757.0,7761.5,12062
2025-06-05 14:00:00+00:00,7761.0,7798.0,7749.0,7767.5,12284
2025-06-05 18:00:00+00:00,7767.0,7770.5,7737.5,7753.0,1689
2025-06-06 06:00:00+00:00,7770.0,7793.0,7762.5,7779.5,9227
2025-06-06 10:00:00+00:00,7780.0,7808.5,7772.5,7801.5,6660
2025-06-06 14:00:00+00:00,7801.0,7806.5,7786.0,7794.5,8005
2025-06-06 18:00:00+00:00,7794.5,7811.0,7794.5,7803.5,859
2025-06-09 06:00:00+00:00,7795.0,7809.5,7779.0,7794.0,7774
2025-06-09 10:00:00+00:00,7792.5,7799.0,7768.0,7778.5,6706
2025-06-09 14:00:00+00:00,7779.0,7798.0,7773.0,7795.5,6200
2025-06-09 18:00:00+00:00,7795.0,7797.0,7776.0,7777.0,692
2025-06-10 06:00:00+00:00,7782.5,7813.5,7765.5,7783.5,10727
2025-06-10 10:00:00+00:00,7783.5,7799.0,7776.5,7798.0,10208
2025-06-10 14:00:00+00:00,7797.5,7813.5,7782.5,7798.0,13023
2025-06-10 18:00:00+00:00,7799.0,7807.5,7790.0,7806.0,1134
2025-06-11 06:00:00+00:00,7789.0,7838.0,7784.5,7817.0,9944
2025-06-11 10:00:00+00:00,7817.5,7825.0,7773.0,7801.5,12836
2025-06-11 14:00:00+00:00,7801.5,7805.0,7761.5,7770.0,9282
2025-06-11 18:00:00+00:00,7769.5,7771.0,7742.0,7756.5,3351
2025-06-12 06:00:00+00:00,7720.0,7744.5,7691.0,7718.0,13862
2025-06-12 10:00:00+00:00,7717.0,7749.0,7700.0,7745.5,7208
2025-06-12 14:00:00+00:00,7745.0,7778.5,7745.0,7766.5,12939
2025-06-12 18:00:00+00:00,7766.5,7769.5,7758.0,7763.0,433
2025-06-13 06:00:00+00:00,7656.0,7709.0,7625.0,7677.5,18689
2025-06-13 10:00:00+00:00,7678.0,7704.0,7661.0,7665.5,8947
2025-06-13 14:00:00+00:00,7666.0,7690.5,7651.5,7675.0,11730
2025-06-13 18:00:00+00:00,7673.0,7674.5,7633.0,7650.0,1934
2025-06-16 06:00:00+00:00,7670.0,7752.5,7669.5,7732.5,11147
2025-06-16 10:00:00+00:00,7732.5,7763.5,7717.0,7740.0,7753
2025-06-16 14:00:00+00:00,7740.0,7753.0,7706.0,7706.5,11629
2025-06-16 18:00:00+00:00,7707.0,7711.5,7698.0,7700.0,2118
2025-06-17 06:00:00+00:00,7678.5,7697.0,7638.0,7657.0,14162
2025-06-17 10:00:00+00:00,7656.0,7696.0,7648.5,7677.0,6510
2025-06-17 14:00:00+00:00,7677.5,7697.0,7660.0,7662.5,8664
2025-06-17 18:00:00+00:00,7663.0,7666.0,7647.5,7658.0,1703
2025-06-18 06:00:00+00:00,7675.5,7704.0,7669.0,7689.0,7195
2025-06-18 10:00:00+00:00,7689.0,7691.5,7633.5,7640.0,7383
2025-06-18 14:00:00+00:00,7639.5,7682.5,7636.5,7664.0,6596
2025-06-18 18:00:00+00:00,7659.0,7664.0,7633.5,7643.5,1238
2025-06-19 06:00:00+00:00,7608.0,7619.0,7582.5,7608.5,7065
2025-06-19 10:00:00+00:00,7608.5,7612.5,7571.5,7574.5,5453
2025-06-19 14:00:00+00:00,7575.0,7585.0,7544.0,7564.5,5299
2025-06-19 18:00:00+00:00,7570.5,7593.5,7561.5,7565.0,455
2025-06-20 06:00:00+00:00,7620.0,7643.5,7589.5,7613.0,11165
2025-06-20 10:00:00+00:00,7612.5,7645.0,7592.5,7611.0,12197
2025-06-20 14:00:00+00:00,7611.0,7613.5,7565.5,7574.0,14718
2025-06-20 18:00:00+00:00,7573.5,7584.0,7563.5,7567.0,1839
2025-06-23 06:00:00+00:00,7557.5,7605.5,7521.5,7567.0,13929
2025-06-23 10:00:00+00:00,7567.5,7580.0,7507.0,7542.5,11254
2025-06-23 14:00:00+00:00,7543.0,7568.0,7500.0,7559.0,12894
2025-06-23 18:00:00+00:00,7558.5,7582.0,7557.5,7577.5,1855
2025-06-24 06:00:00+00:00,7656.0,7686.5,7622.5,7648.5,17306
2025-06-24 10:00:00+00:00,7648.5,7651.5,7618.5,7625.5,9507
2025-06-24 14:00:00+00:00,7626.0,7645.0,7612.0,7638.5,12439
2025-06-24 18:00:00+00:00,7638.0,7647.0,7634.5,7638.5,1214
2025-06-25 06:00:00+00:00,7638.5,7665.5,7608.0,7612.0,12930
2025-06-25 10:00:00+00:00,7613.0,7614.5,7574.5,7581.0,7652
2025-06-25 14:00:00+00:00,7581.0,7591.0,7557.0,7563.0,10984
2025-06-25 18:00:00+00:00,7563.5,7577.5,7563.0,7573.0,989
2025-06-26 06:00:00+00:00,7590.0,7602.0,7554.0,7579.5,9623
2025-06-26 10:00:00+00:00,7579.0,7588.0,7535.5,7547.5,8259
2025-06-26 14:00:00+00:00,7547.0,7576.5,7547.0,7571.5,9330
2025-06-26 18:00:00+00:00,7571.5,7587.0,7569.5,7584.5,1910
2025-06-27 06:00:00+00:00,7599.0,7671.0,7590.0,7664.5,12312
2025-06-27 10:00:00+00:00,7665.0,7679.0,7651.0,7670.5,7514
2025-06-27 14:00:00+00:00,7671.0,7718.0,7657.0,7694.0,14372
2025-06-27 18:00:00+00:00,7693.5,7705.0,7674.0,7703.0,2026
2025-06-30 06:00:00+00:00,7711.5,7724.5,7679.0,7681.5,9224
2025-06-30 10:00:00+00:00,7681.5,7707.0,7667.5,7671.0,6708
2025-06-30 14:00:00+00:00,7671.0,7693.0,7664.5,7672.0,11421
2025-06-30 18:00:00+00:00,7671.0,7692.0,7668.0,7684.5,1096
2025-07-01 06:00:00+00:00,7688.0,7688.5,7625.0,7635.0,10866
2025-07-01 10:00:00+00:00,7635.0,7658.5,7618.0,7647.0,7946
2025-07-01 14:00:00+00:00,7647.0,7690.5,7635.0,7683.5,10621
2025-07-01 18:00:00+00:00,7684.5,7691.5,7679.5,7682.5,1417
2025-07-02 06:00:00+00:00,7707.0,7764.0,7681.5,7756.5,11735
2025-07-02 10:00:00+00:00,7757.0,7779.0,7725.5,7731.0,11208
2025-07-02 14:00:00+00:00,7731.5,7757.0,7730.5,7757.0,11485
2025-07-02 18:00:00+00:00,7757.0,7763.0,7755.0,7758.0,1211
2025-07-03 06:00:00+00:00,7760.5,7775.5,7725.0,7725.5,8390
2025-07-03 10:00:00+00:00,7725.5,7768.5,7722.5,7765.5,8120
2025-07-03 14:00:00+00:00,7766.0,7772.0,7725.0,7727.5,10014
2025-07-03 18:00:00+00:00,7728.0,7742.0,7715.0,7738.0,841
2025-07-04 06:00:00+00:00,7715.5,7720.5,7661.0,7688.0,13284
2025-07-04 10:00:00+00:00,7688.0,7710.0,7676.0,7702.5,6713
2025-07-04 14:00:00+00:00,7703.0,7712.5,7681.0,7687.5,5685
2025-07-04 18:00:00+00:00,7683.0,7687.0,7674.0,7680.0,261
2025-07-07 06:00:00+00:00,7710.0,7716.5,7687.5,7716.5,6853
2025-07-07 10:00:00+00:00,7716.0,7738.0,7707.0,7734.0,5986
2025-07-07 14:00:00+00:00,7733.5,7738.5,7695.5,7710.5,10306
2025-07-07 18:00:00+00:00,7711.5,7715.0,7693.0,7704.0,1254
2025-07-08 06:00:00+00:00,7727.5,7751.0,7707.5,7716.5,8758
2025-07-08 10:00:00+00:00,7717.0,7756.5,7700.0,7748.0,6661
2025-07-08 14:00:00+00:00,7747.5,7796.5,7739.5,7795.0,11835
2025-07-08 18:00:00+00:00,7794.5,7816.0,7793.0,7811.5,1760
2025-07-09 06:00:00+00:00,7797.0,7879.5,7791.5,7872.0,12251
2025-07-09 10:00:00+00:00,7872.0,7892.0,7860.0,7883.5,8314
2025-07-09 14:00:00+00:00,7883.5,7911.0,7869.0,7911.0,10194
2025-07-09 18:00:00+00:00,7911.5,7920.0,7911.0,7919.5,1053
2025-07-10 06:00:00+00:00,7904.5,7945.0,7898.0,7939.5,8514
2025-07-10 10:00:00+00:00,7939.5,7942.5,7896.0,7908.5,7044
2025-07-10 14:00:00+00:00,7909.0,7918.5,7888.5,7917.5,9147
2025-07-10 18:00:00+00:00,7917.5,7921.0,7910.0,7914.0,703
2025-07-11 06:00:00+00:00,7883.5,7893.5,7816.5,7821.0,11832
2025-07-11 10:00:00+00:00,7821.0,7846.0,7817.0,7835.0,8724
2025-07-11 14:00:00+00:00,7835.5,7836.5,7820.0,7834.5,7954
2025-07-11 18:00:00+00:00,7833.5,7842.5,7828.5,7832.5,726
2025-07-14 06:00:00+00:00,7771.0,7801.5,7757.0,7796.5,8988
2025-07-14 10:00:00+00:00,7797.0,7805.0,7782.0,7792.5,6487
2025-07-14 14:00:00+00:00,7792.5,7824.5,7787.5,7823.5,6723
2025-07-14 18:00:00+00:00,7822.0,7827.0,7818.5,7823.5,865
2025-07-15 06:00:00+00:00,7831.0,7838.5,7806.5,7818.5,7355
2025-07-15 10:00:00+00:00,7818.5,7829.0,7787.5,7788.0,6765
2025-07-15 14:00:00+00:00,7789.0,7800.5,7761.5,7770.5,9452
2025-07-15 18:00:00+00:00,7771.0,7772.5,7755.5,7755.5,898
2025-07-16 06:00:00+00:00,7740.5,7774.5,7730.0,7767.5,8614
2025-07-16 10:00:00+00:00,7767.5,7780.5,7762.0,7769.5,5379
2025-07-16 14:00:00+00:00,7770.0,7777.5,7710.0,7772.5,11998
2025-07-16 18:00:00+00:00,7772.0,7786.0,7768.0,7777.5,1094
2025-07-17 06:00:00+00:00,7792.0,7816.0,7783.0,7795.0,5013
2025-07-17 10:00:00+00:00,7793.5,7824.0,7783.0,7815.5,3272
2025-07-17 14:00:00+00:00,7815.5,7828.5,7795.5,7819.0,4364
2025-07-17 18:00:00+00:00,7823.0,7845.0,7823.0,7844.5,296
2025-07-18 06:00:00+00:00,7876.5,7885.0,7860.5,7880.5,8111
2025-07-18 10:00:00+00:00,7881.0,7882.5,7830.5,7836.5,6793
2025-07-18 14:00:00+00:00,7836.5,7846.0,7810.0,7814.0,7941
2025-07-18 18:00:00+00:00,7814.5,7817.5,7802.5,7814.0,1036
2025-07-21 06:00:00+00:00,7815.0,7848.0,7800.0,7801.5,7411
2025-07-21 10:00:00+00:00,7801.5,7806.5,7767.0,7788.5,7339
2025-07-21 14:00:00+00:00,7788.0,7812.5,7783.5,7798.0,6861
2025-07-21 18:00:00+00:00,7798.0,7801.5,7783.0,7786.5,967
2025-07-22 06:00:00+00:00,7777.5,7793.5,7761.5,7766.5,6504
2025-07-22 10:00:00+00:00,7767.0,7773.5,7736.5,7744.0,7755
2025-07-22 14:00:00+00:00,7743.5,7760.5,7736.0,7754.0,7991
2025-07-22 18:00:00+00:00,7754.5,7772.5,7751.5,7766.0,828
2025-07-23 06:00:00+00:00,7844.5,7881.5,7826.5,7862.0,14997
2025-07-23 10:00:00+00:00,7862.5,7863.5,7826.5,7847.5,7346
2025-07-23 14:00:00+00:00,7847.5,7984.0,7839.5,7969.5,17676
2025-07-23 18:00:00+00:00,7968.0,7988.5,7966.5,7984.5,1741
2025-07-24 06:00:00+00:00,7987.5,7995.0,7868.5,7877.0,15233
2025-07-24 10:00:00+00:00,7877.5,7878.5,7806.5,7820.5,11431
2025-07-24 14:00:00+00:00,7821.0,7841.0,7804.0,7823.0,13662
2025-07-24 18:00:00+00:00,7822.5,7829.0,7811.0,7812.5,1229
2025-07-25 06:00:00+00:00,7815.5,7850.5,7767.0,7846.0,12207
2025-07-25 10:00:00+00:00,7846.0,7846.5,7796.5,7819.5,6823
2025-07-25 14:00:00+00:00,7819.5,7870.0,7814.0,7869.0,8676
2025-07-25 18:00:00+00:00,7869.0,7880.5,7868.0,7878.0,1085
2025-07-28 06:00:00+00:00,7926.5,7957.0,7881.5,7891.5,12741
2025-07-28 10:00:00+00:00,7892.0,7896.0,7809.0,7810.5,8022
2025-07-28 14:00:00+00:00,7809.5,7820.0,7801.0,7805.0,10226
2025-07-28 18:00:00+00:00,7804.5,7824.5,7801.0,7824.5,826
2025-07-29 06:00:00+00:00,7842.0,7914.5,7828.5,7914.0,14560
2025-07-29 10:00:00+00:00,7914.5,7935.5,7888.5,7891.0,10737
2025-07-29 14:00:00+00:00,7892.0,7893.0,7856.5,7871.5,10885
2025-07-29 18:00:00+00:00,7872.0,7875.0,7858.5,7869.5,890
2025-07-30 06:00:00+00:00,7869.0,7926.0,7855.0,7925.0,11424
2025-07-30 10:00:00+00:00,7926.0,7929.5,7888.0,7911.5,6601
2025-07-30 14:00:00+00:00,7910.0,7910.5,7863.0,7880.0,11429
2025-07-30 18:00:00+00:00,7883.5,7890.0,7846.5,7875.0,1868
2025-07-31 06:00:00+00:00,7903.0,7920.0,7840.0,7867.5,12988
2025-07-31 10:00:00+00:00,7867.5,7876.0,7813.5,7829.0,12945
2025-07-31 14:00:00+00:00,7829.0,7840.0,7761.0,7763.5,22375
2025-07-31 18:00:00+00:00,7764.0,7785.5,7753.5,7777.0,2478
2025-08-01 06:00:00+00:00,7750.0,7755.5,7626.0,7634.0,22678
2025-08-01 10:00:00+00:00,7634.0,7634.0,7533.0,7542.0,20896
2025-08-01 14:00:00+00:00,7541.0,7573.5,7527.5,7546.0,26538
2025-08-01 18:00:00+00:00,7547.0,7572.0,7537.5,7567.5,2320
2025-08-04 06:00:00+00:00,7593.5,7631.0,7575.0,7608.0,14845
2025-08-04 10:00:00+00:00,7607.0,7633.0,7601.5,7628.5,10143
2025-08-04 14:00:00+00:00,7628.5,7640.5,7615.0,7633.0,10822
2025-08-04 18:00:00+00:00,7633.0,7646.5,7632.5,7645.0,1431
2025-08-05 06:00:00+00:00,7660.0,7680.0,7629.5,7655.0,11066
2025-08-05 10:00:00+00:00,7654.5,7664.5,7643.5,7652.5,7900
2025-08-05 14:00:00+00:00,7652.0,7652.0,7615.0,7644.0,10847
2025-08-05 18:00:00+00:00,7644.0,7644.5,7628.5,7633.5,988
2025-08-06 06:00:00+00:00,7666.0,7677.5,7635.0,7652.0,11096
2025-08-06 10:00:00+00:00,7651.5,7654.5,7630.0,7633.0,7440
2025-08-06 14:00:00+00:00,7633.5,7646.5,7625.0,7632.0,9139
2025-08-06 18:00:00+00:00,7632.5,7639.5,7628.5,7631.0,1417
2025-08-07 06:00:00+00:00,7666.5,7739.0,7642.5,7733.0,15106
2025-08-07 10:00:00+00:00,7733.0,7741.5,7712.5,7734.0,11407
2025-08-07 14:00:00+00:00,7734.0,7734.5,7699.5,7711.5,13496
2025-08-07 18:00:00+00:00,7712.0,7719.5,7697.0,7718.0,1058
2025-08-08 06:00:00+00:00,7718.0,7746.5,7709.5,7733.0,8747
2025-08-08 10:00:00+00:00,7733.5,7742.0,7712.0,7726.0,5759
2025-08-08 14:00:00+00:00,7726.0,7779.5,7725.5,7758.5,11374
2025-08-08 18:00:00+00:00,7759.0,7763.0,7753.0,7757.0,768
2025-08-11 06:00:00+00:00,7760.5,7779.0,7714.0,7731.5,11826
2025-08-11 10:00:00+00:00,7731.5,7734.5,7705.5,7716.0,6029
2025-08-11 14:00:00+00:00,7716.5,7719.0,7695.0,7706.5,7297
2025-08-11 18:00:00+00:00,7707.0,7716.5,7704.0,7714.5,1231
2025-08-12 06:00:00+00:00,7724.0,7745.5,7706.0,7710.5,9111
2025-08-12 10:00:00+00:00,7710.0,7746.5,7704.0,7726.0,7756
2025-08-12 14:00:00+00:00,7725.5,7765.5,7720.0,7764.0,8903
2025-08-12 18:00:00+00:00,7764.5,7773.5,7760.0,7772.0,860
2025-08-13 06:00:00+00:00,7781.0,7796.0,7769.5,7786.5,6772
2025-08-13 10:00:00+00:00,7786.0,7812.0,7784.0,7809.0,3870
2025-08-13 14:00:00+00:00,7809.0,7821.5,7799.5,7812.5,8313
2025-08-13 18:00:00+00:00,7812.5,7827.0,7812.0,7823.5,725
2025-08-14 06:00:00+00:00,7800.0,7840.0,7796.5,7830.5,4522
2025-08-14 10:00:00+00:00,7830.0,7855.0,7824.5,7848.5,3742
2025-08-14 14:00:00+00:00,7849.0,7899.0,7848.0,7895.0,5090
2025-08-14 18:00:00+00:00,7896.0,7910.5,7888.0,7909.0,428
2025-08-15 06:00:00+00:00,7937.0,7961.5,7911.5,7950.0,14979
2025-08-15 10:00:00+00:00,7949.5,7950.0,7925.0,7941.5,11051
2025-08-15 14:00:00+00:00,7941.5,7954.5,7929.5,7954.0,11210
2025-08-15 18:00:00+00:00,7954.5,7955.5,7944.5,7951.0,1079
2025-08-18 06:00:00+00:00,7960.5,7964.5,7879.5,7880.0,9016
2025-08-18 10:00:00+00:00,7879.5,7901.0,7873.0,7887.5,6509
2025-08-18 14:00:00+00:00,7887.5,7913.0,7881.5,7903.5,8008
2025-08-18 18:00:00+00:00,7903.0,7916.5,7901.0,7912.5,802
2025-08-19 06:00:00+00:00,7910.5,7980.5,7903.5,7967.0,10931
2025-08-19 10:00:00+00:00,7967.0,7988.5,7949.5,7977.0,7998
2025-08-19 14:00:00+00:00,7977.0,8004.0,7968.0,7980.5,10903
2025-08-19 18:00:00+00:00,7980.0,7982.0,7972.0,7981.5,1013
2025-08-20 06:00:00+00:00,7974.5,7998.5,7947.5,7991.0,9358
2025-08-20 10:00:00+00:00,7991.0,8022.5,7987.0,8003.0,8757
2025-08-20 14:00:00+00:00,8003.0,8017.5,7981.0,7991.0,9955
2025-08-20 18:00:00+00:00,7992.0,8001.5,7981.5,7995.5,1182
2025-08-21 06:00:00+00:00,7988.0,7989.0,7943.5,7948.0,7894
2025-08-21 10:00:00+00:00,7947.0,7948.0,7924.5,7940.5,7554
2025-08-21 14:00:00+00:00,7940.5,7967.5,7937.5,7957.5,9607
2025-08-21 18:00:00+00:00,7957.5,7960.5,7953.0,7959.0,1072
2025-08-22 06:00:00+00:00,7949.5,7974.0,7930.0,7964.0,8211
2025-08-22 10:00:00+00:00,7964.0,7980.0,7957.5,7980.0,6408
2025-08-22 14:00:00+00:00,7980.0,8014.0,7976.0,7983.5,12998
2025-08-22 18:00:00+00:00,7984.5,7993.0,7981.0,7991.5,620
2025-08-25 06:00:00+00:00,7982.5,7984.5,7922.0,7933.5,7181
2025-08-25 10:00:00+00:00,7933.5,7955.5,7921.5,7955.0,5804
2025-08-25 14:00:00+00:00,7954.5,7957.5,7833.0,7843.0,22952
2025-08-25 18:00:00+00:00,7843.5,7845.0,7829.5,7832.5,1527
2025-08-26 06:00:00+00:00,7811.5,7825.0,7672.5,7731.0,36754
2025-08-26 10:00:00+00:00,7731.5,7764.0,7723.0,7741.0,13729
2025-08-26 14:00:00+00:00,7741.5,7753.5,7714.5,7730.5,16866
2025-08-26 18:00:00+00:00,7731.0,7752.5,7730.0,7747.5,1619
2025-08-27 06:00:00+00:00,7743.0,7765.0,7714.5,7751.5,15190
2025-08-27 10:00:00+00:00,7752.0,7778.5,7748.0,7768.5,10710
2025-08-27 14:00:00+00:00,7769.5,7771.5,7733.0,7762.0,12742
2025-08-27 18:00:00+00:00,7762.0,7771.0,7758.5,7762.5,1026
2025-08-28 06:00:00+00:00,7762.5,7845.0,7754.5,7788.0,15211
2025-08-28 10:00:00+00:00,7787.5,7803.5,7745.0,7784.5,9458
2025-08-28 14:00:00+00:00,7783.5,7795.0,7770.0,7781.5,9334
2025-08-28 18:00:00+00:00,7781.5,7783.5,7776.0,7776.5,1154
2025-08-29 06:00:00+00:00,7774.0,7777.0,7711.0,7747.5,11099
2025-08-29 10:00:00+00:00,7748.0,7759.5,7728.0,7743.5,6967
2025-08-29 14:00:00+00:00,7744.5,7752.0,7706.0,7730.5,13190
2025-08-29 18:00:00+00:00,7731.0,7731.5,7718.0,7722.0,1111
2025-09-01 06:00:00+00:00,7731.0,7755.5,7722.5,7729.5,9332
2025-09-01 10:00:00+00:00,7730.5,7737.0,7706.0,7722.5,5718
2025-09-01 14:00:00+00:00,7723.0,7726.0,7708.0,7717.0,4563
2025-09-01 18:00:00+00:00,7717.5,7722.0,7716.5,7722.0,110
2025-09-02 06:00:00+00:00,7702.5,7749.0,7693.0,7723.5,11847
2025-09-02 10:00:00+00:00,7722.5,7729.0,7659.0,7690.0,11820
2025-09-02 14:00:00+00:00,7690.0,7699.0,7655.5,7694.0,13297
2025-09-02 18:00:00+00:00,7694.0,7712.5,7685.5,7708.0,1285
2025-09-03 06:00:00+00:00,7686.0,7745.0,7679.0,7735.5,11418
2025-09-03 10:00:00+00:00,7735.5,7744.0,7712.0,7717.5,7959
2025-09-03 14:00:00+00:00,7718.0,7737.5,7710.5,7715.0,8614
2025-09-03 18:00:00+00:00,7715.5,7734.5,7714.5,7734.5,1464
2025-09-04 06:00:00+00:00,7732.0,7749.5,7682.0,7694.0,15775
2025-09-04 10:00:00+00:00,7694.0,7735.0,7691.0,7716.5,11632
2025-09-04 14:00:00+00:00,7716.5,7720.0,7693.0,7717.5,8560
2025-09-04 18:00:00+00:00,7718.0,7728.5,7714.5,7727.0,1121
2025-09-05 06:00:00+00:00,7741.5,7742.5,7687.5,7714.0,10137
2025-09-05 10:00:00+00:00,7713.5,7729.5,7691.5,7711.0,9327
2025-09-05 14:00:00+00:00,7711.5,7712.5,7654.5,7661.5,15669
2025-09-05 18:00:00+00:00,7661.0,7689.5,7658.5,7683.5,1204
2025-09-08 06:00:00+00:00,7684.0,7737.0,7684.0,7713.0,10128
2025-09-08 10:00:00+00:00,7714.0,7738.0,7706.0,7723.0,8582
2025-09-08 14:00:00+00:00,7722.5,7752.5,7716.5,7726.0,11482
2025-09-08 18:00:00+00:00,7727.5,7739.5,7725.5,7736.0,1287
2025-09-09 06:00:00+00:00,7726.5,7798.5,7722.5,7753.0,13760
2025-09-09 10:00:00+00:00,7753.5,7775.5,7741.5,7758.5,7391
2025-09-09 14:00:00+00:00,7759.0,7778.5,7746.5,7778.0,9979
2025-09-09 18:00:00+00:00,7778.5,7788.0,7775.5,7781.0,1447
2025-09-10 06:00:00+00:00,7781.5,7829.5,7757.0,7788.5,14502
2025-09-10 10:00:00+00:00,7788.0,7819.0,7767.0,7773.0,8203
2025-09-10 14:00:00+00:00,7773.0,7780.5,7754.0,7760.5,11676
2025-09-10 18:00:00+00:00,7760.5,7766.0,7753.5,7762.0,1074
2025-09-11 06:00:00+00:00,7754.0,7828.5,7753.0,7816.0,9500
2025-09-11 10:00:00+00:00,7816.5,7854.0,7813.0,7851.5,11845
2025-09-11 14:00:00+00:00,7851.0,7852.0,7803.5,7844.0,10369
2025-09-11 18:00:00+00:00,7844.5,7855.0,7840.5,7853.0,764
2025-09-12 06:00:00+00:00,7855.0,7856.0,7771.0,7791.0,11694
2025-09-12 10:00:00+00:00,7791.0,7843.5,7780.5,7842.5,7982
2025-09-12 14:00:00+00:00,7841.5,7846.5,7817.5,7835.5,7394
2025-09-12 18:00:00+00:00,7836.0,7844.0,7831.5,7833.5,923
2025-09-15 06:00:00+00:00,7836.0,7933.5,7834.0,7900.5,12517
2025-09-15 10:00:00+00:00,7901.5,7940.5,7889.5,7895.0,9094
2025-09-15 14:00:00+00:00,7895.5,7916.0,7886.0,7899.0,11657
2025-09-15 18:00:00+00:00,7899.5,7900.5,7888.5,7900.5,756
2025-09-16 06:00:00+00:00,7903.5,7917.5,7863.0,7885.0,7046
2025-09-16 10:00:00+00:00,7884.0,7899.0,7843.0,7855.0,7926
2025-09-16 14:00:00+00:00,7855.5,7855.5,7812.5,7830.5,12281
2025-09-16 18:00:00+00:00,7830.5,7835.5,7827.0,7831.0,1493
2025-09-17 06:00:00+00:00,7836.0,7852.5,7811.5,7819.0,6447
2025-09-17 10:00:00+00:00,7818.5,7823.0,7792.0,7810.5,5629
2025-09-17 14:00:00+00:00,7811.5,7814.0,7779.0,7793.5,7408
2025-09-17 18:00:00+00:00,7797.0,7811.0,7765.5,7789.5,2196
2025-09-18 06:00:00+00:00,7803.0,7889.5,7790.5,7867.0,6702
2025-09-18 10:00:00+00:00,7868.0,7889.0,7844.0,7858.0,4708
2025-09-18 14:00:00+00:00,7859.0,7877.0,7843.0,7867.0,5673
2025-09-18 18:00:00+00:00,7867.0,7877.5,7861.5,7876.5,283
2025-09-19 06:00:00+00:00,7860.5,7930.0,7853.0,7874.5,13718
2025-09-19 10:00:00+00:00,7874.5,7880.5,7857.0,7873.0,10056
2025-09-19 14:00:00+00:00,7872.0,7888.0,7839.0,7858.0,14044
2025-09-19 18:00:00+00:00,7858.5,7870.5,7851.5,7860.5,693
2025-09-22 06:00:00+00:00,7854.5,7856.5,7792.0,7805.0,11295
2025-09-22 10:00:00+00:00,7804.5,7838.0,7800.5,7818.5,6948
2025-09-22 14:00:00+00:00,7818.0,7843.5,7797.5,7841.0,7955
2025-09-22 18:00:00+00:00,7840.5,7849.0,7838.0,7842.5,732
2025-09-23 06:00:00+00:00,7845.5,7906.5,7833.5,7895.5,14353
2025-09-23 10:00:00+00:00,7896.0,7913.0,7867.0,7912.0,8208
2025-09-23 14:00:00+00:00,7912.5,7913.5,7844.0,7849.5,14588
2025-09-23 18:00:00+00:00,7850.5,7857.0,7836.0,7852.5,1356
2025-09-24 06:00:00+00:00,7869.0,7876.5,7824.0,7843.0,8693
2025-09-24 10:00:00+00:00,7842.5,7846.5,7800.5,7815.0,10573
2025-09-24 14:00:00+00:00,7815.0,7842.0,7813.0,7813.5,12886
2025-09-24 18:00:00+00:00,7813.0,7820.0,7810.5,7818.0,777
2025-09-25 06:00:00+00:00,7823.0,7827.5,7757.0,7769.5,13963
2025-09-25 10:00:00+00:00,7769.5,7783.5,7749.5,7771.5,11437
2025-09-25 14:00:00+00:00,7772.5,7811.5,7768.5,7794.0,11713
2025-09-25 18:00:00+00:00,7793.5,7816.5,7781.0,7813.0,1010
2025-09-26 06:00:00+00:00,7804.0,7870.0,7804.0,7828.5,14865
2025-09-26 10:00:00+00:00,7827.5,7876.5,7820.5,7867.5,8452
2025-09-26 14:00:00+00:00,7868.5,7879.5,7852.5,7875.0,11634
2025-09-26 18:00:00+00:00,7875.0,7882.0,7870.0,7880.5,1456
2025-09-29 06:00:00+00:00,7901.0,7921.5,7871.0,7874.5,13585
2025-09-29 10:00:00+00:00,7874.5,7892.5,7868.5,7877.0,7481
2025-09-29 14:00:00+00:00,7877.5,7899.5,7875.0,7878.0,10165
2025-09-29 18:00:00+00:00,7879.0,7887.0,7876.0,7885.5,691
2025-09-30 06:00:00+00:00,7884.5,7897.5,7828.5,7852.5,11291
2025-09-30 10:00:00+00:00,7853.0,7876.0,7845.0,7869.0,5716
2025-09-30 14:00:00+00:00,7869.5,7922.0,7851.5,7908.5,16161
2025-09-30 18:00:00+00:00,7908.0,7930.5,7908.0,7927.0,847
2025-10-01 06:00:00+00:00,7901.0,7933.5,7869.0,7924.5,14763
2025-10-01 10:00:00+00:00,7924.0,7972.0,7923.0,7970.5,10566
2025-10-01 14:00:00+00:00,7971.0,8010.5,7963.5,8008.5,13819
2025-10-01 18:00:00+00:00,8008.5,8014.5,7997.5,7999.0,1316
2025-10-02 06:00:00+00:00,8012.5,8065.5,8004.5,8060.0,14132
2025-10-02 10:00:00+00:00,8059.5,8093.0,8055.5,8078.5,10278
2025-10-02 14:00:00+00:00,8078.5,8083.0,8051.5,8083.0,13168
2025-10-02 18:00:00+00:00,8083.5,8093.5,8076.0,8080.5,857
2025-10-03 06:00:00+00:00,8091.5,8102.5,8073.5,8081.5,11128
2025-10-03 10:00:00+00:00,8081.0,8089.0,8043.5,8064.5,9003
2025-10-03 14:00:00+00:00,8064.0,8090.5,8059.5,8070.5,8593
2025-10-03 18:00:00+00:00,8070.0,8084.0,8068.0,8084.0,783
2025-10-06 06:00:00+00:00,8083.0,8083.0,7909.0,7954.5,34300
2025-10-06 10:00:00+00:00,7954.5,7993.5,7952.5,7972.5,11602
2025-10-06 14:00:00+00:00,7973.0,8004.5,7962.5,8002.0,17861
2025-10-06 18:00:00+00:00,8002.5,8004.5,7987.0,7991.0,1120
2025-10-07 06:00:00+00:00,7985.0,7988.5,7936.0,7987.0,12572
2025-10-07 10:00:00+00:00,7987.0,8009.0,7981.5,7989.0,8902
2025-10-07 14:00:00+00:00,7988.0,7989.5,7962.5,7967.0,9782
2025-10-07 18:00:00+00:00,7967.0,7972.5,7960.5,7969.0,1476
2025-10-08 06:00:00+00:00,7975.5,8046.5,7975.0,8023.5,23677
2025-10-08 10:00:00+00:00,8024.5,8058.5,8017.5,8048.0,9550
2025-10-08 14:00:00+00:00,8048.0,8074.0,8043.0,8057.0,9664
2025-10-08 18:00:00+00:00,8058.5,8070.0,8052.0,8064.5,1643
2025-10-09 06:00:00+00:00,8067.0,8092.5,8055.0,8069.5,13849
2025-10-09 10:00:00+00:00,8070.5,8114.0,8058.0,8059.5,8810
2025-10-09 14:00:00+00:00,8059.0,8071.5,8030.5,8043.0,9592
2025-10-09 18:00:00+00:00,8043.5,8043.5,8025.0,8037.5,905
2025-10-10 06:00:00+00:00,8043.5,8085.5,8038.0,8039.0,9974
2025-10-10 10:00:00+00:00,8038.5,8064.5,8024.0,8030.0,6751
2025-10-10 14:00:00+00:00,8030.5,8035.0,7892.0,7903.5,27766
2025-10-10 18:00:00+00:00,7905.0,7912.0,7865.5,7881.5,2061
2025-10-13 06:00:00+00:00,7945.0,7997.5,7938.0,7956.5,16665
2025-10-13 10:00:00+00:00,7956.5,7963.0,7903.5,7922.0,10072
2025-10-13 14:00:00+00:00,7922.0,7944.0,7902.5,7928.0,11818
2025-10-13 18:00:00+00:00,7927.5,7937.0,7923.0,7933.0,1136
2025-10-14 06:00:00+00:00,7885.5,7894.5,7837.5,7865.5,16770
2025-10-14 10:00:00+00:00,7866.0,7916.5,7826.5,7911.0,14427
2025-10-14 14:00:00+00:00,7910.0,8056.5,7906.5,8051.5,16892
2025-10-14 18:00:00+00:00,8051.5,8059.0,8031.0,8046.0,2876
2025-10-15 06:00:00+00:00,8064.0,8135.0,8055.0,8126.0,18953
2025-10-15 10:00:00+00:00,8126.0,8130.0,8077.5,8091.0,8353
2025-10-15 14:00:00+00:00,8093.0,8105.0,8019.5,8056.5,13329
2025-10-15 18:00:00+00:00,8057.0,8072.0,8053.0,8071.5,839
2025-10-16 06:00:00+00:00,8078.5,8143.5,8051.5,8140.0,10081
2025-10-16 10:00:00+00:00,8140.0,8165.5,8127.5,8142.0,8749
2025-10-16 14:00:00+00:00,8142.0,8218.0,8134.5,8203.0,10596
2025-10-16 18:00:00+00:00,8203.0,8203.0,8158.5,8188.0,972
2025-10-17 06:00:00+00:00,8165.0,8182.0,8096.0,8152.0,22617
2025-10-17 10:00:00+00:00,8151.5,8234.5,8134.0,8224.5,15841
2025-10-17 14:00:00+00:00,8224.5,8243.0,8186.0,8212.0,13496
2025-10-17 18:00:00+00:00,8212.0,8247.5,8212.0,8234.0,987
2025-10-20 06:00:00+00:00,8240.0,8258.5,8168.0,8181.0,13529
2025-10-20 10:00:00+00:00,8180.5,8215.5,8176.0,8211.5,6691
2025-10-20 14:00:00+00:00,8212.0,8237.5,8212.0,8237.5,9702
2025-10-20 18:00:00+00:00,8237.5,8243.0,8233.0,8239.5,717
2025-10-21 06:00:00+00:00,8232.5,8247.0,8216.0,8235.0,9360
2025-10-21 10:00:00+00:00,8235.5,8271.5,8231.5,8252.0,8822
2025-10-21 14:00:00+00:00,8252.0,8290.5,8241.5,8259.5,13598
2025-10-21 18:00:00+00:00,8258.5,8260.5,8233.5,8234.5,1157
2025-10-22 06:00:00+00:00,8241.5,8253.5,8210.0,8243.0,9704
2025-10-22 10:00:00+00:00,8243.5,8267.0,8237.0,8239.5,6276
2025-10-22 14:00:00+00:00,8239.5,8245.0,8182.0,8194.5,14471
2025-10-22 18:00:00+00:00,8195.5,8219.0,8186.5,8211.5,1419
2025-10-23 06:00:00+00:00,8222.5,8268.5,8208.0,8249.0,10016
2025-10-23 10:00:00+00:00,8249.5,8274.0,8238.5,8260.5,8825
2025-10-23 14:00:00+00:00,8261.0,8263.0,8233.5,8261.5,10886
2025-10-23 18:00:00+00:00,8261.5,8263.0,8248.5,8254.5,698
2025-10-24 06:00:00+00:00,8283.5,8289.0,8190.5,8216.0,12766
2025-10-24 10:00:00+00:00,8216.0,8227.0,8183.0,8220.0,8698
2025-10-24 14:00:00+00:00,8221.0,8245.5,8210.0,8228.0,9255
2025-10-24 18:00:00+00:00,8227.5,8233.5,8221.0,8225.0,904
2025-10-27 07:00:00+00:00,8274.5,8287.5,8216.0,8247.0,8191
2025-10-27 11:00:00+00:00,8246.0,8268.0,8221.5,8267.0,6343
2025-10-27 15:00:00+00:00,8266.5,8267.0,8244.0,8245.5,8057
2025-10-27 19:00:00+00:00,8245.5,8261.5,8243.5,8261.5,533
2025-10-28 07:00:00+00:00,8249.5,8259.0,8219.0,8245.5,8677
2025-10-28 11:00:00+00:00,8245.5,8253.5,8221.5,8242.5,7263
2025-10-28 15:00:00+00:00,8243.0,8244.5,8218.5,8229.5,7290
2025-10-28 19:00:00+00:00,8229.5,8231.0,8216.0,8225.5,745
2025-10-29 07:00:00+00:00,8222.5,8239.5,8203.5,8234.0,9624
2025-10-29 11:00:00+00:00,8233.5,8239.0,8197.5,8217.0,8226
2025-10-29 15:00:00+00:00,8217.5,8230.0,8172.0,8210.0,9476
2025-10-29 19:00:00+00:00,8211.0,8224.0,8193.5,8218.5,754
2025-10-30 07:00:00+00:00,8214.0,8225.5,8147.5,8149.5,15778
2025-10-30 11:00:00+00:00,8151.0,8167.5,8124.5,8163.5,13661
2025-10-30 15:00:00+00:00,8164.0,8184.0,8149.5,8168.0,11326
2025-10-30 19:00:00+00:00,8167.5,8173.5,8143.0,8169.5,1096
2025-10-31 07:00:00+00:00,8148.0,8176.0,8129.0,8149.0,9786
2025-10-31 11:00:00+00:00,8148.5,8162.0,8116.5,8141.5,10548
2025-10-31 15:00:00+00:00,8141.0,8144.5,8109.0,8133.0,13179
2025-10-31 19:00:00+00:00,8133.0,8143.0,8129.0,8137.0,700
2025-11-03 07:00:00+00:00,8140.0,8164.0,8106.0,8156.0,10837
2025-11-03 11:00:00+00:00,8156.0,8160.5,8109.0,8116.5,8731
2025-11-03 15:00:00+00:00,8116.5,8126.5,8104.5,8123.0,10145
2025-11-03 19:00:00+00:00,8122.5,8129.0,8116.0,8119.0,857
2025-11-04 07:00:00+00:00,8056.5,8058.0,7777.0,8016.5,16867
2025-11-04 11:00:00+00:00,8016.5,8070.0,8011.5,8069.0,11815
2025-11-04 15:00:00+00:00,8070.0,8083.0,8053.5,8059.0,10525
2025-11-04 19:00:00+00:00,8057.5,8061.5,8046.5,8052.5,1184
2025-11-05 07:00:00+00:00,8041.5,8085.5,8016.0,8050.5,11018
2025-11-05 11:00:00+00:00,8050.5,8088.5,8042.0,8087.5,6837
2025-11-05 15:00:00+00:00,8088.5,8113.0,8076.5,8108.0,9888
2025-11-05 19:00:00+00:00,8107.5,8109.0,8093.5,8094.5,983
2025-11-06 07:00:00+00:00,8075.0,8087.0,8012.5,8041.0,11552
2025-11-06 11:00:00+00:00,8040.5,8053.0,7987.0,7989.0,7636
2025-11-06 15:00:00+00:00,7988.5,7993.5,7957.0,7980.5,14050
2025-11-06 19:00:00+00:00,7981.0,7992.0,7965.0,7966.5,871
2025-11-07 07:00:00+00:00,7978.5,8010.0,7938.5,7942.5,10751
2025-11-07 11:00:00+00:00,7942.5,7955.0,7914.0,7954.0,12093
2025-11-07 15:00:00+00:00,7954.0,7993.5,7942.0,7988.5,12810
2025-11-07 19:00:00+00:00,7987.0,8027.5,7986.0,8023.0,1928
2025-11-10 07:00:00+00:00,8058.0,8075.5,8023.0,8071.0,14388
2025-11-10 11:00:00+00:00,8071.0,8082.0,8049.0,8057.0,8102
2025-11-10 15:00:00+00:00,8058.0,8095.0,8057.0,8091.5,11831
2025-11-10 19:00:00+00:00,8092.5,8109.0,8091.5,8107.0,1075
2025-11-11 07:00:00+00:00,8101.0,8128.5,8082.5,8113.0,9527
2025-11-11 11:00:00+00:00,8112.5,8167.5,8103.5,8166.0,7894
2025-11-11 15:00:00+00:00,8166.0,8188.0,8150.5,8184.5,11387
2025-11-11 19:00:00+00:00,8185.0,8189.5,8177.0,8179.5,1316
2025-11-12 07:00:00+00:00,8193.0,8251.0,8183.0,8249.5,12475
2025-11-12 11:00:00+00:00,8250.0,8281.0,8240.5,8280.5,13418
2025-11-12 15:00:00+00:00,8280.0,8290.0,8241.0,8260.0,13930
2025-11-12 19:00:00+00:00,8260.5,8261.5,8249.5,8256.5,729
2025-11-13 07:00:00+00:00,8260.0,8321.5,8255.0,8300.0,13164
2025-11-13 11:00:00+00:00,8299.5,8300.5,8269.0,8273.0,9637
2025-11-13 15:00:00+00:00,8272.5,8274.5,8201.0,8208.5,13083
2025-11-13 19:00:00+00:00,8210.0,8214.5,8195.0,8205.0,1282
2025-11-14 07:00:00+00:00,8221.5,8229.5,8149.0,8155.5,16488
2025-11-14 11:00:00+00:00,8154.5,8156.5,8086.5,8155.5,18356
2025-11-14 15:00:00+00:00,8156.0,8179.0,8144.0,8163.0,13169
2025-11-14 19:00:00+00:00,8164.5,8169.5,8154.0,8160.0,730
2025-11-17 07:00:00+00:00,8163.5,8180.5,8134.5,8140.5,9697
2025-11-17 11:00:00+00:00,8139.5,8157.0,8113.5,8143.0,7406
2025-11-17 15:00:00+00:00,8142.5,8146.5,8099.5,8100.5,8099
2025-11-17 19:00:00+00:00,8100.5,8102.0,8055.5,8079.0,1393
2025-11-18 07:00:00+00:00,8026.5,8035.0,7984.5,8029.0,15953
2025-11-18 11:00:00+00:00,8029.0,8035.5,7960.0,7963.5,11095
2025-11-18 15:00:00+00:00,7963.5,8007.0,7927.5,7993.0,16596
2025-11-18 19:00:00+00:00,7992.5,7997.5,7978.5,7981.0,1384
2025-11-19 07:00:00+00:00,7971.0,7987.5,7920.0,7959.5,8859
2025-11-19 11:00:00+00:00,7958.5,8008.0,7957.0,8007.0,7094
2025-11-19 15:00:00+00:00,8007.0,8008.0,7942.5,7980.5,10289
2025-11-19 19:00:00+00:00,7986.0,7990.5,7961.0,7980.0,699
2025-11-20 07:00:00+00:00,8016.5,8059.0,8001.0,8026.0,6431
2025-11-20 11:00:00+00:00,8025.5,8046.0,7985.5,8045.5,4687
2025-11-20 15:00:00+00:00,8045.5,8049.0,7898.0,7905.0,8575
2025-11-20 19:00:00+00:00,7904.5,7932.5,7891.0,7908.0,566
2025-11-21 07:00:00+00:00,7916.5,7980.0,7880.0,7958.0,16908
2025-11-21 11:00:00+00:00,7958.5,8004.0,7940.5,7985.0,13815
2025-11-21 15:00:00+00:00,7985.5,8041.5,7960.5,8033.0,13862
2025-11-21 19:00:00+00:00,8033.0,8044.0,8018.0,8025.0,1207
2025-11-24 07:00:00+00:00,8036.5,8060.5,7976.5,7982.0,12540
2025-11-24 11:00:00+00:00,7983.0,8006.5,7964.5,7997.0,8417
2025-11-24 15:00:00+00:00,7997.5,8029.0,7943.0,7972.5,15317
2025-11-24 19:00:00+00:00,7973.0,7981.0,7956.5,7969.5,1597
2025-11-25 07:00:00+00:00,7967.5,7998.5,7948.0,7973.0,10811
2025-11-25 11:00:00+00:00,7973.5,8047.5,7970.0,8034.0,15229
2025-11-25 15:00:00+00:00,8034.5,8057.5,8017.0,8050.0,14637
2025-11-25 19:00:00+00:00,8050.0,8071.0,8041.5,8066.0,1102
2025-11-26 07:00:00+00:00,8080.0,8099.0,8034.0,8069.5,11346
2025-11-26 11:00:00+00:00,8070.0,8094.5,8045.0,8080.0,9444
2025-11-26 15:00:00+00:00,8080.0,8117.5,8075.5,8108.5,11646
2025-11-26 19:00:00+00:00,8109.0,8116.5,8102.0,8104.5,990
2025-11-27 07:00:00+00:00,8095.5,8116.5,8083.5,8106.0,7714
2025-11-27 11:00:00+00:00,8106.5,8122.0,8099.5,8111.0,6312
2025-11-27 15:00:00+00:00,8110.5,8116.0,8094.5,8101.5,4074
2025-11-27 19:00:00+00:00,8102.0,8110.0,8102.0,8107.0,99
2025-11-28 07:00:00+00:00,8103.5,8127.0,8087.5,8110.5,4719
2025-11-28 11:00:00+00:00,8110.0,8130.0,8104.5,8129.0,4928
2025-11-28 15:00:00+00:00,8129.5,8140.0,8117.0,8133.0,8392
2025-11-28 19:00:00+00:00,8132.5,8136.5,8124.5,8126.5,302
2025-12-01 07:00:00+00:00,8099.5,8116.5,8069.5,8071.0,10865
2025-12-01 11:00:00+00:00,8070.5,8105.5,8046.5,8105.0,10605
2025-12-01 15:00:00+00:00,8104.5,8122.5,8094.0,8120.5,11557
2025-12-01 19:00:00+00:00,8120.5,8120.5,8085.0,8090.5,741
2025-12-02 07:00:00+00:00,8095.0,8144.0,8090.5,8143.0,10990
2025-12-02 11:00:00+00:00,8143.0,8148.0,8086.0,8098.5,11568
2025-12-02 15:00:00+00:00,8099.0,8109.5,8080.5,8086.5,9528
2025-12-02 19:00:00+00:00,8089.0,8097.5,8085.0,8089.5,634
2025-12-03 07:00:00+00:00,8098.0,8114.5,8072.5,8079.5,10007
2025-12-03 11:00:00+00:00,8079.0,8100.0,8060.5,8090.5,8157
2025-12-03 15:00:00+00:00,8091.0,8114.5,8087.0,8110.5,9019
2025-12-03 19:00:00+00:00,8109.5,8124.5,8109.5,8121.0,1067
2025-12-04 07:00:00+00:00,8138.0,8140.5,8105.0,8117.0,8471
2025-12-04 11:00:00+00:00,8117.0,8144.5,8116.5,8132.5,6791
2025-12-04 15:00:00+00:00,8132.5,8146.5,8123.0,8134.0,9220
2025-12-04 19:00:00+00:00,8133.5,8142.5,8115.0,8142.5,1403
2025-12-05 07:00:00+00:00,8150.0,8170.5,8137.5,8162.0,8140
2025-12-05 11:00:00+00:00,8162.0,8169.0,8128.5,8137.5,8429
2025-12-05 15:00:00+00:00,8139.0,8143.0,8116.5,8135.5,8005
2025-12-05 19:00:00+00:00,8134.5,8135.5,8113.5,8120.0,1088
2025-12-08 07:00:00+00:00,8113.5,8116.5,8086.5,8107.0,7794
2025-12-08 11:00:00+00:00,8107.0,8119.0,8095.5,8116.5,5803
2025-12-08 15:00:00+00:00,8117.0,8122.0,8091.5,8112.0,8559
2025-12-08 19:00:00+00:00,8113.0,8120.0,8109.5,8119.0,971
2025-12-09 07:00:00+00:00,8125.5,8143.5,8073.5,8087.5,11771
2025-12-09 11:00:00+00:00,8087.5,8089.0,8059.0,8076.0,8668
2025-12-09 15:00:00+00:00,8076.5,8078.0,8031.0,8043.0,12537
2025-12-09 19:00:00+00:00,8042.5,8044.0,8034.5,8038.5,919
2025-12-10 07:00:00+00:00,8035.0,8050.0,8009.5,8021.0,10856
2025-12-10 11:00:00+00:00,8020.0,8041.0,8016.0,8027.0,7029
2025-12-10 15:00:00+00:00,8027.0,8046.5,8012.0,8040.5,9864
2025-12-10 19:00:00+00:00,8043.5,8082.5,8040.0,8065.5,2566
2025-12-11 07:00:00+00:00,8031.5,8079.5,8004.5,8071.5,11672
2025-12-11 11:00:00+00:00,8071.0,8097.0,8048.0,8081.5,8894
2025-12-11 15:00:00+00:00,8081.5,8113.0,8080.5,8104.0,12700
2025-12-11 19:00:00+00:00,8104.5,8115.0,8104.0,8111.5,948
2025-12-12 07:00:00+00:00,8116.5,8161.0,8098.5,8139.5,11557
2025-12-12 11:00:00+00:00,8140.0,8149.5,8113.5,8133.5,6932
2025-12-12 15:00:00+00:00,8133.5,8135.5,8058.0,8086.5,13299
2025-12-12 19:00:00+00:00,8088.5,8088.5,8069.5,8084.5,1266
2025-12-15 07:00:00+00:00,8102.0,8159.0,8083.0,8156.5,10794
2025-12-15 11:00:00+00:00,8156.5,8166.0,8143.5,8144.0,6780
2025-12-15 15:00:00+00:00,8144.0,8146.5,8112.5,8124.0,9787
2025-12-15 19:00:00+00:00,8123.5,8139.5,8120.5,8135.0,1464
2025-12-16 07:00:00+00:00,8110.0,8154.0,8100.5,8125.5,9129
2025-12-16 11:00:00+00:00,8125.0,8140.0,8095.5,8102.0,6617
2025-12-16 15:00:00+00:00,8102.0,8134.0,8088.5,8128.5,9465
2025-12-16 19:00:00+00:00,8128.0,8138.5,8113.5,8126.5,1191
2025-12-17 07:00:00+00:00,8136.5,8145.5,8100.0,8103.5,7206
2025-12-17 11:00:00+00:00,8103.0,8114.5,8076.0,8112.5,6305
2025-12-17 15:00:00+00:00,8113.0,8113.5,8081.5,8084.0,5916
2025-12-17 19:00:00+00:00,8085.0,8094.5,8078.5,8083.5,999
2025-12-18 07:00:00+00:00,8094.0,8117.5,8085.0,8110.5,4778
2025-12-18 11:00:00+00:00,8112.0,8127.5,8094.0,8124.0,4419
2025-12-18 15:00:00+00:00,8124.5,8168.5,8114.5,8138.0,5817
2025-12-18 19:00:00+00:00,8139.0,8142.0,8116.5,8120.5,329
2025-12-19 07:00:00+00:00,8147.5,8173.0,8136.5,8159.5,9977
2025-12-19 11:00:00+00:00,8159.0,8170.5,8139.5,8170.0,9134
2025-12-19 15:00:00+00:00,8169.0,8189.0,8158.0,8165.0,11999
2025-12-19 19:00:00+00:00,8164.5,8172.0,8144.0,8156.5,1894
2025-12-22 07:00:00+00:00,8157.5,8163.0,8120.0,8129.0,9792
2025-12-22 11:00:00+00:00,8129.5,8138.0,8109.5,8110.0,5819
2025-12-22 15:00:00+00:00,8110.5,8138.5,8108.5,8126.5,7496
2025-12-22 19:00:00+00:00,8127.0,8137.0,8124.5,8134.0,613
2025-12-23 07:00:00+00:00,8135.0,8143.0,8103.5,8114.5,6690
2025-12-23 11:00:00+00:00,8114.5,8126.5,8093.0,8121.5,5561
2025-12-23 15:00:00+00:00,8122.5,8122.5,8103.5,8111.0,6186
2025-12-23 19:00:00+00:00,8110.0,8112.5,8101.0,8105.0,621
2025-12-24 07:00:00+00:00,8099.0,8149.5,8090.5,8131.5,7407
2025-12-24 11:00:00+00:00,8131.5,8132.5,8109.0,8109.0,1869
2025-12-29 07:00:00+00:00,8134.5,8141.0,8091.0,8112.0,10192
2025-12-29 11:00:00+00:00,8113.0,8139.0,8112.0,8117.5,5631
2025-12-29 15:00:00+00:00,8118.0,8139.0,8109.0,8120.0,8825
2025-12-29 19:00:00+00:00,8119.0,8124.5,8113.0,8116.5,538
2025-12-30 07:00:00+00:00,8115.0,8146.0,8094.5,8142.0,8055
2025-12-30 11:00:00+00:00,8141.0,8167.5,8129.5,8166.5,5703
2025-12-30 15:00:00+00:00,8167.0,8193.0,8161.0,8174.5,10660
2025-12-30 19:00:00+00:00,8177.5,8180.5,8165.5,8166.0,1055
2025-12-31 07:00:00+00:00,8160.5,8163.0,8122.5,8125.0,8928
2025-12-31 11:00:00+00:00,8124.5,8153.5,8122.5,8153.0,4981
2026-01-02 07:00:00+00:00,8156.5,8230.5,8097.0,8173.0,17327
2026-01-02 11:00:00+00:00,8173.0,8217.5,8170.0,8205.5,6928
2026-01-02 15:00:00+00:00,8206.0,8214.5,8171.5,8198.5,10806
2026-01-02 19:00:00+00:00,8197.0,8221.5,8196.0,8221.5,1411
2026-01-05 07:00:00+00:00,8245.0,8264.5,8192.0,8200.5,12708
2026-01-05 11:00:00+00:00,8201.0,8215.5,8190.5,8201.0,8791
2026-01-05 15:00:00+00:00,8196.0,8223.5,8179.5,8214.0,11846
2026-01-05 19:00:00+00:00,8213.0,8223.5,8213.0,8222.0,862
2026-01-06 07:00:00+00:00,8234.5,8235.5,8163.0,8167.0,11842
2026-01-06 11:00:00+00:00,8168.0,8243.0,8167.5,8242.0,9326
2026-01-06 15:00:00+00:00,8242.0,8274.5,8238.0,8274.5,14283
2026-01-06 19:00:00+00:00,8274.0,8286.0,8270.5,8278.0,3180
2026-01-07 07:00:00+00:00,8268.5,8283.5,8215.0,8244.0,11145
2026-01-07 11:00:00+00:00,8244.5,8256.5,8226.0,8227.0,6305
2026-01-07 15:00:00+00:00,8228.0,8256.5,8218.0,8253.5,10388
2026-01-07 19:00:00+00:00,8253.0,8260.0,8242.5,8248.5,927
2026-01-08 07:00:00+00:00,8227.0,8239.0,8211.5,8213.5,8750
2026-01-08 11:00:00+00:00,8214.0,8240.5,8206.0,8239.0,7446
2026-01-08 15:00:00+00:00,8239.0,8266.0,8237.0,8263.5,10523
2026-01-08 19:00:00+00:00,8263.5,8278.5,8263.0,8277.0,995
2026-01-09 07:00:00+00:00,8273.5,8314.0,8265.5,8307.0,12297
2026-01-09 11:00:00+00:00,8306.5,8356.5,8306.0,8350.5,10580
2026-01-09 15:00:00+00:00,8352.0,8376.5,8314.0,8369.5,12331
2026-01-09 19:00:00+00:00,8370.0,8374.5,8365.5,8373.0,1030
2026-01-12 07:00:00+00:00,8366.5,8367.5,8315.5,8345.5,10398
2026-01-12 11:00:00+00:00,8345.5,8382.5,8340.5,8367.5,8357
2026-01-12 15:00:00+00:00,8367.5,8368.5,8334.5,8365.5,9061
2026-01-12 19:00:00+00:00,8366.0,8376.5,8364.0,8372.5,1011
2026-01-13 07:00:00+00:00,8368.0,8381.0,8311.5,8312.5,9660
2026-01-13 11:00:00+00:00,8313.0,8361.0,8312.5,8348.0,7994
2026-01-13 15:00:00+00:00,8348.0,8365.0,8327.0,8356.0,8819
2026-01-13 19:00:00+00:00,8356.0,8359.5,8344.5,8356.0,791
2026-01-14 07:00:00+00:00,8359.5,8400.5,8356.5,8358.0,6652
2026-01-14 11:00:00+00:00,8358.0,8366.5,8345.0,8351.5,5804
2026-01-14 15:00:00+00:00,8351.5,8358.0,8323.5,8339.0,9681
2026-01-14 19:00:00+00:00,8338.5,8356.0,8335.0,8356.0,1223
2026-01-15 07:00:00+00:00,8374.0,8390.5,8291.5,8313.5,6098
2026-01-15 11:00:00+00:00,8313.5,8329.0,8293.0,8311.5,3488
2026-01-15 15:00:00+00:00,8312.0,8328.0,8297.5,8305.5,5804
2026-01-15 19:00:00+00:00,8306.0,8307.5,8285.5,8285.5,235
2026-01-16 07:00:00+00:00,8317.5,8333.5,8283.5,8289.0,10700
2026-01-16 11:00:00+00:00,8289.0,8299.5,8252.5,8256.0,10381
2026-01-16 15:00:00+00:00,8256.0,8279.5,8253.5,8274.0,12519
2026-01-16 19:00:00+00:00,8274.0,8282.5,8272.0,8277.5,1336
2026-01-19 07:00:00+00:00,8134.5,8184.5,8071.0,8136.5,17831
2026-01-19 11:00:00+00:00,8136.0,8167.0,8132.5,8145.5,9354
2026-01-19 15:00:00+00:00,8145.5,8145.5,8107.0,8115.5,10644
2026-01-19 19:00:00+00:00,8116.0,8117.0,8110.0,8112.0,183
2026-01-20 07:00:00+00:00,8075.0,8087.5,8011.0,8023.0,15624
2026-01-20 11:00:00+00:00,8022.5,8066.0,8012.0,8058.5,14005
2026-01-20 15:00:00+00:00,8059.0,8085.0,8046.5,8051.5,15706
2026-01-20 19:00:00+00:00,8051.0,8062.0,8039.5,8055.5,2229
2026-01-21 07:00:00+00:00,8076.0,8093.5,8054.0,8062.5,14527
2026-01-21 11:00:00+00:00,8063.0,8103.5,8028.5,8103.0,18624
2026-01-21 15:00:00+00:00,8102.5,8107.0,8034.0,8059.0,13673
2026-01-21 19:00:00+00:00,8060.0,8242.0,8053.0,8172.0,6870
2026-01-22 07:00:00+00:00,8167.0,8200.0,8147.5,8172.0,16007
2026-01-22 11:00:00+00:00,8172.0,8204.5,8156.0,8175.0,11242
2026-01-22 15:00:00+00:00,8175.5,8180.5,8149.5,8158.0,11221
2026-01-22 19:00:00+00:00,8159.0,8165.0,8147.5,8149.0,808
2026-01-23 07:00:00+00:00,8148.0,8169.5,8108.5,8125.5,9648
2026-01-23 11:00:00+00:00,8125.5,8145.5,8119.5,8139.5,6189
2026-01-23 15:00:00+00:00,8140.0,8165.5,8127.5,8160.0,8356
2026-01-23 19:00:00+00:00,8160.5,8169.0,8159.0,8163.0,910
2026-01-26 07:00:00+00:00,8159.5,8173.0,8118.0,8125.5,7766
2026-01-26 11:00:00+00:00,8125.0,8174.0,8124.0,8156.5,5320
2026-01-26 15:00:00+00:00,8156.5,8171.0,8140.0,8160.5,8210
2026-01-26 19:00:00+00:00,8160.0,8161.5,8146.0,8149.0,992
2026-01-27 07:00:00+00:00,8169.0,8176.0,8128.5,8152.5,8957
2026-01-27 11:00:00+00:00,8152.0,8186.5,8150.5,8170.0,5735
2026-01-27 15:00:00+00:00,8170.0,8181.5,8137.0,8152.0,11552
2026-01-27 19:00:00+00:00,8152.0,8162.0,8128.5,8137.5,1364
2026-01-28 07:00:00+00:00,8158.5,8164.5,8065.5,8090.5,15561
2026-01-28 11:00:00+00:00,8091.0,8097.5,8033.0,8074.0,12190
2026-01-28 15:00:00+00:00,8074.0,8102.0,8071.5,8089.0,11548
2026-01-28 19:00:00+00:00,8085.5,8103.0,8081.0,8081.0,1801
2026-01-29 07:00:00+00:00,8110.0,8156.0,8102.5,8124.5,13502
2026-01-29 11:00:00+00:00,8124.5,8155.5,8097.5,8098.5,7718
2026-01-29 15:00:00+00:00,8099.5,8122.0,8076.0,8115.5,12276
2026-01-29 19:00:00+00:00,8114.0,8131.5,8112.0,8131.5,1476
2026-01-30 07:00:00+00:00,8085.0,8124.5,8062.0,8108.0,10806
2026-01-30 11:00:00+00:00,8108.5,8151.5,8106.0,8138.5,9210
2026-01-30 15:00:00+00:00,8139.0,8154.0,8097.5,8119.5,13155
2026-01-30 19:00:00+00:00,8120.5,8135.5,8116.0,8124.0,1449
2026-02-02 07:00:00+00:00,8051.0,8157.0,8033.0,8154.5,13399
2026-02-02 11:00:00+00:00,8155.0,8212.5,8154.0,8192.0,9763
2026-02-02 15:00:00+00:00,8192.0,8215.0,8186.0,8213.5,9755
2026-02-02 19:00:00+00:00,8213.5,8226.5,8211.5,8225.5,1099
2026-02-03 07:00:00+00:00,8242.5,8264.5,8189.0,8197.5,10440
2026-02-03 11:00:00+00:00,8198.0,8200.0,8137.0,8152.5,10728
2026-02-03 15:00:00+00:00,8152.0,8192.5,8147.5,8155.0,11294
2026-02-03 19:00:00+00:00,8155.0,8201.0,8148.0,8201.0,2398
2026-02-04 07:00:00+00:00,8210.5,8266.0,8206.0,8264.5,12026
2026-02-04 11:00:00+00:00,8265.0,8298.0,8255.0,8284.0,10322
2026-02-04 15:00:00+00:00,8284.5,8310.0,8244.5,8275.0,17027
2026-02-04 19:00:00+00:00,8276.0,8294.5,8264.0,8277.0,2758
2026-02-05 07:00:00+00:00,8294.5,8322.5,8258.0,8289.5,10559
2026-02-05 11:00:00+00:00,8289.5,8298.5,8211.5,8219.5,12126
2026-02-05 15:00:00+00:00,8219.5,8269.5,8198.5,8244.0,14044
2026-02-05 19:00:00+00:00,8242.0,8265.5,8230.0,8235.5,1529
2026-02-06 07:00:00+00:00,8237.0,8249.5,8179.5,8246.5,11699
2026-02-06 11:00:00+00:00,8247.0,8281.5,8236.5,8271.5,9350
2026-02-06 15:00:00+00:00,8272.0,8296.0,8266.0,8291.5,10402
2026-02-06 19:00:00+00:00,8292.0,8309.5,8290.0,8308.5,1426
2026-02-09 07:00:00+00:00,8310.5,8327.5,8264.0,8276.5,10169
2026-02-09 11:00:00+00:00,8277.0,8297.5,8272.0,8288.5,6111
2026-02-09 15:00:00+00:00,8288.0,8339.0,8287.0,8337.0,7935
2026-02-09 19:00:00+00:00,8336.5,8347.0,8334.5,8340.0,1057
2026-02-10 07:00:00+00:00,8335.0,8376.5,8329.5,8355.5,11411
2026-02-10 11:00:00+00:00,8355.0,8363.5,8321.5,8358.5,7796
2026-02-10 15:00:00+00:00,8358.0,8361.0,8331.0,8343.5,8913
2026-02-10 19:00:00+00:00,8344.0,8352.5,8327.5,8331.5,1109
2026-02-11 07:00:00+00:00,8337.0,8345.5,8281.5,8305.5,12105
2026-02-11 11:00:00+00:00,8305.5,8364.0,8305.0,8354.5,8527
2026-02-11 15:00:00+00:00,8355.0,8388.5,8306.5,8386.0,16557
2026-02-11 19:00:00+00:00,8386.0,8415.5,8385.5,8402.0,2697
2026-02-12 07:00:00+00:00,8400.0,8454.5,8359.0,8372.5,17029
2026-02-12 11:00:00+00:00,8373.0,8415.5,8363.5,8404.5,8027
2026-02-12 15:00:00+00:00,8403.5,8414.0,8311.5,8337.5,15329
2026-02-12 19:00:00+00:00,8337.5,8349.5,8315.0,8325.5,2231
2026-02-13 07:00:00+00:00,8316.5,8336.0,8277.5,8306.5,12309
2026-02-13 11:00:00+00:00,8307.5,8331.0,8284.5,8295.0,12085
2026-02-13 15:00:00+00:00,8295.0,8335.0,8292.5,8328.0,11898
2026-02-13 19:00:00+00:00,8327.5,8338.0,8300.5,8311.5,1821
2026-02-16 07:00:00+00:00,8323.0,8350.0,8315.5,8339.0,7645
2026-02-16 11:00:00+00:00,8338.5,8358.5,8327.0,8333.5,4455
2026-02-16 15:00:00+00:00,8334.5,8344.0,8315.0,8326.0,5679
2026-02-16 19:00:00+00:00,8326.5,8328.5,8323.0,8325.0,214
2026-02-17 07:00:00+00:00,8298.0,8340.5,8281.0,8311.5,7339
2026-02-17 11:00:00+00:00,8310.5,8351.0,8293.5,8328.0,7960
2026-02-17 15:00:00+00:00,8328.5,8389.5,8324.5,8387.5,10648
2026-02-17 19:00:00+00:00,8388.0,8400.0,8382.5,8388.0,1579
2026-02-18 07:00:00+00:00,8390.0,8415.5,8366.0,8415.5,9878
2026-02-18 11:00:00+00:00,8416.5,8420.5,8373.5,8416.0,6168
2026-02-18 15:00:00+00:00,8416.0,8447.0,8414.0,8428.0,9491
2026-02-18 19:00:00+00:00,8429.0,8434.5,8402.5,8422.5,1039
2026-02-19 07:00:00+00:00,8411.0,8422.0,8350.0,8359.5,6791
2026-02-19 11:00:00+00:00,8362.5,8378.0,8351.0,8376.5,3498
2026-02-19 15:00:00+00:00,8376.5,8404.0,8367.5,8403.0,4809
2026-02-19 19:00:00+00:00,8402.5,8418.5,8393.0,8414.0,363
2026-02-20 07:00:00+00:00,8450.0,8491.0,8428.5,8472.5,17216
2026-02-20 11:00:00+00:00,8471.5,8498.5,8463.5,8494.0,9587
2026-02-20 15:00:00+00:00,8494.5,8555.5,8494.0,8552.5,18204
2026-02-20 19:00:00+00:00,8553.0,8554.5,8538.5,8551.0,1456
2026-02-23 07:00:00+00:00,8509.0,8548.0,8498.0,8537.0,12395
2026-02-23 11:00:00+00:00,8536.0,8549.0,8513.0,8540.5,9373
2026-02-23 15:00:00+00:00,8541.0,8548.5,8498.5,8515.5,10866
2026-02-23 19:00:00+00:00,8516.0,8517.5,8502.0,8514.5,1508
2026-02-24 07:00:00+00:00,8517.0,8525.5,8473.5,8518.0,10907
2026-02-24 11:00:00+00:00,8518.5,8549.5,8501.5,8541.0,8707
2026-02-24 15:00:00+00:00,8542.0,8564.5,8528.0,8553.5,9515
2026-02-24 19:00:00+00:00,8554.0,8567.0,8549.5,8553.5,1133
2026-02-25 07:00:00+00:00,8557.0,8572.0,8541.0,8559.5,8080
2026-02-25 11:00:00+00:00,8560.0,8575.5,8549.5,8556.0,6454
2026-02-25 15:00:00+00:00,8556.0,8595.0,8541.0,8586.0,9517
2026-02-25 19:00:00+00:00,8585.5,8597.5,8585.5,8593.0,814
2026-02-26 07:00:00+00:00,8581.5,8641.5,8575.0,8634.5,10185
2026-02-26 11:00:00+00:00,8634.0,8655.0,8624.0,8625.5,7241
2026-02-26 15:00:00+00:00,8624.5,8648.5,8611.0,8640.5,12495
2026-02-26 19:00:00+00:00,8640.5,8656.0,8640.5,8652.5,1217
2026-02-27 07:00:00+00:00,8646.5,8663.0,8609.5,8613.5,11237
2026-02-27 11:00:00+00:00,8612.5,8628.5,8566.0,8569.0,10256
2026-02-27 15:00:00+00:00,8568.5,8622.5,8547.0,8558.5,17676
2026-02-27 19:00:00+00:00,8559.5,8566.5,8544.0,8560.0,2012
2026-03-02 07:00:00+00:00,8450.0,8473.5,8358.0,8450.0,26592
2026-03-02 11:00:00+00:00,8451.5,8465.0,8388.0,8404.0,14280
2026-03-02 15:00:00+00:00,8404.0,8436.5,8385.5,8421.5,17066
2026-03-02 19:00:00+00:00,8421.0,8437.5,8392.5,8408.5,1567
2026-03-03 07:00:00+00:00,8331.0,8336.0,8128.0,8167.0,31850
2026-03-03 11:00:00+00:00,8166.0,8186.5,8104.5,8113.5,21250
2026-03-03 15:00:00+00:00,8114.5,8201.5,8093.5,8191.0,25771
2026-03-03 19:00:00+00:00,8193.5,8223.0,8177.0,8190.0,2151
2026-03-04 07:00:00+00:00,8120.0,8203.0,8092.0,8199.0,22196
2026-03-04 11:00:00+00:00,8199.5,8220.0,8158.0,8196.5,20071
2026-03-04 15:00:00+00:00,8196.0,8215.5,8173.0,8205.0,16414
2026-03-04 19:00:00+00:00,8205.0,8210.0,8196.0,8201.5,1090
2026-03-05 07:00:00+00:00,8152.5,8226.0,8111.5,8197.0,20417
2026-03-05 11:00:00+00:00,8198.0,8214.5,8094.5,8132.0,16023
2026-03-05 15:00:00+00:00,8131.5,8141.0,8004.0,8027.5,22364
2026-03-05 19:00:00+00:00,8027.0,8070.0,8011.0,8062.0,2155
2026-03-06 07:00:00+00:00,8090.0,8111.0,8022.5,8031.5,18496
2026-03-06 11:00:00+00:00,8031.0,8037.5,7917.0,7945.5,24639
2026-03-06 15:00:00+00:00,7944.0,8032.0,7944.0,8019.0,17376
2026-03-06 19:00:00+00:00,8018.0,8043.0,8016.5,8025.5,2731
2026-03-09 07:00:00+00:00,7820.0,7868.0,7764.0,7836.5,36616
2026-03-09 11:00:00+00:00,7837.0,7894.5,7812.5,7886.5,21658
2026-03-09 15:00:00+00:00,7887.0,7947.0,7884.5,7909.0,17038
2026-03-09 19:00:00+00:00,7907.5,8084.5,7905.0,8040.5,4488
2026-03-10 07:00:00+00:00,8018.0,8096.0,7997.0,8084.5,27217
2026-03-10 11:00:00+00:00,8085.5,8107.5,7999.0,8104.0,16305
2026-03-10 15:00:00+00:00,8105.0,8113.5,7989.5,8008.5,18294
2026-03-10 19:00:00+00:00,8009.5,8032.0,7997.5,8002.5,1236
2026-03-11 07:00:00+00:00,8034.0,8039.5,7963.5,8039.5,18288
2026-03-11 11:00:00+00:00,8039.0,8063.0,7968.5,8060.0,14184
2026-03-11 15:00:00+00:00,8060.0,8063.5,8009.5,8054.0,11000
2026-03-11 19:00:00+00:00,8053.5,8063.5,8033.0,8037.5,1104
2026-03-12 07:00:00+00:00,7979.5,8025.5,7967.0,8007.0,16507
2026-03-12 11:00:00+00:00,8006.5,8040.5,7940.5,7959.5,13278
2026-03-12 15:00:00+00:00,7959.0,8004.5,7918.0,7992.0,12990
2026-03-12 19:00:00+00:00,7991.0,8001.5,7968.5,7977.5,986
2026-03-13 07:00:00+00:00,7961.0,7968.5,7872.0,7965.0,15582
2026-03-13 11:00:00+00:00,7965.0,8019.5,7941.0,7942.0,12540
2026-03-13 15:00:00+00:00,7942.5,7965.0,7880.5,7907.0,13297
2026-03-13 19:00:00+00:00,7906.5,7907.5,7875.0,7875.0,1092
2026-03-16 07:00:00+00:00,7944.0,7954.0,7856.5,7910.5,13636
2026-03-16 11:00:00+00:00,7909.5,7968.5,7901.5,7960.5,11125
2026-03-16 15:00:00+00:00,7961.0,7972.0,7930.5,7956.0,9499
2026-03-16 19:00:00+00:00,7956.0,7969.5,7938.0,7948.0,1128
2026-03-17 07:00:00+00:00,7907.5,7996.0,7894.5,7978.5,9239
2026-03-17 11:00:00+00:00,7978.0,8024.0,7974.0,8019.5,7464
2026-03-17 15:00:00+00:00,8020.0,8024.0,7959.5,7976.5,8946
2026-03-17 19:00:00+00:00,7977.0,7978.0,7963.5,7967.0,664
2026-03-18 07:00:00+00:00,8038.0,8066.0,8005.5,8053.0,7786
2026-03-18 11:00:00+00:00,8052.0,8068.0,7944.5,7962.5,12039
2026-03-18 15:00:00+00:00,7963.0,8000.0,7942.0,7942.5,8206
2026-03-18 19:00:00+00:00,7940.5,7953.5,7880.5,7889.5,2113
2026-03-19 07:00:00+00:00,7873.0,7892.0,7816.0,7833.0,13008
2026-03-19 11:00:00+00:00,7833.0,7848.0,7764.0,7818.0,9116
2026-03-19 15:00:00+00:00,7817.0,7850.5,7774.5,7806.5,6492
2026-03-19 19:00:00+00:00,7811.0,7886.0,7810.5,7829.0,505
2026-03-20 07:00:00+00:00,7832.0,7891.0,7776.0,7797.0,22432
2026-03-20 11:00:00+00:00,7796.5,7848.0,7682.0,7693.5,19509
2026-03-20 15:00:00+00:00,7693.0,7720.5,7605.0,7617.5,23412
2026-03-20 19:00:00+00:00,7617.5,7634.5,7586.5,7617.0,2076
2026-03-23 07:00:00+00:00,7540.5,7607.5,7509.5,7523.0,26566
2026-03-23 11:00:00+00:00,7523.0,7885.0,7522.5,7831.5,35342
2026-03-23 15:00:00+00:00,7832.0,7868.5,7716.0,7818.5,20275
2026-03-23 19:00:00+00:00,7815.0,7815.0,7769.0,7781.5,955
2026-03-24 07:00:00+00:00,7737.0,7781.0,7686.0,7733.5,17363
2026-03-24 11:00:00+00:00,7734.5,7765.0,7663.5,7751.0,18726
2026-03-24 15:00:00+00:00,7751.5,7769.0,7700.0,7749.0,14946
2026-03-24 19:00:00+00:00,7748.5,7840.0,7726.5,7808.0,2424
2026-03-25 07:00:00+00:00,7803.0,7877.0,7798.5,7872.0,15566
2026-03-25 11:00:00+00:00,7873.5,7890.5,7823.0,7842.5,13512
2026-03-25 15:00:00+00:00,7843.5,7873.5,7796.0,7843.0,13533
2026-03-25 19:00:00+00:00,7841.5,7854.0,7831.5,7836.5,952
2026-03-26 07:00:00+00:00,7800.0,7821.0,7759.5,7789.0,13814
2026-03-26 11:00:00+00:00,7790.0,7848.5,7758.0,7816.5,11491
2026-03-26 15:00:00+00:00,7817.0,7825.0,7756.0,7768.5,12557
2026-03-26 19:00:00+00:00,7769.5,7825.5,7733.5,7762.0,2115
2026-03-27 07:00:00+00:00,7783.0,7794.5,7690.5,7692.5,13944
2026-03-27 11:00:00+00:00,7694.0,7730.5,7678.5,7708.5,11119
2026-03-27 15:00:00+00:00,7708.5,7751.0,7670.0,7677.0,12987
2026-03-27 19:00:00+00:00,7676.5,7678.5,7641.0,7651.5,1173
2026-03-30 06:00:00+00:00,7665.5,7739.0,7660.5,7699.0,10672
2026-03-30 10:00:00+00:00,7699.5,7779.0,7694.0,7734.5,11241
2026-03-30 14:00:00+00:00,7735.0,7797.5,7730.5,7746.5,12968
2026-03-30 18:00:00+00:00,7746.5,7751.5,7704.0,7740.0,1561
2026-03-31 06:00:00+00:00,7799.5,7841.5,7757.5,7831.5,15664
2026-03-31 10:00:00+00:00,7831.0,7862.0,7789.5,7851.0,14983
2026-03-31 14:00:00+00:00,7850.0,7957.0,7800.0,7875.5,20652
2026-03-31 18:00:00+00:00,7875.0,7932.0,7874.5,7930.0,2034
2026-04-01 06:00:00+00:00,7942.0,8016.5,7924.5,7944.5,20134
2026-04-01 10:00:00+00:00,7945.0,8015.0,7934.0,7956.5,13562
2026-04-01 14:00:00+00:00,7951.0,8011.5,7943.0,7996.0,15843
2026-04-01 18:00:00+00:00,7996.0,8001.0,7953.5,7989.5,2233
2026-04-02 06:00:00+00:00,7865.0,7934.0,7855.0,7918.0,15306
2026-04-02 10:00:00+00:00,7918.0,7920.0,7862.0,7910.0,11708
2026-04-02 14:00:00+00:00,7910.5,8002.5,7900.0,7974.0,17796
2026-04-02 18:00:00+00:00,7974.5,7999.5,7974.5,7998.5,970
2026-04-07 06:00:00+00:00,7984.0,8083.0,7974.0,8071.5,20927
2026-04-07 10:00:00+00:00,8071.5,8075.0,7937.0,7939.0,20595
2026-04-07 14:00:00+00:00,7939.0,7967.5,7884.5,7953.0,16677
2026-04-07 18:00:00+00:00,7954.0,8029.0,7937.5,8001.5,2337
2026-04-08 06:00:00+00:00,8259.0,8296.0,8201.5,8244.0,36199
2026-04-08 10:00:00+00:00,8244.5,8332.5,8240.0,8295.5,22360
2026-04-08 14:00:00+00:00,8295.5,8313.5,8251.0,8284.5,21775
2026-04-08 18:00:00+00:00,8285.5,8297.5,8252.0,8295.5,2743
2026-04-09 06:00:00+00:00,8250.5,8271.0,8194.5,8204.0,14187
2026-04-09 10:00:00+00:00,8205.0,8237.5,8187.0,8209.0,9762
2026-04-09 14:00:00+00:00,8208.5,8294.5,8190.5,8279.0,14895
2026-04-09 18:00:00+00:00,8278.0,8281.5,8257.0,8268.0,1685
2026-04-10 06:00:00+00:00,8265.5,8304.0,8242.5,8300.5,17656
2026-04-10 10:00:00+00:00,8300.0,8325.5,8267.0,8284.0,12367
2026-04-10 14:00:00+00:00,8283.5,8296.5,8228.5,8242.0,12668
2026-04-10 18:00:00+00:00,8243.0,8261.0,8238.0,8256.0,1505
2026-04-13 06:00:00+00:00,8172.0,8206.0,8171.5,8192.5,13969
2026-04-13 10:00:00+00:00,8193.0,8240.0,8166.5,8232.0,10842
2026-04-13 14:00:00+00:00,8232.0,8271.5,8213.5,8259.5,12547
2026-04-13 18:00:00+00:00,8259.5,8269.0,8252.0,8266.5,1688
2026-04-14 06:00:00+00:00,8256.0,8316.0,8243.0,8291.5,13914
2026-04-14 10:00:00+00:00,8292.0,8590.0,8274.5,8313.0,9255
2026-04-14 14:00:00+00:00,8313.0,8340.0,8306.5,8320.0,10673
2026-04-14 18:00:00+00:00,8321.0,8341.0,8318.0,8331.0,896
2026-04-15 06:00:00+00:00,8318.0,8320.0,8260.5,8275.5,11175
2026-04-15 10:00:00+00:00,8276.0,8311.0,8263.5,8281.0,7846
2026-04-15 14:00:00+00:00,8280.5,8284.0,8261.0,8261.0,6777
2026-04-15 18:00:00+00:00,8260.5,8273.5,8255.5,8258.5,1873
2026-04-16 06:00:00+00:00,8284.0,8312.5,8278.5,8307.5,6592
2026-04-16 10:00:00+00:00,8307.0,8332.0,8291.5,8305.0,7508
2026-04-16 14:00:00+00:00,8306.0,8312.0,8225.0,8249.0,5580
2026-04-16 18:00:00+00:00,8251.0,8266.0,8246.5,8261.5,123
2026-04-17 06:00:00+00:00,8169.0,8222.5,8161.0,8212.5,11613
2026-04-17 10:00:00+00:00,8212.0,8348.5,8193.5,8335.5,21277
2026-04-17 14:00:00+00:00,8334.5,8365.5,8291.5,8311.0,16605
2026-04-17 18:00:00+00:00,8312.0,8319.0,8296.5,8314.5,1286
2026-04-20 06:00:00+00:00,8243.0,8256.5,8220.0,8236.0,11688
2026-04-20 10:00:00+00:00,8237.5,8264.5,8228.0,8260.5,7509
2026-04-20 14:00:00+00:00,8260.0,8260.0,8213.0,8237.5,9949
2026-04-20 18:00:00+00:00,8237.5,8257.0,8233.0,8257.0,1204
2026-04-21 06:00:00+00:00,8266.0,8280.0,8233.5,8273.5,9036
2026-04-21 10:00:00+00:00,8273.0,8281.5,8208.5,8224.5,8242
2026-04-21 14:00:00+00:00,8224.5,8224.5,8114.0,8132.0,13129
2026-04-21 18:00:00+00:00,8132.5,8150.0,8086.0,8101.5,1745
2026-04-22 06:00:00+00:00,8163.5,8189.5,8119.5,8124.5,8462
2026-04-22 10:00:00+00:00,8125.0,8151.5,8111.0,8119.5,7264
2026-04-22 14:00:00+00:00,8119.5,8122.0,8060.5,8119.5,12482
2026-04-22 18:00:00+00:00,8118.0,8118.0,8095.0,8112.5,2375
2026-04-23 06:00:00+00:00,8077.0,8127.0,8069.5,8078.5,11256
2026-04-23 10:00:00+00:00,8078.0,8142.5,8062.5,8131.0,11008
2026-04-23 14:00:00+00:00,8131.0,8162.5,8022.0,8082.5,13750
2026-04-23 18:00:00+00:00,8082.0,8116.0,8079.5,8100.0,1901
2026-04-24 06:00:00+00:00,8095.5,8115.0,8031.0,8051.5,10860
2026-04-24 10:00:00+00:00,8052.5,8143.5,8052.5,8083.5,11447
2026-04-24 14:00:00+00:00,8084.0,8133.5,8067.0,8104.0,10416
2026-04-24 18:00:00+00:00,8103.0,8112.0,8091.5,8109.0,1334
2026-04-27 06:00:00+00:00,8087.5,8109.0,8062.5,8107.5,7658
2026-04-27 10:00:00+00:00,8107.5,8133.5,8071.5,8088.0,6783
2026-04-27 14:00:00+00:00,8087.5,8090.5,8044.5,8076.5,8970
2026-04-27 18:00:00+00:00,8076.0,8085.0,8070.0,8074.0,1160
2026-04-28 06:00:00+00:00,8066.0,8094.0,8039.5,8078.0,12390
2026-04-28 10:00:00+00:00,8078.5,8101.0,8016.0,8040.0,11108
2026-04-28 14:00:00+00:00,8039.0,8051.0,8009.5,8018.5,12394
2026-04-28 18:00:00+00:00,8019.5,8029.0,8015.5,8022.5,1281
2026-04-29 06:00:00+00:00,8024.5,8044.5,7967.5,7975.0,9351
2026-04-29 10:00:00+00:00,7973.5,8024.0,7971.0,7990.5,7920
2026-04-29 14:00:00+00:00,7991.5,8012.5,7963.5,7981.0,9941
2026-04-29 18:00:00+00:00,7980.5,7986.0,7957.5,7975.5,1292
2026-04-30 06:00:00+00:00,7929.0,7964.5,7895.0,7957.0,14486
2026-04-30 10:00:00+00:00,7957.0,8036.0,7954.5,8000.0,12515
2026-04-30 14:00:00+00:00,8000.5,8078.5,7997.0,8074.5,13992
2026-04-30 18:00:00+00:00,8073.5,8086.5,8071.0,8073.0,1244
2026-05-04 06:00:00+00:00,8098.5,8099.0,7999.0,8018.5,11516
2026-05-04 10:00:00+00:00,8019.0,8023.5,7932.5,7969.5,15645
2026-05-04 14:00:00+00:00,7969.5,7983.5,7862.5,7902.5,17499
2026-05-04 18:00:00+00:00,7901.5,7911.0,7882.5,7902.5,1566
2026-05-05 06:00:00+00:00,7911.5,8011.5,7897.5,8001.5,12588
2026-05-05 10:00:00+00:00,8001.5,8013.5,7976.5,7992.0,10105
2026-05-05 14:00:00+00:00,7992.5,8058.0,7976.0,8051.5,12423
2026-05-05 18:00:00+00:00,8052.0,8062.0,8047.5,8055.0,1226
2026-05-06 06:00:00+00:00,8116.5,8255.5,8100.5,8228.0,22374
2026-05-06 10:00:00+00:00,8228.0,8315.5,8227.0,8266.5,18383
2026-05-06 14:00:00+00:00,8267.0,8298.5,8261.0,8288.5,18113
2026-05-06 18:00:00+00:00,8289.5,8308.0,8287.5,8300.0,1463
2026-05-07 06:00:00+00:00,8295.0,8331.5,8263.5,8269.5,11572
2026-05-07 10:00:00+00:00,8268.5,8286.0,8234.0,8241.0,9166
2026-05-07 14:00:00+00:00,8241.0,8242.0,8092.5,8110.0,17007
2026-05-07 18:00:00+00:00,8110.0,8116.5,8086.0,8092.0,2133
2026-05-08 06:00:00+00:00,8113.0,8127.5,8083.0,8099.0,16302
2026-05-08 10:00:00+00:00,8099.0,8123.0,8083.5,8119.5,12770
2026-05-08 14:00:00+00:00,8119.5,8120.5,8060.5,8095.5,11321
2026-05-08 18:00:00+00:00,8095.0,8111.5,8082.0,8103.0,1584
2026-05-11 06:00:00+00:00,8064.0,8079.5,8027.5,8035.0,10849
2026-05-11 10:00:00+00:00,8035.0,8052.0,8009.5,8048.5,7687
2026-05-11 14:00:00+00:00,8048.5,8062.5,8024.0,8043.5,9446
2026-05-11 18:00:00+00:00,8043.0,8051.5,8032.0,8051.0,1591
2026-05-12 06:00:00+00:00,8019.5,8031.0,7958.0,8001.5,11868
2026-05-12 10:00:00+00:00,8002.5,8025.0,7970.5,7978.0,5989
2026-05-12 14:00:00+00:00,7978.5,7998.0,7962.5,7996.5,9274
2026-05-12 18:00:00+00:00,7997.5,8016.0,7987.5,8008.5,1097
2026-05-13 06:00:00+00:00,8021.0,8029.0,7947.0,7953.0,8270
2026-05-13 10:00:00+00:00,7952.5,7987.0,7929.5,7982.5,6215
2026-05-13 14:00:00+00:00,7982.0,8041.5,7982.0,8031.5,8554
2026-05-13 18:00:00+00:00,8032.5,8047.0,8030.5,8040.0,854
2026-05-14 06:00:00+00:00,8055.0,8074.0,8026.0,8052.5,6362
2026-05-14 10:00:00+00:00,8052.0,8081.0,8049.0,8055.5,3732
2026-05-14 14:00:00+00:00,8054.5,8082.5,8041.0,8054.0,3648
2026-05-14 18:00:00+00:00,8047.5,8058.5,8038.0,8042.5,268
2026-05-15 06:00:00+00:00,7936.5,8006.0,7923.0,7931.5,12102
2026-05-15 10:00:00+00:00,7932.0,7955.5,7903.0,7920.5,11265
2026-05-15 14:00:00+00:00,7919.5,7935.5,7869.5,7898.5,13010
2026-05-15 18:00:00+00:00,7899.0,7900.5,7881.5,7885.0,936
2026-05-18 06:00:00+00:00,7840.5,7883.5,7813.0,7878.5,11638
2026-05-18 10:00:00+00:00,7879.0,7989.5,7845.5,7982.0,13870
2026-05-18 14:00:00+00:00,7982.0,7990.0,7946.5,7968.5,12872
2026-05-18 18:00:00+00:00,7969.0,7994.0,7927.0,7991.5,2483
2026-05-19 06:00:00+00:00,7968.5,8053.5,7944.0,8032.0,12022
2026-05-19 10:00:00+00:00,8030.5,8051.5,7973.0,7989.0,10385
2026-05-19 14:00:00+00:00,7986.5,8008.0,7945.0,7964.0,11770
2026-05-19 18:00:00+00:00,7965.5,7975.5,7938.5,7947.0,1297
2026-05-20 06:00:00+00:00,7931.0,7999.0,7923.5,7997.0,9626
2026-05-20 10:00:00+00:00,7997.0,8036.0,7996.5,8034.0,7488
2026-05-20 14:00:00+00:00,8034.5,8160.5,8001.0,8103.0,22008
2026-05-20 18:00:00+00:00,8102.5,8131.5,8100.5,8118.5,2221
2026-05-21 06:00:00+00:00,8096.5,8130.5,8061.0,8124.0,11438
2026-05-21 10:00:00+00:00,8123.5,8132.5,8031.5,8098.0,14218
2026-05-21 14:00:00+00:00,8098.0,8157.5,8059.0,8145.0,10424
2026-05-21 18:00:00+00:00,8145.0,8152.0,8110.5,8127.5,1948
2026-05-22 06:00:00+00:00,8126.0,8129.5,8073.0,8103.0,10007
2026-05-22 10:00:00+00:00,8103.5,8144.0,8084.0,8116.5,12081
2026-05-22 14:00:00+00:00,8116.5,8116.5,8056.0,8084.5,9324
2026-05-22 18:00:00+00:00,8085.0,8090.5,8062.0,8070.5,1337
2026-05-25 06:00:00+00:00,8155.0,8220.0,8151.5,8216.0,8132
2026-05-25 10:00:00+00:00,8216.0,8253.5,8213.5,8245.5,6303
2026-05-25 14:00:00+00:00,8246.0,8265.0,8238.5,8256.0,8998
2026-05-25 18:00:00+00:00,8254.5,8256.5,8241.5,8247.0,326
2026-05-26 06:00:00+00:00,8230.0,8244.5,8165.5,8168.5,10118
2026-05-26 10:00:00+00:00,8168.5,8215.0,8163.5,8199.5,7848
2026-05-26 14:00:00+00:00,8200.5,8209.0,8159.0,8179.5,8938
2026-05-26 18:00:00+00:00,8180.5,8198.5,8175.5,8196.5,1167
2026-05-27 06:00:00+00:00,8202.5,8244.0,8184.0,8236.0,10142
2026-05-27 10:00:00+00:00,8236.0,8269.5,8221.5,8242.0,9395
2026-05-27 14:00:00+00:00,8241.5,8243.5,8184.0,8198.0,11052
2026-05-27 18:00:00+00:00,8197.5,8211.5,8195.5,8205.5,671
2026-05-28 06:00:00+00:00,8172.0,8189.5,8146.5,8176.5,7540
2026-05-28 10:00:00+00:00,8176.5,8188.5,8145.5,8157.0,6597
2026-05-28 14:00:00+00:00,8158.0,8223.5,8149.5,8192.5,11668
2026-05-28 18:00:00+00:00,8191.5,8195.0,8178.5,8185.5,986
2026-05-29 06:00:00+00:00,8208.5,8284.0,8193.0,8265.0,13764
2026-05-29 10:00:00+00:00,8264.5,8265.0,8196.0,8197.0,8335
2026-05-29 14:00:00+00:00,8197.5,8237.0,8167.0,8174.5,16850
2026-05-29 18:00:00+00:00,8174.0,8182.0,8156.5,8159.5,1333
2026-06-01 06:00:00+00:00,8189.0,8206.5,8157.0,8185.0,10718
2026-06-01 10:00:00+00:00,8186.0,8224.5,8110.0,8116.0,11715
2026-06-01 14:00:00+00:00,8109.5,8194.5,8099.5,8172.0,14474
2026-06-01 18:00:00+00:00,8171.0,8179.0,8152.5,8156.5,1211
2026-06-02 06:00:00+00:00,8163.0,8248.0,8163.0,8206.5,14680
2026-06-02 10:00:00+00:00,8206.5,8217.0,8167.0,8182.0,7420
2026-06-02 14:00:00+00:00,8182.5,8220.5,8177.5,8187.0,8599
2026-06-02 18:00:00+00:00,8186.5,8210.5,8186.5,8208.5,1056
2026-06-03 06:00:00+00:00,8190.5,8200.5,8161.0,8180.5,9509
2026-06-03 10:00:00+00:00,8179.5,8201.5,8154.5,8170.5,6917
2026-06-03 14:00:00+00:00,8170.0,8174.5,8137.0,8144.5,10042
2026-06-03 18:00:00+00:00,8145.0,8153.0,8135.5,8136.0,960
2026-06-04 06:00:00+00:00,8134.5,8236.0,8133.0,8230.5,12113
2026-06-04 10:00:00+00:00,8230.0,8258.5,8193.0,8239.5,8908
2026-06-04 14:00:00+00:00,8239.0,8259.0,8210.5,8257.0,10108
2026-06-04 18:00:00+00:00,8257.0,8272.0,8253.0,8261.0,1546
2026-06-05 06:00:00+00:00,8239.0,8291.0,8235.5,8278.5,12405
2026-06-05 10:00:00+00:00,8278.5,8297.0,8231.5,8237.0,9991
2026-06-05 14:00:00+00:00,8238.0,8256.5,8189.0,8192.0,11394
2026-06-05 18:00:00+00:00,8193.0,8195.0,8059.5,8154.5,3103
2026-06-08 06:00:00+00:00,8123.0,8190.0,8089.0,8185.0,15244
2026-06-08 10:00:00+00:00,8185.0,8235.5,8169.0,8229.0,11836
2026-06-08 14:00:00+00:00,8228.5,8232.5,8175.5,8181.5,11640
2026-06-08 18:00:00+00:00,8181.5,8197.0,8173.5,8186.0,1426
2026-06-09 06:00:00+00:00,8192.0,8308.5,8174.5,8273.0,12540
2026-06-09 10:00:00+00:00,8273.0,8295.0,8253.5,8286.5,8399
2026-06-09 14:00:00+00:00,8286.5,8295.0,8139.0,8220.0,19117
2026-06-09 18:00:00+00:00,8220.0,8248.0,8216.0,8243.0,2681
2026-06-10 06:00:00+00:00,8223.0,8244.5,8175.5,8197.5,11696
2026-06-10 10:00:00+00:00,8197.0,8211.0,8112.0,8206.5,15960
2026-06-10 14:00:00+00:00,8206.5,8210.5,8137.0,8159.5,13366
2026-06-10 18:00:00+00:00,8161.5,8170.0,8121.0,8128.0,2127
2026-06-11 06:00:00+00:00,8146.0,8238.5,8128.5,8234.5,13385
2026-06-11 10:00:00+00:00,8233.5,8253.0,8182.0,8244.5,14444
2026-06-11 14:00:00+00:00,8245.5,8332.0,8193.0,8308.0,14651
2026-06-11 18:00:00+00:00,8308.5,8346.0,8285.0,8339.0,3496
2026-06-12 06:00:00+00:00,8313.5,8403.0,8310.5,8379.0,18321
2026-06-12 10:00:00+00:00,8378.5,8382.0,8306.0,8317.5,12416
2026-06-12 14:00:00+00:00,8318.5,8369.5,8314.5,8360.0,13908
2026-06-12 18:00:00+00:00,8360.5,8368.5,8353.5,8353.5,1023
2026-06-15 06:00:00+00:00,8469.0,8512.0,8429.0,8438.0,17029
2026-06-15 10:00:00+00:00,8437.5,8466.0,8408.0,8409.0,7553
2026-06-15 14:00:00+00:00,8409.0,8420.5,8383.5,8391.0,11789
2026-06-15 18:00:00+00:00,8390.5,8392.5,8373.5,8385.0,1856
2026-06-16 06:00:00+00:00,8387.5,8460.5,8384.0,8454.0,8200
2026-06-16 10:00:00+00:00,8454.5,8457.0,8434.0,8457.0,6067
2026-06-16 14:00:00+00:00,8457.0,8467.5,8444.0,8454.0,7763
2026-06-16 18:00:00+00:00,8454.0,8455.0,8429.5,8429.5,981
2026-06-17 06:00:00+00:00,8454.5,8471.5,8428.0,8468.5,7014
2026-06-17 10:00:00+00:00,8468.5,8479.0,8443.0,8447.5,6249
2026-06-17 14:00:00+00:00,8447.5,8448.0,8407.0,8436.5,9314
2026-06-17 18:00:00+00:00,8437.0,8438.5,8360.5,8368.0,2586
2026-06-18 06:00:00+00:00,8395.5,8471.0,8394.0,8440.0,6132
2026-06-18 10:00:00+00:00,8439.5,8453.0,8410.5,8441.0,3920
2026-06-18 14:00:00+00:00,8440.5,8485.0,8436.0,8481.0,5311
2026-06-18 18:00:00+00:00,8483.5,8490.0,8463.0,8486.0,216
2026-06-19 06:00:00+00:00,8454.0,8519.5,8450.0,8485.0,9047
2026-06-19 10:00:00+00:00,8485.5,8493.5,8434.0,8463.0,9160
2026-06-19 14:00:00+00:00,8463.0,8463.0,8424.0,8433.5,9326
2026-06-19 18:00:00+00:00,8433.5,8438.5,8427.0,8437.5,269
2026-06-22 06:00:00+00:00,8441.0,8465.0,8363.5,8365.0,11025
2026-06-22 10:00:00+00:00,8365.0,8417.0,8361.5,8409.5,8273
2026-06-22 14:00:00+00:00,8409.5,8425.0,8394.5,8405.5,8844
2026-06-22 18:00:00+00:00,8406.5,8418.0,8401.5,8407.0,1030
2026-06-23 06:00:00+00:00,8341.5,8362.5,8311.0,8352.0,11712
2026-06-23 10:00:00+00:00,8351.0,8378.0,8333.5,8376.0,8179
2026-06-23 14:00:00+00:00,8375.5,8388.0,8345.5,8366.0,9439
2026-06-23 18:00:00+00:00,8365.0,8368.0,8345.5,8349.5,1154
2026-06-24 06:00:00+00:00,8362.5,8381.5,8315.0,8364.0,10856
2026-06-24 10:00:00+00:00,8364.0,8400.5,8356.0,8400.5,9186
2026-06-24 14:00:00+00:00,8401.0,8409.0,8366.5,8372.0,8345
2026-06-24 18:00:00+00:00,8371.0,8389.5,8364.0,8384.0,936
2026-06-25 06:00:00+00:00,8391.5,8431.5,8379.5,8431.5,10751
2026-06-25 10:00:00+00:00,8431.5,8453.5,8426.0,8431.5,8733
2026-06-25 14:00:00+00:00,8432.0,8460.0,8421.5,8441.0,11019
2026-06-25 18:00:00+00:00,8440.5,8442.0,8417.0,8423.5,1085
2026-06-26 06:00:00+00:00,8389.0,8428.5,8385.0,8393.0,8616
2026-06-26 10:00:00+00:00,8391.0,8392.0,8347.5,8374.0,6494
2026-06-26 14:00:00+00:00,8373.5,8405.0,8356.5,8372.5,7895
2026-06-26 18:00:00+00:00,8372.5,8377.5,8347.5,8360.5,1883
2026-06-29 06:00:00+00:00,8400.5,8401.0,8347.0,8352.0,11136
2026-06-29 10:00:00+00:00,8353.0,8394.5,8344.5,8384.5,6701
2026-06-29 14:00:00+00:00,8383.5,8390.0,8361.5,8385.0,8906
2026-06-29 18:00:00+00:00,8385.5,8395.5,8383.5,8387.0,955
2026-06-30 06:00:00+00:00,8397.0,8420.5,8378.5,8415.5,9905
2026-06-30 10:00:00+00:00,8416.0,8429.0,8370.0,8383.0,7727
2026-06-30 14:00:00+00:00,8383.0,8430.5,8376.0,8426.0,12311
2026-06-30 18:00:00+00:00,8425.5,8430.5,8417.0,8422.5,1429
2026-07-01 06:00:00+00:00,8413.0,8421.5,8360.5,8374.5,10964
2026-07-01 10:00:00+00:00,8374.5,8377.0,8325.0,8344.5,10247
2026-07-01 14:00:00+00:00,8346.0,8358.5,8326.5,8356.0,12089
2026-07-01 18:00:00+00:00,8355.5,8367.0,8353.5,8359.5,2062
2026-07-02 06:00:00+00:00,8361.0,8413.5,8328.5,8412.0,11473
2026-07-02 10:00:00+00:00,8413.0,8514.5,8400.5,8506.5,11070
2026-07-02 14:00:00+00:00,8507.0,8514.0,8453.5,8454.5,15170
2026-07-02 18:00:00+00:00,8455.0,8494.5,8453.0,8490.0,1766
2026-07-03 06:00:00+00:00,8513.5,8526.5,8464.5,8481.5,8650
2026-07-03 10:00:00+00:00,8481.5,8516.0,8477.0,8515.5,4043
2026-07-03 14:00:00+00:00,8515.0,8529.5,8506.5,8516.0,5318
2026-07-03 18:00:00+00:00,8518.0,8524.5,8506.5,8520.0,263
2026-07-06 06:00:00+00:00,8516.5,8569.5,8509.5,8534.5,17018
2026-07-06 10:00:00+00:00,8534.0,8535.5,8474.0,8483.5,13246
2026-07-06 14:00:00+00:00,8483.0,8504.5,8471.0,8500.5,16856
2026-07-06 18:00:00+00:00,8502.0,8512.5,8502.0,8509.0,977
2026-07-07 06:00:00+00:00,8493.5,8553.0,8484.0,8514.0,11001
2026-07-07 10:00:00+00:00,8514.5,8527.0,8476.5,8481.5,7993
2026-07-07 14:00:00+00:00,8482.0,8483.0,8434.5,8454.5,10810
2026-07-07 18:00:00+00:00,8454.5,8458.0,8407.5,8422.5,2271
2026-07-08 06:00:00+00:00,8412.0,8414.0,8250.5,8254.5,21433
2026-07-08 10:00:00+00:00,8255.0,8317.0,8246.0,8296.5,15580
2026-07-08 14:00:00+00:00,8297.5,8306.0,8240.0,8293.5,16831
2026-07-08 18:00:00+00:00,8292.5,8313.5,8292.0,8313.5,1741
2026-07-09 06:00:00+00:00,8325.0,8336.0,8265.5,8277.5,12479
2026-07-09 10:00:00+00:00,8277.5,8318.5,8267.5,8310.5,8424
2026-07-09 14:00:00+00:00,8311.0,8346.0,8304.5,8344.5,9325
2026-07-09 18:00:00+00:00,8344.0,8345.5,8326.5,8333.5,1210
2026-07-10 06:00:00+00:00,8328.0,8356.5,8320.0,8335.0,9708
2026-07-10 10:00:00+00:00,8336.0,8357.5,8317.5,8323.0,7923
2026-07-10 14:00:00+00:00,8322.5,8358.5,8285.5,8352.0,11596
2026-07-10 18:00:00+00:00,8351.5,8356.5,8335.5,8343.0,1223
2026-07-13 06:00:00+00:00,8276.5,8357.0,8269.0,8352.0,9793
2026-07-13 10:00:00+00:00,8352.0,8379.5,8333.0,8376.0,6635
2026-07-13 14:00:00+00:00,8376.0,8377.5,8328.5,8329.5,11941
2026-07-13 18:00:00+00:00,8329.0,8334.0,8317.0,8331.0,1541
2026-07-14 06:00:00+00:00,8333.0,8342.5,8276.5,8309.0,13019
2026-07-14 10:00:00+00:00,8309.0,8374.5,8287.5,8371.0,10235
2026-07-14 14:00:00+00:00,8371.0,8385.0,8347.5,8349.5,8938
2026-07-14 18:00:00+00:00,8349.0,8353.0,8337.0,8340.0,1152
2026-07-15 06:00:00+00:00,8362.0,8378.0,8320.0,8351.0,11076
2026-07-15 10:00:00+00:00,8351.0,8396.5,8338.0,8389.0,6600
2026-07-15 14:00:00+00:00,8389.5,8398.5,8348.0,8382.5,12259
2026-07-15 18:00:00+00:00,8382.5,8393.0,8373.0,8385.5,1402
2026-07-16 06:00:00+00:00,8382.5,8411.0,8325.0,8330.5,6974
2026-07-16 10:00:00+00:00,8329.5,8331.5,8277.0,8328.5,6495
2026-07-16 14:00:00+00:00,8329.0,8377.0,8324.5,8345.0,3860
2026-07-16 18:00:00+00:00,8344.5,8357.5,8326.5,8343.0,313
2026-07-17 06:00:00+00:00,8334.5,8370.5,8301.5,8308.5,13927
2026-07-17 10:00:00+00:00,8309.0,8360.5,8304.5,8356.5,9574
2026-07-17 14:00:00+00:00,8357.0,8378.0,8333.5,8357.0,11166
2026-07-17 18:00:00+00:00,8358.0,8370.5,8335.5,8360.0,1119
2026-07-20 06:00:00+00:00,8343.0,8392.5,8323.0,8381.0,10430
2026-07-20 10:00:00+00:00,8382.0,8412.0,8335.5,8351.0,14807
2026-07-20 14:00:00+00:00,8351.0,8374.0,8328.0,8331.0,8788
2026-07-20 18:00:00+00:00,8332.5,8337.5,8299.5,8309.0,1639
2026-07-21 06:00:00+00:00,8347.0,8394.0,8346.5,8382.5,8966
2026-07-21 10:00:00+00:00,8382.5,8394.0,8316.0,8324.5,8835
2026-07-21 14:00:00+00:00,8325.0,8407.5,8323.0,8406.0,9389
2026-07-21 18:00:00+00:00,8405.5,8412.5,8404.5,8412.5,863
2026-07-22 06:00:00+00:00,8398.5,8476.0,8364.0,8440.0,14702
2026-07-22 10:00:00+00:00,8439.5,8488.5,8438.5,8476.5,11356
2026-07-22 14:00:00+00:00,8476.5,8484.0,8456.5,8470.0,10281
2026-07-22 18:00:00+00:00,8470.5,8471.0,8454.5,8459.0,1063
2026-07-23 06:00:00+00:00,8449.0,8449.5,8354.5,8362.5,15972
2026-07-23 10:00:00+00:00,8363.5,8377.0,8297.5,8313.5,14498
2026-07-23 14:00:00+00:00,8313.5,8343.5,8292.0,8314.5,12496
2026-07-23 18:00:00+00:00,8314.0,8323.5,8306.0,8320.0,1764
2026-07-24 06:00:00+00:00,8304.0,8353.5,8280.0,8349.5,9764
2026-07-24 10:00:00+00:00,8349.5,8362.0,8331.0,8347.0,6328
2026-07-24 14:00:00+00:00,8347.0,8400.0,8341.5,8387.5,10432
2026-07-24 18:00:00+00:00,8388.0,8389.5,8364.0,8372.0,1202
2026-07-27 06:00:00+00:00,8450.0,8483.0,8417.0,8447.0,13555
2026-07-27 10:00:00+00:00,8446.5,8475.0,8441.0,8452.0,8480
2026-07-27 14:00:00+00:00,8452.0,8463.5,8413.0,8429.5,15264
2026-07-27 18:00:00+00:00,8431.0,8448.0,8421.5,8440.5,1472
2026-07-28 06:00:00+00:00,8421.0,8488.0,8420.5,8473.5,13054
2026-07-28 10:00:00+00:00,8473.5,8475.0,8414.0,8453.0,8273
2026-07-28 14:00:00+00:00,8452.0,8512.5,8448.5,8490.0,12065
2026-07-28 18:00:00+00:00,8489.5,8504.0,8487.0,8498.5,883
2026-07-29 06:00:00+00:00,8486.0,8524.0,8403.5,8414.5,15028
2026-07-29 10:00:00+00:00,8414.5,8438.0,8395.0,8430.5,8325
2026-07-29 14:00:00+00:00,8431.0,8449.5,8396.0,8442.0,10867
2026-07-29 18:00:00+00:00,8445.0,8496.0,8410.5,8414.0,2870
2026-07-30 06:00:00+00:00,8451.0,8509.0,8419.5,8483.5,13835
2026-07-30 10:00:00+00:00,8483.5,8530.0,8471.0,8509.0,10527
2026-07-30 14:00:00+00:00,8508.5,8524.5,8482.5,8506.5,12204
2026-07-30 18:00:00+00:00,8506.5,8524.0,8503.5,8523.5,1360
2026-07-31 06:00:00+00:00,8527.0,8589.5,8492.0,8569.5,12071
2026-07-31 10:00:00+00:00,8569.0,8584.0,8520.5,8524.5,7303
2026-07-31 14:00:00+00:00,8525.5,8556.5,8506.0,8535.0,12940
2026-07-31 18:00:00+00:00,8535.5,8558.0,8532.5,8547.5,1373
2026-08-03 06:00:00+00:00,8589.0,8636.0,8559.5,8631.0,11227
2026-08-03 10:00:00+00:00,8630.5,8643.5,8607.0,8635.0,7602
2026-08-03 14:00:00+00:00,8635.5,8655.0,8618.0,8629.5,11469
2026-08-03 18:00:00+00:00,8630.0,8643.0,8630.0,8634.5,1048
2026-08-04 06:00:00+00:00,8654.0,8682.5,8616.5,8625.0,11695
2026-08-04 10:00:00+00:00,8624.5,8665.5,8613.0,8660.5,9566
2026-08-04 14:00:00+00:00,8660.0,8711.5,8646.0,8708.0,10171
2026-08-04 18:00:00+00:00,8706.5,8717.0,8704.0,8709.5,1789
2026-08-05 06:00:00+00:00,8717.0,8722.0,8673.0,8674.5,9992
2026-08-05 10:00:00+00:00,8674.0,8698.0,8668.5,8682.5,7008
2026-08-05 14:00:00+00:00,8682.5,8695.0,8675.0,8692.5,7733
2026-08-05 18:00:00+00:00,8691.5,8693.5,8683.5,8684.0,637
2026-08-06 06:00:00+00:00,8695.5,8754.0,8693.5,8736.5,11510
2026-08-06 10:00:00+00:00,8736.0,8751.0,8726.5,8748.0,7174
2026-08-06 14:00:00+00:00,8748.5,8754.5,8710.0,8718.0,9045
2026-08-06 18:00:00+00:00,8718.0,8724.0,8710.5,8718.0,755
2026-08-07 06:00:00+00:00,8725.0,8743.0,8707.0,8737.0,9982
2026-08-07 10:00:00+00:00,8738.0,8768.5,8733.0,8736.5,5999
2026-08-07 14:00:00+00:00,8736.5,8751.5,8718.5,8726.0,7094
2026-08-07 18:00:00+00:00,8726.0,8741.5,8718.0,8737.0,1034
2026-08-10 06:00:00+00:00,8723.0,8732.0,8700.5,8716.0,6162
2026-08-10 10:00:00+00:00,8715.5,8739.0,8707.5,8707.5,5266
2026-08-10 14:00:00+00:00,8708.5,8737.5,8707.5,8729.5,6588
2026-08-10 18:00:00+00:00,8730.0,8739.0,8728.5,8734.5,671
2026-08-11 06:00:00+00:00,8736.0,8741.0,8706.0,8713.5,5965
2026-08-11 10:00:00+00:00,8714.0,8758.0,8711.5,8752.5,6173
2026-08-11 14:00:00+00:00,8752.0,8757.5,8715.0,8717.5,6827
2026-08-11 18:00:00+00:00,8718.0,8721.5,8710.5,8716.5,1089
2026-08-12 06:00:00+00:00,8728.5,8729.0,8691.5,8709.0,8036
2026-08-12 10:00:00+00:00,8709.0,8726.5,8685.5,8689.5,6210
2026-08-12 14:00:00+00:00,8689.5,8696.0,8659.0,8694.0,8080
2026-08-12 18:00:00+00:00,8693.5,8698.5,8690.0,8698.5,801
2026-08-13 06:00:00+00:00,8702.5,8720.0,8681.5,8707.5,7019
2026-08-13 10:00:00+00:00,8707.5,8707.5,8662.5,8666.0,6091
2026-08-13 14:00:00+00:00,8665.5,8675.5,8648.5,8670.5,7261
2026-08-13 18:00:00+00:00,8671.0,8676.0,8665.0,8669.0,982
2026-08-14 06:00:00+00:00,8661.0,8671.5,8633.0,8658.5,7101
2026-08-14 10:00:00+00:00,8658.5,8666.5,8648.5,8656.0,5461
2026-08-14 14:00:00+00:00,8655.5,8658.5,8632.0,8640.5,5445
2026-08-14 18:00:00+00:00,8641.0,8648.5,8639.5,8646.0,1009
2026-08-17 06:00:00+00:00,8660.5,8663.0,8623.0,8627.0,7105
2026-08-17 10:00:00+00:00,8626.5,8643.5,8594.0,8605.0,6690
2026-08-17 14:00:00+00:00,8605.5,8605.5,8573.0,8574.5,7411
2026-08-17 18:00:00+00:00,8574.5,8586.0,8569.5,8585.0,2039
2026-08-18 06:00:00+00:00,8558.0,8585.5,8523.0,8546.0,12925
2026-08-18 10:00:00+00:00,8546.5,8555.0,8531.0,8537.5,7075
2026-08-18 14:00:00+00:00,8538.0,8542.5,8505.5,8524.0,10342
2026-08-18 18:00:00+00:00,8524.0,8531.0,8516.5,8517.5,1370
2026-08-19 06:00:00+00:00,8508.0,8545.0,8502.0,8543.5,8688
2026-08-19 10:00:00+00:00,8543.5,8563.5,8520.0,8523.5,7172
2026-08-19 14:00:00+00:00,8524.0,8528.0,8494.0,8496.0,6858
2026-08-19 18:00:00+00:00,8497.0,8506.0,8490.5,8504.0,1008
2026-08-20 06:00:00+00:00,8498.0,8515.5,8480.5,8481.5,4162
2026-08-20 10:00:00+00:00,8481.0,8485.0,8451.0,8458.5,4179
2026-08-20 14:00:00+00:00,8457.5,8480.5,8446.0,8457.0,3599
2026-08-20 18:00:00+00:00,8456.0,8472.5,8445.5,8459.0,531
2026-08-21 06:00:00+00:00,8487.5,8493.0,8460.0,8470.5,11493
2026-08-21 10:00:00+00:00,8470.5,8511.5,8470.0,8508.0,7594
2026-08-21 14:00:00+00:00,8507.5,8512.5,8491.0,8494.5,8761
2026-08-21 18:00:00+00:00,8494.0,8503.0,8488.0,8493.0,925
2026-08-24 06:00:00+00:00,8490.5,8507.5,8474.0,8500.5,10008
2026-08-24 10:00:00+00:00,8500.5,8509.0,8461.0,8473.0,7944
2026-08-24 14:00:00+00:00,8473.5,8492.5,8463.5,8483.0,9925
2026-08-24 18:00:00+00:00,8483.0,8497.0,8482.5,8490.5,1110
2026-08-25 06:00:00+00:00,8502.0,8521.5,8477.5,8505.0,8858
2026-08-25 10:00:00+00:00,8504.5,8513.5,8468.0,8470.0,6502
2026-08-25 14:00:00+00:00,8470.5,8481.0,8453.0,8460.0,10456
2026-08-25 18:00:00+00:00,8459.5,8473.0,8458.5,8471.5,877
2026-08-26 06:00:00+00:00,8470.5,8504.0,8469.5,8492.0,10791
2026-08-26 10:00:00+00:00,8492.0,8521.0,8484.5,8510.0,9144
2026-08-26 14:00:00+00:00,8510.0,8515.0,8470.5,8475.5,7545
2026-08-26 18:00:00+00:00,8476.0,8477.5,8467.0,8472.0,1104
2026-08-27 06:00:00+00:00,8494.0,8495.0,8389.0,8394.5,12401
2026-08-27 10:00:00+00:00,8394.0,8402.0,8337.0,8339.5,11789
2026-08-27 14:00:00+00:00,8339.5,8343.5,8320.0,8338.5,13352
2026-08-27 18:00:00+00:00,8338.5,8352.0,8336.5,8351.0,1521
2026-08-28 06:00:00+00:00,8352.0,8430.5,8348.5,8419.0,16450
2026-08-28 10:00:00+00:00,8419.5,8429.5,8404.0,8410.0,9364
2026-08-28 14:00:00+00:00,8411.5,8437.0,8406.0,8417.0,13690
2026-08-28 18:00:00+00:00,8416.5,8420.0,8411.0,8414.5,997
2026-08-31 06:00:00+00:00,8422.0,8441.0,8402.0,8413.0,10339
2026-08-31 10:00:00+00:00,8413.0,8435.0,8390.5,8406.0,7903
2026-08-31 14:00:00+00:00,8406.5,8410.0,8319.5,8330.5,15286
2026-08-31 18:00:00+00:00,8331.0,8347.0,8321.5,8344.0,1794
2026-09-01 06:00:00+00:00,8361.0,8387.0,8302.0,8308.0,18247
2026-09-01 10:00:00+00:00,8309.0,8341.5,8307.0,8323.5,10608
2026-09-01 14:00:00+00:00,8321.0,8325.5,8290.5,8301.5,16953
2026-09-01 18:00:00+00:00,8301.0,8302.5,8279.0,8292.5,1348
2026-09-02 06:00:00+00:00,8292.0,8319.0,8258.5,8265.5,12736
2026-09-02 10:00:00+00:00,8265.5,8318.0,8250.0,8308.0,12057
2026-09-02 14:00:00+00:00,8307.5,8320.0,8282.5,8303.5,9928
2026-09-02 18:00:00+00:00,8303.5,8307.5,8286.5,8296.5,1579
2026-09-03 06:00:00+00:00,8307.0,8307.0,8258.0,8258.5,12071
2026-09-03 10:00:00+00:00,8259.0,8296.0,8249.5,8291.0,14872
2026-09-03 14:00:00+00:00,8291.0,8298.5,8260.0,8297.5,9209
2026-09-03 18:00:00+00:00,8297.0,8300.0,8291.5,8293.5,783
2026-09-04 06:00:00+00:00,8305.5,8306.5,8266.0,8286.5,10285
2026-09-04 10:00:00+00:00,8287.0,8302.5,8256.5,8292.0,8816
2026-09-04 14:00:00+00:00,8291.5,8304.5,8278.5,8283.0,7964
2026-09-04 18:00:00+00:00,8283.0,8294.0,8279.5,8294.0,787
2026-09-07 06:00:00+00:00,8281.0,8299.5,8263.0,8298.5,7322
2026-09-07 10:00:00+00:00,8298.5,8325.0,8278.5,8324.5,5166
2026-09-07 14:00:00+00:00,8324.0,8327.0,8299.0,8301.5,4900
2026-09-07 18:00:00+00:00,8301.5,8307.0,8300.0,8305.0,195
2026-09-08 06:00:00+00:00,8299.0,8302.0,8263.5,8299.0,13296
2026-09-08 10:00:00+00:00,8298.5,8321.5,8293.0,8312.5,9604
2026-09-08 14:00:00+00:00,8312.5,8330.0,8291.0,8305.0,9005
2026-09-08 18:00:00+00:00,8304.5,8309.5,8269.5,8273.5,1407
2026-09-09 06:00:00+00:00,8285.0,8289.0,8205.0,8207.5,14424
2026-09-09 10:00:00+00:00,8207.5,8210.0,8147.0,8194.5,14951
2026-09-09 14:00:00+00:00,8195.0,8198.0,8132.0,8157.0,18248
2026-09-09 18:00:00+00:00,8155.5,8162.5,8151.0,8158.0,1370
2026-09-10 06:00:00+00:00,8171.5,8196.5,8162.0,8175.0,13431
2026-09-10 10:00:00+00:00,8175.0,8190.0,8119.5,8121.0,16186
2026-09-10 14:00:00+00:00,8121.5,8154.5,8112.5,8117.0,13369
2026-09-10 18:00:00+00:00,8117.5,8120.0,8108.0,8119.0,1763
2026-09-11 06:00:00+00:00,8141.0,8173.5,8129.0,8165.0,16801
2026-09-11 10:00:00+00:00,8165.5,8213.0,8155.5,8206.5,13003
2026-09-11 14:00:00+00:00,8207.0,8207.0,8167.0,8186.5,13261
2026-09-11 18:00:00+00:00,8185.0,8187.5,8174.5,8177.0,1129
2026-09-14 06:00:00+00:00,8164.0,8173.0,8106.5,8126.0,16904
2026-09-14 10:00:00+00:00,8126.5,8135.5,8099.5,8118.0,10655
2026-09-14 14:00:00+00:00,8117.5,8168.0,8090.5,8158.0,16008
2026-09-14 18:00:00+00:00,8157.5,8164.5,8137.0,8137.0,1582
2026-09-15 06:00:00+00:00,8118.0,8125.5,8035.0,8089.5,15778
2026-09-15 10:00:00+00:00,8089.0,8115.5,8083.0,8102.0,8311
2026-09-15 14:00:00+00:00,8101.5,8112.5,8076.0,8111.0,9638
2026-09-15 18:00:00+00:00,8110.5,8115.0,8101.5,8107.0,1307
2026-09-16 06:00:00+00:00,8116.5,8125.5,8089.5,8117.5,8156
2026-09-16 10:00:00+00:00,8118.5,8146.0,8110.0,8133.0,6757
2026-09-16 14:00:00+00:00,8132.5,8169.0,8129.0,8151.0,10178
2026-09-16 18:00:00+00:00,8149.0,8166.5,8089.0,8134.0,3135
2026-09-17 06:00:00+00:00,8156.0,8191.5,8141.5,8158.5,6698
2026-09-17 10:00:00+00:00,8159.0,8212.0,8151.0,8200.5,5845
2026-09-17 14:00:00+00:00,8201.0,8201.5,8162.0,8164.5,4195
2026-09-17 18:00:00+00:00,8163.0,8170.5,8150.5,8158.0,304
2026-09-18 06:00:00+00:00,8164.0,8167.5,8116.0,8119.0,16769
2026-09-18 10:00:00+00:00,8119.0,8125.0,8038.5,8040.0,16892
2026-09-18 14:00:00+00:00,8040.0,8064.5,8036.5,8048.5,17424
2026-09-18 18:00:00+00:00,8048.5,8054.5,8040.0,8046.0,2773
2026-09-21 06:00:00+00:00,8075.5,8137.5,8075.5,8137.0,10748
2026-09-21 10:00:00+00:00,8136.5,8143.0,8110.0,8114.0,8229
2026-09-21 14:00:00+00:00,8114.0,8146.5,8107.0,8139.5,10854
2026-09-21 18:00:00+00:00,8140.0,8154.5,8139.5,8140.5,1385
2026-09-22 06:00:00+00:00,8137.5,8177.5,8107.0,8175.0,15614
2026-09-22 10:00:00+00:00,8174.5,8189.0,8156.5,8168.5,9391
2026-09-22 14:00:00+00:00,8169.0,8173.0,8138.5,8168.0,10833
2026-09-22 18:00:00+00:00,8169.0,8182.0,8163.0,8171.5,1532
2026-09-23 06:00:00+00:00,8173.5,8190.5,8132.5,8140.0,10022
2026-09-23 10:00:00+00:00,8139.5,8143.0,8101.0,8112.0,8636
2026-09-23 14:00:00+00:00,8113.5,8140.0,8066.5,8102.5,12527
2026-09-23 18:00:00+00:00,8102.0,8106.0,8094.5,8100.5,1218
2026-09-24 06:00:00+00:00,8073.5,8118.0,8049.5,8089.0,13973
2026-09-24 10:00:00+00:00,8086.5,8125.0,8080.0,8122.0,9694
2026-09-24 14:00:00+00:00,8122.5,8123.5,8075.5,8095.5,9134
