,Open,High,Low,Close,Volume
2026-09-16 09:21:00+00:00,8100.0,8100.5,8099.5,8100.5,22
2026-09-16 09:22:00+00:00,8100.5,8101.5,8099.5,8099.5,10
2026-09-16 09:23:00+00:00,8099.0,8101.5,8099.0,8100.0,18
2026-09-16 09:24:00+00:00,8100.5,8100.5,8097.5,8098.0,8
2026-09-16 09:25:00+00:00,8098.5,8105.0,8098.5,8103.5,127
2026-09-16 09:26:00+00:00,8103.0,8105.5,8103.0,8104.0,27
2026-09-16 09:27:00+00:00,8103.5,8106.0,8103.0,8104.5,21
2026-09-16 09:28:00+00:00,8104.0,8104.0,8101.5,8102.0,17
2026-09-16 09:29:00+00:00,8102.0,8102.5,8101.0,8102.0,21
2026-09-16 09:30:00+00:00,8102.0,8102.5,8100.5,8100.5,30
2026-09-16 09:31:00+00:00,8101.5,8101.5,8100.0,8100.0,22
2026-09-16 09:32:00+00:00,8100.5,8105.5,8100.5,8105.5,21
2026-09-16 09:33:00+00:00,8105.5,8108.0,8104.5,8108.0,23
2026-09-16 09:34:00+00:00,8107.0,8108.5,8106.5,8108.5,18
2026-09-16 09:35:00+00:00,8107.0,8108.0,8107.0,8108.0,10
2026-09-16 09:36:00+00:00,8108.0,8110.5,8108.0,8110.5,41
2026-09-16 09:37:00+00:00,8110.5,8113.0,8110.5,8112.0,44
2026-09-16 09:38:00+00:00,8111.5,8113.0,8111.5,8112.5,16
2026-09-16 09:39:00+00:00,8112.5,8114.0,8112.0,8112.5,31
2026-09-16 09:40:00+00:00,8112.5,8114.0,8112.5,8114.0,8
2026-09-16 09:41:00+00:00,8113.0,8113.5,8111.5,8111.5,21
2026-09-16 09:42:00+00:00,8111.0,8111.5,8109.5,8110.5,17
2026-09-16 09:43:00+00:00,8110.0,8111.5,8110.0,8111.5,8
2026-09-16 09:44:00+00:00,8112.0,8113.5,8112.0,8112.0,22
2026-09-16 09:45:00+00:00,8112.0,8112.0,8109.5,8110.0,17
2026-09-16 09:46:00+00:00,8109.5,8109.5,8108.0,8109.5,22
2026-09-16 09:47:00+00:00,8109.0,8110.5,8109.0,8109.5,43
2026-09-16 09:48:00+00:00,8109.5,8111.5,8109.5,8111.5,14
2026-09-16 09:49:00+00:00,8111.5,8112.0,8111.0,8111.5,15
2026-09-16 09:50:00+00:00,8110.5,8112.0,8110.0,8111.5,8
2026-09-16 09:51:00+00:00,8111.5,8114.0,8111.5,8113.5,24
2026-09-16 09:52:00+00:00,8113.0,8115.5,8112.5,8114.5,44
2026-09-16 09:53:00+00:00,8114.5,8116.5,8114.5,8115.0,22
2026-09-16 09:54:00+00:00,8115.5,8115.5,8115.5,8115.5,9
2026-09-16 09:55:00+00:00,8115.5,8117.5,8115.5,8116.5,22
2026-09-16 09:56:00+00:00,8116.0,8118.5,8116.0,8117.5,45
2026-09-16 09:57:00+00:00,8117.0,8119.5,8117.0,8119.5,15
2026-09-16 09:58:00+00:00,8119.0,8121.0,8119.0,8120.5,24
2026-09-16 09:59:00+00:00,8120.5,8120.5,8117.5,8117.5,27
2026-09-16 10:00:00+00:00,8118.5,8118.5,8116.0,8117.5,38
2026-09-16 10:01:00+00:00,8116.5,8116.5,8113.5,8115.0,25
2026-09-16 10:02:00+00:00,8115.0,8115.0,8113.5,8114.0,16
2026-09-16 10:03:00+00:00,8115.0,8115.0,8114.0,8114.5,9
2026-09-16 10:04:00+00:00,8114.0,8116.0,8113.0,8113.0,25
2026-09-16 10:05:00+00:00,8113.0,8113.0,8110.5,8110.5,20
2026-09-16 10:06:00+00:00,8110.0,8114.0,8110.0,8114.0,33
2026-09-16 10:07:00+00:00,8114.5,8117.5,8114.5,8116.5,55
2026-09-16 10:08:00+00:00,8116.5,8119.0,8116.5,8119.0,21
2026-09-16 10:09:00+00:00,8118.5,8120.0,8118.5,8120.0,15
2026-09-16 10:10:00+00:00,8119.5,8120.0,8119.0,8119.0,10
2026-09-16 10:11:00+00:00,8119.0,8121.0,8118.5,8121.0,33
2026-09-16 10:12:00+00:00,8120.5,8122.5,8120.5,8121.5,11
2026-09-16 10:13:00+00:00,8120.0,8121.0,8118.5,8121.0,24
2026-09-16 10:14:00+00:00,8120.5,8123.5,8120.5,8123.5,21
2026-09-16 10:15:00+00:00,8123.0,8125.5,8123.0,8123.0,34
2026-09-16 10:16:00+00:00,8123.0,8123.0,8120.5,8121.5,20
2026-09-16 10:17:00+00:00,8121.0,8121.5,8120.5,8120.5,23
2026-09-16 10:18:00+00:00,8120.5,8121.5,8120.5,8121.5,3
2026-09-16 10:19:00+00:00,8121.5,8123.0,8121.5,8123.0,13
2026-09-16 10:20:00+00:00,8123.0,8125.0,8122.5,8124.5,27
2026-09-16 10:21:00+00:00,8124.5,8125.5,8124.0,8124.0,19
2026-09-16 10:22:00+00:00,8124.5,8124.5,8123.0,8123.0,10
2026-09-16 10:23:00+00:00,8122.5,8123.5,8122.5,8123.5,11
2026-09-16 10:24:00+00:00,8123.0,8124.5,8123.0,8123.5,5
2026-09-16 10:25:00+00:00,8124.0,8124.5,8124.0,8124.5,6
2026-09-16 10:26:00+00:00,8125.0,8126.5,8125.0,8125.5,17
2026-09-16 10:27:00+00:00,8126.0,8127.0,8125.0,8125.0,20
2026-09-16 10:28:00+00:00,8125.0,8126.0,8125.0,8126.0,10
2026-09-16 10:29:00+00:00,8125.5,8125.5,8125.0,8125.5,6
2026-09-16 10:30:00+00:00,8126.0,8126.5,8126.0,8126.0,20
2026-09-16 10:31:00+00:00,8126.5,8127.0,8126.0,8127.0,39
2026-09-16 10:32:00+00:00,8127.5,8127.5,8125.0,8126.5,20
2026-09-16 10:33:00+00:00,8126.0,8126.5,8126.0,8126.5,7
2026-09-16 10:34:00+00:00,8127.0,8128.0,8127.0,8128.0,15
2026-09-16 10:35:00+00:00,8127.5,8128.5,8127.5,8127.5,15
2026-09-16 10:36:00+00:00,8127.5,8127.5,8126.5,8127.5,25
2026-09-16 10:37:00+00:00,8127.0,8128.0,8127.0,8128.0,11
2026-09-16 10:38:00+00:00,8128.5,8128.5,8127.0,8127.5,17
2026-09-16 10:39:00+00:00,8127.5,8127.5,8127.5,8127.5,5
2026-09-16 10:40:00+00:00,8127.5,8127.5,8126.5,8127.5,17
2026-09-16 10:41:00+00:00,8128.0,8128.0,8126.0,8126.5,23
2026-09-16 10:42:00+00:00,8126.5,8128.5,8126.5,8128.5,13
2026-09-16 10:43:00+00:00,8128.0,8131.0,8128.0,8131.0,20
2026-09-16 10:44:00+00:00,8131.0,8131.0,8130.5,8131.0,6
2026-09-16 10:45:00+00:00,8131.5,8133.5,8131.5,8132.5,24
2026-09-16 10:46:00+00:00,8132.0,8133.5,8131.0,8131.5,49
2026-09-16 10:47:00+00:00,8131.5,8133.0,8131.5,8133.0,14
2026-09-16 10:48:00+00:00,8133.0,8133.0,8132.0,8132.5,25
2026-09-16 10:49:00+00:00,8132.5,8133.5,8132.5,8132.5,21
2026-09-16 10:50:00+00:00,8132.5,8132.5,8129.5,8130.0,17
2026-09-16 10:51:00+00:00,8130.0,8131.5,8129.5,8131.0,26
2026-09-16 10:52:00+00:00,8130.5,8130.5,8129.0,8129.0,5
2026-09-16 10:53:00+00:00,8128.5,8129.0,8128.5,8128.5,9
2026-09-16 10:54:00+00:00,8128.5,8130.5,8128.5,8130.5,21
2026-09-16 10:55:00+00:00,8129.5,8131.0,8129.5,8130.0,20
2026-09-16 10:56:00+00:00,8130.5,8131.0,8129.5,8131.0,27
2026-09-16 10:57:00+00:00,8130.5,8131.5,8130.5,8131.0,10
2026-09-16 10:58:00+00:00,8131.5,8132.5,8131.5,8132.0,11
2026-09-16 10:59:00+00:00,8131.5,8140.0,8131.5,8140.0,128
2026-09-16 11:00:00+00:00,8140.0,8143.5,8135.5,8141.5,522
2026-09-16 11:01:00+00:00,8141.5,8141.5,8136.0,8137.0,59
2026-09-16 11:02:00+00:00,8136.0,8138.0,8136.0,8136.0,61
2026-09-16 11:03:00+00:00,8135.5,8137.5,8135.5,8137.5,14
2026-09-16 11:04:00+00:00,8136.0,8137.5,8136.0,8137.5,12
2026-09-16 11:05:00+00:00,8137.5,8139.0,8137.5,8138.0,13
2026-09-16 11:06:00+00:00,8138.0,8138.0,8137.5,8137.5,15
2026-09-16 11:07:00+00:00,8137.5,8137.5,8136.0,8137.5,25
2026-09-16 11:08:00+00:00,8137.5,8138.0,8134.0,8138.0,197
2026-09-16 11:09:00+00:00,8137.5,8141.5,8137.0,8141.0,35
2026-09-16 11:10:00+00:00,8141.5,8141.5,8140.0,8140.0,7
2026-09-16 11:11:00+00:00,8139.5,8139.5,8137.0,8138.0,29
2026-09-16 11:12:00+00:00,8138.0,8141.0,8138.0,8141.0,51
2026-09-16 11:13:00+00:00,8140.5,8140.5,8137.0,8137.5,13
2026-09-16 11:14:00+00:00,8136.5,8136.5,8135.0,8135.0,12
2026-09-16 11:15:00+00:00,8135.0,8135.5,8131.5,8132.0,85
2026-09-16 11:16:00+00:00,8131.5,8132.5,8131.5,8132.5,15
2026-09-16 11:17:00+00:00,8132.0,8133.5,8132.0,8133.0,11
2026-09-16 11:18:00+00:00,8133.5,8133.5,8132.0,8132.5,11
2026-09-16 11:19:00+00:00,8132.0,8137.0,8132.0,8137.0,20
2026-09-16 11:20:00+00:00,8137.0,8137.5,8136.0,8136.0,10
2026-09-16 11:21:00+00:00,8136.0,8136.5,8135.0,8135.5,22
2026-09-16 11:22:00+00:00,8135.0,8136.0,8134.0,8136.0,11
2026-09-16 11:23:00+00:00,8136.5,8137.0,8136.0,8136.5,15
2026-09-16 11:24:00+00:00,8136.5,8137.5,8136.5,8137.5,6
2026-09-16 11:25:00+00:00,8137.0,8137.5,8136.5,8137.0,22
2026-09-16 11:26:00+00:00,8137.0,8137.5,8135.5,8136.5,15
2026-09-16 11:27:00+00:00,8136.0,8137.0,8135.5,8136.5,27
2026-09-16 11:28:00+00:00,8136.0,8136.0,8134.5,8136.0,10
2026-09-16 11:29:00+00:00,8136.0,8136.5,8135.5,8135.5,11
2026-09-16 11:30:00+00:00,8135.5,8136.5,8134.5,8135.0,16
2026-09-16 11:31:00+00:00,8134.5,8136.0,8134.5,8136.0,19
2026-09-16 11:32:00+00:00,8135.5,8136.0,8135.0,8135.0,6
2026-09-16 11:33:00+00:00,8136.0,8137.5,8136.0,8137.5,7
2026-09-16 11:34:00+00:00,8137.0,8138.5,8137.0,8138.5,7
2026-09-16 11:35:00+00:00,8137.5,8137.5,8135.5,8137.0,8
2026-09-16 11:36:00+00:00,8136.5,8136.5,8135.0,8136.5,15
2026-09-16 11:37:00+00:00,8136.0,8139.5,8136.0,8137.5,17
2026-09-16 11:38:00+00:00,8138.5,8138.5,8137.0,8138.0,5
2026-09-16 11:39:00+00:00,8138.0,8138.5,8138.0,8138.0,15
2026-09-16 11:40:00+00:00,8138.0,8138.0,8133.5,8137.0,111
2026-09-16 11:41:00+00:00,8138.0,8139.5,8137.5,8137.5,64
2026-09-16 11:42:00+00:00,8137.0,8137.5,8135.5,8137.5,13
2026-09-16 11:43:00+00:00,8137.0,8139.5,8137.0,8139.5,7
2026-09-16 11:44:00+00:00,8139.0,8141.0,8138.0,8139.5,202
2026-09-16 11:45:00+00:00,8140.0,8141.0,8138.5,8140.0,22
2026-09-16 11:46:00+00:00,8140.0,8141.0,8138.5,8139.0,17
2026-09-16 11:47:00+00:00,8139.5,8140.5,8139.5,8140.5,4
2026-09-16 11:48:00+00:00,8140.0,8141.0,8139.5,8139.5,7
2026-09-16 11:49:00+00:00,8139.5,8141.5,8139.5,8141.5,13
2026-09-16 11:50:00+00:00,8141.5,8141.5,8141.0,8141.0,10
2026-09-16 11:51:00+00:00,8140.5,8142.5,8140.5,8142.0,40
2026-09-16 11:52:00+00:00,8142.0,8143.5,8141.5,8143.5,19
2026-09-16 11:53:00+00:00,8142.5,8143.0,8142.0,8142.5,12
2026-09-16 11:54:00+00:00,8142.5,8143.5,8141.5,8142.5,33
2026-09-16 11:55:00+00:00,8143.0,8143.5,8142.5,8142.5,12
2026-09-16 11:56:00+00:00,8142.0,8143.5,8142.0,8143.5,23
2026-09-16 11:57:00+00:00,8144.0,8144.0,8142.0,8142.5,14
2026-09-16 11:58:00+00:00,8142.0,8146.0,8141.5,8144.5,137
2026-09-16 11:59:00+00:00,8144.0,8145.5,8143.0,8143.0,31
2026-09-16 12:00:00+00:00,8143.5,8145.0,8143.5,8144.0,19
2026-09-16 12:01:00+00:00,8144.5,8145.5,8144.0,8144.5,51
2026-09-16 12:02:00+00:00,8144.0,8144.5,8142.5,8143.5,61
2026-09-16 12:03:00+00:00,8144.5,8144.5,8144.0,8144.0,6
2026-09-16 12:04:00+00:00,8144.0,8145.0,8144.0,8144.0,24
2026-09-16 12:05:00+00:00,8143.5,8144.5,8141.5,8141.5,18
2026-09-16 12:06:00+00:00,8141.5,8143.5,8141.5,8143.5,43
2026-09-16 12:07:00+00:00,8144.0,8144.0,8142.0,8142.5,15
2026-09-16 12:08:00+00:00,8142.0,8142.0,8140.5,8140.5,16
2026-09-16 12:09:00+00:00,8140.5,8141.0,8140.5,8141.0,10
2026-09-16 12:10:00+00:00,8140.5,8140.5,8140.5,8140.5,3
2026-09-16 12:11:00+00:00,8139.5,8140.0,8138.5,8140.0,72
2026-09-16 12:12:00+00:00,8139.5,8140.0,8138.5,8139.0,32
2026-09-16 12:13:00+00:00,8138.5,8138.5,8137.5,8138.5,31
2026-09-16 12:14:00+00:00,8138.0,8138.0,8137.0,8138.0,29
2026-09-16 12:15:00+00:00,8137.5,8138.5,8136.5,8138.5,15
2026-09-16 12:16:00+00:00,8139.0,8140.5,8138.0,8138.0,21
2026-09-16 12:17:00+00:00,8138.0,8138.0,8137.0,8138.0,24
2026-09-16 12:18:00+00:00,8137.0,8140.5,8137.0,8139.0,54
2026-09-16 12:19:00+00:00,8139.0,8139.5,8139.0,8139.5,5
2026-09-16 12:20:00+00:00,8139.5,8140.0,8137.5,8138.0,9
2026-09-16 12:21:00+00:00,8139.0,8139.0,8137.5,8137.5,7
2026-09-16 12:22:00+00:00,8137.5,8139.0,8137.0,8139.0,10
2026-09-16 12:23:00+00:00,8138.5,8139.5,8138.5,8138.5,8
2026-09-16 12:24:00+00:00,8138.5,8138.5,8138.0,8138.0,2
2026-09-16 12:25:00+00:00,8138.5,8139.0,8136.5,8136.5,20
2026-09-16 12:26:00+00:00,8136.5,8137.0,8136.0,8137.0,14
2026-09-16 12:27:00+00:00,8137.5,8138.0,8137.5,8138.0,10
2026-09-16 12:28:00+00:00,8138.0,8138.0,8138.0,8138.0,1
2026-09-16 12:29:00+00:00,8138.0,8139.5,8137.5,8139.0,26
2026-09-16 12:30:00+00:00,8139.5,8140.0,8138.0,8139.0,43
2026-09-16 12:31:00+00:00,8138.5,8139.5,8137.5,8139.5,12
2026-09-16 12:32:00+00:00,8138.0,8138.0,8137.5,8137.5,4
2026-09-16 12:33:00+00:00,8136.5,8137.0,8135.5,8135.5,30
2026-09-16 12:34:00+00:00,8136.0,8136.0,8132.0,8132.0,30
2026-09-16 12:35:00+00:00,8132.5,8133.0,8132.0,8133.0,25
2026-09-16 12:36:00+00:00,8133.5,8133.5,8132.0,8132.0,26
2026-09-16 12:37:00+00:00,8132.5,8132.5,8132.0,8132.5,30
2026-09-16 12:38:00+00:00,8132.5,8132.5,8130.0,8130.5,15
2026-09-16 12:39:00+00:00,8131.0,8131.0,8129.5,8129.5,12
2026-09-16 12:40:00+00:00,8130.0,8130.0,8128.0,8129.5,32
2026-09-16 12:41:00+00:00,8130.0,8130.5,8129.5,8130.0,16
2026-09-16 12:42:00+00:00,8131.0,8132.0,8131.0,8131.5,15
2026-09-16 12:43:00+00:00,8131.0,8131.0,8130.0,8130.0,5
2026-09-16 12:44:00+00:00,8131.0,8132.0,8130.5,8132.0,7
2026-09-16 12:45:00+00:00,8132.5,8132.5,8131.5,8131.5,13
2026-09-16 12:46:00+00:00,8132.5,8133.5,8132.5,8133.5,10
2026-09-16 12:47:00+00:00,8133.5,8135.5,8133.5,8135.5,28
2026-09-16 12:48:00+00:00,8136.0,8136.5,8135.5,8135.5,13
2026-09-16 12:49:00+00:00,8135.5,8135.5,8134.0,8135.5,8
2026-09-16 12:50:00+00:00,8136.0,8139.5,8136.0,8139.5,72
2026-09-16 12:51:00+00:00,8140.0,8140.0,8139.0,8139.0,7
2026-09-16 12:52:00+00:00,8139.0,8139.0,8137.5,8139.0,18
2026-09-16 12:53:00+00:00,8139.0,8139.5,8136.5,8137.5,34
2026-09-16 12:54:00+00:00,8138.0,8138.5,8137.5,8138.0,11
2026-09-16 12:55:00+00:00,8137.5,8139.5,8137.0,8139.5,31
2026-09-16 12:56:00+00:00,8139.0,8140.5,8138.5,8140.0,21
2026-09-16 12:57:00+00:00,8140.0,8141.0,8140.0,8140.5,13
2026-09-16 12:58:00+00:00,8140.5,8141.0,8139.5,8140.5,17
2026-09-16 12:59:00+00:00,8141.0,8142.5,8140.5,8142.5,23
2026-09-16 13:00:00+00:00,8142.5,8143.0,8139.0,8139.0,24
2026-09-16 13:01:00+00:00,8139.0,8139.0,8135.5,8136.0,40
2026-09-16 13:02:00+00:00,8136.5,8137.5,8136.5,8137.5,9
2026-09-16 13:03:00+00:00,8137.5,8138.0,8135.5,8135.5,12
2026-09-16 13:04:00+00:00,8135.0,8135.0,8131.5,8132.0,37
2026-09-16 13:05:00+00:00,8131.5,8133.5,8131.5,8133.0,10
2026-09-16 13:06:00+00:00,8132.5,8132.5,8132.0,8132.0,17
2026-09-16 13:07:00+00:00,8132.5,8133.5,8132.5,8133.5,27
2026-09-16 13:08:00+00:00,8133.5,8135.0,8133.5,8134.5,17
2026-09-16 13:09:00+00:00,8135.0,8136.0,8135.0,8136.0,14
2026-09-16 13:10:00+00:00,8137.0,8138.0,8136.5,8138.0,29
2026-09-16 13:11:00+00:00,8138.0,8138.5,8136.5,8137.0,23
2026-09-16 13:12:00+00:00,8137.0,8137.5,8136.5,8137.0,36
2026-09-16 13:13:00+00:00,8136.5,8139.0,8136.5,8139.0,12
2026-09-16 13:14:00+00:00,8139.0,8140.0,8139.0,8140.0,19
2026-09-16 13:15:00+00:00,8139.0,8139.0,8138.5,8138.5,42
2026-09-16 13:16:00+00:00,8138.5,8138.5,8137.0,8137.5,24
2026-09-16 13:17:00+00:00,8137.5,8138.0,8137.0,8138.0,45
2026-09-16 13:18:00+00:00,8137.5,8137.5,8135.0,8136.0,29
2026-09-16 13:19:00+00:00,8135.0,8135.5,8134.0,8135.0,22
2026-09-16 13:20:00+00:00,8134.5,8135.0,8134.0,8134.5,17
2026-09-16 13:21:00+00:00,8134.5,8135.5,8134.0,8135.5,37
2026-09-16 13:22:00+00:00,8135.5,8138.0,8135.0,8135.0,19
2026-09-16 13:23:00+00:00,8134.5,8135.5,8134.5,8135.5,19
2026-09-16 13:24:00+00:00,8136.0,8137.5,8136.0,8137.5,21
2026-09-16 13:25:00+00:00,8138.0,8138.0,8137.0,8137.0,19
2026-09-16 13:26:00+00:00,8138.0,8138.0,8137.5,8138.0,21
2026-09-16 13:27:00+00:00,8138.0,8138.5,8137.5,8138.0,10
2026-09-16 13:28:00+00:00,8138.5,8141.0,8138.5,8141.0,33
2026-09-16 13:29:00+00:00,8140.5,8141.5,8140.5,8140.5,43
2026-09-16 13:30:00+00:00,8140.0,8143.0,8139.5,8142.5,129
2026-09-16 13:31:00+00:00,8142.0,8145.5,8142.0,8144.5,52
2026-09-16 13:32:00+00:00,8143.0,8144.0,8141.5,8141.5,32
2026-09-16 13:33:00+00:00,8140.5,8140.5,8138.0,8138.0,64
2026-09-16 13:34:00+00:00,8138.5,8138.5,8135.0,8135.0,10
2026-09-16 13:35:00+00:00,8135.0,8135.0,8132.0,8134.0,55
2026-09-16 13:36:00+00:00,8134.0,8134.0,8131.0,8131.5,16
2026-09-16 13:37:00+00:00,8131.5,8131.5,8129.0,8130.0,20
2026-09-16 13:38:00+00:00,8130.0,8131.0,8129.0,8129.5,69
2026-09-16 13:39:00+00:00,8129.0,8130.5,8128.5,8130.0,55
2026-09-16 13:40:00+00:00,8130.0,8130.0,8125.0,8126.5,73
2026-09-16 13:41:00+00:00,8126.0,8126.0,8123.5,8124.5,53
2026-09-16 13:42:00+00:00,8125.0,8127.5,8125.0,8127.5,23
2026-09-16 13:43:00+00:00,8128.0,8129.5,8127.5,8129.5,31
2026-09-16 13:44:00+00:00,8130.0,8132.0,8130.0,8132.0,23
2026-09-16 13:45:00+00:00,8132.0,8135.0,8130.5,8133.0,134
2026-09-16 13:46:00+00:00,8132.5,8133.5,8132.5,8133.5,25
2026-09-16 13:47:00+00:00,8133.0,8134.5,8132.0,8134.5,16
2026-09-16 13:48:00+00:00,8134.0,8134.0,8131.5,8132.0,33
2026-09-16 13:49:00+00:00,8132.5,8135.0,8132.0,8135.0,25
2026-09-16 13:50:00+00:00,8134.5,8138.5,8134.5,8137.0,104
2026-09-16 13:51:00+00:00,8137.5,8139.0,8137.0,8138.0,32
2026-09-16 13:52:00+00:00,8138.0,8138.0,8133.0,8133.0,26
2026-09-16 13:53:00+00:00,8133.0,8134.0,8132.0,8134.0,35
2026-09-16 13:54:00+00:00,8133.5,8134.0,8131.5,8132.5,43
2026-09-16 13:55:00+00:00,8133.0,8134.0,8133.0,8133.5,12
2026-09-16 13:56:00+00:00,8133.0,8136.0,8133.0,8135.5,26
2026-09-16 13:57:00+00:00,8135.5,8135.5,8133.0,8133.0,19
2026-09-16 13:58:00+00:00,8133.0,8134.0,8133.0,8134.0,7
2026-09-16 13:59:00+00:00,8134.0,8134.0,8133.0,8133.0,9
2026-09-16 14:00:00+00:00,8132.5,8133.5,8131.0,8132.5,68
2026-09-16 14:01:00+00:00,8132.0,8136.5,8132.0,8136.5,49
2026-09-16 14:02:00+00:00,8136.0,8136.0,8133.0,8135.0,34
2026-09-16 14:03:00+00:00,8135.5,8138.0,8133.5,8134.5,80
2026-09-16 14:04:00+00:00,8133.5,8134.5,8133.0,8133.5,37
2026-09-16 14:05:00+00:00,8133.0,8133.0,8131.0,8132.0,13
2026-09-16 14:06:00+00:00,8132.0,8132.0,8129.0,8130.0,37
2026-09-16 14:07:00+00:00,8130.0,8134.5,8130.0,8134.5,23
2026-09-16 14:08:00+00:00,8134.5,8134.5,8131.5,8132.5,24
2026-09-16 14:09:00+00:00,8132.0,8132.5,8131.5,8131.5,21
2026-09-16 14:10:00+00:00,8132.0,8134.5,8131.5,8134.5,27
2026-09-16 14:11:00+00:00,8134.0,8135.5,8133.5,8134.5,43
2026-09-16 14:12:00+00:00,8134.0,8134.5,8132.5,8134.5,47
2026-09-16 14:13:00+00:00,8134.0,8135.0,8133.0,8134.5,76
2026-09-16 14:14:00+00:00,8135.0,8137.5,8135.0,8136.5,41
2026-09-16 14:15:00+00:00,8137.5,8138.0,8135.5,8135.5,25
2026-09-16 14:16:00+00:00,8136.5,8137.5,8136.0,8136.0,27
2026-09-16 14:17:00+00:00,8136.0,8136.0,8134.5,8135.0,34
2026-09-16 14:18:00+00:00,8135.5,8136.5,8135.0,8135.0,21
2026-09-16 14:19:00+00:00,8134.0,8135.0,8134.0,8134.5,7
2026-09-16 14:20:00+00:00,8132.0,8133.0,8130.5,8131.0,21
2026-09-16 14:21:00+00:00,8131.0,8132.0,8130.0,8132.0,17
2026-09-16 14:22:00+00:00,8131.5,8132.0,8129.5,8131.5,35
2026-09-16 14:23:00+00:00,8131.5,8133.0,8131.5,8132.5,9
2026-09-16 14:24:00+00:00,8132.0,8133.0,8132.0,8132.0,8
2026-09-16 14:25:00+00:00,8131.5,8131.5,8130.0,8130.5,14
2026-09-16 14:26:00+00:00,8129.5,8132.0,8129.0,8132.0,18
2026-09-16 14:27:00+00:00,8131.5,8134.0,8131.5,8134.0,24
2026-09-16 14:28:00+00:00,8134.0,8136.5,8134.0,8135.5,46
2026-09-16 14:29:00+00:00,8135.5,8136.5,8135.0,8136.0,46
2026-09-16 14:30:00+00:00,8135.5,8136.5,8132.5,8132.5,43
2026-09-16 14:31:00+00:00,8132.5,8134.0,8132.0,8134.0,29
2026-09-16 14:32:00+00:00,8133.5,8133.5,8131.0,8131.0,45
2026-09-16 14:33:00+00:00,8131.5,8134.0,8131.5,8134.0,15
2026-09-16 14:34:00+00:00,8135.0,8135.5,8133.5,8135.0,18
2026-09-16 14:35:00+00:00,8135.0,8138.0,8135.0,8138.0,25
2026-09-16 14:36:00+00:00,8138.0,8139.0,8137.5,8138.5,17
2026-09-16 14:37:00+00:00,8138.5,8140.0,8138.0,8139.5,28
2026-09-16 14:38:00+00:00,8139.5,8139.5,8138.5,8139.0,16
2026-09-16 14:39:00+00:00,8139.0,8140.0,8138.5,8139.5,21
2026-09-16 14:40:00+00:00,8139.5,8141.5,8139.5,8141.0,46
2026-09-16 14:41:00+00:00,8141.5,8143.0,8141.5,8141.5,53
2026-09-16 14:42:00+00:00,8141.5,8142.0,8141.0,8141.5,29
2026-09-16 14:43:00+00:00,8141.5,8144.5,8141.5,8144.5,32
2026-09-16 14:44:00+00:00,8144.0,8144.0,8142.0,8142.0,16
2026-09-16 14:45:00+00:00,8143.0,8143.5,8141.0,8141.5,19
2026-09-16 14:46:00+00:00,8142.0,8142.0,8140.5,8140.5,50
2026-09-16 14:47:00+00:00,8140.5,8143.5,8140.5,8142.0,53
2026-09-16 14:48:00+00:00,8143.0,8143.0,8141.5,8141.5,35
2026-09-16 14:49:00+00:00,8142.5,8142.5,8140.0,8140.0,43
2026-09-16 14:50:00+00:00,8140.5,8140.5,8139.0,8139.0,27
2026-09-16 14:51:00+00:00,8139.0,8140.5,8138.5,8140.0,37
2026-09-16 14:52:00+00:00,8140.0,8140.5,8138.5,8140.5,56
2026-09-16 14:53:00+00:00,8140.0,8140.0,8137.5,8137.5,69
2026-09-16 14:54:00+00:00,8137.0,8137.5,8134.5,8135.5,39
2026-09-16 14:55:00+00:00,8135.0,8137.5,8135.0,8137.5,30
2026-09-16 14:56:00+00:00,8137.0,8138.0,8136.5,8137.0,17
2026-09-16 14:57:00+00:00,8136.5,8138.5,8136.5,8136.5,28
2026-09-16 14:58:00+00:00,8135.5,8138.5,8135.5,8138.5,17
2026-09-16 14:59:00+00:00,8139.5,8142.5,8139.5,8142.5,39
2026-09-16 15:00:00+00:00,8142.0,8144.5,8141.5,8143.5,32
2026-09-16 15:01:00+00:00,8144.0,8145.5,8143.0,8143.5,46
2026-09-16 15:02:00+00:00,8144.0,8144.0,8140.5,8142.0,37
2026-09-16 15:03:00+00:00,8142.5,8147.0,8142.5,8147.0,93
2026-09-16 15:04:00+00:00,8147.0,8148.0,8145.0,8145.0,63
2026-09-16 15:05:00+00:00,8145.5,8147.5,8145.5,8147.5,35
2026-09-16 15:06:00+00:00,8147.5,8148.5,8147.0,8148.5,47
2026-09-16 15:07:00+00:00,8148.5,8156.5,8148.5,8152.0,237
2026-09-16 15:08:00+00:00,8151.0,8152.5,8150.0,8151.0,40
2026-09-16 15:09:00+00:00,8151.0,8154.5,8151.0,8154.5,50
2026-09-16 15:10:00+00:00,8154.5,8154.5,8152.5,8153.5,35
2026-09-16 15:11:00+00:00,8154.0,8158.0,8152.5,8152.5,98
2026-09-16 15:12:00+00:00,8152.5,8154.0,8151.5,8153.5,36
2026-09-16 15:13:00+00:00,8153.0,8157.0,8153.0,8157.0,50
2026-09-16 15:14:00+00:00,8156.5,8158.5,8156.5,8158.0,34
2026-09-16 15:15:00+00:00,8158.0,8158.0,8155.5,8156.5,78
2026-09-16 15:16:00+00:00,8156.0,8157.5,8155.5,8157.5,59
2026-09-16 15:17:00+00:00,8157.0,8157.5,8154.5,8155.0,63
2026-09-16 15:18:00+00:00,8154.5,8155.5,8154.0,8155.5,47
2026-09-16 15:19:00+00:00,8155.0,8159.0,8155.0,8158.5,103
2026-09-16 15:20:00+00:00,8158.0,8158.0,8155.0,8155.5,64
2026-09-16 15:21:00+00:00,8155.5,8155.5,8151.5,8152.0,55
2026-09-16 15:22:00+00:00,8152.0,8153.0,8151.0,8152.0,138
2026-09-16 15:23:00+00:00,8151.5,8152.0,8149.0,8149.5,130
2026-09-16 15:24:00+00:00,8149.5,8149.5,8148.0,8149.5,70
2026-09-16 15:25:00+00:00,8149.5,8150.5,8147.0,8149.5,202
2026-09-16 15:26:00+00:00,8149.5,8149.5,8147.5,8148.0,105
2026-09-16 15:27:00+00:00,8147.5,8148.0,8145.5,8145.5,106
2026-09-16 15:28:00+00:00,8145.5,8147.5,8145.0,8145.5,134
2026-09-16 15:29:00+00:00,8145.0,8146.5,8144.5,8145.0,146
2026-09-16 15:30:00+00:00,8145.0,8148.0,8144.0,8145.0,138
2026-09-16 15:31:00+00:00,8145.5,8146.5,8143.0,8146.5,171
2026-09-16 15:32:00+00:00,8146.5,8148.0,8143.0,8144.0,176
2026-09-16 15:33:00+00:00,8144.0,8144.5,8141.0,8142.0,344
2026-09-16 15:34:00+00:00,8141.5,8142.5,8134.5,8137.0,1168
2026-09-16 15:35:00+00:00,8137.0,8147.0,8136.5,8147.0,1249
2026-09-16 15:36:00+00:00,8146.5,8148.5,8145.0,8146.0,146
2026-09-16 15:37:00+00:00,8145.5,8147.5,8145.0,8146.0,107
2026-09-16 15:38:00+00:00,8147.0,8147.0,8146.0,8146.0,62
2026-09-16 15:39:00+00:00,8146.5,8148.5,8146.0,8148.5,69
2026-09-16 15:40:00+00:00,8149.0,8149.5,8148.0,8148.0,23
2026-09-16 15:41:00+00:00,8148.5,8148.5,8147.0,8147.0,28
2026-09-16 15:42:00+00:00,8146.5,8146.5,8143.5,8145.0,45
2026-09-16 15:43:00+00:00,8145.0,8145.0,8143.0,8144.5,24
2026-09-16 15:44:00+00:00,8144.5,8147.0,8144.0,8147.0,23
2026-09-16 15:45:00+00:00,8146.0,8147.0,8146.0,8147.0,16
2026-09-16 15:46:00+00:00,8147.0,8147.5,8147.0,8147.0,7
2026-09-16 15:47:00+00:00,8147.5,8169.0,8147.5,8158.0,440
2026-09-16 15:48:00+00:00,8158.0,8158.0,8155.0,8155.0,21
2026-09-16 15:49:00+00:00,8154.5,8155.5,8152.0,8152.0,17
2026-09-16 15:50:00+00:00,8152.0,8152.5,8151.0,8152.0,17
2026-09-16 15:51:00+00:00,8151.5,8152.0,8151.0,8151.0,12
2026-09-16 15:52:00+00:00,8150.5,8152.0,8150.5,8151.0,8
2026-09-16 15:53:00+00:00,8151.5,8152.0,8151.5,8151.5,6
2026-09-16 15:54:00+00:00,8152.0,8152.0,8150.0,8150.0,14
2026-09-16 15:55:00+00:00,8150.0,8150.0,8148.5,8149.5,12
2026-09-16 15:56:00+00:00,8149.5,8149.5,8147.0,8147.0,18
2026-09-16 15:57:00+00:00,8147.0,8147.0,8145.5,8146.5,29
2026-09-16 15:58:00+00:00,8146.5,8147.0,8145.5,8145.5,34
2026-09-16 15:59:00+00:00,8146.0,8146.5,8145.0,8145.5,17
2026-09-16 16:00:00+00:00,8145.5,8146.0,8144.0,8145.0,30
2026-09-16 16:01:00+00:00,8145.0,8145.5,8143.5,8143.5,28
2026-09-16 16:02:00+00:00,8144.0,8144.0,8135.0,8142.0,238
2026-09-16 16:03:00+00:00,8142.5,8142.5,8140.0,8141.0,36
2026-09-16 16:04:00+00:00,8142.0,8142.0,8140.5,8142.0,43
2026-09-16 16:05:00+00:00,8142.0,8142.5,8141.5,8142.0,24
2026-09-16 16:06:00+00:00,8142.5,8147.0,8142.0,8147.0,78
2026-09-16 16:07:00+00:00,8147.5,8148.0,8146.5,8147.0,29
2026-09-16 16:08:00+00:00,8147.5,8147.5,8146.5,8147.5,5
2026-09-16 16:09:00+00:00,8147.0,8148.0,8146.5,8148.0,14
2026-09-16 16:10:00+00:00,8147.0,8147.0,8146.0,8146.5,10
2026-09-16 16:11:00+00:00,8146.5,8147.0,8146.0,8147.0,7
2026-09-16 16:12:00+00:00,8147.5,8147.5,8147.0,8147.0,6
2026-09-16 16:13:00+00:00,8147.0,8147.0,8146.5,8147.0,9
2026-09-16 16:14:00+00:00,8147.5,8147.5,8147.0,8147.5,7
2026-09-16 16:15:00+00:00,8148.0,8148.5,8148.0,8148.5,10
2026-09-16 16:16:00+00:00,8148.5,8148.5,8147.5,8148.0,5
2026-09-16 16:17:00+00:00,8146.0,8146.0,8146.0,8146.0,4
2026-09-16 16:18:00+00:00,8146.0,8146.0,8146.0,8146.0,2
2026-09-16 16:19:00+00:00,8145.0,8145.0,8144.5,8145.0,11
2026-09-16 16:20:00+00:00,8145.0,8145.5,8145.0,8145.5,6
2026-09-16 16:21:00+00:00,8145.0,8145.0,8145.0,8145.0,3
2026-09-16 16:22:00+00:00,8145.5,8145.5,8145.0,8145.0,7
2026-09-16 16:23:00+00:00,8144.5,8145.0,8144.5,8145.0,3
2026-09-16 16:24:00+00:00,8144.5,8144.5,8143.5,8143.5,6
2026-09-16 16:25:00+00:00,8143.0,8144.5,8142.5,8144.5,26
2026-09-16 16:26:00+00:00,8144.0,8145.0,8144.0,8145.0,2
2026-09-16 16:27:00+00:00,8144.0,8144.0,8144.0,8144.0,5
2026-09-16 16:28:00+00:00,8144.0,8144.5,8144.0,8144.0,11
2026-09-16 16:29:00+00:00,8144.0,8144.0,8143.0,8143.0,8
2026-09-16 16:30:00+00:00,8142.5,8142.5,8142.0,8142.5,8
2026-09-16 16:31:00+00:00,8142.5,8143.0,8142.5,8142.5,7
2026-09-16 16:32:00+00:00,8143.0,8143.5,8142.5,8142.5,7
2026-09-16 16:33:00+00:00,8142.5,8142.5,8141.5,8141.5,10
2026-09-16 16:34:00+00:00,8141.5,8141.5,8140.5,8140.5,11
2026-09-16 16:35:00+00:00,8141.0,8141.5,8140.5,8141.5,7
2026-09-16 16:36:00+00:00,8141.5,8141.5,8141.5,8141.5,1
2026-09-16 16:37:00+00:00,8141.0,8142.5,8141.0,8142.5,4
2026-09-16 16:38:00+00:00,8142.5,8143.0,8142.0,8143.0,9
2026-09-16 16:39:00+00:00,8142.5,8143.0,8142.5,8143.0,5
2026-09-16 16:40:00+00:00,8142.5,8143.5,8142.5,8143.5,11
2026-09-16 16:41:00+00:00,8142.5,8144.0,8142.5,8144.0,9
2026-09-16 16:42:00+00:00,8144.0,8144.0,8143.5,8144.0,4
2026-09-16 16:43:00+00:00,8144.0,8144.5,8143.5,8143.5,10
2026-09-16 16:44:00+00:00,8143.5,8144.0,8142.5,8142.5,19
2026-09-16 16:45:00+00:00,8143.5,8143.5,8143.0,8143.0,7
2026-09-16 16:46:00+00:00,8142.5,8143.5,8142.5,8143.5,6
2026-09-16 16:47:00+00:00,8143.5,8143.5,8143.0,8143.0,9
2026-09-16 16:48:00+00:00,8143.5,8144.0,8143.5,8144.0,3
2026-09-16 16:49:00+00:00,8144.0,8145.0,8143.5,8145.0,15
2026-09-16 16:50:00+00:00,8144.0,8145.0,8143.5,8143.5,15
2026-09-16 16:51:00+00:00,8143.5,8143.5,8142.5,8142.5,11
2026-09-16 16:52:00+00:00,8142.0,8143.0,8142.0,8143.0,6
2026-09-16 16:53:00+00:00,8142.5,8143.0,8142.5,8143.0,2
2026-09-16 16:54:00+00:00,8143.0,8143.5,8142.5,8142.5,6
2026-09-16 16:55:00+00:00,8143.5,8144.0,8143.0,8144.0,6
2026-09-16 16:56:00+00:00,8143.5,8143.5,8142.0,8142.5,5
2026-09-16 16:57:00+00:00,8142.5,8143.0,8142.5,8143.0,6
2026-09-16 16:58:00+00:00,8143.5,8143.5,8142.5,8143.0,7
2026-09-16 16:59:00+00:00,8143.0,8143.0,8142.0,8142.0,5
2026-09-16 17:00:00+00:00,8142.0,8142.0,8141.0,8141.0,6
2026-09-16 17:01:00+00:00,8140.5,8140.5,8139.0,8139.0,6
2026-09-16 17:02:00+00:00,8139.0,8139.0,8138.5,8139.0,6
2026-09-16 17:03:00+00:00,8138.0,8138.5,8137.5,8137.5,11
2026-09-16 17:04:00+00:00,8138.0,8139.0,8138.0,8138.5,25
2026-09-16 17:05:00+00:00,8138.0,8139.5,8138.0,8139.5,5
2026-09-16 17:06:00+00:00,8140.0,8140.0,8140.0,8140.0,5
2026-09-16 17:07:00+00:00,8140.0,8140.0,8139.0,8140.0,5
2026-09-16 17:08:00+00:00,8139.5,8139.5,8139.0,8139.5,8
2026-09-16 17:09:00+00:00,8140.0,8140.5,8139.5,8140.5,5
2026-09-16 17:10:00+00:00,8140.0,8140.5,8139.5,8140.0,10
2026-09-16 17:11:00+00:00,8139.5,8139.5,8139.5,8139.5,2
2026-09-16 17:12:00+00:00,8140.0,8140.5,8140.0,8140.0,4
2026-09-16 17:13:00+00:00,8140.5,8142.0,8140.5,8142.0,7
2026-09-16 17:14:00+00:00,8142.0,8143.5,8142.0,8143.0,14
2026-09-16 17:15:00+00:00,8143.5,8143.5,8143.0,8143.0,4
2026-09-16 17:16:00+00:00,8143.5,8143.5,8143.5,8143.5,2
2026-09-16 17:17:00+00:00,8143.0,8143.0,8142.0,8142.0,13
2026-09-16 17:18:00+00:00,8142.0,8142.0,8140.5,8141.0,42
2026-09-16 17:19:00+00:00,8140.0,8140.0,8140.0,8140.0,2
2026-09-16 17:20:00+00:00,8140.5,8141.0,8140.5,8140.5,4
2026-09-16 17:21:00+00:00,8141.0,8141.5,8141.0,8141.5,7
2026-09-16 17:22:00+00:00,8141.5,8141.5,8140.0,8140.0,3
2026-09-16 17:23:00+00:00,8140.5,8140.5,8140.0,8140.0,3
2026-09-16 17:24:00+00:00,8139.5,8140.5,8139.5,8140.5,4
2026-09-16 17:25:00+00:00,8141.0,8141.5,8141.0,8141.5,2
2026-09-16 17:26:00+00:00,8141.5,8142.0,8141.0,8141.5,7
2026-09-16 17:27:00+00:00,8141.5,8143.0,8141.5,8143.0,7
2026-09-16 17:28:00+00:00,8143.0,8143.0,8142.5,8142.5,4
2026-09-16 17:29:00+00:00,8142.5,8143.5,8142.5,8143.5,4
2026-09-16 17:30:00+00:00,8143.5,8144.5,8143.0,8143.0,13
2026-09-16 17:31:00+00:00,8142.5,8142.5,8141.5,8141.5,7
2026-09-16 17:32:00+00:00,8141.0,8141.0,8140.5,8141.0,5
2026-09-16 17:34:00+00:00,8141.5,8141.5,8141.5,8141.5,1
2026-09-16 17:35:00+00:00,8141.5,8141.5,8141.5,8141.5,1
2026-09-16 17:36:00+00:00,8142.0,8142.0,8141.0,8141.0,5
2026-09-16 17:37:00+00:00,8141.5,8142.0,8141.5,8141.5,5
2026-09-16 17:38:00+00:00,8140.5,8140.5,8140.5,8140.5,1
2026-09-16 17:39:00+00:00,8140.0,8140.0,8139.5,8139.5,6
2026-09-16 17:40:00+00:00,8138.0,8139.0,8138.0,8139.0,2
2026-09-16 17:41:00+00:00,8138.5,8139.5,8138.5,8139.5,3
2026-09-16 17:42:00+00:00,8139.5,8139.5,8139.5,8139.5,1
2026-09-16 17:43:00+00:00,8139.5,8139.5,8138.5,8138.5,4
2026-09-16 17:44:00+00:00,8139.0,8139.0,8139.0,8139.0,1
2026-09-16 17:45:00+00:00,8140.5,8141.0,8140.5,8141.0,2
2026-09-16 17:46:00+00:00,8141.0,8142.0,8141.0,8142.0,3
2026-09-16 17:47:00+00:00,8142.5,8142.5,8142.0,8142.0,3
2026-09-16 17:48:00+00:00,8142.5,8142.5,8141.5,8141.5,2
2026-09-16 17:49:00+00:00,8142.5,8142.5,8142.5,8142.5,1
2026-09-16 17:50:00+00:00,8142.0,8142.0,8141.5,8142.0,4
2026-09-16 17:51:00+00:00,8142.0,8142.5,8141.0,8141.5,13
2026-09-16 17:52:00+00:00,8142.5,8142.5,8141.5,8142.5,18
2026-09-16 17:53:00+00:00,8143.0,8143.5,8143.0,8143.0,8
2026-09-16 17:54:00+00:00,8143.5,8143.5,8143.0,8143.5,14
2026-09-16 17:55:00+00:00,8144.0,8144.0,8144.0,8144.0,1
2026-09-16 17:56:00+00:00,8143.0,8144.0,8143.0,8144.0,3
2026-09-16 17:57:00+00:00,8144.5,8147.0,8144.0,8146.5,17
2026-09-16 17:58:00+00:00,8146.5,8148.5,8145.5,8148.5,37
2026-09-16 17:59:00+00:00,8147.5,8151.0,8147.5,8151.0,28
2026-09-16 18:00:00+00:00,8149.0,8156.0,8144.5,8144.5,66
2026-09-16 18:01:00+00:00,8146.5,8146.5,8140.0,8140.0,27
2026-09-16 18:02:00+00:00,8142.0,8146.0,8142.0,8145.0,21
2026-09-16 18:03:00+00:00,8145.5,8146.5,8145.5,8146.5,3
2026-09-16 18:04:00+00:00,8148.0,8150.0,8148.0,8148.5,7
2026-09-16 18:05:00+00:00,8149.0,8150.5,8148.0,8149.5,19
2026-09-16 18:06:00+00:00,8150.0,8154.0,8149.5,8152.5,120
2026-09-16 18:07:00+00:00,8153.0,8157.5,8153.0,8157.0,29
2026-09-16 18:08:00+00:00,8158.0,8159.0,8156.5,8156.5,16
2026-09-16 18:09:00+00:00,8156.0,8156.0,8152.5,8152.5,11
2026-09-16 18:10:00+00:00,8152.0,8153.0,8150.0,8150.0,13
2026-09-16 18:11:00+00:00,8152.0,8152.0,8150.0,8151.0,10
2026-09-16 18:12:00+00:00,8150.5,8152.0,8150.5,8152.0,27
2026-09-16 18:13:00+00:00,8152.0,8155.5,8150.5,8155.5,31
2026-09-16 18:14:00+00:00,8156.5,8158.0,8155.0,8155.5,27
2026-09-16 18:15:00+00:00,8156.0,8158.5,8155.0,8158.0,31
2026-09-16 18:16:00+00:00,8157.5,8158.5,8157.5,8158.0,30
2026-09-16 18:17:00+00:00,8158.0,8159.5,8157.0,8157.0,15
2026-09-16 18:18:00+00:00,8158.5,8159.5,8158.0,8158.5,29
2026-09-16 18:19:00+00:00,8158.0,8163.5,8157.0,8162.0,48
2026-09-16 18:20:00+00:00,8161.5,8163.0,8158.5,8161.5,42
2026-09-16 18:21:00+00:00,8163.5,8164.0,8162.5,8164.0,8
2026-09-16 18:22:00+00:00,8162.5,8163.5,8162.0,8163.0,11
2026-09-16 18:23:00+00:00,8162.0,8163.0,8162.0,8163.0,2
2026-09-16 18:24:00+00:00,8163.0,8164.0,8163.0,8163.0,8
2026-09-16 18:25:00+00:00,8163.5,8163.5,8161.0,8161.0,5
2026-09-16 18:26:00+00:00,8161.0,8161.5,8159.0,8159.0,11
2026-09-16 18:27:00+00:00,8155.5,8155.5,8154.0,8155.0,8
2026-09-16 18:28:00+00:00,8154.5,8156.0,8154.0,8156.0,11
2026-09-16 18:29:00+00:00,8157.5,8157.5,8157.5,8157.5,1
2026-09-16 18:30:00+00:00,8159.5,8161.0,8157.0,8157.0,32
2026-09-16 18:31:00+00:00,8156.0,8156.0,8153.0,8155.0,21
2026-09-16 18:32:00+00:00,8153.0,8153.0,8148.0,8149.5,16
2026-09-16 18:33:00+00:00,8148.0,8150.0,8143.5,8144.5,67
2026-09-16 18:34:00+00:00,8146.0,8147.0,8145.0,8145.0,42
2026-09-16 18:35:00+00:00,8144.0,8144.0,8137.5,8138.5,22
2026-09-16 18:36:00+00:00,8139.0,8139.5,8134.5,8134.5,10
2026-09-16 18:37:00+00:00,8133.5,8137.5,8133.5,8136.5,7
2026-09-16 18:38:00+00:00,8137.0,8145.5,8137.0,8145.5,15
2026-09-16 18:39:00+00:00,8145.0,8148.0,8145.0,8146.0,25
2026-09-16 18:40:00+00:00,8147.5,8152.5,8147.5,8152.5,19
2026-09-16 18:41:00+00:00,8152.5,8153.5,8150.0,8152.5,16
2026-09-16 18:42:00+00:00,8157.0,8162.0,8157.0,8162.0,18
2026-09-16 18:43:00+00:00,8163.5,8166.5,8163.5,8165.0,33
2026-09-16 18:44:00+00:00,8165.5,8165.5,8159.0,8159.0,11
2026-09-16 18:45:00+00:00,8157.0,8162.0,8157.0,8160.0,14
2026-09-16 18:46:00+00:00,8160.0,8160.5,8158.5,8160.5,9
2026-09-16 18:47:00+00:00,8157.0,8157.0,8157.0,8157.0,3
2026-09-16 18:48:00+00:00,8153.0,8153.0,8150.0,8150.0,8
2026-09-16 18:49:00+00:00,8149.0,8149.0,8148.5,8148.5,8
2026-09-16 18:50:00+00:00,8148.0,8149.5,8148.0,8148.0,7
2026-09-16 18:51:00+00:00,8146.5,8147.5,8144.5,8144.5,12
2026-09-16 18:52:00+00:00,8145.5,8145.5,8137.5,8139.5,30
2026-09-16 18:53:00+00:00,8139.5,8142.0,8134.5,8134.5,34
2026-09-16 18:54:00+00:00,8134.5,8134.5,8130.5,8131.5,34
2026-09-16 18:55:00+00:00,8131.5,8134.0,8131.0,8131.0,17
2026-09-16 18:56:00+00:00,8132.0,8132.0,8127.5,8130.0,26
2026-09-16 18:57:00+00:00,8127.5,8128.5,8124.0,8124.5,52
2026-09-16 18:58:00+00:00,8124.0,8124.5,8123.5,8124.5,10
2026-09-16 18:59:00+00:00,8125.0,8126.0,8119.5,8119.5,51
2026-09-16 19:00:00+00:00,8120.5,8128.5,8120.0,8128.5,26
2026-09-16 19:01:00+00:00,8129.0,8130.0,8124.0,8124.0,23
2026-09-16 19:02:00+00:00,8123.5,8125.5,8122.0,8125.0,15
2026-09-16 19:03:00+00:00,8126.0,8128.0,8123.0,8128.0,51
2026-09-16 19:04:00+00:00,8127.5,8128.5,8125.5,8126.0,17
2026-09-16 19:05:00+00:00,8124.0,8124.0,8119.0,8121.5,15
2026-09-16 19:06:00+00:00,8123.0,8123.0,8120.5,8120.5,8
2026-09-16 19:07:00+00:00,8118.5,8118.5,8116.0,8117.0,22
2026-09-16 19:08:00+00:00,8117.0,8117.0,8111.5,8111.5,35
2026-09-16 19:09:00+00:00,8111.5,8113.0,8111.0,8113.0,27
2026-09-16 19:10:00+00:00,8111.5,8113.0,8108.0,8108.5,47
2026-09-16 19:11:00+00:00,8107.5,8108.0,8105.0,8106.0,30
2026-09-16 19:12:00+00:00,8105.5,8106.5,8102.5,8103.5,41
2026-09-16 19:13:00+00:00,8104.0,8104.0,8100.5,8101.5,20
2026-09-16 19:14:00+00:00,8101.0,8103.5,8099.5,8100.0,45
2026-09-16 19:15:00+00:00,8100.5,8105.5,8100.5,8103.5,12
2026-09-16 19:16:00+00:00,8101.0,8101.0,8098.0,8100.0,20
2026-09-16 19:17:00+00:00,8100.5,8102.0,8098.0,8099.5,51
2026-09-16 19:18:00+00:00,8099.0,8099.0,8096.5,8096.5,18
2026-09-16 19:19:00+00:00,8097.5,8097.5,8094.0,8095.0,13
2026-09-16 19:20:00+00:00,8096.5,8099.5,8092.5,8092.5,39
2026-09-16 19:21:00+00:00,8093.5,8093.5,8091.0,8092.5,57
2026-09-16 19:22:00+00:00,8093.0,8094.0,8091.5,8092.0,14
2026-09-16 19:23:00+00:00,8092.0,8093.0,8091.5,8092.0,17
2026-09-16 19:24:00+00:00,8091.5,8095.0,8091.5,8095.0,11
2026-09-16 19:25:00+00:00,8095.5,8097.0,8090.0,8090.0,17
2026-09-16 19:26:00+00:00,8089.0,8092.0,8089.0,8092.0,42
2026-09-16 19:27:00+00:00,8091.0,8095.0,8090.5,8095.0,13
2026-09-16 19:28:00+00:00,8095.0,8096.5,8094.0,8094.0,7
2026-09-16 19:29:00+00:00,8095.5,8098.5,8095.5,8098.5,12
2026-09-16 19:30:00+00:00,8099.0,8101.0,8097.0,8101.0,32
2026-09-16 19:31:00+00:00,8101.5,8102.5,8101.5,8102.0,11
2026-09-16 19:32:00+00:00,8102.0,8107.0,8102.0,8107.0,17
2026-09-16 19:33:00+00:00,8106.0,8108.5,8104.0,8105.5,16
2026-09-16 19:34:00+00:00,8107.5,8110.5,8107.5,8110.0,11
2026-09-16 19:35:00+00:00,8110.5,8111.5,8108.5,8110.5,74
2026-09-16 19:36:00+00:00,8110.5,8111.0,8107.0,8108.0,26
2026-09-16 19:37:00+00:00,8108.0,8110.5,8106.5,8110.5,26
2026-09-16 19:38:00+00:00,8112.0,8112.0,8108.5,8109.5,13
2026-09-16 19:39:00+00:00,8111.0,8113.5,8110.0,8113.0,30
2026-09-16 19:40:00+00:00,8113.5,8116.0,8113.0,8114.0,52
2026-09-16 19:41:00+00:00,8115.0,8118.0,8111.0,8111.0,43
2026-09-16 19:42:00+00:00,8111.5,8112.5,8110.0,8112.5,15
2026-09-16 19:43:00+00:00,8112.0,8113.0,8112.0,8112.5,9
2026-09-16 19:44:00+00:00,8112.5,8114.5,8111.0,8112.5,38
2026-09-16 19:45:00+00:00,8112.0,8117.0,8111.5,8117.0,49
2026-09-16 19:46:00+00:00,8117.0,8120.5,8117.0,8118.5,45
2026-09-16 19:47:00+00:00,8118.0,8119.5,8117.5,8119.5,15
2026-09-16 19:48:00+00:00,8119.5,8123.0,8119.5,8122.5,26
2026-09-16 19:49:00+00:00,8122.5,8126.0,8121.5,8125.0,44
2026-09-16 19:50:00+00:00,8125.0,8128.5,8123.5,8127.5,68
2026-09-16 19:51:00+00:00,8127.0,8129.0,8124.0,8124.0,29
2026-09-16 19:52:00+00:00,8123.0,8125.5,8123.0,8124.5,29
2026-09-16 19:53:00+00:00,8126.5,8127.0,8124.0,8125.5,16
2026-09-16 19:54:00+00:00,8124.5,8124.5,8121.5,8124.5,26
2026-09-16 19:55:00+00:00,8123.0,8128.0,8123.0,8126.5,45
2026-09-16 19:56:00+00:00,8126.5,8130.0,8126.5,8126.5,54
2026-09-16 19:57:00+00:00,8128.5,8130.0,8123.0,8123.0,20
2026-09-16 19:58:00+00:00,8124.0,8130.5,8122.5,8130.0,48
2026-09-16 19:59:00+00:00,8129.0,8146.0,8126.5,8134.0,87
2026-09-17 06:00:00+00:00,8156.0,8159.0,8153.0,8156.5,94
2026-09-17 06:01:00+00:00,8157.0,8159.0,8157.0,8158.0,20
2026-09-17 06:02:00+00:00,8157.5,8163.0,8157.5,8163.0,32
2026-09-17 06:03:00+00:00,8164.0,8165.0,8164.0,8165.0,5
2026-09-17 06:04:00+00:00,8163.5,8165.5,8163.5,8164.5,13
2026-09-17 06:05:00+00:00,8163.0,8164.5,8161.5,8164.5,7
2026-09-17 06:06:00+00:00,8163.5,8166.0,8163.5,8164.0,26
2026-09-17 06:07:00+00:00,8163.0,8163.5,8160.5,8161.0,10
2026-09-17 06:08:00+00:00,8160.5,8160.5,8158.0,8158.0,12
2026-09-17 06:09:00+00:00,8157.0,8158.0,8156.0,8156.0,50
2026-09-17 06:10:00+00:00,8156.5,8156.5,8153.0,8153.5,43
2026-09-17 06:11:00+00:00,8154.0,8154.5,8153.5,8153.5,8
2026-09-17 06:12:00+00:00,8155.0,8155.5,8154.5,8155.5,5
2026-09-17 06:13:00+00:00,8155.5,8157.0,8155.5,8157.0,14
2026-09-17 06:14:00+00:00,8157.5,8159.5,8157.5,8159.5,14
2026-09-17 06:15:00+00:00,8158.0,8158.0,8154.5,8154.5,12
2026-09-17 06:16:00+00:00,8154.0,8154.5,8153.5,8154.5,17
2026-09-17 06:17:00+00:00,8155.5,8156.0,8154.5,8155.5,11
2026-09-17 06:18:00+00:00,8155.5,8155.5,8155.5,8155.5,1
2026-09-17 06:19:00+00:00,8154.5,8155.0,8154.5,8155.0,2
2026-09-17 06:20:00+00:00,8155.5,8155.5,8153.5,8153.5,11
2026-09-17 06:21:00+00:00,8154.0,8155.0,8153.0,8154.0,57
2026-09-17 06:22:00+00:00,8154.5,8155.0,8154.0,8154.5,7
2026-09-17 06:23:00+00:00,8155.0,8155.0,8154.5,8155.0,15
2026-09-17 06:24:00+00:00,8155.0,8159.0,8155.0,8159.0,19
2026-09-17 06:25:00+00:00,8161.0,8162.0,8161.0,8162.0,10
2026-09-17 06:26:00+00:00,8162.0,8164.0,8162.0,8163.5,11
2026-09-17 06:27:00+00:00,8163.0,8163.5,8162.0,8162.5,16
2026-09-17 06:28:00+00:00,8163.0,8163.0,8163.0,8163.0,2
2026-09-17 06:29:00+00:00,8163.5,8165.5,8163.5,8165.5,12
2026-09-17 06:30:00+00:00,8166.0,8168.5,8166.0,8167.5,32
2026-09-17 06:31:00+00:00,8168.5,8169.0,8168.0,8168.0,33
2026-09-17 06:32:00+00:00,8168.0,8168.5,8165.5,8168.5,31
2026-09-17 06:33:00+00:00,8168.5,8169.5,8168.0,8168.0,11
2026-09-17 06:34:00+00:00,8167.0,8167.0,8166.0,8166.0,13
2026-09-17 06:35:00+00:00,8165.5,8168.0,8165.5,8168.0,19
2026-09-17 06:36:00+00:00,8167.0,8167.0,8166.0,8166.5,11
2026-09-17 06:37:00+00:00,8166.0,8167.5,8166.0,8166.5,15
2026-09-17 06:38:00+00:00,8166.0,8166.0,8165.5,8165.5,4
2026-09-17 06:39:00+00:00,8165.5,8165.5,8164.0,8164.0,5
2026-09-17 06:40:00+00:00,8163.5,8167.0,8163.5,8167.0,7
2026-09-17 06:41:00+00:00,8168.0,8168.0,8167.0,8167.5,14
2026-09-17 06:42:00+00:00,8167.5,8168.5,8167.5,8167.5,8
2026-09-17 06:43:00+00:00,8168.0,8169.5,8168.0,8169.0,7
2026-09-17 06:44:00+00:00,8169.5,8171.5,8169.0,8171.0,34
2026-09-17 06:45:00+00:00,8171.0,8172.0,8171.0,8172.0,12
2026-09-17 06:46:00+00:00,8173.5,8175.0,8172.5,8173.0,27
2026-09-17 06:47:00+00:00,8173.5,8173.5,8172.0,8172.0,11
2026-09-17 06:48:00+00:00,8172.0,8172.0,8170.5,8170.5,5
2026-09-17 06:49:00+00:00,8170.5,8171.0,8170.5,8170.5,3
2026-09-17 06:50:00+00:00,8170.5,8170.5,8169.5,8169.5,5
2026-09-17 06:51:00+00:00,8169.5,8171.0,8169.5,8171.0,12
2026-09-17 06:52:00+00:00,8172.0,8172.0,8170.5,8170.5,8
2026-09-17 06:53:00+00:00,8170.0,8171.0,8170.0,8171.0,2
2026-09-17 06:54:00+00:00,8170.5,8171.0,8170.5,8171.0,4
2026-09-17 06:55:00+00:00,8170.0,8170.0,8167.0,8168.0,10
2026-09-17 06:56:00+00:00,8169.0,8169.0,8168.5,8169.0,7
2026-09-17 06:57:00+00:00,8168.0,8169.0,8166.5,8169.0,15
2026-09-17 06:58:00+00:00,8169.0,8169.5,8168.0,8169.5,9
2026-09-17 06:59:00+00:00,8170.0,8172.5,8169.0,8172.5,40
2026-09-17 07:00:00+00:00,8172.5,8182.0,8171.5,8173.5,618
2026-09-17 07:01:00+00:00,8173.0,8176.5,8168.0,8175.5,148
2026-09-17 07:02:00+00:00,8175.5,8184.0,8174.5,8178.5,128
2026-09-17 07:03:00+00:00,8178.5,8181.5,8178.0,8180.0,84
2026-09-17 07:04:00+00:00,8179.5,8180.0,8173.5,8173.5,117
2026-09-17 07:05:00+00:00,8174.0,8178.5,8174.0,8176.5,119
2026-09-17 07:06:00+00:00,8175.5,8177.5,8173.0,8176.0,120
2026-09-17 07:07:00+00:00,8176.0,8177.0,8174.0,8176.5,92
2026-09-17 07:08:00+00:00,8177.5,8184.5,8177.5,8184.5,41
2026-09-17 07:09:00+00:00,8184.5,8184.5,8182.5,8183.5,67
2026-09-17 07:10:00+00:00,8184.0,8189.5,8182.5,8189.5,81
2026-09-17 07:11:00+00:00,8189.5,8191.5,8188.5,8188.5,38
2026-09-17 07:12:00+00:00,8188.5,8188.5,8186.0,8186.5,51
2026-09-17 07:13:00+00:00,8187.5,8188.0,8183.0,8184.0,67
2026-09-17 07:14:00+00:00,8184.0,8185.5,8181.5,8183.5,65
2026-09-17 07:15:00+00:00,8183.5,8185.5,8182.5,8184.0,76
2026-09-17 07:16:00+00:00,8184.5,8187.5,8184.5,8185.5,47
2026-09-17 07:17:00+00:00,8185.0,8187.5,8185.0,8187.0,98
2026-09-17 07:18:00+00:00,8186.5,8187.0,8184.0,8184.0,39
2026-09-17 07:19:00+00:00,8183.5,8183.5,8181.0,8182.0,37
2026-09-17 07:20:00+00:00,8182.0,8185.0,8180.5,8185.0,36
2026-09-17 07:21:00+00:00,8185.5,8187.0,8182.0,8182.0,44
2026-09-17 07:22:00+00:00,8181.0,8184.0,8179.0,8183.5,52
2026-09-17 07:23:00+00:00,8184.5,8187.5,8184.5,8186.0,17
2026-09-17 07:24:00+00:00,8186.5,8187.0,8183.5,8183.5,43
2026-09-17 07:25:00+00:00,8183.0,8183.5,8181.5,8181.5,36
2026-09-17 07:26:00+00:00,8182.5,8183.0,8180.5,8182.0,49
2026-09-17 07:27:00+00:00,8181.5,8183.0,8179.5,8183.0,63
2026-09-17 07:28:00+00:00,8183.0,8183.5,8179.5,8180.5,75
2026-09-17 07:29:00+00:00,8179.0,8180.0,8177.5,8177.5,40
2026-09-17 07:30:00+00:00,8178.5,8179.0,8175.0,8177.5,76
2026-09-17 07:31:00+00:00,8178.0,8178.5,8173.5,8173.5,74
2026-09-17 07:32:00+00:00,8173.5,8174.5,8171.0,8174.5,85
2026-09-17 07:33:00+00:00,8174.0,8174.5,8172.5,8173.0,29
2026-09-17 07:34:00+00:00,8173.0,8173.5,8168.0,8168.5,36
2026-09-17 07:35:00+00:00,8168.0,8168.0,8166.0,8166.5,27
2026-09-17 07:36:00+00:00,8166.0,8167.5,8164.0,8166.5,91
2026-09-17 07:37:00+00:00,8166.0,8167.5,8166.0,8167.0,42
2026-09-17 07:38:00+00:00,8167.0,8168.5,8167.0,8167.0,25
2026-09-17 07:39:00+00:00,8168.5,8172.0,8168.5,8172.0,25
2026-09-17 07:40:00+00:00,8172.5,8172.5,8171.0,8172.0,29
2026-09-17 07:41:00+00:00,8171.0,8172.5,8170.5,8171.0,19
2026-09-17 07:42:00+00:00,8171.5,8172.5,8168.5,8171.0,52
2026-09-17 07:43:00+00:00,8171.0,8174.5,8171.0,8173.5,23
2026-09-17 07:44:00+00:00,8173.0,8174.0,8171.5,8173.0,25
2026-09-17 07:45:00+00:00,8172.5,8172.5,8170.0,8170.0,12
2026-09-17 07:46:00+00:00,8171.0,8172.5,8170.0,8171.0,12
2026-09-17 07:47:00+00:00,8171.0,8173.0,8171.0,8173.0,40
2026-09-17 07:48:00+00:00,8173.0,8174.0,8170.5,8171.0,38
2026-09-17 07:49:00+00:00,8169.0,8169.0,8165.0,8165.0,25
2026-09-17 07:50:00+00:00,8164.5,8164.5,8162.5,8163.0,41
2026-09-17 07:51:00+00:00,8163.5,8164.5,8162.5,8163.5,17
2026-09-17 07:52:00+00:00,8163.5,8163.5,8161.5,8161.5,11
2026-09-17 07:53:00+00:00,8161.0,8163.0,8160.0,8163.0,17
2026-09-17 07:54:00+00:00,8163.0,8163.0,8160.0,8160.5,23
2026-09-17 07:55:00+00:00,8161.0,8161.5,8157.5,8157.5,35
2026-09-17 07:56:00+00:00,8156.5,8157.5,8156.0,8156.0,29
2026-09-17 07:57:00+00:00,8157.0,8159.5,8157.0,8158.0,36
2026-09-17 07:58:00+00:00,8157.5,8160.5,8157.5,8158.0,12
2026-09-17 07:59:00+00:00,8158.0,8158.0,8156.5,8156.5,9
2026-09-17 08:00:00+00:00,8156.5,8158.0,8154.5,8155.5,46
2026-09-17 08:01:00+00:00,8156.0,8156.0,8154.0,8154.5,28
2026-09-17 08:02:00+00:00,8154.0,8154.5,8153.0,8154.0,14
2026-09-17 08:03:00+00:00,8153.5,8153.5,8151.5,8153.0,17
2026-09-17 08:04:00+00:00,8154.0,8155.5,8154.0,8155.0,10
2026-09-17 08:05:00+00:00,8154.0,8154.5,8151.5,8151.5,10
2026-09-17 08:06:00+00:00,8151.0,8153.0,8151.0,8151.5,45
2026-09-17 08:07:00+00:00,8152.0,8152.0,8150.5,8151.5,17
2026-09-17 08:08:00+00:00,8151.5,8153.0,8151.0,8153.0,17
2026-09-17 08:09:00+00:00,8152.5,8154.0,8152.0,8153.0,26
2026-09-17 08:10:00+00:00,8153.0,8153.0,8151.0,8152.5,10
2026-09-17 08:11:00+00:00,8152.5,8152.5,8151.0,8151.5,18
2026-09-17 08:12:00+00:00,8150.5,8150.5,8149.0,8149.5,49
2026-09-17 08:13:00+00:00,8149.5,8150.5,8148.0,8150.0,131
2026-09-17 08:14:00+00:00,8150.5,8150.5,8148.5,8149.5,26
2026-09-17 08:15:00+00:00,8148.5,8149.0,8148.0,8148.0,8
2026-09-17 08:16:00+00:00,8147.5,8148.5,8145.5,8148.5,32
2026-09-17 08:17:00+00:00,8148.5,8150.0,8146.0,8146.0,19
2026-09-17 08:18:00+00:00,8146.0,8146.5,8143.0,8143.0,46
2026-09-17 08:19:00+00:00,8144.0,8145.0,8144.0,8145.0,16
2026-09-17 08:20:00+00:00,8144.0,8146.5,8143.5,8143.5,17
2026-09-17 08:21:00+00:00,8143.5,8144.0,8141.5,8144.0,29
2026-09-17 08:22:00+00:00,8145.0,8145.5,8144.0,8144.0,31
2026-09-17 08:23:00+00:00,8143.5,8146.0,8143.5,8145.5,12
2026-09-17 08:24:00+00:00,8145.5,8150.0,8145.5,8150.0,37
2026-09-17 08:25:00+00:00,8150.0,8151.5,8149.5,8151.5,29
2026-09-17 08:26:00+00:00,8152.0,8152.0,8150.5,8151.0,17
2026-09-17 08:27:00+00:00,8151.0,8154.5,8151.0,8154.5,19
2026-09-17 08:28:00+00:00,8155.0,8155.5,8154.5,8155.5,20
2026-09-17 08:29:00+00:00,8157.0,8160.0,8157.0,8159.0,34
2026-09-17 08:30:00+00:00,8159.5,8161.0,8158.5,8159.0,49
2026-09-17 08:31:00+00:00,8159.5,8160.5,8158.5,8158.5,10
2026-09-17 08:32:00+00:00,8157.0,8158.0,8156.5,8157.5,12
2026-09-17 08:33:00+00:00,8159.0,8162.5,8158.5,8162.5,17
2026-09-17 08:34:00+00:00,8161.5,8164.5,8161.5,8164.5,8
2026-09-17 08:35:00+00:00,8165.0,8166.5,8162.5,8162.5,32
2026-09-17 08:36:00+00:00,8162.5,8163.5,8161.0,8161.5,15
2026-09-17 08:37:00+00:00,8162.5,8164.0,8162.5,8162.5,11
2026-09-17 08:38:00+00:00,8160.5,8161.0,8159.5,8160.5,13
2026-09-17 08:39:00+00:00,8159.5,8162.5,8159.0,8162.0,24
2026-09-17 08:40:00+00:00,8161.5,8161.5,8159.5,8159.5,3
2026-09-17 08:41:00+00:00,8160.0,8160.0,8157.0,8157.0,8
2026-09-17 08:42:00+00:00,8157.0,8157.0,8156.0,8156.5,10
2026-09-17 08:43:00+00:00,8156.5,8158.5,8156.5,8158.5,8
2026-09-17 08:44:00+00:00,8158.5,8158.5,8158.5,8158.5,3
2026-09-17 08:45:00+00:00,8158.5,8158.5,8157.5,8157.5,3
2026-09-17 08:46:00+00:00,8158.0,8158.0,8156.5,8156.5,14
2026-09-17 08:47:00+00:00,8156.5,8157.0,8155.5,8157.0,11
2026-09-17 08:48:00+00:00,8157.5,8157.5,8156.5,8157.0,21
2026-09-17 08:49:00+00:00,8158.5,8160.0,8158.5,8159.5,10
2026-09-17 08:50:00+00:00,8159.5,8160.0,8159.5,8159.5,6
2026-09-17 08:51:00+00:00,8159.0,8159.0,8157.5,8157.5,4
2026-09-17 08:52:00+00:00,8158.0,8159.0,8157.5,8158.5,7
2026-09-17 08:53:00+00:00,8158.0,8163.5,8158.0,8163.0,53
2026-09-17 08:54:00+00:00,8163.0,8165.5,8163.0,8165.5,29
2026-09-17 08:55:00+00:00,8165.5,8165.5,8164.0,8164.5,42
2026-09-17 08:56:00+00:00,8163.5,8163.5,8163.0,8163.0,7
2026-09-17 08:57:00+00:00,8162.5,8164.0,8162.5,8163.5,19
2026-09-17 08:58:00+00:00,8163.5,8163.5,8162.5,8163.5,11
2026-09-17 08:59:00+00:00,8163.0,8163.5,8161.5,8162.0,31
2026-09-17 09:00:00+00:00,8162.0,8163.5,8162.0,8162.0,25
2026-09-17 09:02:00+00:00,8162.5,8162.5,8159.5,8159.5,15
2026-09-17 09:03:00+00:00,8159.0,8159.0,8157.0,8157.5,8
2026-09-17 09:04:00+00:00,8157.0,8157.5,8157.0,8157.5,4
2026-09-17 09:05:00+00:00,8158.0,8160.5,8158.0,8160.5,8
2026-09-17 09:06:00+00:00,8160.5,8163.5,8160.5,8162.0,12
2026-09-17 09:07:00+00:00,8161.5,8162.5,8161.5,8162.5,5
2026-09-17 09:08:00+00:00,8161.5,8162.5,8161.0,8162.0,7
2026-09-17 09:09:00+00:00,8161.5,8161.5,8161.5,8161.5,3
2026-09-17 09:10:00+00:00,8162.5,8165.5,8162.5,8165.0,13
2026-09-17 09:11:00+00:00,8165.0,8167.0,8164.5,8166.0,11
2026-09-17 09:12:00+00:00,8166.0,8166.0,8163.0,8163.0,7
2026-09-17 09:13:00+00:00,8162.5,8164.5,8162.5,8164.5,26
2026-09-17 09:14:00+00:00,8162.5,8163.0,8161.5,8161.5,3
2026-09-17 09:15:00+00:00,8162.5,8163.5,8162.5,8163.5,3
2026-09-17 09:16:00+00:00,8161.0,8161.0,8160.0,8160.5,8
2026-09-17 09:17:00+00:00,8161.0,8163.0,8161.0,8163.0,35
2026-09-17 09:18:00+00:00,8163.5,8166.0,8163.0,8165.5,56
2026-09-17 09:19:00+00:00,8166.0,8166.0,8164.5,8164.5,5
2026-09-17 09:20:00+00:00,8164.0,8165.0,8164.0,8165.0,10
2026-09-17 09:21:00+00:00,8164.0,8164.0,8163.0,8163.5,34
2026-09-17 09:22:00+00:00,8163.5,8164.0,8163.5,8163.5,4
2026-09-17 09:24:00+00:00,8162.5,8162.5,8162.0,8162.0,15
2026-09-17 09:25:00+00:00,8161.5,8161.5,8159.0,8159.0,16
2026-09-17 09:26:00+00:00,8158.0,8158.0,8157.0,8158.0,15
2026-09-17 09:27:00+00:00,8159.0,8159.0,8159.0,8159.0,2
2026-09-17 09:28:00+00:00,8160.0,8160.0,8159.0,8159.0,2
2026-09-17 09:29:00+00:00,8159.0,8159.0,8158.5,8158.5,5
2026-09-17 09:30:00+00:00,8159.5,8161.0,8159.5,8160.5,18
2026-09-17 09:31:00+00:00,8161.0,8164.0,8161.0,8163.5,9
2026-09-17 09:32:00+00:00,8164.5,8164.5,8163.0,8163.0,4
2026-09-17 09:33:00+00:00,8165.5,8167.0,8165.5,8167.0,8
2026-09-17 09:34:00+00:00,8166.5,8168.0,8165.5,8165.5,11
2026-09-17 09:35:00+00:00,8165.0,8166.5,8165.0,8166.5,17
2026-09-17 09:36:00+00:00,8166.0,8166.5,8166.0,8166.0,9
2026-09-17 09:37:00+00:00,8166.0,8166.5,8166.0,8166.5,3
2026-09-17 09:38:00+00:00,8165.5,8166.0,8165.5,8166.0,4
2026-09-17 09:39:00+00:00,8165.5,8167.0,8165.5,8166.0,9
2026-09-17 09:40:00+00:00,8166.0,8168.0,8165.5,8167.0,51
2026-09-17 09:41:00+00:00,8166.5,8167.0,8165.5,8165.5,7
2026-09-17 09:42:00+00:00,8165.5,8166.0,8165.5,8166.0,4
2026-09-17 09:43:00+00:00,8167.0,8167.5,8166.5,8167.5,6
2026-09-17 09:44:00+00:00,8168.5,8168.5,8167.0,8167.5,34
2026-09-17 09:45:00+00:00,8167.0,8167.0,8164.0,8164.0,8
2026-09-17 09:46:00+00:00,8163.5,8163.5,8159.5,8159.5,65
2026-09-17 09:47:00+00:00,8158.5,8158.5,8155.0,8155.5,42
2026-09-17 09:48:00+00:00,8155.5,8155.5,8152.5,8153.5,14
2026-09-17 09:49:00+00:00,8153.0,8153.0,8153.0,8153.0,2
2026-09-17 09:50:00+00:00,8155.0,8156.0,8154.5,8154.5,7
2026-09-17 09:51:00+00:00,8154.5,8154.5,8152.5,8153.0,13
2026-09-17 09:52:00+00:00,8153.5,8155.0,8153.5,8155.0,15
2026-09-17 09:53:00+00:00,8155.5,8155.5,8154.5,8155.0,15
2026-09-17 09:54:00+00:00,8154.5,8157.5,8154.5,8155.5,26
2026-09-17 09:55:00+00:00,8155.5,8155.5,8155.0,8155.5,13
2026-09-17 09:56:00+00:00,8155.0,8155.0,8154.0,8154.0,4
2026-09-17 09:57:00+00:00,8154.5,8154.5,8154.0,8154.5,3
2026-09-17 09:58:00+00:00,8155.5,8156.5,8155.5,8156.0,12
2026-09-17 09:59:00+00:00,8156.0,8158.5,8156.0,8158.5,14
2026-09-17 10:00:00+00:00,8159.0,8159.5,8157.5,8158.0,14
2026-09-17 10:01:00+00:00,8157.5,8158.0,8156.0,8156.5,15
2026-09-17 10:02:00+00:00,8157.0,8157.0,8155.0,8156.0,11
2026-09-17 10:03:00+00:00,8156.0,8160.5,8156.0,8160.5,18
2026-09-17 10:04:00+00:00,8159.5,8159.5,8158.0,8158.0,12
2026-09-17 10:05:00+00:00,8158.5,8158.5,8157.0,8157.0,5
2026-09-17 10:06:00+00:00,8157.5,8160.5,8157.5,8160.0,11
2026-09-17 10:07:00+00:00,8161.0,8161.5,8161.0,8161.0,13
2026-09-17 10:08:00+00:00,8160.5,8160.5,8158.5,8159.0,12
2026-09-17 10:09:00+00:00,8159.5,8159.5,8157.0,8157.5,15
2026-09-17 10:10:00+00:00,8158.0,8159.0,8157.5,8158.0,13
2026-09-17 10:11:00+00:00,8158.0,8159.5,8158.0,8159.5,10
2026-09-17 10:12:00+00:00,8159.5,8159.5,8158.5,8158.5,3
2026-09-17 10:13:00+00:00,8158.0,8158.5,8157.5,8158.5,4
2026-09-17 10:14:00+00:00,8157.5,8157.5,8157.5,8157.5,1
2026-09-17 10:15:00+00:00,8156.5,8157.0,8155.5,8155.5,9
2026-09-17 10:16:00+00:00,8158.0,8158.5,8157.5,8157.5,13
2026-09-17 10:17:00+00:00,8158.0,8158.0,8157.0,8157.0,8
2026-09-17 10:18:00+00:00,8157.0,8158.0,8155.0,8155.0,18
2026-09-17 10:19:00+00:00,8154.0,8154.0,8151.0,8151.0,35
2026-09-17 10:20:00+00:00,8152.0,8152.0,8152.0,8152.0,4
2026-09-17 10:21:00+00:00,8152.0,8153.0,8152.0,8152.5,11
2026-09-17 10:22:00+00:00,8152.5,8154.0,8152.5,8152.5,21
2026-09-17 10:23:00+00:00,8153.5,8154.0,8152.5,8154.0,6
2026-09-17 10:24:00+00:00,8154.0,8157.0,8154.0,8156.5,18
2026-09-17 10:25:00+00:00,8157.0,8158.5,8157.0,8158.0,24
2026-09-17 10:26:00+00:00,8158.0,8158.0,8156.5,8158.0,16
2026-09-17 10:27:00+00:00,8157.0,8158.0,8157.0,8158.0,7
2026-09-17 10:28:00+00:00,8157.0,8157.5,8156.5,8157.5,11
2026-09-17 10:29:00+00:00,8158.0,8158.0,8156.0,8157.0,8
2026-09-17 10:30:00+00:00,8158.0,8159.0,8158.0,8158.0,20
2026-09-17 10:31:00+00:00,8157.5,8157.5,8156.0,8156.0,13
2026-09-17 10:32:00+00:00,8156.0,8157.0,8156.0,8156.5,10
2026-09-17 10:33:00+00:00,8156.0,8156.0,8156.0,8156.0,1
2026-09-17 10:34:00+00:00,8155.5,8157.5,8155.5,8156.0,8
2026-09-17 10:35:00+00:00,8157.0,8159.0,8157.0,8159.0,7
2026-09-17 10:36:00+00:00,8159.0,8159.0,8157.5,8158.0,5
2026-09-17 10:37:00+00:00,8158.0,8159.5,8158.0,8159.5,11
2026-09-17 10:38:00+00:00,8159.5,8160.0,8159.5,8159.5,3
2026-09-17 10:39:00+00:00,8159.0,8161.5,8158.5,8161.5,20
2026-09-17 10:40:00+00:00,8161.5,8162.0,8160.5,8160.5,20
2026-09-17 10:41:00+00:00,8161.5,8161.5,8160.5,8160.5,12
2026-09-17 10:42:00+00:00,8161.0,8161.5,8160.5,8161.0,14
2026-09-17 10:43:00+00:00,8161.0,8161.5,8161.0,8161.5,13
2026-09-17 10:44:00+00:00,8161.5,8161.5,8160.5,8160.5,10
2026-09-17 10:45:00+00:00,8160.5,8160.5,8160.5,8160.5,2
2026-09-17 10:46:00+00:00,8159.0,8159.0,8158.0,8158.0,14
2026-09-17 10:47:00+00:00,8158.0,8159.0,8158.0,8158.0,7
2026-09-17 10:48:00+00:00,8157.5,8159.5,8157.5,8159.5,10
2026-09-17 10:49:00+00:00,8159.0,8159.0,8158.0,8158.0,9
2026-09-17 10:50:00+00:00,8158.5,8159.5,8158.5,8159.5,5
2026-09-17 10:51:00+00:00,8160.0,8161.0,8160.0,8160.0,6
2026-09-17 10:52:00+00:00,8159.5,8160.5,8159.5,8160.0,8
2026-09-17 10:53:00+00:00,8159.0,8159.0,8157.5,8158.0,16
2026-09-17 10:54:00+00:00,8158.0,8158.5,8158.0,8158.0,7
2026-09-17 10:55:00+00:00,8158.5,8160.5,8158.5,8160.0,15
2026-09-17 10:56:00+00:00,8160.0,8161.5,8160.0,8161.5,20
2026-09-17 10:57:00+00:00,8161.5,8162.0,8161.5,8162.0,12
2026-09-17 10:58:00+00:00,8161.5,8163.0,8161.5,8162.5,18
2026-09-17 10:59:00+00:00,8162.5,8164.5,8162.0,8164.0,49
2026-09-17 11:00:00+00:00,8163.5,8169.0,8163.0,8166.0,167
2026-09-17 11:01:00+00:00,8166.5,8167.5,8165.5,8167.0,20
2026-09-17 11:02:00+00:00,8166.0,8170.5,8166.0,8168.5,59
2026-09-17 11:03:00+00:00,8167.5,8167.5,8165.5,8165.5,20
2026-09-17 11:04:00+00:00,8165.0,8167.0,8165.0,8167.0,10
2026-09-17 11:05:00+00:00,8166.5,8170.0,8166.5,8170.0,9
2026-09-17 11:06:00+00:00,8170.5,8171.0,8169.5,8170.0,10
2026-09-17 11:07:00+00:00,8170.0,8173.5,8170.0,8173.5,25
2026-09-17 11:08:00+00:00,8172.5,8173.5,8171.5,8173.5,13
2026-09-17 11:09:00+00:00,8173.5,8175.0,8173.5,8174.0,15
2026-09-17 11:10:00+00:00,8175.0,8176.0,8175.0,8176.0,12
2026-09-17 11:11:00+00:00,8175.0,8175.0,8173.0,8173.0,12
2026-09-17 11:12:00+00:00,8172.5,8175.0,8172.0,8172.0,14
2026-09-17 11:13:00+00:00,8172.0,8173.0,8172.0,8173.0,5
2026-09-17 11:14:00+00:00,8173.5,8173.5,8173.5,8173.5,1
2026-09-17 11:15:00+00:00,8173.5,8174.0,8173.0,8173.0,12
2026-09-17 11:16:00+00:00,8173.5,8173.5,8171.5,8172.0,14
2026-09-17 11:17:00+00:00,8171.5,8171.5,8170.5,8171.0,18
2026-09-17 11:18:00+00:00,8170.5,8171.0,8168.5,8168.5,12
2026-09-17 11:19:00+00:00,8169.0,8169.0,8168.0,8168.0,4
2026-09-17 11:20:00+00:00,8168.0,8169.5,8168.0,8168.0,22
2026-09-17 11:21:00+00:00,8169.0,8169.0,8165.0,8165.5,49
2026-09-17 11:22:00+00:00,8164.5,8165.0,8162.5,8162.5,11
2026-09-17 11:23:00+00:00,8162.5,8164.5,8162.5,8164.5,17
2026-09-17 11:24:00+00:00,8164.5,8164.5,8163.0,8163.0,18
2026-09-17 11:25:00+00:00,8163.5,8163.5,8162.0,8162.0,11
2026-09-17 11:26:00+00:00,8161.5,8163.0,8161.5,8163.0,4
2026-09-17 11:27:00+00:00,8162.5,8163.0,8161.5,8162.5,6
2026-09-17 11:28:00+00:00,8163.5,8164.0,8163.5,8164.0,2
2026-09-17 11:30:00+00:00,8166.0,8166.0,8164.5,8166.0,6
2026-09-17 11:31:00+00:00,8166.0,8169.5,8166.0,8168.0,52
2026-09-17 11:32:00+00:00,8168.5,8169.0,8168.0,8168.0,9
2026-09-17 11:33:00+00:00,8168.0,8168.0,8167.0,8167.0,4
2026-09-17 11:34:00+00:00,8167.5,8168.0,8167.0,8168.0,10
2026-09-17 11:35:00+00:00,8168.5,8168.5,8167.5,8167.5,4
2026-09-17 11:36:00+00:00,8167.0,8168.5,8166.5,8168.5,5
2026-09-17 11:37:00+00:00,8169.0,8169.0,8168.0,8168.0,6
2026-09-17 11:38:00+00:00,8167.5,8170.5,8167.5,8169.5,6
2026-09-17 11:39:00+00:00,8170.0,8171.5,8170.0,8170.5,6
2026-09-17 11:40:00+00:00,8170.5,8170.5,8168.0,8168.0,6
2026-09-17 11:41:00+00:00,8168.0,8168.0,8166.5,8166.5,7
2026-09-17 11:42:00+00:00,8166.5,8167.0,8166.5,8167.0,3
2026-09-17 11:43:00+00:00,8167.0,8167.5,8167.0,8167.5,16
2026-09-17 11:44:00+00:00,8168.0,8168.5,8166.5,8166.5,14
2026-09-17 11:45:00+00:00,8166.5,8169.0,8166.5,8169.0,5
2026-09-17 11:46:00+00:00,8169.0,8169.0,8168.5,8169.0,8
2026-09-17 11:47:00+00:00,8168.0,8168.0,8167.5,8167.5,5
2026-09-17 11:48:00+00:00,8167.5,8168.5,8167.5,8168.5,11
2026-09-17 11:49:00+00:00,8168.5,8169.0,8168.5,8168.5,9
2026-09-17 11:50:00+00:00,8168.0,8168.0,8166.5,8167.0,15
2026-09-17 11:51:00+00:00,8168.0,8170.0,8168.0,8170.0,7
2026-09-17 11:52:00+00:00,8169.0,8170.0,8169.0,8170.0,23
2026-09-17 11:53:00+00:00,8170.0,8172.0,8170.0,8172.0,43
2026-09-17 11:54:00+00:00,8172.5,8173.5,8172.0,8173.0,87
2026-09-17 11:55:00+00:00,8172.0,8173.0,8171.5,8171.5,17
2026-09-17 11:56:00+00:00,8171.0,8171.0,8169.0,8170.0,11
2026-09-17 11:57:00+00:00,8169.5,8169.5,8169.0,8169.0,4
2026-09-17 11:58:00+00:00,8169.5,8179.5,8169.5,8175.0,188
2026-09-17 11:59:00+00:00,8176.0,8179.0,8174.5,8179.0,33
2026-09-17 12:00:00+00:00,8178.5,8179.0,8177.0,8177.5,9
2026-09-17 12:01:00+00:00,8175.5,8177.0,8175.0,8175.0,14
2026-09-17 12:02:00+00:00,8174.5,8176.0,8174.0,8175.0,30
2026-09-17 12:03:00+00:00,8174.5,8174.5,8172.5,8172.5,7
2026-09-17 12:04:00+00:00,8174.0,8180.5,8174.0,8178.5,132
2026-09-17 12:05:00+00:00,8177.5,8183.5,8177.0,8181.5,36
2026-09-17 12:06:00+00:00,8181.5,8182.0,8178.0,8178.5,42
2026-09-17 12:07:00+00:00,8178.5,8178.5,8177.0,8178.0,18
2026-09-17 12:08:00+00:00,8179.0,8184.0,8179.0,8183.5,40
2026-09-17 12:09:00+00:00,8184.5,8185.5,8183.5,8185.5,18
2026-09-17 12:10:00+00:00,8186.0,8186.5,8183.5,8185.5,32
2026-09-17 12:11:00+00:00,8186.0,8186.5,8185.0,8185.5,10
2026-09-17 12:12:00+00:00,8185.5,8185.5,8184.0,8185.0,10
2026-09-17 12:13:00+00:00,8185.5,8186.5,8185.0,8185.0,6
2026-09-17 12:14:00+00:00,8185.0,8185.5,8183.5,8183.5,18
2026-09-17 12:15:00+00:00,8184.5,8185.0,8184.5,8184.5,11
2026-09-17 12:16:00+00:00,8184.5,8185.0,8184.0,8184.0,8
2026-09-17 12:17:00+00:00,8184.5,8187.0,8184.5,8187.0,23
2026-09-17 12:18:00+00:00,8186.0,8187.5,8186.0,8187.5,10
2026-09-17 12:19:00+00:00,8188.0,8191.5,8187.0,8191.5,26
2026-09-17 12:20:00+00:00,8192.0,8195.0,8192.0,8194.5,36
2026-09-17 12:21:00+00:00,8195.5,8199.0,8195.5,8198.0,109
2026-09-17 12:22:00+00:00,8197.5,8204.0,8197.5,8203.5,277
2026-09-17 12:23:00+00:00,8203.5,8206.5,8203.5,8205.5,165
2026-09-17 12:24:00+00:00,8205.0,8207.5,8204.5,8205.5,122
2026-09-17 12:25:00+00:00,8206.0,8207.0,8204.0,8204.5,70
2026-09-17 12:26:00+00:00,8204.5,8205.0,8203.0,8203.0,61
2026-09-17 12:27:00+00:00,8203.5,8205.5,8201.5,8205.5,164
2026-09-17 12:28:00+00:00,8206.0,8209.0,8204.5,8208.0,82
2026-09-17 12:29:00+00:00,8208.0,8209.0,8207.0,8207.5,50
2026-09-17 12:30:00+00:00,8207.0,8209.5,8205.5,8208.0,93
2026-09-17 12:31:00+00:00,8207.5,8207.5,8203.0,8203.0,40
2026-09-17 12:32:00+00:00,8204.0,8207.0,8203.5,8206.5,52
2026-09-17 12:33:00+00:00,8206.5,8212.0,8205.5,8212.0,102
2026-09-17 12:34:00+00:00,8211.5,8212.0,8210.0,8210.5,31
2026-09-17 12:35:00+00:00,8210.0,8210.5,8208.0,8208.0,24
2026-09-17 12:36:00+00:00,8208.0,8208.0,8204.5,8205.0,43
2026-09-17 12:37:00+00:00,8205.0,8206.5,8204.5,8205.0,34
2026-09-17 12:38:00+00:00,8207.0,8207.0,8206.0,8206.5,34
2026-09-17 12:39:00+00:00,8206.0,8206.5,8205.0,8206.0,20
2026-09-17 12:40:00+00:00,8205.5,8205.5,8204.0,8205.5,7
2026-09-17 12:41:00+00:00,8203.5,8203.5,8201.0,8201.0,21
2026-09-17 12:42:00+00:00,8200.0,8200.0,8198.5,8199.5,38
2026-09-17 12:43:00+00:00,8199.5,8200.5,8199.0,8199.5,16
2026-09-17 12:44:00+00:00,8199.0,8199.0,8196.5,8197.0,12
2026-09-17 12:45:00+00:00,8197.5,8199.5,8197.5,8198.0,13
2026-09-17 12:46:00+00:00,8199.0,8200.5,8199.0,8200.0,11
2026-09-17 12:47:00+00:00,8200.5,8201.0,8200.0,8200.5,10
2026-09-17 12:48:00+00:00,8200.5,8201.0,8200.5,8200.5,4
2026-09-17 12:49:00+00:00,8200.5,8202.0,8200.5,8202.0,19
2026-09-17 12:50:00+00:00,8201.5,8203.0,8201.5,8202.5,17
2026-09-17 12:51:00+00:00,8202.5,8203.0,8201.5,8202.0,28
2026-09-17 12:52:00+00:00,8201.5,8201.5,8200.0,8200.5,18
2026-09-17 12:53:00+00:00,8201.0,8201.0,8200.0,8200.0,15
2026-09-17 12:54:00+00:00,8199.5,8200.0,8199.5,8200.0,12
2026-09-17 12:55:00+00:00,8199.5,8200.0,8198.5,8198.5,4
2026-09-17 12:56:00+00:00,8198.5,8199.0,8197.5,8197.5,8
2026-09-17 12:57:00+00:00,8198.0,8199.5,8198.0,8199.5,9
2026-09-17 12:58:00+00:00,8200.0,8200.0,8199.5,8199.5,3
2026-09-17 12:59:00+00:00,8198.5,8198.5,8197.0,8197.0,14
2026-09-17 13:00:00+00:00,8197.0,8201.0,8197.0,8199.5,35
2026-09-17 13:01:00+00:00,8199.0,8199.0,8197.0,8197.0,22
2026-09-17 13:02:00+00:00,8197.0,8197.5,8197.0,8197.0,25
2026-09-17 13:03:00+00:00,8197.5,8199.0,8197.5,8197.5,4
2026-09-17 13:04:00+00:00,8197.0,8197.0,8195.0,8195.0,24
2026-09-17 13:05:00+00:00,8194.0,8194.0,8192.0,8193.0,25
2026-09-17 13:06:00+00:00,8193.5,8193.5,8192.0,8192.0,10
2026-09-17 13:07:00+00:00,8193.0,8195.5,8193.0,8194.0,17
2026-09-17 13:08:00+00:00,8193.5,8194.5,8192.5,8194.5,26
2026-09-17 13:09:00+00:00,8193.0,8193.0,8192.0,8192.0,19
2026-09-17 13:10:00+00:00,8191.5,8191.5,8190.0,8190.0,20
2026-09-17 13:11:00+00:00,8188.5,8188.5,8186.5,8187.0,30
2026-09-17 13:12:00+00:00,8187.0,8188.0,8187.0,8187.5,19
2026-09-17 13:13:00+00:00,8187.5,8187.5,8187.0,8187.5,10
2026-09-17 13:14:00+00:00,8188.5,8188.5,8188.5,8188.5,7
2026-09-17 13:15:00+00:00,8189.0,8190.5,8189.0,8190.5,17
2026-09-17 13:16:00+00:00,8190.5,8191.0,8189.5,8189.5,8
2026-09-17 13:17:00+00:00,8189.0,8189.0,8188.0,8188.5,8
2026-09-17 13:18:00+00:00,8190.0,8190.5,8189.5,8189.5,12
2026-09-17 13:19:00+00:00,8189.5,8190.5,8189.5,8190.5,3
2026-09-17 13:20:00+00:00,8190.5,8193.0,8190.5,8192.0,24
2026-09-17 13:21:00+00:00,8191.5,8192.5,8190.5,8191.5,8
2026-09-17 13:22:00+00:00,8191.0,8192.5,8191.0,8192.5,16
2026-09-17 13:23:00+00:00,8192.0,8196.0,8192.0,8196.0,66
2026-09-17 13:24:00+00:00,8195.5,8196.0,8194.0,8194.5,19
2026-09-17 13:25:00+00:00,8194.0,8196.5,8193.5,8196.0,9
2026-09-17 13:26:00+00:00,8196.0,8196.0,8195.0,8195.0,5
2026-09-17 13:27:00+00:00,8194.5,8194.5,8192.0,8192.0,21
2026-09-17 13:28:00+00:00,8192.0,8192.5,8191.0,8191.0,7
2026-09-17 13:29:00+00:00,8191.0,8192.0,8190.5,8192.0,21
2026-09-17 13:30:00+00:00,8192.0,8194.5,8190.0,8190.0,61
2026-09-17 13:31:00+00:00,8190.5,8192.0,8190.5,8191.5,15
2026-09-17 13:32:00+00:00,8191.0,8191.5,8188.5,8190.5,31
2026-09-17 13:33:00+00:00,8189.5,8189.5,8186.0,8186.5,9
2026-09-17 13:34:00+00:00,8186.0,8187.0,8184.5,8187.0,57
2026-09-17 13:35:00+00:00,8186.5,8187.5,8186.5,8186.5,12
2026-09-17 13:36:00+00:00,8186.5,8187.0,8185.0,8185.0,15
2026-09-17 13:37:00+00:00,8184.5,8189.5,8184.5,8189.5,19
2026-09-17 13:38:00+00:00,8189.0,8189.5,8186.5,8186.5,11
2026-09-17 13:39:00+00:00,8188.0,8188.0,8184.5,8184.5,8
2026-09-17 13:40:00+00:00,8184.0,8184.5,8183.0,8183.0,14
2026-09-17 13:41:00+00:00,8183.0,8183.0,8179.5,8181.5,20
2026-09-17 13:42:00+00:00,8182.5,8187.5,8182.5,8186.0,26
2026-09-17 13:43:00+00:00,8186.0,8189.5,8186.0,8189.0,55
2026-09-17 13:44:00+00:00,8189.5,8191.0,8189.5,8190.5,25
2026-09-17 13:45:00+00:00,8190.5,8195.0,8190.0,8193.5,56
2026-09-17 13:46:00+00:00,8194.0,8199.5,8194.0,8198.5,75
2026-09-17 13:47:00+00:00,8198.5,8201.5,8198.0,8198.0,38
2026-09-17 13:48:00+00:00,8198.5,8200.0,8197.5,8199.0,50
2026-09-17 13:49:00+00:00,8199.0,8201.5,8198.0,8201.0,24
2026-09-17 13:50:00+00:00,8201.5,8207.0,8201.5,8206.5,69
2026-09-17 13:51:00+00:00,8206.5,8207.0,8204.5,8205.5,43
2026-09-17 13:52:00+00:00,8206.0,8208.5,8205.0,8207.5,73
2026-09-17 13:53:00+00:00,8207.0,8209.0,8206.5,8209.0,26
2026-09-17 13:54:00+00:00,8208.5,8209.0,8206.0,8206.0,32
2026-09-17 13:55:00+00:00,8205.5,8205.5,8202.5,8203.0,26
2026-09-17 13:56:00+00:00,8202.0,8202.0,8199.5,8200.0,26
2026-09-17 13:57:00+00:00,8200.0,8200.5,8198.5,8198.5,19
2026-09-17 13:58:00+00:00,8198.5,8201.0,8198.0,8198.0,21
2026-09-17 13:59:00+00:00,8198.0,8200.5,8197.0,8200.5,21
2026-09-17 14:00:00+00:00,8201.0,8201.5,8197.5,8198.5,46
2026-09-17 14:01:00+00:00,8198.0,8199.5,8195.0,8199.5,41
2026-09-17 14:02:00+00:00,8199.5,8200.5,8196.5,8197.5,29
2026-09-17 14:03:00+00:00,8197.0,8199.5,8197.0,8199.5,13
2026-09-17 14:04:00+00:00,8199.5,8200.0,8198.0,8198.0,19
2026-09-17 14:05:00+00:00,8198.5,8198.5,8196.5,8197.5,11
2026-09-17 14:06:00+00:00,8198.5,8199.5,8198.0,8198.0,22
2026-09-17 14:07:00+00:00,8199.0,8200.0,8198.5,8198.5,18
2026-09-17 14:08:00+00:00,8198.5,8199.5,8197.5,8198.0,25
2026-09-17 14:09:00+00:00,8197.5,8198.0,8197.0,8197.5,27
2026-09-17 14:10:00+00:00,8198.0,8198.0,8195.0,8195.5,11
2026-09-17 14:11:00+00:00,8195.5,8195.5,8194.5,8195.0,16
2026-09-17 14:12:00+00:00,8195.0,8195.0,8193.0,8193.5,16
2026-09-17 14:13:00+00:00,8195.0,8196.5,8195.0,8196.5,14
2026-09-17 14:14:00+00:00,8197.0,8197.0,8196.0,8196.5,13
2026-09-17 14:15:00+00:00,8197.0,8197.5,8197.0,8197.0,7
2026-09-17 14:16:00+00:00,8196.5,8197.0,8195.0,8196.5,31
2026-09-17 14:17:00+00:00,8195.5,8196.5,8195.0,8195.0,11
2026-09-17 14:18:00+00:00,8195.0,8199.0,8195.0,8199.0,11
2026-09-17 14:19:00+00:00,8199.0,8200.0,8198.5,8199.0,20
2026-09-17 14:20:00+00:00,8199.0,8199.0,8198.5,8198.5,7
2026-09-17 14:21:00+00:00,8198.0,8198.5,8197.5,8197.5,17
2026-09-17 14:22:00+00:00,8198.0,8198.0,8196.0,8196.0,7
2026-09-17 14:23:00+00:00,8196.0,8196.5,8193.0,8193.0,32
2026-09-17 14:24:00+00:00,8193.5,8194.0,8192.0,8192.5,51
2026-09-17 14:25:00+00:00,8193.0,8194.0,8192.5,8193.0,24
2026-09-17 14:26:00+00:00,8193.0,8195.0,8192.5,8195.0,39
2026-09-17 14:27:00+00:00,8194.5,8195.5,8193.5,8195.5,11
2026-09-17 14:28:00+00:00,8195.5,8195.5,8193.5,8194.5,5
2026-09-17 14:29:00+00:00,8194.0,8195.5,8194.0,8195.0,17
2026-09-17 14:30:00+00:00,8195.0,8195.5,8193.0,8195.5,18
2026-09-17 14:31:00+00:00,8195.5,8196.5,8194.5,8196.5,10
2026-09-17 14:32:00+00:00,8197.0,8198.5,8197.0,8198.5,17
2026-09-17 14:33:00+00:00,8198.5,8199.0,8198.0,8199.0,15
2026-09-17 14:34:00+00:00,8199.5,8199.5,8199.5,8199.5,3
2026-09-17 14:35:00+00:00,8200.5,8201.0,8198.5,8198.5,9
2026-09-17 14:36:00+00:00,8197.5,8197.5,8195.0,8195.0,14
2026-09-17 14:37:00+00:00,8194.0,8194.0,8191.5,8191.5,21
2026-09-17 14:38:00+00:00,8191.5,8191.5,8190.5,8191.5,33
2026-09-17 14:39:00+00:00,8192.0,8193.0,8191.0,8192.5,7
2026-09-17 14:40:00+00:00,8193.0,8195.5,8193.0,8195.0,15
2026-09-17 14:41:00+00:00,8194.5,8195.5,8194.5,8195.5,12
2026-09-17 14:42:00+00:00,8196.5,8197.5,8196.5,8196.5,6
2026-09-17 14:43:00+00:00,8197.0,8197.0,8196.5,8196.5,2
2026-09-17 14:44:00+00:00,8197.5,8198.5,8196.5,8198.0,22
2026-09-17 14:45:00+00:00,8198.0,8198.0,8197.5,8197.5,4
2026-09-17 14:46:00+00:00,8197.5,8199.0,8196.5,8196.5,43
2026-09-17 14:47:00+00:00,8196.5,8197.0,8196.0,8196.0,14
2026-09-17 14:48:00+00:00,8195.5,8195.5,8195.5,8195.5,2
2026-09-17 14:49:00+00:00,8195.5,8195.5,8195.0,8195.0,7
2026-09-17 14:50:00+00:00,8194.5,8195.0,8191.5,8192.5,19
2026-09-17 14:51:00+00:00,8193.0,8193.0,8190.5,8190.5,32
2026-09-17 14:52:00+00:00,8190.0,8191.0,8189.5,8189.5,37
2026-09-17 14:53:00+00:00,8190.0,8190.5,8188.5,8188.5,9
2026-09-17 14:54:00+00:00,8188.0,8189.5,8188.0,8189.5,8
2026-09-17 14:55:00+00:00,8190.0,8190.0,8187.0,8187.0,12
2026-09-17 14:56:00+00:00,8187.0,8187.5,8186.5,8187.0,35
2026-09-17 14:57:00+00:00,8186.5,8187.5,8185.5,8187.0,15
2026-09-17 14:58:00+00:00,8187.5,8191.0,8187.5,8190.0,26
2026-09-17 14:59:00+00:00,8189.0,8190.0,8188.5,8190.0,27
2026-09-17 15:00:00+00:00,8190.0,8190.5,8188.5,8189.0,148
2026-09-17 15:01:00+00:00,8189.5,8190.0,8188.5,8189.0,35
2026-09-17 15:02:00+00:00,8189.0,8190.0,8187.5,8190.0,59
2026-09-17 15:03:00+00:00,8190.5,8192.0,8190.5,8192.0,25
2026-09-17 15:04:00+00:00,8192.0,8192.5,8189.0,8189.5,36
2026-09-17 15:05:00+00:00,8188.0,8188.0,8186.5,8187.0,36
2026-09-17 15:06:00+00:00,8187.5,8189.5,8187.5,8188.5,29
2026-09-17 15:07:00+00:00,8188.5,8192.5,8188.5,8191.0,71
2026-09-17 15:08:00+00:00,8190.5,8190.5,8188.5,8190.0,25
2026-09-17 15:09:00+00:00,8190.0,8192.0,8189.5,8192.0,33
2026-09-17 15:10:00+00:00,8191.5,8192.0,8191.0,8191.0,36
2026-09-17 15:11:00+00:00,8191.0,8193.0,8191.0,8192.5,30
2026-09-17 15:12:00+00:00,8192.5,8197.0,8192.5,8194.5,66
2026-09-17 15:13:00+00:00,8195.0,8197.0,8195.0,8196.5,36
2026-09-17 15:14:00+00:00,8196.5,8197.0,8196.0,8197.0,28
2026-09-17 15:15:00+00:00,8197.5,8197.5,8195.0,8195.5,63
2026-09-17 15:16:00+00:00,8196.5,8197.5,8196.5,8197.0,21
2026-09-17 15:17:00+00:00,8196.5,8198.0,8194.5,8197.5,117
2026-09-17 15:18:00+00:00,8197.0,8197.5,8197.0,8197.5,11
2026-09-17 15:19:00+00:00,8197.0,8197.0,8194.5,8195.0,20
2026-09-17 15:20:00+00:00,8195.0,8195.0,8193.5,8194.0,33
2026-09-17 15:21:00+00:00,8194.5,8194.5,8192.5,8192.5,51
2026-09-17 15:22:00+00:00,8192.5,8192.5,8190.5,8191.0,41
2026-09-17 15:23:00+00:00,8191.0,8191.0,8189.5,8190.5,31
2026-09-17 15:24:00+00:00,8188.5,8189.0,8188.0,8188.5,52
2026-09-17 15:25:00+00:00,8189.5,8192.5,8189.0,8192.0,123
2026-09-17 15:26:00+00:00,8192.0,8192.0,8188.0,8188.5,104
2026-09-17 15:27:00+00:00,8188.0,8189.0,8187.5,8188.5,43
2026-09-17 15:28:00+00:00,8188.0,8189.0,8188.0,8189.0,52
2026-09-17 15:29:00+00:00,8189.0,8191.5,8186.5,8188.0,147
2026-09-17 15:30:00+00:00,8188.0,8188.0,8186.0,8186.0,80
2026-09-17 15:31:00+00:00,8186.5,8189.0,8184.0,8184.5,100
2026-09-17 15:32:00+00:00,8185.0,8189.0,8185.0,8189.0,34
2026-09-17 15:33:00+00:00,8188.0,8188.0,8183.5,8184.5,62
2026-09-17 15:34:00+00:00,8183.5,8190.5,8181.0,8189.0,306
2026-09-17 15:35:00+00:00,8189.0,8191.5,8187.5,8191.0,115
2026-09-17 15:36:00+00:00,8191.0,8191.5,8190.5,8190.5,26
2026-09-17 15:37:00+00:00,8190.0,8190.0,8188.5,8189.0,29
2026-09-17 15:38:00+00:00,8189.5,8191.5,8189.5,8191.0,25
2026-09-17 15:39:00+00:00,8191.0,8191.0,8190.0,8190.5,13
2026-09-17 15:40:00+00:00,8191.0,8192.5,8191.0,8192.0,34
2026-09-17 15:41:00+00:00,8192.5,8192.5,8189.5,8189.5,37
2026-09-17 15:42:00+00:00,8189.0,8189.5,8188.5,8188.5,27
2026-09-17 15:43:00+00:00,8188.0,8188.5,8188.0,8188.0,14
2026-09-17 15:44:00+00:00,8188.5,8188.5,8187.5,8187.5,6
2026-09-17 15:45:00+00:00,8187.5,8187.5,8187.5,8187.5,3
2026-09-17 15:46:00+00:00,8187.5,8188.0,8187.5,8188.0,4
2026-09-17 15:47:00+00:00,8187.0,8187.0,8187.0,8187.0,3
2026-09-17 15:48:00+00:00,8186.5,8186.5,8186.5,8186.5,3
2026-09-17 15:49:00+00:00,8186.0,8189.5,8185.5,8186.0,31
2026-09-17 15:50:00+00:00,8187.5,8187.5,8185.0,8185.0,3
2026-09-17 15:52:00+00:00,8184.5,8184.5,8184.5,8184.5,1
2026-09-17 15:53:00+00:00,8185.5,8185.5,8185.5,8185.5,1
2026-09-17 15:54:00+00:00,8186.5,8186.5,8186.5,8186.5,10
2026-09-17 15:55:00+00:00,8185.5,8186.5,8185.5,8186.5,8
2026-09-17 15:56:00+00:00,8184.5,8184.5,8184.5,8184.5,1
2026-09-17 15:57:00+00:00,8185.0,8185.0,8185.0,8185.0,6
2026-09-17 15:58:00+00:00,8185.5,8185.5,8185.5,8185.5,2
2026-09-17 15:59:00+00:00,8186.0,8186.5,8186.0,8186.5,5
2026-09-17 16:00:00+00:00,8187.5,8187.5,8187.5,8187.5,2
2026-09-17 16:01:00+00:00,8188.5,8189.0,8188.0,8188.0,16
2026-09-17 16:04:00+00:00,8188.5,8188.5,8187.5,8187.5,2
2026-09-17 16:05:00+00:00,8186.5,8186.5,8186.0,8186.0,3
2026-09-17 16:06:00+00:00,8185.5,8185.5,8184.5,8184.5,2
2026-09-17 16:07:00+00:00,8184.0,8184.0,8183.5,8183.5,3
2026-09-17 16:08:00+00:00,8183.0,8183.5,8183.0,8183.0,3
2026-09-17 16:09:00+00:00,8183.0,8184.5,8183.0,8184.5,8
2026-09-17 16:10:00+00:00,8184.5,8184.5,8184.5,8184.5,2
2026-09-17 16:11:00+00:00,8182.5,8182.5,8181.5,8181.5,8
2026-09-17 16:12:00+00:00,8181.0,8181.0,8180.5,8180.5,7
2026-09-17 16:13:00+00:00,8180.0,8180.0,8180.0,8180.0,2
2026-09-17 16:15:00+00:00,8179.5,8179.5,8178.0,8178.5,19
2026-09-17 16:16:00+00:00,8178.0,8178.0,8178.0,8178.0,2
2026-09-17 16:17:00+00:00,8177.5,8177.5,8177.5,8177.5,2
2026-09-17 16:18:00+00:00,8176.5,8177.5,8176.5,8177.0,14
2026-09-17 16:19:00+00:00,8177.0,8177.0,8176.5,8177.0,3
2026-09-17 16:20:00+00:00,8176.5,8176.5,8176.5,8176.5,1
2026-09-17 16:21:00+00:00,8176.5,8177.0,8176.5,8177.0,2
2026-09-17 16:22:00+00:00,8176.5,8177.5,8176.5,8177.5,16
2026-09-17 16:23:00+00:00,8176.5,8176.5,8176.0,8176.0,2
2026-09-17 16:25:00+00:00,8176.0,8176.0,8176.0,8176.0,1
2026-09-17 16:26:00+00:00,8175.5,8175.5,8175.5,8175.5,1
2026-09-17 16:27:00+00:00,8176.0,8176.0,8174.5,8174.5,14
2026-09-17 16:28:00+00:00,8175.0,8175.0,8174.5,8174.5,3
2026-09-17 16:29:00+00:00,8174.0,8175.5,8174.0,8175.5,7
2026-09-17 16:30:00+00:00,8175.5,8175.5,8175.0,8175.0,3
2026-09-17 16:31:00+00:00,8174.5,8174.5,8173.0,8173.0,6
2026-09-17 16:32:00+00:00,8173.5,8174.0,8173.5,8174.0,4
2026-09-17 16:33:00+00:00,8171.0,8171.0,8171.0,8171.0,1
2026-09-17 16:34:00+00:00,8171.5,8171.5,8171.5,8171.5,1
2026-09-17 16:35:00+00:00,8172.0,8172.0,8172.0,8172.0,4
2026-09-17 16:36:00+00:00,8172.5,8172.5,8172.5,8172.5,1
2026-09-17 16:37:00+00:00,8172.5,8173.5,8172.5,8173.5,3
2026-09-17 16:38:00+00:00,8173.5,8173.5,8173.0,8173.0,3
2026-09-17 16:40:00+00:00,8174.0,8175.0,8174.0,8175.0,2
2026-09-17 16:41:00+00:00,8175.0,8175.0,8174.5,8174.5,10
2026-09-17 16:42:00+00:00,8174.5,8175.0,8174.5,8175.0,7
2026-09-17 16:43:00+00:00,8175.5,8175.5,8175.5,8175.5,1
2026-09-17 16:44:00+00:00,8175.5,8175.5,8175.5,8175.5,4
2026-09-17 16:46:00+00:00,8175.0,8175.0,8175.0,8175.0,1
2026-09-17 16:47:00+00:00,8174.5,8176.0,8174.5,8175.5,5
2026-09-17 16:50:00+00:00,8171.5,8171.5,8171.5,8171.5,3
2026-09-17 16:51:00+00:00,8172.0,8173.0,8172.0,8173.0,13
2026-09-17 16:52:00+00:00,8172.5,8172.5,8172.5,8172.5,1
2026-09-17 16:55:00+00:00,8172.5,8172.5,8164.0,8165.0,141
2026-09-17 16:56:00+00:00,8165.0,8165.5,8163.5,8163.5,6
2026-09-17 16:57:00+00:00,8164.0,8166.0,8162.5,8166.0,30
2026-09-17 16:58:00+00:00,8166.0,8167.5,8166.0,8167.5,7
2026-09-17 16:59:00+00:00,8167.0,8169.0,8167.0,8169.0,10
2026-09-17 17:00:00+00:00,8169.5,8169.5,8169.5,8169.5,1
2026-09-17 17:01:00+00:00,8171.0,8171.0,8171.0,8171.0,1
2026-09-17 17:02:00+00:00,8170.5,8170.5,8170.5,8170.5,1
2026-09-17 17:03:00+00:00,8169.5,8171.5,8169.5,8170.5,14
2026-09-17 17:04:00+00:00,8172.0,8172.0,8172.0,8172.0,1
2026-09-17 17:05:00+00:00,8172.0,8172.0,8171.0,8171.0,7
2026-09-17 17:06:00+00:00,8171.0,8172.5,8171.0,8172.5,3
2026-09-17 17:07:00+00:00,8172.0,8172.0,8172.0,8172.0,3
2026-09-17 17:08:00+00:00,8171.5,8171.5,8169.5,8169.5,5
2026-09-17 17:09:00+00:00,8169.0,8169.0,8167.5,8167.5,4
2026-09-17 17:11:00+00:00,8164.0,8165.0,8164.0,8165.0,4
2026-09-17 17:12:00+00:00,8164.0,8164.0,8162.5,8163.5,7
2026-09-17 17:13:00+00:00,8164.0,8166.0,8164.0,8166.0,4
2026-09-17 17:14:00+00:00,8166.0,8166.0,8165.0,8165.0,3
2026-09-17 17:15:00+00:00,8167.0,8167.0,8166.5,8166.5,2
2026-09-17 17:17:00+00:00,8167.0,8167.0,8165.0,8165.0,4
2026-09-17 17:18:00+00:00,8164.0,8164.0,8164.0,8164.0,1
2026-09-17 17:19:00+00:00,8165.0,8165.0,8165.0,8165.0,1
2026-09-17 17:20:00+00:00,8165.5,8165.5,8165.5,8165.5,1
2026-09-17 17:22:00+00:00,8165.0,8165.0,8165.0,8165.0,2
2026-09-17 17:25:00+00:00,8162.5,8162.5,8162.5,8162.5,1
2026-09-17 17:27:00+00:00,8162.5,8162.5,8162.0,8162.0,2
2026-09-17 17:29:00+00:00,8164.5,8166.0,8164.5,8166.0,7
2026-09-17 17:30:00+00:00,8165.5,8165.5,8165.5,8165.5,1
2026-09-17 17:31:00+00:00,8166.0,8166.0,8166.0,8166.0,1
2026-09-17 17:45:00+00:00,8165.0,8165.0,8165.0,8165.0,1
2026-09-17 17:52:00+00:00,8164.5,8164.5,8162.0,8162.0,3
2026-09-17 17:57:00+00:00,8166.0,8166.0,8166.0,8166.0,1
2026-09-17 17:58:00+00:00,8164.5,8164.5,8164.5,8164.5,1
2026-09-17 18:00:00+00:00,8163.0,8164.5,8162.5,8164.5,5
2026-09-17 18:08:00+00:00,8160.5,8160.5,8160.5,8160.5,1
2026-09-17 18:14:00+00:00,8165.0,8165.0,8165.0,8165.0,1
2026-09-17 18:17:00+00:00,8163.5,8163.5,8163.5,8163.5,1
2026-09-17 18:21:00+00:00,8161.0,8161.0,8161.0,8161.0,1
2026-09-17 18:22:00+00:00,8160.0,8160.0,8160.0,8160.0,1
2026-09-17 18:25:00+00:00,8161.5,8161.5,8161.5,8161.5,1
2026-09-17 18:32:00+00:00,8162.5,8162.5,8162.5,8162.5,1
2026-09-17 18:49:00+00:00,8163.0,8163.0,8163.0,8163.0,2
2026-09-17 18:52:00+00:00,8161.5,8161.5,8161.5,8161.5,1
2026-09-17 18:55:00+00:00,8161.5,8162.0,8161.5,8162.0,2
2026-09-17 18:56:00+00:00,8162.5,8162.5,8162.5,8162.5,1
2026-09-17 18:57:00+00:00,8164.0,8164.0,8163.0,8164.0,3
2026-09-17 18:58:00+00:00,8163.0,8163.0,8163.0,8163.0,2
2026-09-17 19:00:00+00:00,8164.0,8164.0,8164.0,8164.0,1
2026-09-17 19:01:00+00:00,8165.0,8165.5,8164.5,8164.5,5
2026-09-17 19:02:00+00:00,8163.5,8163.5,8163.5,8163.5,1
2026-09-17 19:04:00+00:00,8164.0,8164.0,8164.0,8164.0,1
2026-09-17 19:06:00+00:00,8165.5,8166.5,8165.5,8166.5,6
2026-09-17 19:07:00+00:00,8166.5,8170.5,8166.5,8167.0,25
2026-09-17 19:08:00+00:00,8167.0,8167.0,8163.0,8165.0,32
2026-09-17 19:09:00+00:00,8166.5,8168.0,8161.0,8167.0,40
2026-09-17 19:13:00+00:00,8165.5,8165.5,8165.5,8165.5,1
2026-09-17 19:22:00+00:00,8162.0,8162.0,8161.5,8161.5,3
2026-09-17 19:24:00+00:00,8162.0,8162.0,8162.0,8162.0,1
2026-09-17 19:27:00+00:00,8162.0,8162.0,8158.5,8160.0,10
2026-09-17 19:28:00+00:00,8161.0,8161.0,8161.0,8161.0,1
2026-09-17 19:29:00+00:00,8160.0,8160.0,8160.0,8160.0,1
2026-09-17 19:31:00+00:00,8163.5,8164.0,8163.5,8164.0,2
2026-09-17 19:33:00+00:00,8162.0,8162.0,8161.5,8161.5,3
2026-09-17 19:35:00+00:00,8163.0,8163.0,8163.0,8163.0,1
2026-09-17 19:37:00+00:00,8161.5,8163.5,8159.5,8163.5,15
2026-09-17 19:38:00+00:00,8162.5,8164.5,8158.5,8160.0,25
2026-09-17 19:39:00+00:00,8159.5,8159.5,8158.5,8158.5,4
2026-09-17 19:41:00+00:00,8160.0,8160.0,8160.0,8160.0,1
2026-09-17 19:42:00+00:00,8157.5,8157.5,8156.5,8157.5,12
2026-09-17 19:46:00+00:00,8158.0,8158.0,8158.0,8158.0,1
2026-09-17 19:47:00+00:00,8159.0,8159.0,8155.5,8156.0,9
2026-09-17 19:48:00+00:00,8157.0,8160.5,8154.5,8160.5,19
2026-09-17 19:49:00+00:00,8160.0,8160.0,8160.0,8160.0,2
2026-09-17 19:50:00+00:00,8158.5,8158.5,8158.5,8158.5,1
2026-09-17 19:51:00+00:00,8158.0,8158.0,8157.5,8157.5,2
2026-09-17 19:55:00+00:00,8159.0,8163.5,8159.0,8162.0,7
2026-09-17 19:56:00+00:00,8162.5,8168.5,8161.5,8162.5,17
2026-09-17 19:58:00+00:00,8162.0,8163.5,8162.0,8163.5,3
2026-09-17 19:59:00+00:00,8167.0,8167.5,8150.5,8158.0,29
2026-09-18 06:00:00+00:00,8164.0,8164.0,8161.5,8162.5,70
2026-09-18 06:01:00+00:00,8163.5,8165.5,8162.0,8163.0,44
2026-09-18 06:02:00+00:00,8161.5,8162.0,8158.5,8160.0,45
2026-09-18 06:03:00+00:00,8159.5,8159.5,8157.0,8158.0,10
2026-09-18 06:04:00+00:00,8157.5,8157.5,8156.5,8156.5,7
2026-09-18 06:05:00+00:00,8158.0,8159.5,8158.0,8159.0,18
2026-09-18 06:06:00+00:00,8160.0,8160.0,8158.0,8158.5,25
2026-09-18 06:07:00+00:00,8158.5,8158.5,8158.0,8158.0,10
2026-09-18 06:08:00+00:00,8158.0,8158.5,8157.5,8158.5,12
2026-09-18 06:09:00+00:00,8159.0,8159.0,8157.0,8157.0,21
2026-09-18 06:10:00+00:00,8158.0,8158.0,8156.5,8156.5,11
2026-09-18 06:11:00+00:00,8157.0,8160.0,8157.0,8159.5,32
2026-09-18 06:12:00+00:00,8159.5,8160.5,8159.0,8159.0,9
2026-09-18 06:13:00+00:00,8159.0,8159.0,8158.5,8158.5,9
2026-09-18 06:14:00+00:00,8158.5,8158.5,8157.5,8157.5,5
2026-09-18 06:15:00+00:00,8159.5,8159.5,8157.5,8158.0,11
2026-09-18 06:16:00+00:00,8157.5,8157.5,8155.5,8157.5,18
2026-09-18 06:17:00+00:00,8157.0,8157.0,8154.0,8155.0,8
2026-09-18 06:18:00+00:00,8154.5,8154.5,8152.0,8152.0,11
2026-09-18 06:19:00+00:00,8153.5,8154.0,8153.5,8153.5,3
2026-09-18 06:20:00+00:00,8154.0,8155.5,8153.5,8155.5,13
2026-09-18 06:21:00+00:00,8155.0,8156.0,8154.0,8156.0,13
2026-09-18 06:22:00+00:00,8156.5,8158.5,8155.5,8158.0,26
2026-09-18 06:23:00+00:00,8158.0,8161.5,8158.0,8159.0,23
2026-09-18 06:24:00+00:00,8159.0,8159.5,8159.0,8159.5,7
2026-09-18 06:25:00+00:00,8160.5,8161.5,8160.5,8161.5,10
2026-09-18 06:26:00+00:00,8160.5,8160.5,8157.0,8157.0,11
2026-09-18 06:27:00+00:00,8157.5,8158.0,8157.5,8158.0,8
2026-09-18 06:28:00+00:00,8158.0,8158.5,8158.0,8158.5,2
2026-09-18 06:29:00+00:00,8158.5,8159.0,8157.0,8157.0,10
2026-09-18 06:30:00+00:00,8159.0,8160.5,8158.0,8160.5,27
2026-09-18 06:31:00+00:00,8161.5,8165.0,8161.0,8165.0,38
2026-09-18 06:32:00+00:00,8165.5,8166.5,8165.0,8166.0,24
2026-09-18 06:33:00+00:00,8166.0,8166.5,8164.5,8164.5,30
2026-09-18 06:34:00+00:00,8164.0,8167.0,8164.0,8166.5,8
2026-09-18 06:35:00+00:00,8167.5,8167.5,8165.5,8165.5,8
2026-09-18 06:36:00+00:00,8165.5,8165.5,8164.5,8165.5,7
2026-09-18 06:37:00+00:00,8164.5,8164.5,8164.0,8164.5,4
2026-09-18 06:38:00+00:00,8164.5,8164.5,8164.0,8164.0,6
2026-09-18 06:39:00+00:00,8164.5,8164.5,8163.5,8163.5,9
2026-09-18 06:40:00+00:00,8164.0,8164.0,8164.0,8164.0,1
2026-09-18 06:41:00+00:00,8164.0,8164.5,8164.0,8164.0,4
2026-09-18 06:42:00+00:00,8162.5,8162.5,8160.0,8160.0,28
2026-09-18 06:43:00+00:00,8160.0,8160.5,8160.0,8160.5,4
2026-09-18 06:44:00+00:00,8160.5,8162.0,8160.0,8160.0,17
2026-09-18 06:45:00+00:00,8161.0,8161.0,8159.0,8160.5,9
2026-09-18 06:46:00+00:00,8160.0,8162.0,8160.0,8161.0,28
2026-09-18 06:47:00+00:00,8161.5,8161.5,8158.5,8158.5,21
2026-09-18 06:48:00+00:00,8160.0,8160.5,8159.5,8160.5,8
2026-09-18 06:49:00+00:00,8161.0,8161.0,8160.5,8160.5,5
2026-09-18 06:50:00+00:00,8161.0,8161.0,8159.5,8159.5,10
2026-09-18 06:51:00+00:00,8160.0,8160.0,8157.5,8158.0,12
2026-09-18 06:52:00+00:00,8158.0,8158.0,8156.0,8156.0,4
2026-09-18 06:53:00+00:00,8156.5,8156.5,8153.0,8153.5,18
2026-09-18 06:54:00+00:00,8153.0,8153.0,8152.0,8152.5,14
2026-09-18 06:55:00+00:00,8152.0,8152.0,8149.5,8149.5,28
2026-09-18 06:56:00+00:00,8150.5,8152.0,8150.0,8150.5,28
2026-09-18 06:57:00+00:00,8150.0,8151.0,8149.0,8149.0,24
2026-09-18 06:58:00+00:00,8149.5,8151.0,8149.0,8149.5,32
2026-09-18 06:59:00+00:00,8150.5,8153.0,8147.0,8151.5,147
2026-09-18 07:00:00+00:00,8151.5,8151.5,8141.5,8147.5,847
2026-09-18 07:01:00+00:00,8148.0,8148.0,8142.5,8146.0,240
2026-09-18 07:02:00+00:00,8146.0,8146.0,8135.0,8137.5,337
2026-09-18 07:03:00+00:00,8138.0,8146.0,8135.0,8145.0,299
2026-09-18 07:04:00+00:00,8145.0,8145.0,8139.0,8141.0,149
2026-09-18 07:05:00+00:00,8140.5,8141.0,8137.5,8139.0,170
2026-09-18 07:06:00+00:00,8138.5,8142.5,8138.5,8141.5,131
2026-09-18 07:07:00+00:00,8142.0,8149.0,8141.0,8148.5,125
2026-09-18 07:08:00+00:00,8150.0,8150.5,8147.5,8148.5,109
2026-09-18 07:09:00+00:00,8147.5,8149.5,8145.0,8149.0,104
2026-09-18 07:10:00+00:00,8149.0,8150.0,8146.5,8146.5,68
2026-09-18 07:11:00+00:00,8146.0,8147.0,8141.0,8143.5,115
2026-09-18 07:12:00+00:00,8143.0,8147.5,8143.0,8147.5,97
2026-09-18 07:13:00+00:00,8148.0,8152.5,8148.0,8151.5,58
2026-09-18 07:14:00+00:00,8151.0,8151.0,8147.0,8148.0,71
2026-09-18 07:15:00+00:00,8148.0,8149.5,8143.5,8143.5,76
2026-09-18 07:16:00+00:00,8143.5,8145.0,8142.0,8144.5,120
2026-09-18 07:17:00+00:00,8143.5,8145.0,8141.5,8142.5,79
2026-09-18 07:18:00+00:00,8143.0,8147.0,8143.0,8145.0,53
2026-09-18 07:19:00+00:00,8145.5,8148.0,8145.5,8146.0,54
2026-09-18 07:20:00+00:00,8146.0,8150.5,8146.0,8149.5,91
2026-09-18 07:21:00+00:00,8149.5,8149.5,8146.0,8146.0,71
2026-09-18 07:22:00+00:00,8145.5,8147.5,8144.5,8147.5,71
2026-09-18 07:23:00+00:00,8146.5,8150.5,8146.0,8147.0,72
2026-09-18 07:24:00+00:00,8147.5,8147.5,8142.0,8142.5,64
2026-09-18 07:25:00+00:00,8143.0,8143.5,8139.5,8142.0,79
2026-09-18 07:26:00+00:00,8142.0,8144.5,8141.0,8141.0,63
2026-09-18 07:27:00+00:00,8141.0,8141.0,8137.0,8138.0,63
2026-09-18 07:28:00+00:00,8137.5,8139.5,8136.0,8137.0,85
2026-09-18 07:29:00+00:00,8137.5,8140.0,8136.5,8140.0,64
2026-09-18 07:30:00+00:00,8140.5,8142.5,8140.5,8141.0,83
2026-09-18 07:31:00+00:00,8141.0,8141.0,8134.0,8134.5,92
2026-09-18 07:32:00+00:00,8134.5,8135.5,8131.0,8135.5,114
2026-09-18 07:33:00+00:00,8134.5,8137.5,8134.5,8136.0,64
2026-09-18 07:34:00+00:00,8136.5,8140.5,8136.0,8140.5,64
2026-09-18 07:35:00+00:00,8140.0,8140.0,8136.0,8136.5,43
2026-09-18 07:36:00+00:00,8136.0,8137.0,8135.5,8137.0,66
2026-09-18 07:37:00+00:00,8136.5,8141.0,8133.0,8139.5,84
2026-09-18 07:38:00+00:00,8140.0,8140.0,8136.0,8136.5,47
2026-09-18 07:39:00+00:00,8135.5,8136.0,8134.0,8135.0,70
2026-09-18 07:40:00+00:00,8135.0,8135.5,8131.0,8132.0,75
2026-09-18 07:41:00+00:00,8132.5,8132.5,8129.5,8132.0,94
2026-09-18 07:42:00+00:00,8132.0,8132.0,8127.0,8127.5,83
2026-09-18 07:43:00+00:00,8128.0,8129.5,8127.5,8129.0,91
2026-09-18 07:44:00+00:00,8128.0,8128.0,8125.5,8127.5,179
2026-09-18 07:45:00+00:00,8128.0,8128.5,8125.0,8126.5,66
2026-09-18 07:46:00+00:00,8126.5,8130.0,8124.5,8129.0,470
2026-09-18 07:47:00+00:00,8130.0,8131.5,8128.0,8130.0,59
2026-09-18 07:48:00+00:00,8130.0,8130.5,8127.5,8130.0,75
2026-09-18 07:49:00+00:00,8130.0,8131.0,8129.5,8130.0,75
2026-09-18 07:50:00+00:00,8130.0,8130.5,8127.0,8129.5,71
2026-09-18 07:51:00+00:00,8130.0,8130.5,8128.5,8130.0,86
2026-09-18 07:52:00+00:00,8131.0,8134.0,8131.0,8133.0,75
2026-09-18 07:53:00+00:00,8134.0,8138.0,8134.0,8137.5,70
2026-09-18 07:54:00+00:00,8137.5,8139.5,8137.5,8139.5,40
2026-09-18 07:55:00+00:00,8139.5,8140.0,8138.0,8138.5,60
2026-09-18 07:56:00+00:00,8139.0,8141.5,8138.5,8140.5,116
2026-09-18 07:57:00+00:00,8139.5,8139.5,8138.0,8139.5,28
2026-09-18 07:58:00+00:00,8139.5,8141.5,8139.5,8141.0,24
2026-09-18 07:59:00+00:00,8141.0,8141.0,8138.0,8138.5,36
2026-09-18 08:00:00+00:00,8138.5,8138.5,8132.5,8134.5,152
2026-09-18 08:01:00+00:00,8134.5,8134.5,8131.5,8131.5,77
2026-09-18 08:02:00+00:00,8131.5,8134.0,8131.0,8133.0,52
2026-09-18 08:03:00+00:00,8132.5,8132.5,8130.5,8131.0,39
2026-09-18 08:04:00+00:00,8131.5,8133.5,8131.5,8132.0,26
2026-09-18 08:05:00+00:00,8132.0,8132.0,8128.0,8128.0,112
2026-09-18 08:06:00+00:00,8128.5,8129.0,8126.0,8129.0,83
2026-09-18 08:07:00+00:00,8130.0,8132.5,8129.5,8131.0,80
2026-09-18 08:08:00+00:00,8131.5,8132.0,8129.5,8130.0,39
2026-09-18 08:09:00+00:00,8130.0,8130.5,8127.5,8127.5,48
2026-09-18 08:10:00+00:00,8127.5,8130.0,8125.5,8129.0,65
2026-09-18 08:11:00+00:00,8129.0,8130.0,8128.0,8128.0,50
2026-09-18 08:12:00+00:00,8129.0,8131.0,8127.5,8127.5,73
2026-09-18 08:13:00+00:00,8127.0,8128.0,8126.0,8126.0,42
2026-09-18 08:14:00+00:00,8126.5,8127.5,8125.5,8125.5,67
2026-09-18 08:15:00+00:00,8125.5,8126.0,8124.0,8126.0,53
2026-09-18 08:16:00+00:00,8126.0,8126.0,8124.0,8124.0,65
2026-09-18 08:17:00+00:00,8124.0,8124.0,8123.0,8123.0,38
2026-09-18 08:18:00+00:00,8123.5,8124.0,8122.5,8123.0,37
2026-09-18 08:19:00+00:00,8123.0,8125.0,8122.5,8125.0,60
2026-09-18 08:20:00+00:00,8125.0,8125.5,8123.0,8125.5,40
2026-09-18 08:21:00+00:00,8126.5,8126.5,8122.0,8122.0,44
2026-09-18 08:22:00+00:00,8123.0,8123.0,8119.0,8119.5,78
2026-09-18 08:23:00+00:00,8119.5,8120.0,8116.0,8116.0,147
2026-09-18 08:24:00+00:00,8116.5,8121.0,8116.5,8120.0,132
2026-09-18 08:25:00+00:00,8120.0,8121.0,8119.0,8119.5,62
2026-09-18 08:26:00+00:00,8119.5,8120.5,8118.0,8120.5,90
2026-09-18 08:27:00+00:00,8121.0,8122.0,8118.5,8120.0,47
2026-09-18 08:28:00+00:00,8119.5,8119.5,8118.5,8119.5,67
2026-09-18 08:29:00+00:00,8119.0,8120.0,8118.0,8118.5,74
2026-09-18 08:30:00+00:00,8118.5,8119.5,8118.0,8119.0,73
2026-09-18 08:31:00+00:00,8119.0,8122.0,8118.5,8121.0,75
2026-09-18 08:32:00+00:00,8121.5,8123.5,8121.0,8123.5,44
2026-09-18 08:33:00+00:00,8123.5,8124.5,8122.5,8123.0,46
2026-09-18 08:34:00+00:00,8123.5,8123.5,8122.0,8122.5,39
2026-09-18 08:35:00+00:00,8122.5,8125.0,8121.5,8122.0,55
2026-09-18 08:36:00+00:00,8122.0,8122.0,8120.0,8120.0,75
2026-09-18 08:37:00+00:00,8120.5,8123.0,8120.0,8122.5,78
2026-09-18 08:38:00+00:00,8122.5,8125.5,8122.0,8124.0,49
2026-09-18 08:39:00+00:00,8124.0,8128.0,8124.0,8127.0,49
2026-09-18 08:40:00+00:00,8128.0,8130.0,8128.0,8129.0,97
2026-09-18 08:41:00+00:00,8129.0,8129.5,8128.0,8128.0,40
2026-09-18 08:42:00+00:00,8128.0,8129.5,8127.0,8129.5,83
2026-09-18 08:43:00+00:00,8129.0,8130.5,8128.5,8130.0,37
2026-09-18 08:44:00+00:00,8129.5,8130.5,8129.0,8130.0,35
2026-09-18 08:45:00+00:00,8130.5,8132.0,8130.5,8131.5,34
2026-09-18 08:46:00+00:00,8131.0,8131.5,8129.5,8131.0,106
2026-09-18 08:47:00+00:00,8131.5,8131.5,8127.5,8127.5,66
2026-09-18 08:48:00+00:00,8128.5,8130.5,8128.5,8129.0,24
2026-09-18 08:49:00+00:00,8128.5,8130.5,8128.5,8130.5,26
2026-09-18 08:50:00+00:00,8130.5,8131.0,8129.5,8131.0,51
2026-09-18 08:51:00+00:00,8131.0,8132.0,8130.5,8131.0,50
2026-09-18 08:52:00+00:00,8131.0,8132.0,8127.0,8129.0,205
2026-09-18 08:53:00+00:00,8129.0,8132.5,8128.0,8131.5,107
2026-09-18 08:54:00+00:00,8132.0,8132.0,8130.5,8131.0,54
2026-09-18 08:55:00+00:00,8131.0,8133.5,8131.0,8132.0,75
2026-09-18 08:56:00+00:00,8131.5,8133.5,8130.0,8133.5,78
2026-09-18 08:57:00+00:00,8134.0,8135.0,8132.5,8132.5,73
2026-09-18 08:58:00+00:00,8132.5,8133.5,8129.5,8130.0,68
2026-09-18 08:59:00+00:00,8130.5,8132.0,8130.0,8130.5,43
2026-09-18 09:00:00+00:00,8130.5,8131.0,8127.5,8129.0,94
2026-09-18 09:01:00+00:00,8129.5,8129.5,8128.0,8128.0,81
2026-09-18 09:02:00+00:00,8128.0,8130.0,8128.0,8130.0,53
2026-09-18 09:03:00+00:00,8130.0,8131.0,8128.5,8130.5,125
2026-09-18 09:04:00+00:00,8130.5,8132.0,8127.5,8127.5,148
2026-09-18 09:05:00+00:00,8127.0,8127.5,8125.5,8126.5,70
2026-09-18 09:06:00+00:00,8126.5,8131.0,8126.5,8129.5,55
2026-09-18 09:07:00+00:00,8130.0,8133.0,8129.5,8132.0,34
2026-09-18 09:08:00+00:00,8132.0,8132.0,8129.5,8132.0,77
2026-09-18 09:09:00+00:00,8132.0,8132.0,8129.5,8130.0,39
2026-09-18 09:10:00+00:00,8130.0,8130.5,8126.5,8129.5,86
2026-09-18 09:11:00+00:00,8130.0,8130.5,8128.0,8130.5,32
2026-09-18 09:12:00+00:00,8130.5,8130.5,8129.0,8129.0,31
2026-09-18 09:13:00+00:00,8129.5,8132.5,8129.5,8132.0,48
2026-09-18 09:14:00+00:00,8132.5,8133.0,8130.5,8130.5,54
2026-09-18 09:15:00+00:00,8130.0,8130.0,8128.0,8129.0,27
2026-09-18 09:16:00+00:00,8130.0,8131.5,8129.0,8131.0,25
2026-09-18 09:17:00+00:00,8132.0,8132.0,8131.0,8132.0,31
2026-09-18 09:18:00+00:00,8131.5,8134.0,8131.5,8133.5,22
2026-09-18 09:19:00+00:00,8134.0,8136.0,8133.0,8133.0,35
2026-09-18 09:20:00+00:00,8133.0,8134.0,8131.0,8133.5,62
2026-09-18 09:21:00+00:00,8133.0,8133.0,8131.5,8132.5,41
2026-09-18 09:22:00+00:00,8132.0,8135.0,8131.5,8133.0,36
2026-09-18 09:23:00+00:00,8132.5,8133.5,8131.5,8133.0,32
2026-09-18 09:24:00+00:00,8132.5,8133.0,8131.5,8131.5,35
2026-09-18 09:25:00+00:00,8131.5,8131.5,8129.5,8130.5,45
2026-09-18 09:26:00+00:00,8130.0,8130.0,8127.5,8129.0,62
2026-09-18 09:27:00+00:00,8129.0,8129.0,8127.5,8128.0,58
2026-09-18 09:28:00+00:00,8128.5,8131.5,8128.5,8131.5,22
2026-09-18 09:29:00+00:00,8131.0,8132.0,8130.0,8130.5,48
2026-09-18 09:30:00+00:00,8130.0,8130.0,8126.5,8127.5,64
2026-09-18 09:31:00+00:00,8127.5,8127.5,8126.0,8127.5,42
2026-09-18 09:32:00+00:00,8128.0,8128.0,8125.0,8125.5,32
2026-09-18 09:33:00+00:00,8125.0,8125.0,8123.0,8123.5,53
2026-09-18 09:34:00+00:00,8123.0,8123.5,8121.5,8122.5,42
2026-09-18 09:35:00+00:00,8122.5,8125.0,8122.5,8123.5,72
2026-09-18 09:36:00+00:00,8124.0,8126.0,8124.0,8124.0,43
2026-09-18 09:37:00+00:00,8124.5,8126.0,8124.0,8126.0,57
2026-09-18 09:38:00+00:00,8125.5,8125.5,8122.0,8123.0,100
2026-09-18 09:39:00+00:00,8123.0,8127.0,8123.0,8126.0,44
2026-09-18 09:40:00+00:00,8125.5,8125.5,8123.0,8125.0,140
2026-09-18 09:41:00+00:00,8125.0,8126.5,8123.5,8126.5,47
2026-09-18 09:42:00+00:00,8127.0,8127.0,8124.5,8127.0,50
2026-09-18 09:43:00+00:00,8128.0,8130.0,8127.0,8127.0,83
2026-09-18 09:44:00+00:00,8127.0,8128.0,8124.5,8125.0,99
2026-09-18 09:45:00+00:00,8124.5,8125.5,8124.0,8124.5,57
2026-09-18 09:46:00+00:00,8125.0,8126.5,8124.5,8126.5,56
2026-09-18 09:47:00+00:00,8126.5,8126.5,8124.5,8125.0,27
2026-09-18 09:48:00+00:00,8124.5,8125.0,8122.0,8122.5,50
2026-09-18 09:49:00+00:00,8123.0,8123.5,8120.5,8121.0,153
2026-09-18 09:50:00+00:00,8121.0,8128.0,8117.0,8127.5,344
2026-09-18 09:51:00+00:00,8127.0,8131.0,8124.5,8129.5,295
2026-09-18 09:52:00+00:00,8129.0,8131.0,8125.5,8130.5,247
2026-09-18 09:53:00+00:00,8130.5,8130.5,8125.0,8127.0,196
2026-09-18 09:54:00+00:00,8127.5,8127.5,8123.5,8124.5,193
2026-09-18 09:55:00+00:00,8125.0,8125.5,8120.5,8121.0,228
2026-09-18 09:56:00+00:00,8123.0,8125.5,8121.0,8122.5,145
2026-09-18 09:57:00+00:00,8123.0,8126.0,8122.0,8123.5,160
2026-09-18 09:58:00+00:00,8123.5,8125.0,8121.5,8123.0,114
2026-09-18 09:59:00+00:00,8123.5,8124.5,8117.5,8119.0,224
2026-09-18 10:00:00+00:00,8119.0,8121.5,8118.0,8118.5,141
2026-09-18 10:01:00+00:00,8118.0,8119.5,8116.0,8119.0,54
2026-09-18 10:02:00+00:00,8119.0,8120.5,8117.5,8118.0,47
2026-09-18 10:03:00+00:00,8118.0,8120.5,8118.0,8118.5,96
2026-09-18 10:04:00+00:00,8119.5,8121.5,8118.5,8119.0,87
2026-09-18 10:05:00+00:00,8118.5,8122.0,8118.0,8121.0,50
2026-09-18 10:06:00+00:00,8120.5,8122.0,8119.0,8121.5,71
2026-09-18 10:07:00+00:00,8121.5,8123.5,8120.0,8122.0,48
2026-09-18 10:08:00+00:00,8121.5,8122.5,8120.5,8121.0,65
2026-09-18 10:09:00+00:00,8120.5,8121.5,8120.0,8121.5,28
2026-09-18 10:10:00+00:00,8121.5,8122.5,8119.0,8122.5,45
2026-09-18 10:11:00+00:00,8122.5,8123.0,8121.0,8121.5,32
2026-09-18 10:12:00+00:00,8121.0,8122.5,8119.5,8121.5,46
2026-09-18 10:13:00+00:00,8121.5,8121.5,8119.5,8120.5,29
2026-09-18 10:14:00+00:00,8120.5,8122.0,8120.0,8122.0,40
2026-09-18 10:15:00+00:00,8122.0,8122.5,8121.5,8121.5,32
2026-09-18 10:16:00+00:00,8121.5,8122.0,8120.0,8120.5,58
2026-09-18 10:17:00+00:00,8120.0,8120.0,8116.0,8116.0,65
2026-09-18 10:18:00+00:00,8116.0,8116.0,8114.5,8114.5,46
2026-09-18 10:19:00+00:00,8114.5,8115.0,8112.5,8114.5,86
2026-09-18 10:20:00+00:00,8114.5,8115.0,8113.0,8113.0,39
2026-09-18 10:21:00+00:00,8113.0,8113.5,8112.0,8112.0,58
2026-09-18 10:22:00+00:00,8112.0,8112.5,8111.0,8112.5,87
2026-09-18 10:23:00+00:00,8112.0,8112.0,8111.0,8111.0,35
2026-09-18 10:24:00+00:00,8111.0,8111.0,8109.5,8110.0,42
2026-09-18 10:25:00+00:00,8110.5,8115.0,8110.5,8113.5,42
2026-09-18 10:26:00+00:00,8113.0,8115.0,8112.5,8115.0,71
2026-09-18 10:27:00+00:00,8114.5,8116.0,8113.0,8114.5,52
2026-09-18 10:28:00+00:00,8114.5,8116.0,8112.5,8115.5,70
2026-09-18 10:29:00+00:00,8115.0,8117.0,8114.0,8117.0,33
2026-09-18 10:30:00+00:00,8117.5,8117.5,8115.0,8116.0,49
2026-09-18 10:31:00+00:00,8116.5,8117.0,8115.0,8116.5,25
2026-09-18 10:32:00+00:00,8116.5,8117.5,8116.5,8117.5,26
2026-09-18 10:33:00+00:00,8117.5,8117.5,8115.5,8116.5,28
2026-09-18 10:34:00+00:00,8116.5,8119.0,8116.5,8118.0,21
2026-09-18 10:35:00+00:00,8118.5,8119.5,8117.5,8119.5,58
2026-09-18 10:36:00+00:00,8119.0,8119.5,8118.5,8118.5,20
2026-09-18 10:37:00+00:00,8119.0,8119.5,8118.0,8118.5,24
2026-09-18 10:38:00+00:00,8119.0,8122.0,8119.0,8120.0,29
2026-09-18 10:39:00+00:00,8120.0,8120.0,8116.5,8120.0,53
2026-09-18 10:40:00+00:00,8120.0,8120.0,8118.0,8118.5,38
2026-09-18 10:41:00+00:00,8119.0,8122.0,8119.0,8122.0,43
2026-09-18 10:42:00+00:00,8122.0,8123.5,8121.5,8123.0,29
2026-09-18 10:43:00+00:00,8123.5,8125.0,8122.5,8124.0,28
2026-09-18 10:44:00+00:00,8124.5,8125.0,8123.0,8124.0,35
2026-09-18 10:45:00+00:00,8123.5,8123.5,8122.5,8122.5,27
2026-09-18 10:46:00+00:00,8123.0,8123.0,8120.5,8122.0,42
2026-09-18 10:47:00+00:00,8121.5,8122.0,8121.0,8122.0,26
2026-09-18 10:48:00+00:00,8122.0,8124.0,8121.5,8123.5,48
2026-09-18 10:49:00+00:00,8123.0,8123.0,8121.5,8122.5,29
2026-09-18 10:50:00+00:00,8123.0,8123.5,8122.5,8122.5,26
2026-09-18 10:51:00+00:00,8122.5,8122.5,8120.0,8120.5,43
2026-09-18 10:52:00+00:00,8121.0,8122.5,8120.5,8121.5,33
2026-09-18 10:53:00+00:00,8121.5,8122.0,8120.5,8121.5,18
2026-09-18 10:54:00+00:00,8120.5,8121.0,8115.0,8115.5,96
2026-09-18 10:55:00+00:00,8116.0,8116.5,8115.5,8115.5,41
2026-09-18 10:56:00+00:00,8115.5,8118.0,8115.5,8117.5,43
2026-09-18 10:57:00+00:00,8117.5,8118.5,8115.5,8115.5,54
2026-09-18 10:58:00+00:00,8116.0,8116.0,8113.5,8114.5,55
2026-09-18 10:59:00+00:00,8113.5,8116.0,8113.0,8114.0,48
2026-09-18 11:00:00+00:00,8113.5,8114.0,8112.0,8112.5,214
2026-09-18 11:01:00+00:00,8112.0,8114.5,8111.0,8112.0,157
2026-09-18 11:02:00+00:00,8112.0,8115.0,8112.0,8113.5,72
2026-09-18 11:03:00+00:00,8113.5,8116.0,8113.5,8115.5,43
2026-09-18 11:04:00+00:00,8116.0,8122.5,8115.0,8122.0,307
2026-09-18 11:05:00+00:00,8122.0,8123.0,8108.5,8108.5,576
2026-09-18 11:06:00+00:00,8110.0,8113.5,8107.5,8113.5,256
2026-09-18 11:07:00+00:00,8114.0,8114.0,8110.5,8110.5,26
2026-09-18 11:08:00+00:00,8111.0,8112.5,8110.0,8112.0,21
2026-09-18 11:09:00+00:00,8110.5,8112.5,8108.5,8111.0,48
2026-09-18 11:10:00+00:00,8110.5,8113.5,8110.0,8113.5,43
2026-09-18 11:11:00+00:00,8113.5,8113.5,8110.5,8111.0,39
2026-09-18 11:12:00+00:00,8110.5,8112.0,8109.0,8112.0,32
2026-09-18 11:13:00+00:00,8111.5,8112.0,8107.5,8107.5,30
2026-09-18 11:14:00+00:00,8107.0,8109.5,8105.5,8108.5,52
2026-09-18 11:15:00+00:00,8107.5,8109.0,8106.5,8106.5,41
2026-09-18 11:16:00+00:00,8106.0,8106.0,8101.0,8101.0,71
2026-09-18 11:17:00+00:00,8100.0,8100.5,8097.5,8099.0,85
2026-09-18 11:18:00+00:00,8099.0,8099.0,8096.5,8097.5,36
2026-09-18 11:19:00+00:00,8097.5,8099.5,8096.0,8098.5,46
2026-09-18 11:20:00+00:00,8098.0,8099.0,8098.0,8099.0,33
2026-09-18 11:21:00+00:00,8099.5,8103.0,8099.5,8102.0,71
2026-09-18 11:22:00+00:00,8102.0,8103.0,8100.5,8103.0,58
2026-09-18 11:23:00+00:00,8102.5,8105.0,8101.5,8104.5,48
2026-09-18 11:24:00+00:00,8104.0,8104.5,8103.0,8104.0,29
2026-09-18 11:25:00+00:00,8104.0,8105.5,8104.0,8105.5,30
2026-09-18 11:26:00+00:00,8105.0,8106.0,8103.5,8103.5,22
2026-09-18 11:27:00+00:00,8104.0,8104.0,8101.5,8103.5,50
2026-09-18 11:28:00+00:00,8104.5,8105.0,8103.5,8104.5,45
2026-09-18 11:29:00+00:00,8105.0,8106.5,8104.0,8105.0,43
2026-09-18 11:30:00+00:00,8106.0,8108.0,8106.0,8107.5,32
2026-09-18 11:31:00+00:00,8107.5,8112.0,8107.5,8112.0,76
2026-09-18 11:32:00+00:00,8112.5,8112.5,8106.5,8108.0,218
2026-09-18 11:33:00+00:00,8108.0,8108.0,8104.5,8105.5,114
2026-09-18 11:34:00+00:00,8105.0,8105.0,8099.0,8099.5,228
2026-09-18 11:35:00+00:00,8100.0,8101.0,8098.0,8100.0,98
2026-09-18 11:36:00+00:00,8101.5,8105.0,8101.0,8104.5,49
2026-09-18 11:37:00+00:00,8105.5,8106.0,8105.0,8106.0,13
2026-09-18 11:38:00+00:00,8105.5,8105.5,8102.0,8102.0,34
2026-09-18 11:39:00+00:00,8101.5,8102.0,8100.0,8100.5,17
2026-09-18 11:40:00+00:00,8100.0,8101.0,8099.5,8099.5,27
2026-09-18 11:41:00+00:00,8100.0,8101.0,8100.0,8101.0,20
2026-09-18 11:42:00+00:00,8101.5,8101.5,8098.0,8098.0,37
2026-09-18 11:43:00+00:00,8098.0,8098.0,8094.5,8095.5,40
2026-09-18 11:44:00+00:00,8094.0,8096.5,8093.5,8095.5,35
2026-09-18 11:45:00+00:00,8094.5,8095.5,8094.5,8095.0,22
2026-09-18 11:46:00+00:00,8095.5,8096.5,8094.0,8096.5,64
2026-09-18 11:47:00+00:00,8095.5,8095.5,8091.0,8092.5,191
2026-09-18 11:48:00+00:00,8093.0,8093.5,8092.0,8092.5,27
2026-09-18 11:49:00+00:00,8092.5,8093.0,8090.0,8090.5,69
2026-09-18 11:50:00+00:00,8090.0,8094.0,8089.5,8092.5,55
2026-09-18 11:51:00+00:00,8093.0,8093.0,8090.0,8090.5,55
2026-09-18 11:52:00+00:00,8090.0,8091.5,8089.5,8090.5,41
2026-09-18 11:53:00+00:00,8090.5,8092.0,8090.5,8091.5,24
2026-09-18 11:54:00+00:00,8091.5,8092.0,8090.5,8092.0,30
2026-09-18 11:55:00+00:00,8091.0,8092.5,8091.0,8091.0,53
2026-09-18 11:56:00+00:00,8091.5,8092.0,8089.5,8089.5,35
2026-09-18 11:57:00+00:00,8089.0,8090.0,8089.0,8089.0,31
2026-09-18 11:58:00+00:00,8089.0,8090.5,8088.0,8089.5,45
2026-09-18 11:59:00+00:00,8089.5,8090.0,8088.0,8089.5,148
2026-09-18 12:00:00+00:00,8089.5,8090.0,8087.5,8087.5,48
2026-09-18 12:01:00+00:00,8088.0,8089.5,8087.0,8089.5,32
2026-09-18 12:02:00+00:00,8089.5,8089.5,8086.5,8086.5,37
2026-09-18 12:03:00+00:00,8087.0,8087.5,8085.5,8086.0,45
2026-09-18 12:04:00+00:00,8086.5,8093.0,8084.5,8090.5,148
2026-09-18 12:05:00+00:00,8090.5,8093.0,8084.0,8084.0,89
2026-09-18 12:06:00+00:00,8084.0,8084.5,8081.5,8081.5,126
2026-09-18 12:07:00+00:00,8082.0,8083.0,8078.5,8079.0,41
2026-09-18 12:08:00+00:00,8079.5,8079.5,8076.5,8078.5,232
2026-09-18 12:09:00+00:00,8079.0,8081.5,8078.5,8081.0,42
2026-09-18 12:10:00+00:00,8080.5,8081.0,8079.0,8080.5,48
2026-09-18 12:11:00+00:00,8081.0,8081.5,8079.0,8080.0,55
2026-09-18 12:12:00+00:00,8080.5,8080.5,8078.5,8080.0,41
2026-09-18 12:13:00+00:00,8078.5,8079.0,8077.0,8078.0,60
2026-09-18 12:14:00+00:00,8077.5,8078.0,8076.5,8077.5,40
2026-09-18 12:15:00+00:00,8078.0,8078.0,8075.0,8075.5,75
2026-09-18 12:16:00+00:00,8075.5,8075.5,8073.0,8075.0,53
2026-09-18 12:17:00+00:00,8075.0,8076.0,8074.0,8074.0,48
2026-09-18 12:18:00+00:00,8074.5,8079.0,8074.0,8075.5,110
2026-09-18 12:19:00+00:00,8076.0,8076.0,8071.5,8071.5,75
2026-09-18 12:20:00+00:00,8072.0,8073.0,8069.5,8070.0,102
2026-09-18 12:21:00+00:00,8069.5,8073.0,8069.0,8071.5,55
2026-09-18 12:22:00+00:00,8073.0,8075.5,8073.0,8074.5,45
2026-09-18 12:23:00+00:00,8074.0,8074.5,8071.0,8071.0,41
2026-09-18 12:24:00+00:00,8070.5,8071.0,8067.5,8067.5,71
2026-09-18 12:25:00+00:00,8067.5,8070.0,8066.5,8070.0,81
2026-09-18 12:26:00+00:00,8070.0,8070.0,8068.5,8068.5,37
2026-09-18 12:27:00+00:00,8069.0,8069.5,8068.0,8068.5,42
2026-09-18 12:28:00+00:00,8069.0,8073.0,8069.0,8073.0,66
2026-09-18 12:29:00+00:00,8073.5,8074.5,8073.0,8073.0,49
2026-09-18 12:30:00+00:00,8073.5,8075.0,8073.0,8073.5,60
2026-09-18 12:31:00+00:00,8073.0,8074.0,8072.5,8073.0,48
2026-09-18 12:32:00+00:00,8073.0,8075.5,8072.0,8075.5,29
2026-09-18 12:33:00+00:00,8075.0,8081.5,8074.0,8081.0,40
2026-09-18 12:34:00+00:00,8080.5,8083.0,8080.0,8081.0,111
2026-09-18 12:35:00+00:00,8081.5,8085.0,8081.0,8084.5,59
2026-09-18 12:36:00+00:00,8082.5,8084.5,8081.5,8084.5,25
2026-09-18 12:37:00+00:00,8084.5,8084.5,8078.0,8079.0,76
2026-09-18 12:38:00+00:00,8079.0,8080.5,8078.5,8079.5,63
2026-09-18 12:39:00+00:00,8079.0,8081.0,8078.5,8081.0,35
2026-09-18 12:40:00+00:00,8080.0,8081.5,8080.0,8080.5,49
2026-09-18 12:41:00+00:00,8080.5,8081.0,8079.5,8080.5,16
2026-09-18 12:42:00+00:00,8080.5,8080.5,8077.0,8080.5,34
2026-09-18 12:43:00+00:00,8081.0,8081.0,8079.0,8080.0,23
2026-09-18 12:44:00+00:00,8079.5,8079.5,8078.5,8078.5,32
2026-09-18 12:45:00+00:00,8078.5,8079.0,8075.0,8076.0,105
2026-09-18 12:46:00+00:00,8076.0,8078.0,8075.0,8076.5,95
2026-09-18 12:47:00+00:00,8077.0,8079.5,8076.0,8077.5,62
2026-09-18 12:48:00+00:00,8077.5,8077.5,8074.5,8076.0,35
2026-09-18 12:49:00+00:00,8076.0,8076.5,8075.0,8076.0,30
2026-09-18 12:50:00+00:00,8075.0,8075.0,8072.5,8073.0,52
2026-09-18 12:51:00+00:00,8072.0,8075.0,8072.0,8074.0,39
2026-09-18 12:52:00+00:00,8073.5,8077.0,8073.5,8077.0,32
2026-09-18 12:53:00+00:00,8077.5,8078.5,8076.0,8076.5,22
2026-09-18 12:54:00+00:00,8077.5,8079.5,8077.5,8079.5,30
2026-09-18 12:55:00+00:00,8079.5,8083.5,8079.5,8082.0,67
2026-09-18 12:56:00+00:00,8082.0,8083.0,8081.5,8082.5,21
2026-09-18 12:57:00+00:00,8082.0,8082.0,8080.0,8080.0,21
2026-09-18 12:58:00+00:00,8080.0,8080.5,8077.5,8078.0,25
2026-09-18 12:59:00+00:00,8077.0,8078.5,8076.0,8078.5,43
2026-09-18 13:00:00+00:00,8077.0,8079.0,8075.5,8079.0,110
2026-09-18 13:01:00+00:00,8078.5,8079.5,8076.5,8076.5,41
2026-09-18 13:02:00+00:00,8076.5,8076.5,8073.0,8073.0,58
2026-09-18 13:03:00+00:00,8073.0,8077.0,8073.0,8077.0,39
2026-09-18 13:04:00+00:00,8077.0,8079.0,8077.0,8077.5,46
2026-09-18 13:05:00+00:00,8078.0,8079.0,8077.5,8078.0,41
2026-09-18 13:06:00+00:00,8078.0,8078.5,8076.0,8077.0,34
2026-09-18 13:07:00+00:00,8076.5,8077.0,8073.5,8074.0,41
2026-09-18 13:08:00+00:00,8073.5,8076.5,8073.5,8076.0,27
2026-09-18 13:09:00+00:00,8075.5,8076.5,8075.5,8076.0,33
2026-09-18 13:10:00+00:00,8076.5,8077.0,8076.0,8077.0,13
2026-09-18 13:11:00+00:00,8077.0,8077.0,8075.0,8075.5,22
2026-09-18 13:12:00+00:00,8075.0,8075.5,8073.0,8073.0,31
2026-09-18 13:13:00+00:00,8073.0,8076.5,8073.0,8076.5,34
2026-09-18 13:14:00+00:00,8076.0,8077.0,8075.5,8075.5,21
2026-09-18 13:15:00+00:00,8075.5,8075.5,8072.5,8073.0,70
2026-09-18 13:16:00+00:00,8073.0,8076.0,8073.0,8076.0,36
2026-09-18 13:17:00+00:00,8076.5,8078.0,8076.5,8076.5,33
2026-09-18 13:18:00+00:00,8076.0,8078.0,8075.5,8077.0,18
2026-09-18 13:19:00+00:00,8076.5,8080.0,8076.5,8079.5,37
2026-09-18 13:20:00+00:00,8079.5,8080.0,8077.5,8077.5,48
2026-09-18 13:21:00+00:00,8077.5,8077.5,8076.0,8077.5,84
2026-09-18 13:22:00+00:00,8077.5,8078.0,8076.0,8076.0,37
2026-09-18 13:23:00+00:00,8076.0,8076.0,8073.0,8073.0,48
2026-09-18 13:24:00+00:00,8072.5,8073.0,8069.5,8070.0,74
2026-09-18 13:25:00+00:00,8069.5,8071.0,8068.5,8070.0,65
2026-09-18 13:26:00+00:00,8070.5,8071.5,8070.0,8071.5,39
2026-09-18 13:27:00+00:00,8070.5,8072.5,8070.0,8071.5,23
2026-09-18 13:28:00+00:00,8071.5,8072.5,8071.0,8071.0,52
2026-09-18 13:29:00+00:00,8070.5,8071.5,8069.0,8071.5,135
2026-09-18 13:30:00+00:00,8071.0,8072.0,8065.0,8067.0,174
2026-09-18 13:31:00+00:00,8067.0,8067.0,8062.0,8063.5,155
2026-09-18 13:32:00+00:00,8064.0,8067.0,8064.0,8067.0,51
2026-09-18 13:33:00+00:00,8067.0,8070.0,8066.0,8070.0,44
2026-09-18 13:34:00+00:00,8070.0,8070.5,8067.5,8067.5,53
2026-09-18 13:35:00+00:00,8068.0,8069.5,8066.5,8067.0,96
2026-09-18 13:36:00+00:00,8066.0,8067.0,8064.5,8065.0,83
2026-09-18 13:37:00+00:00,8065.5,8066.0,8064.0,8065.5,32
2026-09-18 13:38:00+00:00,8066.0,8067.5,8065.5,8067.0,154
2026-09-18 13:39:00+00:00,8068.0,8069.0,8065.5,8065.5,80
2026-09-18 13:40:00+00:00,8066.5,8066.5,8061.0,8061.0,216
2026-09-18 13:41:00+00:00,8061.5,8065.0,8060.5,8063.0,179
2026-09-18 13:42:00+00:00,8064.0,8064.5,8062.0,8062.0,198
2026-09-18 13:43:00+00:00,8062.5,8067.0,8062.0,8062.5,175
2026-09-18 13:44:00+00:00,8062.0,8062.5,8057.5,8057.5,175
2026-09-18 13:45:00+00:00,8058.0,8058.5,8053.5,8053.5,261
2026-09-18 13:46:00+00:00,8054.0,8055.5,8049.0,8050.0,252
2026-09-18 13:47:00+00:00,8050.5,8053.0,8050.0,8051.0,164
2026-09-18 13:48:00+00:00,8051.5,8054.5,8050.0,8052.0,179
2026-09-18 13:49:00+00:00,8052.0,8053.0,8049.0,8050.0,134
2026-09-18 13:50:00+00:00,8050.0,8051.0,8045.5,8046.5,147
2026-09-18 13:51:00+00:00,8046.5,8048.5,8045.0,8047.5,214
2026-09-18 13:52:00+00:00,8048.0,8048.0,8043.5,8044.0,166
2026-09-18 13:53:00+00:00,8044.5,8044.5,8041.0,8041.0,215
2026-09-18 13:54:00+00:00,8040.5,8046.5,8040.5,8043.0,248
2026-09-18 13:55:00+00:00,8042.5,8047.0,8042.5,8045.0,165
2026-09-18 13:56:00+00:00,8045.0,8047.0,8044.0,8046.5,112
2026-09-18 13:57:00+00:00,8046.0,8046.0,8042.0,8042.0,175
2026-09-18 13:58:00+00:00,8043.0,8045.0,8041.5,8042.0,190
2026-09-18 13:59:00+00:00,8042.0,8042.5,8038.5,8040.0,220
2026-09-18 14:00:00+00:00,8040.0,8042.5,8037.5,8042.0,191
2026-09-18 14:01:00+00:00,8042.5,8042.5,8037.5,8037.5,100
2026-09-18 14:02:00+00:00,8037.0,8041.0,8036.5,8040.0,104
2026-09-18 14:03:00+00:00,8039.5,8041.0,8038.0,8040.5,61
2026-09-18 14:04:00+00:00,8040.5,8043.5,8040.5,8043.5,81
2026-09-18 14:05:00+00:00,8043.0,8043.5,8041.0,8041.5,85
2026-09-18 14:06:00+00:00,8042.5,8044.5,8041.5,8042.0,117
2026-09-18 14:07:00+00:00,8042.0,8048.0,8042.0,8046.5,129
2026-09-18 14:08:00+00:00,8046.5,8047.5,8045.5,8047.5,66
2026-09-18 14:09:00+00:00,8047.5,8051.0,8047.0,8051.0,86
2026-09-18 14:10:00+00:00,8050.5,8055.5,8050.5,8055.5,94
2026-09-18 14:11:00+00:00,8056.0,8058.0,8055.5,8056.0,87
2026-09-18 14:12:00+00:00,8056.0,8057.0,8054.0,8057.0,74
2026-09-18 14:13:00+00:00,8056.5,8058.5,8056.0,8057.0,50
2026-09-18 14:14:00+00:00,8057.5,8058.5,8056.5,8057.0,80
2026-09-18 14:15:00+00:00,8057.0,8059.0,8057.0,8057.5,61
2026-09-18 14:16:00+00:00,8056.5,8058.5,8056.5,8056.5,109
2026-09-18 14:17:00+00:00,8057.0,8058.5,8056.5,8057.5,68
2026-09-18 14:18:00+00:00,8057.0,8058.0,8054.5,8057.5,60
2026-09-18 14:19:00+00:00,8059.0,8061.0,8058.5,8061.0,45
2026-09-18 14:20:00+00:00,8060.5,8063.0,8060.0,8060.0,60
2026-09-18 14:21:00+00:00,8060.5,8061.5,8060.0,8060.5,112
2026-09-18 14:22:00+00:00,8061.0,8064.5,8060.5,8063.0,100
2026-09-18 14:23:00+00:00,8062.5,8064.5,8062.5,8064.5,49
2026-09-18 14:24:00+00:00,8064.5,8064.5,8060.0,8062.5,69
2026-09-18 14:25:00+00:00,8063.0,8063.5,8060.0,8061.0,35
2026-09-18 14:26:00+00:00,8061.0,8062.5,8059.5,8059.5,100
2026-09-18 14:27:00+00:00,8060.0,8062.5,8059.5,8062.0,103
2026-09-18 14:28:00+00:00,8062.5,8064.0,8062.0,8062.0,57
2026-09-18 14:29:00+00:00,8062.0,8063.0,8061.5,8062.0,48
2026-09-18 14:30:00+00:00,8062.5,8064.5,8061.5,8061.5,118
2026-09-18 14:31:00+00:00,8061.0,8061.0,8057.5,8058.0,115
2026-09-18 14:32:00+00:00,8058.5,8058.5,8057.5,8057.5,35
2026-09-18 14:33:00+00:00,8057.0,8058.0,8056.0,8057.0,92
2026-09-18 14:34:00+00:00,8057.0,8057.5,8054.5,8055.5,71
2026-09-18 14:35:00+00:00,8055.5,8056.0,8053.0,8053.0,74
2026-09-18 14:36:00+00:00,8053.0,8054.0,8051.5,8051.5,66
2026-09-18 14:37:00+00:00,8051.5,8051.5,8049.0,8050.5,53
2026-09-18 14:38:00+00:00,8050.5,8052.0,8050.5,8051.0,36
2026-09-18 14:39:00+00:00,8051.5,8059.5,8051.0,8054.0,176
2026-09-18 14:40:00+00:00,8053.5,8055.5,8053.5,8054.5,83
2026-09-18 14:41:00+00:00,8054.0,8054.0,8050.0,8050.0,53
2026-09-18 14:42:00+00:00,8050.5,8050.5,8045.0,8045.5,50
2026-09-18 14:43:00+00:00,8045.0,8045.5,8042.5,8044.5,33
2026-09-18 14:44:00+00:00,8044.0,8046.0,8044.0,8044.5,51
2026-09-18 14:45:00+00:00,8044.5,8045.5,8043.0,8043.0,64
2026-09-18 14:46:00+00:00,8043.0,8045.5,8041.5,8042.0,65
2026-09-18 14:47:00+00:00,8042.0,8043.0,8041.5,8042.5,65
2026-09-18 14:48:00+00:00,8042.5,8044.5,8042.0,8043.5,73
2026-09-18 14:49:00+00:00,8043.5,8047.5,8043.5,8047.5,78
2026-09-18 14:50:00+00:00,8047.5,8049.5,8046.5,8049.0,45
2026-09-18 14:51:00+00:00,8050.0,8050.0,8047.5,8049.0,66
2026-09-18 14:52:00+00:00,8049.5,8050.0,8046.5,8047.0,140
2026-09-18 14:53:00+00:00,8047.0,8047.0,8042.5,8043.0,114
2026-09-18 14:54:00+00:00,8042.5,8043.5,8040.5,8041.0,104
2026-09-18 14:55:00+00:00,8041.5,8043.0,8041.5,8042.0,88
2026-09-18 14:56:00+00:00,8042.0,8043.0,8041.5,8041.5,104
2026-09-18 14:57:00+00:00,8041.5,8044.0,8041.0,8043.0,97
2026-09-18 14:58:00+00:00,8042.5,8046.5,8042.5,8043.0,58
2026-09-18 14:59:00+00:00,8043.5,8048.0,8043.5,8048.0,75
2026-09-18 15:00:00+00:00,8048.0,8049.0,8045.5,8046.0,93
2026-09-18 15:01:00+00:00,8046.0,8047.0,8044.0,8045.5,69
2026-09-18 15:02:00+00:00,8045.0,8046.0,8043.0,8045.0,124
2026-09-18 15:03:00+00:00,8044.0,8045.5,8043.5,8045.0,59
2026-09-18 15:04:00+00:00,8044.5,8044.5,8042.5,8043.5,80
2026-09-18 15:05:00+00:00,8043.0,8045.5,8042.5,8045.0,85
2026-09-18 15:06:00+00:00,8045.0,8046.0,8043.5,8045.0,60
2026-09-18 15:07:00+00:00,8045.5,8046.5,8044.0,8044.0,126
2026-09-18 15:08:00+00:00,8044.0,8045.5,8042.5,8045.5,60
2026-09-18 15:09:00+00:00,8046.0,8047.0,8045.0,8046.5,37
2026-09-18 15:10:00+00:00,8046.0,8048.5,8045.0,8048.5,62
2026-09-18 15:11:00+00:00,8048.0,8048.5,8043.5,8043.5,113
2026-09-18 15:12:00+00:00,8043.5,8046.0,8042.0,8042.0,149
2026-09-18 15:13:00+00:00,8042.0,8045.5,8041.5,8045.0,66
2026-09-18 15:14:00+00:00,8045.0,8046.0,8044.0,8045.5,114
2026-09-18 15:15:00+00:00,8046.0,8046.5,8043.5,8044.5,234
2026-09-18 15:16:00+00:00,8045.0,8045.0,8040.0,8040.5,147
2026-09-18 15:17:00+00:00,8040.5,8044.0,8040.5,8041.5,205
2026-09-18 15:18:00+00:00,8042.0,8042.0,8039.0,8039.5,139
2026-09-18 15:19:00+00:00,8039.5,8044.5,8039.5,8043.5,115
2026-09-18 15:20:00+00:00,8043.0,8045.0,8042.0,8043.5,204
2026-09-18 15:21:00+00:00,8043.5,8043.5,8040.5,8040.5,146
2026-09-18 15:22:00+00:00,8040.5,8043.0,8040.5,8042.5,165
2026-09-18 15:23:00+00:00,8043.0,8048.0,8043.0,8047.0,162
2026-09-18 15:24:00+00:00,8047.0,8048.0,8046.0,8046.5,81
2026-09-18 15:25:00+00:00,8046.0,8048.0,8043.0,8044.0,363
2026-09-18 15:26:00+00:00,8045.0,8046.0,8043.0,8043.5,177
2026-09-18 15:27:00+00:00,8043.5,8046.5,8043.5,8044.0,231
2026-09-18 15:28:00+00:00,8044.0,8044.5,8041.0,8042.5,308
2026-09-18 15:29:00+00:00,8042.5,8045.5,8040.5,8044.5,458
2026-09-18 15:30:00+00:00,8044.0,8047.0,8042.5,8044.0,416
2026-09-18 15:31:00+00:00,8044.0,8045.5,8041.0,8042.0,241
2026-09-18 15:32:00+00:00,8042.0,8042.5,8039.0,8040.5,277
2026-09-18 15:33:00+00:00,8040.5,8046.0,8039.0,8045.5,601
2026-09-18 15:34:00+00:00,8045.0,8055.0,8042.5,8053.5,1708
2026-09-18 15:35:00+00:00,8054.5,8057.5,8051.0,8054.0,1568
2026-09-18 15:36:00+00:00,8054.5,8059.0,8054.0,8056.5,376
2026-09-18 15:37:00+00:00,8057.0,8057.0,8053.0,8054.5,256
2026-09-18 15:38:00+00:00,8055.0,8056.0,8052.5,8053.0,189
2026-09-18 15:39:00+00:00,8053.0,8053.5,8049.0,8049.5,117
2026-09-18 15:40:00+00:00,8049.0,8050.0,8048.5,8049.5,88
2026-09-18 15:41:00+00:00,8049.5,8054.0,8049.5,8052.5,90
2026-09-18 15:42:00+00:00,8053.0,8054.0,8051.5,8053.0,78
2026-09-18 15:43:00+00:00,8053.5,8054.0,8052.0,8052.0,55
2026-09-18 15:44:00+00:00,8053.0,8054.0,8051.5,8053.5,46
2026-09-18 15:45:00+00:00,8053.5,8054.0,8052.5,8052.5,18
2026-09-18 15:46:00+00:00,8052.0,8053.0,8051.0,8053.0,47
2026-09-18 15:47:00+00:00,8053.0,8053.5,8051.5,8051.5,21
2026-09-18 15:48:00+00:00,8051.5,8052.5,8050.5,8052.5,25
2026-09-18 15:49:00+00:00,8052.0,8053.0,8051.0,8051.5,22
2026-09-18 15:50:00+00:00,8051.5,8054.0,8051.0,8054.0,43
2026-09-18 15:51:00+00:00,8053.5,8053.5,8051.0,8051.0,20
2026-09-18 15:52:00+00:00,8050.5,8052.5,8050.0,8052.5,53
2026-09-18 15:53:00+00:00,8052.5,8052.5,8051.5,8051.5,28
2026-09-18 15:54:00+00:00,8051.5,8052.0,8051.0,8051.0,26
2026-09-18 15:55:00+00:00,8051.5,8052.0,8051.0,8052.0,10
2026-09-18 15:56:00+00:00,8051.5,8052.0,8051.0,8051.5,17
2026-09-18 15:57:00+00:00,8051.0,8051.0,8049.0,8049.5,41
2026-09-18 15:58:00+00:00,8049.5,8050.0,8049.0,8049.0,19
2026-09-18 15:59:00+00:00,8049.0,8050.0,8048.0,8050.0,22
2026-09-18 16:00:00+00:00,8050.0,8050.0,8049.0,8049.5,32
2026-09-18 16:01:00+00:00,8049.0,8049.0,8045.0,8045.5,47
2026-09-18 16:02:00+00:00,8045.5,8047.0,8045.5,8046.0,86
2026-09-18 16:03:00+00:00,8045.5,8046.5,8044.5,8045.5,57
2026-09-18 16:04:00+00:00,8045.0,8045.0,8044.0,8044.5,45
2026-09-18 16:05:00+00:00,8044.5,8047.0,8044.5,8046.5,44
2026-09-18 16:06:00+00:00,8047.5,8049.5,8047.0,8049.5,40
2026-09-18 16:07:00+00:00,8049.0,8049.0,8047.5,8048.0,18
2026-09-18 16:08:00+00:00,8047.5,8047.5,8045.5,8045.5,23
2026-09-18 16:09:00+00:00,8045.5,8046.5,8045.0,8045.5,26
2026-09-18 16:10:00+00:00,8045.5,8045.5,8044.5,8045.0,20
2026-09-18 16:11:00+00:00,8044.0,8045.0,8044.0,8045.0,55
2026-09-18 16:12:00+00:00,8044.5,8045.0,8044.0,8045.0,23
2026-09-18 16:13:00+00:00,8044.5,8044.5,8044.0,8044.0,5
2026-09-18 16:14:00+00:00,8045.0,8045.0,8045.0,8045.0,1
2026-09-18 16:15:00+00:00,8044.5,8044.5,8043.0,8043.0,23
2026-09-18 16:16:00+00:00,8042.5,8043.5,8042.0,8043.0,39
2026-09-18 16:17:00+00:00,8043.0,8043.0,8042.0,8042.5,12
2026-09-18 16:18:00+00:00,8042.5,8045.5,8042.5,8045.5,13
2026-09-18 16:19:00+00:00,8046.0,8046.5,8045.5,8045.5,11
2026-09-18 16:20:00+00:00,8044.0,8044.5,8044.0,8044.5,4
2026-09-18 16:21:00+00:00,8044.5,8044.5,8043.5,8043.5,23
2026-09-18 16:22:00+00:00,8043.0,8043.0,8042.5,8042.5,4
2026-09-18 16:23:00+00:00,8042.0,8043.0,8040.0,8040.5,42
2026-09-18 16:24:00+00:00,8041.0,8041.0,8040.5,8041.0,48
2026-09-18 16:25:00+00:00,8040.5,8040.5,8039.5,8040.5,18
2026-09-18 16:26:00+00:00,8040.5,8041.5,8040.5,8040.5,17
2026-09-18 16:27:00+00:00,8040.5,8041.5,8040.5,8041.5,29
2026-09-18 16:28:00+00:00,8041.5,8046.5,8041.0,8043.0,92
2026-09-18 16:29:00+00:00,8042.5,8047.0,8042.5,8044.5,40
2026-09-18 16:30:00+00:00,8044.0,8044.0,8042.0,8042.5,24
2026-09-18 16:31:00+00:00,8043.0,8043.0,8041.5,8041.5,8
2026-09-18 16:32:00+00:00,8042.5,8044.5,8042.5,8044.5,8
2026-09-18 16:33:00+00:00,8045.0,8047.0,8044.5,8045.5,18
2026-09-18 16:34:00+00:00,8045.5,8046.0,8045.5,8046.0,12
2026-09-18 16:35:00+00:00,8045.5,8045.5,8045.0,8045.5,9
2026-09-18 16:36:00+00:00,8045.5,8046.0,8045.0,8045.0,9
2026-09-18 16:37:00+00:00,8045.0,8045.5,8044.5,8045.0,6
2026-09-18 16:38:00+00:00,8045.0,8045.0,8044.5,8044.5,11
2026-09-18 16:39:00+00:00,8044.5,8047.0,8044.5,8047.0,8
2026-09-18 16:40:00+00:00,8046.0,8047.0,8046.0,8046.5,8
2026-09-18 16:41:00+00:00,8046.0,8046.5,8046.0,8046.0,15
2026-09-18 16:42:00+00:00,8045.5,8047.0,8045.5,8047.0,14
2026-09-18 16:43:00+00:00,8047.0,8047.0,8046.5,8046.5,5
2026-09-18 16:44:00+00:00,8046.0,8047.5,8046.0,8046.5,7
2026-09-18 16:45:00+00:00,8047.0,8047.0,8046.0,8046.5,8
2026-09-18 16:46:00+00:00,8046.0,8046.0,8044.0,8044.0,7
2026-09-18 16:47:00+00:00,8043.5,8044.0,8043.5,8044.0,5
2026-09-18 16:48:00+00:00,8044.5,8045.5,8044.5,8045.0,5
2026-09-18 16:49:00+00:00,8046.0,8047.0,8046.0,8047.0,3
2026-09-18 16:50:00+00:00,8046.5,8049.5,8046.5,8049.0,4
2026-09-18 16:51:00+00:00,8048.5,8049.5,8048.5,8049.5,8
2026-09-18 16:52:00+00:00,8049.0,8050.0,8049.0,8050.0,14
2026-09-18 16:53:00+00:00,8050.0,8050.0,8050.0,8050.0,4
2026-09-18 16:54:00+00:00,8050.0,8051.0,8050.0,8051.0,9
2026-09-18 16:55:00+00:00,8051.0,8052.0,8051.0,8051.5,7
2026-09-18 16:56:00+00:00,8051.5,8051.5,8051.0,8051.0,9
2026-09-18 16:57:00+00:00,8050.5,8050.5,8050.5,8050.5,4
2026-09-18 16:58:00+00:00,8050.0,8052.0,8048.0,8048.0,40
2026-09-18 16:59:00+00:00,8047.5,8049.0,8047.5,8049.0,4
2026-09-18 17:00:00+00:00,8048.5,8048.5,8045.5,8045.5,20
2026-09-18 17:01:00+00:00,8047.0,8047.0,8046.0,8046.0,3
2026-09-18 17:02:00+00:00,8046.0,8046.5,8046.0,8046.5,7
2026-09-18 17:03:00+00:00,8047.0,8047.5,8046.5,8046.5,6
2026-09-18 17:04:00+00:00,8046.0,8046.0,8045.0,8045.0,13
2026-09-18 17:05:00+00:00,8045.5,8047.0,8045.0,8047.0,18
2026-09-18 17:06:00+00:00,8046.0,8046.0,8046.0,8046.0,1
2026-09-18 17:07:00+00:00,8046.0,8046.0,8046.0,8046.0,1
2026-09-18 17:08:00+00:00,8047.5,8047.5,8046.5,8047.5,9
2026-09-18 17:09:00+00:00,8047.5,8047.5,8047.5,8047.5,3
2026-09-18 17:10:00+00:00,8047.5,8047.5,8046.5,8047.0,9
2026-09-18 17:11:00+00:00,8047.0,8047.0,8046.0,8046.5,8
2026-09-18 17:12:00+00:00,8047.0,8047.0,8045.5,8046.0,24
2026-09-18 17:13:00+00:00,8046.0,8046.5,8046.0,8046.5,10
2026-09-18 17:14:00+00:00,8047.0,8047.5,8047.0,8047.5,3
2026-09-18 17:15:00+00:00,8047.0,8048.0,8046.5,8047.5,15
2026-09-18 17:16:00+00:00,8047.0,8047.5,8046.5,8046.5,4
2026-09-18 17:17:00+00:00,8046.5,8047.0,8046.5,8047.0,6
2026-09-18 17:18:00+00:00,8046.5,8046.5,8046.5,8046.5,4
2026-09-18 17:19:00+00:00,8046.0,8046.0,8045.0,8045.5,12
2026-09-18 17:20:00+00:00,8045.5,8045.5,8045.0,8045.0,12
2026-09-18 17:21:00+00:00,8044.5,8045.0,8044.5,8045.0,5
2026-09-18 17:22:00+00:00,8045.5,8046.5,8045.5,8046.5,8
2026-09-18 17:23:00+00:00,8046.5,8047.0,8046.5,8047.0,4
2026-09-18 17:24:00+00:00,8046.5,8046.5,8046.0,8046.5,8
2026-09-18 17:25:00+00:00,8046.0,8046.5,8046.0,8046.5,7
2026-09-18 17:26:00+00:00,8046.0,8046.5,8046.0,8046.5,5
2026-09-18 17:27:00+00:00,8047.0,8047.5,8047.0,8047.5,2
2026-09-18 17:28:00+00:00,8047.0,8047.0,8046.5,8046.5,6
2026-09-18 17:29:00+00:00,8046.5,8047.0,8046.5,8047.0,7
2026-09-18 17:30:00+00:00,8046.5,8046.5,8045.0,8045.5,21
2026-09-18 17:31:00+00:00,8046.0,8046.0,8045.0,8045.0,13
2026-09-18 17:32:00+00:00,8045.0,8045.0,8045.0,8045.0,1
2026-09-18 17:33:00+00:00,8044.5,8045.5,8044.5,8045.0,12
2026-09-18 17:34:00+00:00,8046.0,8047.0,8046.0,8046.5,13
2026-09-18 17:35:00+00:00,8047.5,8047.5,8047.0,8047.0,4
2026-09-18 17:36:00+00:00,8048.0,8048.0,8048.0,8048.0,2
2026-09-18 17:37:00+00:00,8048.0,8048.5,8047.5,8047.5,5
2026-09-18 17:38:00+00:00,8047.5,8047.5,8047.5,8047.5,2
2026-09-18 17:39:00+00:00,8048.0,8048.5,8048.0,8048.0,4
2026-09-18 17:40:00+00:00,8048.0,8048.0,8048.0,8048.0,7
2026-09-18 17:41:00+00:00,8047.5,8047.5,8047.0,8047.0,8
2026-09-18 17:42:00+00:00,8047.5,8048.0,8047.5,8048.0,7
2026-09-18 17:43:00+00:00,8048.0,8049.0,8048.0,8049.0,4
2026-09-18 17:44:00+00:00,8048.5,8049.0,8048.5,8049.0,2
2026-09-18 17:45:00+00:00,8048.5,8048.5,8048.0,8048.0,4
2026-09-18 17:46:00+00:00,8047.5,8047.5,8047.5,8047.5,7
2026-09-18 17:47:00+00:00,8048.0,8048.0,8048.0,8048.0,6
2026-09-18 17:48:00+00:00,8047.5,8048.0,8047.5,8047.5,6
2026-09-18 17:49:00+00:00,8047.0,8047.0,8047.0,8047.0,4
2026-09-18 17:50:00+00:00,8047.0,8047.5,8046.5,8047.5,6
2026-09-18 17:51:00+00:00,8047.5,8047.5,8047.5,8047.5,4
2026-09-18 17:52:00+00:00,8048.0,8048.5,8048.0,8048.0,7
2026-09-18 17:53:00+00:00,8048.0,8048.5,8048.0,8048.0,7
2026-09-18 17:54:00+00:00,8047.5,8047.5,8047.0,8047.5,6
2026-09-18 17:55:00+00:00,8047.5,8047.5,8047.5,8047.5,7
2026-09-18 17:56:00+00:00,8048.0,8048.0,8048.0,8048.0,1
2026-09-18 17:57:00+00:00,8048.0,8048.5,8048.0,8048.5,2
2026-09-18 17:58:00+00:00,8047.5,8048.5,8047.5,8048.5,4
2026-09-18 17:59:00+00:00,8048.5,8048.5,8048.0,8048.5,5
2026-09-18 18:00:00+00:00,8048.5,8049.0,8047.5,8048.0,22
2026-09-18 18:01:00+00:00,8047.5,8049.5,8047.5,8048.5,24
2026-09-18 18:02:00+00:00,8048.5,8048.5,8048.0,8048.0,2
2026-09-18 18:03:00+00:00,8048.0,8048.0,8048.0,8048.0,4
2026-09-18 18:04:00+00:00,8048.5,8048.5,8048.5,8048.5,5
2026-09-18 18:05:00+00:00,8049.0,8049.0,8048.5,8048.5,10
2026-09-18 18:06:00+00:00,8048.5,8048.5,8047.0,8047.5,7
2026-09-18 18:07:00+00:00,8047.5,8048.0,8047.5,8048.0,8
2026-09-18 18:08:00+00:00,8048.5,8049.0,8048.5,8048.5,11
2026-09-18 18:09:00+00:00,8048.0,8048.0,8047.5,8048.0,14
2026-09-18 18:10:00+00:00,8047.5,8047.5,8047.5,8047.5,3
2026-09-18 18:11:00+00:00,8047.5,8047.5,8047.5,8047.5,1
2026-09-18 18:12:00+00:00,8046.5,8047.5,8046.5,8047.5,9
2026-09-18 18:13:00+00:00,8048.0,8048.0,8047.5,8047.5,11
2026-09-18 18:14:00+00:00,8047.5,8048.5,8047.5,8047.5,6
2026-09-18 18:15:00+00:00,8046.5,8047.0,8046.5,8046.5,5
2026-09-18 18:16:00+00:00,8047.0,8047.5,8046.5,8047.5,6
2026-09-18 18:17:00+00:00,8047.5,8047.5,8047.0,8047.5,10
2026-09-18 18:18:00+00:00,8047.5,8047.5,8046.5,8047.0,32
2026-09-18 18:19:00+00:00,8047.0,8047.0,8047.0,8047.0,4
2026-09-18 18:20:00+00:00,8047.5,8047.5,8047.0,8047.0,10
2026-09-18 18:21:00+00:00,8047.5,8048.0,8047.0,8047.0,57
2026-09-18 18:22:00+00:00,8046.5,8047.5,8046.5,8047.0,89
2026-09-18 18:23:00+00:00,8047.0,8047.0,8045.5,8045.5,23
2026-09-18 18:24:00+00:00,8045.5,8046.0,8045.0,8046.0,20
2026-09-18 18:25:00+00:00,8046.5,8046.5,8046.5,8046.5,16
2026-09-18 18:26:00+00:00,8046.0,8046.0,8046.0,8046.0,4
2026-09-18 18:27:00+00:00,8046.0,8046.5,8046.0,8046.0,7
2026-09-18 18:28:00+00:00,8045.5,8045.5,8045.0,8045.0,25
2026-09-18 18:29:00+00:00,8045.5,8046.0,8045.0,8046.0,28
2026-09-18 18:30:00+00:00,8045.5,8046.0,8045.5,8046.0,10
2026-09-18 18:31:00+00:00,8046.0,8046.0,8045.5,8045.5,5
2026-09-18 18:32:00+00:00,8046.5,8047.0,8046.5,8046.5,22
2026-09-18 18:33:00+00:00,8046.5,8047.0,8046.0,8046.0,84
2026-09-18 18:34:00+00:00,8046.0,8048.0,8046.0,8048.0,32
2026-09-18 18:35:00+00:00,8047.5,8048.0,8046.5,8047.0,53
2026-09-18 18:36:00+00:00,8047.0,8047.0,8046.0,8047.0,17
2026-09-18 18:37:00+00:00,8046.5,8046.5,8046.0,8046.0,3
2026-09-18 18:38:00+00:00,8046.0,8046.0,8045.0,8045.0,13
2026-09-18 18:39:00+00:00,8045.0,8045.0,8045.0,8045.0,12
2026-09-18 18:40:00+00:00,8044.5,8045.0,8043.0,8045.0,29
2026-09-18 18:41:00+00:00,8045.0,8045.0,8044.5,8044.5,6
2026-09-18 18:42:00+00:00,8044.0,8044.0,8043.5,8043.5,2
2026-09-18 18:43:00+00:00,8043.0,8043.5,8043.0,8043.0,22
2026-09-18 18:44:00+00:00,8043.0,8043.5,8043.0,8043.0,21
2026-09-18 18:45:00+00:00,8043.5,8043.5,8043.0,8043.0,159
2026-09-18 18:46:00+00:00,8043.5,8046.5,8043.0,8045.5,98
2026-09-18 18:47:00+00:00,8045.5,8047.0,8045.0,8047.0,50
2026-09-18 18:48:00+00:00,8047.0,8047.0,8046.0,8046.0,8
2026-09-18 18:49:00+00:00,8045.5,8046.5,8044.0,8045.0,27
2026-09-18 18:50:00+00:00,8045.0,8045.0,8042.5,8043.0,25
2026-09-18 18:51:00+00:00,8043.0,8043.0,8042.5,8043.0,13
2026-09-18 18:52:00+00:00,8042.5,8042.5,8042.0,8042.0,14
2026-09-18 18:53:00+00:00,8041.5,8044.5,8041.5,8044.5,23
2026-09-18 18:54:00+00:00,8044.5,8045.0,8043.5,8044.0,25
2026-09-18 18:55:00+00:00,8042.5,8042.5,8041.0,8041.5,20
2026-09-18 18:56:00+00:00,8040.5,8040.5,8040.0,8040.5,10
2026-09-18 18:57:00+00:00,8040.5,8040.5,8040.0,8040.5,16
2026-09-18 18:58:00+00:00,8040.5,8041.0,8040.5,8041.0,8
2026-09-18 18:59:00+00:00,8041.0,8044.0,8041.0,8044.0,48
2026-09-18 19:00:00+00:00,8044.5,8044.5,8041.5,8042.0,82
2026-09-18 19:01:00+00:00,8042.5,8042.5,8041.0,8042.0,27
2026-09-18 19:02:00+00:00,8043.0,8044.0,8043.0,8044.0,20
2026-09-18 19:03:00+00:00,8045.0,8046.0,8045.0,8046.0,12
2026-09-18 19:04:00+00:00,8046.5,8048.0,8046.5,8048.0,5
2026-09-18 19:05:00+00:00,8047.5,8048.5,8047.0,8048.5,8
2026-09-18 19:06:00+00:00,8048.0,8048.5,8047.5,8047.5,7
2026-09-18 19:07:00+00:00,8048.0,8048.0,8047.5,8047.5,4
2026-09-18 19:08:00+00:00,8047.0,8047.5,8046.5,8047.0,8
2026-09-18 19:09:00+00:00,8047.0,8047.5,8047.0,8047.5,5
2026-09-18 19:10:00+00:00,8047.0,8048.5,8047.0,8047.5,6
2026-09-18 19:11:00+00:00,8048.0,8050.0,8048.0,8050.0,8
2026-09-18 19:12:00+00:00,8049.0,8050.5,8049.0,8049.5,29
2026-09-18 19:13:00+00:00,8050.0,8050.0,8048.5,8048.5,3
2026-09-18 19:14:00+00:00,8046.5,8046.5,8046.5,8046.5,1
2026-09-18 19:15:00+00:00,8047.5,8048.5,8047.5,8048.5,9
2026-09-18 19:16:00+00:00,8047.5,8048.5,8047.5,8048.5,5
2026-09-18 19:17:00+00:00,8048.0,8048.0,8046.5,8047.5,23
2026-09-18 19:18:00+00:00,8047.5,8047.5,8046.5,8046.5,14
2026-09-18 19:19:00+00:00,8046.0,8046.5,8045.0,8046.0,18
2026-09-18 19:20:00+00:00,8045.5,8045.5,8044.5,8045.0,4
2026-09-18 19:21:00+00:00,8045.5,8046.0,8045.5,8046.0,3
2026-09-18 19:22:00+00:00,8045.5,8047.0,8045.5,8047.0,4
2026-09-18 19:23:00+00:00,8046.5,8046.5,8046.5,8046.5,10
2026-09-18 19:24:00+00:00,8046.5,8046.5,8046.5,8046.5,2
2026-09-18 19:25:00+00:00,8046.5,8047.0,8045.0,8045.0,19
2026-09-18 19:26:00+00:00,8045.5,8046.5,8045.5,8046.5,8
2026-09-18 19:27:00+00:00,8046.5,8047.5,8046.5,8046.5,6
2026-09-18 19:28:00+00:00,8046.5,8046.5,8046.0,8046.0,5
2026-09-18 19:29:00+00:00,8046.5,8046.5,8044.5,8045.0,11
2026-09-18 19:30:00+00:00,8045.0,8046.0,8044.0,8045.5,10
2026-09-18 19:31:00+00:00,8045.0,8045.5,8044.5,8044.5,12
2026-09-18 19:32:00+00:00,8045.0,8045.5,8044.5,8044.5,10
2026-09-18 19:33:00+00:00,8044.0,8045.0,8043.5,8044.0,11
2026-09-18 19:34:00+00:00,8044.5,8045.0,8044.0,8044.5,17
2026-09-18 19:35:00+00:00,8043.5,8045.0,8043.5,8044.5,12
2026-09-18 19:36:00+00:00,8045.5,8046.5,8045.0,8046.5,10
2026-09-18 19:37:00+00:00,8046.0,8047.5,8045.5,8047.0,12
2026-09-18 19:38:00+00:00,8046.5,8046.5,8046.0,8046.0,7
2026-09-18 19:39:00+00:00,8047.0,8047.5,8046.5,8046.5,11
2026-09-18 19:40:00+00:00,8046.5,8048.5,8046.5,8048.5,27
2026-09-18 19:41:00+00:00,8047.5,8048.5,8047.5,8048.5,14
2026-09-18 19:42:00+00:00,8048.0,8049.5,8048.0,8049.5,11
2026-09-18 19:43:00+00:00,8048.5,8050.5,8048.5,8050.5,13
2026-09-18 19:44:00+00:00,8050.5,8050.5,8050.5,8050.5,6
2026-09-18 19:45:00+00:00,8051.0,8051.0,8050.0,8051.0,10
2026-09-18 19:46:00+00:00,8050.5,8051.5,8050.5,8051.5,8
2026-09-18 19:47:00+00:00,8052.0,8052.5,8051.0,8052.5,41
2026-09-18 19:48:00+00:00,8052.5,8054.0,8052.5,8054.0,22
2026-09-18 19:49:00+00:00,8052.5,8053.0,8052.5,8053.0,16
2026-09-18 19:50:00+00:00,8052.5,8054.5,8050.5,8052.5,124
2026-09-18 19:51:00+00:00,8053.0,8053.0,8049.5,8050.0,71
2026-09-18 19:52:00+00:00,8050.0,8051.0,8047.5,8048.5,55
2026-09-18 19:53:00+00:00,8049.0,8049.5,8047.5,8048.5,53
2026-09-18 19:54:00+00:00,8049.0,8050.5,8047.5,8049.0,80
2026-09-18 19:55:00+00:00,8049.5,8050.5,8047.0,8047.0,73
2026-09-18 19:56:00+00:00,8047.0,8049.0,8046.5,8048.5,67
2026-09-18 19:57:00+00:00,8048.5,8053.0,8048.5,8052.0,52
2026-09-18 19:58:00+00:00,8051.0,8051.0,8047.0,8047.5,65
2026-09-18 19:59:00+00:00,8047.0,8049.0,8044.5,8046.0,139
2026-09-21 06:00:00+00:00,8075.5,8094.0,8075.5,8093.5,200
2026-09-21 06:01:00+00:00,8094.0,8095.5,8092.0,8093.0,94
2026-09-21 06:02:00+00:00,8093.0,8093.5,8092.0,8093.5,10
2026-09-21 06:03:00+00:00,8093.5,8093.5,8089.0,8089.0,56
2026-09-21 06:04:00+00:00,8089.5,8091.0,8087.5,8091.0,57
2026-09-21 06:05:00+00:00,8091.5,8091.5,8090.0,8090.0,24
2026-09-21 06:06:00+00:00,8091.0,8091.0,8086.5,8086.5,67
2026-09-21 06:07:00+00:00,8087.5,8090.0,8087.5,8089.0,21
2026-09-21 06:08:00+00:00,8087.0,8087.0,8086.0,8086.0,5
2026-09-21 06:09:00+00:00,8086.0,8088.5,8086.0,8088.5,29
2026-09-21 06:10:00+00:00,8089.5,8090.0,8089.0,8089.5,13
2026-09-21 06:11:00+00:00,8089.5,8089.5,8087.5,8089.0,20
2026-09-21 06:12:00+00:00,8089.5,8090.0,8088.5,8089.5,7
2026-09-21 06:13:00+00:00,8090.0,8090.5,8090.0,8090.0,7
2026-09-21 06:14:00+00:00,8090.5,8090.5,8089.5,8090.0,8
2026-09-21 06:15:00+00:00,8090.0,8090.0,8087.5,8087.5,14
2026-09-21 06:16:00+00:00,8089.0,8089.5,8088.5,8089.5,12
2026-09-21 06:17:00+00:00,8090.0,8091.0,8090.0,8091.0,5
2026-09-21 06:18:00+00:00,8092.0,8092.5,8091.5,8091.5,11
2026-09-21 06:19:00+00:00,8092.0,8092.0,8090.5,8091.5,11
2026-09-21 06:20:00+00:00,8091.0,8091.0,8089.5,8089.5,9
2026-09-21 06:21:00+00:00,8089.0,8089.5,8089.0,8089.5,13
2026-09-21 06:22:00+00:00,8089.5,8089.5,8088.0,8089.0,14
2026-09-21 06:23:00+00:00,8088.5,8089.0,8088.0,8088.5,32
2026-09-21 06:24:00+00:00,8089.5,8089.5,8088.5,8088.5,9
2026-09-21 06:25:00+00:00,8088.5,8088.5,8087.5,8088.5,10
2026-09-21 06:26:00+00:00,8088.0,8089.5,8088.0,8089.0,11
2026-09-21 06:27:00+00:00,8088.5,8090.0,8088.5,8089.5,7
2026-09-21 06:28:00+00:00,8089.5,8090.0,8089.5,8090.0,6
2026-09-21 06:29:00+00:00,8090.5,8091.5,8090.5,8091.5,12
2026-09-21 06:30:00+00:00,8092.0,8094.0,8092.0,8093.5,22
2026-09-21 06:31:00+00:00,8093.0,8093.0,8092.5,8093.0,6
2026-09-21 06:32:00+00:00,8094.0,8094.0,8092.5,8092.5,14
2026-09-21 06:33:00+00:00,8093.0,8094.5,8092.0,8094.5,47
2026-09-21 06:34:00+00:00,8095.0,8095.0,8094.5,8095.0,12
2026-09-21 06:35:00+00:00,8095.0,8095.0,8093.5,8094.5,25
2026-09-21 06:36:00+00:00,8095.0,8096.0,8095.0,8095.5,20
2026-09-21 06:37:00+00:00,8095.5,8095.5,8095.0,8095.0,17
2026-09-21 06:38:00+00:00,8095.5,8096.0,8094.0,8096.0,26
2026-09-21 06:39:00+00:00,8095.5,8098.0,8095.5,8098.0,17
2026-09-21 06:40:00+00:00,8098.0,8099.0,8098.0,8098.5,12
2026-09-21 06:41:00+00:00,8097.5,8097.5,8096.0,8096.0,8
2026-09-21 06:42:00+00:00,8096.5,8097.0,8096.5,8097.0,19
2026-09-21 06:43:00+00:00,8096.5,8096.5,8095.5,8095.5,9
2026-09-21 06:44:00+00:00,8097.0,8098.0,8096.0,8096.0,21
2026-09-21 06:45:00+00:00,8096.5,8096.5,8093.5,8094.0,17
2026-09-21 06:46:00+00:00,8095.0,8096.5,8095.0,8096.5,9
2026-09-21 06:47:00+00:00,8095.5,8097.0,8095.5,8097.0,6
2026-09-21 06:48:00+00:00,8098.0,8098.0,8096.5,8096.5,7
2026-09-21 06:49:00+00:00,8097.0,8098.5,8096.5,8098.5,21
2026-09-21 06:50:00+00:00,8098.5,8099.0,8098.5,8098.5,20
2026-09-21 06:51:00+00:00,8099.0,8099.0,8098.0,8098.5,19
2026-09-21 06:52:00+00:00,8098.0,8099.5,8097.5,8098.5,16
2026-09-21 06:53:00+00:00,8100.0,8100.0,8097.5,8097.5,13
2026-09-21 06:54:00+00:00,8097.0,8099.0,8096.5,8099.0,28
2026-09-21 06:55:00+00:00,8098.5,8099.5,8098.0,8099.0,24
2026-09-21 06:56:00+00:00,8099.0,8103.0,8098.0,8102.5,61
2026-09-21 06:57:00+00:00,8102.0,8106.5,8101.5,8106.0,72
2026-09-21 06:58:00+00:00,8106.0,8106.5,8102.5,8106.5,36
2026-09-21 06:59:00+00:00,8107.0,8109.5,8104.5,8105.0,163
2026-09-21 07:00:00+00:00,8104.5,8107.0,8095.5,8102.0,956
2026-09-21 07:01:00+00:00,8104.0,8106.5,8097.0,8104.0,288
2026-09-21 07:02:00+00:00,8104.0,8106.5,8101.5,8106.5,185
2026-09-21 07:03:00+00:00,8107.0,8107.5,8101.0,8103.0,125
2026-09-21 07:04:00+00:00,8103.5,8108.0,8103.0,8107.0,72
2026-09-21 07:05:00+00:00,8107.5,8114.5,8105.5,8114.0,131
2026-09-21 07:06:00+00:00,8114.5,8117.0,8107.5,8108.5,109
2026-09-21 07:07:00+00:00,8108.5,8109.0,8104.5,8105.0,81
2026-09-21 07:08:00+00:00,8105.5,8105.5,8100.5,8101.0,153
2026-09-21 07:09:00+00:00,8101.0,8104.5,8101.0,8103.5,94
2026-09-21 07:10:00+00:00,8102.5,8104.5,8097.5,8098.0,164
2026-09-21 07:11:00+00:00,8097.5,8098.0,8094.5,8096.5,86
2026-09-21 07:12:00+00:00,8097.0,8101.0,8097.0,8098.0,57
2026-09-21 07:13:00+00:00,8098.5,8100.5,8098.0,8099.0,27
2026-09-21 07:14:00+00:00,8098.5,8098.5,8097.0,8097.5,39
2026-09-21 07:15:00+00:00,8098.5,8098.5,8096.5,8096.5,35
2026-09-21 07:16:00+00:00,8097.0,8099.0,8095.5,8097.5,90
2026-09-21 07:17:00+00:00,8096.0,8098.5,8096.0,8096.5,50
2026-09-21 07:18:00+00:00,8097.0,8100.0,8097.0,8099.0,32
2026-09-21 07:19:00+00:00,8098.0,8100.5,8096.5,8100.5,52
2026-09-21 07:20:00+00:00,8101.0,8103.5,8100.0,8101.5,201
2026-09-21 07:21:00+00:00,8101.0,8104.5,8101.0,8102.5,64
2026-09-21 07:22:00+00:00,8102.0,8102.0,8097.5,8097.5,49
2026-09-21 07:23:00+00:00,8097.5,8099.0,8096.5,8098.5,49
2026-09-21 07:24:00+00:00,8098.0,8102.0,8098.0,8101.0,94
2026-09-21 07:25:00+00:00,8100.5,8102.0,8098.0,8098.5,90
2026-09-21 07:26:00+00:00,8099.0,8101.5,8099.0,8100.5,69
2026-09-21 07:27:00+00:00,8101.0,8107.0,8099.5,8107.0,93
2026-09-21 07:28:00+00:00,8106.0,8109.5,8105.5,8109.5,36
2026-09-21 07:29:00+00:00,8108.5,8109.5,8107.0,8107.0,39
2026-09-21 07:30:00+00:00,8107.0,8111.0,8107.0,8110.0,42
2026-09-21 07:31:00+00:00,8110.5,8110.5,8107.0,8108.0,34
2026-09-21 07:32:00+00:00,8108.0,8108.0,8103.0,8103.5,42
2026-09-21 07:33:00+00:00,8104.5,8107.0,8104.5,8105.0,30
2026-09-21 07:34:00+00:00,8104.0,8106.0,8103.0,8104.5,40
2026-09-21 07:35:00+00:00,8104.5,8105.5,8104.0,8104.5,33
2026-09-21 07:36:00+00:00,8104.5,8106.5,8104.5,8105.5,42
2026-09-21 07:37:00+00:00,8105.5,8105.5,8103.0,8104.5,33
2026-09-21 07:38:00+00:00,8104.0,8105.0,8102.0,8102.0,104
2026-09-21 07:39:00+00:00,8101.5,8102.5,8099.5,8101.5,67
2026-09-21 07:40:00+00:00,8101.5,8102.5,8100.0,8101.0,78
2026-09-21 07:41:00+00:00,8101.5,8101.5,8097.0,8099.5,82
2026-09-21 07:42:00+00:00,8099.5,8099.5,8095.0,8096.0,98
2026-09-21 07:43:00+00:00,8096.0,8096.5,8094.0,8094.5,32
2026-09-21 07:44:00+00:00,8094.5,8097.5,8093.0,8097.5,41
2026-09-21 07:45:00+00:00,8097.0,8098.0,8096.0,8097.5,39
2026-09-21 07:46:00+00:00,8098.0,8098.0,8095.0,8095.0,60
2026-09-21 07:47:00+00:00,8095.5,8099.5,8095.5,8098.5,39
2026-09-21 07:48:00+00:00,8098.0,8099.0,8097.0,8099.0,56
2026-09-21 07:49:00+00:00,8099.5,8100.5,8098.0,8098.0,48
2026-09-21 07:50:00+00:00,8097.5,8099.0,8097.0,8099.0,25
2026-09-21 07:51:00+00:00,8099.0,8101.5,8099.0,8100.5,43
2026-09-21 07:52:00+00:00,8101.0,8102.0,8099.5,8100.0,45
2026-09-21 07:53:00+00:00,8099.0,8102.5,8099.0,8100.0,45
2026-09-21 07:54:00+00:00,8100.5,8101.0,8100.0,8101.0,25
2026-09-21 07:55:00+00:00,8101.0,8103.0,8100.5,8102.5,62
2026-09-21 07:56:00+00:00,8102.5,8105.0,8102.5,8104.5,52
2026-09-21 07:57:00+00:00,8104.0,8104.5,8102.5,8104.0,50
2026-09-21 07:58:00+00:00,8104.0,8105.0,8102.5,8104.0,73
2026-09-21 07:59:00+00:00,8104.0,8104.0,8098.5,8098.5,53
2026-09-21 08:00:00+00:00,8098.5,8101.5,8098.0,8101.5,43
2026-09-21 08:01:00+00:00,8102.0,8104.0,8100.0,8104.0,32
2026-09-21 08:02:00+00:00,8104.0,8104.5,8103.0,8103.0,21
2026-09-21 08:03:00+00:00,8103.5,8108.0,8103.5,8108.0,51
2026-09-21 08:04:00+00:00,8107.5,8109.5,8107.5,8109.0,21
2026-09-21 08:05:00+00:00,8110.0,8112.0,8109.0,8110.0,58
2026-09-21 08:06:00+00:00,8110.0,8111.0,8109.0,8110.5,41
2026-09-21 08:07:00+00:00,8110.0,8110.0,8109.0,8110.0,26
2026-09-21 08:08:00+00:00,8110.0,8113.5,8110.0,8113.5,49
2026-09-21 08:09:00+00:00,8114.0,8116.0,8114.0,8115.0,73
2026-09-21 08:10:00+00:00,8115.5,8116.5,8115.5,8116.0,25
2026-09-21 08:11:00+00:00,8116.5,8118.0,8115.5,8115.5,68
2026-09-21 08:12:00+00:00,8116.0,8119.5,8116.0,8119.5,56
2026-09-21 08:13:00+00:00,8119.0,8119.5,8118.0,8119.0,25
2026-09-21 08:14:00+00:00,8120.0,8121.0,8120.0,8120.5,42
2026-09-21 08:15:00+00:00,8121.0,8121.5,8117.0,8118.5,55
2026-09-21 08:16:00+00:00,8118.5,8120.0,8118.5,8120.0,34
2026-09-21 08:17:00+00:00,8120.0,8121.0,8120.0,8120.5,41
2026-09-21 08:18:00+00:00,8121.5,8121.5,8119.5,8120.0,23
2026-09-21 08:19:00+00:00,8120.0,8123.0,8120.0,8121.0,41
2026-09-21 08:20:00+00:00,8120.5,8122.5,8120.5,8122.0,29
2026-09-21 08:21:00+00:00,8122.0,8123.5,8122.0,8123.0,30
2026-09-21 08:22:00+00:00,8122.5,8122.5,8120.5,8121.5,55
2026-09-21 08:23:00+00:00,8121.5,8122.5,8121.0,8121.0,60
2026-09-21 08:24:00+00:00,8121.0,8121.0,8119.0,8120.5,33
2026-09-21 08:25:00+00:00,8120.5,8121.5,8120.5,8121.5,24
2026-09-21 08:26:00+00:00,8121.0,8122.5,8120.0,8121.5,76
2026-09-21 08:27:00+00:00,8121.5,8123.5,8121.5,8123.5,22
2026-09-21 08:28:00+00:00,8123.5,8123.5,8122.5,8123.0,32
2026-09-21 08:29:00+00:00,8122.5,8123.5,8122.0,8123.0,25
2026-09-21 08:30:00+00:00,8122.5,8122.5,8118.5,8120.0,41
2026-09-21 08:31:00+00:00,8119.5,8120.5,8118.5,8120.5,41
2026-09-21 08:32:00+00:00,8121.5,8122.5,8121.0,8121.0,42
2026-09-21 08:33:00+00:00,8120.5,8120.5,8118.5,8120.0,32
2026-09-21 08:34:00+00:00,8119.5,8120.0,8117.0,8117.5,94
2026-09-21 08:35:00+00:00,8117.5,8121.0,8117.5,8121.0,33
2026-09-21 08:36:00+00:00,8120.5,8122.5,8120.5,8121.5,25
2026-09-21 08:37:00+00:00,8121.0,8121.5,8119.5,8121.5,40
2026-09-21 08:38:00+00:00,8121.5,8123.0,8121.5,8122.0,18
2026-09-21 08:39:00+00:00,8122.0,8122.5,8122.0,8122.5,22
2026-09-21 08:40:00+00:00,8122.5,8123.0,8121.0,8121.5,55
2026-09-21 08:41:00+00:00,8121.0,8125.5,8121.0,8125.5,83
2026-09-21 08:42:00+00:00,8125.0,8125.5,8122.5,8123.5,45
2026-09-21 08:43:00+00:00,8124.5,8125.5,8124.5,8124.5,12
2026-09-21 08:44:00+00:00,8124.5,8126.0,8124.0,8125.0,24
2026-09-21 08:45:00+00:00,8124.5,8127.5,8124.5,8126.0,32
2026-09-21 08:46:00+00:00,8126.5,8126.5,8125.0,8125.5,32
2026-09-21 08:47:00+00:00,8125.5,8125.5,8122.5,8124.5,67
2026-09-21 08:48:00+00:00,8125.0,8126.0,8125.0,8125.5,15
2026-09-21 08:49:00+00:00,8126.0,8126.5,8125.0,8125.5,42
2026-09-21 08:50:00+00:00,8125.5,8126.5,8124.0,8126.0,46
2026-09-21 08:51:00+00:00,8126.0,8127.5,8125.5,8127.5,68
2026-09-21 08:52:00+00:00,8127.5,8128.5,8125.0,8126.0,41
2026-09-21 08:53:00+00:00,8125.5,8126.5,8125.5,8126.5,30
2026-09-21 08:54:00+00:00,8126.0,8127.0,8124.0,8124.0,65
2026-09-21 08:55:00+00:00,8124.5,8124.5,8123.0,8124.0,35
2026-09-21 08:56:00+00:00,8124.0,8125.0,8122.5,8124.0,66
2026-09-21 08:57:00+00:00,8124.0,8126.0,8124.0,8125.5,23
2026-09-21 08:58:00+00:00,8125.5,8127.0,8124.5,8125.0,54
2026-09-21 08:59:00+00:00,8125.5,8125.5,8123.0,8123.5,32
2026-09-21 09:00:00+00:00,8123.0,8123.5,8121.0,8122.5,56
2026-09-21 09:01:00+00:00,8122.5,8124.0,8121.0,8121.0,26
2026-09-21 09:02:00+00:00,8120.5,8121.0,8119.5,8120.5,23
2026-09-21 09:03:00+00:00,8121.0,8122.0,8121.0,8121.5,13
2026-09-21 09:04:00+00:00,8121.0,8125.5,8121.0,8125.5,26
2026-09-21 09:05:00+00:00,8126.0,8126.0,8125.0,8125.5,22
2026-09-21 09:06:00+00:00,8126.0,8130.0,8125.5,8129.5,46
2026-09-21 09:07:00+00:00,8130.0,8132.5,8130.0,8132.0,44
2026-09-21 09:08:00+00:00,8131.5,8133.5,8131.5,8132.0,50
2026-09-21 09:09:00+00:00,8131.0,8131.5,8127.5,8129.0,25
2026-09-21 09:10:00+00:00,8129.0,8130.5,8129.0,8129.5,27
2026-09-21 09:11:00+00:00,8129.5,8130.5,8129.0,8130.0,34
2026-09-21 09:12:00+00:00,8129.5,8129.5,8127.0,8127.5,16
2026-09-21 09:13:00+00:00,8129.0,8129.5,8127.5,8127.5,17
2026-09-21 09:14:00+00:00,8128.0,8130.5,8128.0,8130.5,15
2026-09-21 09:15:00+00:00,8130.0,8130.0,8127.5,8127.5,21
2026-09-21 09:16:00+00:00,8128.0,8129.0,8127.0,8127.5,35
2026-09-21 09:17:00+00:00,8128.0,8129.5,8128.0,8129.5,22
2026-09-21 09:18:00+00:00,8129.5,8130.5,8129.5,8129.5,33
2026-09-21 09:19:00+00:00,8129.0,8130.0,8128.5,8129.0,24
2026-09-21 09:20:00+00:00,8130.5,8131.5,8129.5,8131.0,11
2026-09-21 09:21:00+00:00,8130.5,8132.0,8130.0,8131.0,53
2026-09-21 09:22:00+00:00,8131.5,8132.0,8131.0,8132.0,16
2026-09-21 09:23:00+00:00,8132.0,8132.0,8129.5,8129.5,31
2026-09-21 09:24:00+00:00,8130.5,8131.0,8129.0,8129.0,20
2026-09-21 09:25:00+00:00,8129.5,8131.0,8129.0,8131.0,24
2026-09-21 09:26:00+00:00,8131.0,8132.5,8131.0,8132.5,41
2026-09-21 09:27:00+00:00,8133.0,8133.5,8132.5,8133.5,21
2026-09-21 09:28:00+00:00,8133.0,8133.5,8130.5,8130.5,31
2026-09-21 09:29:00+00:00,8131.0,8131.5,8130.5,8131.0,40
2026-09-21 09:30:00+00:00,8130.5,8133.0,8130.5,8132.0,19
2026-09-21 09:31:00+00:00,8132.5,8133.0,8131.5,8131.5,22
2026-09-21 09:32:00+00:00,8131.5,8132.0,8131.0,8132.0,19
2026-09-21 09:33:00+00:00,8132.0,8133.0,8130.5,8130.5,31
2026-09-21 09:34:00+00:00,8131.0,8132.0,8130.5,8130.5,12
2026-09-21 09:35:00+00:00,8131.0,8132.5,8131.0,8132.5,14
2026-09-21 09:36:00+00:00,8132.0,8133.0,8131.0,8132.0,53
2026-09-21 09:37:00+00:00,8131.5,8131.5,8130.0,8131.5,26
2026-09-21 09:38:00+00:00,8131.5,8131.5,8130.5,8131.0,19
2026-09-21 09:39:00+00:00,8131.0,8134.0,8131.0,8134.0,11
2026-09-21 09:40:00+00:00,8134.0,8134.5,8133.5,8134.0,16
2026-09-21 09:41:00+00:00,8134.0,8136.0,8134.0,8134.0,56
2026-09-21 09:42:00+00:00,8134.5,8134.5,8132.0,8132.0,20
2026-09-21 09:43:00+00:00,8132.0,8133.0,8132.0,8132.5,5
2026-09-21 09:44:00+00:00,8133.0,8135.0,8133.0,8135.0,22
2026-09-21 09:45:00+00:00,8135.5,8136.0,8135.0,8136.0,35
2026-09-21 09:46:00+00:00,8135.5,8136.5,8135.0,8135.5,26
2026-09-21 09:47:00+00:00,8136.0,8136.0,8134.5,8134.5,44
2026-09-21 09:48:00+00:00,8134.5,8135.0,8133.0,8133.0,15
2026-09-21 09:49:00+00:00,8133.0,8134.0,8133.0,8133.0,21
2026-09-21 09:50:00+00:00,8133.5,8136.0,8133.5,8135.5,17
2026-09-21 09:51:00+00:00,8135.0,8135.5,8134.0,8135.5,19
2026-09-21 09:52:00+00:00,8136.0,8136.0,8133.5,8133.5,33
2026-09-21 09:53:00+00:00,8133.0,8135.0,8132.5,8135.0,43
2026-09-21 09:54:00+00:00,8134.5,8136.0,8134.5,8135.0,30
2026-09-21 09:55:00+00:00,8135.0,8136.0,8134.5,8136.0,18
2026-09-21 09:56:00+00:00,8136.5,8137.0,8135.5,8136.0,26
2026-09-21 09:57:00+00:00,8136.0,8136.0,8135.0,8135.0,10
2026-09-21 09:58:00+00:00,8136.0,8136.0,8135.5,8136.0,9
2026-09-21 09:59:00+00:00,8136.0,8137.5,8136.0,8137.0,24
2026-09-21 10:00:00+00:00,8136.5,8138.0,8136.0,8137.5,34
2026-09-21 10:01:00+00:00,8137.5,8138.0,8136.0,8138.0,12
2026-09-21 10:02:00+00:00,8137.5,8138.0,8136.5,8136.5,32
2026-09-21 10:03:00+00:00,8136.5,8136.5,8134.0,8134.0,31
2026-09-21 10:04:00+00:00,8134.0,8137.5,8133.5,8137.5,48
2026-09-21 10:05:00+00:00,8137.5,8138.5,8137.5,8138.0,24
2026-09-21 10:06:00+00:00,8138.0,8138.0,8137.0,8137.5,26
2026-09-21 10:07:00+00:00,8137.5,8137.5,8135.0,8135.5,23
2026-09-21 10:08:00+00:00,8135.0,8136.0,8135.0,8136.0,12
2026-09-21 10:09:00+00:00,8135.5,8136.0,8134.5,8134.5,21
2026-09-21 10:10:00+00:00,8134.0,8134.0,8133.5,8133.5,15
2026-09-21 10:11:00+00:00,8133.5,8135.0,8133.5,8133.5,20
2026-09-21 10:12:00+00:00,8134.5,8134.5,8133.0,8133.0,13
2026-09-21 10:13:00+00:00,8133.5,8134.0,8133.0,8133.5,32
2026-09-21 10:14:00+00:00,8132.5,8133.0,8132.0,8133.0,14
2026-09-21 10:15:00+00:00,8133.0,8133.0,8131.5,8132.0,44
2026-09-21 10:16:00+00:00,8132.5,8134.0,8132.0,8134.0,22
2026-09-21 10:17:00+00:00,8134.5,8135.5,8134.0,8135.0,69
2026-09-21 10:18:00+00:00,8134.5,8135.5,8134.5,8135.0,11
2026-09-21 10:19:00+00:00,8135.5,8135.5,8134.5,8134.5,16
2026-09-21 10:20:00+00:00,8135.0,8136.0,8135.0,8136.0,18
2026-09-21 10:21:00+00:00,8136.0,8136.5,8134.5,8135.0,27
2026-09-21 10:22:00+00:00,8134.5,8134.5,8133.0,8133.0,16
2026-09-21 10:23:00+00:00,8133.0,8133.0,8130.5,8131.0,27
2026-09-21 10:24:00+00:00,8132.0,8133.0,8132.0,8132.5,16
2026-09-21 10:25:00+00:00,8133.0,8134.0,8132.0,8134.0,32
2026-09-21 10:26:00+00:00,8134.0,8134.0,8132.0,8132.0,5
2026-09-21 10:27:00+00:00,8133.0,8133.5,8132.5,8133.5,9
2026-09-21 10:28:00+00:00,8134.0,8135.0,8133.5,8135.0,8
2026-09-21 10:29:00+00:00,8135.5,8135.5,8134.5,8135.0,4
2026-09-21 10:30:00+00:00,8135.5,8136.0,8135.0,8136.0,36
2026-09-21 10:31:00+00:00,8135.5,8135.5,8135.0,8135.0,15
2026-09-21 10:32:00+00:00,8136.0,8136.0,8134.0,8134.5,53
2026-09-21 10:33:00+00:00,8134.0,8136.0,8134.0,8135.5,10
2026-09-21 10:34:00+00:00,8136.0,8136.0,8133.5,8133.5,62
2026-09-21 10:35:00+00:00,8133.0,8133.5,8132.0,8133.0,68
2026-09-21 10:36:00+00:00,8132.5,8134.5,8132.5,8133.0,73
2026-09-21 10:37:00+00:00,8133.0,8134.5,8132.5,8133.0,42
2026-09-21 10:38:00+00:00,8133.5,8134.0,8133.5,8134.0,8
2026-09-21 10:39:00+00:00,8134.5,8135.5,8133.0,8133.5,46
2026-09-21 10:40:00+00:00,8133.0,8133.0,8131.5,8132.5,48
2026-09-21 10:41:00+00:00,8132.5,8132.5,8129.5,8130.5,45
2026-09-21 10:42:00+00:00,8130.0,8131.5,8129.5,8130.5,101
2026-09-21 10:43:00+00:00,8130.0,8131.0,8130.0,8130.0,31
2026-09-21 10:44:00+00:00,8130.5,8131.0,8130.5,8131.0,15
2026-09-21 10:45:00+00:00,8131.5,8131.5,8131.0,8131.5,20
2026-09-21 10:46:00+00:00,8132.0,8133.5,8132.0,8132.5,32
2026-09-21 10:47:00+00:00,8132.5,8135.5,8132.5,8134.5,46
2026-09-21 10:48:00+00:00,8134.5,8134.5,8132.5,8133.5,33
2026-09-21 10:49:00+00:00,8133.0,8133.0,8132.5,8133.0,11
2026-09-21 10:50:00+00:00,8133.0,8135.0,8133.0,8133.5,30
2026-09-21 10:51:00+00:00,8133.0,8134.0,8132.5,8132.5,18
2026-09-21 10:52:00+00:00,8132.5,8132.5,8130.5,8132.0,24
2026-09-21 10:53:00+00:00,8131.5,8131.5,8130.0,8130.5,31
2026-09-21 10:54:00+00:00,8130.5,8130.5,8128.5,8130.5,31
2026-09-21 10:55:00+00:00,8130.5,8131.0,8130.0,8130.5,35
2026-09-21 10:56:00+00:00,8131.0,8131.0,8130.5,8131.0,13
2026-09-21 10:57:00+00:00,8131.5,8131.5,8131.0,8131.0,11
2026-09-21 10:58:00+00:00,8131.0,8131.0,8129.0,8129.0,25
2026-09-21 10:59:00+00:00,8129.5,8130.0,8128.5,8128.5,17
2026-09-21 11:00:00+00:00,8129.5,8132.5,8129.0,8132.0,123
2026-09-21 11:01:00+00:00,8132.5,8132.5,8130.0,8131.5,77
2026-09-21 11:02:00+00:00,8131.5,8132.5,8130.0,8131.5,71
2026-09-21 11:03:00+00:00,8131.5,8134.5,8131.5,8133.5,71
2026-09-21 11:04:00+00:00,8133.5,8133.5,8132.0,8133.5,53
2026-09-21 11:05:00+00:00,8133.5,8135.0,8133.5,8134.5,21
2026-09-21 11:06:00+00:00,8135.0,8136.5,8134.5,8135.5,37
2026-09-21 11:07:00+00:00,8135.5,8135.5,8133.0,8133.0,35
2026-09-21 11:08:00+00:00,8133.0,8133.0,8132.0,8132.5,11
2026-09-21 11:09:00+00:00,8132.5,8132.5,8130.0,8130.5,46
2026-09-21 11:10:00+00:00,8130.0,8130.0,8128.5,8129.5,22
2026-09-21 11:11:00+00:00,8130.0,8130.0,8130.0,8130.0,10
2026-09-21 11:12:00+00:00,8130.0,8130.5,8130.0,8130.5,6
2026-09-21 11:13:00+00:00,8131.0,8131.5,8130.5,8130.5,26
2026-09-21 11:14:00+00:00,8130.5,8131.5,8130.5,8131.5,15
2026-09-21 11:15:00+00:00,8131.5,8132.5,8131.0,8131.0,47
2026-09-21 11:16:00+00:00,8130.5,8130.5,8127.5,8129.0,35
2026-09-21 11:17:00+00:00,8128.5,8129.5,8128.5,8129.5,9
2026-09-21 11:18:00+00:00,8130.0,8132.0,8130.0,8131.5,9
2026-09-21 11:19:00+00:00,8131.5,8132.0,8131.5,8132.0,8
2026-09-21 11:20:00+00:00,8132.5,8133.5,8132.5,8133.5,23
2026-09-21 11:21:00+00:00,8133.5,8134.0,8133.0,8133.5,46
2026-09-21 11:22:00+00:00,8134.0,8134.0,8132.0,8133.0,23
2026-09-21 11:23:00+00:00,8133.5,8133.5,8132.0,8132.0,20
2026-09-21 11:24:00+00:00,8132.5,8133.5,8132.5,8133.0,13
2026-09-21 11:25:00+00:00,8133.5,8135.5,8133.5,8135.5,17
2026-09-21 11:26:00+00:00,8135.5,8136.0,8134.5,8135.5,28
2026-09-21 11:27:00+00:00,8135.5,8136.5,8135.5,8135.5,27
2026-09-21 11:28:00+00:00,8135.5,8137.0,8135.5,8137.0,7
2026-09-21 11:29:00+00:00,8137.0,8137.5,8136.5,8137.5,13
2026-09-21 11:30:00+00:00,8137.0,8137.5,8136.0,8137.5,23
2026-09-21 11:31:00+00:00,8137.5,8138.0,8137.5,8137.5,11
2026-09-21 11:32:00+00:00,8137.5,8137.5,8137.0,8137.0,15
2026-09-21 11:33:00+00:00,8136.5,8138.0,8136.5,8138.0,20
2026-09-21 11:34:00+00:00,8137.5,8138.0,8137.0,8137.5,19
2026-09-21 11:35:00+00:00,8137.0,8138.0,8137.0,8137.5,9
2026-09-21 11:36:00+00:00,8138.5,8138.5,8136.5,8136.5,18
2026-09-21 11:37:00+00:00,8136.0,8136.5,8135.0,8135.0,19
2026-09-21 11:38:00+00:00,8134.5,8134.5,8134.0,8134.5,12
2026-09-21 11:39:00+00:00,8136.0,8140.0,8136.0,8137.0,91
2026-09-21 11:40:00+00:00,8137.0,8137.5,8136.5,8137.0,41
2026-09-21 11:41:00+00:00,8137.0,8137.0,8135.5,8135.5,13
2026-09-21 11:42:00+00:00,8136.0,8136.5,8136.0,8136.0,10
2026-09-21 11:43:00+00:00,8136.0,8136.5,8135.0,8136.5,40
2026-09-21 11:44:00+00:00,8137.0,8138.5,8136.5,8138.5,96
2026-09-21 11:45:00+00:00,8138.5,8139.0,8137.5,8138.0,31
2026-09-21 11:46:00+00:00,8138.0,8138.5,8137.5,8138.5,29
2026-09-21 11:47:00+00:00,8138.0,8138.0,8135.5,8136.5,34
2026-09-21 11:48:00+00:00,8136.0,8137.0,8136.0,8137.0,6
2026-09-21 11:49:00+00:00,8136.5,8136.5,8135.5,8136.5,10
2026-09-21 11:50:00+00:00,8136.5,8137.0,8135.5,8136.0,17
2026-09-21 11:51:00+00:00,8136.0,8136.0,8133.5,8133.5,30
2026-09-21 11:52:00+00:00,8133.0,8133.5,8133.0,8133.0,38
2026-09-21 11:53:00+00:00,8132.5,8135.5,8132.5,8135.5,21
2026-09-21 11:54:00+00:00,8137.0,8138.0,8136.0,8136.0,16
2026-09-21 11:55:00+00:00,8136.5,8136.5,8135.5,8135.5,12
2026-09-21 11:56:00+00:00,8135.5,8135.5,8135.0,8135.0,20
2026-09-21 11:57:00+00:00,8135.0,8135.0,8133.5,8133.5,36
2026-09-21 11:58:00+00:00,8133.5,8134.5,8133.5,8134.5,12
2026-09-21 11:59:00+00:00,8134.0,8135.5,8134.0,8135.0,28
2026-09-21 12:00:00+00:00,8134.5,8137.0,8134.5,8134.5,46
2026-09-21 12:01:00+00:00,8134.0,8134.5,8133.5,8134.0,16
2026-09-21 12:02:00+00:00,8133.5,8133.5,8130.5,8132.5,120
2026-09-21 12:03:00+00:00,8133.0,8136.5,8133.0,8135.0,22
2026-09-21 12:04:00+00:00,8134.0,8134.5,8133.5,8134.5,15
2026-09-21 12:05:00+00:00,8135.0,8138.0,8135.0,8136.0,60
2026-09-21 12:06:00+00:00,8136.0,8138.5,8135.0,8137.5,70
2026-09-21 12:07:00+00:00,8137.5,8139.5,8137.0,8138.0,84
2026-09-21 12:08:00+00:00,8138.5,8138.5,8135.5,8137.0,71
2026-09-21 12:09:00+00:00,8137.0,8137.0,8135.0,8135.5,34
2026-09-21 12:10:00+00:00,8137.0,8137.5,8136.5,8137.5,16
2026-09-21 12:11:00+00:00,8137.0,8137.5,8136.0,8137.5,15
2026-09-21 12:12:00+00:00,8138.0,8138.0,8135.5,8135.5,25
2026-09-21 12:13:00+00:00,8136.0,8136.0,8135.0,8135.5,67
2026-09-21 12:14:00+00:00,8135.5,8137.0,8135.5,8136.0,18
2026-09-21 12:15:00+00:00,8135.5,8135.5,8134.0,8134.5,64
2026-09-21 12:16:00+00:00,8134.5,8135.0,8134.0,8134.5,15
2026-09-21 12:17:00+00:00,8134.5,8136.0,8134.0,8135.5,23
2026-09-21 12:18:00+00:00,8135.0,8135.5,8134.0,8134.0,13
2026-09-21 12:19:00+00:00,8134.0,8135.5,8134.0,8135.5,19
2026-09-21 12:20:00+00:00,8135.5,8137.0,8135.5,8137.0,16
2026-09-21 12:21:00+00:00,8137.5,8137.5,8136.0,8136.0,18
2026-09-21 12:22:00+00:00,8136.0,8136.5,8136.0,8136.5,19
2026-09-21 12:23:00+00:00,8136.5,8138.0,8136.0,8136.0,18
2026-09-21 12:24:00+00:00,8136.5,8137.0,8136.5,8136.5,11
2026-09-21 12:25:00+00:00,8136.5,8137.0,8136.5,8137.0,12
2026-09-21 12:26:00+00:00,8137.5,8138.5,8137.5,8137.5,31
2026-09-21 12:27:00+00:00,8137.5,8138.0,8136.5,8136.5,19
2026-09-21 12:28:00+00:00,8136.5,8137.5,8136.0,8137.5,10
2026-09-21 12:29:00+00:00,8138.0,8138.5,8138.0,8138.5,5
2026-09-21 12:30:00+00:00,8138.5,8138.5,8137.5,8138.5,36
2026-09-21 12:31:00+00:00,8139.5,8139.5,8138.5,8138.5,19
2026-09-21 12:32:00+00:00,8139.0,8139.0,8137.0,8138.0,18
2026-09-21 12:33:00+00:00,8138.5,8138.5,8137.0,8137.0,16
2026-09-21 12:34:00+00:00,8136.0,8138.0,8136.0,8138.0,13
2026-09-21 12:35:00+00:00,8138.0,8138.0,8136.0,8136.0,22
2026-09-21 12:36:00+00:00,8136.0,8137.5,8136.0,8136.5,18
2026-09-21 12:37:00+00:00,8137.0,8137.0,8136.5,8137.0,14
2026-09-21 12:38:00+00:00,8137.0,8137.0,8136.0,8137.0,24
2026-09-21 12:39:00+00:00,8137.0,8137.0,8136.0,8137.0,38
2026-09-21 12:40:00+00:00,8137.0,8138.5,8137.0,8138.5,38
2026-09-21 12:41:00+00:00,8137.5,8139.0,8137.0,8138.0,111
2026-09-21 12:42:00+00:00,8137.5,8137.5,8137.0,8137.0,12
2026-09-21 12:43:00+00:00,8137.5,8138.5,8137.0,8137.0,16
2026-09-21 12:44:00+00:00,8136.5,8143.0,8134.5,8142.5,228
2026-09-21 12:45:00+00:00,8141.5,8142.0,8137.0,8137.0,34
2026-09-21 12:46:00+00:00,8137.0,8137.0,8132.5,8133.0,76
2026-09-21 12:47:00+00:00,8133.5,8135.0,8133.5,8134.0,19
2026-09-21 12:48:00+00:00,8133.5,8134.0,8132.0,8132.0,40
2026-09-21 12:49:00+00:00,8132.5,8132.5,8130.0,8130.0,45
2026-09-21 12:50:00+00:00,8130.5,8131.0,8130.5,8131.0,4
2026-09-21 12:51:00+00:00,8131.0,8132.0,8130.5,8130.5,12
2026-09-21 12:52:00+00:00,8130.5,8131.5,8129.5,8131.0,26
2026-09-21 12:53:00+00:00,8131.5,8132.0,8131.0,8131.5,11
2026-09-21 12:54:00+00:00,8131.0,8134.0,8131.0,8134.0,14
2026-09-21 12:55:00+00:00,8133.5,8133.5,8131.0,8133.0,14
2026-09-21 12:56:00+00:00,8133.0,8133.5,8133.0,8133.0,11
2026-09-21 12:57:00+00:00,8132.5,8135.0,8132.5,8135.0,10
2026-09-21 12:58:00+00:00,8135.0,8137.5,8135.0,8137.5,11
2026-09-21 12:59:00+00:00,8137.5,8137.5,8136.5,8136.5,15
2026-09-21 13:00:00+00:00,8136.0,8139.0,8135.5,8138.5,50
2026-09-21 13:01:00+00:00,8138.0,8140.5,8138.0,8139.5,86
2026-09-21 13:02:00+00:00,8139.5,8141.0,8139.5,8140.5,18
2026-09-21 13:03:00+00:00,8140.0,8141.0,8139.0,8139.0,38
2026-09-21 13:04:00+00:00,8139.5,8140.5,8139.0,8140.5,15
2026-09-21 13:05:00+00:00,8140.5,8141.0,8139.5,8140.0,29
2026-09-21 13:06:00+00:00,8139.5,8140.0,8138.5,8139.5,35
2026-09-21 13:07:00+00:00,8140.0,8142.5,8139.5,8140.5,61
2026-09-21 13:08:00+00:00,8141.0,8141.0,8140.0,8140.0,45
2026-09-21 13:09:00+00:00,8140.0,8141.5,8140.0,8141.5,25
2026-09-21 13:10:00+00:00,8141.0,8141.5,8140.0,8140.0,15
2026-09-21 13:11:00+00:00,8140.5,8140.5,8139.5,8139.5,13
2026-09-21 13:12:00+00:00,8140.5,8141.5,8140.0,8140.5,25
2026-09-21 13:13:00+00:00,8140.5,8140.5,8140.0,8140.0,8
2026-09-21 13:14:00+00:00,8139.5,8140.5,8139.5,8140.0,8
2026-09-21 13:15:00+00:00,8140.0,8140.0,8137.0,8137.0,34
2026-09-21 13:16:00+00:00,8136.5,8137.0,8136.0,8136.5,35
2026-09-21 13:17:00+00:00,8136.0,8136.0,8134.5,8135.5,25
2026-09-21 13:18:00+00:00,8135.0,8137.5,8135.0,8136.0,28
2026-09-21 13:19:00+00:00,8135.5,8137.0,8135.5,8135.5,86
2026-09-21 13:20:00+00:00,8135.0,8135.5,8135.0,8135.0,9
2026-09-21 13:21:00+00:00,8136.0,8136.5,8136.0,8136.0,10
2026-09-21 13:22:00+00:00,8137.0,8137.5,8136.5,8136.5,15
2026-09-21 13:23:00+00:00,8136.0,8136.5,8134.0,8134.0,23
2026-09-21 13:24:00+00:00,8135.0,8135.0,8134.5,8135.0,3
2026-09-21 13:25:00+00:00,8135.5,8135.5,8134.5,8134.5,29
2026-09-21 13:26:00+00:00,8134.5,8139.0,8133.5,8134.0,235
2026-09-21 13:27:00+00:00,8134.0,8134.5,8133.5,8134.5,16
2026-09-21 13:28:00+00:00,8134.0,8135.0,8133.0,8133.5,65
2026-09-21 13:29:00+00:00,8134.0,8134.5,8133.5,8134.0,23
2026-09-21 13:30:00+00:00,8135.5,8135.5,8127.5,8129.0,178
2026-09-21 13:31:00+00:00,8129.5,8133.5,8129.5,8130.0,56
2026-09-21 13:32:00+00:00,8130.0,8130.0,8126.0,8129.0,92
2026-09-21 13:33:00+00:00,8129.0,8131.0,8129.0,8130.5,49
2026-09-21 13:34:00+00:00,8129.5,8131.0,8128.0,8129.0,39
2026-09-21 13:35:00+00:00,8129.0,8131.0,8128.0,8130.0,64
2026-09-21 13:36:00+00:00,8130.5,8130.5,8128.5,8129.5,64
2026-09-21 13:37:00+00:00,8130.0,8131.0,8128.5,8128.5,40
2026-09-21 13:38:00+00:00,8129.0,8130.5,8128.0,8128.0,27
2026-09-21 13:39:00+00:00,8128.0,8129.5,8128.0,8129.0,30
2026-09-21 13:40:00+00:00,8128.5,8128.5,8126.5,8128.0,58
2026-09-21 13:41:00+00:00,8127.5,8128.0,8124.5,8124.5,44
2026-09-21 13:42:00+00:00,8124.5,8125.0,8121.5,8122.0,126
2026-09-21 13:43:00+00:00,8121.5,8121.5,8117.0,8117.0,77
2026-09-21 13:44:00+00:00,8117.5,8117.5,8116.0,8117.5,58
2026-09-21 13:45:00+00:00,8117.5,8117.5,8114.0,8114.0,143
2026-09-21 13:46:00+00:00,8113.5,8116.5,8113.0,8116.5,41
2026-09-21 13:47:00+00:00,8115.5,8116.5,8114.0,8114.5,53
2026-09-21 13:48:00+00:00,8114.5,8115.5,8113.5,8114.5,48
2026-09-21 13:49:00+00:00,8115.5,8118.5,8115.5,8117.5,63
2026-09-21 13:50:00+00:00,8118.0,8119.0,8115.0,8115.5,31
2026-09-21 13:51:00+00:00,8115.0,8116.0,8114.5,8115.0,31
2026-09-21 13:52:00+00:00,8115.0,8117.0,8115.0,8116.0,46
2026-09-21 13:53:00+00:00,8115.5,8116.0,8115.0,8116.0,28
2026-09-21 13:54:00+00:00,8115.5,8116.0,8114.5,8115.0,37
2026-09-21 13:55:00+00:00,8114.5,8115.5,8113.5,8113.5,66
2026-09-21 13:56:00+00:00,8113.5,8113.5,8110.0,8110.5,44
2026-09-21 13:57:00+00:00,8111.0,8112.5,8110.0,8111.5,57
2026-09-21 13:58:00+00:00,8111.5,8113.5,8111.5,8113.0,22
2026-09-21 13:59:00+00:00,8113.0,8115.5,8113.0,8114.0,36
2026-09-21 14:00:00+00:00,8114.0,8115.0,8113.0,8113.5,56
2026-09-21 14:01:00+00:00,8113.0,8115.0,8113.0,8114.0,17
2026-09-21 14:02:00+00:00,8113.5,8113.5,8109.5,8110.5,61
2026-09-21 14:03:00+00:00,8110.5,8112.0,8109.5,8111.5,32
2026-09-21 14:04:00+00:00,8112.0,8114.5,8112.0,8113.0,38
2026-09-21 14:05:00+00:00,8112.5,8112.5,8107.0,8108.0,50
2026-09-21 14:06:00+00:00,8108.5,8110.5,8108.5,8110.0,51
2026-09-21 14:07:00+00:00,8110.5,8111.5,8109.0,8111.5,28
2026-09-21 14:08:00+00:00,8111.5,8113.5,8111.5,8113.0,20
2026-09-21 14:09:00+00:00,8113.5,8114.0,8113.0,8114.0,26
2026-09-21 14:10:00+00:00,8114.0,8117.0,8112.5,8114.5,73
2026-09-21 14:11:00+00:00,8114.5,8115.5,8114.0,8115.0,22
2026-09-21 14:12:00+00:00,8114.5,8116.0,8114.5,8116.0,21
2026-09-21 14:13:00+00:00,8116.5,8118.5,8116.0,8118.5,49
2026-09-21 14:14:00+00:00,8118.5,8120.0,8118.0,8119.5,33
2026-09-21 14:15:00+00:00,8119.5,8121.5,8119.0,8119.0,48
2026-09-21 14:16:00+00:00,8119.5,8119.5,8117.5,8118.0,38
2026-09-21 14:17:00+00:00,8118.5,8119.0,8117.5,8118.5,27
2026-09-21 14:18:00+00:00,8118.5,8120.0,8118.5,8120.0,28
2026-09-21 14:19:00+00:00,8120.0,8121.0,8119.5,8119.5,49
2026-09-21 14:20:00+00:00,8120.0,8121.5,8119.5,8119.5,61
2026-09-21 14:21:00+00:00,8119.5,8121.5,8118.0,8119.0,96
2026-09-21 14:22:00+00:00,8118.5,8119.0,8118.0,8118.5,30
2026-09-21 14:23:00+00:00,8118.5,8119.0,8117.5,8117.5,27
2026-09-21 14:24:00+00:00,8117.5,8118.5,8117.0,8117.5,24
2026-09-21 14:25:00+00:00,8117.0,8119.5,8117.0,8119.5,46
2026-09-21 14:26:00+00:00,8120.0,8122.5,8120.0,8122.0,57
2026-09-21 14:27:00+00:00,8122.5,8124.0,8122.5,8124.0,21
2026-09-21 14:28:00+00:00,8123.5,8126.5,8123.5,8126.0,73
2026-09-21 14:29:00+00:00,8125.5,8127.0,8125.5,8126.0,44
2026-09-21 14:30:00+00:00,8126.5,8127.5,8126.5,8127.0,29
2026-09-21 14:31:00+00:00,8127.5,8128.5,8123.5,8123.5,38
2026-09-21 14:32:00+00:00,8123.0,8123.5,8121.5,8123.5,37
2026-09-21 14:33:00+00:00,8124.0,8130.5,8124.0,8129.5,108
2026-09-21 14:34:00+00:00,8129.0,8130.5,8128.5,8130.5,60
2026-09-21 14:35:00+00:00,8130.0,8130.5,8129.0,8130.5,56
2026-09-21 14:36:00+00:00,8131.0,8131.0,8128.0,8129.0,41
2026-09-21 14:37:00+00:00,8128.5,8129.0,8127.5,8128.5,40
2026-09-21 14:38:00+00:00,8128.5,8128.5,8126.0,8128.0,38
2026-09-21 14:39:00+00:00,8128.5,8129.0,8126.5,8126.5,14
2026-09-21 14:40:00+00:00,8126.5,8126.5,8124.5,8126.5,48
2026-09-21 14:41:00+00:00,8127.0,8133.5,8127.0,8129.0,178
2026-09-21 14:42:00+00:00,8129.0,8129.0,8127.5,8128.5,19
2026-09-21 14:43:00+00:00,8127.5,8127.5,8125.5,8125.5,21
2026-09-21 14:44:00+00:00,8125.5,8127.5,8125.0,8127.0,32
2026-09-21 14:45:00+00:00,8127.0,8128.5,8126.5,8128.5,48
2026-09-21 14:46:00+00:00,8128.5,8129.5,8128.5,8129.0,30
2026-09-21 14:47:00+00:00,8129.5,8131.5,8129.5,8131.5,36
2026-09-21 14:48:00+00:00,8131.5,8133.0,8131.5,8132.5,27
2026-09-21 14:49:00+00:00,8131.5,8131.5,8131.0,8131.5,30
2026-09-21 14:50:00+00:00,8132.5,8133.0,8132.0,8132.0,21
2026-09-21 14:51:00+00:00,8132.0,8132.5,8131.0,8131.5,33
2026-09-21 14:52:00+00:00,8131.0,8131.5,8130.5,8131.5,52
2026-09-21 14:53:00+00:00,8131.5,8132.5,8131.0,8131.0,41
2026-09-21 14:54:00+00:00,8131.5,8132.0,8130.0,8130.0,87
2026-09-21 14:55:00+00:00,8130.0,8130.0,8127.0,8127.5,67
2026-09-21 14:56:00+00:00,8128.0,8130.5,8128.0,8129.5,49
2026-09-21 14:57:00+00:00,8129.5,8130.0,8127.0,8127.5,54
2026-09-21 14:58:00+00:00,8128.0,8131.0,8128.0,8130.5,35
2026-09-21 14:59:00+00:00,8131.0,8131.5,8130.0,8131.0,43
2026-09-21 15:00:00+00:00,8130.5,8134.5,8130.5,8134.5,116
2026-09-21 15:01:00+00:00,8134.5,8135.0,8132.5,8133.0,56
2026-09-21 15:02:00+00:00,8133.0,8136.0,8132.0,8135.5,53
2026-09-21 15:03:00+00:00,8135.5,8138.0,8135.0,8137.5,61
2026-09-21 15:04:00+00:00,8137.5,8138.5,8136.5,8138.5,82
2026-09-21 15:05:00+00:00,8138.5,8140.0,8138.5,8139.0,74
2026-09-21 15:06:00+00:00,8139.0,8139.5,8138.5,8138.5,44
2026-09-21 15:07:00+00:00,8139.0,8140.5,8138.5,8139.0,54
2026-09-21 15:08:00+00:00,8139.5,8140.5,8137.5,8140.0,74
2026-09-21 15:09:00+00:00,8140.0,8143.0,8139.5,8143.0,108
2026-09-21 15:10:00+00:00,8143.5,8143.5,8141.0,8141.5,182
2026-09-21 15:11:00+00:00,8142.5,8142.5,8140.5,8141.0,93
2026-09-21 15:12:00+00:00,8140.5,8141.5,8139.0,8139.0,75
2026-09-21 15:13:00+00:00,8140.0,8142.0,8138.5,8142.0,89
2026-09-21 15:14:00+00:00,8142.0,8142.0,8141.0,8142.0,74
2026-09-21 15:15:00+00:00,8142.5,8144.0,8141.5,8141.5,121
2026-09-21 15:16:00+00:00,8141.0,8144.5,8141.0,8144.5,85
2026-09-21 15:17:00+00:00,8144.0,8146.0,8144.0,8145.5,132
2026-09-21 15:18:00+00:00,8145.5,8146.0,8143.5,8145.5,144
2026-09-21 15:19:00+00:00,8145.5,8146.5,8144.5,8144.5,72
2026-09-21 15:20:00+00:00,8144.5,8145.0,8141.5,8142.0,127
2026-09-21 15:21:00+00:00,8142.0,8143.0,8141.5,8142.5,87
2026-09-21 15:22:00+00:00,8142.5,8143.0,8141.0,8143.0,108
2026-09-21 15:23:00+00:00,8142.5,8143.0,8141.5,8142.0,70
2026-09-21 15:24:00+00:00,8141.5,8142.0,8140.0,8140.5,68
2026-09-21 15:25:00+00:00,8140.0,8142.0,8139.5,8142.0,146
2026-09-21 15:26:00+00:00,8141.5,8142.5,8140.0,8141.5,80
2026-09-21 15:27:00+00:00,8141.0,8142.0,8139.5,8139.5,152
2026-09-21 15:28:00+00:00,8140.0,8140.0,8136.0,8137.0,186
2026-09-21 15:29:00+00:00,8137.5,8137.5,8133.0,8133.5,312
2026-09-21 15:30:00+00:00,8133.0,8136.5,8133.0,8136.5,93
2026-09-21 15:31:00+00:00,8136.5,8137.5,8135.0,8137.0,137
2026-09-21 15:32:00+00:00,8137.5,8138.0,8136.5,8137.5,104
2026-09-21 15:33:00+00:00,8137.5,8138.0,8134.5,8135.0,247
2026-09-21 15:34:00+00:00,8135.0,8136.0,8127.0,8129.5,1430
2026-09-21 15:35:00+00:00,8129.5,8132.0,8127.0,8129.5,649
2026-09-21 15:36:00+00:00,8129.5,8133.5,8129.0,8132.0,197
2026-09-21 15:37:00+00:00,8132.0,8132.5,8131.0,8132.0,28
2026-09-21 15:38:00+00:00,8131.0,8132.5,8130.0,8130.5,70
2026-09-21 15:39:00+00:00,8130.5,8131.0,8130.0,8131.0,23
2026-09-21 15:40:00+00:00,8130.0,8131.5,8128.0,8129.0,168
2026-09-21 15:41:00+00:00,8128.5,8129.5,8128.0,8129.5,51
2026-09-21 15:42:00+00:00,8129.5,8131.0,8127.5,8130.0,83
2026-09-21 15:43:00+00:00,8129.5,8130.5,8129.5,8130.0,27
2026-09-21 15:44:00+00:00,8130.5,8131.5,8130.0,8131.5,19
2026-09-21 15:45:00+00:00,8131.5,8133.0,8131.5,8132.5,30
2026-09-21 15:46:00+00:00,8133.0,8133.5,8133.0,8133.5,19
2026-09-21 15:47:00+00:00,8133.5,8133.5,8133.0,8133.0,18
2026-09-21 15:48:00+00:00,8133.0,8133.0,8131.0,8131.0,22
2026-09-21 15:49:00+00:00,8131.0,8131.0,8130.5,8130.5,14
2026-09-21 15:50:00+00:00,8130.5,8137.0,8130.0,8134.5,66
2026-09-21 15:51:00+00:00,8133.5,8133.5,8133.0,8133.0,15
2026-09-21 15:52:00+00:00,8132.5,8133.0,8132.0,8132.0,14
2026-09-21 15:53:00+00:00,8132.5,8133.0,8132.0,8133.0,9
2026-09-21 15:54:00+00:00,8133.0,8133.0,8132.0,8132.0,15
2026-09-21 15:55:00+00:00,8132.5,8133.5,8132.5,8133.5,11
2026-09-21 15:56:00+00:00,8133.0,8133.5,8130.0,8130.5,57
2026-09-21 15:57:00+00:00,8130.5,8131.0,8129.5,8130.0,11
2026-09-21 15:58:00+00:00,8130.0,8130.5,8128.5,8128.5,16
2026-09-21 15:59:00+00:00,8129.0,8129.5,8129.0,8129.5,6
2026-09-21 16:00:00+00:00,8129.0,8130.0,8128.5,8129.0,24
2026-09-21 16:01:00+00:00,8129.5,8131.5,8129.5,8131.0,20
2026-09-21 16:02:00+00:00,8131.5,8132.5,8131.0,8132.5,22
2026-09-21 16:03:00+00:00,8133.0,8135.0,8132.5,8135.0,13
2026-09-21 16:04:00+00:00,8134.5,8135.5,8134.0,8135.0,13
2026-09-21 16:05:00+00:00,8134.5,8135.0,8134.5,8134.5,11
2026-09-21 16:06:00+00:00,8134.5,8135.0,8134.0,8134.5,24
2026-09-21 16:07:00+00:00,8134.5,8140.5,8134.5,8137.0,122
2026-09-21 16:08:00+00:00,8137.0,8138.0,8137.0,8137.5,11
2026-09-21 16:09:00+00:00,8138.0,8140.0,8137.5,8140.0,7
2026-09-21 16:10:00+00:00,8139.5,8139.5,8138.5,8139.0,15
2026-09-21 16:11:00+00:00,8140.5,8141.5,8140.5,8140.5,41
2026-09-21 16:12:00+00:00,8139.0,8139.5,8139.0,8139.0,11
2026-09-21 16:13:00+00:00,8140.0,8141.0,8138.5,8138.5,14
2026-09-21 16:14:00+00:00,8138.0,8139.0,8138.0,8139.0,3
2026-09-21 16:15:00+00:00,8139.5,8144.0,8139.5,8141.5,106
2026-09-21 16:16:00+00:00,8141.5,8143.0,8141.5,8143.0,11
2026-09-21 16:17:00+00:00,8142.5,8142.5,8141.5,8142.0,14
2026-09-21 16:18:00+00:00,8142.0,8142.0,8142.0,8142.0,4
2026-09-21 16:19:00+00:00,8143.0,8143.0,8142.5,8142.5,8
2026-09-21 16:20:00+00:00,8142.5,8142.5,8141.0,8141.0,12
2026-09-21 16:21:00+00:00,8140.5,8141.0,8140.0,8141.0,9
2026-09-21 16:22:00+00:00,8140.5,8141.5,8140.5,8141.0,7
2026-09-21 16:23:00+00:00,8141.0,8141.0,8140.0,8140.0,3
2026-09-21 16:24:00+00:00,8140.0,8140.0,8139.5,8139.5,8
2026-09-21 16:25:00+00:00,8139.5,8140.0,8139.5,8139.5,10
2026-09-21 16:26:00+00:00,8140.0,8141.0,8140.0,8140.5,10
2026-09-21 16:27:00+00:00,8141.0,8141.0,8140.0,8140.5,17
2026-09-21 16:28:00+00:00,8140.5,8140.5,8139.5,8139.5,13
2026-09-21 16:29:00+00:00,8140.0,8140.0,8139.0,8140.0,7
2026-09-21 16:30:00+00:00,8139.5,8141.5,8139.5,8141.0,8
2026-09-21 16:31:00+00:00,8141.5,8142.5,8141.5,8142.0,9
2026-09-21 16:32:00+00:00,8142.0,8143.0,8141.5,8143.0,8
2026-09-21 16:33:00+00:00,8144.0,8145.5,8143.5,8144.0,32
2026-09-21 16:34:00+00:00,8143.5,8143.5,8143.5,8143.5,2
2026-09-21 16:35:00+00:00,8143.5,8144.5,8143.5,8144.0,34
2026-09-21 16:36:00+00:00,8144.5,8144.5,8144.5,8144.5,1
2026-09-21 16:37:00+00:00,8144.5,8144.5,8143.5,8144.0,26
2026-09-21 16:38:00+00:00,8145.0,8145.0,8143.0,8143.0,28
2026-09-21 16:39:00+00:00,8143.0,8143.0,8141.0,8141.5,13
2026-09-21 16:40:00+00:00,8141.5,8141.5,8140.5,8141.0,9
2026-09-21 16:41:00+00:00,8141.0,8141.0,8140.0,8140.0,6
2026-09-21 16:42:00+00:00,8140.5,8141.0,8140.5,8140.5,3
2026-09-21 16:43:00+00:00,8141.0,8141.0,8140.5,8140.5,6
2026-09-21 16:44:00+00:00,8140.5,8140.5,8138.5,8138.5,19
2026-09-21 16:45:00+00:00,8139.0,8139.5,8138.5,8139.0,29
2026-09-21 16:46:00+00:00,8139.0,8139.5,8138.5,8139.0,10
2026-09-21 16:47:00+00:00,8139.5,8139.5,8138.0,8139.0,22
2026-09-21 16:48:00+00:00,8139.0,8139.5,8139.0,8139.5,9
2026-09-21 16:49:00+00:00,8139.0,8140.0,8139.0,8139.5,26
2026-09-21 16:50:00+00:00,8140.0,8140.5,8139.5,8140.0,17
2026-09-21 16:51:00+00:00,8140.5,8140.5,8139.0,8139.5,24
2026-09-21 16:52:00+00:00,8140.5,8141.5,8140.0,8141.5,34
2026-09-21 16:53:00+00:00,8142.0,8142.5,8141.0,8141.0,9
2026-09-21 16:54:00+00:00,8142.0,8143.0,8142.0,8143.0,6
2026-09-21 16:55:00+00:00,8143.0,8144.5,8143.0,8144.5,8
2026-09-21 16:56:00+00:00,8144.0,8144.5,8143.5,8143.5,13
2026-09-21 16:57:00+00:00,8143.5,8143.5,8142.5,8143.0,10
2026-09-21 16:58:00+00:00,8143.5,8144.0,8143.5,8144.0,5
2026-09-21 16:59:00+00:00,8144.0,8144.0,8143.5,8143.5,17
2026-09-21 17:00:00+00:00,8145.0,8145.0,8143.5,8143.5,12
2026-09-21 17:01:00+00:00,8144.0,8144.5,8143.5,8143.5,17
2026-09-21 17:02:00+00:00,8143.0,8143.0,8143.0,8143.0,2
2026-09-21 17:03:00+00:00,8142.5,8142.5,8141.0,8141.0,7
2026-09-21 17:04:00+00:00,8141.5,8141.5,8140.5,8141.0,8
2026-09-21 17:05:00+00:00,8140.5,8141.5,8140.5,8141.5,14
2026-09-21 17:06:00+00:00,8141.5,8142.5,8141.5,8142.5,2
2026-09-21 17:07:00+00:00,8142.0,8142.5,8142.0,8142.0,3
2026-09-21 17:08:00+00:00,8141.5,8142.0,8141.5,8141.5,4
2026-09-21 17:09:00+00:00,8141.0,8141.0,8141.0,8141.0,2
2026-09-21 17:10:00+00:00,8141.5,8142.0,8141.5,8141.5,7
2026-09-21 17:11:00+00:00,8142.0,8142.0,8142.0,8142.0,1
2026-09-21 17:12:00+00:00,8142.5,8142.5,8142.5,8142.5,2
2026-09-21 17:13:00+00:00,8143.0,8143.0,8142.5,8142.5,4
2026-09-21 17:14:00+00:00,8142.0,8142.5,8142.0,8142.5,9
2026-09-21 17:15:00+00:00,8142.0,8142.0,8141.5,8141.5,9
2026-09-21 17:16:00+00:00,8141.5,8141.5,8140.5,8141.0,5
2026-09-21 17:17:00+00:00,8140.5,8141.5,8140.5,8141.0,7
2026-09-21 17:18:00+00:00,8142.5,8143.0,8142.5,8143.0,4
2026-09-21 17:19:00+00:00,8143.0,8143.0,8143.0,8143.0,1
2026-09-21 17:20:00+00:00,8143.0,8143.5,8143.0,8143.5,4
2026-09-21 17:21:00+00:00,8144.0,8144.0,8143.5,8143.5,8
2026-09-21 17:22:00+00:00,8143.0,8143.0,8143.0,8143.0,1
2026-09-21 17:23:00+00:00,8143.0,8143.0,8142.0,8142.0,3
2026-09-21 17:24:00+00:00,8142.0,8142.0,8142.0,8142.0,2
2026-09-21 17:25:00+00:00,8142.5,8142.5,8142.0,8142.0,7
2026-09-21 17:26:00+00:00,8141.5,8142.0,8140.5,8140.5,6
2026-09-21 17:27:00+00:00,8141.0,8141.0,8140.0,8140.5,10
2026-09-21 17:28:00+00:00,8141.0,8141.0,8140.0,8141.0,4
2026-09-21 17:29:00+00:00,8142.0,8142.5,8142.0,8142.5,2
2026-09-21 17:30:00+00:00,8142.5,8143.0,8142.5,8143.0,7
2026-09-21 17:31:00+00:00,8143.0,8143.0,8140.0,8141.0,56
2026-09-21 17:32:00+00:00,8141.0,8141.0,8139.5,8139.5,7
2026-09-21 17:33:00+00:00,8140.5,8140.5,8139.0,8139.0,10
2026-09-21 17:34:00+00:00,8139.5,8139.5,8138.0,8138.5,47
2026-09-21 17:35:00+00:00,8138.5,8139.5,8138.5,8139.5,6
2026-09-21 17:36:00+00:00,8138.5,8139.0,8138.5,8139.0,5
2026-09-21 17:37:00+00:00,8138.5,8138.5,8137.0,8137.0,14
2026-09-21 17:38:00+00:00,8137.0,8137.0,8137.0,8137.0,3
2026-09-21 17:39:00+00:00,8137.0,8137.0,8136.5,8136.5,2
2026-09-21 17:41:00+00:00,8136.5,8137.0,8136.0,8136.5,8
2026-09-21 17:42:00+00:00,8137.0,8138.0,8137.0,8138.0,7
2026-09-21 17:43:00+00:00,8138.0,8139.0,8138.0,8138.0,9
2026-09-21 17:44:00+00:00,8138.5,8138.5,8138.5,8138.5,1
2026-09-21 17:45:00+00:00,8139.0,8140.0,8139.0,8140.0,5
2026-09-21 17:46:00+00:00,8140.5,8140.5,8140.0,8140.0,4
2026-09-21 17:48:00+00:00,8140.0,8140.0,8139.0,8139.0,5
2026-09-21 17:49:00+00:00,8139.0,8139.5,8139.0,8139.5,2
2026-09-21 17:50:00+00:00,8139.0,8139.0,8138.0,8138.0,3
2026-09-21 17:51:00+00:00,8138.5,8139.0,8138.5,8139.0,2
2026-09-21 17:52:00+00:00,8139.5,8139.5,8139.5,8139.5,1
2026-09-21 17:53:00+00:00,8139.5,8139.5,8139.5,8139.5,1
2026-09-21 17:55:00+00:00,8140.0,8140.0,8139.5,8139.5,3
2026-09-21 17:56:00+00:00,8139.0,8139.0,8138.5,8139.0,7
2026-09-21 17:57:00+00:00,8139.0,8139.0,8139.0,8139.0,2
2026-09-21 17:58:00+00:00,8139.0,8139.0,8138.5,8139.0,5
2026-09-21 17:59:00+00:00,8139.5,8139.5,8139.5,8139.5,1
2026-09-21 18:00:00+00:00,8140.0,8140.0,8139.5,8139.5,13
2026-09-21 18:01:00+00:00,8140.0,8140.0,8140.0,8140.0,2
2026-09-21 18:02:00+00:00,8140.0,8141.0,8140.0,8140.5,5
2026-09-21 18:04:00+00:00,8140.5,8142.0,8140.5,8141.5,11
2026-09-21 18:05:00+00:00,8142.0,8143.0,8142.0,8143.0,12
2026-09-21 18:06:00+00:00,8143.5,8144.0,8143.5,8144.0,5
2026-09-21 18:07:00+00:00,8143.5,8144.0,8143.5,8144.0,5
2026-09-21 18:08:00+00:00,8143.5,8143.5,8143.0,8143.5,4
2026-09-21 18:10:00+00:00,8143.0,8143.0,8142.5,8142.5,4
2026-09-21 18:11:00+00:00,8142.5,8144.0,8142.5,8144.0,10
2026-09-21 18:12:00+00:00,8144.0,8144.0,8143.0,8143.0,3
2026-09-21 18:13:00+00:00,8143.0,8144.0,8143.0,8143.5,11
2026-09-21 18:14:00+00:00,8144.0,8145.0,8144.0,8144.5,12
2026-09-21 18:15:00+00:00,8144.0,8145.5,8144.0,8145.0,9
2026-09-21 18:16:00+00:00,8145.5,8146.0,8145.0,8146.0,32
2026-09-21 18:17:00+00:00,8146.5,8146.5,8145.5,8145.5,16
2026-09-21 18:18:00+00:00,8146.0,8146.5,8146.0,8146.5,8
2026-09-21 18:19:00+00:00,8146.0,8147.0,8146.0,8147.0,4
2026-09-21 18:20:00+00:00,8147.0,8148.0,8147.0,8148.0,8
2026-09-21 18:21:00+00:00,8148.5,8149.5,8148.5,8149.5,9
2026-09-21 18:22:00+00:00,8150.0,8150.0,8149.5,8149.5,25
2026-09-21 18:23:00+00:00,8150.0,8150.5,8150.0,8150.5,5
2026-09-21 18:24:00+00:00,8151.0,8151.0,8150.0,8150.0,5
2026-09-21 18:25:00+00:00,8149.5,8150.5,8149.5,8150.0,9
2026-09-21 18:26:00+00:00,8150.0,8150.5,8149.5,8150.5,8
2026-09-21 18:27:00+00:00,8149.5,8150.5,8149.5,8150.0,9
2026-09-21 18:28:00+00:00,8150.0,8150.0,8150.0,8150.0,7
2026-09-21 18:29:00+00:00,8150.0,8150.0,8149.5,8149.5,14
2026-09-21 18:30:00+00:00,8150.0,8150.5,8150.0,8150.5,4
2026-09-21 18:31:00+00:00,8151.0,8151.0,8150.5,8150.5,4
2026-09-21 18:32:00+00:00,8149.0,8150.0,8149.0,8149.0,8
2026-09-21 18:33:00+00:00,8149.5,8149.5,8147.5,8147.5,16
2026-09-21 18:34:00+00:00,8147.0,8147.5,8146.5,8147.5,14
2026-09-21 18:35:00+00:00,8148.0,8148.0,8146.5,8146.5,6
2026-09-21 18:36:00+00:00,8148.0,8148.0,8147.5,8147.5,2
2026-09-21 18:38:00+00:00,8147.0,8147.0,8146.5,8146.5,4
2026-09-21 18:39:00+00:00,8146.5,8146.5,8146.5,8146.5,1
2026-09-21 18:40:00+00:00,8147.0,8147.0,8146.5,8146.5,6
2026-09-21 18:41:00+00:00,8146.0,8147.0,8146.0,8147.0,5
2026-09-21 18:42:00+00:00,8146.5,8147.0,8146.5,8146.5,6
2026-09-21 18:43:00+00:00,8146.5,8146.5,8146.5,8146.5,2
2026-09-21 18:44:00+00:00,8147.0,8147.0,8146.5,8146.5,3
2026-09-21 18:45:00+00:00,8147.0,8148.0,8147.0,8147.5,6
2026-09-21 18:46:00+00:00,8147.0,8147.0,8147.0,8147.0,5
2026-09-21 18:48:00+00:00,8147.5,8148.5,8147.5,8148.5,12
2026-09-21 18:49:00+00:00,8148.5,8149.5,8148.5,8149.5,20
2026-09-21 18:50:00+00:00,8151.0,8151.0,8150.0,8150.5,7
2026-09-21 18:51:00+00:00,8150.0,8150.5,8150.0,8150.5,6
2026-09-21 18:52:00+00:00,8150.0,8150.0,8149.5,8149.5,8
2026-09-21 18:53:00+00:00,8150.0,8150.0,8150.0,8150.0,2
2026-09-21 18:54:00+00:00,8150.5,8150.5,8150.0,8150.0,9
2026-09-21 18:55:00+00:00,8150.5,8150.5,8150.0,8150.0,5
2026-09-21 18:56:00+00:00,8150.5,8150.5,8150.5,8150.5,3
2026-09-21 18:57:00+00:00,8150.5,8150.5,8150.0,8150.0,9
2026-09-21 18:59:00+00:00,8150.0,8150.0,8150.0,8150.0,2
2026-09-21 19:00:00+00:00,8150.0,8150.5,8150.0,8150.5,7
2026-09-21 19:01:00+00:00,8150.5,8150.5,8150.5,8150.5,3
2026-09-21 19:02:00+00:00,8150.0,8151.0,8150.0,8150.0,9
2026-09-21 19:04:00+00:00,8149.5,8149.5,8149.5,8149.5,9
2026-09-21 19:05:00+00:00,8149.5,8149.5,8148.5,8148.5,10
2026-09-21 19:06:00+00:00,8149.0,8149.0,8149.0,8149.0,2
2026-09-21 19:07:00+00:00,8148.5,8148.5,8148.5,8148.5,2
2026-09-21 19:08:00+00:00,8148.5,8148.5,8147.0,8147.0,18
2026-09-21 19:09:00+00:00,8147.5,8147.5,8147.0,8147.5,3
2026-09-21 19:11:00+00:00,8147.5,8148.0,8147.5,8148.0,5
2026-09-21 19:12:00+00:00,8148.5,8148.5,8148.0,8148.0,2
2026-09-21 19:14:00+00:00,8148.0,8148.0,8147.5,8148.0,5
2026-09-21 19:15:00+00:00,8148.5,8148.5,8148.0,8148.0,10
2026-09-21 19:16:00+00:00,8148.0,8148.5,8147.5,8148.5,5
2026-09-21 19:17:00+00:00,8148.0,8148.5,8147.5,8147.5,15
2026-09-21 19:18:00+00:00,8147.5,8147.5,8147.5,8147.5,1
2026-09-21 19:19:00+00:00,8147.5,8148.0,8147.5,8148.0,4
2026-09-21 19:20:00+00:00,8148.5,8148.5,8147.5,8147.5,6
2026-09-21 19:21:00+00:00,8147.5,8147.5,8146.5,8147.5,9
2026-09-21 19:22:00+00:00,8147.0,8147.0,8147.0,8147.0,3
2026-09-21 19:23:00+00:00,8147.5,8148.0,8147.5,8147.5,4
2026-09-21 19:24:00+00:00,8147.0,8147.5,8147.0,8147.0,10
2026-09-21 19:25:00+00:00,8146.5,8147.0,8146.5,8146.5,4
2026-09-21 19:26:00+00:00,8146.5,8147.0,8146.5,8146.5,8
2026-09-21 19:27:00+00:00,8147.0,8148.0,8147.0,8148.0,6
2026-09-21 19:28:00+00:00,8148.0,8148.0,8148.0,8148.0,2
2026-09-21 19:29:00+00:00,8147.5,8148.5,8147.5,8147.5,11
2026-09-21 19:30:00+00:00,8148.0,8148.0,8148.0,8148.0,5
2026-09-21 19:31:00+00:00,8148.0,8149.5,8148.0,8149.5,15
2026-09-21 19:32:00+00:00,8149.5,8149.5,8149.5,8149.5,4
2026-09-21 19:33:00+00:00,8149.0,8150.5,8149.0,8150.5,10
2026-09-21 19:34:00+00:00,8151.0,8151.5,8150.5,8151.0,14
2026-09-21 19:35:00+00:00,8151.5,8152.0,8151.5,8152.0,4
2026-09-21 19:36:00+00:00,8151.5,8151.5,8151.5,8151.5,1
2026-09-21 19:37:00+00:00,8152.0,8152.5,8152.0,8152.5,5
2026-09-21 19:38:00+00:00,8152.0,8154.0,8152.0,8154.0,11
2026-09-21 19:39:00+00:00,8153.5,8154.5,8153.0,8153.0,47
2026-09-21 19:40:00+00:00,8154.0,8154.5,8153.5,8153.5,12
2026-09-21 19:41:00+00:00,8153.0,8153.0,8151.0,8151.0,9
2026-09-21 19:42:00+00:00,8151.0,8152.0,8150.5,8150.5,17
2026-09-21 19:43:00+00:00,8150.5,8152.0,8150.5,8152.0,9
2026-09-21 19:44:00+00:00,8152.0,8152.0,8150.5,8150.5,17
2026-09-21 19:45:00+00:00,8150.0,8150.0,8149.0,8150.0,17
2026-09-21 19:46:00+00:00,8150.0,8150.0,8148.5,8148.5,45
2026-09-21 19:47:00+00:00,8150.0,8150.5,8147.5,8147.5,40
2026-09-21 19:48:00+00:00,8148.0,8148.5,8147.0,8147.0,40
2026-09-21 19:49:00+00:00,8146.5,8147.0,8146.5,8147.0,7
2026-09-21 19:50:00+00:00,8146.5,8146.5,8145.0,8145.0,22
2026-09-21 19:51:00+00:00,8144.5,8144.5,8142.5,8143.0,40
2026-09-21 19:52:00+00:00,8142.5,8143.5,8142.5,8142.5,22
2026-09-21 19:53:00+00:00,8142.5,8143.0,8141.0,8142.0,44
2026-09-21 19:54:00+00:00,8141.0,8142.0,8140.5,8142.0,25
2026-09-21 19:55:00+00:00,8141.5,8142.5,8141.0,8141.0,50
2026-09-21 19:56:00+00:00,8141.0,8144.5,8141.0,8144.0,41
2026-09-21 19:57:00+00:00,8144.0,8144.5,8143.0,8143.5,31
2026-09-21 19:58:00+00:00,8144.5,8146.0,8143.0,8143.5,76
2026-09-21 19:59:00+00:00,8142.5,8142.5,8140.0,8140.5,92
2026-09-22 06:00:00+00:00,8137.5,8137.5,8131.0,8134.0,124
2026-09-22 06:01:00+00:00,8133.0,8134.0,8131.0,8131.5,41
2026-09-22 06:02:00+00:00,8131.0,8131.0,8129.0,8130.5,91
2026-09-22 06:03:00+00:00,8130.0,8130.0,8128.0,8128.5,40
2026-09-22 06:04:00+00:00,8129.0,8129.0,8125.5,8125.5,15
2026-09-22 06:05:00+00:00,8124.5,8126.0,8124.0,8125.5,37
2026-09-22 06:06:00+00:00,8125.5,8127.5,8125.5,8127.0,18
2026-09-22 06:07:00+00:00,8127.5,8127.5,8125.5,8127.5,11
2026-09-22 06:08:00+00:00,8127.5,8129.0,8127.0,8129.0,16
2026-09-22 06:09:00+00:00,8128.0,8128.0,8128.0,8128.0,1
2026-09-22 06:10:00+00:00,8129.0,8129.5,8129.0,8129.0,13
2026-09-22 06:11:00+00:00,8129.0,8129.0,8128.0,8129.0,18
2026-09-22 06:12:00+00:00,8128.5,8129.5,8127.5,8128.5,6
2026-09-22 06:13:00+00:00,8128.0,8128.5,8128.0,8128.0,9
2026-09-22 06:14:00+00:00,8128.5,8131.5,8128.5,8131.5,22
2026-09-22 06:15:00+00:00,8133.0,8133.0,8132.0,8132.0,3
2026-09-22 06:16:00+00:00,8134.0,8136.5,8134.0,8134.5,30
2026-09-22 06:17:00+00:00,8134.0,8134.0,8132.0,8132.0,8
2026-09-22 06:18:00+00:00,8132.5,8132.5,8132.5,8132.5,1
2026-09-22 06:19:00+00:00,8131.5,8132.0,8131.5,8132.0,2
2026-09-22 06:20:00+00:00,8131.5,8131.5,8131.0,8131.0,11
2026-09-22 06:21:00+00:00,8129.0,8129.0,8126.5,8128.0,16
2026-09-22 06:23:00+00:00,8129.0,8130.0,8129.0,8130.0,20
2026-09-22 06:24:00+00:00,8129.5,8129.5,8128.0,8128.0,4
2026-09-22 06:26:00+00:00,8129.5,8131.0,8129.5,8129.5,8
2026-09-22 06:27:00+00:00,8130.5,8130.5,8128.5,8128.5,5
2026-09-22 06:29:00+00:00,8130.5,8131.5,8130.5,8131.5,4
2026-09-22 06:30:00+00:00,8132.0,8132.0,8132.0,8132.0,3
2026-09-22 06:31:00+00:00,8132.5,8134.0,8132.0,8132.0,12
2026-09-22 06:32:00+00:00,8132.5,8134.0,8132.5,8134.0,5
2026-09-22 06:33:00+00:00,8133.5,8133.5,8133.5,8133.5,6
2026-09-22 06:34:00+00:00,8133.0,8134.5,8133.0,8134.5,2
2026-09-22 06:35:00+00:00,8134.5,8137.5,8134.5,8137.5,15
2026-09-22 06:36:00+00:00,8137.5,8137.5,8134.5,8135.5,32
2026-09-22 06:37:00+00:00,8135.0,8136.5,8135.0,8136.5,7
2026-09-22 06:38:00+00:00,8136.5,8137.0,8136.0,8137.0,4
2026-09-22 06:39:00+00:00,8136.5,8137.5,8136.5,8137.5,7
2026-09-22 06:40:00+00:00,8137.0,8137.0,8136.5,8136.5,4
2026-09-22 06:41:00+00:00,8137.5,8137.5,8136.0,8136.0,5
2026-09-22 06:42:00+00:00,8137.0,8137.0,8135.5,8135.5,23
2026-09-22 06:43:00+00:00,8136.0,8136.0,8135.5,8135.5,9
2026-09-22 06:44:00+00:00,8135.0,8137.5,8135.0,8137.5,15
2026-09-22 06:45:00+00:00,8137.5,8137.5,8136.5,8137.0,10
2026-09-22 06:46:00+00:00,8136.5,8138.5,8135.5,8137.5,15
2026-09-22 06:47:00+00:00,8137.5,8137.5,8136.5,8136.5,5
2026-09-22 06:48:00+00:00,8137.0,8137.0,8137.0,8137.0,2
2026-09-22 06:49:00+00:00,8137.0,8137.0,8135.0,8135.0,11
2026-09-22 06:50:00+00:00,8135.0,8136.5,8135.0,8135.5,8
2026-09-22 06:51:00+00:00,8135.0,8136.0,8134.5,8135.0,36
2026-09-22 06:52:00+00:00,8134.5,8134.5,8133.5,8134.0,7
2026-09-22 06:53:00+00:00,8133.5,8133.5,8133.5,8133.5,5
2026-09-22 06:54:00+00:00,8133.5,8133.5,8131.0,8131.0,12
2026-09-22 06:55:00+00:00,8130.5,8133.0,8130.5,8133.0,12
2026-09-22 06:56:00+00:00,8133.5,8135.0,8133.5,8134.5,21
2026-09-22 06:57:00+00:00,8135.5,8137.0,8135.5,8135.5,16
2026-09-22 06:58:00+00:00,8137.0,8137.5,8137.0,8137.0,19
2026-09-22 06:59:00+00:00,8136.5,8138.5,8134.0,8136.0,113
2026-09-22 07:00:00+00:00,8137.0,8155.0,8136.5,8146.5,901
2026-09-22 07:01:00+00:00,8146.0,8149.5,8141.5,8141.5,261
2026-09-22 07:02:00+00:00,8142.0,8145.0,8139.5,8140.0,137
2026-09-22 07:03:00+00:00,8140.0,8140.0,8134.5,8135.0,93
2026-09-22 07:04:00+00:00,8135.5,8136.5,8132.5,8134.0,102
2026-09-22 07:05:00+00:00,8134.0,8137.0,8132.0,8133.0,110
2026-09-22 07:06:00+00:00,8133.5,8133.5,8129.0,8129.5,138
2026-09-22 07:07:00+00:00,8129.5,8133.5,8129.5,8132.0,72
2026-09-22 07:08:00+00:00,8133.0,8133.0,8127.5,8132.0,81
2026-09-22 07:09:00+00:00,8131.5,8133.5,8130.5,8133.0,39
2026-09-22 07:10:00+00:00,8133.5,8135.5,8131.0,8134.5,66
2026-09-22 07:11:00+00:00,8134.0,8136.5,8132.0,8136.5,46
2026-09-22 07:12:00+00:00,8136.0,8136.5,8130.5,8132.0,46
2026-09-22 07:13:00+00:00,8131.0,8132.0,8127.0,8128.5,60
2026-09-22 07:14:00+00:00,8128.5,8131.5,8127.5,8131.0,35
2026-09-22 07:15:00+00:00,8132.0,8133.0,8130.5,8132.5,60
2026-09-22 07:16:00+00:00,8132.5,8136.5,8132.5,8135.0,44
2026-09-22 07:17:00+00:00,8134.5,8135.5,8133.0,8133.5,48
2026-09-22 07:18:00+00:00,8133.0,8134.0,8131.5,8131.5,53
2026-09-22 07:19:00+00:00,8131.5,8131.5,8122.0,8122.0,95
2026-09-22 07:20:00+00:00,8122.0,8123.0,8121.5,8122.5,63
2026-09-22 07:21:00+00:00,8121.5,8125.0,8120.5,8125.0,147
2026-09-22 07:22:00+00:00,8125.5,8127.0,8124.5,8127.0,63
2026-09-22 07:23:00+00:00,8127.0,8129.0,8125.5,8125.5,75
2026-09-22 07:24:00+00:00,8125.5,8129.0,8125.5,8126.5,75
2026-09-22 07:25:00+00:00,8126.5,8126.5,8121.5,8121.5,72
2026-09-22 07:26:00+00:00,8121.5,8126.0,8120.5,8126.0,363
2026-09-22 07:27:00+00:00,8126.5,8135.0,8126.0,8135.0,104
2026-09-22 07:28:00+00:00,8134.5,8138.0,8133.5,8138.0,90
2026-09-22 07:29:00+00:00,8137.0,8138.0,8134.5,8136.0,62
2026-09-22 07:30:00+00:00,8135.5,8135.5,8131.5,8132.5,43
2026-09-22 07:31:00+00:00,8132.0,8132.5,8129.5,8131.5,34
2026-09-22 07:32:00+00:00,8132.0,8135.0,8132.0,8134.0,34
2026-09-22 07:33:00+00:00,8133.5,8133.5,8130.5,8130.5,31
2026-09-22 07:34:00+00:00,8131.0,8131.0,8128.0,8131.0,43
2026-09-22 07:35:00+00:00,8130.5,8131.0,8128.5,8128.5,38
2026-09-22 07:36:00+00:00,8128.5,8132.0,8128.5,8131.5,48
2026-09-22 07:37:00+00:00,8130.5,8131.0,8129.5,8130.0,37
2026-09-22 07:38:00+00:00,8130.5,8131.0,8127.5,8129.5,44
2026-09-22 07:39:00+00:00,8129.5,8132.0,8128.0,8131.0,35
2026-09-22 07:40:00+00:00,8130.5,8132.0,8129.0,8129.0,49
2026-09-22 07:41:00+00:00,8129.0,8132.5,8128.5,8132.0,21
2026-09-22 07:42:00+00:00,8132.5,8132.5,8131.5,8132.0,54
2026-09-22 07:43:00+00:00,8132.0,8132.0,8127.0,8127.0,50
2026-09-22 07:44:00+00:00,8127.5,8132.0,8126.5,8132.0,39
2026-09-22 07:45:00+00:00,8131.5,8131.5,8128.0,8128.0,47
2026-09-22 07:46:00+00:00,8128.5,8129.5,8128.0,8128.5,46
2026-09-22 07:47:00+00:00,8128.0,8129.5,8125.5,8125.5,43
2026-09-22 07:48:00+00:00,8125.0,8126.5,8124.5,8126.5,87
2026-09-22 07:49:00+00:00,8126.5,8127.0,8124.5,8125.0,78
2026-09-22 07:50:00+00:00,8125.0,8126.0,8122.5,8123.5,280
2026-09-22 07:51:00+00:00,8123.0,8123.0,8119.5,8120.5,60
2026-09-22 07:52:00+00:00,8121.0,8121.5,8119.5,8121.0,46
2026-09-22 07:53:00+00:00,8121.5,8122.0,8121.5,8121.5,20
2026-09-22 07:54:00+00:00,8121.5,8121.5,8116.5,8119.0,352
2026-09-22 07:55:00+00:00,8119.0,8121.0,8118.0,8120.5,50
2026-09-22 07:56:00+00:00,8120.5,8122.0,8120.5,8122.0,21
2026-09-22 07:57:00+00:00,8122.5,8122.5,8119.5,8119.5,34
2026-09-22 07:58:00+00:00,8119.5,8119.5,8117.0,8117.0,45
2026-09-22 07:59:00+00:00,8116.5,8120.5,8116.5,8120.0,45
2026-09-22 08:00:00+00:00,8120.5,8120.5,8117.0,8117.0,60
2026-09-22 08:01:00+00:00,8117.0,8118.5,8117.0,8118.5,31
2026-09-22 08:02:00+00:00,8119.5,8124.0,8119.5,8124.0,34
2026-09-22 08:03:00+00:00,8123.5,8125.5,8122.5,8123.0,30
2026-09-22 08:04:00+00:00,8123.5,8125.5,8123.5,8124.5,30
2026-09-22 08:05:00+00:00,8125.0,8125.0,8122.5,8124.0,33
2026-09-22 08:06:00+00:00,8125.0,8125.0,8120.5,8121.0,55
2026-09-22 08:07:00+00:00,8121.5,8125.5,8121.5,8125.0,28
2026-09-22 08:08:00+00:00,8125.0,8126.5,8123.0,8126.5,38
2026-09-22 08:09:00+00:00,8126.0,8126.0,8124.5,8124.5,14
2026-09-22 08:10:00+00:00,8125.0,8127.0,8125.0,8126.5,47
2026-09-22 08:11:00+00:00,8126.0,8127.0,8124.5,8125.0,170
2026-09-22 08:12:00+00:00,8124.0,8127.5,8124.0,8126.5,30
2026-09-22 08:13:00+00:00,8125.5,8125.5,8122.5,8123.5,99
2026-09-22 08:14:00+00:00,8123.5,8125.0,8123.0,8123.0,51
2026-09-22 08:15:00+00:00,8123.5,8123.5,8120.0,8120.5,61
2026-09-22 08:16:00+00:00,8121.0,8121.5,8119.5,8121.5,30
2026-09-22 08:17:00+00:00,8121.5,8123.0,8121.0,8122.5,37
2026-09-22 08:18:00+00:00,8122.5,8123.0,8121.5,8122.0,35
2026-09-22 08:19:00+00:00,8122.5,8123.5,8121.5,8121.5,47
2026-09-22 08:20:00+00:00,8122.5,8123.5,8121.5,8123.5,33
2026-09-22 08:21:00+00:00,8124.0,8127.0,8122.5,8124.0,82
2026-09-22 08:22:00+00:00,8124.5,8126.5,8123.0,8124.5,36
2026-09-22 08:23:00+00:00,8123.5,8126.0,8122.0,8125.0,49
2026-09-22 08:24:00+00:00,8124.5,8126.0,8124.0,8124.5,49
2026-09-22 08:25:00+00:00,8123.5,8130.0,8120.0,8120.5,154
2026-09-22 08:26:00+00:00,8120.0,8121.5,8119.0,8119.5,58
2026-09-22 08:27:00+00:00,8119.0,8119.5,8118.0,8118.5,49
2026-09-22 08:28:00+00:00,8118.0,8118.0,8114.5,8115.0,92
2026-09-22 08:29:00+00:00,8114.5,8116.5,8114.5,8115.5,31
2026-09-22 08:30:00+00:00,8115.0,8115.5,8109.0,8109.0,99
2026-09-22 08:31:00+00:00,8108.5,8111.0,8108.0,8110.5,139
2026-09-22 08:32:00+00:00,8110.5,8116.5,8110.0,8110.5,83
2026-09-22 08:33:00+00:00,8110.5,8110.5,8107.5,8110.0,37
2026-09-22 08:34:00+00:00,8110.0,8110.0,8108.5,8110.0,36
2026-09-22 08:35:00+00:00,8110.0,8111.0,8109.0,8110.0,25
2026-09-22 08:36:00+00:00,8109.5,8114.5,8107.0,8113.0,98
2026-09-22 08:37:00+00:00,8113.5,8118.5,8113.5,8115.0,75
2026-09-22 08:38:00+00:00,8114.5,8118.5,8114.0,8116.0,50
2026-09-22 08:39:00+00:00,8117.5,8123.0,8117.5,8123.0,113
2026-09-22 08:40:00+00:00,8122.0,8122.5,8119.0,8120.5,71
2026-09-22 08:41:00+00:00,8120.0,8124.0,8118.5,8123.5,122
2026-09-22 08:42:00+00:00,8123.0,8128.0,8123.0,8126.5,107
2026-09-22 08:43:00+00:00,8126.5,8132.5,8126.5,8131.5,85
2026-09-22 08:44:00+00:00,8130.5,8136.5,8128.0,8136.5,132
2026-09-22 08:45:00+00:00,8136.0,8138.0,8134.5,8135.5,74
2026-09-22 08:46:00+00:00,8135.0,8138.0,8134.5,8137.5,52
2026-09-22 08:47:00+00:00,8137.5,8141.5,8137.5,8140.0,62
2026-09-22 08:48:00+00:00,8139.5,8148.0,8139.5,8148.0,69
2026-09-22 08:49:00+00:00,8146.5,8153.0,8146.0,8152.5,112
2026-09-22 08:50:00+00:00,8152.5,8160.0,8150.5,8160.0,91
2026-09-22 08:51:00+00:00,8158.5,8160.5,8155.5,8155.5,77
2026-09-22 08:52:00+00:00,8156.5,8160.0,8155.5,8157.0,50
2026-09-22 08:53:00+00:00,8156.0,8159.0,8152.0,8157.0,49
2026-09-22 08:54:00+00:00,8156.5,8159.5,8154.5,8156.0,54
2026-09-22 08:55:00+00:00,8156.0,8160.0,8154.5,8159.0,87
2026-09-22 08:56:00+00:00,8159.0,8165.5,8159.0,8162.0,89
2026-09-22 08:57:00+00:00,8162.5,8162.5,8153.5,8153.5,50
2026-09-22 08:58:00+00:00,8152.5,8152.5,8147.0,8148.0,113
2026-09-22 08:59:00+00:00,8148.5,8151.0,8148.5,8150.0,66
2026-09-22 09:00:00+00:00,8149.5,8153.0,8148.5,8149.5,71
2026-09-22 09:01:00+00:00,8150.0,8154.0,8149.0,8149.0,28
2026-09-22 09:02:00+00:00,8148.5,8159.0,8148.5,8153.0,95
2026-09-22 09:03:00+00:00,8152.0,8152.0,8144.5,8144.5,61
2026-09-22 09:04:00+00:00,8144.5,8144.5,8138.5,8140.0,61
2026-09-22 09:05:00+00:00,8140.0,8140.0,8138.0,8138.5,96
2026-09-22 09:06:00+00:00,8138.5,8141.5,8137.0,8141.0,58
2026-09-22 09:07:00+00:00,8140.0,8140.0,8135.5,8138.0,63
2026-09-22 09:08:00+00:00,8139.5,8143.5,8139.5,8142.5,26
2026-09-22 09:09:00+00:00,8141.0,8145.0,8138.0,8144.5,146
2026-09-22 09:10:00+00:00,8144.0,8146.5,8143.5,8145.5,71
2026-09-22 09:11:00+00:00,8144.5,8149.5,8141.0,8144.0,247
2026-09-22 09:12:00+00:00,8143.0,8143.0,8141.5,8141.5,25
2026-09-22 09:13:00+00:00,8141.5,8145.0,8141.5,8144.5,14
2026-09-22 09:14:00+00:00,8144.0,8145.0,8142.5,8145.0,14
2026-09-22 09:15:00+00:00,8145.0,8152.5,8143.5,8151.5,274
2026-09-22 09:16:00+00:00,8151.0,8152.0,8150.0,8151.0,46
2026-09-22 09:17:00+00:00,8150.5,8150.5,8146.5,8146.5,29
2026-09-22 09:18:00+00:00,8146.0,8147.0,8145.0,8147.0,23
2026-09-22 09:19:00+00:00,8146.5,8148.0,8145.0,8145.0,26
2026-09-22 09:20:00+00:00,8145.5,8147.5,8144.0,8147.5,39
2026-09-22 09:21:00+00:00,8147.0,8147.5,8145.5,8146.0,23
2026-09-22 09:22:00+00:00,8145.5,8146.0,8143.0,8144.5,37
2026-09-22 09:23:00+00:00,8143.5,8144.5,8140.5,8142.0,33
2026-09-22 09:24:00+00:00,8143.0,8144.5,8142.5,8143.0,47
2026-09-22 09:25:00+00:00,8142.5,8147.0,8142.5,8146.0,35
2026-09-22 09:26:00+00:00,8146.5,8147.0,8144.5,8147.0,32
2026-09-22 09:27:00+00:00,8147.0,8148.0,8146.0,8147.5,30
2026-09-22 09:28:00+00:00,8146.5,8147.0,8145.0,8145.5,24
2026-09-22 09:29:00+00:00,8145.0,8145.5,8144.0,8145.0,49
2026-09-22 09:30:00+00:00,8146.0,8150.0,8146.0,8149.0,187
2026-09-22 09:31:00+00:00,8149.0,8150.5,8148.5,8149.0,201
2026-09-22 09:32:00+00:00,8149.0,8150.5,8146.0,8146.0,291
2026-09-22 09:33:00+00:00,8145.5,8152.0,8145.5,8148.0,314
2026-09-22 09:34:00+00:00,8148.0,8150.0,8147.5,8150.0,41
2026-09-22 09:35:00+00:00,8149.5,8149.5,8145.0,8145.0,26
2026-09-22 09:36:00+00:00,8144.5,8145.0,8143.0,8143.5,28
2026-09-22 09:37:00+00:00,8143.5,8145.5,8143.0,8144.5,27
2026-09-22 09:38:00+00:00,8145.0,8145.0,8142.5,8142.5,18
2026-09-22 09:39:00+00:00,8142.5,8143.0,8140.5,8141.5,57
2026-09-22 09:40:00+00:00,8141.5,8144.5,8141.5,8143.5,38
2026-09-22 09:41:00+00:00,8143.0,8148.5,8142.0,8145.0,76
2026-09-22 09:42:00+00:00,8145.0,8146.0,8144.0,8146.0,27
2026-09-22 09:43:00+00:00,8147.0,8151.0,8147.0,8149.0,19
2026-09-22 09:44:00+00:00,8148.5,8151.0,8148.5,8151.0,43
2026-09-22 09:45:00+00:00,8150.5,8151.5,8149.0,8149.5,42
2026-09-22 09:46:00+00:00,8150.5,8150.5,8149.0,8150.5,17
2026-09-22 09:47:00+00:00,8150.0,8154.0,8150.0,8153.5,75
2026-09-22 09:48:00+00:00,8153.5,8154.5,8152.5,8152.5,40
2026-09-22 09:49:00+00:00,8151.5,8154.0,8151.5,8154.0,24
2026-09-22 09:50:00+00:00,8154.5,8157.0,8153.5,8156.0,75
2026-09-22 09:51:00+00:00,8156.0,8159.5,8155.0,8158.0,108
2026-09-22 09:52:00+00:00,8157.5,8177.0,8155.5,8169.5,649
2026-09-22 09:53:00+00:00,8170.0,8175.0,8162.5,8171.5,259
2026-09-22 09:54:00+00:00,8171.0,8172.0,8164.5,8170.5,88
2026-09-22 09:55:00+00:00,8170.0,8170.0,8160.5,8161.0,127
2026-09-22 09:56:00+00:00,8160.5,8177.5,8160.0,8167.5,286
2026-09-22 09:57:00+00:00,8166.5,8166.5,8162.0,8165.0,76
2026-09-22 09:58:00+00:00,8167.5,8173.0,8166.5,8173.0,35
2026-09-22 09:59:00+00:00,8173.5,8175.5,8172.0,8175.0,67
2026-09-22 10:00:00+00:00,8174.5,8174.5,8169.0,8169.0,62
2026-09-22 10:01:00+00:00,8169.5,8171.0,8168.5,8168.5,73
2026-09-22 10:02:00+00:00,8169.0,8179.0,8169.0,8178.0,87
2026-09-22 10:03:00+00:00,8178.0,8180.0,8176.5,8179.5,89
2026-09-22 10:04:00+00:00,8180.5,8182.0,8178.5,8179.5,83
2026-09-22 10:05:00+00:00,8179.5,8180.5,8177.0,8177.5,65
2026-09-22 10:06:00+00:00,8177.0,8180.5,8177.0,8179.0,78
2026-09-22 10:07:00+00:00,8178.0,8183.0,8178.0,8182.0,63
2026-09-22 10:08:00+00:00,8182.0,8183.5,8181.0,8183.0,58
2026-09-22 10:09:00+00:00,8183.0,8183.5,8180.5,8181.5,83
2026-09-22 10:10:00+00:00,8182.0,8183.0,8180.5,8181.0,97
2026-09-22 10:11:00+00:00,8181.0,8183.0,8179.5,8179.5,53
2026-09-22 10:12:00+00:00,8178.5,8183.0,8178.5,8182.5,42
2026-09-22 10:13:00+00:00,8182.5,8182.5,8180.0,8180.0,62
2026-09-22 10:14:00+00:00,8181.0,8182.5,8179.0,8182.5,55
2026-09-22 10:15:00+00:00,8182.0,8183.0,8179.0,8180.0,106
2026-09-22 10:16:00+00:00,8179.5,8182.0,8179.0,8182.0,81
2026-09-22 10:17:00+00:00,8181.5,8182.5,8178.0,8179.0,49
2026-09-22 10:18:00+00:00,8179.0,8179.5,8176.5,8176.5,52
2026-09-22 10:19:00+00:00,8176.0,8178.0,8175.5,8177.0,52
2026-09-22 10:20:00+00:00,8176.5,8178.0,8173.0,8173.5,105
2026-09-22 10:21:00+00:00,8173.0,8175.0,8173.0,8174.5,59
2026-09-22 10:22:00+00:00,8174.5,8175.0,8172.5,8172.5,65
2026-09-22 10:23:00+00:00,8172.0,8173.5,8171.0,8171.5,75
2026-09-22 10:24:00+00:00,8170.5,8171.0,8168.0,8169.0,55
2026-09-22 10:25:00+00:00,8169.0,8169.5,8167.5,8169.5,51
2026-09-22 10:26:00+00:00,8169.0,8171.0,8168.5,8171.0,54
2026-09-22 10:27:00+00:00,8169.5,8171.0,8169.0,8170.5,20
2026-09-22 10:28:00+00:00,8170.5,8174.0,8170.5,8173.5,60
2026-09-22 10:29:00+00:00,8173.0,8175.0,8172.0,8173.5,45
2026-09-22 10:30:00+00:00,8173.0,8174.0,8169.5,8169.5,29
2026-09-22 10:31:00+00:00,8169.5,8169.5,8167.0,8167.0,48
2026-09-22 10:32:00+00:00,8167.0,8168.5,8165.5,8168.0,27
2026-09-22 10:33:00+00:00,8168.0,8170.0,8168.0,8169.0,17
2026-09-22 10:34:00+00:00,8170.0,8171.5,8169.5,8170.5,33
2026-09-22 10:35:00+00:00,8171.0,8171.0,8169.0,8170.0,27
2026-09-22 10:36:00+00:00,8169.0,8172.0,8169.0,8172.0,26
2026-09-22 10:37:00+00:00,8171.5,8173.5,8171.0,8173.5,26
2026-09-22 10:38:00+00:00,8173.5,8173.5,8171.5,8171.5,12
2026-09-22 10:39:00+00:00,8171.0,8173.0,8171.0,8172.5,22
2026-09-22 10:40:00+00:00,8172.0,8173.5,8172.0,8173.5,15
2026-09-22 10:41:00+00:00,8173.0,8176.0,8173.0,8176.0,29
2026-09-22 10:42:00+00:00,8176.5,8177.0,8174.5,8176.0,29
2026-09-22 10:43:00+00:00,8175.0,8177.5,8175.0,8177.0,25
2026-09-22 10:44:00+00:00,8177.5,8177.5,8175.5,8175.5,19
2026-09-22 10:45:00+00:00,8175.0,8175.0,8172.0,8172.5,21
2026-09-22 10:46:00+00:00,8172.0,8172.0,8169.0,8170.0,32
2026-09-22 10:47:00+00:00,8169.5,8172.0,8169.5,8171.0,44
2026-09-22 10:48:00+00:00,8172.0,8172.0,8170.5,8171.5,19
2026-09-22 10:49:00+00:00,8172.0,8174.0,8172.0,8172.0,15
2026-09-22 10:50:00+00:00,8172.0,8176.0,8171.5,8175.5,26
2026-09-22 10:51:00+00:00,8175.5,8176.0,8174.5,8176.0,15
2026-09-22 10:52:00+00:00,8176.0,8176.0,8173.5,8173.5,22
2026-09-22 10:53:00+00:00,8173.5,8174.0,8173.0,8173.5,16
2026-09-22 10:54:00+00:00,8173.0,8176.0,8172.5,8175.5,32
2026-09-22 10:55:00+00:00,8176.0,8177.0,8176.0,8176.5,23
2026-09-22 10:56:00+00:00,8176.0,8177.0,8175.5,8176.0,14
2026-09-22 10:57:00+00:00,8176.0,8176.0,8174.5,8174.5,15
2026-09-22 10:58:00+00:00,8175.5,8178.0,8175.0,8177.5,33
2026-09-22 10:59:00+00:00,8177.0,8179.0,8175.5,8175.5,19
2026-09-22 11:00:00+00:00,8176.0,8179.0,8175.5,8177.5,167
2026-09-22 11:01:00+00:00,8177.0,8177.5,8175.0,8175.0,46
2026-09-22 11:02:00+00:00,8176.0,8179.0,8176.0,8177.0,47
2026-09-22 11:03:00+00:00,8177.0,8180.0,8177.0,8180.0,45
2026-09-22 11:04:00+00:00,8180.5,8181.5,8179.0,8181.5,32
2026-09-22 11:05:00+00:00,8180.5,8182.0,8179.0,8179.0,46
2026-09-22 11:06:00+00:00,8179.0,8181.0,8176.5,8177.5,22
2026-09-22 11:07:00+00:00,8178.0,8178.5,8178.0,8178.5,24
2026-09-22 11:08:00+00:00,8178.5,8178.5,8176.0,8176.0,18
2026-09-22 11:09:00+00:00,8174.5,8175.0,8163.5,8165.5,255
2026-09-22 11:10:00+00:00,8166.0,8168.5,8164.0,8167.5,109
2026-09-22 11:11:00+00:00,8168.0,8168.0,8162.0,8168.0,83
2026-09-22 11:12:00+00:00,8168.0,8170.0,8162.5,8162.5,141
2026-09-22 11:13:00+00:00,8163.5,8164.5,8161.0,8164.0,38
2026-09-22 11:14:00+00:00,8163.5,8170.0,8163.5,8168.5,28
2026-09-22 11:15:00+00:00,8168.5,8171.5,8168.0,8171.5,26
2026-09-22 11:16:00+00:00,8171.0,8171.5,8169.5,8170.5,30
2026-09-22 11:17:00+00:00,8170.0,8170.0,8164.5,8165.5,20
2026-09-22 11:18:00+00:00,8165.5,8165.5,8164.0,8165.0,11
2026-09-22 11:19:00+00:00,8164.0,8165.5,8163.5,8165.5,18
2026-09-22 11:20:00+00:00,8166.0,8169.0,8166.0,8169.0,11
2026-09-22 11:21:00+00:00,8169.5,8170.0,8169.5,8170.0,9
2026-09-22 11:22:00+00:00,8170.0,8172.0,8169.5,8172.0,16
2026-09-22 11:23:00+00:00,8172.5,8174.0,8172.5,8173.0,13
2026-09-22 11:24:00+00:00,8173.0,8175.5,8172.0,8175.5,15
2026-09-22 11:25:00+00:00,8175.5,8176.0,8174.0,8175.0,20
2026-09-22 11:26:00+00:00,8175.5,8177.0,8175.5,8177.0,14
2026-09-22 11:27:00+00:00,8177.0,8177.5,8174.5,8174.5,19
2026-09-22 11:28:00+00:00,8174.5,8175.5,8174.5,8175.5,11
2026-09-22 11:29:00+00:00,8175.5,8176.5,8175.0,8176.5,4
2026-09-22 11:30:00+00:00,8177.0,8178.5,8176.0,8176.5,20
2026-09-22 11:31:00+00:00,8175.5,8178.0,8175.0,8176.0,27
2026-09-22 11:32:00+00:00,8174.5,8174.5,8173.0,8173.0,13
2026-09-22 11:33:00+00:00,8172.0,8173.0,8171.5,8171.5,31
2026-09-22 11:34:00+00:00,8170.5,8171.0,8168.0,8170.0,35
2026-09-22 11:35:00+00:00,8169.5,8171.0,8169.0,8171.0,31
2026-09-22 11:36:00+00:00,8170.5,8171.5,8170.0,8171.0,15
2026-09-22 11:37:00+00:00,8171.5,8171.5,8168.5,8168.5,21
2026-09-22 11:38:00+00:00,8169.0,8171.5,8169.0,8171.5,18
2026-09-22 11:39:00+00:00,8171.5,8172.5,8170.5,8172.5,13
2026-09-22 11:40:00+00:00,8172.0,8172.5,8171.0,8171.5,12
2026-09-22 11:41:00+00:00,8170.0,8170.5,8169.5,8170.5,7
2026-09-22 11:42:00+00:00,8171.0,8172.0,8170.5,8172.0,16
2026-09-22 11:43:00+00:00,8173.0,8174.0,8172.5,8172.5,15
2026-09-22 11:44:00+00:00,8173.0,8173.5,8170.0,8172.0,43
2026-09-22 11:45:00+00:00,8173.0,8178.0,8171.0,8174.0,231
2026-09-22 11:46:00+00:00,8173.0,8173.5,8169.5,8169.5,16
2026-09-22 11:47:00+00:00,8169.0,8170.0,8167.5,8168.0,11
2026-09-22 11:48:00+00:00,8168.0,8169.0,8167.5,8167.5,6
2026-09-22 11:49:00+00:00,8167.5,8168.0,8166.5,8168.0,17
2026-09-22 11:50:00+00:00,8168.5,8168.5,8166.5,8166.5,13
2026-09-22 11:51:00+00:00,8166.5,8167.0,8165.0,8166.0,16
2026-09-22 11:52:00+00:00,8165.5,8166.0,8165.0,8165.0,14
2026-09-22 11:53:00+00:00,8165.5,8165.5,8163.5,8164.0,9
2026-09-22 11:54:00+00:00,8164.0,8164.0,8163.0,8164.0,13
2026-09-22 11:55:00+00:00,8164.5,8168.0,8164.0,8165.0,46
2026-09-22 11:56:00+00:00,8166.0,8166.0,8163.0,8165.0,19
2026-09-22 11:57:00+00:00,8165.0,8167.5,8165.0,8166.0,20
2026-09-22 11:58:00+00:00,8165.5,8165.5,8161.5,8161.5,10
2026-09-22 11:59:00+00:00,8161.0,8161.0,8159.0,8159.5,40
2026-09-22 12:00:00+00:00,8159.0,8160.5,8159.0,8160.0,14
2026-09-22 12:01:00+00:00,8160.0,8162.0,8160.0,8161.0,23
2026-09-22 12:02:00+00:00,8162.5,8165.0,8162.0,8163.5,67
2026-09-22 12:03:00+00:00,8163.0,8165.5,8163.0,8165.5,10
2026-09-22 12:04:00+00:00,8165.5,8166.5,8163.5,8163.5,8
2026-09-22 12:05:00+00:00,8164.5,8164.5,8163.5,8164.0,9
2026-09-22 12:06:00+00:00,8164.0,8164.0,8162.5,8162.5,12
2026-09-22 12:07:00+00:00,8162.0,8163.0,8162.0,8162.0,19
2026-09-22 12:08:00+00:00,8162.5,8164.0,8162.5,8163.5,41
2026-09-22 12:09:00+00:00,8163.0,8164.0,8159.0,8161.0,28
2026-09-22 12:10:00+00:00,8161.5,8164.5,8161.5,8164.5,10
2026-09-22 12:11:00+00:00,8165.0,8165.0,8162.5,8163.5,38
2026-09-22 12:12:00+00:00,8163.5,8163.5,8163.0,8163.5,15
2026-09-22 12:13:00+00:00,8163.0,8167.0,8163.0,8167.0,18
2026-09-22 12:14:00+00:00,8167.5,8168.0,8166.0,8166.5,12
2026-09-22 12:15:00+00:00,8167.5,8168.0,8165.5,8168.0,22
2026-09-22 12:16:00+00:00,8167.5,8169.5,8165.5,8165.5,29
2026-09-22 12:17:00+00:00,8165.0,8168.0,8163.5,8168.0,22
2026-09-22 12:18:00+00:00,8167.5,8169.0,8166.5,8169.0,15
2026-09-22 12:19:00+00:00,8169.5,8170.0,8168.5,8169.5,26
2026-09-22 12:20:00+00:00,8168.5,8170.0,8167.5,8169.0,33
2026-09-22 12:21:00+00:00,8169.0,8169.5,8168.0,8169.0,23
2026-09-22 12:22:00+00:00,8168.5,8170.0,8168.5,8169.0,22
2026-09-22 12:23:00+00:00,8169.0,8171.5,8169.0,8169.5,27
2026-09-22 12:24:00+00:00,8169.0,8170.0,8167.5,8168.0,16
2026-09-22 12:25:00+00:00,8169.0,8169.5,8168.0,8169.5,35
2026-09-22 12:26:00+00:00,8169.5,8170.5,8168.5,8170.5,40
2026-09-22 12:27:00+00:00,8170.5,8171.0,8168.5,8168.5,23
2026-09-22 12:28:00+00:00,8169.5,8171.5,8169.5,8171.5,12
2026-09-22 12:29:00+00:00,8171.5,8172.0,8171.0,8171.0,12
2026-09-22 12:30:00+00:00,8172.5,8173.5,8171.0,8173.5,43
2026-09-22 12:31:00+00:00,8173.5,8176.5,8173.5,8176.5,16
2026-09-22 12:32:00+00:00,8177.0,8178.5,8177.0,8178.5,37
2026-09-22 12:33:00+00:00,8178.0,8179.0,8177.5,8179.0,23
2026-09-22 12:34:00+00:00,8178.5,8180.5,8178.5,8179.5,25
2026-09-22 12:35:00+00:00,8180.0,8181.5,8179.5,8181.5,33
2026-09-22 12:36:00+00:00,8180.5,8183.0,8176.5,8176.5,37
2026-09-22 12:37:00+00:00,8175.5,8175.5,8172.0,8173.0,17
2026-09-22 12:38:00+00:00,8173.0,8173.5,8172.5,8172.5,22
2026-09-22 12:39:00+00:00,8174.0,8174.5,8173.5,8173.5,11
2026-09-22 12:40:00+00:00,8173.0,8174.0,8171.0,8174.0,27
2026-09-22 12:41:00+00:00,8174.5,8176.0,8173.5,8175.5,22
2026-09-22 12:42:00+00:00,8175.5,8177.0,8175.5,8176.5,17
2026-09-22 12:43:00+00:00,8177.5,8178.0,8175.5,8175.5,38
2026-09-22 12:44:00+00:00,8175.5,8175.5,8173.0,8173.5,36
2026-09-22 12:45:00+00:00,8174.5,8174.5,8172.5,8173.5,21
2026-09-22 12:46:00+00:00,8174.0,8175.0,8172.0,8172.0,25
2026-09-22 12:47:00+00:00,8169.5,8171.0,8169.5,8170.0,36
2026-09-22 12:48:00+00:00,8169.5,8171.5,8168.5,8171.5,17
2026-09-22 12:49:00+00:00,8171.0,8171.0,8169.5,8169.5,25
2026-09-22 12:50:00+00:00,8170.5,8170.5,8168.0,8169.5,15
2026-09-22 12:51:00+00:00,8169.5,8170.0,8167.0,8167.0,44
2026-09-22 12:52:00+00:00,8167.0,8167.0,8164.5,8166.5,34
2026-09-22 12:53:00+00:00,8167.5,8168.5,8166.5,8168.5,25
2026-09-22 12:54:00+00:00,8169.0,8169.5,8168.0,8168.5,31
2026-09-22 12:55:00+00:00,8168.0,8169.5,8166.5,8167.0,37
2026-09-22 12:56:00+00:00,8167.5,8169.5,8167.5,8168.0,26
2026-09-22 12:57:00+00:00,8169.0,8174.0,8169.0,8173.5,55
2026-09-22 12:58:00+00:00,8173.5,8175.0,8172.5,8172.5,46
2026-09-22 12:59:00+00:00,8172.5,8175.0,8171.5,8174.5,38
2026-09-22 13:00:00+00:00,8174.5,8176.5,8173.0,8176.0,60
2026-09-22 13:01:00+00:00,8175.5,8177.0,8172.0,8177.0,49
2026-09-22 13:02:00+00:00,8177.5,8180.5,8177.5,8179.5,29
2026-09-22 13:03:00+00:00,8180.0,8180.5,8176.5,8177.0,24
2026-09-22 13:04:00+00:00,8176.0,8176.5,8173.0,8174.0,32
2026-09-22 13:05:00+00:00,8174.0,8174.0,8172.5,8173.0,32
2026-09-22 13:06:00+00:00,8173.0,8177.0,8171.0,8174.0,139
2026-09-22 13:07:00+00:00,8173.0,8175.0,8172.5,8173.0,43
2026-09-22 13:08:00+00:00,8174.0,8179.0,8174.0,8177.5,56
2026-09-22 13:09:00+00:00,8177.5,8180.0,8176.0,8178.5,80
2026-09-22 13:10:00+00:00,8178.0,8179.5,8176.5,8179.5,52
2026-09-22 13:11:00+00:00,8180.0,8181.0,8179.5,8181.0,23
2026-09-22 13:12:00+00:00,8181.5,8182.0,8181.0,8181.0,27
2026-09-22 13:13:00+00:00,8181.0,8181.5,8179.5,8181.5,25
2026-09-22 13:14:00+00:00,8181.5,8186.0,8181.5,8186.0,65
2026-09-22 13:15:00+00:00,8186.5,8189.0,8186.5,8188.0,68
2026-09-22 13:16:00+00:00,8188.0,8189.0,8186.5,8188.0,30
2026-09-22 13:17:00+00:00,8188.0,8188.0,8186.5,8186.5,15
2026-09-22 13:18:00+00:00,8185.0,8187.5,8185.0,8186.0,20
2026-09-22 13:19:00+00:00,8186.5,8186.5,8183.5,8183.5,19
2026-09-22 13:20:00+00:00,8183.5,8184.0,8183.0,8183.0,18
2026-09-22 13:21:00+00:00,8183.5,8184.0,8182.5,8183.0,17
2026-09-22 13:22:00+00:00,8183.5,8187.0,8183.0,8185.5,111
2026-09-22 13:23:00+00:00,8186.0,8186.0,8181.0,8182.5,32
2026-09-22 13:24:00+00:00,8183.0,8185.5,8183.0,8183.5,19
2026-09-22 13:25:00+00:00,8184.0,8184.0,8182.5,8184.0,17
2026-09-22 13:26:00+00:00,8184.0,8184.0,8182.0,8182.0,21
2026-09-22 13:27:00+00:00,8182.0,8183.0,8180.0,8180.0,26
2026-09-22 13:28:00+00:00,8180.0,8180.5,8177.5,8178.0,30
2026-09-22 13:29:00+00:00,8177.5,8178.0,8175.0,8175.0,83
2026-09-22 13:30:00+00:00,8175.0,8176.0,8167.5,8168.5,146
2026-09-22 13:31:00+00:00,8168.0,8169.0,8164.5,8168.0,105
2026-09-22 13:32:00+00:00,8169.0,8170.5,8167.0,8167.5,73
2026-09-22 13:33:00+00:00,8167.0,8167.0,8163.0,8164.5,63
2026-09-22 13:34:00+00:00,8165.0,8165.0,8162.0,8162.0,36
2026-09-22 13:35:00+00:00,8162.5,8165.0,8161.0,8164.5,48
2026-09-22 13:36:00+00:00,8164.0,8165.5,8162.5,8163.0,40
2026-09-22 13:37:00+00:00,8163.0,8163.5,8158.0,8160.5,43
2026-09-22 13:38:00+00:00,8160.5,8160.5,8159.5,8160.5,24
2026-09-22 13:39:00+00:00,8160.5,8162.0,8160.0,8160.5,38
2026-09-22 13:40:00+00:00,8160.5,8160.5,8158.0,8159.5,63
2026-09-22 13:41:00+00:00,8159.5,8163.0,8158.0,8158.0,103
2026-09-22 13:42:00+00:00,8158.5,8162.0,8156.5,8161.5,72
2026-09-22 13:43:00+00:00,8162.0,8167.0,8161.0,8167.0,46
2026-09-22 13:44:00+00:00,8165.5,8169.0,8165.0,8166.5,37
2026-09-22 13:45:00+00:00,8166.0,8167.5,8164.5,8166.0,42
2026-09-22 13:46:00+00:00,8165.5,8166.0,8163.5,8165.5,84
2026-09-22 13:47:00+00:00,8165.0,8166.0,8163.0,8166.0,101
2026-09-22 13:48:00+00:00,8166.0,8171.5,8164.0,8170.5,127
2026-09-22 13:49:00+00:00,8170.0,8170.0,8165.0,8165.5,37
2026-09-22 13:50:00+00:00,8165.0,8167.0,8163.5,8167.0,56
2026-09-22 13:51:00+00:00,8167.0,8168.0,8165.5,8167.0,26
2026-09-22 13:52:00+00:00,8166.5,8166.5,8165.0,8166.5,23
2026-09-22 13:53:00+00:00,8167.0,8170.0,8167.0,8170.0,60
2026-09-22 13:54:00+00:00,8170.0,8171.0,8169.5,8171.0,20
2026-09-22 13:55:00+00:00,8171.0,8171.0,8167.5,8168.5,33
2026-09-22 13:56:00+00:00,8168.0,8169.5,8166.0,8168.5,45
2026-09-22 13:57:00+00:00,8169.0,8169.5,8167.5,8169.0,30
2026-09-22 13:58:00+00:00,8170.0,8171.0,8167.5,8167.5,43
2026-09-22 13:59:00+00:00,8168.0,8169.0,8167.0,8168.5,60
2026-09-22 14:00:00+00:00,8169.0,8169.5,8166.0,8166.0,51
2026-09-22 14:01:00+00:00,8165.5,8167.0,8164.0,8166.5,52
2026-09-22 14:02:00+00:00,8167.0,8171.0,8167.0,8171.0,24
2026-09-22 14:03:00+00:00,8170.5,8171.5,8169.0,8170.0,104
2026-09-22 14:04:00+00:00,8169.5,8170.0,8166.5,8166.5,45
2026-09-22 14:05:00+00:00,8166.5,8168.0,8165.0,8167.0,54
2026-09-22 14:06:00+00:00,8168.0,8171.5,8168.0,8171.0,115
2026-09-22 14:07:00+00:00,8171.0,8172.0,8168.5,8169.5,112
2026-09-22 14:08:00+00:00,8169.0,8169.0,8166.0,8166.0,172
2026-09-22 14:09:00+00:00,8165.5,8168.5,8165.5,8165.5,191
2026-09-22 14:10:00+00:00,8165.5,8166.5,8164.5,8164.5,92
2026-09-22 14:11:00+00:00,8165.0,8166.0,8164.5,8165.0,101
2026-09-22 14:12:00+00:00,8165.5,8166.5,8164.0,8164.5,122
2026-09-22 14:13:00+00:00,8164.0,8173.0,8161.5,8165.5,610
2026-09-22 14:14:00+00:00,8166.0,8166.0,8163.5,8164.0,85
2026-09-22 14:15:00+00:00,8164.0,8164.0,8161.0,8163.0,209
2026-09-22 14:16:00+00:00,8163.0,8164.0,8160.0,8160.5,43
2026-09-22 14:17:00+00:00,8160.0,8164.0,8159.0,8162.0,85
2026-09-22 14:18:00+00:00,8161.5,8163.0,8161.0,8161.5,36
2026-09-22 14:19:00+00:00,8162.0,8166.0,8161.5,8164.5,32
2026-09-22 14:20:00+00:00,8165.0,8165.0,8163.0,8164.5,34
2026-09-22 14:21:00+00:00,8164.0,8165.5,8162.0,8165.0,40
2026-09-22 14:22:00+00:00,8166.0,8168.5,8165.5,8168.5,23
2026-09-22 14:23:00+00:00,8168.0,8168.0,8166.5,8167.5,29
2026-09-22 14:24:00+00:00,8168.0,8172.0,8167.5,8172.0,69
2026-09-22 14:25:00+00:00,8172.0,8172.0,8167.0,8167.0,48
2026-09-22 14:26:00+00:00,8167.0,8167.5,8164.5,8165.0,33
2026-09-22 14:27:00+00:00,8166.0,8168.5,8165.0,8165.5,23
2026-09-22 14:28:00+00:00,8165.0,8165.0,8164.0,8165.0,38
2026-09-22 14:29:00+00:00,8165.5,8168.0,8165.0,8168.0,32
2026-09-22 14:30:00+00:00,8168.0,8168.5,8164.5,8165.5,43
2026-09-22 14:31:00+00:00,8165.0,8166.0,8164.0,8165.5,54
2026-09-22 14:32:00+00:00,8166.5,8166.5,8164.0,8164.0,62
2026-09-22 14:33:00+00:00,8164.0,8164.5,8161.0,8161.0,69
2026-09-22 14:34:00+00:00,8160.0,8161.0,8158.0,8158.0,52
2026-09-22 14:35:00+00:00,8158.5,8158.5,8152.5,8153.5,239
2026-09-22 14:36:00+00:00,8153.0,8157.5,8153.0,8157.5,72
2026-09-22 14:37:00+00:00,8159.0,8159.5,8157.5,8158.5,30
2026-09-22 14:38:00+00:00,8158.5,8160.5,8156.5,8157.5,32
2026-09-22 14:39:00+00:00,8160.5,8171.5,8156.0,8156.0,288
2026-09-22 14:40:00+00:00,8156.0,8156.0,8151.5,8152.5,181
2026-09-22 14:41:00+00:00,8153.0,8153.0,8143.5,8145.5,78
2026-09-22 14:42:00+00:00,8146.0,8147.0,8144.0,8145.0,40
2026-09-22 14:43:00+00:00,8144.5,8147.0,8144.0,8147.0,97
2026-09-22 14:44:00+00:00,8148.0,8151.0,8146.5,8151.0,17
2026-09-22 14:45:00+00:00,8150.0,8151.0,8146.0,8146.5,52
2026-09-22 14:46:00+00:00,8145.5,8146.5,8144.5,8146.5,33
2026-09-22 14:47:00+00:00,8146.0,8150.0,8145.5,8148.0,36
2026-09-22 14:48:00+00:00,8146.5,8146.5,8144.5,8145.0,32
2026-09-22 14:49:00+00:00,8144.5,8147.0,8144.0,8147.0,22
2026-09-22 14:50:00+00:00,8147.0,8148.5,8146.0,8146.0,28
2026-09-22 14:51:00+00:00,8146.0,8147.0,8145.0,8146.5,29
2026-09-22 14:52:00+00:00,8146.0,8146.5,8145.0,8146.0,23
2026-09-22 14:53:00+00:00,8146.5,8148.0,8145.5,8148.0,22
2026-09-22 14:54:00+00:00,8148.0,8149.0,8146.5,8148.5,33
2026-09-22 14:55:00+00:00,8148.5,8150.5,8147.5,8148.5,17
2026-09-22 14:56:00+00:00,8150.0,8151.5,8150.0,8150.0,38
2026-09-22 14:57:00+00:00,8151.0,8151.0,8149.5,8151.0,27
2026-09-22 14:58:00+00:00,8150.5,8152.5,8148.5,8150.0,75
2026-09-22 14:59:00+00:00,8150.0,8152.0,8148.0,8151.5,22
2026-09-22 15:00:00+00:00,8151.0,8153.5,8149.5,8153.0,109
2026-09-22 15:01:00+00:00,8153.0,8154.0,8150.5,8152.0,68
2026-09-22 15:02:00+00:00,8151.5,8151.5,8148.5,8148.5,35
2026-09-22 15:03:00+00:00,8148.5,8150.0,8148.5,8148.5,38
2026-09-22 15:04:00+00:00,8149.0,8149.0,8144.5,8146.0,153
2026-09-22 15:05:00+00:00,8146.0,8146.5,8144.0,8146.5,55
2026-09-22 15:06:00+00:00,8147.5,8150.5,8146.5,8148.0,87
2026-09-22 15:07:00+00:00,8148.0,8152.5,8148.0,8151.0,150
2026-09-22 15:08:00+00:00,8151.0,8152.5,8150.5,8151.0,31
2026-09-22 15:09:00+00:00,8150.5,8153.5,8150.0,8152.0,48
2026-09-22 15:10:00+00:00,8152.0,8153.0,8152.0,8152.5,37
2026-09-22 15:11:00+00:00,8152.5,8153.5,8151.0,8151.5,47
2026-09-22 15:12:00+00:00,8152.0,8152.0,8150.0,8151.0,115
2026-09-22 15:13:00+00:00,8150.5,8155.0,8149.5,8155.0,22
2026-09-22 15:14:00+00:00,8156.0,8156.5,8154.5,8155.5,53
2026-09-22 15:15:00+00:00,8155.5,8156.5,8153.5,8155.0,83
2026-09-22 15:16:00+00:00,8156.0,8156.5,8154.5,8156.5,28
2026-09-22 15:17:00+00:00,8156.5,8156.5,8152.5,8153.0,61
2026-09-22 15:18:00+00:00,8152.5,8153.0,8150.5,8150.5,29
2026-09-22 15:19:00+00:00,8150.0,8153.0,8149.0,8149.5,124
2026-09-22 15:20:00+00:00,8149.0,8149.0,8147.5,8147.5,54
2026-09-22 15:21:00+00:00,8148.0,8152.0,8148.0,8151.5,41
2026-09-22 15:22:00+00:00,8152.0,8152.5,8151.0,8151.0,31
2026-09-22 15:23:00+00:00,8151.0,8151.5,8149.5,8151.0,36
2026-09-22 15:24:00+00:00,8151.0,8152.5,8150.5,8152.5,62
2026-09-22 15:25:00+00:00,8153.0,8153.5,8151.5,8153.0,93
2026-09-22 15:26:00+00:00,8153.5,8154.0,8150.0,8150.5,98
2026-09-22 15:27:00+00:00,8151.0,8151.5,8149.5,8151.5,56
2026-09-22 15:28:00+00:00,8150.5,8152.0,8149.5,8149.5,55
2026-09-22 15:29:00+00:00,8150.0,8151.5,8146.5,8148.0,157
2026-09-22 15:30:00+00:00,8148.0,8149.0,8146.0,8147.5,185
2026-09-22 15:31:00+00:00,8148.0,8149.5,8147.0,8147.5,76
2026-09-22 15:32:00+00:00,8147.0,8148.0,8142.5,8142.5,156
2026-09-22 15:33:00+00:00,8143.0,8145.0,8141.5,8142.0,179
2026-09-22 15:34:00+00:00,8141.5,8145.0,8140.5,8143.0,600
2026-09-22 15:35:00+00:00,8143.5,8146.5,8140.5,8142.0,524
2026-09-22 15:36:00+00:00,8142.0,8147.5,8141.5,8147.5,68
2026-09-22 15:37:00+00:00,8147.5,8148.0,8145.0,8146.0,57
2026-09-22 15:38:00+00:00,8145.5,8146.0,8145.0,8145.0,52
2026-09-22 15:39:00+00:00,8145.0,8145.5,8143.5,8144.5,24
2026-09-22 15:40:00+00:00,8144.0,8144.0,8142.0,8142.0,19
2026-09-22 15:41:00+00:00,8142.5,8143.5,8142.0,8143.0,24
2026-09-22 15:42:00+00:00,8143.0,8143.5,8142.5,8143.0,36
2026-09-22 15:43:00+00:00,8143.0,8143.5,8141.0,8141.0,40
2026-09-22 15:44:00+00:00,8141.0,8141.0,8139.0,8139.0,35
2026-09-22 15:45:00+00:00,8139.0,8141.0,8138.5,8140.5,74
2026-09-22 15:46:00+00:00,8139.0,8143.5,8139.0,8143.0,18
2026-09-22 15:47:00+00:00,8143.5,8144.0,8143.0,8144.0,11
2026-09-22 15:48:00+00:00,8143.0,8143.5,8140.5,8141.5,18
2026-09-22 15:49:00+00:00,8143.0,8143.0,8142.5,8142.5,13
2026-09-22 15:50:00+00:00,8142.5,8144.0,8142.0,8144.0,12
2026-09-22 15:51:00+00:00,8143.0,8144.5,8143.0,8144.5,10
2026-09-22 15:52:00+00:00,8144.0,8146.0,8144.0,8145.0,23
2026-09-22 15:53:00+00:00,8145.0,8145.0,8144.0,8144.0,14
2026-09-22 15:54:00+00:00,8143.0,8144.0,8143.0,8143.5,5
2026-09-22 15:55:00+00:00,8143.0,8146.0,8142.0,8146.0,39
2026-09-22 15:56:00+00:00,8146.5,8146.5,8144.5,8144.5,25
2026-09-22 15:57:00+00:00,8145.0,8145.0,8144.0,8144.5,17
2026-09-22 15:58:00+00:00,8145.0,8146.5,8145.0,8146.5,6
2026-09-22 15:59:00+00:00,8146.5,8149.0,8146.5,8148.5,14
2026-09-22 16:00:00+00:00,8148.5,8151.0,8148.5,8151.0,10
2026-09-22 16:01:00+00:00,8151.0,8151.0,8149.0,8150.5,45
2026-09-22 16:02:00+00:00,8150.5,8150.5,8150.0,8150.0,5
2026-09-22 16:03:00+00:00,8149.0,8149.0,8148.0,8148.0,9
2026-09-22 16:04:00+00:00,8148.0,8150.0,8148.0,8150.0,13
2026-09-22 16:05:00+00:00,8149.0,8149.5,8149.0,8149.5,5
2026-09-22 16:06:00+00:00,8150.0,8151.0,8150.0,8151.0,17
2026-09-22 16:07:00+00:00,8152.0,8153.0,8152.0,8153.0,7
2026-09-22 16:08:00+00:00,8153.0,8153.0,8152.5,8152.5,15
2026-09-22 16:09:00+00:00,8153.5,8153.5,8150.0,8150.5,22
2026-09-22 16:10:00+00:00,8151.5,8152.0,8150.5,8150.5,23
2026-09-22 16:11:00+00:00,8151.5,8152.0,8150.0,8151.5,23
2026-09-22 16:12:00+00:00,8152.0,8152.0,8151.0,8151.0,10
2026-09-22 16:13:00+00:00,8150.5,8151.0,8150.5,8150.5,7
2026-09-22 16:14:00+00:00,8150.5,8150.5,8148.5,8148.5,8
2026-09-22 16:15:00+00:00,8148.5,8148.5,8146.5,8147.0,9
2026-09-22 16:16:00+00:00,8147.5,8148.5,8147.5,8148.0,14
2026-09-22 16:17:00+00:00,8148.5,8149.0,8148.5,8149.0,8
2026-09-22 16:18:00+00:00,8148.5,8148.5,8147.0,8147.0,7
2026-09-22 16:19:00+00:00,8147.5,8148.0,8147.5,8148.0,8
2026-09-22 16:20:00+00:00,8148.0,8149.0,8146.5,8149.0,14
2026-09-22 16:21:00+00:00,8149.0,8149.0,8147.0,8148.5,20
2026-09-22 16:22:00+00:00,8148.0,8148.5,8148.0,8148.5,3
2026-09-22 16:23:00+00:00,8148.5,8150.0,8147.5,8147.5,28
2026-09-22 16:24:00+00:00,8147.0,8147.0,8147.0,8147.0,1
2026-09-22 16:25:00+00:00,8147.0,8148.0,8147.0,8147.5,15
2026-09-22 16:26:00+00:00,8147.5,8149.5,8147.5,8148.5,14
2026-09-22 16:27:00+00:00,8149.0,8149.5,8149.0,8149.5,4
2026-09-22 16:28:00+00:00,8149.5,8150.5,8149.5,8150.5,4
2026-09-22 16:29:00+00:00,8150.5,8151.0,8150.5,8151.0,10
2026-09-22 16:30:00+00:00,8150.5,8152.0,8150.5,8152.0,3
2026-09-22 16:31:00+00:00,8152.0,8152.0,8150.5,8151.0,13
2026-09-22 16:32:00+00:00,8150.5,8150.5,8149.0,8149.5,15
2026-09-22 16:33:00+00:00,8149.5,8150.5,8149.5,8150.5,11
2026-09-22 16:34:00+00:00,8151.0,8152.0,8151.0,8152.0,7
2026-09-22 16:35:00+00:00,8151.5,8151.5,8149.5,8149.5,10
2026-09-22 16:36:00+00:00,8149.5,8151.0,8149.5,8151.0,15
2026-09-22 16:37:00+00:00,8151.0,8151.5,8151.0,8151.5,5
2026-09-22 16:38:00+00:00,8151.0,8151.0,8151.0,8151.0,7
2026-09-22 16:39:00+00:00,8151.0,8152.5,8151.0,8152.5,11
2026-09-22 16:40:00+00:00,8153.0,8153.5,8153.0,8153.5,8
2026-09-22 16:41:00+00:00,8153.5,8154.0,8153.5,8153.5,7
2026-09-22 16:42:00+00:00,8153.0,8153.0,8151.0,8151.0,10
2026-09-22 16:44:00+00:00,8152.0,8152.0,8152.0,8152.0,4
2026-09-22 16:45:00+00:00,8152.0,8152.5,8151.5,8152.0,9
2026-09-22 16:46:00+00:00,8152.0,8152.5,8151.5,8152.5,11
2026-09-22 16:47:00+00:00,8152.5,8152.5,8152.0,8152.5,5
2026-09-22 16:48:00+00:00,8152.0,8160.0,8152.0,8155.5,161
2026-09-22 16:49:00+00:00,8155.5,8161.5,8155.0,8161.5,49
2026-09-22 16:50:00+00:00,8160.0,8162.0,8159.0,8160.5,34
2026-09-22 16:51:00+00:00,8161.5,8164.5,8161.0,8163.5,20
2026-09-22 16:52:00+00:00,8162.0,8162.0,8160.0,8160.5,12
2026-09-22 16:53:00+00:00,8160.0,8160.0,8158.0,8158.0,12
2026-09-22 16:54:00+00:00,8158.5,8159.0,8158.0,8158.0,12
2026-09-22 16:55:00+00:00,8158.5,8158.5,8157.0,8157.0,12
2026-09-22 16:56:00+00:00,8157.5,8159.5,8156.0,8156.0,51
2026-09-22 16:57:00+00:00,8156.5,8156.5,8154.5,8155.5,22
2026-09-22 16:58:00+00:00,8155.5,8158.0,8155.5,8158.0,11
2026-09-22 16:59:00+00:00,8157.5,8157.5,8157.0,8157.5,6
2026-09-22 17:00:00+00:00,8156.5,8156.5,8156.0,8156.0,15
2026-09-22 17:01:00+00:00,8156.0,8156.0,8155.0,8155.0,11
2026-09-22 17:02:00+00:00,8155.0,8156.0,8153.0,8154.5,37
2026-09-22 17:03:00+00:00,8154.0,8154.0,8152.0,8152.0,19
2026-09-22 17:04:00+00:00,8153.0,8153.5,8152.0,8152.0,11
2026-09-22 17:05:00+00:00,8152.5,8153.0,8151.5,8152.0,15
2026-09-22 17:06:00+00:00,8153.0,8154.0,8153.0,8154.0,10
2026-09-22 17:07:00+00:00,8153.5,8153.5,8153.5,8153.5,3
2026-09-22 17:08:00+00:00,8152.0,8152.0,8151.5,8151.5,3
2026-09-22 17:09:00+00:00,8152.0,8152.0,8151.5,8151.5,5
2026-09-22 17:10:00+00:00,8153.0,8153.0,8152.5,8152.5,4
2026-09-22 17:11:00+00:00,8152.5,8153.5,8152.5,8153.5,5
2026-09-22 17:12:00+00:00,8153.0,8153.0,8152.0,8152.0,6
2026-09-22 17:13:00+00:00,8151.5,8151.5,8151.5,8151.5,1
2026-09-22 17:14:00+00:00,8152.0,8152.0,8150.5,8150.5,9
2026-09-22 17:15:00+00:00,8150.0,8151.0,8149.5,8151.0,20
2026-09-22 17:16:00+00:00,8150.5,8150.5,8149.5,8149.5,5
2026-09-22 17:17:00+00:00,8149.0,8149.5,8149.0,8149.5,3
2026-09-22 17:18:00+00:00,8149.5,8149.5,8149.5,8149.5,1
2026-09-22 17:19:00+00:00,8149.0,8149.0,8148.5,8149.0,19
2026-09-22 17:20:00+00:00,8149.0,8149.5,8149.0,8149.0,13
2026-09-22 17:21:00+00:00,8148.5,8148.5,8148.0,8148.0,10
2026-09-22 17:22:00+00:00,8147.5,8147.5,8146.5,8147.0,7
2026-09-22 17:23:00+00:00,8147.0,8148.0,8147.0,8148.0,11
2026-09-22 17:24:00+00:00,8148.0,8148.5,8148.0,8148.5,2
2026-09-22 17:25:00+00:00,8148.5,8148.5,8148.0,8148.5,7
2026-09-22 17:26:00+00:00,8149.5,8149.5,8149.5,8149.5,2
2026-09-22 17:27:00+00:00,8149.5,8150.5,8149.0,8150.5,12
2026-09-22 17:28:00+00:00,8150.0,8150.5,8149.0,8149.5,23
2026-09-22 17:29:00+00:00,8149.5,8151.0,8149.5,8151.0,3
2026-09-22 17:30:00+00:00,8150.5,8150.5,8149.5,8150.5,7
2026-09-22 17:31:00+00:00,8150.5,8150.5,8150.0,8150.0,6
2026-09-22 17:32:00+00:00,8149.5,8149.5,8149.5,8149.5,3
2026-09-22 17:33:00+00:00,8149.5,8149.5,8149.0,8149.0,21
2026-09-22 17:34:00+00:00,8148.5,8149.0,8148.0,8148.0,10
2026-09-22 17:35:00+00:00,8148.5,8148.5,8147.5,8148.5,8
2026-09-22 17:36:00+00:00,8149.0,8149.5,8148.5,8148.5,6
2026-09-22 17:37:00+00:00,8149.0,8149.0,8149.0,8149.0,4
2026-09-22 17:38:00+00:00,8149.5,8150.5,8148.5,8148.5,11
2026-09-22 17:39:00+00:00,8148.0,8149.0,8148.0,8148.0,11
2026-09-22 17:40:00+00:00,8147.0,8148.0,8147.0,8147.5,10
2026-09-22 17:41:00+00:00,8148.0,8148.5,8148.0,8148.5,6
2026-09-22 17:42:00+00:00,8148.5,8150.0,8148.5,8150.0,6
2026-09-22 17:43:00+00:00,8150.0,8150.0,8150.0,8150.0,7
2026-09-22 17:44:00+00:00,8150.5,8151.0,8150.5,8151.0,2
2026-09-22 17:45:00+00:00,8151.5,8153.5,8151.5,8153.5,8
2026-09-22 17:46:00+00:00,8153.5,8153.5,8153.0,8153.0,3
2026-09-22 17:47:00+00:00,8152.5,8152.5,8151.5,8152.0,14
2026-09-22 17:49:00+00:00,8152.0,8152.5,8152.0,8152.5,9
2026-09-22 17:50:00+00:00,8152.5,8153.0,8150.5,8151.5,50
2026-09-22 17:51:00+00:00,8152.0,8152.5,8152.0,8152.5,10
2026-09-22 17:52:00+00:00,8152.5,8164.0,8152.5,8161.5,251
2026-09-22 17:53:00+00:00,8161.0,8161.0,8158.0,8160.0,32
2026-09-22 17:54:00+00:00,8159.0,8170.0,8159.0,8165.5,66
2026-09-22 17:55:00+00:00,8166.0,8168.5,8165.5,8167.5,12
2026-09-22 17:56:00+00:00,8167.5,8168.5,8166.5,8167.0,12
2026-09-22 17:57:00+00:00,8167.5,8167.5,8166.5,8167.0,18
2026-09-22 17:58:00+00:00,8167.0,8168.5,8167.0,8167.5,14
2026-09-22 17:59:00+00:00,8168.0,8168.5,8168.0,8168.0,16
2026-09-22 18:00:00+00:00,8169.0,8169.0,8167.0,8168.5,20
2026-09-22 18:01:00+00:00,8166.5,8166.5,8164.5,8166.0,12
2026-09-22 18:02:00+00:00,8165.5,8166.5,8165.0,8166.5,3
2026-09-22 18:03:00+00:00,8166.5,8167.0,8165.5,8166.5,15
2026-09-22 18:04:00+00:00,8167.0,8170.5,8167.0,8168.5,27
2026-09-22 18:05:00+00:00,8168.5,8171.0,8168.5,8170.5,10
2026-09-22 18:06:00+00:00,8170.5,8170.5,8170.5,8170.5,2
2026-09-22 18:07:00+00:00,8170.0,8170.0,8167.5,8168.0,7
2026-09-22 18:08:00+00:00,8168.0,8169.5,8168.0,8169.5,4
2026-09-22 18:10:00+00:00,8171.0,8171.5,8170.5,8171.5,4
2026-09-22 18:11:00+00:00,8172.0,8172.5,8171.0,8171.0,37
2026-09-22 18:12:00+00:00,8171.0,8171.0,8171.0,8171.0,2
2026-09-22 18:13:00+00:00,8170.5,8170.5,8169.0,8169.0,9
2026-09-22 18:14:00+00:00,8169.0,8169.5,8168.5,8169.5,15
2026-09-22 18:15:00+00:00,8170.0,8171.0,8170.0,8170.5,4
2026-09-22 18:16:00+00:00,8171.0,8172.0,8170.5,8170.5,6
2026-09-22 18:17:00+00:00,8171.0,8171.0,8170.5,8170.5,2
2026-09-22 18:18:00+00:00,8171.0,8171.0,8171.0,8171.0,3
2026-09-22 18:19:00+00:00,8170.5,8170.5,8170.5,8170.5,4
2026-09-22 18:20:00+00:00,8169.5,8171.0,8169.5,8171.0,12
2026-09-22 18:21:00+00:00,8171.5,8171.5,8168.5,8169.0,22
2026-09-22 18:22:00+00:00,8169.5,8169.5,8168.5,8169.0,5
2026-09-22 18:23:00+00:00,8169.5,8169.5,8168.5,8168.5,6
2026-09-22 18:24:00+00:00,8169.0,8169.0,8168.5,8168.5,2
2026-09-22 18:25:00+00:00,8170.0,8171.0,8169.0,8169.0,6
2026-09-22 18:26:00+00:00,8169.5,8171.0,8169.5,8169.5,5
2026-09-22 18:27:00+00:00,8169.0,8170.0,8169.0,8169.5,7
2026-09-22 18:28:00+00:00,8168.5,8169.0,8168.0,8168.5,20
2026-09-22 18:29:00+00:00,8168.5,8168.5,8167.0,8167.5,9
2026-09-22 18:30:00+00:00,8167.0,8167.0,8166.5,8167.0,6
2026-09-22 18:31:00+00:00,8168.0,8169.0,8168.0,8168.5,6
2026-09-22 18:32:00+00:00,8168.5,8169.0,8168.5,8168.5,9
2026-09-22 18:33:00+00:00,8168.5,8168.5,8168.0,8168.0,6
2026-09-22 18:34:00+00:00,8167.0,8167.0,8166.0,8166.0,7
2026-09-22 18:35:00+00:00,8165.5,8165.5,8165.0,8165.0,2
2026-09-22 18:36:00+00:00,8164.5,8166.0,8163.5,8165.5,19
2026-09-22 18:37:00+00:00,8165.5,8166.0,8165.0,8166.0,9
2026-09-22 18:38:00+00:00,8166.0,8166.0,8166.0,8166.0,1
2026-09-22 18:39:00+00:00,8166.5,8166.5,8166.0,8166.0,9
2026-09-22 18:41:00+00:00,8167.0,8167.0,8163.0,8164.5,30
2026-09-22 18:42:00+00:00,8165.0,8166.5,8165.0,8165.5,28
2026-09-22 18:43:00+00:00,8165.0,8165.5,8165.0,8165.5,5
2026-09-22 18:44:00+00:00,8166.0,8167.0,8166.0,8166.5,4
2026-09-22 18:45:00+00:00,8167.5,8169.0,8167.5,8169.0,6
2026-09-22 18:46:00+00:00,8168.5,8169.0,8167.5,8168.0,9
2026-09-22 18:47:00+00:00,8168.0,8168.0,8167.0,8167.0,4
2026-09-22 18:48:00+00:00,8167.0,8167.0,8165.5,8165.5,16
2026-09-22 18:49:00+00:00,8165.5,8166.0,8165.5,8166.0,3
2026-09-22 18:50:00+00:00,8166.0,8166.0,8165.5,8165.5,2
2026-09-22 18:51:00+00:00,8165.5,8165.5,8165.0,8165.0,6
2026-09-22 18:52:00+00:00,8166.0,8167.0,8166.0,8166.5,6
2026-09-22 18:53:00+00:00,8166.0,8166.0,8165.5,8166.0,10
2026-09-22 18:54:00+00:00,8166.5,8167.0,8166.5,8167.0,4
2026-09-22 18:55:00+00:00,8166.5,8166.5,8166.5,8166.5,1
2026-09-22 18:56:00+00:00,8166.5,8166.5,8166.5,8166.5,7
2026-09-22 18:57:00+00:00,8166.0,8166.0,8165.0,8166.0,16
2026-09-22 18:58:00+00:00,8166.0,8166.5,8165.5,8166.0,10
2026-09-22 18:59:00+00:00,8166.0,8167.5,8166.0,8167.5,17
2026-09-22 19:00:00+00:00,8167.5,8168.5,8166.5,8168.5,23
2026-09-22 19:01:00+00:00,8168.0,8168.0,8167.0,8167.5,16
2026-09-22 19:02:00+00:00,8167.0,8167.0,8165.0,8165.5,15
2026-09-22 19:03:00+00:00,8165.0,8165.5,8165.0,8165.5,2
2026-09-22 19:04:00+00:00,8165.5,8165.5,8165.5,8165.5,2
2026-09-22 19:05:00+00:00,8166.0,8166.5,8166.0,8166.0,8
2026-09-22 19:06:00+00:00,8166.5,8168.0,8166.0,8167.0,24
2026-09-22 19:07:00+00:00,8167.0,8167.0,8166.0,8166.0,3
2026-09-22 19:08:00+00:00,8165.5,8166.5,8165.5,8166.5,3
2026-09-22 19:09:00+00:00,8166.0,8166.0,8165.5,8165.5,2
2026-09-22 19:10:00+00:00,8166.0,8167.0,8166.0,8167.0,6
2026-09-22 19:11:00+00:00,8167.0,8167.5,8166.0,8166.5,20
2026-09-22 19:12:00+00:00,8167.0,8168.0,8167.0,8168.0,6
2026-09-22 19:13:00+00:00,8168.5,8169.0,8168.5,8169.0,3
2026-09-22 19:14:00+00:00,8169.5,8170.0,8169.5,8169.5,4
2026-09-22 19:15:00+00:00,8169.5,8169.5,8168.5,8168.5,5
2026-09-22 19:16:00+00:00,8168.5,8169.0,8168.5,8168.5,5
2026-09-22 19:17:00+00:00,8168.0,8169.5,8167.5,8169.5,16
2026-09-22 19:18:00+00:00,8170.0,8170.5,8170.0,8170.5,3
2026-09-22 19:19:00+00:00,8171.0,8171.0,8170.5,8170.5,7
2026-09-22 19:20:00+00:00,8170.5,8170.5,8169.0,8169.0,11
2026-09-22 19:21:00+00:00,8168.5,8168.5,8168.0,8168.5,4
2026-09-22 19:22:00+00:00,8168.0,8168.0,8167.0,8167.0,4
2026-09-22 19:23:00+00:00,8167.0,8167.0,8166.0,8166.5,5
2026-09-22 19:24:00+00:00,8166.5,8169.0,8166.5,8167.0,44
2026-09-22 19:25:00+00:00,8166.5,8172.5,8166.5,8170.5,107
2026-09-22 19:26:00+00:00,8170.0,8170.0,8168.5,8168.5,10
2026-09-22 19:27:00+00:00,8168.5,8169.5,8167.5,8168.0,43
2026-09-22 19:28:00+00:00,8168.5,8170.0,8168.5,8170.0,7
2026-09-22 19:29:00+00:00,8169.5,8170.0,8169.0,8170.0,9
2026-09-22 19:30:00+00:00,8171.0,8171.0,8171.0,8171.0,3
2026-09-22 19:31:00+00:00,8171.5,8172.0,8170.5,8172.0,7
2026-09-22 19:32:00+00:00,8173.0,8177.5,8173.0,8177.0,60
2026-09-22 19:33:00+00:00,8177.0,8177.0,8176.5,8176.5,10
2026-09-22 19:34:00+00:00,8177.5,8180.5,8176.5,8180.0,40
2026-09-22 19:35:00+00:00,8180.0,8181.0,8179.5,8180.5,41
2026-09-22 19:36:00+00:00,8179.5,8179.5,8178.0,8178.5,36
2026-09-22 19:37:00+00:00,8179.0,8181.0,8178.0,8181.0,22
2026-09-22 19:38:00+00:00,8180.0,8180.0,8177.0,8179.5,38
2026-09-22 19:39:00+00:00,8180.0,8182.0,8179.0,8181.5,24
2026-09-22 19:40:00+00:00,8181.0,8181.5,8180.5,8180.5,8
2026-09-22 19:41:00+00:00,8180.5,8181.5,8178.0,8178.0,10
2026-09-22 19:42:00+00:00,8177.0,8177.0,8176.5,8177.0,3
2026-09-22 19:43:00+00:00,8177.0,8177.5,8177.0,8177.5,4
2026-09-22 19:44:00+00:00,8177.5,8178.5,8177.0,8178.5,14
2026-09-22 19:45:00+00:00,8179.5,8181.0,8179.5,8180.5,6
2026-09-22 19:46:00+00:00,8181.0,8181.0,8181.0,8181.0,1
2026-09-22 19:47:00+00:00,8180.0,8181.5,8180.0,8181.5,7
2026-09-22 19:48:00+00:00,8181.5,8181.5,8180.5,8180.5,5
2026-09-22 19:49:00+00:00,8180.5,8180.5,8178.0,8178.5,27
2026-09-22 19:50:00+00:00,8178.5,8178.5,8175.0,8175.0,14
2026-09-22 19:51:00+00:00,8175.0,8175.5,8175.0,8175.5,9
2026-09-22 19:52:00+00:00,8175.5,8176.0,8175.0,8176.0,7
2026-09-22 19:53:00+00:00,8175.5,8175.5,8172.0,8172.0,28
2026-09-22 19:54:00+00:00,8172.5,8172.5,8171.0,8171.5,17
2026-09-22 19:55:00+00:00,8171.5,8171.5,8169.0,8170.0,42
2026-09-22 19:56:00+00:00,8170.5,8172.5,8169.5,8170.0,16
2026-09-22 19:57:00+00:00,8171.0,8172.0,8170.5,8171.5,15
2026-09-22 19:58:00+00:00,8171.5,8173.0,8169.5,8169.5,35
2026-09-22 19:59:00+00:00,8170.0,8172.0,8169.5,8171.5,28
2026-09-23 06:00:00+00:00,8173.5,8173.5,8166.0,8169.5,142
2026-09-23 06:01:00+00:00,8169.5,8170.0,8167.5,8167.5,49
2026-09-23 06:02:00+00:00,8169.5,8171.5,8168.5,8171.5,15
2026-09-23 06:03:00+00:00,8172.5,8172.5,8170.5,8171.0,10
2026-09-23 06:04:00+00:00,8171.5,8171.5,8169.0,8170.0,18
2026-09-23 06:05:00+00:00,8169.0,8170.0,8168.5,8170.0,8
2026-09-23 06:06:00+00:00,8170.0,8174.5,8169.5,8174.5,8
2026-09-23 06:07:00+00:00,8173.5,8173.5,8172.0,8172.0,4
2026-09-23 06:08:00+00:00,8171.0,8172.0,8170.5,8171.0,8
2026-09-23 06:09:00+00:00,8170.0,8170.0,8168.0,8168.5,26
2026-09-23 06:10:00+00:00,8170.0,8171.5,8170.0,8171.5,12
2026-09-23 06:11:00+00:00,8171.5,8172.0,8170.0,8170.5,25
2026-09-23 06:12:00+00:00,8170.5,8171.0,8170.5,8171.0,3
2026-09-23 06:13:00+00:00,8172.0,8174.5,8172.0,8174.5,3
2026-09-23 06:14:00+00:00,8173.5,8173.5,8173.5,8173.5,1
2026-09-23 06:15:00+00:00,8173.0,8174.0,8172.5,8174.0,7
2026-09-23 06:16:00+00:00,8173.5,8176.0,8173.0,8176.0,29
2026-09-23 06:17:00+00:00,8175.5,8175.5,8175.0,8175.5,3
2026-09-23 06:18:00+00:00,8175.0,8175.0,8173.5,8175.0,4
2026-09-23 06:19:00+00:00,8174.0,8174.0,8172.5,8172.5,5
2026-09-23 06:20:00+00:00,8173.0,8173.0,8169.0,8169.0,26
2026-09-23 06:21:00+00:00,8168.5,8169.5,8165.0,8165.5,125
2026-09-23 06:22:00+00:00,8165.5,8169.5,8165.5,8169.5,11
2026-09-23 06:23:00+00:00,8170.5,8170.5,8169.0,8170.0,7
2026-09-23 06:24:00+00:00,8170.5,8170.5,8170.5,8170.5,2
2026-09-23 06:25:00+00:00,8172.0,8172.0,8170.5,8171.0,9
2026-09-23 06:26:00+00:00,8171.5,8173.0,8171.5,8173.0,7
2026-09-23 06:27:00+00:00,8173.0,8175.5,8171.5,8175.0,24
2026-09-23 06:28:00+00:00,8173.5,8174.0,8173.0,8173.5,10
2026-09-23 06:29:00+00:00,8173.5,8174.0,8172.5,8174.0,10
2026-09-23 06:30:00+00:00,8174.5,8175.0,8174.5,8174.5,8
2026-09-23 06:31:00+00:00,8176.5,8178.0,8176.5,8178.0,10
2026-09-23 06:32:00+00:00,8176.0,8177.5,8176.0,8177.5,4
2026-09-23 06:33:00+00:00,8178.5,8179.5,8178.0,8179.0,15
2026-09-23 06:34:00+00:00,8178.0,8179.0,8178.0,8178.5,13
2026-09-23 06:35:00+00:00,8179.5,8179.5,8176.5,8178.5,23
2026-09-23 06:36:00+00:00,8179.0,8181.0,8179.0,8181.0,7
2026-09-23 06:37:00+00:00,8181.0,8183.0,8181.0,8182.5,13
2026-09-23 06:38:00+00:00,8182.0,8182.0,8182.0,8182.0,2
2026-09-23 06:39:00+00:00,8181.5,8181.5,8180.0,8180.0,14
2026-09-23 06:40:00+00:00,8179.5,8180.5,8179.5,8180.5,6
2026-09-23 06:41:00+00:00,8180.0,8180.0,8179.0,8179.0,14
2026-09-23 06:42:00+00:00,8178.5,8182.0,8178.5,8182.0,8
2026-09-23 06:43:00+00:00,8182.0,8183.5,8181.5,8182.0,9
2026-09-23 06:44:00+00:00,8183.0,8184.0,8183.0,8183.5,4
2026-09-23 06:45:00+00:00,8182.0,8182.0,8178.5,8178.5,12
2026-09-23 06:46:00+00:00,8178.0,8179.0,8178.0,8179.0,3
2026-09-23 06:47:00+00:00,8178.5,8180.5,8178.5,8180.5,22
2026-09-23 06:48:00+00:00,8181.0,8181.0,8180.0,8180.0,3
2026-09-23 06:49:00+00:00,8180.5,8180.5,8180.5,8180.5,1
2026-09-23 06:50:00+00:00,8180.5,8181.0,8179.5,8179.5,4
2026-09-23 06:51:00+00:00,8179.0,8180.0,8179.0,8180.0,4
2026-09-23 06:52:00+00:00,8179.0,8179.0,8178.5,8178.5,5
2026-09-23 06:53:00+00:00,8178.0,8178.0,8176.5,8176.5,13
2026-09-23 06:54:00+00:00,8176.5,8176.5,8175.0,8176.5,12
2026-09-23 06:55:00+00:00,8176.0,8176.0,8174.5,8174.5,17
2026-09-23 06:56:00+00:00,8175.5,8175.5,8171.5,8171.5,26
2026-09-23 06:57:00+00:00,8171.5,8172.5,8170.0,8171.5,17
2026-09-23 06:58:00+00:00,8173.0,8173.0,8169.5,8171.0,12
2026-09-23 06:59:00+00:00,8170.0,8170.0,8164.0,8164.0,89
2026-09-23 07:00:00+00:00,8165.0,8180.5,8163.5,8173.5,727
2026-09-23 07:01:00+00:00,8173.0,8181.5,8172.0,8178.0,244
2026-09-23 07:02:00+00:00,8177.5,8185.0,8177.5,8180.0,219
2026-09-23 07:03:00+00:00,8181.0,8182.5,8177.5,8181.0,106
2026-09-23 07:04:00+00:00,8182.0,8186.5,8182.0,8185.5,110
2026-09-23 07:05:00+00:00,8186.0,8187.0,8183.5,8185.0,183
2026-09-23 07:06:00+00:00,8185.5,8190.5,8185.0,8186.0,162
2026-09-23 07:07:00+00:00,8185.5,8187.0,8182.5,8184.5,76
2026-09-23 07:08:00+00:00,8185.0,8187.0,8183.5,8184.0,102
2026-09-23 07:09:00+00:00,8183.5,8183.5,8179.0,8181.0,66
2026-09-23 07:10:00+00:00,8180.0,8181.5,8177.0,8180.0,88
2026-09-23 07:11:00+00:00,8180.0,8181.0,8178.0,8178.0,99
2026-09-23 07:12:00+00:00,8178.0,8178.5,8176.5,8176.5,46
2026-09-23 07:13:00+00:00,8176.0,8177.0,8174.0,8174.5,75
2026-09-23 07:14:00+00:00,8174.5,8180.0,8174.5,8179.5,57
2026-09-23 07:15:00+00:00,8178.5,8181.5,8176.5,8179.5,90
2026-09-23 07:16:00+00:00,8180.0,8181.5,8178.0,8179.0,63
2026-09-23 07:17:00+00:00,8179.0,8179.0,8173.0,8173.5,48
2026-09-23 07:18:00+00:00,8173.5,8173.5,8170.5,8173.0,120
2026-09-23 07:19:00+00:00,8174.0,8174.0,8171.0,8172.0,54
2026-09-23 07:20:00+00:00,8171.5,8173.5,8169.5,8173.5,65
2026-09-23 07:21:00+00:00,8173.5,8174.0,8171.5,8173.0,50
2026-09-23 07:22:00+00:00,8172.5,8174.0,8169.5,8172.5,134
2026-09-23 07:23:00+00:00,8173.0,8173.5,8169.5,8171.5,106
2026-09-23 07:24:00+00:00,8171.5,8172.0,8169.5,8172.0,65
2026-09-23 07:25:00+00:00,8172.0,8175.0,8172.0,8173.5,53
2026-09-23 07:26:00+00:00,8173.5,8178.0,8173.5,8176.5,55
2026-09-23 07:27:00+00:00,8176.5,8181.5,8175.5,8181.0,71
2026-09-23 07:28:00+00:00,8182.0,8185.0,8182.0,8182.5,39
2026-09-23 07:29:00+00:00,8183.5,8188.0,8181.5,8187.5,136
2026-09-23 07:30:00+00:00,8187.5,8187.5,8184.0,8185.0,123
2026-09-23 07:31:00+00:00,8185.5,8186.5,8180.0,8180.0,101
2026-09-23 07:32:00+00:00,8179.5,8180.0,8177.0,8177.0,93
2026-09-23 07:33:00+00:00,8177.0,8177.5,8174.5,8176.5,131
2026-09-23 07:34:00+00:00,8176.5,8176.5,8174.0,8175.5,59
2026-09-23 07:35:00+00:00,8175.0,8176.0,8173.5,8174.0,34
2026-09-23 07:36:00+00:00,8174.0,8175.0,8171.5,8171.5,66
2026-09-23 07:37:00+00:00,8172.5,8172.5,8171.0,8172.0,109
2026-09-23 07:38:00+00:00,8172.5,8175.5,8172.5,8175.0,35
2026-09-23 07:39:00+00:00,8175.5,8176.5,8174.0,8174.0,50
2026-09-23 07:40:00+00:00,8174.5,8176.0,8172.5,8173.5,98
2026-09-23 07:41:00+00:00,8173.5,8175.5,8172.5,8175.5,34
2026-09-23 07:42:00+00:00,8175.0,8178.0,8174.5,8177.0,42
2026-09-23 07:43:00+00:00,8176.5,8179.5,8175.5,8179.0,108
2026-09-23 07:44:00+00:00,8178.5,8180.5,8178.5,8179.5,49
2026-09-23 07:45:00+00:00,8180.0,8181.5,8179.5,8180.5,39
2026-09-23 07:46:00+00:00,8180.0,8182.0,8180.0,8181.0,34
2026-09-23 07:47:00+00:00,8180.5,8185.0,8180.5,8182.5,97
2026-09-23 07:48:00+00:00,8183.0,8184.5,8183.0,8184.5,37
2026-09-23 07:49:00+00:00,8184.0,8186.5,8184.0,8186.5,24
2026-09-23 07:50:00+00:00,8185.5,8188.5,8185.5,8187.0,88
2026-09-23 07:51:00+00:00,8187.0,8190.0,8187.0,8190.0,36
2026-09-23 07:52:00+00:00,8189.0,8190.0,8186.0,8186.5,41
2026-09-23 07:53:00+00:00,8187.0,8187.0,8181.5,8181.5,128
2026-09-23 07:54:00+00:00,8182.5,8183.0,8180.5,8180.5,31
2026-09-23 07:55:00+00:00,8181.5,8183.5,8181.5,8182.5,28
2026-09-23 07:56:00+00:00,8182.0,8183.0,8181.5,8183.0,33
2026-09-23 07:57:00+00:00,8182.5,8186.0,8182.5,8183.5,25
2026-09-23 07:58:00+00:00,8183.0,8183.0,8180.0,8181.5,37
2026-09-23 07:59:00+00:00,8182.5,8183.0,8182.0,8182.0,8
2026-09-23 08:00:00+00:00,8182.5,8183.5,8178.5,8178.5,31
2026-09-23 08:01:00+00:00,8179.0,8181.5,8178.0,8178.0,31
2026-09-23 08:02:00+00:00,8178.5,8179.5,8177.0,8177.0,34
2026-09-23 08:03:00+00:00,8176.5,8176.5,8169.5,8169.5,210
2026-09-23 08:04:00+00:00,8170.5,8171.0,8169.0,8169.5,20
2026-09-23 08:05:00+00:00,8168.5,8169.5,8167.0,8168.0,65
2026-09-23 08:06:00+00:00,8166.5,8168.0,8165.5,8167.0,30
2026-09-23 08:07:00+00:00,8167.5,8173.0,8167.5,8173.0,33
2026-09-23 08:08:00+00:00,8172.5,8172.5,8168.0,8169.5,33
2026-09-23 08:09:00+00:00,8170.0,8171.0,8169.5,8170.5,18
2026-09-23 08:10:00+00:00,8170.5,8171.5,8170.5,8171.0,23
2026-09-23 08:11:00+00:00,8170.0,8171.0,8169.5,8170.0,18
2026-09-23 08:12:00+00:00,8170.5,8176.5,8170.5,8176.5,25
2026-09-23 08:13:00+00:00,8175.0,8175.0,8170.5,8171.0,9
2026-09-23 08:14:00+00:00,8170.5,8170.5,8167.0,8168.0,28
2026-09-23 08:15:00+00:00,8168.0,8168.0,8163.5,8163.5,44
2026-09-23 08:16:00+00:00,8163.5,8163.5,8161.5,8163.0,62
2026-09-23 08:17:00+00:00,8163.0,8163.0,8159.5,8161.5,57
2026-09-23 08:18:00+00:00,8161.5,8162.0,8161.0,8161.5,27
2026-09-23 08:19:00+00:00,8161.0,8164.5,8161.0,8164.5,27
2026-09-23 08:20:00+00:00,8164.5,8164.5,8162.5,8164.0,41
2026-09-23 08:21:00+00:00,8164.5,8165.0,8163.0,8164.5,35
2026-09-23 08:22:00+00:00,8163.5,8166.0,8163.5,8165.5,40
2026-09-23 08:23:00+00:00,8164.5,8164.5,8163.0,8164.0,32
2026-09-23 08:24:00+00:00,8163.5,8166.0,8162.5,8165.5,45
2026-09-23 08:25:00+00:00,8165.5,8166.5,8164.5,8164.5,40
2026-09-23 08:26:00+00:00,8164.5,8165.0,8161.5,8161.5,30
2026-09-23 08:27:00+00:00,8162.0,8162.5,8161.0,8161.0,21
2026-09-23 08:28:00+00:00,8160.0,8164.0,8159.0,8163.0,50
2026-09-23 08:29:00+00:00,8163.5,8166.5,8163.5,8165.5,44
2026-09-23 08:30:00+00:00,8163.5,8167.0,8163.5,8164.5,42
2026-09-23 08:31:00+00:00,8165.0,8165.0,8163.0,8163.0,35
2026-09-23 08:32:00+00:00,8162.5,8163.5,8162.0,8162.0,38
2026-09-23 08:33:00+00:00,8162.5,8164.0,8162.0,8164.0,26
2026-09-23 08:34:00+00:00,8163.5,8164.5,8163.5,8164.5,16
2026-09-23 08:35:00+00:00,8164.0,8165.0,8161.5,8161.5,29
2026-09-23 08:36:00+00:00,8162.0,8163.0,8161.5,8161.5,24
2026-09-23 08:37:00+00:00,8161.0,8161.0,8158.5,8159.0,46
2026-09-23 08:38:00+00:00,8158.0,8158.0,8156.0,8157.5,42
2026-09-23 08:39:00+00:00,8158.0,8159.0,8158.0,8159.0,21
2026-09-23 08:40:00+00:00,8158.0,8158.0,8156.5,8157.0,22
2026-09-23 08:41:00+00:00,8157.5,8158.0,8154.5,8158.0,56
2026-09-23 08:42:00+00:00,8157.0,8157.5,8155.0,8155.0,17
2026-09-23 08:43:00+00:00,8154.0,8154.0,8151.0,8152.0,46
2026-09-23 08:44:00+00:00,8152.0,8152.5,8151.0,8152.5,27
2026-09-23 08:45:00+00:00,8153.0,8153.0,8152.0,8152.5,45
2026-09-23 08:46:00+00:00,8153.0,8153.0,8151.0,8151.0,28
2026-09-23 08:47:00+00:00,8151.0,8151.5,8148.5,8149.0,26
2026-09-23 08:48:00+00:00,8148.5,8151.5,8148.0,8151.5,33
2026-09-23 08:49:00+00:00,8151.5,8151.5,8148.5,8149.0,13
2026-09-23 08:50:00+00:00,8149.0,8150.0,8149.0,8149.5,20
2026-09-23 08:51:00+00:00,8148.5,8149.0,8148.5,8149.0,8
2026-09-23 08:52:00+00:00,8148.0,8148.5,8146.5,8147.5,24
2026-09-23 08:53:00+00:00,8147.5,8152.0,8147.5,8152.0,28
2026-09-23 08:54:00+00:00,8150.5,8153.5,8150.5,8153.5,14
2026-09-23 08:55:00+00:00,8154.0,8155.0,8153.5,8154.5,14
2026-09-23 08:56:00+00:00,8154.5,8154.5,8151.5,8152.0,37
2026-09-23 08:57:00+00:00,8152.0,8156.5,8152.0,8155.5,49
2026-09-23 08:58:00+00:00,8155.0,8155.5,8154.5,8155.0,31
2026-09-23 08:59:00+00:00,8155.0,8155.0,8153.0,8153.0,23
2026-09-23 09:00:00+00:00,8153.5,8154.0,8151.0,8151.0,25
2026-09-23 09:01:00+00:00,8151.5,8152.0,8150.5,8151.0,40
2026-09-23 09:02:00+00:00,8151.0,8151.5,8148.5,8151.0,49
2026-09-23 09:03:00+00:00,8150.5,8152.0,8149.5,8149.5,15
2026-09-23 09:04:00+00:00,8149.5,8149.5,8147.5,8148.5,24
2026-09-23 09:05:00+00:00,8148.0,8148.5,8146.0,8147.0,26
2026-09-23 09:06:00+00:00,8146.0,8147.5,8145.0,8147.0,22
2026-09-23 09:07:00+00:00,8146.5,8150.0,8146.5,8150.0,38
2026-09-23 09:08:00+00:00,8149.5,8150.5,8147.5,8150.5,21
2026-09-23 09:09:00+00:00,8151.0,8151.0,8149.0,8150.5,34
2026-09-23 09:10:00+00:00,8150.0,8150.0,8146.0,8147.5,35
2026-09-23 09:11:00+00:00,8146.5,8146.5,8143.5,8144.5,61
2026-09-23 09:12:00+00:00,8144.0,8146.0,8144.0,8146.0,31
2026-09-23 09:13:00+00:00,8146.0,8146.5,8145.0,8146.5,22
2026-09-23 09:14:00+00:00,8146.0,8148.0,8144.5,8148.0,70
2026-09-23 09:15:00+00:00,8147.5,8147.5,8143.5,8143.5,29
2026-09-23 09:16:00+00:00,8143.5,8147.0,8143.0,8147.0,27
2026-09-23 09:17:00+00:00,8147.0,8147.5,8145.5,8145.5,25
2026-09-23 09:18:00+00:00,8146.5,8148.0,8146.5,8147.5,9
2026-09-23 09:19:00+00:00,8146.5,8150.5,8146.5,8150.5,17
2026-09-23 09:20:00+00:00,8150.5,8150.5,8147.5,8148.0,21
2026-09-23 09:21:00+00:00,8148.5,8150.5,8148.5,8150.5,15
2026-09-23 09:22:00+00:00,8150.0,8151.5,8149.0,8151.0,25
2026-09-23 09:23:00+00:00,8151.5,8153.0,8151.5,8153.0,6
2026-09-23 09:24:00+00:00,8152.0,8152.0,8151.0,8152.0,22
2026-09-23 09:25:00+00:00,8151.5,8152.5,8151.0,8151.5,58
2026-09-23 09:26:00+00:00,8151.5,8152.5,8150.5,8150.5,25
2026-09-23 09:27:00+00:00,8150.0,8150.0,8149.0,8149.0,15
2026-09-23 09:28:00+00:00,8149.0,8149.0,8146.0,8146.0,27
2026-09-23 09:29:00+00:00,8146.5,8146.5,8143.5,8143.5,67
2026-09-23 09:30:00+00:00,8143.5,8146.0,8142.5,8146.0,34
2026-09-23 09:31:00+00:00,8146.5,8147.0,8145.5,8147.0,27
2026-09-23 09:32:00+00:00,8146.5,8146.5,8143.0,8145.5,91
2026-09-23 09:33:00+00:00,8145.5,8145.5,8142.0,8143.5,18
2026-09-23 09:34:00+00:00,8143.0,8143.0,8140.5,8141.5,34
2026-09-23 09:35:00+00:00,8141.0,8144.0,8141.0,8143.0,35
2026-09-23 09:36:00+00:00,8142.5,8145.0,8142.5,8145.0,13
2026-09-23 09:37:00+00:00,8146.0,8146.0,8143.0,8143.0,16
2026-09-23 09:38:00+00:00,8143.0,8144.0,8143.0,8144.0,17
2026-09-23 09:39:00+00:00,8143.0,8143.5,8142.5,8142.5,8
2026-09-23 09:40:00+00:00,8142.0,8142.0,8138.5,8138.5,33
2026-09-23 09:41:00+00:00,8139.5,8140.5,8137.0,8140.0,57
2026-09-23 09:42:00+00:00,8139.5,8140.5,8139.0,8140.0,25
2026-09-23 09:43:00+00:00,8139.0,8140.0,8139.0,8139.5,15
2026-09-23 09:44:00+00:00,8139.0,8139.5,8138.5,8139.5,12
2026-09-23 09:45:00+00:00,8138.5,8138.5,8137.0,8137.0,15
2026-09-23 09:46:00+00:00,8137.5,8137.5,8136.5,8137.0,10
2026-09-23 09:47:00+00:00,8136.0,8136.0,8135.0,8135.0,23
2026-09-23 09:48:00+00:00,8135.0,8135.0,8132.5,8133.0,48
2026-09-23 09:49:00+00:00,8133.0,8133.5,8132.5,8133.5,14
2026-09-23 09:50:00+00:00,8133.0,8134.0,8133.0,8134.0,17
2026-09-23 09:51:00+00:00,8133.5,8136.5,8133.5,8135.5,14
2026-09-23 09:52:00+00:00,8134.5,8136.5,8134.5,8136.5,20
2026-09-23 09:53:00+00:00,8137.0,8138.5,8137.0,8138.0,10
2026-09-23 09:54:00+00:00,8137.5,8140.0,8137.0,8140.0,12
2026-09-23 09:55:00+00:00,8139.5,8141.0,8139.0,8141.0,14
2026-09-23 09:56:00+00:00,8141.0,8142.0,8139.5,8140.0,35
2026-09-23 09:57:00+00:00,8140.0,8142.5,8140.0,8141.5,18
2026-09-23 09:58:00+00:00,8141.0,8141.5,8139.5,8140.0,22
2026-09-23 09:59:00+00:00,8140.0,8140.5,8140.0,8140.0,3
2026-09-23 10:00:00+00:00,8139.5,8141.5,8139.0,8139.0,37
2026-09-23 10:01:00+00:00,8139.0,8141.0,8139.0,8140.5,26
2026-09-23 10:02:00+00:00,8141.0,8141.0,8138.0,8138.0,19
2026-09-23 10:03:00+00:00,8138.0,8138.0,8136.5,8138.0,11
2026-09-23 10:04:00+00:00,8136.5,8139.0,8136.5,8139.0,18
2026-09-23 10:05:00+00:00,8138.5,8138.5,8137.5,8138.0,10
2026-09-23 10:06:00+00:00,8138.5,8140.0,8138.5,8140.0,17
2026-09-23 10:07:00+00:00,8140.0,8142.5,8140.0,8141.0,23
2026-09-23 10:08:00+00:00,8141.5,8143.0,8141.0,8141.5,25
2026-09-23 10:09:00+00:00,8141.5,8142.5,8140.5,8140.5,12
2026-09-23 10:10:00+00:00,8141.5,8142.0,8139.0,8140.5,25
2026-09-23 10:11:00+00:00,8141.5,8142.0,8141.0,8142.0,6
2026-09-23 10:12:00+00:00,8141.5,8141.5,8140.0,8140.0,14
2026-09-23 10:13:00+00:00,8139.5,8140.0,8138.5,8139.5,15
2026-09-23 10:14:00+00:00,8139.5,8139.5,8138.0,8138.0,27
2026-09-23 10:15:00+00:00,8138.0,8138.0,8137.0,8137.0,8
2026-09-23 10:16:00+00:00,8136.0,8136.5,8135.5,8136.0,12
2026-09-23 10:17:00+00:00,8136.5,8139.5,8136.5,8139.5,6
2026-09-23 10:18:00+00:00,8139.5,8140.0,8138.5,8140.0,14
2026-09-23 10:19:00+00:00,8140.5,8141.0,8140.0,8141.0,20
2026-09-23 10:20:00+00:00,8141.5,8141.5,8137.5,8138.0,22
2026-09-23 10:21:00+00:00,8138.0,8139.0,8138.0,8139.0,14
2026-09-23 10:22:00+00:00,8138.5,8140.0,8137.5,8137.5,20
2026-09-23 10:23:00+00:00,8137.5,8137.5,8134.0,8135.0,12
2026-09-23 10:24:00+00:00,8135.0,8136.5,8135.0,8136.5,14
2026-09-23 10:25:00+00:00,8135.5,8135.5,8135.0,8135.0,7
2026-09-23 10:26:00+00:00,8134.5,8134.5,8134.0,8134.5,9
2026-09-23 10:27:00+00:00,8135.0,8135.0,8134.0,8135.0,11
2026-09-23 10:28:00+00:00,8134.5,8136.5,8134.5,8136.5,12
2026-09-23 10:29:00+00:00,8137.0,8139.0,8136.5,8136.5,19
2026-09-23 10:30:00+00:00,8138.0,8138.5,8137.0,8137.0,15
2026-09-23 10:31:00+00:00,8136.0,8137.5,8135.5,8137.0,28
2026-09-23 10:32:00+00:00,8136.0,8136.5,8135.5,8136.5,13
2026-09-23 10:33:00+00:00,8137.0,8137.5,8133.0,8133.0,21
2026-09-23 10:34:00+00:00,8133.0,8133.0,8130.5,8131.5,57
2026-09-23 10:35:00+00:00,8132.0,8132.0,8129.5,8129.5,25
2026-09-23 10:36:00+00:00,8129.5,8132.5,8129.5,8132.5,31
2026-09-23 10:37:00+00:00,8132.0,8132.0,8131.0,8131.0,8
2026-09-23 10:38:00+00:00,8130.5,8130.5,8130.0,8130.5,10
2026-09-23 10:39:00+00:00,8131.0,8132.0,8131.0,8132.0,18
2026-09-23 10:40:00+00:00,8131.5,8131.5,8130.5,8130.5,19
2026-09-23 10:41:00+00:00,8130.5,8131.0,8130.5,8131.0,15
2026-09-23 10:42:00+00:00,8131.0,8132.0,8131.0,8131.5,27
2026-09-23 10:43:00+00:00,8132.0,8133.0,8131.0,8132.0,12
2026-09-23 10:44:00+00:00,8132.0,8132.0,8131.0,8131.0,9
2026-09-23 10:45:00+00:00,8130.5,8130.5,8129.0,8129.5,11
2026-09-23 10:46:00+00:00,8130.0,8132.0,8130.0,8132.0,14
2026-09-23 10:47:00+00:00,8132.0,8132.5,8131.0,8132.0,24
2026-09-23 10:48:00+00:00,8132.5,8133.0,8132.0,8132.5,17
2026-09-23 10:49:00+00:00,8132.0,8132.5,8132.0,8132.5,10
2026-09-23 10:50:00+00:00,8133.0,8133.5,8130.0,8130.0,21
2026-09-23 10:51:00+00:00,8130.5,8133.0,8130.5,8132.0,30
2026-09-23 10:52:00+00:00,8132.0,8133.5,8132.0,8133.5,16
2026-09-23 10:53:00+00:00,8133.5,8135.0,8133.5,8133.5,27
2026-09-23 10:54:00+00:00,8133.0,8133.0,8132.0,8132.0,14
2026-09-23 10:55:00+00:00,8132.5,8133.0,8131.0,8132.0,39
2026-09-23 10:56:00+00:00,8132.5,8133.0,8131.5,8132.0,27
2026-09-23 10:57:00+00:00,8132.0,8132.0,8130.5,8131.0,16
2026-09-23 10:58:00+00:00,8130.5,8133.0,8130.5,8133.0,16
2026-09-23 10:59:00+00:00,8132.5,8132.5,8131.5,8132.0,19
2026-09-23 11:00:00+00:00,8131.0,8133.0,8130.5,8132.0,107
2026-09-23 11:01:00+00:00,8132.5,8134.0,8130.0,8130.0,58
2026-09-23 11:02:00+00:00,8130.0,8131.5,8129.0,8129.5,28
2026-09-23 11:03:00+00:00,8129.5,8131.5,8129.0,8130.5,57
2026-09-23 11:04:00+00:00,8131.5,8132.0,8129.0,8130.0,19
2026-09-23 11:05:00+00:00,8130.5,8130.5,8129.0,8129.5,40
2026-09-23 11:06:00+00:00,8129.0,8130.5,8129.0,8130.5,21
2026-09-23 11:07:00+00:00,8131.0,8131.5,8130.0,8131.5,20
2026-09-23 11:08:00+00:00,8131.5,8131.5,8130.0,8130.5,19
2026-09-23 11:09:00+00:00,8131.0,8131.0,8129.5,8129.5,32
2026-09-23 11:10:00+00:00,8129.5,8130.5,8128.0,8130.5,63
2026-09-23 11:11:00+00:00,8130.0,8132.0,8129.0,8132.0,26
2026-09-23 11:12:00+00:00,8132.0,8132.0,8130.5,8130.5,19
2026-09-23 11:13:00+00:00,8130.0,8130.0,8128.0,8128.0,22
2026-09-23 11:14:00+00:00,8128.0,8128.5,8125.5,8126.0,32
2026-09-23 11:15:00+00:00,8126.0,8128.5,8126.0,8127.5,55
2026-09-23 11:16:00+00:00,8127.0,8129.0,8126.5,8128.0,46
2026-09-23 11:17:00+00:00,8128.0,8129.5,8128.0,8129.0,27
2026-09-23 11:18:00+00:00,8129.0,8130.5,8129.0,8130.0,43
2026-09-23 11:19:00+00:00,8130.0,8130.0,8128.5,8129.0,41
2026-09-23 11:20:00+00:00,8129.0,8129.0,8127.0,8127.0,35
2026-09-23 11:21:00+00:00,8126.5,8127.0,8125.0,8126.0,40
2026-09-23 11:22:00+00:00,8126.0,8126.0,8124.0,8124.5,15
2026-09-23 11:23:00+00:00,8125.0,8125.0,8121.5,8122.0,44
2026-09-23 11:24:00+00:00,8122.5,8122.5,8121.0,8122.0,9
2026-09-23 11:25:00+00:00,8122.5,8123.0,8121.0,8122.0,92
2026-09-23 11:26:00+00:00,8121.5,8121.5,8120.0,8120.0,17
2026-09-23 11:27:00+00:00,8121.0,8121.5,8119.5,8121.0,20
2026-09-23 11:28:00+00:00,8121.0,8123.0,8119.5,8122.5,22
2026-09-23 11:29:00+00:00,8123.5,8123.5,8122.0,8123.5,17
2026-09-23 11:30:00+00:00,8123.5,8124.0,8121.0,8122.0,13
2026-09-23 11:31:00+00:00,8122.5,8123.5,8120.5,8123.5,24
2026-09-23 11:32:00+00:00,8123.0,8123.0,8120.5,8121.0,28
2026-09-23 11:33:00+00:00,8121.0,8121.5,8119.0,8119.5,16
2026-09-23 11:34:00+00:00,8119.0,8120.0,8119.0,8120.0,17
2026-09-23 11:35:00+00:00,8120.0,8120.5,8118.0,8118.5,17
2026-09-23 11:36:00+00:00,8119.0,8121.5,8118.0,8120.5,32
2026-09-23 11:37:00+00:00,8121.0,8121.0,8118.0,8118.0,50
2026-09-23 11:38:00+00:00,8118.5,8118.5,8114.0,8114.5,116
2026-09-23 11:39:00+00:00,8115.0,8118.5,8115.0,8118.5,57
2026-09-23 11:40:00+00:00,8118.5,8119.0,8115.5,8115.5,25
2026-09-23 11:41:00+00:00,8115.5,8118.0,8115.5,8118.0,8
2026-09-23 11:42:00+00:00,8116.0,8116.5,8115.0,8116.5,39
2026-09-23 11:43:00+00:00,8116.5,8117.0,8116.5,8117.0,9
2026-09-23 11:44:00+00:00,8117.5,8119.5,8117.5,8119.5,15
2026-09-23 11:45:00+00:00,8119.5,8121.5,8119.5,8121.0,22
2026-09-23 11:46:00+00:00,8121.5,8124.0,8121.0,8124.0,55
2026-09-23 11:47:00+00:00,8122.5,8124.0,8122.5,8122.5,27
2026-09-23 11:48:00+00:00,8123.0,8124.0,8118.5,8123.5,57
2026-09-23 11:49:00+00:00,8123.5,8124.0,8122.5,8123.0,14
2026-09-23 11:50:00+00:00,8123.0,8123.0,8120.0,8122.0,54
2026-09-23 11:51:00+00:00,8122.5,8124.5,8121.5,8124.5,22
2026-09-23 11:52:00+00:00,8124.0,8126.5,8124.0,8124.0,79
2026-09-23 11:53:00+00:00,8124.5,8125.0,8124.0,8124.0,17
2026-09-23 11:54:00+00:00,8124.0,8126.0,8124.0,8124.5,55
2026-09-23 11:55:00+00:00,8125.5,8125.5,8124.0,8125.0,20
2026-09-23 11:56:00+00:00,8124.0,8124.0,8123.5,8124.0,8
2026-09-23 11:57:00+00:00,8124.0,8125.0,8123.0,8124.0,42
2026-09-23 11:58:00+00:00,8124.0,8125.0,8123.0,8123.0,17
2026-09-23 11:59:00+00:00,8123.0,8126.0,8123.0,8126.0,15
2026-09-23 12:00:00+00:00,8126.5,8128.5,8125.5,8126.0,31
2026-09-23 12:01:00+00:00,8126.5,8126.5,8122.5,8123.0,43
2026-09-23 12:02:00+00:00,8124.0,8125.5,8122.5,8122.5,24
2026-09-23 12:03:00+00:00,8122.5,8124.5,8122.5,8123.5,57
2026-09-23 12:04:00+00:00,8123.5,8124.0,8120.0,8120.5,20
2026-09-23 12:05:00+00:00,8120.0,8120.0,8117.5,8118.0,21
2026-09-23 12:06:00+00:00,8118.5,8119.5,8118.0,8119.5,28
2026-09-23 12:07:00+00:00,8119.0,8119.0,8117.5,8119.0,17
2026-09-23 12:08:00+00:00,8117.5,8118.5,8114.0,8115.5,303
2026-09-23 12:09:00+00:00,8116.0,8116.5,8115.5,8116.5,15
2026-09-23 12:10:00+00:00,8117.0,8118.0,8116.0,8117.5,13
2026-09-23 12:11:00+00:00,8118.0,8119.0,8117.5,8119.0,21
2026-09-23 12:12:00+00:00,8119.0,8120.0,8117.0,8118.0,45
2026-09-23 12:13:00+00:00,8118.5,8118.5,8115.0,8116.0,38
2026-09-23 12:14:00+00:00,8116.5,8117.0,8115.0,8116.5,35
2026-09-23 12:15:00+00:00,8116.0,8117.5,8116.0,8116.5,15
2026-09-23 12:16:00+00:00,8118.0,8118.0,8116.0,8116.0,24
2026-09-23 12:17:00+00:00,8116.5,8117.5,8115.5,8117.0,43
2026-09-23 12:18:00+00:00,8116.5,8120.0,8116.0,8120.0,13
2026-09-23 12:19:00+00:00,8119.5,8120.0,8117.5,8117.5,42
2026-09-23 12:20:00+00:00,8118.0,8118.0,8115.0,8116.5,31
2026-09-23 12:21:00+00:00,8117.0,8119.0,8117.0,8119.0,13
2026-09-23 12:22:00+00:00,8119.5,8122.5,8119.5,8122.0,21
2026-09-23 12:23:00+00:00,8122.0,8122.0,8118.5,8118.5,18
2026-09-23 12:24:00+00:00,8118.5,8119.5,8117.5,8119.0,25
2026-09-23 12:25:00+00:00,8119.0,8119.5,8117.5,8119.5,50
2026-09-23 12:26:00+00:00,8119.0,8119.0,8117.5,8118.5,33
2026-09-23 12:27:00+00:00,8118.5,8120.0,8118.5,8120.0,12
2026-09-23 12:28:00+00:00,8119.5,8120.0,8118.0,8118.5,41
2026-09-23 12:29:00+00:00,8118.0,8118.0,8116.0,8116.5,27
2026-09-23 12:30:00+00:00,8116.5,8118.0,8115.5,8118.0,42
2026-09-23 12:31:00+00:00,8118.5,8118.5,8114.5,8115.0,17
2026-09-23 12:32:00+00:00,8115.0,8117.0,8115.0,8117.0,21
2026-09-23 12:33:00+00:00,8117.0,8119.5,8117.0,8118.5,19
2026-09-23 12:34:00+00:00,8119.0,8120.5,8119.0,8120.5,20
2026-09-23 12:35:00+00:00,8121.5,8122.0,8120.5,8121.5,25
2026-09-23 12:36:00+00:00,8122.0,8122.5,8121.0,8121.5,13
2026-09-23 12:37:00+00:00,8122.0,8122.5,8120.0,8120.0,36
2026-09-23 12:38:00+00:00,8119.0,8119.0,8118.0,8118.5,32
2026-09-23 12:39:00+00:00,8118.0,8118.0,8116.5,8117.5,12
2026-09-23 12:40:00+00:00,8117.5,8117.5,8116.0,8116.5,20
2026-09-23 12:41:00+00:00,8115.5,8115.5,8112.5,8112.5,60
2026-09-23 12:42:00+00:00,8112.5,8113.0,8110.5,8113.0,79
2026-09-23 12:43:00+00:00,8113.0,8114.5,8112.0,8114.5,51
2026-09-23 12:44:00+00:00,8115.0,8115.0,8113.5,8115.0,71
2026-09-23 12:45:00+00:00,8115.5,8118.5,8115.5,8117.5,30
2026-09-23 12:46:00+00:00,8117.0,8119.0,8116.0,8117.5,32
2026-09-23 12:47:00+00:00,8117.5,8120.5,8117.5,8120.5,35
2026-09-23 12:48:00+00:00,8121.0,8121.5,8116.5,8116.5,36
2026-09-23 12:49:00+00:00,8116.0,8117.5,8114.5,8117.5,16
2026-09-23 12:50:00+00:00,8118.5,8119.5,8118.5,8119.0,9
2026-09-23 12:51:00+00:00,8119.5,8120.5,8119.5,8119.5,15
2026-09-23 12:52:00+00:00,8120.0,8122.5,8120.0,8121.5,22
2026-09-23 12:53:00+00:00,8121.5,8122.0,8120.0,8122.0,18
2026-09-23 12:54:00+00:00,8121.5,8122.0,8120.5,8120.5,9
2026-09-23 12:55:00+00:00,8120.0,8121.0,8119.5,8121.0,55
2026-09-23 12:56:00+00:00,8121.0,8121.5,8119.5,8121.0,47
2026-09-23 12:57:00+00:00,8121.5,8121.5,8120.0,8121.5,29
2026-09-23 12:58:00+00:00,8122.0,8123.0,8121.5,8122.0,21
2026-09-23 12:59:00+00:00,8123.5,8126.5,8123.0,8126.5,71
2026-09-23 13:00:00+00:00,8126.5,8126.5,8124.0,8124.0,107
2026-09-23 13:01:00+00:00,8124.0,8124.5,8119.0,8120.0,46
2026-09-23 13:02:00+00:00,8120.5,8121.0,8119.5,8120.0,17
2026-09-23 13:03:00+00:00,8120.0,8120.0,8117.5,8118.5,20
2026-09-23 13:04:00+00:00,8118.0,8121.0,8117.5,8121.0,27
2026-09-23 13:05:00+00:00,8121.5,8121.5,8119.5,8119.5,15
2026-09-23 13:06:00+00:00,8120.5,8123.0,8120.0,8123.0,19
2026-09-23 13:07:00+00:00,8123.0,8123.5,8121.5,8121.5,17
2026-09-23 13:08:00+00:00,8121.0,8121.0,8117.0,8117.0,66
2026-09-23 13:09:00+00:00,8117.5,8118.5,8114.0,8114.0,47
2026-09-23 13:10:00+00:00,8114.0,8115.0,8110.0,8110.0,71
2026-09-23 13:11:00+00:00,8109.5,8111.0,8109.0,8110.5,42
2026-09-23 13:12:00+00:00,8110.0,8111.0,8108.0,8108.5,85
2026-09-23 13:13:00+00:00,8108.0,8110.0,8108.0,8110.0,94
2026-09-23 13:14:00+00:00,8110.0,8112.0,8110.0,8112.0,32
2026-09-23 13:15:00+00:00,8112.0,8112.0,8109.0,8109.0,44
2026-09-23 13:16:00+00:00,8109.5,8111.0,8109.0,8110.5,30
2026-09-23 13:17:00+00:00,8110.5,8111.5,8109.0,8111.5,32
2026-09-23 13:18:00+00:00,8112.0,8113.0,8111.0,8112.5,26
2026-09-23 13:19:00+00:00,8112.0,8112.5,8111.5,8111.5,14
2026-09-23 13:20:00+00:00,8111.0,8114.0,8111.0,8112.5,16
2026-09-23 13:21:00+00:00,8112.0,8112.0,8108.0,8108.0,46
2026-09-23 13:22:00+00:00,8108.0,8109.0,8107.5,8109.0,42
2026-09-23 13:23:00+00:00,8109.5,8113.0,8109.5,8113.0,34
2026-09-23 13:24:00+00:00,8113.5,8120.0,8113.5,8115.0,227
2026-09-23 13:25:00+00:00,8114.5,8119.0,8114.0,8118.0,56
2026-09-23 13:26:00+00:00,8117.5,8121.5,8117.5,8121.0,57
2026-09-23 13:27:00+00:00,8121.0,8124.5,8121.0,8122.5,25
2026-09-23 13:28:00+00:00,8123.0,8123.5,8120.0,8120.0,19
2026-09-23 13:29:00+00:00,8120.5,8120.5,8118.5,8119.0,26
2026-09-23 13:30:00+00:00,8119.5,8123.0,8119.5,8121.5,99
2026-09-23 13:31:00+00:00,8122.0,8122.0,8118.5,8119.0,70
2026-09-23 13:32:00+00:00,8118.0,8118.0,8113.5,8114.5,62
2026-09-23 13:33:00+00:00,8114.0,8114.0,8109.0,8112.0,65
2026-09-23 13:34:00+00:00,8111.5,8113.5,8110.0,8113.0,35
2026-09-23 13:35:00+00:00,8113.5,8113.5,8104.5,8108.5,307
2026-09-23 13:36:00+00:00,8108.5,8109.5,8106.5,8108.0,31
2026-09-23 13:37:00+00:00,8107.5,8111.0,8107.5,8109.0,51
2026-09-23 13:38:00+00:00,8109.0,8111.5,8108.5,8111.5,23
2026-09-23 13:39:00+00:00,8110.5,8111.5,8108.5,8110.5,25
2026-09-23 13:40:00+00:00,8110.0,8113.0,8110.0,8113.0,32
2026-09-23 13:41:00+00:00,8113.0,8114.5,8110.5,8113.0,79
2026-09-23 13:42:00+00:00,8112.5,8113.5,8109.5,8109.5,47
2026-09-23 13:43:00+00:00,8110.0,8113.5,8110.0,8113.0,34
2026-09-23 13:44:00+00:00,8113.5,8115.5,8112.5,8114.5,35
2026-09-23 13:45:00+00:00,8113.5,8115.0,8110.0,8110.0,63
2026-09-23 13:46:00+00:00,8109.5,8109.5,8106.5,8106.5,63
2026-09-23 13:47:00+00:00,8107.0,8107.5,8101.0,8104.0,130
2026-09-23 13:48:00+00:00,8104.0,8104.0,8103.0,8104.0,55
2026-09-23 13:49:00+00:00,8104.0,8106.5,8102.0,8106.5,63
2026-09-23 13:50:00+00:00,8106.0,8111.5,8106.0,8111.5,61
2026-09-23 13:51:00+00:00,8110.5,8110.5,8107.5,8109.0,54
2026-09-23 13:52:00+00:00,8110.0,8112.5,8110.0,8112.5,60
2026-09-23 13:53:00+00:00,8110.5,8111.0,8108.5,8109.0,85
2026-09-23 13:54:00+00:00,8108.5,8109.5,8107.5,8108.5,82
2026-09-23 13:55:00+00:00,8108.5,8113.0,8107.5,8111.5,72
2026-09-23 13:56:00+00:00,8110.5,8114.0,8109.0,8112.5,75
2026-09-23 13:57:00+00:00,8112.5,8115.0,8112.0,8112.0,47
2026-09-23 13:58:00+00:00,8112.5,8114.0,8111.0,8112.0,54
2026-09-23 13:59:00+00:00,8112.5,8114.5,8112.0,8112.0,46
2026-09-23 14:00:00+00:00,8113.5,8120.0,8113.5,8119.5,98
2026-09-23 14:01:00+00:00,8120.0,8123.5,8119.5,8123.5,82
2026-09-23 14:02:00+00:00,8123.0,8123.0,8120.0,8121.0,102
2026-09-23 14:03:00+00:00,8120.5,8121.0,8119.0,8121.0,57
2026-09-23 14:04:00+00:00,8121.0,8126.0,8121.0,8125.5,87
2026-09-23 14:05:00+00:00,8125.5,8128.0,8124.0,8128.0,142
2026-09-23 14:06:00+00:00,8128.0,8134.0,8128.0,8133.0,91
2026-09-23 14:07:00+00:00,8133.0,8136.0,8133.0,8135.0,71
2026-09-23 14:08:00+00:00,8134.5,8136.0,8134.0,8134.0,58
2026-09-23 14:09:00+00:00,8135.0,8136.0,8132.0,8133.5,41
2026-09-23 14:10:00+00:00,8133.0,8133.0,8129.5,8132.5,73
2026-09-23 14:11:00+00:00,8132.5,8132.5,8128.5,8129.0,171
2026-09-23 14:12:00+00:00,8129.5,8132.0,8129.5,8132.0,274
2026-09-23 14:13:00+00:00,8133.0,8137.0,8133.0,8136.5,32
2026-09-23 14:14:00+00:00,8136.0,8137.5,8134.5,8137.5,49
2026-09-23 14:15:00+00:00,8136.5,8140.0,8135.5,8138.5,62
2026-09-23 14:16:00+00:00,8138.5,8139.5,8138.0,8138.0,46
2026-09-23 14:17:00+00:00,8138.5,8139.5,8136.0,8136.0,60
2026-09-23 14:18:00+00:00,8135.5,8137.0,8133.5,8134.0,46
2026-09-23 14:19:00+00:00,8133.0,8133.0,8129.5,8130.5,56
2026-09-23 14:20:00+00:00,8130.5,8131.5,8128.0,8129.5,36
2026-09-23 14:21:00+00:00,8129.0,8133.0,8129.0,8132.0,29
2026-09-23 14:22:00+00:00,8132.5,8132.5,8128.0,8129.5,65
2026-09-23 14:23:00+00:00,8130.0,8132.0,8129.0,8132.0,31
2026-09-23 14:24:00+00:00,8132.0,8133.0,8131.0,8131.5,39
2026-09-23 14:25:00+00:00,8131.5,8131.5,8124.0,8126.0,83
2026-09-23 14:26:00+00:00,8125.0,8125.0,8119.5,8120.0,72
2026-09-23 14:27:00+00:00,8120.0,8121.0,8119.0,8119.5,34
2026-09-23 14:28:00+00:00,8118.5,8122.0,8116.5,8122.0,79
2026-09-23 14:29:00+00:00,8121.5,8123.0,8120.5,8123.0,34
2026-09-23 14:30:00+00:00,8123.0,8127.0,8123.0,8127.0,60
2026-09-23 14:31:00+00:00,8126.5,8129.5,8125.0,8127.5,41
2026-09-23 14:32:00+00:00,8127.0,8127.0,8124.0,8124.0,43
2026-09-23 14:33:00+00:00,8126.0,8129.0,8126.0,8129.0,43
2026-09-23 14:34:00+00:00,8128.5,8129.0,8124.5,8125.0,54
2026-09-23 14:35:00+00:00,8124.0,8127.0,8124.0,8126.5,77
2026-09-23 14:36:00+00:00,8126.0,8127.0,8124.0,8124.0,44
2026-09-23 14:37:00+00:00,8124.0,8128.5,8122.0,8124.0,158
2026-09-23 14:38:00+00:00,8123.0,8123.0,8118.5,8119.0,140
2026-09-23 14:39:00+00:00,8118.0,8118.5,8116.0,8116.5,40
2026-09-23 14:40:00+00:00,8117.0,8117.0,8114.0,8114.0,40
2026-09-23 14:41:00+00:00,8114.0,8115.0,8112.0,8112.0,40
2026-09-23 14:42:00+00:00,8112.0,8113.5,8111.0,8111.5,69
2026-09-23 14:43:00+00:00,8111.0,8112.0,8110.5,8111.5,32
2026-09-23 14:44:00+00:00,8111.5,8112.0,8111.0,8111.0,35
2026-09-23 14:45:00+00:00,8110.0,8110.0,8106.0,8106.0,54
2026-09-23 14:46:00+00:00,8105.0,8106.5,8105.0,8105.5,29
2026-09-23 14:47:00+00:00,8105.5,8105.5,8104.0,8104.0,44
2026-09-23 14:48:00+00:00,8104.0,8105.0,8103.0,8104.5,46
2026-09-23 14:49:00+00:00,8105.0,8108.0,8104.0,8108.0,43
2026-09-23 14:50:00+00:00,8108.0,8108.0,8102.5,8102.5,26
2026-09-23 14:51:00+00:00,8102.5,8115.5,8102.0,8111.5,546
2026-09-23 14:52:00+00:00,8110.5,8116.0,8110.5,8112.5,109
2026-09-23 14:53:00+00:00,8112.5,8125.0,8112.5,8125.0,246
2026-09-23 14:54:00+00:00,8124.0,8126.5,8120.0,8123.0,94
2026-09-23 14:55:00+00:00,8123.0,8125.0,8119.0,8120.5,182
2026-09-23 14:56:00+00:00,8121.0,8121.5,8116.0,8116.5,51
2026-09-23 14:57:00+00:00,8116.5,8118.5,8115.5,8118.5,37
2026-09-23 14:58:00+00:00,8118.5,8119.0,8117.5,8118.0,50
2026-09-23 14:59:00+00:00,8118.5,8120.0,8118.0,8119.0,32
2026-09-23 15:00:00+00:00,8118.5,8119.5,8115.5,8117.0,53
2026-09-23 15:01:00+00:00,8117.5,8119.5,8115.5,8117.0,57
2026-09-23 15:02:00+00:00,8117.5,8121.5,8117.5,8119.5,36
2026-09-23 15:03:00+00:00,8118.5,8118.5,8114.0,8116.0,44
2026-09-23 15:04:00+00:00,8116.5,8117.5,8114.5,8117.0,35
2026-09-23 15:05:00+00:00,8117.0,8117.5,8115.0,8116.5,44
2026-09-23 15:06:00+00:00,8116.5,8118.0,8116.5,8117.5,31
2026-09-23 15:07:00+00:00,8117.0,8117.5,8116.0,8116.0,32
2026-09-23 15:08:00+00:00,8116.5,8121.0,8116.5,8121.0,48
2026-09-23 15:09:00+00:00,8121.0,8122.0,8119.5,8119.5,53
2026-09-23 15:10:00+00:00,8119.0,8120.5,8118.0,8120.0,43
2026-09-23 15:11:00+00:00,8119.5,8120.5,8116.0,8116.5,30
2026-09-23 15:12:00+00:00,8117.5,8119.0,8117.0,8118.0,33
2026-09-23 15:13:00+00:00,8118.0,8118.0,8115.5,8117.0,26
2026-09-23 15:14:00+00:00,8117.0,8119.5,8117.0,8117.0,29
2026-09-23 15:15:00+00:00,8116.5,8118.0,8115.5,8115.5,65
2026-09-23 15:16:00+00:00,8115.0,8115.5,8113.0,8115.0,55
2026-09-23 15:17:00+00:00,8115.5,8116.0,8111.5,8114.0,96
2026-09-23 15:18:00+00:00,8113.5,8116.0,8113.5,8116.0,31
2026-09-23 15:19:00+00:00,8116.5,8118.0,8116.0,8117.0,25
2026-09-23 15:20:00+00:00,8117.5,8119.0,8116.5,8118.0,53
2026-09-23 15:21:00+00:00,8118.0,8120.0,8117.5,8119.0,43
2026-09-23 15:22:00+00:00,8119.0,8120.5,8118.0,8119.5,46
2026-09-23 15:23:00+00:00,8119.5,8122.0,8119.5,8121.0,44
2026-09-23 15:24:00+00:00,8121.0,8122.5,8120.0,8122.5,79
2026-09-23 15:25:00+00:00,8122.5,8124.5,8122.0,8124.0,95
2026-09-23 15:26:00+00:00,8124.0,8125.0,8122.5,8123.0,65
2026-09-23 15:27:00+00:00,8123.0,8123.0,8117.5,8118.5,245
2026-09-23 15:28:00+00:00,8118.5,8119.0,8116.5,8117.0,128
2026-09-23 15:29:00+00:00,8117.5,8118.0,8113.5,8115.0,328
2026-09-23 15:30:00+00:00,8116.0,8116.5,8114.0,8114.5,116
2026-09-23 15:31:00+00:00,8114.5,8116.0,8112.0,8113.5,113
2026-09-23 15:32:00+00:00,8113.5,8116.0,8112.5,8115.5,150
2026-09-23 15:33:00+00:00,8115.5,8116.0,8108.5,8108.5,250
2026-09-23 15:34:00+00:00,8109.0,8116.5,8108.5,8115.0,1287
2026-09-23 15:35:00+00:00,8114.5,8117.0,8113.0,8115.5,318
2026-09-23 15:36:00+00:00,8116.0,8117.0,8115.0,8116.0,160
2026-09-23 15:37:00+00:00,8116.0,8116.0,8114.5,8114.5,97
2026-09-23 15:38:00+00:00,8114.5,8116.5,8114.5,8116.0,95
2026-09-23 15:39:00+00:00,8116.0,8116.0,8112.5,8113.5,73
2026-09-23 15:40:00+00:00,8113.5,8113.5,8111.0,8111.0,17
2026-09-23 15:41:00+00:00,8110.5,8112.0,8110.5,8111.0,42
2026-09-23 15:42:00+00:00,8111.5,8114.0,8111.5,8114.0,47
2026-09-23 15:43:00+00:00,8114.5,8115.0,8113.5,8114.0,23
2026-09-23 15:44:00+00:00,8114.5,8115.0,8113.0,8114.5,35
2026-09-23 15:45:00+00:00,8114.5,8115.0,8113.5,8113.5,10
2026-09-23 15:46:00+00:00,8114.0,8115.0,8114.0,8114.5,19
2026-09-23 15:47:00+00:00,8114.5,8114.5,8109.5,8109.5,8
2026-09-23 15:48:00+00:00,8109.5,8111.0,8107.5,8107.5,17
2026-09-23 15:49:00+00:00,8107.5,8107.5,8105.5,8105.5,15
2026-09-23 15:50:00+00:00,8105.0,8107.0,8104.5,8106.5,11
2026-09-23 15:51:00+00:00,8106.5,8106.5,8105.5,8105.5,5
2026-09-23 15:52:00+00:00,8105.0,8106.0,8104.5,8105.5,23
2026-09-23 15:53:00+00:00,8105.0,8107.0,8104.0,8106.5,29
2026-09-23 15:54:00+00:00,8107.0,8107.0,8105.0,8105.0,13
2026-09-23 15:55:00+00:00,8105.5,8106.5,8105.5,8105.5,13
2026-09-23 15:56:00+00:00,8105.5,8106.5,8105.5,8106.5,10
2026-09-23 15:57:00+00:00,8107.0,8107.5,8106.5,8106.5,25
2026-09-23 15:58:00+00:00,8107.5,8107.5,8106.5,8107.0,31
2026-09-23 15:59:00+00:00,8107.5,8108.5,8107.5,8108.0,12
2026-09-23 16:00:00+00:00,8108.0,8108.0,8106.5,8106.5,10
2026-09-23 16:01:00+00:00,8105.0,8106.0,8105.0,8106.0,8
2026-09-23 16:02:00+00:00,8105.0,8105.0,8103.0,8103.0,26
2026-09-23 16:04:00+00:00,8102.5,8104.5,8102.5,8104.0,12
2026-09-23 16:05:00+00:00,8104.0,8104.0,8103.5,8103.5,5
2026-09-23 16:06:00+00:00,8104.0,8104.0,8103.5,8104.0,34
2026-09-23 16:07:00+00:00,8103.0,8105.0,8103.0,8105.0,7
2026-09-23 16:08:00+00:00,8104.5,8105.5,8104.5,8104.5,14
2026-09-23 16:09:00+00:00,8104.0,8104.0,8102.0,8102.5,32
2026-09-23 16:10:00+00:00,8102.5,8103.0,8102.5,8103.0,2
2026-09-23 16:11:00+00:00,8103.5,8104.0,8103.5,8104.0,8
2026-09-23 16:12:00+00:00,8104.5,8104.5,8103.5,8104.0,6
2026-09-23 16:13:00+00:00,8104.5,8105.0,8104.0,8104.5,9
2026-09-23 16:14:00+00:00,8105.0,8105.0,8105.0,8105.0,4
2026-09-23 16:15:00+00:00,8104.5,8105.0,8104.5,8105.0,4
2026-09-23 16:16:00+00:00,8105.5,8105.5,8104.0,8104.0,4
2026-09-23 16:17:00+00:00,8102.5,8104.0,8102.0,8102.5,55
2026-09-23 16:18:00+00:00,8102.0,8103.0,8102.0,8102.0,10
2026-09-23 16:19:00+00:00,8102.0,8102.5,8102.0,8102.5,8
2026-09-23 16:20:00+00:00,8102.0,8102.0,8101.0,8101.0,13
2026-09-23 16:21:00+00:00,8101.0,8101.5,8101.0,8101.5,19
2026-09-23 16:22:00+00:00,8101.0,8105.0,8100.5,8102.5,135
2026-09-23 16:23:00+00:00,8103.0,8103.0,8101.5,8102.0,19
2026-09-23 16:24:00+00:00,8102.5,8103.0,8102.0,8102.0,18
2026-09-23 16:25:00+00:00,8102.5,8105.0,8102.5,8105.0,63
2026-09-23 16:26:00+00:00,8104.5,8104.5,8103.5,8103.5,4
2026-09-23 16:27:00+00:00,8102.5,8104.0,8102.5,8104.0,14
2026-09-23 16:28:00+00:00,8103.5,8104.0,8103.5,8104.0,4
2026-09-23 16:29:00+00:00,8104.0,8105.0,8104.0,8104.5,5
2026-09-23 16:30:00+00:00,8105.5,8107.5,8105.5,8106.5,21
2026-09-23 16:31:00+00:00,8106.0,8106.0,8105.0,8105.0,5
2026-09-23 16:32:00+00:00,8103.5,8104.0,8103.0,8103.0,5
2026-09-23 16:33:00+00:00,8104.0,8104.5,8104.0,8104.5,2
2026-09-23 16:34:00+00:00,8103.5,8104.0,8103.0,8103.0,10
2026-09-23 16:35:00+00:00,8103.0,8103.0,8102.5,8102.5,9
2026-09-23 16:36:00+00:00,8102.5,8103.0,8102.5,8102.5,10
2026-09-23 16:37:00+00:00,8103.5,8103.5,8103.0,8103.0,7
2026-09-23 16:38:00+00:00,8103.5,8104.0,8103.5,8103.5,6
2026-09-23 16:39:00+00:00,8103.0,8103.0,8102.5,8102.5,5
2026-09-23 16:40:00+00:00,8101.0,8101.5,8101.0,8101.5,6
2026-09-23 16:41:00+00:00,8101.0,8101.0,8101.0,8101.0,1
2026-09-23 16:42:00+00:00,8100.5,8100.5,8100.0,8100.0,15
2026-09-23 16:43:00+00:00,8100.0,8101.5,8100.0,8101.5,15
2026-09-23 16:44:00+00:00,8100.5,8100.5,8098.5,8098.5,22
2026-09-23 16:45:00+00:00,8098.5,8101.5,8093.0,8097.0,194
2026-09-23 16:46:00+00:00,8096.5,8096.5,8088.5,8089.0,159
2026-09-23 16:47:00+00:00,8089.0,8090.0,8086.0,8088.0,73
2026-09-23 16:48:00+00:00,8089.0,8091.5,8088.5,8091.5,38
2026-09-23 16:49:00+00:00,8091.5,8091.5,8079.0,8081.0,68
2026-09-23 16:50:00+00:00,8081.5,8081.5,8073.0,8077.5,91
2026-09-23 16:51:00+00:00,8076.5,8077.0,8070.5,8070.5,71
2026-09-23 16:52:00+00:00,8070.5,8073.5,8069.0,8072.5,60
2026-09-23 16:53:00+00:00,8072.0,8073.5,8069.5,8069.5,36
2026-09-23 16:54:00+00:00,8071.0,8071.0,8069.0,8069.5,14
2026-09-23 16:55:00+00:00,8069.0,8073.0,8068.5,8070.5,18
2026-09-23 16:56:00+00:00,8071.0,8071.5,8068.5,8070.5,23
2026-09-23 16:57:00+00:00,8070.5,8071.5,8066.5,8067.5,21
2026-09-23 16:58:00+00:00,8067.5,8070.5,8066.5,8068.5,17
2026-09-23 16:59:00+00:00,8068.0,8069.5,8067.0,8068.5,26
2026-09-23 17:00:00+00:00,8069.5,8077.5,8069.5,8077.5,55
2026-09-23 17:01:00+00:00,8078.0,8081.5,8078.0,8081.0,64
2026-09-23 17:02:00+00:00,8081.0,8081.0,8071.0,8071.0,61
2026-09-23 17:03:00+00:00,8071.5,8076.5,8071.5,8073.0,34
2026-09-23 17:04:00+00:00,8073.5,8077.0,8072.5,8077.0,27
2026-09-23 17:05:00+00:00,8078.0,8079.0,8077.5,8079.0,14
2026-09-23 17:06:00+00:00,8078.5,8078.5,8075.0,8076.0,13
2026-09-23 17:07:00+00:00,8077.5,8079.0,8077.5,8078.5,7
2026-09-23 17:08:00+00:00,8079.0,8080.5,8079.0,8080.0,24
2026-09-23 17:09:00+00:00,8080.0,8082.0,8080.0,8082.0,18
2026-09-23 17:10:00+00:00,8083.0,8084.0,8082.5,8083.0,16
2026-09-23 17:11:00+00:00,8083.0,8083.5,8080.5,8080.5,21
2026-09-23 17:12:00+00:00,8080.0,8080.5,8079.5,8080.0,34
2026-09-23 17:13:00+00:00,8080.5,8081.0,8080.0,8080.0,6
2026-09-23 17:14:00+00:00,8079.5,8082.0,8079.5,8082.0,6
2026-09-23 17:15:00+00:00,8081.5,8082.0,8081.0,8081.0,7
2026-09-23 17:16:00+00:00,8081.0,8082.5,8080.5,8081.5,17
2026-09-23 17:17:00+00:00,8080.0,8082.0,8080.0,8081.5,12
2026-09-23 17:18:00+00:00,8083.0,8084.5,8082.5,8084.5,10
2026-09-23 17:19:00+00:00,8084.0,8086.5,8084.0,8085.5,27
2026-09-23 17:20:00+00:00,8083.5,8083.5,8082.5,8083.0,3
2026-09-23 17:21:00+00:00,8083.5,8086.0,8083.5,8086.0,11
2026-09-23 17:22:00+00:00,8085.0,8087.5,8084.5,8087.0,6
2026-09-23 17:23:00+00:00,8088.5,8088.5,8086.0,8086.5,10
2026-09-23 17:24:00+00:00,8086.0,8086.0,8085.5,8086.0,7
2026-09-23 17:25:00+00:00,8086.0,8087.5,8085.0,8085.0,32
2026-09-23 17:26:00+00:00,8084.5,8085.5,8084.0,8084.5,18
2026-09-23 17:27:00+00:00,8085.0,8085.0,8083.0,8085.0,32
2026-09-23 17:28:00+00:00,8084.0,8084.0,8083.0,8083.0,10
2026-09-23 17:29:00+00:00,8082.5,8083.0,8081.5,8083.0,12
2026-09-23 17:30:00+00:00,8082.5,8083.0,8081.5,8081.5,6
2026-09-23 17:31:00+00:00,8081.5,8083.0,8081.5,8082.5,9
2026-09-23 17:32:00+00:00,8082.5,8082.5,8080.0,8082.5,11
2026-09-23 17:33:00+00:00,8082.0,8082.5,8081.5,8082.5,5
2026-09-23 17:34:00+00:00,8084.0,8084.5,8083.5,8083.5,5
2026-09-23 17:35:00+00:00,8084.0,8084.0,8081.5,8081.5,8
2026-09-23 17:36:00+00:00,8081.0,8083.0,8081.0,8083.0,10
2026-09-23 17:37:00+00:00,8083.0,8083.5,8082.5,8083.0,7
2026-09-23 17:38:00+00:00,8082.5,8082.5,8081.0,8081.5,10
2026-09-23 17:39:00+00:00,8081.5,8082.5,8080.0,8081.0,18
2026-09-23 17:40:00+00:00,8081.0,8085.5,8080.0,8084.0,101
2026-09-23 17:41:00+00:00,8082.5,8087.5,8082.0,8087.5,62
2026-09-23 17:42:00+00:00,8088.5,8094.0,8087.5,8094.0,51
2026-09-23 17:43:00+00:00,8094.0,8098.5,8094.0,8098.5,50
2026-09-23 17:44:00+00:00,8097.0,8099.0,8095.5,8097.5,30
2026-09-23 17:45:00+00:00,8097.0,8101.0,8097.0,8100.0,34
2026-09-23 17:46:00+00:00,8101.0,8104.5,8101.0,8101.5,38
2026-09-23 17:47:00+00:00,8102.0,8102.0,8101.0,8101.0,10
2026-09-23 17:48:00+00:00,8101.0,8101.0,8099.5,8100.0,14
2026-09-23 17:49:00+00:00,8099.5,8100.0,8099.5,8100.0,5
2026-09-23 17:50:00+00:00,8101.0,8101.0,8100.5,8100.5,3
2026-09-23 17:51:00+00:00,8100.0,8100.0,8098.0,8098.0,9
2026-09-23 17:52:00+00:00,8098.5,8098.5,8098.5,8098.5,2
2026-09-23 17:53:00+00:00,8098.5,8098.5,8098.0,8098.0,2
2026-09-23 17:54:00+00:00,8097.5,8100.0,8096.5,8098.5,11
2026-09-23 17:55:00+00:00,8097.5,8097.5,8096.5,8096.5,6
2026-09-23 17:56:00+00:00,8096.5,8098.0,8096.5,8098.0,16
2026-09-23 17:57:00+00:00,8099.0,8100.0,8099.0,8100.0,7
2026-09-23 17:58:00+00:00,8100.0,8102.5,8099.5,8102.5,9
2026-09-23 17:59:00+00:00,8102.0,8102.5,8102.0,8102.5,3
2026-09-23 18:00:00+00:00,8102.0,8103.0,8102.0,8102.0,14
2026-09-23 18:01:00+00:00,8103.0,8103.0,8102.0,8102.0,6
2026-09-23 18:02:00+00:00,8103.0,8103.0,8101.0,8101.0,15
2026-09-23 18:03:00+00:00,8100.5,8100.5,8098.5,8098.5,5
2026-09-23 18:04:00+00:00,8098.5,8098.5,8097.5,8097.5,10
2026-09-23 18:05:00+00:00,8096.5,8097.0,8096.5,8097.0,4
2026-09-23 18:06:00+00:00,8098.5,8100.5,8098.5,8100.0,6
2026-09-23 18:07:00+00:00,8099.0,8100.0,8099.0,8099.5,5
2026-09-23 18:08:00+00:00,8099.0,8100.0,8099.0,8100.0,3
2026-09-23 18:09:00+00:00,8100.5,8100.5,8100.5,8100.5,2
2026-09-23 18:10:00+00:00,8100.5,8101.0,8100.5,8100.5,3
2026-09-23 18:11:00+00:00,8100.0,8102.0,8100.0,8101.0,8
2026-09-23 18:12:00+00:00,8101.5,8101.5,8101.0,8101.0,4
2026-09-23 18:13:00+00:00,8101.5,8101.5,8100.5,8101.0,7
2026-09-23 18:14:00+00:00,8100.0,8100.0,8099.5,8099.5,2
2026-09-23 18:15:00+00:00,8100.0,8102.5,8100.0,8102.0,10
2026-09-23 18:16:00+00:00,8102.5,8103.0,8101.0,8101.0,8
2026-09-23 18:17:00+00:00,8100.5,8101.5,8100.5,8101.5,7
2026-09-23 18:18:00+00:00,8102.0,8104.0,8102.0,8104.0,6
2026-09-23 18:19:00+00:00,8102.5,8103.0,8102.5,8102.5,9
2026-09-23 18:20:00+00:00,8102.0,8102.5,8102.0,8102.5,5
2026-09-23 18:21:00+00:00,8102.5,8103.0,8100.5,8100.5,5
2026-09-23 18:22:00+00:00,8100.0,8100.0,8099.0,8100.0,12
2026-09-23 18:23:00+00:00,8099.5,8100.5,8099.5,8100.0,5
2026-09-23 18:24:00+00:00,8099.5,8100.0,8099.5,8099.5,5
2026-09-23 18:25:00+00:00,8099.0,8100.0,8099.0,8099.5,9
2026-09-23 18:26:00+00:00,8100.0,8100.5,8099.0,8099.0,9
2026-09-23 18:27:00+00:00,8099.5,8100.0,8099.0,8100.0,8
2026-09-23 18:28:00+00:00,8098.5,8098.5,8097.0,8097.0,5
2026-09-23 18:29:00+00:00,8097.0,8098.5,8097.0,8098.5,7
2026-09-23 18:30:00+00:00,8099.0,8100.0,8099.0,8099.0,8
2026-09-23 18:31:00+00:00,8098.0,8099.5,8097.5,8098.0,13
2026-09-23 18:32:00+00:00,8098.5,8098.5,8097.5,8097.5,9
2026-09-23 18:33:00+00:00,8098.5,8099.0,8097.5,8097.5,9
2026-09-23 18:34:00+00:00,8096.5,8098.5,8096.5,8097.5,13
2026-09-23 18:35:00+00:00,8098.5,8098.5,8098.0,8098.0,3
2026-09-23 18:36:00+00:00,8098.0,8098.5,8098.0,8098.0,6
2026-09-23 18:37:00+00:00,8097.5,8097.5,8097.5,8097.5,3
2026-09-23 18:38:00+00:00,8095.5,8095.5,8095.0,8095.0,10
2026-09-23 18:39:00+00:00,8095.5,8095.5,8094.5,8095.0,4
2026-09-23 18:40:00+00:00,8095.5,8095.5,8095.0,8095.5,5
2026-09-23 18:41:00+00:00,8095.5,8096.0,8095.5,8096.0,3
2026-09-23 18:42:00+00:00,8096.0,8096.0,8096.0,8096.0,7
2026-09-23 18:43:00+00:00,8095.5,8097.5,8095.5,8096.5,10
2026-09-23 18:44:00+00:00,8096.0,8096.5,8095.0,8095.0,6
2026-09-23 18:45:00+00:00,8095.0,8095.0,8094.5,8094.5,8
2026-09-23 18:46:00+00:00,8094.5,8094.5,8094.5,8094.5,4
2026-09-23 18:47:00+00:00,8095.5,8096.5,8095.0,8096.0,10
2026-09-23 18:48:00+00:00,8096.0,8098.0,8096.0,8098.0,7
2026-09-23 18:49:00+00:00,8098.0,8099.0,8097.5,8098.0,15
2026-09-23 18:50:00+00:00,8099.0,8099.5,8098.0,8098.0,9
2026-09-23 18:51:00+00:00,8098.0,8098.5,8098.0,8098.5,7
2026-09-23 18:52:00+00:00,8098.5,8099.0,8098.0,8098.5,9
2026-09-23 18:53:00+00:00,8099.0,8099.5,8098.0,8099.5,10
2026-09-23 18:54:00+00:00,8099.0,8100.0,8099.0,8099.5,14
2026-09-23 18:55:00+00:00,8100.5,8102.5,8099.5,8102.5,11
2026-09-23 18:56:00+00:00,8103.0,8103.0,8102.0,8103.0,18
2026-09-23 18:57:00+00:00,8103.5,8103.5,8103.0,8103.5,7
2026-09-23 18:58:00+00:00,8103.5,8104.5,8103.5,8104.5,14
2026-09-23 18:59:00+00:00,8105.0,8106.0,8104.5,8105.5,15
2026-09-23 19:00:00+00:00,8105.5,8106.0,8104.0,8104.5,15
2026-09-23 19:01:00+00:00,8105.5,8105.5,8105.0,8105.0,18
2026-09-23 19:02:00+00:00,8105.0,8106.0,8105.0,8105.0,11
2026-09-23 19:03:00+00:00,8105.0,8105.0,8100.0,8100.0,42
2026-09-23 19:04:00+00:00,8099.5,8100.0,8098.5,8098.5,12
2026-09-23 19:05:00+00:00,8099.0,8100.0,8098.0,8099.0,21
2026-09-23 19:06:00+00:00,8099.0,8103.0,8099.0,8103.0,5
2026-09-23 19:07:00+00:00,8101.5,8103.5,8101.5,8103.5,3
2026-09-23 19:08:00+00:00,8103.0,8103.5,8103.0,8103.5,14
2026-09-23 19:09:00+00:00,8101.5,8102.0,8101.5,8102.0,2
2026-09-23 19:10:00+00:00,8102.5,8103.0,8101.5,8103.0,8
2026-09-23 19:11:00+00:00,8103.0,8103.5,8103.0,8103.5,6
2026-09-23 19:12:00+00:00,8104.0,8104.5,8103.0,8103.0,9
2026-09-23 19:13:00+00:00,8102.5,8102.5,8101.0,8102.0,10
2026-09-23 19:14:00+00:00,8101.5,8101.5,8101.5,8101.5,3
2026-09-23 19:15:00+00:00,8102.0,8102.0,8100.0,8100.5,10
2026-09-23 19:16:00+00:00,8100.0,8100.0,8099.5,8099.5,16
2026-09-23 19:17:00+00:00,8099.5,8099.5,8099.5,8099.5,3
2026-09-23 19:18:00+00:00,8100.0,8100.0,8099.0,8099.0,5
2026-09-23 19:19:00+00:00,8101.0,8101.0,8099.5,8099.5,5
2026-09-23 19:20:00+00:00,8099.0,8099.0,8098.5,8099.0,4
2026-09-23 19:21:00+00:00,8098.5,8099.0,8098.5,8099.0,2
2026-09-23 19:22:00+00:00,8098.0,8099.0,8097.5,8098.0,13
2026-09-23 19:23:00+00:00,8099.0,8099.0,8098.5,8098.5,8
2026-09-23 19:24:00+00:00,8099.0,8099.0,8098.5,8098.5,5
2026-09-23 19:25:00+00:00,8099.0,8100.5,8098.5,8098.5,12
2026-09-23 19:26:00+00:00,8099.0,8099.5,8098.0,8098.0,9
2026-09-23 19:27:00+00:00,8097.5,8099.5,8097.5,8099.5,6
2026-09-23 19:28:00+00:00,8099.5,8099.5,8099.5,8099.5,3
2026-09-23 19:29:00+00:00,8099.0,8099.5,8099.0,8099.5,5
2026-09-23 19:30:00+00:00,8099.5,8100.5,8099.0,8100.0,12
2026-09-23 19:31:00+00:00,8100.5,8101.0,8099.5,8099.5,9
2026-09-23 19:32:00+00:00,8100.0,8100.0,8099.5,8099.5,4
2026-09-23 19:33:00+00:00,8100.0,8100.0,8099.5,8099.5,3
2026-09-23 19:34:00+00:00,8099.0,8100.0,8098.5,8099.0,31
2026-09-23 19:35:00+00:00,8099.0,8100.5,8099.0,8100.5,6
2026-09-23 19:36:00+00:00,8099.5,8099.5,8098.0,8098.0,5
2026-09-23 19:37:00+00:00,8097.0,8097.5,8097.0,8097.5,3
2026-09-23 19:38:00+00:00,8097.5,8098.0,8097.5,8097.5,4
2026-09-23 19:39:00+00:00,8098.5,8100.5,8098.5,8100.5,4
2026-09-23 19:40:00+00:00,8101.0,8102.0,8100.0,8102.0,11
2026-09-23 19:41:00+00:00,8101.5,8101.5,8100.0,8100.0,5
2026-09-23 19:42:00+00:00,8100.5,8100.5,8099.0,8099.5,7
2026-09-23 19:43:00+00:00,8098.5,8098.5,8098.0,8098.0,3
2026-09-23 19:44:00+00:00,8098.5,8098.5,8096.0,8097.5,41
2026-09-23 19:45:00+00:00,8098.0,8098.5,8097.0,8097.0,25
2026-09-23 19:46:00+00:00,8096.5,8098.0,8096.5,8098.0,11
2026-09-23 19:47:00+00:00,8099.0,8099.0,8098.5,8098.5,11
2026-09-23 19:48:00+00:00,8098.0,8098.5,8097.5,8098.0,7
2026-09-23 19:49:00+00:00,8098.5,8100.0,8098.0,8099.0,15
2026-09-23 19:50:00+00:00,8099.0,8100.0,8095.5,8096.5,18
2026-09-23 19:51:00+00:00,8097.0,8097.0,8096.0,8096.5,8
2026-09-23 19:52:00+00:00,8096.5,8096.5,8095.0,8095.0,6
2026-09-23 19:53:00+00:00,8095.5,8096.5,8095.5,8096.5,6
2026-09-23 19:54:00+00:00,8097.0,8100.0,8097.0,8099.0,23
2026-09-23 19:55:00+00:00,8099.5,8101.0,8098.5,8099.5,19
2026-09-23 19:56:00+00:00,8100.0,8100.0,8097.0,8098.5,22
2026-09-23 19:57:00+00:00,8099.5,8100.5,8099.0,8100.0,10
2026-09-23 19:58:00+00:00,8099.5,8102.0,8099.5,8100.0,63
2026-09-23 19:59:00+00:00,8100.5,8101.5,8097.5,8100.5,70
2026-09-24 06:00:00+00:00,8073.5,8076.0,8072.0,8076.0,268
2026-09-24 06:01:00+00:00,8075.0,8079.0,8073.5,8077.0,72
2026-09-24 06:02:00+00:00,8076.0,8078.0,8074.0,8076.0,30
2026-09-24 06:03:00+00:00,8073.5,8074.5,8073.0,8074.5,10
2026-09-24 06:04:00+00:00,8075.5,8075.5,8074.0,8074.0,15
2026-09-24 06:05:00+00:00,8074.5,8079.5,8074.5,8079.5,52
2026-09-24 06:06:00+00:00,8079.5,8080.5,8078.5,8080.5,23
2026-09-24 06:07:00+00:00,8081.0,8088.5,8081.0,8088.5,52
2026-09-24 06:08:00+00:00,8089.5,8091.0,8089.5,8089.5,18
2026-09-24 06:09:00+00:00,8089.0,8092.0,8087.5,8091.5,23
2026-09-24 06:10:00+00:00,8090.5,8093.5,8090.5,8093.5,9
2026-09-24 06:11:00+00:00,8094.0,8096.0,8092.5,8095.0,32
2026-09-24 06:12:00+00:00,8095.5,8097.0,8095.0,8097.0,25
2026-09-24 06:13:00+00:00,8096.5,8098.0,8096.0,8098.0,6
2026-09-24 06:14:00+00:00,8097.0,8097.0,8097.0,8097.0,5
2026-09-24 06:15:00+00:00,8096.5,8097.0,8095.0,8095.5,6
2026-09-24 06:16:00+00:00,8095.0,8095.0,8092.5,8093.0,20
2026-09-24 06:17:00+00:00,8092.5,8094.5,8092.0,8094.5,16
2026-09-24 06:18:00+00:00,8093.0,8094.5,8091.5,8094.5,17
2026-09-24 06:19:00+00:00,8093.5,8095.5,8093.5,8094.0,17
2026-09-24 06:20:00+00:00,8093.0,8093.0,8091.0,8091.0,6
2026-09-24 06:21:00+00:00,8091.0,8092.0,8091.0,8091.0,4
2026-09-24 06:22:00+00:00,8091.5,8091.5,8091.5,8091.5,3
2026-09-24 06:23:00+00:00,8090.5,8091.0,8089.5,8090.0,16
2026-09-24 06:24:00+00:00,8090.0,8090.0,8086.5,8087.5,44
2026-09-24 06:25:00+00:00,8088.5,8090.0,8088.5,8088.5,11
2026-09-24 06:26:00+00:00,8088.5,8090.5,8088.5,8090.5,9
2026-09-24 06:27:00+00:00,8089.5,8089.5,8089.5,8089.5,2
2026-09-24 06:28:00+00:00,8090.0,8090.5,8090.0,8090.5,2
2026-09-24 06:29:00+00:00,8089.5,8089.5,8088.0,8089.5,17
2026-09-24 06:30:00+00:00,8088.0,8088.0,8085.5,8087.0,16
2026-09-24 06:31:00+00:00,8087.0,8088.0,8086.5,8086.5,9
2026-09-24 06:32:00+00:00,8086.5,8086.5,8086.5,8086.5,1
2026-09-24 06:33:00+00:00,8085.0,8085.0,8081.0,8081.0,40
2026-09-24 06:34:00+00:00,8080.0,8084.5,8080.0,8083.5,30
2026-09-24 06:35:00+00:00,8082.0,8082.0,8081.0,8081.5,8
2026-09-24 06:36:00+00:00,8081.5,8082.0,8079.0,8081.0,37
2026-09-24 06:37:00+00:00,8080.5,8081.0,8079.0,8081.0,13
2026-09-24 06:38:00+00:00,8081.5,8082.0,8080.5,8082.0,27
2026-09-24 06:39:00+00:00,8082.5,8083.0,8081.5,8081.5,5
2026-09-24 06:40:00+00:00,8082.5,8083.5,8082.0,8083.5,8
2026-09-24 06:41:00+00:00,8083.0,8085.0,8083.0,8085.0,35
2026-09-24 06:42:00+00:00,8086.0,8086.5,8085.5,8086.0,7
2026-09-24 06:43:00+00:00,8086.5,8089.0,8086.5,8089.0,8
2026-09-24 06:44:00+00:00,8089.5,8090.0,8086.5,8086.5,7
2026-09-24 06:45:00+00:00,8087.0,8088.0,8087.0,8088.0,2
2026-09-24 06:46:00+00:00,8090.0,8090.5,8085.5,8087.5,21
2026-09-24 06:47:00+00:00,8088.0,8088.0,8088.0,8088.0,2
2026-09-24 06:48:00+00:00,8085.5,8087.5,8085.5,8087.5,7
2026-09-24 06:49:00+00:00,8088.5,8091.0,8088.5,8091.0,9
2026-09-24 06:50:00+00:00,8093.0,8095.0,8092.5,8093.0,16
2026-09-24 06:51:00+00:00,8093.5,8093.5,8092.0,8093.0,16
2026-09-24 06:52:00+00:00,8094.0,8094.0,8091.5,8093.0,10
2026-09-24 06:53:00+00:00,8093.0,8093.0,8090.5,8091.0,9
2026-09-24 06:54:00+00:00,8091.5,8093.0,8089.0,8089.0,21
2026-09-24 06:55:00+00:00,8089.0,8092.5,8088.0,8092.5,32
2026-09-24 06:56:00+00:00,8092.0,8094.0,8092.0,8094.0,12
2026-09-24 06:57:00+00:00,8096.0,8096.5,8091.5,8095.5,86
2026-09-24 06:58:00+00:00,8096.5,8097.5,8090.5,8090.5,23
2026-09-24 06:59:00+00:00,8090.0,8092.0,8086.0,8089.5,114
2026-09-24 07:00:00+00:00,8090.5,8100.0,8088.5,8094.0,498
2026-09-24 07:01:00+00:00,8093.5,8094.0,8086.5,8086.5,284
2026-09-24 07:02:00+00:00,8086.0,8086.5,8080.5,8083.0,187
2026-09-24 07:03:00+00:00,8085.0,8093.0,8085.0,8093.0,180
2026-09-24 07:04:00+00:00,8092.5,8096.0,8092.5,8095.0,130
2026-09-24 07:05:00+00:00,8094.5,8096.5,8091.0,8094.5,172
2026-09-24 07:06:00+00:00,8094.0,8097.0,8092.0,8097.0,151
2026-09-24 07:07:00+00:00,8097.5,8097.5,8087.5,8087.5,103
2026-09-24 07:08:00+00:00,8088.0,8097.5,8088.0,8094.5,84
2026-09-24 07:09:00+00:00,8095.0,8099.0,8095.0,8098.0,74
2026-09-24 07:10:00+00:00,8099.0,8100.5,8094.5,8095.5,120
2026-09-24 07:11:00+00:00,8095.5,8101.0,8094.5,8101.0,151
2026-09-24 07:12:00+00:00,8100.5,8103.0,8098.5,8103.0,74
2026-09-24 07:13:00+00:00,8103.5,8105.0,8102.0,8104.0,62
2026-09-24 07:14:00+00:00,8104.0,8105.0,8102.5,8105.0,65
2026-09-24 07:15:00+00:00,8104.5,8105.5,8099.0,8101.5,127
2026-09-24 07:16:00+00:00,8101.5,8102.0,8097.5,8097.5,71
2026-09-24 07:17:00+00:00,8097.5,8099.0,8095.5,8095.5,56
2026-09-24 07:18:00+00:00,8096.0,8103.5,8095.5,8103.0,60
2026-09-24 07:19:00+00:00,8103.0,8104.0,8100.5,8102.0,51
2026-09-24 07:20:00+00:00,8102.0,8103.0,8100.0,8100.5,113
2026-09-24 07:21:00+00:00,8100.5,8104.5,8100.5,8102.0,69
2026-09-24 07:22:00+00:00,8102.0,8104.0,8100.5,8103.0,48
2026-09-24 07:23:00+00:00,8103.0,8103.0,8100.0,8102.5,53
2026-09-24 07:24:00+00:00,8102.0,8102.5,8097.5,8098.5,50
2026-09-24 07:25:00+00:00,8099.0,8101.0,8096.5,8099.5,98
2026-09-24 07:26:00+00:00,8099.0,8102.5,8097.5,8102.0,77
2026-09-24 07:27:00+00:00,8102.0,8105.5,8102.0,8103.5,43
2026-09-24 07:28:00+00:00,8103.5,8103.5,8101.5,8102.5,35
2026-09-24 07:29:00+00:00,8102.0,8108.5,8102.0,8108.5,61
2026-09-24 07:30:00+00:00,8109.0,8109.5,8104.0,8105.0,150
2026-09-24 07:31:00+00:00,8105.5,8108.5,8105.0,8107.5,97
2026-09-24 07:32:00+00:00,8108.0,8110.5,8106.0,8106.0,32
2026-09-24 07:33:00+00:00,8107.5,8113.5,8106.0,8113.5,124
2026-09-24 07:34:00+00:00,8114.0,8115.5,8110.5,8110.5,45
2026-09-24 07:35:00+00:00,8109.5,8110.5,8108.0,8110.0,43
2026-09-24 07:36:00+00:00,8110.5,8114.5,8110.0,8114.5,38
2026-09-24 07:37:00+00:00,8115.0,8118.0,8114.5,8118.0,65
2026-09-24 07:38:00+00:00,8118.0,8118.0,8116.0,8117.0,39
2026-09-24 07:39:00+00:00,8117.0,8117.5,8115.0,8116.5,56
2026-09-24 07:40:00+00:00,8116.5,8117.0,8113.5,8113.5,54
2026-09-24 07:41:00+00:00,8113.5,8114.5,8113.0,8113.5,30
2026-09-24 07:42:00+00:00,8113.5,8113.5,8109.5,8111.0,24
2026-09-24 07:43:00+00:00,8110.0,8113.0,8109.0,8113.0,49
2026-09-24 07:44:00+00:00,8113.5,8115.0,8111.5,8113.5,41
2026-09-24 07:45:00+00:00,8112.5,8114.5,8112.5,8114.5,35
2026-09-24 07:46:00+00:00,8114.0,8114.0,8112.0,8112.5,39
2026-09-24 07:47:00+00:00,8113.0,8114.0,8108.0,8108.0,31
2026-09-24 07:48:00+00:00,8108.5,8109.5,8106.0,8107.5,54
2026-09-24 07:49:00+00:00,8106.0,8108.5,8105.0,8107.5,27
2026-09-24 07:50:00+00:00,8106.5,8106.5,8104.0,8105.5,53
2026-09-24 07:51:00+00:00,8105.0,8106.0,8102.5,8106.0,36
2026-09-24 07:52:00+00:00,8104.5,8106.0,8104.5,8105.0,25
2026-09-24 07:53:00+00:00,8105.0,8105.5,8102.5,8103.0,28
2026-09-24 07:54:00+00:00,8103.5,8103.5,8100.5,8102.0,41
2026-09-24 07:55:00+00:00,8101.5,8102.0,8099.5,8100.0,35
2026-09-24 07:56:00+00:00,8100.0,8100.0,8096.5,8096.5,55
2026-09-24 07:57:00+00:00,8096.5,8096.5,8093.0,8093.5,25
2026-09-24 07:58:00+00:00,8094.0,8094.5,8092.5,8092.5,38
2026-09-24 07:59:00+00:00,8093.0,8093.0,8090.5,8092.0,32
2026-09-24 08:00:00+00:00,8092.5,8092.5,8087.5,8091.5,123
2026-09-24 08:01:00+00:00,8090.5,8093.5,8087.5,8093.5,78
2026-09-24 08:02:00+00:00,8093.0,8094.0,8090.5,8093.5,44
2026-09-24 08:03:00+00:00,8093.0,8097.0,8089.0,8097.0,43
2026-09-24 08:04:00+00:00,8096.5,8096.5,8091.0,8094.5,94
2026-09-24 08:05:00+00:00,8095.0,8095.5,8088.0,8088.5,65
2026-09-24 08:06:00+00:00,8088.0,8088.0,8084.0,8085.0,54
2026-09-24 08:07:00+00:00,8084.0,8084.5,8081.5,8084.0,86
2026-09-24 08:08:00+00:00,8083.5,8084.5,8077.5,8078.5,80
2026-09-24 08:09:00+00:00,8078.5,8080.5,8077.5,8077.5,43
2026-09-24 08:10:00+00:00,8077.5,8078.0,8073.5,8073.5,93
2026-09-24 08:11:00+00:00,8073.5,8073.5,8067.0,8069.0,161
2026-09-24 08:12:00+00:00,8070.0,8070.5,8065.5,8067.0,69
2026-09-24 08:13:00+00:00,8067.5,8067.5,8059.5,8060.0,87
2026-09-24 08:14:00+00:00,8059.5,8061.5,8056.5,8058.0,109
2026-09-24 08:15:00+00:00,8060.5,8061.0,8055.0,8055.0,42
2026-09-24 08:16:00+00:00,8054.5,8057.0,8052.5,8057.0,68
2026-09-24 08:17:00+00:00,8057.5,8066.5,8057.5,8064.0,56
2026-09-24 08:18:00+00:00,8064.5,8064.5,8060.0,8061.5,57
2026-09-24 08:19:00+00:00,8062.0,8068.5,8060.5,8067.0,54
2026-09-24 08:20:00+00:00,8066.5,8068.0,8063.5,8064.5,82
2026-09-24 08:21:00+00:00,8064.5,8064.5,8059.5,8059.5,34
2026-09-24 08:22:00+00:00,8060.5,8064.5,8059.0,8062.0,68
2026-09-24 08:23:00+00:00,8062.5,8066.0,8062.5,8066.0,35
2026-09-24 08:24:00+00:00,8065.5,8068.5,8063.5,8066.0,93
2026-09-24 08:25:00+00:00,8066.5,8071.0,8065.5,8066.5,106
2026-09-24 08:26:00+00:00,8065.0,8065.5,8058.5,8059.0,46
2026-09-24 08:27:00+00:00,8059.5,8061.5,8057.0,8060.0,47
2026-09-24 08:28:00+00:00,8057.5,8059.5,8056.0,8056.0,28
2026-09-24 08:29:00+00:00,8056.5,8060.5,8056.0,8058.5,22
2026-09-24 08:30:00+00:00,8058.0,8059.5,8054.5,8056.5,661
2026-09-24 08:31:00+00:00,8057.5,8064.5,8057.5,8062.5,734
2026-09-24 08:32:00+00:00,8062.0,8065.0,8059.0,8062.5,337
2026-09-24 08:33:00+00:00,8063.5,8064.5,8060.5,8061.5,49
2026-09-24 08:34:00+00:00,8059.5,8060.5,8050.0,8052.0,150
2026-09-24 08:35:00+00:00,8051.5,8054.5,8049.5,8053.0,48
2026-09-24 08:36:00+00:00,8052.5,8054.5,8052.0,8053.5,26
2026-09-24 08:37:00+00:00,8054.0,8057.0,8054.0,8055.5,33
2026-09-24 08:38:00+00:00,8055.0,8061.5,8054.5,8061.0,21
2026-09-24 08:39:00+00:00,8061.5,8062.5,8061.0,8062.0,32
2026-09-24 08:40:00+00:00,8064.5,8065.0,8061.0,8061.0,54
2026-09-24 08:41:00+00:00,8060.5,8061.5,8057.5,8059.5,37
2026-09-24 08:42:00+00:00,8059.0,8062.0,8057.0,8061.0,27
2026-09-24 08:43:00+00:00,8060.5,8060.5,8057.5,8059.5,52
2026-09-24 08:44:00+00:00,8060.0,8060.0,8056.0,8057.5,41
2026-09-24 08:45:00+00:00,8058.0,8061.0,8057.5,8058.0,39
2026-09-24 08:46:00+00:00,8057.5,8063.5,8057.5,8063.5,10
2026-09-24 08:47:00+00:00,8061.5,8063.0,8059.5,8060.5,39
2026-09-24 08:48:00+00:00,8060.5,8063.5,8058.5,8062.5,27
2026-09-24 08:49:00+00:00,8064.0,8064.5,8059.5,8062.0,14
2026-09-24 08:50:00+00:00,8062.5,8063.0,8060.5,8063.0,17
2026-09-24 08:51:00+00:00,8062.0,8064.5,8061.5,8064.0,58
2026-09-24 08:52:00+00:00,8064.0,8064.5,8061.5,8063.0,26
2026-09-24 08:53:00+00:00,8062.5,8062.5,8058.0,8058.0,140
2026-09-24 08:54:00+00:00,8057.5,8057.5,8054.0,8054.0,201
2026-09-24 08:55:00+00:00,8053.5,8056.0,8051.5,8055.5,141
2026-09-24 08:56:00+00:00,8055.5,8057.0,8055.0,8057.0,21
2026-09-24 08:57:00+00:00,8057.0,8061.5,8056.5,8061.0,21
2026-09-24 08:58:00+00:00,8061.0,8064.0,8060.5,8063.5,87
2026-09-24 08:59:00+00:00,8062.0,8063.0,8060.0,8063.0,25
2026-09-24 09:00:00+00:00,8064.0,8067.0,8063.0,8067.0,43
2026-09-24 09:01:00+00:00,8066.5,8070.5,8066.5,8068.5,52
2026-09-24 09:02:00+00:00,8068.5,8069.5,8067.5,8068.0,30
2026-09-24 09:03:00+00:00,8067.5,8069.0,8065.0,8067.0,26
2026-09-24 09:04:00+00:00,8065.0,8068.0,8065.0,8068.0,20
2026-09-24 09:05:00+00:00,8067.5,8072.0,8067.5,8070.5,52
2026-09-24 09:06:00+00:00,8070.5,8074.5,8069.5,8074.5,67
2026-09-24 09:07:00+00:00,8075.5,8078.0,8075.5,8078.0,40
2026-09-24 09:08:00+00:00,8078.5,8084.0,8078.0,8084.0,55
2026-09-24 09:09:00+00:00,8083.5,8086.0,8083.5,8084.0,82
2026-09-24 09:10:00+00:00,8084.5,8087.5,8084.5,8085.5,55
2026-09-24 09:11:00+00:00,8086.0,8086.0,8083.0,8083.0,59
2026-09-24 09:12:00+00:00,8082.0,8082.0,8076.5,8077.0,94
2026-09-24 09:13:00+00:00,8077.0,8077.5,8075.0,8077.0,103
2026-09-24 09:14:00+00:00,8077.0,8081.5,8077.0,8081.5,26
2026-09-24 09:15:00+00:00,8081.5,8082.5,8078.5,8082.0,120
2026-09-24 09:16:00+00:00,8082.0,8082.5,8080.0,8080.5,48
2026-09-24 09:17:00+00:00,8079.0,8082.5,8079.0,8080.5,25
2026-09-24 09:18:00+00:00,8079.5,8082.0,8077.5,8081.5,39
2026-09-24 09:19:00+00:00,8081.5,8083.5,8080.5,8083.5,37
2026-09-24 09:20:00+00:00,8083.0,8084.0,8081.5,8084.0,35
2026-09-24 09:21:00+00:00,8084.5,8085.0,8080.5,8080.5,34
2026-09-24 09:22:00+00:00,8081.0,8081.0,8077.0,8078.5,47
2026-09-24 09:23:00+00:00,8078.0,8082.5,8078.0,8082.5,27
2026-09-24 09:24:00+00:00,8083.0,8083.0,8080.0,8081.5,32
2026-09-24 09:25:00+00:00,8082.5,8086.0,8081.5,8085.5,34
2026-09-24 09:26:00+00:00,8085.5,8085.5,8081.5,8083.0,53
2026-09-24 09:27:00+00:00,8083.0,8083.0,8077.5,8077.5,100
2026-09-24 09:28:00+00:00,8078.0,8079.5,8076.5,8079.5,46
2026-09-24 09:29:00+00:00,8081.0,8082.0,8080.5,8081.5,34
2026-09-24 09:30:00+00:00,8082.5,8083.5,8078.5,8078.5,36
2026-09-24 09:31:00+00:00,8078.0,8078.5,8074.5,8077.5,48
2026-09-24 09:32:00+00:00,8077.5,8082.5,8077.5,8082.5,28
2026-09-24 09:33:00+00:00,8081.5,8081.5,8078.5,8079.0,11
2026-09-24 09:34:00+00:00,8080.0,8082.0,8080.0,8082.0,25
2026-09-24 09:35:00+00:00,8081.5,8083.0,8078.0,8078.0,15
2026-09-24 09:36:00+00:00,8078.5,8080.5,8076.5,8076.5,32
2026-09-24 09:37:00+00:00,8077.5,8078.5,8076.0,8076.0,87
2026-09-24 09:38:00+00:00,8076.0,8076.5,8073.5,8075.5,18
2026-09-24 09:39:00+00:00,8075.0,8079.0,8075.0,8078.0,11
2026-09-24 09:40:00+00:00,8078.0,8078.0,8077.5,8077.5,7
2026-09-24 09:41:00+00:00,8077.5,8078.0,8076.0,8078.0,34
2026-09-24 09:42:00+00:00,8077.0,8078.5,8076.0,8076.5,22
2026-09-24 09:43:00+00:00,8077.0,8077.0,8069.0,8069.0,151
2026-09-24 09:44:00+00:00,8070.5,8071.5,8068.5,8070.0,41
2026-09-24 09:45:00+00:00,8069.5,8071.5,8069.5,8070.0,17
2026-09-24 09:46:00+00:00,8070.0,8073.5,8069.5,8073.0,22
2026-09-24 09:47:00+00:00,8071.0,8073.5,8069.0,8071.0,19
2026-09-24 09:48:00+00:00,8074.0,8075.0,8071.5,8073.5,41
2026-09-24 09:49:00+00:00,8074.5,8078.0,8074.5,8077.5,19
2026-09-24 09:50:00+00:00,8076.0,8080.0,8076.0,8079.5,11
2026-09-24 09:51:00+00:00,8079.0,8079.5,8076.5,8079.0,38
2026-09-24 09:52:00+00:00,8078.5,8081.0,8078.0,8080.5,26
2026-09-24 09:53:00+00:00,8079.0,8079.0,8077.0,8077.5,21
2026-09-24 09:54:00+00:00,8076.5,8076.5,8072.5,8076.5,30
2026-09-24 09:55:00+00:00,8077.0,8082.5,8077.0,8081.0,35
2026-09-24 09:56:00+00:00,8080.5,8082.5,8079.5,8081.5,16
2026-09-24 09:57:00+00:00,8082.0,8083.5,8080.5,8083.5,17
2026-09-24 09:58:00+00:00,8082.0,8085.5,8081.5,8083.5,39
2026-09-24 09:59:00+00:00,8084.0,8089.0,8084.0,8089.0,57
2026-09-24 10:00:00+00:00,8086.5,8088.0,8085.5,8088.0,12
2026-09-24 10:01:00+00:00,8089.0,8090.5,8089.0,8089.0,28
2026-09-24 10:02:00+00:00,8090.0,8090.5,8086.5,8087.5,21
2026-09-24 10:03:00+00:00,8087.5,8087.5,8084.0,8085.0,24
2026-09-24 10:04:00+00:00,8085.5,8086.0,8081.5,8082.0,16
2026-09-24 10:05:00+00:00,8082.5,8084.0,8080.0,8082.0,28
2026-09-24 10:06:00+00:00,8080.5,8082.5,8080.5,8082.0,10
2026-09-24 10:07:00+00:00,8082.5,8084.0,8082.5,8083.5,20
2026-09-24 10:08:00+00:00,8085.0,8086.0,8083.5,8086.0,6
2026-09-24 10:09:00+00:00,8085.0,8086.0,8084.5,8084.5,11
2026-09-24 10:10:00+00:00,8084.0,8093.5,8084.0,8089.0,232
2026-09-24 10:11:00+00:00,8089.0,8091.5,8088.0,8088.0,20
2026-09-24 10:12:00+00:00,8088.0,8090.5,8087.5,8087.5,25
2026-09-24 10:13:00+00:00,8088.5,8091.5,8088.5,8089.0,16
2026-09-24 10:14:00+00:00,8087.5,8091.5,8087.5,8091.5,12
2026-09-24 10:15:00+00:00,8091.5,8093.5,8090.0,8093.5,70
2026-09-24 10:16:00+00:00,8093.0,8097.5,8092.0,8097.5,43
2026-09-24 10:17:00+00:00,8097.5,8098.5,8095.5,8095.5,38
2026-09-24 10:18:00+00:00,8096.0,8097.5,8095.0,8095.0,17
2026-09-24 10:19:00+00:00,8095.5,8097.5,8095.5,8097.0,18
2026-09-24 10:20:00+00:00,8098.0,8098.5,8097.5,8097.5,13
2026-09-24 10:21:00+00:00,8097.0,8100.0,8097.0,8100.0,30
2026-09-24 10:22:00+00:00,8100.0,8101.0,8100.0,8101.0,26
2026-09-24 10:23:00+00:00,8101.5,8102.5,8100.5,8100.5,12
2026-09-24 10:24:00+00:00,8099.5,8102.5,8096.0,8096.5,146
2026-09-24 10:25:00+00:00,8096.5,8098.5,8095.5,8097.5,44
2026-09-24 10:26:00+00:00,8097.5,8099.0,8096.5,8096.5,20
2026-09-24 10:27:00+00:00,8095.5,8097.0,8094.0,8096.5,13
2026-09-24 10:28:00+00:00,8096.0,8100.5,8095.0,8100.0,29
2026-09-24 10:29:00+00:00,8099.5,8099.5,8094.0,8094.5,45
2026-09-24 10:30:00+00:00,8095.0,8096.0,8089.5,8093.5,107
2026-09-24 10:31:00+00:00,8094.0,8097.0,8093.5,8095.5,50
2026-09-24 10:32:00+00:00,8098.5,8100.0,8098.5,8099.5,45
2026-09-24 10:33:00+00:00,8098.5,8100.0,8097.0,8097.0,56
2026-09-24 10:34:00+00:00,8097.0,8101.0,8096.5,8100.0,69
2026-09-24 10:35:00+00:00,8100.5,8100.5,8098.5,8099.5,17
2026-09-24 10:36:00+00:00,8099.0,8099.5,8098.5,8099.5,18
2026-09-24 10:37:00+00:00,8101.0,8104.0,8101.0,8104.0,23
2026-09-24 10:38:00+00:00,8103.5,8105.5,8102.0,8104.0,35
2026-09-24 10:39:00+00:00,8104.5,8105.0,8103.5,8104.0,10
2026-09-24 10:40:00+00:00,8104.5,8106.0,8104.5,8105.0,58
2026-09-24 10:41:00+00:00,8104.5,8104.5,8102.5,8103.5,26
2026-09-24 10:42:00+00:00,8104.0,8104.0,8103.0,8103.5,13
2026-09-24 10:43:00+00:00,8103.5,8103.5,8101.5,8102.5,13
2026-09-24 10:44:00+00:00,8102.5,8102.5,8101.5,8101.5,13
2026-09-24 10:45:00+00:00,8101.5,8103.0,8101.5,8102.0,22
2026-09-24 10:46:00+00:00,8102.5,8102.5,8101.0,8102.0,21
2026-09-24 10:47:00+00:00,8102.5,8103.0,8101.0,8101.0,17
2026-09-24 10:48:00+00:00,8101.0,8103.5,8101.0,8103.5,13
2026-09-24 10:49:00+00:00,8104.0,8111.0,8104.0,8109.5,138
2026-09-24 10:50:00+00:00,8110.0,8110.0,8105.0,8107.0,23
2026-09-24 10:51:00+00:00,8107.5,8107.5,8105.5,8106.0,86
2026-09-24 10:52:00+00:00,8105.5,8107.0,8105.0,8107.0,34
2026-09-24 10:53:00+00:00,8107.0,8108.0,8106.5,8108.0,25
2026-09-24 10:54:00+00:00,8108.0,8108.0,8105.0,8105.0,46
2026-09-24 10:55:00+00:00,8104.0,8104.0,8101.0,8102.5,29
2026-09-24 10:56:00+00:00,8102.5,8104.0,8102.0,8104.0,25
2026-09-24 10:57:00+00:00,8103.5,8108.0,8103.5,8108.0,32
2026-09-24 10:58:00+00:00,8108.0,8109.5,8108.0,8109.0,21
2026-09-24 10:59:00+00:00,8108.5,8109.0,8108.0,8109.0,45
2026-09-24 11:00:00+00:00,8109.0,8111.0,8108.5,8111.0,45
2026-09-24 11:01:00+00:00,8111.5,8112.5,8110.5,8112.5,55
2026-09-24 11:02:00+00:00,8112.0,8112.0,8110.0,8111.0,66
2026-09-24 11:03:00+00:00,8110.5,8110.5,8107.0,8108.0,47
2026-09-24 11:04:00+00:00,8108.0,8108.0,8106.5,8106.5,37
2026-09-24 11:05:00+00:00,8105.5,8107.0,8105.0,8107.0,34
2026-09-24 11:06:00+00:00,8107.0,8107.0,8105.0,8105.0,45
2026-09-24 11:07:00+00:00,8104.5,8106.5,8104.0,8104.0,47
2026-09-24 11:08:00+00:00,8104.5,8104.5,8099.5,8100.5,35
2026-09-24 11:09:00+00:00,8100.0,8103.0,8100.0,8102.5,28
2026-09-24 11:10:00+00:00,8101.5,8103.0,8101.5,8102.0,24
2026-09-24 11:11:00+00:00,8103.0,8103.0,8101.5,8102.5,25
2026-09-24 11:12:00+00:00,8101.5,8104.0,8101.0,8102.5,79
2026-09-24 11:13:00+00:00,8102.0,8107.0,8101.5,8107.0,15
2026-09-24 11:14:00+00:00,8107.5,8112.5,8107.5,8110.5,114
2026-09-24 11:15:00+00:00,8110.5,8118.5,8108.0,8117.5,476
2026-09-24 11:16:00+00:00,8117.5,8119.5,8114.0,8118.5,110
2026-09-24 11:17:00+00:00,8118.0,8118.0,8111.0,8111.0,64
2026-09-24 11:18:00+00:00,8111.0,8111.0,8105.5,8106.5,49
2026-09-24 11:19:00+00:00,8108.0,8108.0,8106.0,8106.5,20
2026-09-24 11:20:00+00:00,8107.0,8109.5,8105.5,8105.5,51
2026-09-24 11:21:00+00:00,8105.0,8105.0,8103.5,8104.0,28
2026-09-24 11:22:00+00:00,8104.0,8106.5,8104.0,8106.5,14
2026-09-24 11:23:00+00:00,8106.0,8107.0,8105.5,8106.0,15
2026-09-24 11:24:00+00:00,8105.5,8109.5,8105.0,8106.5,97
2026-09-24 11:25:00+00:00,8105.5,8106.0,8103.0,8104.0,34
2026-09-24 11:26:00+00:00,8104.5,8106.5,8104.0,8106.5,37
2026-09-24 11:27:00+00:00,8108.0,8108.0,8104.5,8106.0,44
2026-09-24 11:28:00+00:00,8106.5,8107.5,8103.5,8104.5,25
2026-09-24 11:29:00+00:00,8105.0,8105.0,8102.5,8102.5,7
2026-09-24 11:30:00+00:00,8102.0,8107.5,8102.0,8105.5,45
2026-09-24 11:31:00+00:00,8104.0,8105.5,8104.0,8104.0,21
2026-09-24 11:32:00+00:00,8104.0,8105.0,8104.0,8105.0,11
2026-09-24 11:33:00+00:00,8104.5,8105.5,8104.5,8105.5,15
2026-09-24 11:34:00+00:00,8105.5,8106.5,8104.5,8105.0,20
2026-09-24 11:35:00+00:00,8103.5,8106.0,8103.0,8106.0,18
2026-09-24 11:36:00+00:00,8105.5,8106.0,8104.0,8105.0,23
2026-09-24 11:37:00+00:00,8105.5,8106.5,8102.5,8103.0,23
2026-09-24 11:38:00+00:00,8102.5,8103.0,8102.0,8102.5,18
2026-09-24 11:39:00+00:00,8102.0,8102.5,8101.5,8102.0,14
2026-09-24 11:40:00+00:00,8102.0,8103.5,8101.5,8101.5,27
2026-09-24 11:41:00+00:00,8102.0,8103.0,8100.5,8101.0,28
2026-09-24 11:42:00+00:00,8100.5,8100.5,8099.0,8099.0,34
2026-09-24 11:43:00+00:00,8099.0,8099.5,8096.0,8097.5,31
2026-09-24 11:44:00+00:00,8097.0,8098.0,8096.5,8097.5,18
2026-09-24 11:45:00+00:00,8097.5,8097.5,8096.0,8096.0,25
2026-09-24 11:46:00+00:00,8095.5,8097.0,8095.5,8097.0,13
2026-09-24 11:47:00+00:00,8095.0,8096.0,8093.5,8093.5,26
2026-09-24 11:48:00+00:00,8093.5,8093.5,8091.0,8093.5,71
2026-09-24 11:49:00+00:00,8094.5,8095.5,8092.5,8093.5,39
2026-09-24 11:50:00+00:00,8092.5,8093.5,8091.5,8091.5,30
2026-09-24 11:51:00+00:00,8091.5,8094.0,8090.5,8094.0,36
2026-09-24 11:52:00+00:00,8094.5,8099.5,8094.5,8099.5,14
2026-09-24 11:53:00+00:00,8099.5,8103.0,8099.5,8101.5,49
2026-09-24 11:54:00+00:00,8101.0,8102.0,8100.5,8101.0,30
2026-09-24 11:55:00+00:00,8101.5,8104.5,8101.5,8104.0,22
2026-09-24 11:56:00+00:00,8103.5,8103.5,8100.0,8101.0,32
2026-09-24 11:57:00+00:00,8102.0,8104.0,8101.5,8104.0,17
2026-09-24 11:58:00+00:00,8105.0,8108.0,8105.0,8108.0,28
2026-09-24 11:59:00+00:00,8107.5,8111.5,8107.0,8110.0,99
2026-09-24 12:00:00+00:00,8109.5,8110.5,8106.0,8106.5,101
2026-09-24 12:01:00+00:00,8106.0,8107.5,8103.5,8103.5,113
2026-09-24 12:02:00+00:00,8104.0,8112.5,8103.0,8108.0,271
2026-09-24 12:03:00+00:00,8109.0,8109.0,8106.5,8108.0,35
2026-09-24 12:04:00+00:00,8108.0,8110.0,8106.0,8106.0,37
2026-09-24 12:05:00+00:00,8106.5,8107.0,8103.5,8104.5,31
2026-09-24 12:06:00+00:00,8103.5,8103.5,8101.5,8103.0,36
2026-09-24 12:07:00+00:00,8102.5,8103.5,8102.5,8102.5,17
2026-09-24 12:08:00+00:00,8103.0,8105.5,8103.0,8105.5,22
2026-09-24 12:09:00+00:00,8105.5,8106.0,8105.0,8105.0,11
2026-09-24 12:10:00+00:00,8105.0,8107.0,8105.0,8107.0,18
2026-09-24 12:11:00+00:00,8107.0,8108.0,8107.0,8107.0,16
2026-09-24 12:12:00+00:00,8107.0,8110.0,8107.0,8109.0,37
2026-09-24 12:13:00+00:00,8109.0,8109.5,8108.5,8109.5,18
2026-09-24 12:14:00+00:00,8109.0,8109.0,8107.5,8107.5,24
2026-09-24 12:15:00+00:00,8107.0,8108.0,8106.5,8108.0,11
2026-09-24 12:16:00+00:00,8108.5,8110.0,8107.5,8110.0,29
2026-09-24 12:17:00+00:00,8110.5,8111.5,8109.0,8111.0,37
2026-09-24 12:18:00+00:00,8111.0,8112.0,8111.0,8112.0,11
2026-09-24 12:19:00+00:00,8111.0,8111.0,8107.5,8107.5,14
2026-09-24 12:20:00+00:00,8108.0,8110.0,8108.0,8108.0,29
2026-09-24 12:21:00+00:00,8108.0,8110.0,8107.5,8109.5,28
2026-09-24 12:22:00+00:00,8109.0,8109.5,8108.0,8109.0,20
2026-09-24 12:23:00+00:00,8109.0,8109.5,8108.5,8109.0,19
2026-09-24 12:24:00+00:00,8109.0,8110.5,8107.5,8108.5,89
2026-09-24 12:25:00+00:00,8108.0,8108.5,8103.0,8106.5,166
2026-09-24 12:26:00+00:00,8106.5,8107.5,8104.5,8105.0,44
2026-09-24 12:27:00+00:00,8105.0,8105.0,8101.5,8101.5,35
2026-09-24 12:28:00+00:00,8101.5,8102.0,8101.0,8102.0,21
2026-09-24 12:29:00+00:00,8102.5,8103.5,8101.5,8103.5,61
2026-09-24 12:30:00+00:00,8103.0,8108.0,8102.0,8108.0,60
2026-09-24 12:31:00+00:00,8108.0,8108.0,8104.0,8104.0,54
2026-09-24 12:32:00+00:00,8103.5,8104.5,8103.0,8103.0,22
2026-09-24 12:33:00+00:00,8103.5,8104.5,8099.5,8099.5,47
2026-09-24 12:34:00+00:00,8099.5,8101.0,8098.0,8100.0,53
2026-09-24 12:35:00+00:00,8099.0,8099.5,8096.5,8097.5,42
2026-09-24 12:36:00+00:00,8096.0,8096.0,8093.5,8095.0,38
2026-09-24 12:37:00+00:00,8094.5,8098.5,8094.5,8094.5,11
2026-09-24 12:38:00+00:00,8093.5,8093.5,8091.5,8092.0,22
2026-09-24 12:39:00+00:00,8092.5,8095.0,8092.0,8095.0,21
2026-09-24 12:40:00+00:00,8095.0,8098.5,8095.0,8096.0,49
2026-09-24 12:41:00+00:00,8096.0,8099.0,8096.0,8099.0,29
2026-09-24 12:42:00+00:00,8099.5,8100.5,8098.0,8098.5,36
2026-09-24 12:43:00+00:00,8099.5,8101.5,8099.5,8101.0,17
2026-09-24 12:44:00+00:00,8101.0,8102.5,8101.0,8102.0,20
2026-09-24 12:45:00+00:00,8102.0,8104.5,8101.5,8102.5,37
2026-09-24 12:46:00+00:00,8102.0,8102.5,8100.5,8100.5,39
2026-09-24 12:47:00+00:00,8100.5,8100.5,8099.0,8099.0,25
2026-09-24 12:48:00+00:00,8098.5,8098.5,8094.5,8094.5,65
2026-09-24 12:49:00+00:00,8095.0,8095.0,8091.0,8092.5,49
2026-09-24 12:50:00+00:00,8092.5,8092.5,8089.5,8091.0,54
2026-09-24 12:51:00+00:00,8091.5,8094.5,8091.5,8094.0,30
2026-09-24 12:52:00+00:00,8094.5,8097.0,8094.0,8097.0,23
2026-09-24 12:53:00+00:00,8097.5,8097.5,8094.5,8094.5,30
2026-09-24 12:54:00+00:00,8094.5,8098.0,8094.5,8098.0,23
2026-09-24 12:55:00+00:00,8098.0,8100.0,8097.5,8099.5,17
2026-09-24 12:56:00+00:00,8100.0,8101.0,8099.0,8099.5,25
2026-09-24 12:57:00+00:00,8099.5,8103.0,8099.0,8102.5,27
2026-09-24 12:58:00+00:00,8102.0,8102.0,8101.0,8101.5,29
2026-09-24 12:59:00+00:00,8100.5,8101.0,8098.5,8099.5,25
2026-09-24 13:00:00+00:00,8100.0,8103.0,8100.0,8102.5,70
2026-09-24 13:01:00+00:00,8102.5,8103.5,8100.5,8102.0,38
2026-09-24 13:02:00+00:00,8102.0,8103.5,8102.0,8103.5,55
2026-09-24 13:03:00+00:00,8104.0,8104.0,8101.0,8101.5,33
2026-09-24 13:04:00+00:00,8100.5,8101.0,8099.0,8099.0,27
2026-09-24 13:05:00+00:00,8098.5,8098.5,8095.0,8096.5,34
2026-09-24 13:06:00+00:00,8096.5,8098.0,8096.0,8096.5,36
2026-09-24 13:07:00+00:00,8096.0,8097.5,8095.0,8096.0,28
2026-09-24 13:08:00+00:00,8095.0,8096.0,8095.0,8095.5,15
2026-09-24 13:09:00+00:00,8096.0,8098.0,8095.5,8096.0,29
2026-09-24 13:10:00+00:00,8096.5,8100.0,8096.5,8099.5,29
2026-09-24 13:11:00+00:00,8100.5,8104.5,8100.5,8104.5,26
2026-09-24 13:12:00+00:00,8104.0,8104.5,8103.0,8104.0,23
2026-09-24 13:13:00+00:00,8104.5,8106.0,8104.5,8105.0,21
2026-09-24 13:14:00+00:00,8105.5,8107.5,8105.0,8107.0,24
2026-09-24 13:15:00+00:00,8106.0,8108.0,8105.5,8106.5,33
2026-09-24 13:16:00+00:00,8107.0,8108.5,8107.0,8108.5,34
2026-09-24 13:17:00+00:00,8108.5,8111.0,8107.5,8110.0,41
2026-09-24 13:18:00+00:00,8111.0,8111.5,8109.5,8111.0,27
2026-09-24 13:19:00+00:00,8111.5,8111.5,8110.5,8111.0,14
2026-09-24 13:20:00+00:00,8111.5,8113.0,8111.5,8111.5,31
2026-09-24 13:21:00+00:00,8111.0,8113.0,8111.0,8111.0,26
2026-09-24 13:22:00+00:00,8111.5,8112.5,8111.0,8112.5,31
2026-09-24 13:23:00+00:00,8111.5,8111.5,8110.0,8111.0,22
2026-09-24 13:24:00+00:00,8111.0,8111.5,8111.0,8111.5,15
2026-09-24 13:25:00+00:00,8111.0,8113.0,8111.0,8113.0,34
2026-09-24 13:26:00+00:00,8112.0,8114.5,8111.5,8112.5,35
2026-09-24 13:27:00+00:00,8112.5,8113.0,8112.0,8113.0,17
2026-09-24 13:28:00+00:00,8113.5,8114.5,8111.5,8114.5,35
2026-09-24 13:29:00+00:00,8114.0,8116.0,8114.0,8116.0,50
2026-09-24 13:30:00+00:00,8116.0,8119.0,8115.5,8116.0,148
2026-09-24 13:31:00+00:00,8116.0,8116.5,8114.0,8114.5,64
2026-09-24 13:32:00+00:00,8115.0,8117.5,8115.0,8117.5,105
2026-09-24 13:33:00+00:00,8117.5,8117.5,8110.0,8110.5,78
2026-09-24 13:34:00+00:00,8111.5,8112.0,8108.5,8109.0,26
2026-09-24 13:35:00+00:00,8108.5,8108.5,8105.0,8107.5,39
2026-09-24 13:36:00+00:00,8107.5,8108.0,8104.5,8104.5,31
2026-09-24 13:37:00+00:00,8103.5,8104.5,8102.5,8103.5,33
2026-09-24 13:38:00+00:00,8104.0,8106.5,8104.0,8106.5,16
2026-09-24 13:39:00+00:00,8107.5,8108.0,8106.5,8107.0,27
2026-09-24 13:40:00+00:00,8108.0,8109.0,8107.0,8108.5,27
2026-09-24 13:41:00+00:00,8107.5,8107.5,8106.5,8107.0,21
2026-09-24 13:42:00+00:00,8107.5,8108.5,8105.5,8107.5,17
2026-09-24 13:43:00+00:00,8107.5,8111.0,8107.5,8111.0,46
2026-09-24 13:44:00+00:00,8110.5,8115.0,8110.5,8115.0,52
2026-09-24 13:45:00+00:00,8113.5,8116.5,8113.0,8116.5,34
2026-09-24 13:46:00+00:00,8116.0,8120.5,8115.0,8120.5,61
2026-09-24 13:47:00+00:00,8120.0,8122.0,8119.5,8120.5,74
2026-09-24 13:48:00+00:00,8121.0,8121.5,8120.0,8120.0,30
2026-09-24 13:49:00+00:00,8119.5,8121.5,8119.0,8120.0,58
2026-09-24 13:50:00+00:00,8120.0,8121.0,8117.5,8121.0,31
2026-09-24 13:51:00+00:00,8120.5,8122.0,8119.5,8119.5,34
2026-09-24 13:52:00+00:00,8119.5,8124.0,8119.5,8124.0,36
2026-09-24 13:53:00+00:00,8124.0,8125.0,8122.0,8122.0,51
2026-09-24 13:54:00+00:00,8123.0,8124.0,8122.0,8122.0,39
2026-09-24 13:55:00+00:00,8121.5,8123.0,8119.5,8119.5,92
2026-09-24 13:56:00+00:00,8119.0,8120.0,8116.0,8116.0,69
2026-09-24 13:57:00+00:00,8116.5,8118.0,8116.5,8117.0,38
2026-09-24 13:58:00+00:00,8117.5,8119.5,8117.5,8119.5,40
2026-09-24 13:59:00+00:00,8120.0,8124.0,8119.0,8122.0,105
2026-09-24 14:00:00+00:00,8122.5,8122.5,8119.5,8120.5,125
2026-09-24 14:01:00+00:00,8120.0,8121.0,8118.0,8118.5,50
2026-09-24 14:02:00+00:00,8119.0,8119.5,8117.5,8118.0,31
2026-09-24 14:03:00+00:00,8116.5,8117.0,8115.5,8116.5,47
2026-09-24 14:04:00+00:00,8116.0,8118.5,8116.0,8118.5,26
2026-09-24 14:05:00+00:00,8118.5,8120.0,8118.0,8119.0,51
2026-09-24 14:06:00+00:00,8119.5,8121.0,8118.0,8121.0,26
2026-09-24 14:07:00+00:00,8122.0,8123.5,8120.0,8122.0,47
2026-09-24 14:08:00+00:00,8122.0,8122.0,8120.0,8120.5,43
2026-09-24 14:09:00+00:00,8120.0,8120.0,8116.0,8116.5,61
2026-09-24 14:10:00+00:00,8117.0,8118.5,8115.5,8117.5,27
2026-09-24 14:11:00+00:00,8117.0,8118.5,8117.0,8118.5,42
2026-09-24 14:12:00+00:00,8118.0,8118.0,8115.0,8116.0,42
2026-09-24 14:13:00+00:00,8117.0,8120.0,8115.5,8115.5,33
2026-09-24 14:14:00+00:00,8115.0,8117.0,8115.0,8117.0,20
2026-09-24 14:15:00+00:00,8116.5,8116.5,8112.5,8112.5,31
2026-09-24 14:16:00+00:00,8112.5,8114.0,8112.0,8114.0,27
2026-09-24 14:17:00+00:00,8114.5,8118.0,8113.0,8115.0,144
2026-09-24 14:18:00+00:00,8115.0,8118.0,8114.5,8117.0,63
2026-09-24 14:19:00+00:00,8117.0,8117.0,8114.5,8116.0,27
2026-09-24 14:20:00+00:00,8115.5,8115.5,8111.5,8111.5,55
2026-09-24 14:21:00+00:00,8112.0,8114.0,8112.0,8112.0,21
2026-09-24 14:22:00+00:00,8112.0,8116.0,8112.0,8114.5,26
2026-09-24 14:23:00+00:00,8114.0,8114.0,8113.0,8113.5,15
2026-09-24 14:24:00+00:00,8113.5,8115.0,8113.0,8114.0,23
2026-09-24 14:25:00+00:00,8114.0,8114.5,8112.0,8112.0,27
2026-09-24 14:26:00+00:00,8112.0,8113.5,8110.5,8113.0,25
2026-09-24 14:27:00+00:00,8113.0,8114.5,8112.5,8114.0,24
2026-09-24 14:28:00+00:00,8114.0,8114.0,8112.0,8112.0,21
2026-09-24 14:29:00+00:00,8111.5,8111.5,8108.5,8109.5,48
2026-09-24 14:30:00+00:00,8110.0,8110.0,8108.5,8108.5,42
2026-09-24 14:31:00+00:00,8108.5,8109.0,8107.5,8109.0,48
2026-09-24 14:32:00+00:00,8108.5,8111.0,8107.0,8107.0,107
2026-09-24 14:33:00+00:00,8107.0,8108.5,8105.0,8108.5,31
2026-09-24 14:34:00+00:00,8109.0,8109.0,8106.5,8109.0,29
2026-09-24 14:35:00+00:00,8108.0,8109.5,8106.5,8108.0,29
2026-09-24 14:36:00+00:00,8108.0,8109.0,8106.5,8107.5,42
2026-09-24 14:37:00+00:00,8107.5,8110.5,8107.5,8109.5,27
2026-09-24 14:38:00+00:00,8109.5,8109.5,8107.0,8107.0,32
2026-09-24 14:39:00+00:00,8106.5,8107.5,8104.0,8106.5,58
2026-09-24 14:40:00+00:00,8106.0,8106.5,8105.0,8105.0,42
2026-09-24 14:41:00+00:00,8104.5,8104.5,8102.0,8102.0,62
2026-09-24 14:42:00+00:00,8102.0,8103.5,8100.0,8100.0,39
2026-09-24 14:43:00+00:00,8100.0,8101.5,8099.0,8099.0,36
2026-09-24 14:44:00+00:00,8099.5,8099.5,8096.5,8096.5,29
2026-09-24 14:45:00+00:00,8096.0,8096.5,8094.0,8094.0,79
2026-09-24 14:46:00+00:00,8093.5,8094.5,8092.0,8093.5,84
2026-09-24 14:47:00+00:00,8093.0,8095.0,8093.0,8094.5,35
2026-09-24 14:48:00+00:00,8095.0,8098.0,8095.0,8097.5,39
2026-09-24 14:49:00+00:00,8098.0,8098.5,8097.0,8097.0,46
2026-09-24 14:50:00+00:00,8096.5,8100.0,8096.0,8096.5,68
2026-09-24 14:51:00+00:00,8096.0,8097.0,8095.5,8095.5,22
2026-09-24 14:52:00+00:00,8095.5,8095.5,8092.0,8093.5,52
2026-09-24 14:53:00+00:00,8092.5,8094.0,8091.5,8093.5,37
2026-09-24 14:54:00+00:00,8093.5,8094.5,8092.5,8093.5,20
2026-09-24 14:55:00+00:00,8092.5,8092.5,8089.5,8089.5,43
2026-09-24 14:56:00+00:00,8090.0,8090.5,8089.0,8089.0,39
2026-09-24 14:57:00+00:00,8088.5,8088.5,8085.5,8086.0,62
2026-09-24 14:58:00+00:00,8085.0,8085.0,8083.5,8085.0,49
2026-09-24 14:59:00+00:00,8085.0,8090.0,8084.5,8088.5,73
2026-09-24 15:00:00+00:00,8088.0,8088.5,8086.5,8087.0,111
2026-09-24 15:01:00+00:00,8087.0,8089.5,8086.5,8088.0,30
2026-09-24 15:02:00+00:00,8088.0,8088.0,8083.5,8084.5,37
2026-09-24 15:03:00+00:00,8084.5,8085.5,8084.0,8084.0,23
2026-09-24 15:04:00+00:00,8086.0,8087.5,8086.0,8086.5,49
2026-09-24 15:05:00+00:00,8087.0,8089.0,8086.5,8087.0,39
2026-09-24 15:06:00+00:00,8087.0,8088.5,8084.0,8084.5,39
2026-09-24 15:07:00+00:00,8084.0,8084.5,8081.5,8083.0,65
2026-09-24 15:08:00+00:00,8082.5,8083.5,8082.5,8083.5,21
2026-09-24 15:09:00+00:00,8083.0,8083.0,8080.5,8083.0,30
2026-09-24 15:10:00+00:00,8083.5,8086.0,8083.0,8084.0,49
2026-09-24 15:11:00+00:00,8084.0,8085.5,8084.0,8084.5,43
2026-09-24 15:12:00+00:00,8084.0,8084.0,8082.0,8082.0,91
2026-09-24 15:13:00+00:00,8082.0,8082.0,8078.0,8078.0,96
2026-09-24 15:14:00+00:00,8078.5,8079.5,8077.0,8077.0,63
2026-09-24 15:15:00+00:00,8077.0,8077.5,8075.5,8077.0,96
2026-09-24 15:16:00+00:00,8077.0,8082.5,8077.0,8080.5,114
2026-09-24 15:17:00+00:00,8081.0,8083.0,8080.0,8082.0,55
2026-09-24 15:18:00+00:00,8082.0,8083.5,8081.0,8083.5,74
2026-09-24 15:19:00+00:00,8083.0,8083.5,8081.5,8082.0,65
2026-09-24 15:20:00+00:00,8082.5,8083.0,8081.0,8081.5,101
2026-09-24 15:21:00+00:00,8081.5,8083.0,8080.0,8083.0,66
2026-09-24 15:22:00+00:00,8083.0,8085.5,8081.5,8085.5,66
2026-09-24 15:23:00+00:00,8086.0,8087.5,8086.0,8087.5,52
2026-09-24 15:24:00+00:00,8087.0,8090.0,8087.0,8089.5,40
2026-09-24 15:25:00+00:00,8089.5,8090.0,8085.5,8086.5,129
2026-09-24 15:26:00+00:00,8086.0,8087.0,8083.0,8085.0,139
2026-09-24 15:27:00+00:00,8085.0,8085.0,8080.5,8082.0,165
2026-09-24 15:28:00+00:00,8081.5,8083.5,8080.5,8083.0,224
2026-09-24 15:29:00+00:00,8082.5,8086.0,8081.5,8084.5,477
2026-09-24 15:30:00+00:00,8085.5,8086.0,8077.0,8078.0,250
2026-09-24 15:31:00+00:00,8078.5,8082.5,8078.5,8080.0,215
2026-09-24 15:32:00+00:00,8080.0,8081.0,8077.5,8080.0,231
2026-09-24 15:33:00+00:00,8080.5,8084.0,8079.5,8082.0,239
2026-09-24 15:34:00+00:00,8082.0,8082.5,8077.0,8079.5,1228
2026-09-24 15:35:00+00:00,8080.0,8082.5,8077.5,8080.0,662
2026-09-24 15:36:00+00:00,8080.0,8084.5,8080.0,8081.5,122
2026-09-24 15:37:00+00:00,8081.5,8083.5,8078.5,8083.5,94
2026-09-24 15:38:00+00:00,8083.0,8085.0,8082.0,8084.0,44
2026-09-24 15:39:00+00:00,8083.5,8086.5,8082.0,8086.5,64
2026-09-24 15:40:00+00:00,8087.0,8088.5,8086.5,8086.5,75
2026-09-24 15:41:00+00:00,8086.0,8090.0,8086.0,8087.5,44
2026-09-24 15:42:00+00:00,8087.5,8088.5,8085.5,8088.5,42
2026-09-24 15:43:00+00:00,8088.5,8091.0,8088.0,8091.0,36
2026-09-24 15:44:00+00:00,8090.5,8093.0,8090.5,8093.0,54
2026-09-24 15:45:00+00:00,8093.5,8096.0,8093.5,8095.5,37
2026-09-24 15:46:00+00:00,8095.0,8096.5,8094.0,8095.5,54
2026-09-24 15:47:00+00:00,8096.0,8097.0,8095.0,8095.0,24
2026-09-24 15:48:00+00:00,8095.5,8095.5,8093.5,8093.5,24
2026-09-24 15:49:00+00:00,8093.0,8095.0,8091.5,8094.5,27
2026-09-24 15:50:00+00:00,8095.0,8097.5,8094.5,8097.5,109
2026-09-24 15:51:00+00:00,8097.5,8099.0,8097.0,8099.0,27
2026-09-24 15:52:00+00:00,8099.0,8099.0,8097.0,8097.0,32
2026-09-24 15:53:00+00:00,8097.0,8098.0,8096.0,8096.0,30
2026-09-24 15:54:00+00:00,8096.0,8097.0,8095.5,8097.0,20
2026-09-24 15:55:00+00:00,8097.5,8097.5,8095.0,8096.0,47
2026-09-24 15:56:00+00:00,8095.5,8096.5,8094.5,8096.0,20
2026-09-24 15:57:00+00:00,8095.5,8097.5,8095.5,8097.5,16
2026-09-24 15:58:00+00:00,8097.5,8098.5,8097.0,8098.5,12
2026-09-24 15:59:00+00:00,8098.0,8098.5,8097.0,8097.0,19
2026-09-24 16:00:00+00:00,8098.0,8098.5,8095.0,8095.0,24
2026-09-24 16:01:00+00:00,8095.0,8097.0,8093.5,8095.5,53
2026-09-24 16:02:00+00:00,8096.0,8096.0,8095.5,8095.5,11
2026-09-24 16:03:00+00:00,8095.5,8096.0,8094.5,8096.0,25
2026-09-24 16:04:00+00:00,8095.5,8098.0,8095.0,8096.5,29
2026-09-24 16:05:00+00:00,8097.5,8098.5,8096.0,8098.5,38
2026-09-24 16:06:00+00:00,8098.0,8098.0,8096.5,8096.5,31
2026-09-24 16:07:00+00:00,8096.5,8096.5,8094.0,8094.5,16
2026-09-24 16:08:00+00:00,8094.5,8094.5,8093.5,8094.0,14
2026-09-24 16:09:00+00:00,8094.5,8094.5,8093.0,8093.0,14
2026-09-24 16:10:00+00:00,8094.0,8094.5,8094.0,8094.5,7
2026-09-24 16:11:00+00:00,8093.5,8094.5,8093.0,8094.5,20
2026-09-24 16:12:00+00:00,8094.5,8095.0,8094.0,8095.0,6
2026-09-24 16:13:00+00:00,8094.0,8095.5,8093.0,8095.5,34
2026-09-24 16:14:00+00:00,8096.5,8102.5,8096.0,8102.0,74
2026-09-24 16:15:00+00:00,8102.0,8119.5,8100.5,8116.5,228
2026-09-24 16:16:00+00:00,8117.0,8150.0,8116.0,8141.5,359
2026-09-24 16:17:00+00:00,8141.0,8149.5,8137.0,8148.0,130
2026-09-24 16:18:00+00:00,8148.5,8160.0,8146.5,8146.5,205
2026-09-24 16:19:00+00:00,8145.5,8150.0,8137.0,8142.5,178
2026-09-24 16:20:00+00:00,8142.0,8148.5,8141.5,8143.5,71
2026-09-24 16:21:00+00:00,8143.0,8143.0,8139.5,8139.5,27
2026-09-24 16:22:00+00:00,8140.0,8142.5,8139.0,8141.0,23
2026-09-24 16:23:00+00:00,8142.0,8142.0,8139.0,8141.0,48
2026-09-24 16:24:00+00:00,8139.5,8143.0,8138.0,8142.5,86
2026-09-24 16:25:00+00:00,8142.0,8142.0,8134.5,8134.5,38
2026-09-24 16:26:00+00:00,8135.0,8138.0,8135.0,8135.5,26
2026-09-24 16:27:00+00:00,8135.5,8139.5,8134.0,8138.0,31
2026-09-24 16:28:00+00:00,8138.5,8139.0,8137.0,8139.0,35
2026-09-24 16:29:00+00:00,8138.0,8139.0,8137.0,8137.5,34
2026-09-24 16:30:00+00:00,8137.0,8137.0,8134.5,8137.0,26
2026-09-24 16:31:00+00:00,8136.5,8136.5,8132.5,8132.5,33
2026-09-24 16:32:00+00:00,8133.5,8133.5,8130.5,8131.5,32
2026-09-24 16:33:00+00:00,8132.5,8137.5,8132.5,8136.5,24
2026-09-24 16:34:00+00:00,8136.0,8136.5,8135.0,8136.0,8
2026-09-24 16:35:00+00:00,8134.5,8137.0,8134.0,8136.5,12
2026-09-24 16:36:00+00:00,8137.0,8140.5,8136.5,8140.0,22
2026-09-24 16:37:00+00:00,8140.5,8142.5,8140.0,8142.0,21
2026-09-24 16:38:00+00:00,8141.0,8141.5,8139.5,8140.5,17
2026-09-24 16:39:00+00:00,8141.0,8142.5,8140.0,8141.5,15
2026-09-24 16:40:00+00:00,8142.0,8147.0,8141.5,8147.0,18
2026-09-24 16:41:00+00:00,8148.0,8150.5,8148.0,8149.0,62
2026-09-24 16:42:00+00:00,8149.5,8149.5,8147.0,8148.5,15
2026-09-24 16:43:00+00:00,8148.5,8149.0,8145.5,8145.5,8
2026-09-24 16:44:00+00:00,8145.5,8145.5,8140.0,8140.0,20
2026-09-24 16:45:00+00:00,8139.5,8140.0,8138.0,8139.5,20
2026-09-24 16:46:00+00:00,8139.5,8142.0,8139.5,8141.5,41
2026-09-24 16:47:00+00:00,8140.0,8140.0,8138.5,8138.5,8
2026-09-24 16:48:00+00:00,8140.5,8143.0,8140.5,8143.0,10
2026-09-24 16:49:00+00:00,8142.5,8144.5,8142.5,8144.5,18
2026-09-24 16:50:00+00:00,8144.5,8144.5,8142.5,8142.5,7
2026-09-24 16:51:00+00:00,8142.0,8145.5,8142.0,8145.5,49
2026-09-24 16:52:00+00:00,8143.0,8143.5,8139.0,8139.0,8
2026-09-24 16:53:00+00:00,8140.5,8140.5,8137.5,8137.5,7
2026-09-24 16:54:00+00:00,8138.5,8139.0,8138.0,8139.0,8
2026-09-24 16:55:00+00:00,8138.5,8139.5,8138.5,8138.5,10
2026-09-24 16:56:00+00:00,8137.5,8139.0,8137.5,8138.0,13
2026-09-24 16:57:00+00:00,8138.5,8139.5,8138.5,8138.5,5
2026-09-24 16:58:00+00:00,8140.0,8140.0,8139.5,8139.5,2
2026-09-24 16:59:00+00:00,8138.0,8138.0,8137.0,8137.5,6
2026-09-24 17:00:00+00:00,8136.5,8136.5,8133.5,8135.0,21
2026-09-24 17:01:00+00:00,8135.0,8136.5,8133.0,8135.5,33
2026-09-24 17:02:00+00:00,8133.5,8136.0,8131.5,8136.0,33
2026-09-24 17:03:00+00:00,8136.5,8139.0,8136.5,8138.0,32
2026-09-24 17:04:00+00:00,8135.0,8135.5,8132.0,8134.5,37
2026-09-24 17:05:00+00:00,8136.0,8137.0,8135.5,8135.5,5
2026-09-24 17:06:00+00:00,8135.5,8138.0,8135.5,8138.0,3
2026-09-24 17:07:00+00:00,8138.0,8138.0,8136.5,8136.5,5
2026-09-24 17:08:00+00:00,8136.5,8136.5,8135.0,8135.5,15
2026-09-24 17:09:00+00:00,8136.0,8136.5,8136.0,8136.5,3
2026-09-24 17:10:00+00:00,8134.0,8134.0,8129.0,8132.0,69
2026-09-24 17:11:00+00:00,8130.5,8131.0,8130.5,8131.0,2
2026-09-24 17:12:00+00:00,8133.0,8133.0,8132.5,8132.5,3
2026-09-24 17:13:00+00:00,8133.5,8133.5,8133.0,8133.0,7
2026-09-24 17:14:00+00:00,8134.0,8137.5,8134.0,8137.5,12
2026-09-24 17:15:00+00:00,8137.5,8137.5,8134.0,8134.0,9
2026-09-24 17:16:00+00:00,8134.0,8135.0,8134.0,8135.0,2
2026-09-24 17:17:00+00:00,8134.0,8135.5,8134.0,8135.5,3
2026-09-24 17:18:00+00:00,8134.5,8136.0,8134.5,8135.0,11
2026-09-24 17:19:00+00:00,8134.5,8134.5,8130.0,8130.0,12
2026-09-24 17:20:00+00:00,8129.5,8130.5,8129.0,8130.5,19
2026-09-24 17:21:00+00:00,8130.0,8130.5,8130.0,8130.5,13
2026-09-24 17:22:00+00:00,8131.0,8133.5,8131.0,8132.5,8
2026-09-24 17:23:00+00:00,8131.5,8131.5,8131.5,8131.5,2
2026-09-24 17:24:00+00:00,8130.5,8130.5,8128.5,8128.5,12
2026-09-24 17:25:00+00:00,8128.0,8128.0,8127.0,8128.0,14
2026-09-24 17:26:00+00:00,8126.0,8126.0,8123.0,8123.0,5
2026-09-24 17:27:00+00:00,8124.0,8124.0,8123.5,8124.0,3
2026-09-24 17:28:00+00:00,8124.0,8125.5,8124.0,8125.5,13
2026-09-24 17:29:00+00:00,8125.0,8126.0,8125.0,8125.5,4
2026-09-24 17:30:00+00:00,8127.5,8129.5,8127.5,8129.5,21
2026-09-24 17:31:00+00:00,8129.0,8129.5,8128.5,8128.5,6
2026-09-24 17:32:00+00:00,8127.5,8128.5,8127.0,8127.5,10
2026-09-24 17:33:00+00:00,8127.0,8127.0,8126.0,8126.0,9
2026-09-24 17:34:00+00:00,8125.0,8125.0,8121.0,8121.5,17
2026-09-24 17:35:00+00:00,8121.0,8121.5,8121.0,8121.5,5
2026-09-24 17:36:00+00:00,8121.5,8121.5,8121.5,8121.5,1
2026-09-24 17:37:00+00:00,8119.5,8121.0,8119.5,8121.0,4
2026-09-24 17:38:00+00:00,8119.0,8119.5,8119.0,8119.5,13
2026-09-24 17:39:00+00:00,8120.5,8124.5,8120.5,8123.5,11
2026-09-24 17:40:00+00:00,8124.0,8124.0,8123.5,8124.0,5
2026-09-24 17:41:00+00:00,8123.5,8123.5,8121.0,8122.5,18
2026-09-24 17:42:00+00:00,8122.5,8123.0,8122.5,8123.0,11
2026-09-24 17:43:00+00:00,8122.0,8122.0,8117.5,8117.5,21
2026-09-24 17:44:00+00:00,8118.0,8119.0,8118.0,8118.0,6
2026-09-24 17:45:00+00:00,8118.5,8119.5,8118.0,8119.5,9
2026-09-24 17:46:00+00:00,8120.0,8121.5,8120.0,8121.5,11
2026-09-24 17:47:00+00:00,8122.0,8122.5,8121.0,8122.0,15
2026-09-24 17:48:00+00:00,8123.5,8124.0,8123.0,8123.0,9
2026-09-24 17:49:00+00:00,8124.5,8124.5,8124.0,8124.0,5
2026-09-24 17:50:00+00:00,8123.5,8125.0,8123.5,8125.0,7
2026-09-24 17:51:00+00:00,8125.0,8125.0,8124.5,8124.5,5
2026-09-24 17:52:00+00:00,8124.5,8124.5,8123.5,8124.0,5
2026-09-24 17:53:00+00:00,8123.5,8124.5,8123.5,8124.0,6
2026-09-24 17:54:00+00:00,8123.0,8126.0,8123.0,8124.0,33
2026-09-24 17:55:00+00:00,8123.5,8123.5,8123.5,8123.5,3
2026-09-24 17:56:00+00:00,8125.0,8126.0,8125.0,8125.5,8
2026-09-24 17:57:00+00:00,8124.0,8124.0,8121.0,8121.5,68
2026-09-24 17:58:00+00:00,8121.0,8123.0,8121.0,8123.0,5
2026-09-24 17:59:00+00:00,8122.5,8125.5,8122.5,8125.0,9
2026-09-24 18:00:00+00:00,8123.5,8124.0,8121.5,8121.5,11
2026-09-24 18:01:00+00:00,8121.5,8121.5,8118.0,8119.0,8
2026-09-24 18:02:00+00:00,8118.5,8118.5,8115.0,8115.5,23
2026-09-24 18:03:00+00:00,8115.0,8115.0,8112.0,8113.0,37
2026-09-24 18:04:00+00:00,8113.5,8115.0,8113.5,8113.5,19
2026-09-24 18:05:00+00:00,8114.0,8115.5,8112.5,8115.0,38
2026-09-24 18:06:00+00:00,8114.5,8120.0,8114.5,8120.0,13
2026-09-24 18:07:00+00:00,8119.5,8122.5,8118.5,8122.0,15
2026-09-24 18:08:00+00:00,8123.0,8124.0,8123.0,8123.5,10
2026-09-24 18:09:00+00:00,8121.5,8123.0,8121.5,8123.0,4
2026-09-24 18:10:00+00:00,8123.0,8123.0,8122.0,8122.0,8
2026-09-24 18:11:00+00:00,8122.5,8123.5,8121.0,8123.0,22
2026-09-24 18:12:00+00:00,8122.5,8123.0,8121.5,8122.0,15
2026-09-24 18:13:00+00:00,8122.5,8123.5,8122.5,8123.5,13
2026-09-24 18:14:00+00:00,8124.5,8126.0,8124.0,8125.5,18
2026-09-24 18:15:00+00:00,8126.0,8126.0,8124.0,8125.0,15
2026-09-24 18:16:00+00:00,8125.0,8127.5,8125.0,8125.0,11
2026-09-24 18:17:00+00:00,8125.5,8125.5,8123.0,8124.0,8
2026-09-24 18:18:00+00:00,8125.0,8125.0,8124.0,8124.0,4
2026-09-24 18:19:00+00:00,8123.0,8124.0,8123.0,8124.0,2
2026-09-24 18:20:00+00:00,8124.5,8124.5,8122.0,8122.5,11
2026-09-24 18:21:00+00:00,8123.0,8124.0,8122.5,8124.0,9
2026-09-24 18:22:00+00:00,8124.0,8124.0,8124.0,8124.0,1
2026-09-24 18:23:00+00:00,8124.5,8124.5,8124.5,8124.5,2
2026-09-24 18:24:00+00:00,8125.5,8125.5,8125.0,8125.0,12
2026-09-24 18:25:00+00:00,8125.5,8132.5,8125.5,8129.0,100
2026-09-24 18:26:00+00:00,8130.0,8132.5,8130.0,8130.0,11
2026-09-24 18:27:00+00:00,8130.0,8131.0,8129.5,8129.5,16
2026-09-24 18:28:00+00:00,8129.5,8132.0,8129.5,8131.5,76
2026-09-24 18:29:00+00:00,8131.0,8131.0,8130.5,8130.5,16
2026-09-24 18:30:00+00:00,8130.5,8131.0,8129.5,8131.0,16
2026-09-24 18:31:00+00:00,8130.0,8130.0,8127.5,8127.5,6
2026-09-24 18:32:00+00:00,8128.0,8129.0,8128.0,8129.0,34
2026-09-24 18:33:00+00:00,8128.0,8128.5,8127.5,8127.5,5
2026-09-24 18:34:00+00:00,8128.0,8128.0,8125.0,8125.0,5
2026-09-24 18:35:00+00:00,8126.0,8126.0,8123.0,8123.0,16
2026-09-24 18:36:00+00:00,8123.5,8124.5,8123.0,8124.5,9
2026-09-24 18:37:00+00:00,8124.0,8124.0,8124.0,8124.0,1
2026-09-24 18:38:00+00:00,8124.5,8136.0,8124.5,8136.0,119
2026-09-24 18:39:00+00:00,8136.5,8141.0,8134.0,8134.5,94
2026-09-24 18:40:00+00:00,8130.5,8131.0,8129.5,8130.0,16
2026-09-24 18:41:00+00:00,8130.0,8131.5,8129.0,8131.0,8
2026-09-24 18:42:00+00:00,8131.0,8131.5,8128.5,8129.5,11
2026-09-24 18:43:00+00:00,8128.5,8128.5,8127.5,8128.5,7
2026-09-24 18:44:00+00:00,8128.0,8128.5,8128.0,8128.5,3
2026-09-24 18:45:00+00:00,8128.5,8129.0,8128.5,8129.0,2
2026-09-24 18:46:00+00:00,8129.0,8129.0,8129.0,8129.0,3
2026-09-24 18:47:00+00:00,8128.5,8128.5,8126.5,8126.5,5
2026-09-24 18:48:00+00:00,8127.5,8127.5,8127.5,8127.5,1
2026-09-24 18:49:00+00:00,8127.0,8128.0,8127.0,8127.5,9
2026-09-24 18:50:00+00:00,8127.5,8132.5,8127.5,8132.5,26
2026-09-24 18:51:00+00:00,8131.0,8131.0,8128.0,8129.5,14
2026-09-24 18:52:00+00:00,8130.5,8131.0,8130.5,8131.0,4
2026-09-24 18:53:00+00:00,8130.5,8130.5,8129.5,8129.5,8
2026-09-24 18:54:00+00:00,8128.5,8129.5,8128.5,8129.5,14
2026-09-24 18:55:00+00:00,8129.5,8130.0,8129.5,8129.5,4
2026-09-24 18:56:00+00:00,8129.0,8132.0,8129.0,8131.5,15
2026-09-24 18:57:00+00:00,8131.5,8132.5,8131.5,8132.5,19
2026-09-24 18:58:00+00:00,8132.5,8133.5,8131.5,8132.5,62
2026-09-24 18:59:00+00:00,8132.0,8132.5,8130.0,8130.0,63
2026-09-24 19:00:00+00:00,8130.0,8130.5,8128.0,8128.5,42
2026-09-24 19:01:00+00:00,8128.5,8131.0,8125.0,8127.0,78
2026-09-24 19:02:00+00:00,8127.5,8127.5,8125.0,8125.0,6
2026-09-24 19:03:00+00:00,8123.5,8123.5,8122.0,8122.0,5
2026-09-24 19:04:00+00:00,8121.5,8121.5,8120.0,8121.0,17
2026-09-24 19:05:00+00:00,8121.5,8122.0,8121.5,8122.0,3
2026-09-24 19:06:00+00:00,8121.5,8124.0,8121.0,8123.5,9
2026-09-24 19:07:00+00:00,8122.5,8124.5,8122.5,8124.5,5
2026-09-24 19:08:00+00:00,8125.0,8125.0,8124.5,8124.5,4
2026-09-24 19:09:00+00:00,8124.0,8124.0,8124.0,8124.0,1
2026-09-24 19:10:00+00:00,8124.0,8124.0,8123.5,8123.5,6
2026-09-24 19:11:00+00:00,8122.0,8122.0,8119.5,8120.0,15
2026-09-24 19:12:00+00:00,8120.0,8120.5,8120.0,8120.5,8
2026-09-24 19:13:00+00:00,8120.0,8121.0,8120.0,8121.0,5
2026-09-24 19:14:00+00:00,8119.5,8119.5,8119.5,8119.5,1
2026-09-24 19:15:00+00:00,8120.5,8120.5,8120.0,8120.5,5
2026-09-24 19:16:00+00:00,8121.5,8123.0,8121.0,8123.0,5
2026-09-24 19:17:00+00:00,8122.0,8122.0,8121.5,8121.5,3
2026-09-24 19:18:00+00:00,8123.0,8123.0,8122.5,8122.5,5
2026-09-24 19:19:00+00:00,8121.5,8121.5,8121.5,8121.5,3
2026-09-24 19:20:00+00:00,8121.5,8121.5,8121.0,8121.0,4
2026-09-24 19:21:00+00:00,8121.5,8122.0,8121.5,8122.0,4
2026-09-24 19:22:00+00:00,8122.0,8123.0,8122.0,8123.0,9
2026-09-24 19:23:00+00:00,8124.0,8124.5,8124.0,8124.5,2
2026-09-24 19:24:00+00:00,8124.5,8125.5,8124.5,8125.0,9
2026-09-24 19:25:00+00:00,8125.5,8126.5,8125.5,8126.5,3
2026-09-24 19:26:00+00:00,8126.5,8126.5,8126.5,8126.5,2
2026-09-24 19:27:00+00:00,8126.0,8126.5,8126.0,8126.5,5
2026-09-24 19:28:00+00:00,8126.5,8127.0,8126.0,8127.0,21
2026-09-24 19:29:00+00:00,8127.0,8127.5,8125.0,8126.0,34
2026-09-24 19:30:00+00:00,8126.0,8128.0,8125.5,8127.5,28
2026-09-24 19:31:00+00:00,8127.0,8128.0,8126.0,8126.0,52
2026-09-24 19:32:00+00:00,8125.0,8125.0,8124.0,8124.0,8
2026-09-24 19:33:00+00:00,8125.0,8125.5,8125.0,8125.5,3
2026-09-24 19:34:00+00:00,8125.5,8125.5,8124.5,8125.5,10
2026-09-24 19:35:00+00:00,8125.0,8125.0,8123.0,8124.0,29
2026-09-24 19:36:00+00:00,8124.0,8124.0,8123.5,8123.5,6
2026-09-24 19:37:00+00:00,8123.5,8123.5,8122.5,8122.5,5
2026-09-24 19:38:00+00:00,8123.0,8123.5,8122.5,8123.0,33
2026-09-24 19:39:00+00:00,8123.5,8125.0,8123.5,8125.0,10
2026-09-24 19:40:00+00:00,8126.0,8126.5,8124.5,8124.5,8
2026-09-24 19:41:00+00:00,8124.0,8125.0,8124.0,8125.0,4
2026-09-24 19:42:00+00:00,8124.5,8124.5,8123.5,8123.5,2
2026-09-24 19:43:00+00:00,8123.0,8124.0,8123.0,8124.0,7
2026-09-24 19:44:00+00:00,8124.5,8125.0,8124.5,8124.5,20
2026-09-24 19:45:00+00:00,8123.5,8125.0,8123.0,8123.0,29
2026-09-24 19:46:00+00:00,8124.0,8125.0,8123.5,8125.0,38
2026-09-24 19:47:00+00:00,8125.5,8126.0,8124.0,8125.5,50
2026-09-24 19:48:00+00:00,8125.5,8125.5,8123.5,8124.0,22
2026-09-24 19:49:00+00:00,8124.0,8125.0,8121.5,8121.5,34
2026-09-24 19:50:00+00:00,8122.5,8124.0,8121.5,8121.5,27
2026-09-24 19:51:00+00:00,8121.5,8123.0,8121.0,8122.5,37
2026-09-24 19:52:00+00:00,8122.5,8126.0,8122.5,8123.0,45
2026-09-24 19:53:00+00:00,8124.5,8125.5,8124.0,8124.5,23
2026-09-24 19:54:00+00:00,8124.0,8125.5,8124.0,8124.0,10
2026-09-24 19:55:00+00:00,8124.0,8125.5,8123.5,8125.0,19
2026-09-24 19:56:00+00:00,8124.5,8125.0,8122.5,8122.5,22
2026-09-24 19:57:00+00:00,8124.0,8124.0,8121.0,8121.0,33
2026-09-24 19:58:00+00:00,8121.0,8121.0,8119.5,8119.5,49
2026-09-24 19:59:00+00:00,8119.0,8123.5,8119.0,8121.5,42
2026-09-25 06:00:00+00:00,8130.0,8134.5,8128.0,8134.0,234
2026-09-25 06:01:00+00:00,8133.5,8135.5,8133.0,8135.5,25
2026-09-25 06:02:00+00:00,8136.5,8138.5,8135.5,8136.0,40
2026-09-25 06:03:00+00:00,8135.0,8138.5,8135.0,8137.0,39
2026-09-25 06:04:00+00:00,8137.5,8142.0,8137.5,8141.5,43
2026-09-25 06:05:00+00:00,8141.5,8142.5,8140.0,8141.5,38
2026-09-25 06:06:00+00:00,8141.0,8144.5,8141.0,8142.5,22
2026-09-25 06:07:00+00:00,8142.0,8142.5,8139.5,8139.5,43
2026-09-25 06:08:00+00:00,8139.5,8139.5,8137.0,8137.0,11
2026-09-25 06:09:00+00:00,8136.0,8139.0,8135.0,8139.0,135
2026-09-25 06:10:00+00:00,8138.5,8141.5,8138.0,8140.5,22
2026-09-25 06:11:00+00:00,8141.0,8144.0,8140.5,8144.0,17
2026-09-25 06:12:00+00:00,8146.5,8146.5,8145.5,8145.5,4
2026-09-25 06:13:00+00:00,8144.0,8145.0,8144.0,8145.0,7
2026-09-25 06:14:00+00:00,8146.0,8146.5,8144.5,8144.5,7
2026-09-25 06:15:00+00:00,8144.0,8145.0,8144.0,8144.0,15
2026-09-25 06:16:00+00:00,8143.0,8145.0,8142.5,8145.0,5
2026-09-25 06:17:00+00:00,8146.0,8147.0,8144.5,8144.5,31
2026-09-25 06:18:00+00:00,8144.5,8144.5,8139.5,8139.5,33
2026-09-25 06:19:00+00:00,8140.5,8142.5,8140.5,8142.0,14
2026-09-25 06:20:00+00:00,8143.5,8144.5,8142.0,8144.0,15
2026-09-25 06:21:00+00:00,8145.5,8146.0,8143.0,8143.0,31
2026-09-25 06:22:00+00:00,8144.0,8144.0,8141.5,8141.5,8
2026-09-25 06:23:00+00:00,8141.5,8141.5,8141.0,8141.0,2
2026-09-25 06:24:00+00:00,8140.0,8142.0,8140.0,8142.0,15
2026-09-25 06:25:00+00:00,8141.0,8143.0,8140.5,8140.5,13
2026-09-25 06:26:00+00:00,8141.0,8141.5,8138.5,8139.5,19
2026-09-25 06:27:00+00:00,8139.5,8142.0,8139.0,8139.0,23
2026-09-25 06:28:00+00:00,8139.5,8139.5,8138.0,8139.0,5
2026-09-25 06:29:00+00:00,8138.0,8138.0,8135.5,8137.0,14
2026-09-25 06:30:00+00:00,8137.0,8137.5,8136.0,8137.5,9
2026-09-25 06:31:00+00:00,8138.0,8138.5,8138.0,8138.0,4
2026-09-25 06:32:00+00:00,8138.0,8139.5,8138.0,8138.5,70
2026-09-25 06:33:00+00:00,8138.0,8138.5,8136.0,8138.0,16
2026-09-25 06:34:00+00:00,8138.0,8141.5,8138.0,8141.5,15
2026-09-25 06:35:00+00:00,8141.0,8145.0,8140.0,8145.0,25
2026-09-25 06:36:00+00:00,8144.0,8144.5,8139.5,8140.0,91
2026-09-25 06:37:00+00:00,8140.5,8141.0,8139.5,8141.0,10
2026-09-25 06:38:00+00:00,8141.0,8143.0,8140.5,8142.5,12
2026-09-25 06:39:00+00:00,8143.5,8144.0,8142.5,8142.5,9
2026-09-25 06:40:00+00:00,8143.0,8145.0,8142.0,8142.0,20
2026-09-25 06:41:00+00:00,8144.0,8145.5,8144.0,8145.5,10
2026-09-25 06:42:00+00:00,8144.0,8145.5,8144.0,8145.5,5
2026-09-25 06:43:00+00:00,8144.5,8144.5,8143.0,8143.0,31
2026-09-25 06:44:00+00:00,8142.5,8144.5,8141.5,8143.5,27
2026-09-25 06:45:00+00:00,8143.0,8143.5,8141.0,8142.5,11
2026-09-25 06:46:00+00:00,8143.0,8144.0,8143.0,8143.5,12
2026-09-25 06:47:00+00:00,8144.0,8144.0,8142.0,8142.5,10
2026-09-25 06:48:00+00:00,8142.0,8143.0,8140.5,8140.5,22
2026-09-25 06:49:00+00:00,8140.5,8142.5,8140.5,8142.5,10
2026-09-25 06:50:00+00:00,8143.5,8143.5,8140.5,8141.5,91
2026-09-25 06:51:00+00:00,8140.5,8141.5,8135.5,8135.5,62
2026-09-25 06:52:00+00:00,8134.5,8137.5,8134.5,8135.5,20
2026-09-25 06:53:00+00:00,8134.5,8136.5,8134.0,8135.5,17
2026-09-25 06:54:00+00:00,8135.0,8136.5,8134.0,8136.5,15
2026-09-25 06:55:00+00:00,8137.5,8139.0,8136.0,8136.5,26
2026-09-25 06:56:00+00:00,8136.5,8138.0,8136.5,8137.5,9
2026-09-25 06:57:00+00:00,8137.5,8138.5,8134.0,8136.0,38
2026-09-25 06:58:00+00:00,8135.0,8135.0,8132.5,8133.0,17
2026-09-25 06:59:00+00:00,8133.0,8134.0,8122.0,8122.0,271
2026-09-25 07:00:00+00:00,8123.5,8138.0,8118.5,8133.0,895
2026-09-25 07:01:00+00:00,8132.0,8135.0,8122.5,8125.0,296
2026-09-25 07:02:00+00:00,8125.0,8132.0,8125.0,8128.5,366
2026-09-25 07:03:00+00:00,8129.0,8129.5,8121.0,8123.5,220
2026-09-25 07:04:00+00:00,8122.5,8123.5,8119.0,8119.5,125
2026-09-25 07:05:00+00:00,8119.0,8124.5,8117.5,8121.5,228
2026-09-25 07:06:00+00:00,8122.0,8125.0,8118.0,8119.0,138
2026-09-25 07:07:00+00:00,8119.0,8122.5,8115.5,8117.0,106
2026-09-25 07:08:00+00:00,8117.5,8120.0,8116.0,8118.5,85
2026-09-25 07:09:00+00:00,8117.5,8121.0,8116.5,8120.0,102
2026-09-25 07:10:00+00:00,8120.5,8126.0,8120.0,8121.5,138
2026-09-25 07:11:00+00:00,8120.5,8121.0,8117.0,8117.0,86
2026-09-25 07:12:00+00:00,8116.0,8116.5,8112.5,8112.5,93
2026-09-25 07:13:00+00:00,8112.5,8114.5,8111.5,8113.5,90
2026-09-25 07:14:00+00:00,8113.0,8113.5,8110.5,8110.5,59
2026-09-25 07:15:00+00:00,8110.0,8110.0,8106.0,8107.0,142
2026-09-25 07:16:00+00:00,8106.5,8107.5,8102.5,8103.0,101
2026-09-25 07:17:00+00:00,8102.5,8104.0,8101.5,8103.0,110
2026-09-25 07:18:00+00:00,8102.5,8105.0,8102.0,8102.5,108
2026-09-25 07:19:00+00:00,8102.5,8106.5,8102.0,8106.0,110
2026-09-25 07:20:00+00:00,8106.0,8111.5,8105.5,8111.5,149
2026-09-25 07:21:00+00:00,8111.0,8112.5,8109.5,8110.5,96
2026-09-25 07:22:00+00:00,8111.0,8114.5,8110.5,8110.5,90
2026-09-25 07:23:00+00:00,8109.5,8114.0,8107.5,8114.0,66
2026-09-25 07:24:00+00:00,8113.5,8117.5,8113.5,8116.5,66
2026-09-25 07:25:00+00:00,8116.0,8116.5,8113.0,8113.5,75
2026-09-25 07:26:00+00:00,8112.5,8114.5,8112.0,8112.0,77
2026-09-25 07:27:00+00:00,8112.0,8115.5,8111.0,8114.5,56
2026-09-25 07:28:00+00:00,8115.0,8116.0,8113.5,8115.5,46
2026-09-25 07:29:00+00:00,8115.0,8116.5,8115.0,8116.0,43
2026-09-25 07:30:00+00:00,8116.5,8118.5,8114.0,8114.0,74
2026-09-25 07:31:00+00:00,8114.5,8114.5,8111.0,8111.0,47
2026-09-25 07:32:00+00:00,8111.5,8111.5,8105.5,8105.5,44
2026-09-25 07:33:00+00:00,8106.0,8107.0,8099.5,8100.0,96
2026-09-25 07:34:00+00:00,8099.5,8099.5,8097.0,8097.0,90
2026-09-25 07:35:00+00:00,8096.5,8099.5,8096.5,8098.0,72
2026-09-25 07:36:00+00:00,8098.5,8101.5,8098.5,8101.0,65
2026-09-25 07:37:00+00:00,8100.5,8102.5,8099.0,8101.0,132
2026-09-25 07:38:00+00:00,8099.5,8100.5,8097.5,8100.5,64
2026-09-25 07:39:00+00:00,8100.0,8101.0,8100.0,8100.0,30
2026-09-25 07:40:00+00:00,8100.0,8102.0,8099.5,8099.5,57
2026-09-25 07:41:00+00:00,8099.5,8101.0,8097.5,8101.0,73
2026-09-25 07:42:00+00:00,8100.5,8105.0,8099.5,8105.0,84
2026-09-25 07:43:00+00:00,8104.0,8105.0,8101.5,8102.0,127
2026-09-25 07:44:00+00:00,8101.5,8101.5,8098.5,8099.5,109
2026-09-25 07:45:00+00:00,8100.0,8102.5,8097.5,8097.5,83
2026-09-25 07:46:00+00:00,8097.5,8097.5,8094.5,8096.0,56
2026-09-25 07:47:00+00:00,8095.5,8096.0,8090.5,8090.5,42
2026-09-25 07:48:00+00:00,8091.0,8091.5,8083.5,8083.5,123
2026-09-25 07:49:00+00:00,8083.5,8086.5,8082.5,8082.5,105
2026-09-25 07:50:00+00:00,8083.0,8089.5,8082.5,8088.5,141
2026-09-25 07:51:00+00:00,8088.0,8089.0,8086.0,8086.0,90
2026-09-25 07:52:00+00:00,8086.0,8087.0,8085.0,8085.5,72
2026-09-25 07:53:00+00:00,8085.5,8089.5,8085.0,8089.5,50
2026-09-25 07:54:00+00:00,8089.0,8090.0,8088.0,8089.0,38
2026-09-25 07:55:00+00:00,8089.0,8092.0,8088.5,8091.0,83
2026-09-25 07:56:00+00:00,8090.5,8092.0,8090.0,8091.5,27
2026-09-25 07:57:00+00:00,8092.0,8092.0,8089.5,8091.5,40
2026-09-25 07:58:00+00:00,8091.5,8095.0,8091.0,8094.0,65
2026-09-25 07:59:00+00:00,8094.5,8095.5,8094.0,8094.0,21
2026-09-25 08:00:00+00:00,8094.5,8095.5,8091.0,8091.5,60
2026-09-25 08:01:00+00:00,8091.0,8092.0,8089.5,8090.5,63
2026-09-25 08:02:00+00:00,8090.0,8090.0,8087.0,8087.0,69
2026-09-25 08:03:00+00:00,8087.5,8088.5,8086.0,8088.0,35
2026-09-25 08:04:00+00:00,8087.0,8088.5,8086.5,8087.5,24
2026-09-25 08:05:00+00:00,8087.5,8091.0,8087.0,8089.0,73
2026-09-25 08:06:00+00:00,8089.0,8092.0,8086.5,8090.5,89
2026-09-25 08:07:00+00:00,8088.5,8092.5,8088.5,8092.5,30
2026-09-25 08:08:00+00:00,8092.0,8094.5,8092.0,8093.5,35
2026-09-25 08:09:00+00:00,8093.5,8094.5,8091.5,8093.0,47
2026-09-25 08:10:00+00:00,8092.5,8093.5,8092.5,8093.0,17
2026-09-25 08:11:00+00:00,8092.5,8092.5,8091.0,8092.0,36
2026-09-25 08:12:00+00:00,8092.0,8099.5,8091.5,8099.5,87
2026-09-25 08:13:00+00:00,8099.5,8100.0,8098.5,8100.0,30
2026-09-25 08:14:00+00:00,8100.5,8102.0,8099.0,8099.0,26
2026-09-25 08:15:00+00:00,8098.0,8101.0,8098.0,8101.0,47
2026-09-25 08:16:00+00:00,8101.0,8102.0,8099.0,8102.0,41
2026-09-25 08:17:00+00:00,8101.5,8102.0,8097.0,8097.0,31
2026-09-25 08:18:00+00:00,8096.5,8096.5,8094.0,8094.0,18
2026-09-25 08:19:00+00:00,8094.5,8096.5,8094.5,8096.0,50
2026-09-25 08:20:00+00:00,8096.5,8097.0,8095.5,8096.5,31
2026-09-25 08:21:00+00:00,8096.5,8098.5,8096.0,8098.5,32
2026-09-25 08:22:00+00:00,8097.5,8098.0,8096.5,8097.0,28
2026-09-25 08:23:00+00:00,8096.5,8096.5,8092.0,8094.0,60
2026-09-25 08:24:00+00:00,8094.0,8098.0,8094.0,8098.0,24
2026-09-25 08:25:00+00:00,8098.5,8102.0,8098.5,8101.0,45
2026-09-25 08:26:00+00:00,8101.0,8103.5,8100.5,8103.0,50
2026-09-25 08:27:00+00:00,8103.0,8106.0,8103.0,8106.0,31
2026-09-25 08:28:00+00:00,8106.0,8110.0,8106.0,8110.0,36
2026-09-25 08:29:00+00:00,8109.0,8110.5,8108.5,8110.0,55
2026-09-25 08:30:00+00:00,8109.5,8109.5,8104.5,8104.5,49
2026-09-25 08:31:00+00:00,8105.0,8108.5,8105.0,8108.5,53
2026-09-25 08:32:00+00:00,8109.0,8110.0,8105.5,8106.0,39
2026-09-25 08:33:00+00:00,8106.5,8107.5,8105.0,8106.5,39
2026-09-25 08:34:00+00:00,8107.5,8109.0,8107.5,8109.0,32
2026-09-25 08:35:00+00:00,8108.5,8111.5,8107.5,8108.0,40
2026-09-25 08:36:00+00:00,8107.5,8108.5,8104.0,8104.0,30
2026-09-25 08:37:00+00:00,8103.5,8104.5,8102.5,8102.5,24
2026-09-25 08:38:00+00:00,8103.5,8106.5,8103.5,8106.0,67
2026-09-25 08:39:00+00:00,8106.0,8106.0,8103.5,8105.0,15
2026-09-25 08:40:00+00:00,8105.5,8108.5,8105.5,8108.0,17
2026-09-25 08:41:00+00:00,8109.0,8112.5,8109.0,8111.5,50
2026-09-25 08:42:00+00:00,8111.5,8112.0,8110.0,8111.5,45
2026-09-25 08:43:00+00:00,8110.5,8113.0,8110.0,8112.0,28
2026-09-25 08:44:00+00:00,8112.0,8114.5,8112.0,8113.0,40
2026-09-25 08:45:00+00:00,8113.5,8117.0,8113.5,8116.0,60
2026-09-25 08:46:00+00:00,8116.5,8118.0,8116.0,8116.0,36
2026-09-25 08:47:00+00:00,8114.5,8115.0,8114.5,8114.5,19
2026-09-25 08:48:00+00:00,8113.0,8113.5,8110.5,8110.5,52
2026-09-25 08:49:00+00:00,8110.5,8113.0,8110.5,8112.0,23
2026-09-25 08:50:00+00:00,8112.5,8114.0,8112.5,8112.5,28
2026-09-25 08:51:00+00:00,8112.0,8112.5,8110.5,8111.5,32
2026-09-25 08:52:00+00:00,8111.0,8114.5,8111.0,8114.0,56
2026-09-25 08:53:00+00:00,8114.5,8114.5,8113.0,8113.0,11
2026-09-25 08:54:00+00:00,8113.5,8117.0,8113.5,8117.0,43
2026-09-25 08:55:00+00:00,8117.5,8120.0,8117.0,8119.0,62
2026-09-25 08:56:00+00:00,8118.5,8119.5,8117.5,8118.5,50
2026-09-25 08:57:00+00:00,8120.0,8121.0,8120.0,8121.0,29
2026-09-25 08:58:00+00:00,8121.0,8123.0,8120.0,8121.0,46
2026-09-25 08:59:00+00:00,8121.0,8121.5,8118.5,8118.5,25
2026-09-25 09:00:00+00:00,8118.5,8120.5,8116.5,8120.0,55
2026-09-25 09:01:00+00:00,8120.5,8120.5,8115.5,8116.5,39
2026-09-25 09:02:00+00:00,8117.5,8118.5,8116.0,8117.5,57
2026-09-25 09:03:00+00:00,8118.0,8120.0,8118.0,8118.0,32
2026-09-25 09:04:00+00:00,8118.5,8119.0,8116.5,8117.0,17
2026-09-25 09:05:00+00:00,8116.0,8117.5,8116.0,8116.5,33
2026-09-25 09:06:00+00:00,8117.0,8119.0,8117.0,8119.0,39
2026-09-25 09:07:00+00:00,8118.5,8119.5,8117.5,8119.5,34
2026-09-25 09:08:00+00:00,8119.0,8121.5,8119.0,8121.0,26
2026-09-25 09:09:00+00:00,8121.0,8121.0,8120.5,8121.0,12
2026-09-25 09:10:00+00:00,8121.0,8121.5,8118.0,8118.5,26
2026-09-25 09:11:00+00:00,8118.0,8118.0,8115.0,8116.0,37
2026-09-25 09:12:00+00:00,8115.5,8117.0,8115.5,8116.5,19
2026-09-25 09:13:00+00:00,8116.5,8118.5,8116.0,8116.5,31
2026-09-25 09:14:00+00:00,8117.0,8117.0,8114.5,8114.5,19
2026-09-25 09:15:00+00:00,8114.0,8118.5,8114.0,8116.5,146
2026-09-25 09:16:00+00:00,8117.5,8117.5,8116.0,8116.0,13
2026-09-25 09:17:00+00:00,8115.0,8115.0,8111.5,8111.5,28
2026-09-25 09:18:00+00:00,8111.0,8111.0,8109.5,8111.0,48
2026-09-25 09:19:00+00:00,8111.0,8112.0,8110.0,8110.0,31
2026-09-25 09:20:00+00:00,8110.5,8111.0,8108.0,8110.0,44
2026-09-25 09:21:00+00:00,8109.5,8109.5,8106.5,8108.0,34
2026-09-25 09:22:00+00:00,8108.5,8108.5,8106.0,8107.0,71
2026-09-25 09:23:00+00:00,8108.0,8110.0,8108.0,8108.5,33
2026-09-25 09:24:00+00:00,8108.5,8110.5,8108.5,8110.5,23
2026-09-25 09:25:00+00:00,8110.0,8110.0,8107.5,8107.5,21
2026-09-25 09:26:00+00:00,8106.0,8107.0,8105.0,8105.0,39
2026-09-25 09:27:00+00:00,8104.5,8104.5,8100.5,8102.0,69
2026-09-25 09:28:00+00:00,8102.5,8104.0,8102.0,8104.0,34
2026-09-25 09:29:00+00:00,8104.5,8104.5,8104.0,8104.0,10
2026-09-25 09:30:00+00:00,8105.0,8106.5,8102.5,8105.5,64
2026-09-25 09:31:00+00:00,8105.5,8106.0,8104.0,8105.0,31
2026-09-25 09:32:00+00:00,8105.0,8106.0,8103.0,8103.5,25
2026-09-25 09:33:00+00:00,8104.0,8105.0,8103.5,8105.0,21
2026-09-25 09:34:00+00:00,8105.0,8106.0,8103.5,8103.5,22
2026-09-25 09:35:00+00:00,8104.0,8104.0,8101.0,8103.0,32
2026-09-25 09:36:00+00:00,8103.5,8104.0,8100.5,8101.5,37
2026-09-25 09:37:00+00:00,8102.0,8102.0,8101.0,8102.0,12
2026-09-25 09:38:00+00:00,8101.5,8101.5,8100.5,8100.5,14
2026-09-25 09:39:00+00:00,8100.0,8103.0,8100.0,8103.0,52
2026-09-25 09:40:00+00:00,8103.0,8103.5,8100.0,8103.5,53
2026-09-25 09:41:00+00:00,8103.5,8103.5,8101.5,8102.0,34
2026-09-25 09:42:00+00:00,8101.0,8102.0,8100.0,8100.0,29
2026-09-25 09:43:00+00:00,8100.5,8100.5,8097.5,8100.0,43
2026-09-25 09:44:00+00:00,8098.5,8099.0,8097.5,8098.5,61
2026-09-25 09:45:00+00:00,8098.5,8098.5,8096.0,8096.0,55
2026-09-25 09:46:00+00:00,8095.5,8097.0,8095.0,8096.0,42
2026-09-25 09:47:00+00:00,8095.0,8098.0,8095.0,8098.0,53
2026-09-25 09:48:00+00:00,8097.5,8099.0,8096.0,8098.0,53
2026-09-25 09:49:00+00:00,8099.0,8100.0,8097.0,8098.5,42
2026-09-25 09:50:00+00:00,8099.5,8099.5,8094.0,8096.0,101
2026-09-25 09:51:00+00:00,8095.5,8098.0,8095.5,8097.0,95
2026-09-25 09:52:00+00:00,8097.0,8098.5,8095.0,8095.5,65
2026-09-25 09:53:00+00:00,8096.0,8098.5,8095.5,8098.0,72
2026-09-25 09:54:00+00:00,8098.5,8102.5,8098.5,8101.5,72
2026-09-25 09:55:00+00:00,8101.0,8102.5,8099.5,8102.0,76
2026-09-25 09:56:00+00:00,8102.0,8106.5,8102.0,8106.0,108
2026-09-25 09:57:00+00:00,8106.0,8106.5,8104.5,8104.5,66
2026-09-25 09:58:00+00:00,8105.0,8106.0,8104.0,8105.0,60
2026-09-25 09:59:00+00:00,8105.0,8106.0,8100.0,8100.5,54
2026-09-25 10:00:00+00:00,8100.5,8101.5,8097.5,8100.0,75
2026-09-25 10:01:00+00:00,8100.0,8100.5,8099.5,8100.5,31
2026-09-25 10:02:00+00:00,8101.0,8101.5,8099.0,8099.0,26
2026-09-25 10:03:00+00:00,8098.5,8098.5,8096.5,8097.0,23
2026-09-25 10:04:00+00:00,8097.5,8098.5,8097.0,8097.0,32
2026-09-25 10:05:00+00:00,8097.5,8097.5,8095.5,8095.5,21
2026-09-25 10:06:00+00:00,8097.0,8098.0,8095.0,8096.0,21
2026-09-25 10:07:00+00:00,8096.0,8096.0,8093.5,8093.5,19
2026-09-25 10:08:00+00:00,8093.0,8094.5,8093.0,8094.0,37
2026-09-25 10:09:00+00:00,8094.0,8095.0,8093.5,8094.5,40
2026-09-25 10:10:00+00:00,8095.0,8096.0,8094.0,8096.0,20
2026-09-25 10:11:00+00:00,8095.5,8098.0,8095.5,8097.0,31
2026-09-25 10:12:00+00:00,8097.5,8099.0,8097.0,8099.0,21
2026-09-25 10:13:00+00:00,8099.5,8100.0,8098.5,8099.5,30
2026-09-25 10:14:00+00:00,8100.0,8100.0,8098.0,8098.0,19
2026-09-25 10:15:00+00:00,8097.5,8098.0,8094.5,8095.0,25
2026-09-25 10:16:00+00:00,8095.0,8095.5,8094.0,8094.0,26
2026-09-25 10:17:00+00:00,8094.5,8095.5,8093.5,8094.0,14
2026-09-25 10:18:00+00:00,8095.0,8095.0,8094.5,8094.5,20
2026-09-25 10:19:00+00:00,8095.5,8097.0,8095.5,8096.5,18
2026-09-25 10:20:00+00:00,8097.0,8097.0,8095.0,8096.0,59
2026-09-25 10:21:00+00:00,8096.0,8098.5,8095.5,8098.5,81
2026-09-25 10:22:00+00:00,8098.5,8099.5,8095.5,8099.0,54
2026-09-25 10:23:00+00:00,8098.5,8102.0,8098.5,8100.5,18
2026-09-25 10:24:00+00:00,8101.0,8102.0,8100.0,8100.0,8
2026-09-25 10:25:00+00:00,8100.5,8101.0,8099.5,8100.5,17
2026-09-25 10:26:00+00:00,8100.0,8100.0,8099.0,8099.5,17
2026-09-25 10:27:00+00:00,8099.5,8100.0,8099.0,8100.0,14
2026-09-25 10:28:00+00:00,8099.0,8099.0,8097.0,8098.0,25
2026-09-25 10:29:00+00:00,8098.0,8098.0,8097.5,8097.5,6
2026-09-25 10:30:00+00:00,8097.0,8097.5,8096.0,8096.5,23
2026-09-25 10:31:00+00:00,8094.5,8094.5,8091.5,8092.0,34
2026-09-25 10:32:00+00:00,8091.5,8092.0,8090.0,8090.0,41
2026-09-25 10:33:00+00:00,8090.0,8090.5,8088.5,8089.0,35
2026-09-25 10:34:00+00:00,8088.5,8090.0,8088.0,8089.0,40
2026-09-25 10:35:00+00:00,8088.5,8091.0,8088.5,8089.5,8
2026-09-25 10:36:00+00:00,8090.5,8090.5,8088.0,8088.5,21
2026-09-25 10:37:00+00:00,8089.5,8090.0,8089.0,8089.0,9
2026-09-25 10:38:00+00:00,8089.0,8089.0,8086.0,8086.0,41
2026-09-25 10:39:00+00:00,8085.5,8088.0,8085.5,8087.0,72
2026-09-25 10:40:00+00:00,8087.0,8087.0,8083.0,8084.0,63
2026-09-25 10:41:00+00:00,8084.5,8084.5,8083.0,8083.0,24
2026-09-25 10:42:00+00:00,8083.5,8083.5,8079.0,8079.0,67
2026-09-25 10:43:00+00:00,8079.0,8080.0,8078.5,8079.5,23
2026-09-25 10:44:00+00:00,8080.0,8080.0,8074.5,8076.0,47
2026-09-25 10:45:00+00:00,8076.0,8077.0,8075.0,8075.0,28
2026-09-25 10:46:00+00:00,8075.5,8075.5,8073.5,8075.0,45
2026-09-25 10:47:00+00:00,8075.5,8078.0,8075.0,8078.0,36
2026-09-25 10:48:00+00:00,8078.0,8080.0,8076.5,8077.5,49
2026-09-25 10:49:00+00:00,8076.5,8076.5,8073.5,8076.0,39
2026-09-25 10:50:00+00:00,8075.0,8076.5,8075.0,8075.5,9
2026-09-25 10:51:00+00:00,8076.0,8076.0,8074.5,8075.5,26
2026-09-25 10:52:00+00:00,8075.5,8076.0,8074.5,8075.5,18
2026-09-25 10:53:00+00:00,8076.0,8078.5,8073.0,8078.5,27
2026-09-25 10:54:00+00:00,8078.5,8083.0,8078.5,8082.5,13
2026-09-25 10:55:00+00:00,8082.0,8083.0,8082.0,8082.5,24
2026-09-25 10:56:00+00:00,8082.5,8085.0,8081.0,8085.0,39
2026-09-25 10:57:00+00:00,8084.5,8085.0,8083.5,8084.0,13
2026-09-25 10:58:00+00:00,8082.5,8083.0,8082.0,8083.0,27
2026-09-25 10:59:00+00:00,8082.5,8084.0,8081.5,8084.0,26
2026-09-25 11:00:00+00:00,8084.0,8085.5,8083.0,8085.5,49
2026-09-25 11:01:00+00:00,8085.5,8087.5,8084.5,8084.5,16
2026-09-25 11:02:00+00:00,8084.5,8086.0,8083.0,8083.5,31
2026-09-25 11:03:00+00:00,8083.5,8084.5,8080.0,8080.0,37
2026-09-25 11:04:00+00:00,8080.0,8082.5,8080.0,8082.5,12
2026-09-25 11:05:00+00:00,8082.0,8084.0,8081.5,8084.0,20
2026-09-25 11:06:00+00:00,8085.5,8088.0,8085.5,8088.0,15
2026-09-25 11:07:00+00:00,8088.0,8090.0,8087.0,8089.5,15
2026-09-25 11:08:00+00:00,8090.5,8091.0,8088.5,8091.0,19
2026-09-25 11:09:00+00:00,8091.5,8097.5,8091.5,8097.0,70
2026-09-25 11:10:00+00:00,8097.0,8101.0,8097.0,8098.0,106
2026-09-25 11:11:00+00:00,8098.5,8101.5,8097.5,8100.0,87
2026-09-25 11:12:00+00:00,8099.0,8099.5,8098.0,8099.0,27
2026-09-25 11:13:00+00:00,8098.5,8098.5,8096.0,8097.5,16
2026-09-25 11:14:00+00:00,8097.5,8099.5,8097.5,8099.5,14
2026-09-25 11:15:00+00:00,8100.0,8104.0,8099.5,8100.0,111
2026-09-25 11:16:00+00:00,8100.0,8103.5,8099.5,8101.5,24
2026-09-25 11:17:00+00:00,8100.5,8101.5,8100.5,8101.5,22
2026-09-25 11:18:00+00:00,8101.0,8101.0,8098.0,8099.0,19
2026-09-25 11:19:00+00:00,8098.0,8099.0,8097.5,8099.0,18
2026-09-25 11:20:00+00:00,8098.0,8099.5,8098.0,8099.0,21
2026-09-25 11:21:00+00:00,8100.0,8100.0,8097.0,8098.0,36
2026-09-25 11:22:00+00:00,8097.5,8099.0,8096.5,8098.5,16
2026-09-25 11:23:00+00:00,8099.0,8100.0,8099.0,8100.0,11
2026-09-25 11:24:00+00:00,8100.5,8101.0,8100.5,8100.5,14
2026-09-25 11:25:00+00:00,8101.0,8102.5,8101.0,8101.5,20
2026-09-25 11:26:00+00:00,8101.5,8102.5,8101.5,8102.5,26
2026-09-25 11:27:00+00:00,8102.0,8104.5,8101.5,8104.5,16
2026-09-25 11:28:00+00:00,8104.0,8104.0,8102.5,8102.5,9
2026-09-25 11:29:00+00:00,8101.5,8101.5,8099.5,8099.5,23
2026-09-25 11:30:00+00:00,8100.5,8101.0,8099.0,8099.0,19
2026-09-25 11:31:00+00:00,8099.5,8100.0,8097.5,8099.5,25
2026-09-25 11:32:00+00:00,8100.0,8100.5,8099.5,8100.5,5
2026-09-25 11:33:00+00:00,8101.0,8101.0,8099.0,8099.0,11
2026-09-25 11:34:00+00:00,8098.5,8099.5,8098.0,8098.5,19
2026-09-25 11:35:00+00:00,8098.5,8106.5,8098.0,8103.0,202
2026-09-25 11:36:00+00:00,8103.0,8103.0,8099.5,8099.5,26
2026-09-25 11:37:00+00:00,8099.5,8100.5,8099.0,8099.0,10
2026-09-25 11:38:00+00:00,8100.0,8100.5,8100.0,8100.0,10
2026-09-25 11:39:00+00:00,8099.0,8099.0,8098.5,8098.5,12
2026-09-25 11:40:00+00:00,8098.5,8099.5,8098.5,8099.0,24
2026-09-25 11:41:00+00:00,8098.0,8098.0,8096.5,8097.0,13
2026-09-25 11:42:00+00:00,8097.5,8097.5,8095.5,8095.5,23
2026-09-25 11:43:00+00:00,8095.5,8099.0,8095.5,8099.0,15
2026-09-25 11:44:00+00:00,8099.5,8101.0,8099.5,8101.0,11
2026-09-25 11:45:00+00:00,8101.0,8101.5,8099.5,8101.0,21
2026-09-25 11:46:00+00:00,8100.5,8101.0,8098.5,8099.0,65
2026-09-25 11:47:00+00:00,8100.0,8101.0,8099.0,8101.0,21
2026-09-25 11:48:00+00:00,8100.5,8103.0,8100.5,8102.5,17
2026-09-25 11:49:00+00:00,8103.0,8103.5,8100.0,8100.0,19
2026-09-25 11:50:00+00:00,8099.0,8099.0,8097.0,8098.5,21
2026-09-25 11:51:00+00:00,8099.0,8099.0,8096.5,8097.0,26
2026-09-25 11:52:00+00:00,8097.0,8098.0,8097.0,8097.5,12
2026-09-25 11:53:00+00:00,8097.5,8099.5,8097.5,8099.5,23
2026-09-25 11:54:00+00:00,8099.0,8100.0,8099.0,8099.0,19
2026-09-25 11:55:00+00:00,8098.0,8098.5,8095.5,8095.5,23
2026-09-25 11:56:00+00:00,8094.5,8094.5,8091.5,8091.5,29
2026-09-25 11:57:00+00:00,8092.5,8092.5,8091.0,8091.5,8
2026-09-25 11:58:00+00:00,8091.5,8093.0,8091.5,8092.5,34
2026-09-25 11:59:00+00:00,8093.0,8093.0,8091.5,8092.0,25
2026-09-25 12:00:00+00:00,8092.0,8092.5,8090.0,8091.5,28
2026-09-25 12:01:00+00:00,8091.0,8093.5,8089.5,8090.5,51
2026-09-25 12:02:00+00:00,8090.5,8091.0,8088.0,8088.5,29
2026-09-25 12:03:00+00:00,8089.5,8090.5,8088.5,8089.5,34
2026-09-25 12:04:00+00:00,8089.5,8090.0,8088.5,8090.0,21
2026-09-25 12:05:00+00:00,8090.5,8092.5,8090.5,8092.0,27
2026-09-25 12:06:00+00:00,8092.0,8092.5,8091.0,8092.5,28
2026-09-25 12:07:00+00:00,8092.0,8092.0,8089.0,8090.0,55
2026-09-25 12:08:00+00:00,8090.5,8090.5,8088.5,8090.0,25
2026-09-25 12:09:00+00:00,8091.0,8091.5,8090.5,8091.5,24
2026-09-25 12:10:00+00:00,8092.0,8093.5,8089.0,8089.0,42
2026-09-25 12:11:00+00:00,8089.0,8094.0,8089.0,8094.0,40
2026-09-25 12:12:00+00:00,8094.5,8095.5,8094.5,8095.5,23
2026-09-25 12:13:00+00:00,8095.0,8095.0,8090.0,8092.5,222
2026-09-25 12:14:00+00:00,8092.0,8092.0,8090.5,8091.0,26
2026-09-25 12:15:00+00:00,8090.5,8092.0,8090.0,8091.0,52
2026-09-25 12:16:00+00:00,8091.0,8091.0,8086.5,8086.5,54
2026-09-25 12:17:00+00:00,8086.5,8089.5,8085.5,8089.0,54
2026-09-25 12:18:00+00:00,8088.0,8089.5,8087.0,8089.0,31
2026-09-25 12:19:00+00:00,8088.5,8090.5,8087.5,8090.5,85
2026-09-25 12:20:00+00:00,8090.5,8090.5,8089.0,8089.5,33
2026-09-25 12:21:00+00:00,8089.5,8092.5,8089.5,8092.5,47
2026-09-25 12:22:00+00:00,8093.0,8095.0,8092.0,8094.0,15
2026-09-25 12:23:00+00:00,8093.0,8094.0,8092.0,8094.0,47
2026-09-25 12:24:00+00:00,8094.5,8095.5,8094.5,8094.5,22
2026-09-25 12:25:00+00:00,8093.5,8095.5,8093.0,8095.5,38
2026-09-25 12:26:00+00:00,8095.5,8096.5,8095.0,8095.0,19
2026-09-25 12:27:00+00:00,8095.0,8095.0,8094.0,8095.0,24
2026-09-25 12:28:00+00:00,8095.0,8096.0,8095.0,8095.0,18
2026-09-25 12:29:00+00:00,8094.5,8094.5,8093.0,8093.0,19
2026-09-25 12:30:00+00:00,8093.5,8095.0,8092.5,8095.0,49
2026-09-25 12:31:00+00:00,8095.0,8095.0,8093.5,8094.5,23
2026-09-25 12:32:00+00:00,8094.0,8095.0,8093.0,8095.0,30
2026-09-25 12:33:00+00:00,8095.0,8100.0,8095.0,8099.5,30
2026-09-25 12:34:00+00:00,8099.0,8100.5,8099.0,8100.0,23
2026-09-25 12:35:00+00:00,8100.0,8100.5,8099.5,8100.5,23
2026-09-25 12:36:00+00:00,8100.0,8100.5,8098.5,8098.5,20
2026-09-25 12:37:00+00:00,8097.0,8097.5,8096.5,8097.0,12
2026-09-25 12:38:00+00:00,8097.0,8100.5,8097.0,8100.5,14
2026-09-25 12:39:00+00:00,8099.5,8100.0,8097.5,8098.5,16
2026-09-25 12:40:00+00:00,8099.0,8099.0,8097.0,8098.0,11
2026-09-25 12:41:00+00:00,8098.5,8100.5,8098.5,8099.0,27
2026-09-25 12:42:00+00:00,8098.5,8098.5,8097.0,8097.5,16
2026-09-25 12:43:00+00:00,8096.5,8096.5,8095.0,8096.5,17
2026-09-25 12:44:00+00:00,8095.5,8101.5,8093.5,8099.0,215
2026-09-25 12:45:00+00:00,8098.0,8101.5,8097.0,8101.0,123
2026-09-25 12:46:00+00:00,8101.5,8107.5,8097.5,8105.0,210
2026-09-25 12:47:00+00:00,8104.5,8106.0,8094.5,8105.5,240
2026-09-25 12:48:00+00:00,8103.0,8106.5,8099.0,8099.0,98
2026-09-25 12:49:00+00:00,8099.5,8100.0,8098.0,8098.0,21
2026-09-25 12:50:00+00:00,8097.5,8097.5,8095.5,8096.0,48
2026-09-25 12:51:00+00:00,8096.5,8097.0,8095.0,8097.0,31
2026-09-25 12:52:00+00:00,8096.0,8096.0,8092.5,8092.5,26
2026-09-25 12:53:00+00:00,8093.0,8095.0,8093.0,8095.0,27
2026-09-25 12:54:00+00:00,8094.5,8095.0,8093.5,8093.5,23
2026-09-25 12:55:00+00:00,8093.0,8093.0,8089.5,8089.5,32
2026-09-25 12:56:00+00:00,8089.5,8091.0,8089.0,8090.5,40
2026-09-25 12:57:00+00:00,8090.5,8090.5,8089.5,8089.5,23
2026-09-25 12:58:00+00:00,8090.0,8090.5,8088.5,8089.0,19
2026-09-25 12:59:00+00:00,8088.5,8088.5,8086.5,8088.0,39
2026-09-25 13:00:00+00:00,8088.5,8088.5,8085.5,8085.5,54
2026-09-25 13:01:00+00:00,8085.0,8085.5,8082.5,8085.5,59
2026-09-25 13:02:00+00:00,8086.0,8086.0,8083.0,8084.0,31
2026-09-25 13:03:00+00:00,8084.0,8087.5,8084.0,8086.5,26
2026-09-25 13:04:00+00:00,8086.5,8087.5,8086.5,8087.5,25
2026-09-25 13:05:00+00:00,8088.0,8089.0,8087.0,8088.5,38
2026-09-25 13:06:00+00:00,8089.0,8091.0,8089.0,8090.5,25
2026-09-25 13:07:00+00:00,8090.5,8091.0,8088.0,8089.0,36
2026-09-25 13:08:00+00:00,8089.5,8091.0,8089.5,8090.0,81
2026-09-25 13:09:00+00:00,8090.0,8096.0,8090.0,8095.5,159
2026-09-25 13:10:00+00:00,8095.5,8099.5,8095.5,8098.0,93
2026-09-25 13:11:00+00:00,8097.5,8099.5,8097.0,8099.0,40
2026-09-25 13:12:00+00:00,8098.5,8099.0,8097.5,8099.0,22
2026-09-25 13:13:00+00:00,8099.0,8099.5,8097.0,8097.0,17
2026-09-25 13:14:00+00:00,8097.0,8097.0,8095.0,8095.0,10
2026-09-25 13:15:00+00:00,8094.5,8095.0,8091.0,8092.5,91
2026-09-25 13:16:00+00:00,8092.5,8093.0,8091.0,8092.0,51
2026-09-25 13:17:00+00:00,8091.5,8091.5,8090.5,8091.0,20
2026-09-25 13:18:00+00:00,8089.5,8090.0,8086.0,8086.0,20
2026-09-25 13:19:00+00:00,8086.0,8087.0,8084.0,8085.5,44
2026-09-25 13:20:00+00:00,8084.0,8086.0,8082.5,8085.5,31
2026-09-25 13:21:00+00:00,8085.5,8086.5,8085.5,8085.5,35
2026-09-25 13:22:00+00:00,8085.5,8085.5,8084.0,8085.0,50
2026-09-25 13:23:00+00:00,8084.5,8085.0,8082.5,8084.0,36
2026-09-25 13:24:00+00:00,8084.0,8086.0,8082.5,8083.0,31
2026-09-25 13:25:00+00:00,8083.0,8083.5,8080.0,8080.0,50
2026-09-25 13:26:00+00:00,8080.5,8082.0,8079.5,8082.0,40
2026-09-25 13:27:00+00:00,8082.0,8082.0,8081.0,8081.0,25
2026-09-25 13:28:00+00:00,8081.5,8084.5,8080.5,8083.5,38
2026-09-25 13:29:00+00:00,8083.5,8087.0,8083.5,8087.0,41
2026-09-25 13:30:00+00:00,8086.5,8090.5,8086.0,8090.5,121
2026-09-25 13:31:00+00:00,8090.5,8090.5,8085.5,8090.0,86
2026-09-25 13:32:00+00:00,8090.5,8092.0,8088.5,8088.5,90
2026-09-25 13:33:00+00:00,8088.5,8089.0,8084.5,8087.5,81
2026-09-25 13:34:00+00:00,8087.0,8088.0,8086.0,8087.5,44
2026-09-25 13:35:00+00:00,8087.0,8090.0,8085.5,8089.5,48
2026-09-25 13:36:00+00:00,8089.0,8089.0,8086.0,8086.0,35
2026-09-25 13:37:00+00:00,8086.5,8091.5,8085.5,8091.5,28
2026-09-25 13:38:00+00:00,8091.0,8092.0,8090.0,8091.0,33
2026-09-25 13:39:00+00:00,8092.5,8094.0,8090.5,8093.0,61
2026-09-25 13:40:00+00:00,8093.0,8093.5,8090.5,8091.0,19
2026-09-25 13:41:00+00:00,8091.5,8094.0,8091.5,8092.0,34
2026-09-25 13:42:00+00:00,8094.0,8094.5,8092.5,8094.0,32
2026-09-25 13:43:00+00:00,8093.5,8093.5,8088.0,8088.5,45
2026-09-25 13:44:00+00:00,8088.5,8090.0,8088.5,8089.5,33
2026-09-25 13:45:00+00:00,8088.5,8089.0,8085.5,8088.0,42
2026-09-25 13:46:00+00:00,8087.5,8087.5,8081.5,8082.0,59
2026-09-25 13:47:00+00:00,8083.0,8085.0,8082.5,8082.5,27
2026-09-25 13:48:00+00:00,8083.0,8084.5,8079.5,8080.0,65
2026-09-25 13:49:00+00:00,8080.5,8081.0,8078.5,8080.5,58
2026-09-25 13:50:00+00:00,8080.5,8083.0,8080.5,8082.5,34
2026-09-25 13:51:00+00:00,8081.5,8085.5,8081.0,8085.0,30
2026-09-25 13:52:00+00:00,8085.5,8086.5,8085.0,8086.0,55
2026-09-25 13:53:00+00:00,8085.5,8088.5,8085.5,8088.0,32
2026-09-25 13:54:00+00:00,8088.0,8091.0,8088.0,8089.5,29
2026-09-25 13:55:00+00:00,8090.0,8090.0,8086.5,8086.5,41
2026-09-25 13:56:00+00:00,8087.0,8088.0,8087.0,8088.0,48
2026-09-25 13:57:00+00:00,8087.0,8087.0,8084.0,8087.0,71
2026-09-25 13:58:00+00:00,8087.0,8088.0,8085.5,8085.5,21
2026-09-25 13:59:00+00:00,8085.5,8086.0,8083.0,8084.0,62
2026-09-25 14:00:00+00:00,8084.0,8086.0,8082.5,8086.0,94
2026-09-25 14:01:00+00:00,8085.5,8085.5,8081.0,8081.0,46
2026-09-25 14:02:00+00:00,8081.0,8081.5,8077.0,8080.0,182
2026-09-25 14:03:00+00:00,8079.0,8079.0,8075.0,8077.5,73
2026-09-25 14:04:00+00:00,8077.0,8077.0,8071.0,8071.5,56
2026-09-25 14:05:00+00:00,8071.0,8071.5,8066.0,8066.0,65
2026-09-25 14:06:00+00:00,8066.5,8069.0,8065.0,8068.5,76
2026-09-25 14:07:00+00:00,8069.5,8075.0,8069.0,8073.0,76
2026-09-25 14:08:00+00:00,8072.5,8074.5,8072.0,8074.5,58
2026-09-25 14:09:00+00:00,8074.0,8076.0,8073.5,8075.0,32
2026-09-25 14:10:00+00:00,8075.5,8077.0,8074.0,8074.0,30
2026-09-25 14:11:00+00:00,8073.5,8074.0,8071.5,8073.5,70
2026-09-25 14:12:00+00:00,8073.0,8073.0,8068.5,8068.5,56
2026-09-25 14:13:00+00:00,8069.0,8070.0,8067.5,8069.5,27
2026-09-25 14:14:00+00:00,8069.5,8070.0,8065.5,8066.0,46
2026-09-25 14:15:00+00:00,8066.5,8067.5,8064.5,8065.5,58
2026-09-25 14:16:00+00:00,8066.0,8066.5,8063.0,8063.5,36
2026-09-25 14:17:00+00:00,8064.0,8066.5,8063.5,8065.5,41
2026-09-25 14:18:00+00:00,8065.5,8066.0,8061.0,8062.0,44
2026-09-25 14:19:00+00:00,8061.0,8065.0,8061.0,8065.0,43
2026-09-25 14:20:00+00:00,8065.5,8069.5,8065.0,8069.5,55
2026-09-25 14:21:00+00:00,8068.5,8069.5,8067.0,8067.0,36
2026-09-25 14:22:00+00:00,8067.5,8069.5,8067.5,8069.5,42
2026-09-25 14:23:00+00:00,8069.0,8069.0,8066.0,8069.0,110
2026-09-25 14:24:00+00:00,8069.0,8071.0,8066.5,8067.5,74
2026-09-25 14:25:00+00:00,8068.0,8069.0,8066.5,8069.0,51
2026-09-25 14:26:00+00:00,8069.0,8069.0,8065.5,8066.5,47
2026-09-25 14:27:00+00:00,8066.5,8067.0,8065.5,8066.0,19
2026-09-25 14:28:00+00:00,8065.5,8066.5,8064.5,8065.5,36
2026-09-25 14:29:00+00:00,8065.0,8067.5,8065.0,8065.5,38
2026-09-25 14:30:00+00:00,8066.0,8066.0,8059.0,8060.0,57
2026-09-25 14:31:00+00:00,8060.0,8060.0,8057.0,8059.0,71
2026-09-25 14:32:00+00:00,8059.5,8059.5,8056.5,8059.5,43
2026-09-25 14:33:00+00:00,8060.0,8062.0,8059.0,8061.0,30
2026-09-25 14:34:00+00:00,8061.0,8065.5,8061.0,8064.0,63
2026-09-25 14:35:00+00:00,8064.5,8065.5,8063.5,8064.0,40
2026-09-25 14:36:00+00:00,8063.5,8065.5,8062.5,8064.0,51
2026-09-25 14:37:00+00:00,8064.5,8067.5,8064.5,8067.0,39
2026-09-25 14:38:00+00:00,8067.5,8069.0,8065.5,8065.5,37
2026-09-25 14:39:00+00:00,8066.0,8066.5,8065.0,8066.5,71
2026-09-25 14:40:00+00:00,8066.0,8066.0,8062.5,8064.5,35
2026-09-25 14:41:00+00:00,8064.0,8064.5,8060.0,8060.5,43
2026-09-25 14:42:00+00:00,8060.5,8062.0,8059.0,8062.0,37
2026-09-25 14:43:00+00:00,8062.5,8063.0,8061.5,8063.0,45
2026-09-25 14:44:00+00:00,8063.5,8068.0,8063.5,8068.0,104
2026-09-25 14:45:00+00:00,8068.0,8068.0,8065.0,8066.5,38
2026-09-25 14:46:00+00:00,8065.5,8070.5,8063.5,8069.5,95
2026-09-25 14:47:00+00:00,8069.0,8071.0,8069.0,8069.5,33
2026-09-25 14:48:00+00:00,8069.0,8069.5,8064.5,8065.0,30
2026-09-25 14:49:00+00:00,8065.0,8068.0,8065.0,8066.5,51
2026-09-25 14:50:00+00:00,8066.0,8066.0,8062.5,8062.5,85
2026-09-25 14:51:00+00:00,8062.5,8063.0,8059.5,8059.5,58
2026-09-25 14:52:00+00:00,8059.5,8062.5,8059.0,8062.5,95
2026-09-25 14:53:00+00:00,8063.0,8065.5,8063.0,8063.5,56
2026-09-25 14:54:00+00:00,8063.5,8066.5,8063.0,8065.5,47
2026-09-25 14:55:00+00:00,8066.0,8068.0,8066.0,8067.5,39
2026-09-25 14:56:00+00:00,8068.0,8071.0,8066.0,8066.0,60
2026-09-25 14:57:00+00:00,8066.5,8069.0,8065.0,8065.0,57
2026-09-25 14:58:00+00:00,8064.0,8066.5,8062.5,8066.5,36
2026-09-25 14:59:00+00:00,8066.5,8069.0,8066.0,8069.0,59
2026-09-25 15:00:00+00:00,8068.5,8070.5,8068.0,8070.0,54
2026-09-25 15:01:00+00:00,8069.5,8072.0,8068.5,8072.0,76
2026-09-25 15:02:00+00:00,8072.5,8072.5,8070.0,8070.0,36
2026-09-25 15:03:00+00:00,8070.5,8072.5,8069.5,8071.0,68
2026-09-25 15:04:00+00:00,8071.5,8073.0,8071.0,8071.5,44
2026-09-25 15:05:00+00:00,8072.0,8074.0,8071.0,8073.0,155
2026-09-25 15:06:00+00:00,8073.0,8077.0,8073.0,8075.5,59
2026-09-25 15:07:00+00:00,8076.0,8076.0,8073.5,8074.0,40
2026-09-25 15:08:00+00:00,8074.5,8074.5,8070.0,8070.5,58
2026-09-25 15:09:00+00:00,8070.5,8070.5,8066.0,8066.0,41
2026-09-25 15:10:00+00:00,8066.0,8067.0,8064.0,8066.0,52
2026-09-25 15:11:00+00:00,8065.0,8066.5,8065.0,8066.0,67
2026-09-25 15:12:00+00:00,8067.0,8067.5,8065.5,8066.0,118
2026-09-25 15:13:00+00:00,8066.5,8069.5,8066.5,8068.5,83
2026-09-25 15:14:00+00:00,8068.5,8071.5,8068.5,8071.0,70
2026-09-25 15:15:00+00:00,8071.0,8071.0,8065.5,8065.5,143
2026-09-25 15:16:00+00:00,8066.0,8068.0,8064.5,8068.0,82
2026-09-25 15:17:00+00:00,8068.5,8071.5,8068.0,8070.5,119
2026-09-25 15:18:00+00:00,8070.5,8071.5,8069.5,8070.0,49
2026-09-25 15:19:00+00:00,8069.5,8069.5,8067.0,8067.5,42
2026-09-25 15:20:00+00:00,8067.0,8070.0,8065.5,8070.0,96
2026-09-25 15:21:00+00:00,8070.5,8073.0,8067.5,8071.0,120
2026-09-25 15:22:00+00:00,8071.0,8074.0,8070.5,8073.0,46
2026-09-25 15:23:00+00:00,8072.5,8073.5,8071.0,8072.0,75
2026-09-25 15:24:00+00:00,8072.0,8072.0,8070.5,8071.0,131
2026-09-25 15:25:00+00:00,8071.5,8073.0,8068.5,8069.0,196
2026-09-25 15:26:00+00:00,8069.0,8073.0,8068.5,8073.0,131
2026-09-25 15:27:00+00:00,8073.0,8074.5,8072.5,8072.5,100
2026-09-25 15:28:00+00:00,8072.5,8074.5,8072.5,8072.5,135
2026-09-25 15:29:00+00:00,8073.0,8075.5,8072.0,8075.0,236
2026-09-25 15:30:00+00:00,8074.5,8082.0,8073.5,8078.5,411
2026-09-25 15:31:00+00:00,8078.5,8079.0,8074.0,8077.5,145
2026-09-25 15:32:00+00:00,8077.5,8082.5,8076.5,8081.5,101
2026-09-25 15:33:00+00:00,8081.5,8082.5,8079.0,8080.5,319
2026-09-25 15:34:00+00:00,8080.5,8081.5,8077.5,8079.0,937
2026-09-25 15:35:00+00:00,8078.5,8080.5,8076.5,8079.0,232
2026-09-25 15:36:00+00:00,8078.5,8079.0,8075.0,8076.0,67
2026-09-25 15:37:00+00:00,8075.5,8075.5,8073.0,8074.5,34
2026-09-25 15:38:00+00:00,8075.5,8076.0,8073.0,8073.0,28
2026-09-25 15:39:00+00:00,8072.5,8073.5,8071.5,8071.5,28
2026-09-25 15:40:00+00:00,8072.0,8074.0,8071.0,8073.0,105
2026-09-25 15:41:00+00:00,8073.5,8075.5,8073.5,8075.5,28
2026-09-25 15:42:00+00:00,8075.5,8076.0,8073.0,8074.5,32
2026-09-25 15:43:00+00:00,8072.5,8073.0,8071.0,8071.0,21
2026-09-25 15:44:00+00:00,8070.5,8071.0,8068.5,8068.5,59
2026-09-25 15:45:00+00:00,8068.5,8068.5,8066.5,8067.5,55
2026-09-25 15:46:00+00:00,8067.5,8074.0,8067.0,8073.5,60
2026-09-25 15:47:00+00:00,8074.0,8075.0,8073.5,8074.5,13
2026-09-25 15:48:00+00:00,8074.5,8076.0,8074.5,8075.0,12
2026-09-25 15:49:00+00:00,8075.5,8076.0,8074.5,8075.0,14
2026-09-25 15:50:00+00:00,8075.0,8076.5,8075.0,8075.5,23
2026-09-25 15:51:00+00:00,8075.0,8075.0,8071.0,8071.0,16
2026-09-25 15:52:00+00:00,8070.5,8072.5,8070.5,8072.5,15
2026-09-25 15:53:00+00:00,8072.5,8073.0,8072.5,8073.0,7
2026-09-25 15:54:00+00:00,8073.0,8083.0,8072.5,8080.5,118
2026-09-25 15:55:00+00:00,8080.5,8089.0,8080.5,8083.5,170
2026-09-25 15:56:00+00:00,8083.5,8084.0,8081.5,8083.0,30
2026-09-25 15:57:00+00:00,8083.0,8085.5,8082.5,8085.0,36
2026-09-25 15:58:00+00:00,8085.5,8092.5,8085.5,8091.5,67
2026-09-25 15:59:00+00:00,8091.0,8098.5,8090.5,8097.5,101
2026-09-25 16:00:00+00:00,8099.0,8108.0,8097.5,8107.0,122
2026-09-25 16:01:00+00:00,8106.5,8107.0,8104.0,8105.0,69
2026-09-25 16:02:00+00:00,8105.0,8113.5,8105.0,8113.0,117
2026-09-25 16:03:00+00:00,8111.0,8119.5,8111.0,8119.0,88
2026-09-25 16:04:00+00:00,8119.5,8120.5,8114.0,8120.5,130
2026-09-25 16:05:00+00:00,8121.0,8122.5,8118.5,8119.5,77
2026-09-25 16:06:00+00:00,8119.5,8124.5,8116.5,8124.5,118
2026-09-25 16:07:00+00:00,8125.0,8125.0,8120.5,8121.0,29
2026-09-25 16:08:00+00:00,8120.5,8124.5,8120.5,8123.0,35
2026-09-25 16:09:00+00:00,8122.0,8123.0,8119.0,8122.0,41
2026-09-25 16:10:00+00:00,8123.0,8126.5,8121.5,8123.5,31
2026-09-25 16:11:00+00:00,8123.5,8123.5,8121.5,8123.5,22
2026-09-25 16:12:00+00:00,8123.5,8126.5,8122.5,8123.0,20
2026-09-25 16:13:00+00:00,8124.5,8126.0,8124.0,8125.5,13
2026-09-25 16:14:00+00:00,8126.0,8127.5,8125.0,8126.0,89
2026-09-25 16:15:00+00:00,8127.0,8129.0,8125.5,8128.0,46
2026-09-25 16:16:00+00:00,8126.5,8129.0,8126.0,8128.5,42
2026-09-25 16:17:00+00:00,8129.5,8131.5,8125.5,8125.5,48
2026-09-25 16:18:00+00:00,8125.5,8125.5,8122.5,8123.0,29
2026-09-25 16:19:00+00:00,8123.0,8123.5,8120.5,8122.5,26
2026-09-25 16:20:00+00:00,8123.5,8123.5,8121.0,8122.0,25
2026-09-25 16:21:00+00:00,8121.5,8121.5,8119.0,8121.0,134
2026-09-25 16:22:00+00:00,8120.5,8120.5,8118.0,8120.0,33
2026-09-25 16:23:00+00:00,8119.0,8119.0,8115.5,8117.0,24
2026-09-25 16:24:00+00:00,8117.0,8119.5,8116.5,8119.5,14
2026-09-25 16:25:00+00:00,8119.0,8120.5,8117.5,8119.5,30
2026-09-25 16:26:00+00:00,8120.5,8126.0,8120.5,8126.0,38
2026-09-25 16:27:00+00:00,8125.0,8125.0,8123.5,8123.5,15
2026-09-25 16:28:00+00:00,8122.0,8122.5,8121.5,8121.5,22
2026-09-25 16:29:00+00:00,8122.0,8123.0,8122.0,8122.5,11
2026-09-25 16:30:00+00:00,8122.5,8123.0,8122.0,8122.5,7
2026-09-25 16:31:00+00:00,8122.0,8122.0,8121.0,8121.5,8
2026-09-25 16:32:00+00:00,8122.0,8122.5,8122.0,8122.0,5
2026-09-25 16:33:00+00:00,8122.5,8123.0,8122.0,8122.0,5
2026-09-25 16:34:00+00:00,8122.0,8122.0,8110.5,8114.0,388
2026-09-25 16:35:00+00:00,8115.0,8117.5,8114.5,8117.5,65
2026-09-25 16:36:00+00:00,8116.0,8117.0,8116.0,8117.0,6
2026-09-25 16:37:00+00:00,8118.0,8121.5,8118.0,8119.5,27
2026-09-25 16:38:00+00:00,8119.5,8120.0,8119.0,8119.5,11
2026-09-25 16:39:00+00:00,8121.0,8121.0,8119.0,8119.0,5
2026-09-25 16:40:00+00:00,8119.5,8120.0,8117.5,8117.5,4
2026-09-25 16:41:00+00:00,8117.5,8117.5,8116.5,8117.5,6
2026-09-25 16:42:00+00:00,8118.0,8121.0,8117.0,8117.0,17
2026-09-25 16:43:00+00:00,8117.0,8118.0,8117.0,8117.5,10
2026-09-25 16:44:00+00:00,8117.5,8118.0,8117.0,8117.0,4
2026-09-25 16:45:00+00:00,8114.5,8114.5,8113.0,8113.5,14
2026-09-25 16:46:00+00:00,8114.0,8114.5,8113.5,8114.0,7
2026-09-25 16:47:00+00:00,8113.5,8113.5,8112.0,8112.5,9
2026-09-25 16:48:00+00:00,8112.5,8115.0,8112.0,8112.5,50
2026-09-25 16:49:00+00:00,8112.5,8113.5,8112.5,8113.5,6
2026-09-25 16:50:00+00:00,8114.0,8114.5,8114.0,8114.0,5
2026-09-25 16:51:00+00:00,8114.0,8114.0,8113.0,8113.0,5
2026-09-25 16:52:00+00:00,8113.5,8113.5,8112.5,8112.5,3
2026-09-25 16:53:00+00:00,8113.0,8113.0,8112.0,8112.0,7
2026-09-25 16:54:00+00:00,8114.0,8114.0,8113.5,8113.5,4
2026-09-25 16:55:00+00:00,8113.5,8114.5,8113.5,8113.5,7
2026-09-25 16:56:00+00:00,8115.0,8115.0,8114.5,8114.5,3
2026-09-25 16:57:00+00:00,8113.5,8113.5,8112.5,8113.0,4
2026-09-25 16:59:00+00:00,8112.5,8117.0,8109.0,8113.5,216
2026-09-25 17:00:00+00:00,8113.5,8114.0,8111.5,8111.5,26
2026-09-25 17:01:00+00:00,8114.5,8118.5,8114.5,8116.5,64
2026-09-25 17:02:00+00:00,8116.5,8116.5,8115.5,8115.5,6
2026-09-25 17:03:00+00:00,8116.0,8116.0,8114.5,8114.5,45
2026-09-25 17:04:00+00:00,8114.5,8115.5,8114.0,8115.0,9
2026-09-25 17:05:00+00:00,8116.0,8116.5,8116.0,8116.5,2
2026-09-25 17:06:00+00:00,8117.0,8117.0,8115.5,8115.5,3
2026-09-25 17:07:00+00:00,8116.0,8116.0,8115.5,8116.0,4
2026-09-25 17:08:00+00:00,8116.0,8116.0,8113.0,8114.5,4
2026-09-25 17:09:00+00:00,8115.0,8117.0,8115.0,8117.0,11
2026-09-25 17:10:00+00:00,8117.0,8117.5,8117.0,8117.0,3
2026-09-25 17:11:00+00:00,8115.5,8115.5,8115.0,8115.0,3
2026-09-25 17:12:00+00:00,8115.5,8116.0,8115.0,8116.0,8
2026-09-25 17:13:00+00:00,8116.0,8117.0,8116.0,8117.0,7
2026-09-25 17:14:00+00:00,8117.0,8117.5,8117.0,8117.5,2
2026-09-25 17:15:00+00:00,8118.0,8118.0,8117.0,8117.0,4
2026-09-25 17:16:00+00:00,8117.5,8118.0,8117.5,8118.0,2
2026-09-25 17:17:00+00:00,8116.5,8117.0,8116.5,8116.5,8
2026-09-25 17:18:00+00:00,8116.0,8116.0,8115.0,8116.0,10
2026-09-25 17:19:00+00:00,8116.0,8116.0,8116.0,8116.0,2
2026-09-25 17:20:00+00:00,8115.5,8116.0,8115.5,8116.0,2
2026-09-25 17:21:00+00:00,8115.5,8116.5,8115.0,8115.0,7
2026-09-25 17:22:00+00:00,8115.5,8116.5,8115.5,8116.5,9
2026-09-25 17:23:00+00:00,8116.5,8118.0,8116.5,8118.0,6
2026-09-25 17:24:00+00:00,8117.5,8118.5,8117.5,8118.5,3
2026-09-25 17:25:00+00:00,8118.0,8118.0,8117.0,8117.0,3
2026-09-25 17:26:00+00:00,8117.5,8117.5,8117.0,8117.5,8
2026-09-25 17:27:00+00:00,8117.5,8117.5,8117.5,8117.5,3
2026-09-25 17:28:00+00:00,8118.0,8118.5,8118.0,8118.0,9
2026-09-25 17:29:00+00:00,8117.5,8117.5,8117.0,8117.0,2
2026-09-25 17:30:00+00:00,8117.5,8118.5,8117.5,8118.5,3
2026-09-25 17:31:00+00:00,8117.5,8117.5,8116.0,8116.0,10
2026-09-25 17:32:00+00:00,8116.5,8117.0,8116.0,8117.0,7
2026-09-25 17:33:00+00:00,8117.0,8118.0,8117.0,8117.0,4
2026-09-25 17:34:00+00:00,8115.0,8115.0,8114.5,8115.0,6
2026-09-25 17:35:00+00:00,8115.5,8115.5,8115.0,8115.5,7
2026-09-25 17:36:00+00:00,8115.5,8115.5,8115.5,8115.5,2
2026-09-25 17:37:00+00:00,8114.0,8114.0,8112.5,8113.5,18
2026-09-25 17:38:00+00:00,8114.0,8115.0,8114.0,8115.0,3
2026-09-25 17:39:00+00:00,8115.0,8120.5,8115.0,8116.5,38
2026-09-25 17:40:00+00:00,8118.0,8118.0,8117.5,8117.5,3
2026-09-25 17:41:00+00:00,8117.0,8120.5,8117.0,8119.5,19
2026-09-25 17:42:00+00:00,8120.0,8121.0,8120.0,8120.5,9
2026-09-25 17:43:00+00:00,8120.0,8120.0,8120.0,8120.0,3
2026-09-25 17:44:00+00:00,8120.0,8120.0,8118.5,8118.5,4
2026-09-25 17:45:00+00:00,8117.5,8117.5,8117.0,8117.0,2
2026-09-25 17:46:00+00:00,8117.0,8118.0,8116.0,8116.0,8
2026-09-25 17:47:00+00:00,8117.0,8117.0,8116.0,8116.0,4
2026-09-25 17:48:00+00:00,8116.0,8116.0,8116.0,8116.0,1
2026-09-25 17:49:00+00:00,8117.5,8117.5,8117.0,8117.0,3
2026-09-25 17:50:00+00:00,8118.0,8118.0,8118.0,8118.0,1
2026-09-25 17:51:00+00:00,8118.0,8118.0,8117.5,8118.0,6
2026-09-25 17:52:00+00:00,8118.0,8118.5,8117.0,8117.0,11
2026-09-25 17:53:00+00:00,8117.0,8118.0,8117.0,8117.5,6
2026-09-25 17:54:00+00:00,8116.5,8117.0,8116.5,8117.0,2
2026-09-25 17:55:00+00:00,8118.0,8118.5,8118.0,8118.5,3
2026-09-25 17:56:00+00:00,8118.5,8118.5,8118.5,8118.5,1
2026-09-25 17:58:00+00:00,8118.5,8119.0,8118.5,8119.0,4
2026-09-25 17:59:00+00:00,8120.0,8120.0,8120.0,8120.0,1
2026-09-25 18:00:00+00:00,8119.5,8120.0,8119.0,8120.0,26
2026-09-25 18:01:00+00:00,8119.5,8119.5,8119.5,8119.5,4
2026-09-25 18:02:00+00:00,8119.5,8120.0,8119.5,8120.0,7
2026-09-25 18:03:00+00:00,8119.5,8119.5,8119.5,8119.5,2
2026-09-25 18:04:00+00:00,8119.0,8119.5,8119.0,8119.5,6
2026-09-25 18:05:00+00:00,8119.0,8120.0,8119.0,8119.5,11
2026-09-25 18:06:00+00:00,8119.5,8120.5,8118.5,8120.5,24
2026-09-25 18:07:00+00:00,8121.0,8121.0,8119.5,8119.5,12
2026-09-25 18:09:00+00:00,8120.5,8121.0,8120.5,8121.0,5
2026-09-25 18:10:00+00:00,8121.0,8121.0,8121.0,8121.0,2
2026-09-25 18:11:00+00:00,8120.5,8120.5,8119.5,8119.5,5
2026-09-25 18:12:00+00:00,8119.5,8121.0,8119.5,8121.0,23
2026-09-25 18:13:00+00:00,8121.5,8122.5,8121.5,8122.5,6
2026-09-25 18:14:00+00:00,8123.0,8123.0,8122.5,8122.5,7
2026-09-25 18:15:00+00:00,8124.0,8124.0,8123.5,8124.0,6
2026-09-25 18:16:00+00:00,8124.5,8124.5,8123.5,8123.5,13
2026-09-25 18:17:00+00:00,8122.5,8122.5,8122.5,8122.5,4
2026-09-25 18:18:00+00:00,8123.0,8123.0,8122.5,8122.5,3
2026-09-25 18:19:00+00:00,8122.5,8123.5,8122.5,8123.5,2
2026-09-25 18:20:00+00:00,8123.0,8123.0,8122.5,8123.0,4
2026-09-25 18:21:00+00:00,8123.0,8123.0,8121.5,8121.5,6
2026-09-25 18:22:00+00:00,8122.5,8122.5,8121.5,8121.5,5
2026-09-25 18:23:00+00:00,8122.0,8122.5,8121.5,8121.5,17
2026-09-25 18:24:00+00:00,8123.5,8123.5,8123.5,8123.5,2
2026-09-25 18:25:00+00:00,8124.0,8124.5,8123.5,8124.5,8
2026-09-25 18:26:00+00:00,8124.5,8125.0,8119.0,8120.0,113
2026-09-25 18:27:00+00:00,8118.0,8120.5,8116.0,8116.0,33
2026-09-25 18:28:00+00:00,8116.0,8120.5,8116.0,8120.5,52
2026-09-25 18:29:00+00:00,8120.0,8123.0,8120.0,8122.0,35
2026-09-25 18:30:00+00:00,8124.0,8125.5,8124.0,8125.5,13
2026-09-25 18:31:00+00:00,8126.0,8126.0,8124.5,8124.5,7
2026-09-25 18:32:00+00:00,8125.5,8126.0,8125.5,8126.0,6
2026-09-25 18:33:00+00:00,8125.5,8126.5,8125.0,8126.0,20
2026-09-25 18:34:00+00:00,8126.0,8126.0,8125.0,8125.0,4
2026-09-25 18:35:00+00:00,8125.0,8125.5,8124.5,8125.5,6
2026-09-25 18:36:00+00:00,8126.5,8126.5,8126.0,8126.0,9
2026-09-25 18:37:00+00:00,8125.5,8125.5,8121.5,8121.5,10
2026-09-25 18:38:00+00:00,8121.5,8121.5,8121.5,8121.5,2
2026-09-25 18:39:00+00:00,8122.0,8122.0,8120.5,8120.5,11
2026-09-25 18:40:00+00:00,8120.0,8120.5,8120.0,8120.5,8
2026-09-25 18:41:00+00:00,8120.0,8121.5,8120.0,8121.5,9
2026-09-25 18:42:00+00:00,8122.5,8123.0,8122.5,8122.5,8
2026-09-25 18:43:00+00:00,8122.5,8124.0,8122.5,8124.0,17
2026-09-25 18:44:00+00:00,8124.0,8124.5,8123.5,8124.5,6
2026-09-25 18:45:00+00:00,8125.0,8125.0,8124.5,8125.0,5
2026-09-25 18:46:00+00:00,8126.0,8126.0,8125.0,8125.5,5
2026-09-25 18:47:00+00:00,8125.5,8125.5,8124.0,8124.0,8
2026-09-25 18:48:00+00:00,8124.5,8124.5,8124.5,8124.5,7
2026-09-25 18:49:00+00:00,8125.0,8125.0,8125.0,8125.0,7
2026-09-25 18:50:00+00:00,8125.0,8126.0,8124.5,8126.0,10
2026-09-25 18:51:00+00:00,8125.5,8126.5,8125.5,8126.0,10
2026-09-25 18:52:00+00:00,8126.0,8126.5,8126.0,8126.5,6
2026-09-25 18:53:00+00:00,8126.5,8126.5,8125.5,8125.5,5
2026-09-25 18:54:00+00:00,8125.0,8127.0,8124.5,8124.5,43
2026-09-25 18:55:00+00:00,8125.0,8125.0,8123.5,8123.5,9
2026-09-25 18:56:00+00:00,8124.5,8125.5,8124.5,8125.5,6
2026-09-25 18:57:00+00:00,8126.0,8126.0,8125.5,8125.5,8
2026-09-25 18:58:00+00:00,8126.0,8126.5,8126.0,8126.5,5
2026-09-25 18:59:00+00:00,8126.5,8126.5,8126.0,8126.0,3
2026-09-25 19:00:00+00:00,8127.0,8128.0,8126.0,8126.5,39
2026-09-25 19:01:00+00:00,8126.5,8129.5,8126.0,8126.0,44
2026-09-25 19:02:00+00:00,8125.5,8125.5,8124.0,8124.0,6
2026-09-25 19:03:00+00:00,8124.0,8124.0,8123.5,8124.0,7
2026-09-25 19:04:00+00:00,8124.0,8124.5,8123.5,8124.5,19
2026-09-25 19:05:00+00:00,8124.5,8126.5,8124.5,8126.0,18
2026-09-25 19:06:00+00:00,8126.0,8126.5,8126.0,8126.5,2
2026-09-25 19:07:00+00:00,8126.5,8127.5,8126.5,8127.0,4
2026-09-25 19:08:00+00:00,8127.0,8128.0,8126.5,8127.5,19
2026-09-25 19:09:00+00:00,8127.0,8127.0,8125.5,8125.5,10
2026-09-25 19:11:00+00:00,8124.5,8124.5,8123.0,8124.5,12
2026-09-25 19:12:00+00:00,8123.5,8124.5,8123.5,8124.0,3
2026-09-25 19:13:00+00:00,8123.5,8123.5,8123.5,8123.5,6
2026-09-25 19:14:00+00:00,8124.0,8124.5,8123.5,8124.5,4
2026-09-25 19:15:00+00:00,8125.0,8125.0,8124.5,8124.5,8
2026-09-25 19:16:00+00:00,8124.0,8124.0,8124.0,8124.0,5
2026-09-25 19:17:00+00:00,8124.0,8124.0,8122.5,8122.5,13
2026-09-25 19:18:00+00:00,8123.0,8123.5,8122.5,8123.5,13
2026-09-25 19:19:00+00:00,8123.0,8123.0,8122.0,8122.0,5
2026-09-25 19:20:00+00:00,8121.5,8121.5,8120.0,8120.0,7
2026-09-25 19:21:00+00:00,8120.5,8120.5,8120.5,8120.5,2
2026-09-25 19:22:00+00:00,8120.5,8120.5,8120.0,8120.0,5
2026-09-25 19:24:00+00:00,8120.0,8120.5,8120.0,8120.5,2
2026-09-25 19:25:00+00:00,8120.0,8120.0,8120.0,8120.0,5
2026-09-25 19:26:00+00:00,8119.5,8119.5,8118.0,8118.0,7
2026-09-25 19:27:00+00:00,8120.0,8120.0,8119.0,8119.0,6
2026-09-25 19:28:00+00:00,8119.0,8119.5,8118.5,8118.5,5
2026-09-25 19:29:00+00:00,8118.5,8119.0,8118.5,8119.0,2
2026-09-25 19:30:00+00:00,8119.5,8119.5,8119.0,8119.0,10
2026-09-25 19:31:00+00:00,8119.5,8119.5,8118.5,8118.5,12
2026-09-25 19:32:00+00:00,8118.5,8118.5,8117.5,8118.0,9
2026-09-25 19:33:00+00:00,8118.5,8119.5,8118.5,8119.0,5
2026-09-25 19:34:00+00:00,8119.0,8119.0,8119.0,8119.0,6
2026-09-25 19:35:00+00:00,8119.5,8120.5,8119.5,8120.5,5
2026-09-25 19:36:00+00:00,8120.5,8120.5,8120.0,8120.0,4
2026-09-25 19:37:00+00:00,8122.0,8125.0,8122.0,8125.0,17
2026-09-25 19:38:00+00:00,8124.5,8127.5,8124.5,8127.0,14
2026-09-25 19:39:00+00:00,8126.5,8126.5,8125.5,8126.0,6
2026-09-25 19:40:00+00:00,8124.5,8124.5,8124.5,8124.5,2
2026-09-25 19:41:00+00:00,8124.0,8125.0,8123.5,8124.0,16
2026-09-25 19:42:00+00:00,8124.5,8125.0,8124.5,8125.0,3
2026-09-25 19:43:00+00:00,8125.0,8126.0,8124.0,8126.0,12
2026-09-25 19:44:00+00:00,8126.0,8126.5,8125.5,8125.5,6
2026-09-25 19:45:00+00:00,8127.0,8127.5,8126.5,8127.0,14
2026-09-25 19:46:00+00:00,8126.5,8127.5,8126.5,8127.5,6
2026-09-25 19:47:00+00:00,8127.5,8127.5,8126.0,8126.0,9
2026-09-25 19:48:00+00:00,8126.0,8127.0,8126.0,8126.5,7
2026-09-25 19:49:00+00:00,8126.5,8126.5,8124.5,8124.5,12
2026-09-25 19:50:00+00:00,8127.0,8129.5,8126.0,8128.5,38
2026-09-25 19:51:00+00:00,8128.5,8129.5,8128.5,8129.0,17
2026-09-25 19:52:00+00:00,8129.5,8129.5,8128.0,8128.0,7
2026-09-25 19:53:00+00:00,8128.5,8129.0,8128.0,8129.0,7
2026-09-25 19:54:00+00:00,8128.5,8128.5,8127.0,8128.0,11
2026-09-25 19:55:00+00:00,8127.0,8128.0,8126.5,8126.5,28
2026-09-25 19:56:00+00:00,8126.0,8127.0,8124.5,8127.0,25
2026-09-25 19:57:00+00:00,8126.5,8128.0,8126.5,8127.0,15
2026-09-25 19:58:00+00:00,8127.0,8128.0,8125.5,8126.5,96
2026-09-25 19:59:00+00:00,8126.5,8126.5,8121.5,8125.0,64
2026-09-28 06:00:00+00:00,8106.0,8106.0,8098.5,8099.0,302
2026-09-28 06:01:00+00:00,8099.0,8103.0,8098.5,8099.0,88
2026-09-28 06:02:00+00:00,8098.0,8099.0,8096.0,8097.0,36
2026-09-28 06:03:00+00:00,8093.5,8094.5,8091.5,8092.5,19
2026-09-28 06:04:00+00:00,8094.0,8094.0,8091.0,8091.0,17
2026-09-28 06:05:00+00:00,8091.0,8093.5,8091.0,8093.5,20
2026-09-28 06:06:00+00:00,8092.5,8095.5,8092.5,8095.0,14
2026-09-28 06:07:00+00:00,8096.5,8101.0,8096.5,8100.5,30
2026-09-28 06:08:00+00:00,8101.5,8103.5,8101.5,8103.0,21
2026-09-28 06:09:00+00:00,8103.5,8105.5,8103.5,8103.5,27
2026-09-28 06:10:00+00:00,8104.0,8106.5,8104.0,8106.5,19
2026-09-28 06:11:00+00:00,8107.5,8107.5,8106.5,8106.5,5
2026-09-28 06:12:00+00:00,8106.0,8107.0,8106.0,8106.0,17
2026-09-28 06:13:00+00:00,8105.5,8105.5,8103.5,8103.5,3
2026-09-28 06:14:00+00:00,8102.0,8103.5,8101.0,8103.5,12
2026-09-28 06:15:00+00:00,8104.0,8104.5,8103.0,8103.5,5
2026-09-28 06:16:00+00:00,8104.0,8106.5,8104.0,8106.5,21
2026-09-28 06:17:00+00:00,8106.0,8106.0,8103.0,8103.0,26
2026-09-28 06:18:00+00:00,8103.0,8103.0,8100.0,8100.5,12
2026-09-28 06:19:00+00:00,8099.5,8099.5,8098.0,8098.0,12
2026-09-28 06:20:00+00:00,8098.0,8098.5,8096.5,8097.0,21
2026-09-28 06:21:00+00:00,8096.0,8096.0,8094.0,8094.5,9
2026-09-28 06:22:00+00:00,8093.5,8093.5,8093.0,8093.5,8
2026-09-28 06:23:00+00:00,8093.0,8094.5,8091.5,8094.5,20
2026-09-28 06:24:00+00:00,8093.5,8093.5,8090.5,8090.5,18
2026-09-28 06:25:00+00:00,8090.0,8090.0,8087.5,8087.5,28
2026-09-28 06:26:00+00:00,8087.0,8089.0,8086.0,8089.0,43
2026-09-28 06:27:00+00:00,8088.0,8089.0,8087.5,8088.5,8
2026-09-28 06:28:00+00:00,8087.5,8088.0,8085.0,8086.0,17
2026-09-28 06:29:00+00:00,8085.5,8087.5,8085.5,8087.5,13
2026-09-28 06:30:00+00:00,8088.0,8088.0,8085.5,8087.5,39
2026-09-28 06:31:00+00:00,8088.0,8091.5,8088.0,8090.0,26
2026-09-28 06:32:00+00:00,8089.5,8091.0,8089.5,8091.0,10
2026-09-28 06:33:00+00:00,8090.0,8090.5,8089.0,8090.5,10
2026-09-28 06:34:00+00:00,8089.0,8090.0,8089.0,8090.0,11
2026-09-28 06:35:00+00:00,8091.5,8093.5,8091.5,8092.5,11
2026-09-28 06:36:00+00:00,8093.5,8094.0,8091.5,8091.5,12
2026-09-28 06:37:00+00:00,8090.5,8090.5,8090.5,8090.5,1
2026-09-28 06:38:00+00:00,8091.0,8091.0,8091.0,8091.0,2
2026-09-28 06:39:00+00:00,8090.0,8090.5,8090.0,8090.5,2
2026-09-28 06:40:00+00:00,8091.0,8093.5,8091.0,8092.5,14
2026-09-28 06:41:00+00:00,8092.5,8092.5,8091.5,8092.0,6
2026-09-28 06:42:00+00:00,8094.0,8094.5,8092.5,8094.5,11
2026-09-28 06:44:00+00:00,8090.0,8091.5,8090.0,8091.5,8
2026-09-28 06:45:00+00:00,8089.5,8091.0,8087.5,8091.0,16
2026-09-28 06:46:00+00:00,8090.5,8094.5,8090.5,8093.5,18
2026-09-28 06:47:00+00:00,8092.5,8094.0,8092.5,8094.0,3
2026-09-28 06:48:00+00:00,8094.5,8094.5,8092.0,8094.5,4
2026-09-28 06:49:00+00:00,8095.0,8095.0,8094.0,8094.5,10
2026-09-28 06:50:00+00:00,8095.5,8095.5,8092.0,8092.5,9
2026-09-28 06:51:00+00:00,8092.0,8093.0,8092.0,8093.0,15
2026-09-28 06:52:00+00:00,8094.0,8096.5,8093.5,8096.0,15
2026-09-28 06:53:00+00:00,8096.0,8099.0,8096.0,8097.5,14
2026-09-28 06:54:00+00:00,8097.0,8097.5,8093.0,8093.0,28
2026-09-28 06:55:00+00:00,8094.0,8095.0,8093.0,8093.5,16
2026-09-28 06:56:00+00:00,8093.0,8095.0,8091.5,8093.5,35
2026-09-28 06:57:00+00:00,8093.5,8093.5,8091.0,8092.5,42
2026-09-28 06:58:00+00:00,8092.5,8102.5,8092.5,8100.0,94
2026-09-28 06:59:00+00:00,8099.5,8105.5,8099.5,8103.5,119
2026-09-28 07:00:00+00:00,8103.0,8115.5,8095.5,8114.5,771
2026-09-28 07:01:00+00:00,8114.5,8115.0,8105.5,8109.0,352
2026-09-28 07:02:00+00:00,8109.5,8110.5,8102.5,8103.0,194
2026-09-28 07:03:00+00:00,8102.5,8104.5,8097.5,8098.0,154
2026-09-28 07:04:00+00:00,8098.0,8103.0,8094.5,8102.0,164
2026-09-28 07:05:00+00:00,8102.0,8105.5,8100.0,8100.0,182
2026-09-28 07:06:00+00:00,8100.5,8104.5,8098.5,8104.0,150
2026-09-28 07:07:00+00:00,8103.5,8104.5,8100.0,8100.5,143
2026-09-28 07:08:00+00:00,8100.5,8108.0,8100.5,8106.0,144
2026-09-28 07:09:00+00:00,8106.0,8112.5,8105.5,8112.5,105
2026-09-28 07:10:00+00:00,8111.5,8112.5,8109.0,8109.5,119
2026-09-28 07:11:00+00:00,8109.5,8112.5,8108.5,8112.0,123
2026-09-28 07:12:00+00:00,8111.5,8113.0,8109.0,8110.0,94
2026-09-28 07:13:00+00:00,8110.0,8110.0,8106.0,8106.5,87
2026-09-28 07:14:00+00:00,8106.0,8106.0,8101.5,8105.0,101
2026-09-28 07:15:00+00:00,8104.5,8107.0,8103.5,8104.5,110
2026-09-28 07:16:00+00:00,8104.5,8109.5,8103.5,8109.5,102
2026-09-28 07:17:00+00:00,8109.5,8110.5,8108.0,8108.0,64
2026-09-28 07:18:00+00:00,8108.5,8113.5,8108.0,8113.0,74
2026-09-28 07:19:00+00:00,8111.5,8113.5,8111.5,8113.0,74
2026-09-28 07:20:00+00:00,8112.0,8112.5,8108.5,8109.5,93
2026-09-28 07:21:00+00:00,8108.5,8109.0,8101.5,8102.5,72
2026-09-28 07:22:00+00:00,8102.0,8102.0,8096.5,8096.5,76
2026-09-28 07:23:00+00:00,8096.5,8103.0,8096.5,8101.5,93
2026-09-28 07:24:00+00:00,8101.5,8106.5,8101.5,8104.5,79
2026-09-28 07:25:00+00:00,8102.5,8110.0,8102.5,8107.5,109
2026-09-28 07:26:00+00:00,8107.5,8107.5,8102.0,8103.5,78
2026-09-28 07:27:00+00:00,8104.0,8104.0,8102.0,8103.0,68
2026-09-28 07:28:00+00:00,8103.5,8106.0,8101.5,8102.5,75
2026-09-28 07:29:00+00:00,8102.5,8109.0,8102.5,8109.0,115
2026-09-28 07:30:00+00:00,8109.0,8110.5,8100.5,8102.0,128
2026-09-28 07:31:00+00:00,8101.5,8104.0,8101.0,8101.5,121
2026-09-28 07:32:00+00:00,8100.5,8101.5,8098.0,8100.0,83
2026-09-28 07:33:00+00:00,8100.5,8104.0,8099.0,8101.5,86
2026-09-28 07:34:00+00:00,8100.5,8102.0,8099.5,8102.0,80
2026-09-28 07:35:00+00:00,8102.5,8104.5,8101.5,8103.0,105
2026-09-28 07:36:00+00:00,8103.5,8106.5,8103.0,8104.5,56
2026-09-28 07:37:00+00:00,8104.5,8104.5,8101.0,8101.5,87
2026-09-28 07:38:00+00:00,8102.0,8102.0,8097.5,8101.0,98
2026-09-28 07:39:00+00:00,8101.0,8102.5,8100.5,8102.0,78
2026-09-28 07:40:00+00:00,8101.5,8108.0,8101.5,8107.5,60
2026-09-28 07:41:00+00:00,8106.5,8108.5,8106.0,8107.5,45
2026-09-28 07:42:00+00:00,8106.5,8106.5,8102.0,8102.5,28
2026-09-28 07:43:00+00:00,8103.0,8103.5,8099.5,8099.5,31
2026-09-28 07:44:00+00:00,8099.5,8099.5,8096.0,8096.5,48
2026-09-28 07:45:00+00:00,8097.0,8101.5,8097.0,8100.5,65
2026-09-28 07:46:00+00:00,8100.5,8103.5,8100.0,8102.5,110
2026-09-28 07:47:00+00:00,8102.5,8104.5,8101.0,8101.0,35
2026-09-28 07:48:00+00:00,8100.5,8102.0,8098.0,8098.5,47
2026-09-28 07:49:00+00:00,8099.0,8101.0,8098.0,8100.0,55
2026-09-28 07:50:00+00:00,8100.0,8101.5,8098.5,8099.0,43
2026-09-28 07:51:00+00:00,8099.0,8104.0,8099.0,8104.0,49
2026-09-28 07:52:00+00:00,8103.5,8105.0,8101.5,8101.5,50
2026-09-28 07:53:00+00:00,8101.5,8103.0,8100.0,8102.5,62
2026-09-28 07:54:00+00:00,8102.5,8108.0,8102.5,8108.0,53
2026-09-28 07:55:00+00:00,8108.0,8110.0,8106.0,8108.0,57
2026-09-28 07:56:00+00:00,8109.0,8111.5,8109.0,8109.5,54
2026-09-28 07:57:00+00:00,8109.5,8109.5,8106.0,8106.0,42
2026-09-28 07:58:00+00:00,8105.0,8105.5,8103.5,8105.0,74
2026-09-28 07:59:00+00:00,8105.0,8107.0,8104.5,8105.5,39
2026-09-28 08:00:00+00:00,8105.0,8107.0,8103.0,8105.0,71
2026-09-28 08:01:00+00:00,8105.5,8107.0,8104.5,8105.5,40
2026-09-28 08:02:00+00:00,8105.0,8107.5,8103.5,8107.0,41
2026-09-28 08:03:00+00:00,8107.0,8107.0,8103.0,8103.5,45
2026-09-28 08:04:00+00:00,8103.0,8103.5,8101.5,8102.5,34
2026-09-28 08:05:00+00:00,8103.0,8103.5,8101.0,8103.0,48
2026-09-28 08:06:00+00:00,8103.0,8104.5,8102.0,8102.0,50
2026-09-28 08:07:00+00:00,8102.5,8106.0,8102.5,8105.0,34
2026-09-28 08:08:00+00:00,8105.5,8109.5,8105.5,8109.5,50
2026-09-28 08:09:00+00:00,8109.0,8110.5,8109.0,8109.0,36
2026-09-28 08:10:00+00:00,8109.0,8110.5,8108.0,8110.0,88
2026-09-28 08:11:00+00:00,8109.5,8113.5,8108.5,8112.5,48
2026-09-28 08:12:00+00:00,8112.0,8113.0,8106.5,8106.5,56
2026-09-28 08:13:00+00:00,8105.5,8106.5,8104.5,8106.0,50
2026-09-28 08:14:00+00:00,8106.5,8111.0,8106.5,8110.5,28
2026-09-28 08:15:00+00:00,8111.0,8112.5,8110.0,8110.5,64
2026-09-28 08:16:00+00:00,8111.0,8113.0,8110.0,8111.0,37
2026-09-28 08:17:00+00:00,8111.0,8112.0,8107.0,8108.0,46
2026-09-28 08:18:00+00:00,8109.0,8112.0,8109.0,8109.0,34
2026-09-28 08:19:00+00:00,8108.0,8108.5,8107.0,8108.0,50
2026-09-28 08:20:00+00:00,8108.0,8109.0,8106.5,8107.0,35
2026-09-28 08:21:00+00:00,8107.0,8107.0,8103.5,8105.5,43
2026-09-28 08:22:00+00:00,8106.0,8106.0,8104.0,8106.0,30
2026-09-28 08:23:00+00:00,8106.0,8107.0,8103.5,8104.5,32
2026-09-28 08:24:00+00:00,8104.5,8104.5,8102.0,8102.5,52
2026-09-28 08:25:00+00:00,8103.5,8105.5,8103.5,8105.0,46
2026-09-28 08:26:00+00:00,8105.5,8111.0,8105.5,8110.5,45
2026-09-28 08:27:00+00:00,8110.5,8112.5,8110.5,8112.0,36
2026-09-28 08:28:00+00:00,8112.0,8113.5,8111.5,8113.0,26
2026-09-28 08:29:00+00:00,8112.5,8114.5,8112.0,8114.0,64
2026-09-28 08:30:00+00:00,8114.0,8116.5,8113.0,8113.5,147
2026-09-28 08:31:00+00:00,8113.5,8114.0,8109.0,8110.5,68
2026-09-28 08:32:00+00:00,8110.0,8110.0,8105.5,8107.0,90
2026-09-28 08:33:00+00:00,8107.5,8108.5,8105.5,8105.5,32
2026-09-28 08:34:00+00:00,8105.5,8105.5,8102.5,8105.0,42
2026-09-28 08:35:00+00:00,8105.5,8106.5,8104.0,8104.0,29
2026-09-28 08:36:00+00:00,8104.0,8105.0,8103.0,8103.0,29
2026-09-28 08:37:00+00:00,8102.0,8103.0,8098.0,8098.0,45
2026-09-28 08:38:00+00:00,8097.5,8098.0,8094.5,8095.0,61
2026-09-28 08:39:00+00:00,8095.5,8095.5,8092.0,8095.0,58
2026-09-28 08:40:00+00:00,8094.5,8100.0,8094.0,8099.5,65
2026-09-28 08:41:00+00:00,8099.5,8100.5,8099.0,8100.0,34
2026-09-28 08:42:00+00:00,8101.0,8102.0,8100.0,8101.0,52
2026-09-28 08:43:00+00:00,8100.0,8100.5,8098.5,8099.0,32
2026-09-28 08:44:00+00:00,8098.5,8099.5,8098.5,8099.5,24
2026-09-28 08:45:00+00:00,8099.5,8099.5,8095.5,8096.0,38
2026-09-28 08:46:00+00:00,8096.0,8099.0,8095.0,8097.0,53
2026-09-28 08:47:00+00:00,8097.5,8100.5,8097.5,8098.5,53
2026-09-28 08:48:00+00:00,8098.5,8098.5,8095.0,8095.5,21
2026-09-28 08:49:00+00:00,8095.5,8099.5,8095.5,8099.5,25
2026-09-28 08:50:00+00:00,8100.0,8104.0,8099.5,8104.0,33
2026-09-28 08:51:00+00:00,8102.5,8102.5,8100.5,8102.0,32
2026-09-28 08:52:00+00:00,8101.5,8102.0,8097.0,8097.0,51
2026-09-28 08:53:00+00:00,8097.0,8100.0,8096.5,8099.5,31
2026-09-28 08:54:00+00:00,8099.0,8099.5,8097.5,8097.5,35
2026-09-28 08:55:00+00:00,8098.0,8099.5,8096.5,8096.5,31
2026-09-28 08:56:00+00:00,8096.0,8097.0,8095.5,8096.5,42
2026-09-28 08:57:00+00:00,8097.0,8097.5,8096.0,8097.5,45
2026-09-28 08:58:00+00:00,8097.0,8097.0,8094.0,8094.0,29
2026-09-28 08:59:00+00:00,8093.0,8095.0,8092.5,8094.0,25
2026-09-28 09:00:00+00:00,8092.5,8099.5,8092.5,8098.5,257
2026-09-28 09:01:00+00:00,8099.0,8100.5,8096.5,8097.5,43
2026-09-28 09:02:00+00:00,8096.5,8096.5,8091.5,8092.5,48
2026-09-28 09:03:00+00:00,8090.5,8091.0,8086.5,8087.0,60
2026-09-28 09:04:00+00:00,8087.5,8087.5,8084.5,8085.5,76
2026-09-28 09:05:00+00:00,8086.0,8086.0,8083.5,8084.0,60
2026-09-28 09:06:00+00:00,8084.0,8084.0,8081.0,8082.0,144
2026-09-28 09:07:00+00:00,8082.0,8085.0,8081.0,8082.0,134
2026-09-28 09:08:00+00:00,8082.5,8082.5,8077.5,8078.0,104
2026-09-28 09:09:00+00:00,8077.5,8080.0,8077.0,8078.0,37
2026-09-28 09:10:00+00:00,8077.0,8077.5,8074.0,8075.0,109
2026-09-28 09:11:00+00:00,8075.0,8077.5,8072.5,8072.5,50
2026-09-28 09:12:00+00:00,8073.0,8075.5,8072.5,8074.5,63
2026-09-28 09:13:00+00:00,8075.0,8075.5,8072.5,8074.5,49
2026-09-28 09:14:00+00:00,8075.5,8076.0,8072.5,8073.5,80
2026-09-28 09:15:00+00:00,8074.0,8074.5,8070.0,8070.0,66
2026-09-28 09:16:00+00:00,8069.5,8073.0,8069.5,8072.5,64
2026-09-28 09:17:00+00:00,8073.0,8075.5,8073.0,8075.0,35
2026-09-28 09:18:00+00:00,8075.0,8080.0,8074.5,8080.0,45
2026-09-28 09:19:00+00:00,8080.0,8084.5,8080.0,8084.0,43
2026-09-28 09:20:00+00:00,8084.5,8089.0,8084.5,8087.0,59
2026-09-28 09:21:00+00:00,8087.5,8087.5,8085.0,8085.5,36
2026-09-28 09:22:00+00:00,8085.5,8087.0,8084.0,8087.0,36
2026-09-28 09:23:00+00:00,8086.5,8088.5,8085.0,8085.5,63
2026-09-28 09:24:00+00:00,8085.5,8087.0,8085.5,8086.5,23
2026-09-28 09:25:00+00:00,8087.5,8087.5,8083.0,8083.5,60
2026-09-28 09:26:00+00:00,8083.0,8085.5,8083.0,8085.5,41
2026-09-28 09:27:00+00:00,8084.5,8084.5,8082.0,8082.5,60
2026-09-28 09:28:00+00:00,8083.0,8084.0,8081.0,8081.0,36
2026-09-28 09:29:00+00:00,8080.0,8084.5,8080.0,8084.5,57
2026-09-28 09:30:00+00:00,8083.5,8085.0,8080.5,8080.5,45
2026-09-28 09:31:00+00:00,8080.0,8082.0,8079.5,8080.0,32
2026-09-28 09:32:00+00:00,8080.0,8082.0,8080.0,8081.5,28
2026-09-28 09:33:00+00:00,8081.5,8081.5,8079.0,8079.0,33
2026-09-28 09:34:00+00:00,8079.5,8080.5,8077.5,8077.5,47
2026-09-28 09:35:00+00:00,8077.5,8079.0,8077.5,8078.5,40
2026-09-28 09:36:00+00:00,8079.0,8082.0,8079.0,8082.0,31
2026-09-28 09:37:00+00:00,8082.0,8082.5,8080.5,8080.5,31
2026-09-28 09:38:00+00:00,8081.0,8081.0,8079.0,8080.5,27
2026-09-28 09:39:00+00:00,8081.0,8083.0,8081.0,8083.0,24
2026-09-28 09:40:00+00:00,8082.5,8087.5,8082.0,8086.0,58
2026-09-28 09:41:00+00:00,8085.5,8085.5,8084.0,8084.0,14
2026-09-28 09:42:00+00:00,8084.5,8084.5,8081.5,8083.0,43
2026-09-28 09:43:00+00:00,8083.5,8084.0,8083.0,8083.5,10
2026-09-28 09:44:00+00:00,8083.0,8085.0,8083.0,8085.0,25
2026-09-28 09:45:00+00:00,8086.0,8090.0,8086.0,8089.5,41
2026-09-28 09:46:00+00:00,8089.5,8089.5,8087.5,8087.5,35
2026-09-28 09:47:00+00:00,8088.0,8090.0,8088.0,8088.5,23
2026-09-28 09:48:00+00:00,8089.0,8089.5,8088.5,8089.0,23
2026-09-28 09:49:00+00:00,8088.5,8088.5,8087.0,8087.5,23
2026-09-28 09:50:00+00:00,8088.5,8090.5,8088.5,8089.5,30
2026-09-28 09:51:00+00:00,8089.0,8090.5,8088.0,8089.5,35
2026-09-28 09:52:00+00:00,8089.5,8089.5,8088.5,8088.5,20
2026-09-28 09:53:00+00:00,8089.0,8090.5,8087.5,8087.5,39
2026-09-28 09:54:00+00:00,8088.0,8089.5,8087.5,8087.5,18
2026-09-28 09:55:00+00:00,8088.5,8089.5,8088.0,8089.5,11
2026-09-28 09:56:00+00:00,8090.0,8090.5,8087.5,8087.5,26
2026-09-28 09:57:00+00:00,8088.5,8089.0,8086.0,8088.0,54
2026-09-28 09:58:00+00:00,8087.0,8087.5,8086.0,8086.5,37
2026-09-28 09:59:00+00:00,8086.0,8089.0,8086.0,8089.0,42
2026-09-28 10:00:00+00:00,8089.0,8090.5,8085.5,8088.5,55
2026-09-28 10:01:00+00:00,8088.5,8090.5,8088.0,8088.5,25
2026-09-28 10:02:00+00:00,8089.5,8089.5,8088.0,8089.0,19
2026-09-28 10:03:00+00:00,8089.0,8091.0,8088.5,8091.0,14
2026-09-28 10:04:00+00:00,8091.5,8093.0,8091.5,8092.0,32
2026-09-28 10:05:00+00:00,8092.0,8092.5,8091.0,8091.5,37
2026-09-28 10:06:00+00:00,8091.5,8091.5,8087.0,8088.5,31
2026-09-28 10:07:00+00:00,8089.0,8089.5,8087.0,8087.0,34
2026-09-28 10:08:00+00:00,8087.0,8087.0,8084.5,8085.5,20
2026-09-28 10:09:00+00:00,8085.0,8087.0,8085.0,8086.0,30
2026-09-28 10:10:00+00:00,8085.5,8086.5,8084.0,8084.0,16
2026-09-28 10:11:00+00:00,8082.5,8082.5,8081.5,8081.5,26
2026-09-28 10:12:00+00:00,8081.0,8088.0,8081.0,8083.5,123
2026-09-28 10:13:00+00:00,8083.0,8083.0,8080.0,8082.0,14
2026-09-28 10:14:00+00:00,8082.0,8083.0,8081.0,8083.0,13
2026-09-28 10:15:00+00:00,8083.5,8086.5,8083.5,8086.0,17
2026-09-28 10:16:00+00:00,8085.5,8086.0,8084.0,8084.0,19
2026-09-28 10:17:00+00:00,8083.5,8084.5,8083.0,8083.0,14
2026-09-28 10:18:00+00:00,8082.0,8084.5,8081.5,8083.5,25
2026-09-28 10:19:00+00:00,8083.0,8085.5,8083.0,8083.5,21
2026-09-28 10:20:00+00:00,8082.5,8084.0,8082.0,8083.5,22
2026-09-28 10:21:00+00:00,8083.0,8086.0,8083.0,8086.0,18
2026-09-28 10:22:00+00:00,8085.0,8085.0,8083.5,8084.5,16
2026-09-28 10:23:00+00:00,8085.0,8085.0,8082.5,8082.5,17
2026-09-28 10:24:00+00:00,8082.0,8082.0,8078.5,8080.0,14
2026-09-28 10:25:00+00:00,8079.5,8081.0,8079.0,8081.0,11
2026-09-28 10:26:00+00:00,8081.5,8082.0,8080.0,8080.0,18
2026-09-28 10:27:00+00:00,8080.0,8080.5,8079.0,8079.0,24
2026-09-28 10:28:00+00:00,8079.0,8079.0,8077.0,8077.5,30
2026-09-28 10:29:00+00:00,8077.5,8082.0,8077.5,8082.0,24
2026-09-28 10:30:00+00:00,8082.0,8082.5,8078.5,8078.5,17
2026-09-28 10:31:00+00:00,8078.0,8081.0,8078.0,8081.0,14
2026-09-28 10:32:00+00:00,8080.5,8081.0,8079.5,8081.0,13
2026-09-28 10:33:00+00:00,8079.0,8082.0,8079.0,8082.0,23
2026-09-28 10:34:00+00:00,8082.5,8082.5,8080.5,8081.5,12
2026-09-28 10:35:00+00:00,8082.0,8083.0,8080.5,8081.5,16
2026-09-28 10:36:00+00:00,8081.0,8081.0,8079.0,8079.0,8
2026-09-28 10:37:00+00:00,8080.0,8081.0,8080.0,8080.5,10
2026-09-28 10:38:00+00:00,8079.5,8079.5,8079.0,8079.0,11
2026-09-28 10:39:00+00:00,8080.0,8082.0,8080.0,8081.5,48
2026-09-28 10:40:00+00:00,8081.5,8083.0,8081.0,8082.5,26
2026-09-28 10:41:00+00:00,8082.5,8084.0,8082.5,8082.5,19
2026-09-28 10:42:00+00:00,8082.5,8082.5,8079.5,8080.0,12
2026-09-28 10:43:00+00:00,8080.0,8081.0,8079.5,8079.5,16
2026-09-28 10:44:00+00:00,8080.0,8080.5,8079.5,8080.0,11
2026-09-28 10:45:00+00:00,8081.0,8083.0,8080.5,8082.5,27
2026-09-28 10:46:00+00:00,8083.0,8085.5,8083.0,8083.0,29
2026-09-28 10:47:00+00:00,8083.5,8085.0,8083.5,8085.0,17
2026-09-28 10:48:00+00:00,8085.5,8089.0,8085.5,8086.5,124
2026-09-28 10:49:00+00:00,8086.0,8087.0,8085.0,8086.0,17
2026-09-28 10:50:00+00:00,8086.0,8088.5,8086.0,8088.5,7
2026-09-28 10:51:00+00:00,8088.0,8093.0,8088.0,8092.5,29
2026-09-28 10:52:00+00:00,8092.5,8098.0,8092.5,8094.5,176
2026-09-28 10:53:00+00:00,8094.5,8094.5,8092.5,8092.5,14
2026-09-28 10:54:00+00:00,8091.5,8092.5,8091.5,8092.0,7
2026-09-28 10:55:00+00:00,8092.5,8094.0,8091.5,8094.0,22
2026-09-28 10:56:00+00:00,8093.0,8093.0,8091.0,8091.5,22
2026-09-28 10:57:00+00:00,8090.5,8092.5,8090.0,8091.0,15
2026-09-28 10:58:00+00:00,8091.0,8092.0,8091.0,8091.0,8
2026-09-28 10:59:00+00:00,8091.5,8091.5,8088.0,8088.5,45
2026-09-28 11:00:00+00:00,8089.0,8097.0,8089.0,8093.0,133
2026-09-28 11:01:00+00:00,8092.0,8093.5,8091.5,8093.5,36
2026-09-28 11:02:00+00:00,8093.0,8093.0,8090.5,8090.5,37
2026-09-28 11:03:00+00:00,8090.5,8091.0,8085.5,8085.5,28
2026-09-28 11:04:00+00:00,8085.0,8086.5,8084.5,8085.5,10
2026-09-28 11:05:00+00:00,8084.5,8084.5,8083.5,8083.5,25
2026-09-28 11:06:00+00:00,8084.0,8086.5,8084.0,8086.5,41
2026-09-28 11:07:00+00:00,8086.5,8089.5,8085.0,8089.5,32
2026-09-28 11:08:00+00:00,8089.0,8089.5,8088.5,8089.0,16
2026-09-28 11:09:00+00:00,8089.0,8091.0,8089.0,8091.0,8
2026-09-28 11:10:00+00:00,8092.0,8094.5,8091.0,8093.5,18
2026-09-28 11:11:00+00:00,8093.5,8096.5,8093.5,8095.0,15
2026-09-28 11:12:00+00:00,8095.5,8097.0,8095.0,8095.0,15
2026-09-28 11:13:00+00:00,8094.5,8095.5,8094.5,8095.0,19
2026-09-28 11:14:00+00:00,8095.5,8097.0,8095.5,8096.0,29
2026-09-28 11:15:00+00:00,8095.0,8096.5,8094.5,8096.5,38
2026-09-28 11:16:00+00:00,8096.5,8107.0,8094.5,8102.5,410
2026-09-28 11:17:00+00:00,8104.0,8105.5,8100.5,8101.5,60
2026-09-28 11:18:00+00:00,8101.5,8101.5,8097.0,8098.0,21
2026-09-28 11:19:00+00:00,8096.5,8097.0,8092.0,8093.5,50
2026-09-28 11:20:00+00:00,8092.5,8093.0,8090.5,8093.0,25
2026-09-28 11:21:00+00:00,8093.0,8093.5,8092.5,8093.0,9
2026-09-28 11:22:00+00:00,8093.5,8098.5,8093.5,8098.5,16
2026-09-28 11:23:00+00:00,8098.5,8100.5,8098.0,8100.0,10
2026-09-28 11:24:00+00:00,8100.5,8102.0,8100.5,8101.5,16
2026-09-28 11:25:00+00:00,8101.5,8102.5,8101.0,8102.0,20
2026-09-28 11:26:00+00:00,8101.5,8103.0,8101.5,8103.0,10
2026-09-28 11:27:00+00:00,8102.0,8103.5,8101.5,8101.5,22
2026-09-28 11:28:00+00:00,8101.5,8102.5,8101.5,8102.5,6
2026-09-28 11:29:00+00:00,8102.5,8102.5,8101.0,8101.5,12
2026-09-28 11:30:00+00:00,8102.0,8102.0,8099.5,8100.5,20
2026-09-28 11:31:00+00:00,8100.0,8101.0,8100.0,8100.5,33
2026-09-28 11:32:00+00:00,8100.5,8101.5,8099.0,8099.0,32
2026-09-28 11:33:00+00:00,8098.5,8101.0,8098.5,8101.0,26
2026-09-28 11:34:00+00:00,8100.0,8101.5,8099.5,8101.5,10
2026-09-28 11:35:00+00:00,8102.0,8102.0,8100.5,8101.0,21
2026-09-28 11:36:00+00:00,8101.0,8101.5,8099.5,8099.5,18
2026-09-28 11:37:00+00:00,8100.0,8102.0,8100.0,8102.0,13
2026-09-28 11:38:00+00:00,8102.0,8102.5,8101.0,8101.0,30
2026-09-28 11:39:00+00:00,8101.5,8103.0,8101.5,8102.5,23
2026-09-28 11:40:00+00:00,8102.0,8103.0,8102.0,8102.5,11
2026-09-28 11:41:00+00:00,8103.0,8106.0,8103.0,8105.0,19
2026-09-28 11:42:00+00:00,8105.0,8107.0,8103.5,8106.5,84
2026-09-28 11:43:00+00:00,8106.5,8107.0,8105.5,8105.5,15
2026-09-28 11:44:00+00:00,8106.0,8106.0,8105.0,8106.0,10
2026-09-28 11:45:00+00:00,8106.0,8106.5,8104.5,8104.5,9
2026-09-28 11:46:00+00:00,8105.0,8106.5,8105.0,8106.0,13
2026-09-28 11:47:00+00:00,8105.0,8106.5,8105.0,8106.5,8
2026-09-28 11:48:00+00:00,8106.0,8106.0,8103.5,8103.5,19
2026-09-28 11:49:00+00:00,8103.5,8103.5,8103.0,8103.0,4
2026-09-28 11:50:00+00:00,8102.5,8103.0,8101.0,8103.0,13
2026-09-28 11:51:00+00:00,8103.5,8104.5,8103.0,8103.0,11
2026-09-28 11:52:00+00:00,8102.5,8103.5,8102.5,8103.0,27
2026-09-28 11:53:00+00:00,8104.0,8104.0,8101.5,8102.0,21
2026-09-28 11:54:00+00:00,8102.0,8102.5,8102.0,8102.5,11
2026-09-28 11:55:00+00:00,8103.0,8105.5,8103.0,8105.5,21
2026-09-28 11:56:00+00:00,8105.5,8105.5,8104.0,8104.0,19
2026-09-28 11:57:00+00:00,8103.5,8105.5,8102.0,8103.0,22
2026-09-28 11:58:00+00:00,8104.0,8104.0,8102.0,8102.5,5
2026-09-28 11:59:00+00:00,8101.0,8101.0,8099.5,8100.5,12
2026-09-28 12:00:00+00:00,8101.0,8102.0,8098.0,8098.5,45
2026-09-28 12:01:00+00:00,8098.0,8098.0,8095.0,8095.5,27
2026-09-28 12:02:00+00:00,8095.5,8098.0,8095.5,8098.0,22
2026-09-28 12:03:00+00:00,8097.0,8099.0,8096.5,8099.0,25
2026-09-28 12:04:00+00:00,8099.0,8114.5,8099.0,8106.5,569
2026-09-28 12:05:00+00:00,8107.0,8114.5,8107.0,8113.0,82
2026-09-28 12:06:00+00:00,8112.5,8119.5,8112.5,8119.0,111
2026-09-28 12:07:00+00:00,8119.5,8119.5,8117.0,8117.0,48
2026-09-28 12:08:00+00:00,8116.0,8116.0,8111.5,8112.5,43
2026-09-28 12:09:00+00:00,8113.0,8114.0,8111.0,8112.5,31
2026-09-28 12:10:00+00:00,8113.5,8115.0,8112.0,8112.0,16
2026-09-28 12:11:00+00:00,8112.5,8114.5,8111.5,8112.0,28
2026-09-28 12:12:00+00:00,8112.0,8112.0,8110.5,8110.5,14
2026-09-28 12:13:00+00:00,8109.0,8110.5,8109.0,8110.0,21
2026-09-28 12:14:00+00:00,8110.5,8114.5,8110.5,8114.5,20
2026-09-28 12:15:00+00:00,8114.5,8115.5,8113.5,8114.5,33
2026-09-28 12:16:00+00:00,8114.5,8118.0,8114.5,8118.0,25
2026-09-28 12:17:00+00:00,8118.0,8119.0,8117.0,8118.0,50
2026-09-28 12:18:00+00:00,8118.0,8120.5,8118.0,8120.5,52
2026-09-28 12:19:00+00:00,8120.5,8125.0,8120.5,8124.5,46
2026-09-28 12:20:00+00:00,8125.5,8126.0,8124.0,8125.5,26
2026-09-28 12:21:00+00:00,8125.5,8126.0,8123.5,8123.5,26
2026-09-28 12:22:00+00:00,8123.0,8123.0,8120.5,8121.0,28
2026-09-28 12:23:00+00:00,8120.5,8123.5,8120.0,8123.0,38
2026-09-28 12:24:00+00:00,8123.0,8123.5,8122.0,8122.0,26
2026-09-28 12:25:00+00:00,8122.0,8123.0,8120.0,8123.0,25
2026-09-28 12:26:00+00:00,8123.0,8131.0,8122.0,8127.0,324
2026-09-28 12:27:00+00:00,8126.5,8126.5,8123.5,8125.0,64
2026-09-28 12:28:00+00:00,8125.0,8125.5,8123.5,8123.5,16
2026-09-28 12:29:00+00:00,8123.0,8123.5,8122.0,8122.0,30
2026-09-28 12:30:00+00:00,8122.5,8123.0,8121.0,8121.5,45
2026-09-28 12:31:00+00:00,8121.0,8121.0,8118.0,8119.0,48
2026-09-28 12:32:00+00:00,8119.5,8119.5,8117.0,8119.5,26
2026-09-28 12:33:00+00:00,8119.5,8121.0,8119.5,8120.0,27
2026-09-28 12:34:00+00:00,8119.5,8123.5,8119.5,8123.5,36
2026-09-28 12:35:00+00:00,8123.0,8125.0,8122.0,8125.0,19
2026-09-28 12:36:00+00:00,8124.5,8125.5,8124.0,8124.0,29
2026-09-28 12:37:00+00:00,8123.5,8124.5,8123.0,8124.5,37
2026-09-28 12:38:00+00:00,8123.5,8124.0,8120.0,8120.0,28
2026-09-28 12:39:00+00:00,8119.5,8119.5,8118.0,8119.0,21
2026-09-28 12:40:00+00:00,8118.0,8119.0,8113.0,8114.0,94
2026-09-28 12:41:00+00:00,8114.5,8117.0,8114.5,8117.0,42
2026-09-28 12:42:00+00:00,8116.5,8116.5,8114.5,8116.0,35
2026-09-28 12:43:00+00:00,8116.0,8120.5,8115.5,8120.0,34
2026-09-28 12:44:00+00:00,8120.5,8125.0,8120.5,8124.5,61
2026-09-28 12:45:00+00:00,8125.0,8127.0,8124.5,8126.5,32
2026-09-28 12:46:00+00:00,8127.0,8127.5,8124.0,8124.0,40
2026-09-28 12:47:00+00:00,8124.0,8125.5,8123.5,8123.5,34
2026-09-28 12:48:00+00:00,8123.0,8126.5,8122.5,8126.5,27
2026-09-28 12:49:00+00:00,8126.0,8126.0,8125.0,8125.5,21
2026-09-28 12:50:00+00:00,8125.0,8126.5,8124.5,8125.5,49
2026-09-28 12:51:00+00:00,8125.0,8125.5,8124.0,8125.0,34
2026-09-28 12:52:00+00:00,8126.0,8127.5,8126.0,8127.0,57
2026-09-28 12:53:00+00:00,8126.5,8129.0,8125.5,8129.0,24
2026-09-28 12:54:00+00:00,8128.5,8128.5,8127.5,8128.5,19
2026-09-28 12:55:00+00:00,8129.0,8129.5,8127.5,8129.0,16
2026-09-28 12:56:00+00:00,8128.5,8134.5,8128.0,8134.0,108
2026-09-28 12:57:00+00:00,8133.5,8136.0,8132.5,8134.5,35
2026-09-28 12:58:00+00:00,8134.0,8135.0,8131.0,8132.5,60
2026-09-28 12:59:00+00:00,8132.5,8135.0,8132.5,8134.5,21
2026-09-28 13:00:00+00:00,8134.5,8134.5,8129.0,8129.0,60
2026-09-28 13:01:00+00:00,8129.0,8129.0,8124.0,8125.0,72
2026-09-28 13:02:00+00:00,8124.0,8124.5,8122.0,8124.0,54
2026-09-28 13:03:00+00:00,8123.5,8123.5,8121.5,8121.5,19
2026-09-28 13:04:00+00:00,8121.5,8124.5,8121.0,8123.5,34
2026-09-28 13:05:00+00:00,8123.0,8123.0,8120.5,8120.5,62
2026-09-28 13:06:00+00:00,8120.0,8122.0,8119.0,8121.0,45
2026-09-28 13:07:00+00:00,8121.0,8123.5,8120.5,8123.5,16
2026-09-28 13:08:00+00:00,8124.0,8125.5,8124.0,8125.5,25
2026-09-28 13:09:00+00:00,8125.0,8127.0,8123.5,8126.0,25
2026-09-28 13:10:00+00:00,8126.0,8126.0,8125.5,8126.0,23
2026-09-28 13:11:00+00:00,8126.0,8126.0,8123.0,8124.0,20
2026-09-28 13:12:00+00:00,8125.0,8127.5,8125.0,8127.0,19
2026-09-28 13:13:00+00:00,8127.5,8127.5,8126.5,8126.5,8
2026-09-28 13:14:00+00:00,8126.0,8126.0,8123.5,8125.0,22
2026-09-28 13:15:00+00:00,8125.5,8127.0,8125.5,8126.0,22
2026-09-28 13:16:00+00:00,8127.5,8128.0,8125.5,8126.0,9
2026-09-28 13:17:00+00:00,8126.5,8128.5,8126.5,8128.0,25
2026-09-28 13:18:00+00:00,8127.5,8128.5,8125.5,8126.5,68
2026-09-28 13:19:00+00:00,8126.5,8128.0,8126.0,8126.5,25
2026-09-28 13:20:00+00:00,8126.5,8126.5,8123.0,8124.0,30
2026-09-28 13:21:00+00:00,8124.0,8127.0,8123.5,8123.5,43
2026-09-28 13:22:00+00:00,8123.0,8123.5,8120.5,8120.5,34
2026-09-28 13:23:00+00:00,8120.0,8122.0,8120.0,8122.0,13
2026-09-28 13:24:00+00:00,8122.5,8125.0,8122.5,8124.5,32
2026-09-28 13:25:00+00:00,8125.0,8125.0,8122.0,8122.5,26
2026-09-28 13:26:00+00:00,8120.5,8122.5,8118.0,8118.0,15
2026-09-28 13:27:00+00:00,8119.0,8119.0,8116.5,8116.5,33
2026-09-28 13:28:00+00:00,8116.0,8118.0,8115.0,8118.0,66
2026-09-28 13:29:00+00:00,8118.0,8118.0,8116.5,8117.0,22
2026-09-28 13:30:00+00:00,8117.0,8119.0,8112.5,8113.5,111
2026-09-28 13:31:00+00:00,8112.5,8117.0,8110.5,8116.5,105
2026-09-28 13:32:00+00:00,8116.5,8120.0,8113.5,8113.5,123
2026-09-28 13:33:00+00:00,8113.5,8113.5,8109.5,8111.5,70
2026-09-28 13:34:00+00:00,8113.0,8123.0,8113.0,8122.5,40
2026-09-28 13:35:00+00:00,8122.5,8123.5,8118.0,8118.0,83
2026-09-28 13:36:00+00:00,8117.5,8117.5,8114.0,8116.5,32
2026-09-28 13:37:00+00:00,8116.5,8120.0,8115.5,8119.0,68
2026-09-28 13:38:00+00:00,8119.5,8120.5,8117.5,8120.0,31
2026-09-28 13:39:00+00:00,8120.5,8121.5,8117.0,8117.5,28
2026-09-28 13:40:00+00:00,8118.0,8119.0,8116.0,8119.0,25
2026-09-28 13:41:00+00:00,8120.0,8123.0,8120.0,8120.5,39
2026-09-28 13:42:00+00:00,8120.5,8123.5,8120.5,8122.5,27
2026-09-28 13:43:00+00:00,8123.0,8127.0,8123.0,8127.0,50
2026-09-28 13:44:00+00:00,8127.0,8128.0,8125.5,8126.5,37
2026-09-28 13:45:00+00:00,8126.0,8128.0,8124.0,8127.5,67
2026-09-28 13:46:00+00:00,8128.0,8128.0,8124.0,8125.5,41
2026-09-28 13:47:00+00:00,8125.0,8131.0,8123.5,8127.5,244
2026-09-28 13:48:00+00:00,8127.5,8133.5,8127.0,8133.5,51
2026-09-28 13:49:00+00:00,8134.0,8135.0,8130.0,8131.5,157
2026-09-28 13:50:00+00:00,8132.0,8134.0,8132.0,8134.0,61
2026-09-28 13:51:00+00:00,8133.5,8133.5,8128.0,8130.5,123
2026-09-28 13:52:00+00:00,8130.5,8134.0,8130.5,8134.0,32
2026-09-28 13:53:00+00:00,8132.5,8134.0,8131.5,8131.5,23
2026-09-28 13:54:00+00:00,8132.0,8132.5,8126.5,8131.0,39
2026-09-28 13:55:00+00:00,8131.0,8134.5,8128.0,8128.5,105
2026-09-28 13:56:00+00:00,8128.5,8129.5,8126.5,8129.0,43
2026-09-28 13:57:00+00:00,8129.5,8132.5,8129.5,8132.5,27
2026-09-28 13:58:00+00:00,8132.5,8134.0,8131.5,8134.0,38
2026-09-28 13:59:00+00:00,8133.5,8138.0,8132.5,8137.5,62
2026-09-28 14:00:00+00:00,8137.5,8137.5,8133.0,8135.5,133
2026-09-28 14:01:00+00:00,8134.5,8134.5,8128.5,8128.5,46
2026-09-28 14:02:00+00:00,8129.0,8130.0,8127.0,8127.0,55
2026-09-28 14:03:00+00:00,8127.5,8129.5,8126.5,8129.0,49
2026-09-28 14:04:00+00:00,8128.5,8128.5,8124.0,8124.5,63
2026-09-28 14:05:00+00:00,8125.0,8127.0,8123.5,8127.0,69
2026-09-28 14:06:00+00:00,8128.0,8130.0,8128.0,8129.5,33
2026-09-28 14:07:00+00:00,8130.0,8131.5,8130.0,8131.5,29
2026-09-28 14:08:00+00:00,8131.0,8132.0,8129.5,8130.5,29
2026-09-28 14:09:00+00:00,8131.0,8132.0,8130.0,8130.5,47
2026-09-28 14:10:00+00:00,8130.5,8133.5,8130.5,8133.5,42
2026-09-28 14:11:00+00:00,8133.5,8134.0,8128.0,8128.0,54
2026-09-28 14:12:00+00:00,8128.5,8129.5,8124.5,8129.0,144
2026-09-28 14:13:00+00:00,8127.5,8128.0,8126.5,8127.0,28
2026-09-28 14:14:00+00:00,8128.0,8129.0,8124.5,8126.0,36
2026-09-28 14:15:00+00:00,8126.0,8127.0,8123.0,8123.0,28
2026-09-28 14:16:00+00:00,8123.5,8125.5,8120.5,8125.5,51
2026-09-28 14:17:00+00:00,8126.5,8128.0,8126.0,8127.5,29
2026-09-28 14:18:00+00:00,8129.0,8129.5,8127.0,8127.0,24
2026-09-28 14:19:00+00:00,8128.5,8131.0,8128.0,8130.5,194
2026-09-28 14:20:00+00:00,8130.0,8131.5,8128.5,8131.5,41
2026-09-28 14:21:00+00:00,8131.5,8131.5,8129.0,8130.0,30
2026-09-28 14:22:00+00:00,8130.5,8136.5,8130.5,8136.5,32
2026-09-28 14:23:00+00:00,8136.0,8136.0,8131.0,8131.0,17
2026-09-28 14:24:00+00:00,8130.5,8133.5,8130.5,8133.0,21
2026-09-28 14:25:00+00:00,8133.0,8133.5,8132.0,8133.0,51
2026-09-28 14:26:00+00:00,8133.0,8134.5,8131.5,8132.5,41
2026-09-28 14:27:00+00:00,8132.5,8132.5,8130.0,8130.5,20
2026-09-28 14:28:00+00:00,8130.5,8133.0,8129.0,8133.0,36
2026-09-28 14:29:00+00:00,8133.5,8134.0,8132.5,8133.5,26
2026-09-28 14:30:00+00:00,8133.5,8134.5,8133.0,8134.0,48
2026-09-28 14:31:00+00:00,8133.5,8133.5,8128.5,8128.5,53
2026-09-28 14:32:00+00:00,8128.0,8128.0,8127.0,8128.0,63
2026-09-28 14:33:00+00:00,8128.5,8130.0,8128.0,8129.0,30
2026-09-28 14:34:00+00:00,8129.0,8130.0,8129.0,8129.0,25
2026-09-28 14:35:00+00:00,8129.5,8129.5,8126.5,8127.0,48
2026-09-28 14:36:00+00:00,8127.5,8131.0,8127.5,8129.5,189
2026-09-28 14:37:00+00:00,8129.5,8129.5,8125.0,8125.0,47
2026-09-28 14:38:00+00:00,8124.0,8124.5,8120.5,8122.0,63
2026-09-28 14:39:00+00:00,8122.5,8123.5,8118.0,8119.0,50
2026-09-28 14:40:00+00:00,8118.0,8118.5,8116.0,8118.5,72
2026-09-28 14:41:00+00:00,8119.0,8121.0,8118.0,8119.0,71
2026-09-28 14:42:00+00:00,8119.0,8119.5,8115.0,8115.5,62
2026-09-28 14:43:00+00:00,8115.5,8118.5,8115.0,8115.5,136
2026-09-28 14:44:00+00:00,8114.5,8116.0,8113.0,8114.0,99
2026-09-28 14:45:00+00:00,8114.0,8115.0,8109.0,8109.5,166
2026-09-28 14:46:00+00:00,8109.0,8110.0,8106.5,8108.0,176
2026-09-28 14:47:00+00:00,8107.5,8107.5,8102.5,8105.0,179
2026-09-28 14:48:00+00:00,8105.0,8105.5,8103.5,8103.5,76
2026-09-28 14:49:00+00:00,8103.0,8105.0,8103.0,8103.0,56
2026-09-28 14:50:00+00:00,8103.5,8110.5,8102.0,8109.5,120
2026-09-28 14:51:00+00:00,8109.5,8109.5,8104.0,8104.0,50
2026-09-28 14:52:00+00:00,8103.5,8106.0,8103.5,8103.5,43
2026-09-28 14:53:00+00:00,8103.5,8103.5,8100.5,8101.0,89
2026-09-28 14:54:00+00:00,8101.0,8102.0,8099.0,8099.5,47
2026-09-28 14:55:00+00:00,8099.5,8100.0,8095.5,8096.0,63
2026-09-28 14:56:00+00:00,8095.5,8098.5,8094.5,8098.0,61
2026-09-28 14:57:00+00:00,8098.0,8098.0,8094.5,8097.5,68
2026-09-28 14:58:00+00:00,8097.0,8097.5,8096.5,8096.5,43
2026-09-28 14:59:00+00:00,8097.0,8098.5,8095.5,8097.0,38
2026-09-28 15:00:00+00:00,8097.5,8097.5,8093.0,8094.5,79
2026-09-28 15:01:00+00:00,8094.0,8096.0,8093.5,8094.0,62
2026-09-28 15:02:00+00:00,8093.5,8095.0,8092.0,8093.0,59
2026-09-28 15:03:00+00:00,8093.5,8098.0,8093.5,8098.0,48
2026-09-28 15:04:00+00:00,8097.5,8101.0,8097.5,8101.0,72
2026-09-28 15:05:00+00:00,8101.5,8102.0,8099.5,8100.0,89
2026-09-28 15:06:00+00:00,8099.5,8100.5,8096.5,8099.5,47
2026-09-28 15:07:00+00:00,8100.0,8102.0,8099.5,8101.5,49
2026-09-28 15:08:00+00:00,8101.5,8101.5,8096.0,8096.0,33
2026-09-28 15:09:00+00:00,8095.5,8099.5,8095.5,8098.5,55
2026-09-28 15:10:00+00:00,8098.5,8099.0,8095.5,8095.5,58
2026-09-28 15:11:00+00:00,8094.5,8094.5,8091.5,8091.5,93
2026-09-28 15:12:00+00:00,8091.5,8093.0,8090.5,8093.0,54
2026-09-28 15:13:00+00:00,8093.0,8095.0,8092.0,8095.0,37
2026-09-28 15:14:00+00:00,8094.5,8094.5,8092.0,8093.0,81
2026-09-28 15:15:00+00:00,8093.5,8094.0,8091.0,8092.5,140
2026-09-28 15:16:00+00:00,8093.0,8093.0,8090.5,8091.5,168
2026-09-28 15:17:00+00:00,8092.0,8092.5,8089.5,8091.5,71
2026-09-28 15:18:00+00:00,8091.5,8094.0,8091.0,8094.0,63
2026-09-28 15:19:00+00:00,8094.5,8096.0,8093.0,8095.5,77
2026-09-28 15:20:00+00:00,8095.0,8095.0,8089.5,8090.0,88
2026-09-28 15:21:00+00:00,8090.0,8090.0,8086.0,8089.0,102
2026-09-28 15:22:00+00:00,8088.5,8089.5,8088.0,8089.0,43
2026-09-28 15:23:00+00:00,8089.0,8090.5,8088.5,8090.5,41
2026-09-28 15:24:00+00:00,8090.0,8091.5,8089.5,8091.5,37
2026-09-28 15:25:00+00:00,8091.5,8096.0,8090.0,8090.5,364
2026-09-28 15:26:00+00:00,8090.5,8091.0,8088.5,8090.0,81
2026-09-28 15:27:00+00:00,8089.5,8090.0,8087.0,8089.5,76
2026-09-28 15:28:00+00:00,8089.0,8090.5,8088.0,8089.0,69
2026-09-28 15:29:00+00:00,8089.5,8090.0,8086.0,8090.0,260
2026-09-28 15:30:00+00:00,8090.0,8090.0,8086.0,8087.5,209
2026-09-28 15:31:00+00:00,8087.0,8089.0,8085.5,8085.5,144
2026-09-28 15:32:00+00:00,8085.5,8088.5,8085.5,8086.5,115
2026-09-28 15:33:00+00:00,8085.5,8086.0,8079.0,8079.0,303
2026-09-28 15:34:00+00:00,8079.0,8079.5,8071.0,8076.0,1472
2026-09-28 15:35:00+00:00,8075.5,8081.5,8074.5,8081.5,607
2026-09-28 15:36:00+00:00,8081.5,8087.5,8081.5,8087.0,99
2026-09-28 15:37:00+00:00,8087.5,8089.5,8086.5,8088.5,85
2026-09-28 15:38:00+00:00,8089.5,8090.0,8088.5,8089.5,41
2026-09-28 15:39:00+00:00,8089.0,8091.0,8089.0,8091.0,64
2026-09-28 15:40:00+00:00,8091.5,8092.0,8086.5,8088.5,67
2026-09-28 15:41:00+00:00,8087.5,8088.5,8087.0,8088.5,47
2026-09-28 15:42:00+00:00,8089.0,8089.0,8088.0,8088.5,33
2026-09-28 15:43:00+00:00,8088.5,8089.5,8088.0,8088.5,18
2026-09-28 15:44:00+00:00,8088.5,8090.5,8088.0,8090.0,21
2026-09-28 15:45:00+00:00,8091.0,8091.0,8086.0,8086.5,22
2026-09-28 15:46:00+00:00,8086.0,8087.5,8084.5,8087.0,23
2026-09-28 15:47:00+00:00,8087.0,8087.5,8085.5,8087.0,20
2026-09-28 15:48:00+00:00,8086.5,8088.5,8086.0,8088.0,11
2026-09-28 15:49:00+00:00,8087.5,8090.0,8087.0,8089.0,23
2026-09-28 15:50:00+00:00,8089.5,8091.0,8089.5,8090.5,13
2026-09-28 15:51:00+00:00,8091.5,8093.0,8091.5,8091.5,24
2026-09-28 15:52:00+00:00,8092.5,8092.5,8091.5,8092.5,11
2026-09-28 15:53:00+00:00,8092.0,8092.5,8091.0,8092.5,14
2026-09-28 15:54:00+00:00,8093.0,8094.5,8093.0,8094.5,20
2026-09-28 15:55:00+00:00,8096.5,8098.5,8096.5,8098.5,15
2026-09-28 15:56:00+00:00,8098.0,8099.0,8096.5,8098.5,23
2026-09-28 15:57:00+00:00,8099.5,8099.5,8098.0,8098.0,12
2026-09-28 15:58:00+00:00,8098.5,8098.5,8096.5,8096.5,11
2026-09-28 15:59:00+00:00,8096.0,8097.5,8095.5,8096.5,27
2026-09-28 16:00:00+00:00,8097.0,8099.5,8096.5,8098.0,113
2026-09-28 16:01:00+00:00,8098.5,8099.0,8098.0,8098.5,21
2026-09-28 16:02:00+00:00,8099.0,8101.5,8098.0,8101.0,231
2026-09-28 16:03:00+00:00,8100.0,8102.5,8100.0,8102.0,97
2026-09-28 16:04:00+00:00,8101.5,8102.5,8101.5,8102.5,42
2026-09-28 16:05:00+00:00,8102.0,8102.5,8101.5,8102.0,13
2026-09-28 16:06:00+00:00,8102.0,8103.0,8101.5,8103.0,29
2026-09-28 16:07:00+00:00,8103.5,8104.0,8103.0,8103.5,29
2026-09-28 16:08:00+00:00,8103.5,8104.5,8103.5,8103.5,18
2026-09-28 16:09:00+00:00,8103.5,8103.5,8102.5,8103.0,21
2026-09-28 16:10:00+00:00,8103.5,8105.0,8102.5,8103.0,32
2026-09-28 16:11:00+00:00,8102.5,8102.5,8100.5,8100.5,28
2026-09-28 16:12:00+00:00,8100.5,8101.0,8099.0,8099.0,12
2026-09-28 16:13:00+00:00,8099.5,8099.5,8099.0,8099.5,8
2026-09-28 16:14:00+00:00,8099.5,8100.5,8099.5,8100.0,12
2026-09-28 16:15:00+00:00,8100.0,8102.5,8100.0,8102.0,15
2026-09-28 16:16:00+00:00,8102.5,8118.5,8101.0,8116.5,196
2026-09-28 16:17:00+00:00,8116.5,8118.0,8114.0,8116.0,37
2026-09-28 16:18:00+00:00,8116.5,8120.5,8116.5,8117.5,54
2026-09-28 16:19:00+00:00,8117.0,8118.0,8114.0,8118.0,22
2026-09-28 16:20:00+00:00,8117.5,8131.5,8116.5,8131.5,128
2026-09-28 16:21:00+00:00,8130.5,8132.5,8129.0,8130.0,45
2026-09-28 16:22:00+00:00,8130.5,8133.0,8130.0,8130.0,35
2026-09-28 16:23:00+00:00,8130.0,8133.5,8127.5,8131.5,35
2026-09-28 16:24:00+00:00,8131.0,8141.0,8130.5,8138.5,124
2026-09-28 16:25:00+00:00,8139.5,8146.5,8139.5,8145.5,53
2026-09-28 16:26:00+00:00,8145.5,8160.0,8144.5,8159.5,233
2026-09-28 16:27:00+00:00,8158.5,8159.0,8153.5,8156.0,87
2026-09-28 16:28:00+00:00,8158.0,8158.0,8153.0,8153.5,31
2026-09-28 16:29:00+00:00,8154.0,8157.0,8152.5,8153.0,50
2026-09-28 16:30:00+00:00,8152.5,8154.5,8149.0,8151.0,44
2026-09-28 16:31:00+00:00,8150.5,8151.0,8146.0,8148.0,84
2026-09-28 16:32:00+00:00,8147.5,8147.5,8139.0,8140.0,133
2026-09-28 16:33:00+00:00,8140.0,8146.0,8140.0,8142.5,72
2026-09-28 16:34:00+00:00,8142.5,8143.5,8141.5,8141.5,13
2026-09-28 16:35:00+00:00,8140.0,8142.0,8139.5,8142.0,18
2026-09-28 16:36:00+00:00,8142.5,8143.0,8141.0,8143.0,31
2026-09-28 16:37:00+00:00,8143.0,8143.0,8140.0,8141.5,19
2026-09-28 16:38:00+00:00,8141.0,8141.0,8139.0,8139.0,17
2026-09-28 16:39:00+00:00,8139.5,8140.5,8138.5,8140.0,20
2026-09-28 16:40:00+00:00,8139.5,8139.5,8137.0,8138.0,26
2026-09-28 16:41:00+00:00,8137.5,8138.0,8135.0,8135.0,34
2026-09-28 16:42:00+00:00,8135.0,8135.5,8133.0,8133.0,10
2026-09-28 16:43:00+00:00,8132.5,8134.5,8132.5,8134.0,16
2026-09-28 16:44:00+00:00,8133.5,8136.0,8133.5,8136.0,11
2026-09-28 16:45:00+00:00,8137.0,8139.5,8136.5,8137.0,19
2026-09-28 16:46:00+00:00,8137.0,8137.0,8135.0,8136.5,16
2026-09-28 16:47:00+00:00,8134.0,8134.5,8133.5,8133.5,17
2026-09-28 16:48:00+00:00,8133.0,8133.0,8132.0,8133.0,10
2026-09-28 16:49:00+00:00,8131.0,8132.5,8131.0,8131.5,11
2026-09-28 16:50:00+00:00,8132.5,8133.5,8130.0,8130.0,26
2026-09-28 16:51:00+00:00,8130.0,8130.5,8126.5,8127.0,42
2026-09-28 16:52:00+00:00,8126.0,8130.0,8125.5,8130.0,30
2026-09-28 16:53:00+00:00,8129.0,8131.5,8127.5,8131.5,27
2026-09-28 16:54:00+00:00,8132.0,8135.0,8132.0,8134.5,26
2026-09-28 16:55:00+00:00,8135.5,8135.5,8135.0,8135.0,7
2026-09-28 16:56:00+00:00,8135.5,8135.5,8134.5,8134.5,6
2026-09-28 16:57:00+00:00,8135.0,8135.5,8133.5,8133.5,10
2026-09-28 16:58:00+00:00,8134.5,8134.5,8134.5,8134.5,5
2026-09-28 16:59:00+00:00,8134.0,8135.5,8134.0,8135.5,13
2026-09-28 17:00:00+00:00,8135.0,8135.0,8133.5,8133.5,17
2026-09-28 17:01:00+00:00,8133.0,8133.5,8133.0,8133.5,12
2026-09-28 17:02:00+00:00,8132.5,8132.5,8130.5,8131.5,12
2026-09-28 17:03:00+00:00,8131.0,8131.0,8130.0,8130.5,7
2026-09-28 17:04:00+00:00,8130.0,8131.0,8130.0,8131.0,2
2026-09-28 17:05:00+00:00,8131.0,8132.0,8129.5,8129.5,5
2026-09-28 17:06:00+00:00,8128.5,8130.5,8128.5,8130.5,6
2026-09-28 17:07:00+00:00,8130.5,8130.5,8129.5,8129.5,4
2026-09-28 17:08:00+00:00,8129.5,8129.5,8127.0,8128.0,16
2026-09-28 17:09:00+00:00,8128.0,8129.5,8128.0,8129.5,10
2026-09-28 17:10:00+00:00,8130.0,8130.5,8130.0,8130.0,7
2026-09-28 17:11:00+00:00,8129.5,8163.5,8129.5,8162.0,416
2026-09-28 17:12:00+00:00,8161.5,8167.0,8155.5,8157.5,166
2026-09-28 17:13:00+00:00,8157.5,8160.5,8156.0,8156.5,42
2026-09-28 17:14:00+00:00,8156.5,8158.0,8153.5,8158.0,51
2026-09-28 17:15:00+00:00,8158.0,8158.0,8152.0,8156.5,54
2026-09-28 17:16:00+00:00,8155.0,8156.0,8151.0,8151.5,25
2026-09-28 17:17:00+00:00,8153.5,8154.0,8146.0,8148.0,58
2026-09-28 17:18:00+00:00,8149.0,8149.5,8146.0,8146.0,28
2026-09-28 17:19:00+00:00,8145.0,8145.0,8142.5,8142.5,12
2026-09-28 17:20:00+00:00,8143.0,8143.0,8140.0,8142.5,31
2026-09-28 17:21:00+00:00,8142.5,8143.0,8142.0,8143.0,11
2026-09-28 17:22:00+00:00,8143.5,8143.5,8143.0,8143.0,5
2026-09-28 17:23:00+00:00,8143.5,8143.5,8141.0,8141.0,15
2026-09-28 17:24:00+00:00,8141.0,8143.5,8141.0,8143.5,7
2026-09-28 17:25:00+00:00,8144.5,8146.5,8144.5,8146.0,16
2026-09-28 17:26:00+00:00,8146.0,8146.0,8143.0,8143.0,22
2026-09-28 17:27:00+00:00,8143.5,8144.5,8142.0,8142.0,17
2026-09-28 17:28:00+00:00,8143.5,8143.5,8142.5,8142.5,5
2026-09-28 17:29:00+00:00,8142.5,8143.0,8141.0,8142.5,15
2026-09-28 17:30:00+00:00,8143.0,8147.0,8143.0,8146.5,7
2026-09-28 17:31:00+00:00,8146.5,8147.5,8146.0,8147.0,15
2026-09-28 17:32:00+00:00,8147.0,8148.0,8146.0,8146.5,19
2026-09-28 17:33:00+00:00,8146.0,8146.0,8144.0,8144.0,19
2026-09-28 17:34:00+00:00,8143.0,8145.0,8143.0,8145.0,13
2026-09-28 17:35:00+00:00,8145.5,8148.5,8145.5,8148.5,37
2026-09-28 17:36:00+00:00,8149.0,8149.0,8147.0,8147.0,33
2026-09-28 17:37:00+00:00,8148.0,8148.0,8144.5,8145.0,11
2026-09-28 17:38:00+00:00,8145.0,8145.0,8144.5,8145.0,7
2026-09-28 17:39:00+00:00,8144.5,8144.5,8143.5,8143.5,5
2026-09-28 17:40:00+00:00,8144.5,8145.0,8142.5,8143.0,9
2026-09-28 17:41:00+00:00,8143.0,8145.5,8142.0,8145.5,7
2026-09-28 17:42:00+00:00,8145.0,8145.0,8140.0,8141.5,20
2026-09-28 17:43:00+00:00,8142.0,8142.0,8141.0,8142.0,7
2026-09-28 17:44:00+00:00,8141.5,8142.5,8141.0,8142.5,15
2026-09-28 17:45:00+00:00,8144.0,8144.0,8142.0,8142.0,4
2026-09-28 17:46:00+00:00,8142.5,8143.5,8142.5,8143.0,5
2026-09-28 17:47:00+00:00,8143.0,8143.0,8141.0,8141.0,11
2026-09-28 17:48:00+00:00,8140.5,8143.0,8140.0,8143.0,11
2026-09-28 17:49:00+00:00,8143.0,8143.5,8141.0,8143.5,22
2026-09-28 17:50:00+00:00,8143.5,8143.5,8143.0,8143.0,2
2026-09-28 17:51:00+00:00,8142.0,8143.0,8142.0,8143.0,2
2026-09-28 17:52:00+00:00,8143.0,8143.0,8142.5,8142.5,3
2026-09-28 17:53:00+00:00,8142.0,8142.0,8141.0,8141.5,3
2026-09-28 17:54:00+00:00,8143.0,8143.0,8143.0,8143.0,2
2026-09-28 17:55:00+00:00,8143.0,8143.0,8136.5,8141.5,62
2026-09-28 17:56:00+00:00,8141.0,8141.5,8140.0,8141.5,9
2026-09-28 17:57:00+00:00,8141.5,8142.0,8141.5,8142.0,5
2026-09-28 17:58:00+00:00,8140.0,8140.5,8139.0,8140.5,5
2026-09-28 17:59:00+00:00,8140.0,8140.5,8140.0,8140.5,2
2026-09-28 18:00:00+00:00,8140.5,8140.5,8138.0,8138.0,16
2026-09-28 18:01:00+00:00,8137.5,8139.5,8136.5,8139.5,11
2026-09-28 18:02:00+00:00,8140.0,8141.0,8139.5,8141.0,24
2026-09-28 18:03:00+00:00,8140.5,8140.5,8140.0,8140.0,6
2026-09-28 18:04:00+00:00,8141.5,8143.5,8141.5,8143.5,2
2026-09-28 18:05:00+00:00,8144.0,8144.0,8143.0,8143.0,6
2026-09-28 18:06:00+00:00,8143.0,8143.0,8142.0,8142.0,9
2026-09-28 18:07:00+00:00,8141.5,8142.0,8141.5,8142.0,3
2026-09-28 18:08:00+00:00,8141.0,8141.0,8141.0,8141.0,1
2026-09-28 18:09:00+00:00,8142.0,8142.5,8141.5,8141.5,6
2026-09-28 18:10:00+00:00,8143.0,8143.5,8142.5,8142.5,4
2026-09-28 18:11:00+00:00,8141.5,8141.5,8141.5,8141.5,2
2026-09-28 18:12:00+00:00,8142.0,8142.0,8140.5,8140.5,5
2026-09-28 18:13:00+00:00,8140.5,8140.5,8139.5,8139.5,8
2026-09-28 18:14:00+00:00,8141.5,8141.5,8141.5,8141.5,3
2026-09-28 18:15:00+00:00,8141.5,8141.5,8140.0,8140.5,6
2026-09-28 18:16:00+00:00,8140.0,8140.0,8140.0,8140.0,1
2026-09-28 18:17:00+00:00,8140.5,8140.5,8138.5,8138.5,6
2026-09-28 18:18:00+00:00,8138.0,8138.5,8136.5,8138.5,7
2026-09-28 18:19:00+00:00,8138.0,8138.0,8137.5,8137.5,5
2026-09-28 18:20:00+00:00,8138.0,8140.0,8138.0,8139.5,3
2026-09-28 18:21:00+00:00,8140.0,8140.5,8140.0,8140.5,3
2026-09-28 18:22:00+00:00,8140.5,8141.5,8140.5,8141.5,7
2026-09-28 18:23:00+00:00,8140.0,8140.0,8138.5,8138.5,2
2026-09-28 18:24:00+00:00,8138.5,8138.5,8138.0,8138.5,6
2026-09-28 18:25:00+00:00,8139.0,8139.5,8139.0,8139.5,5
2026-09-28 18:26:00+00:00,8140.0,8140.5,8139.0,8139.0,11
2026-09-28 18:27:00+00:00,8139.0,8139.5,8138.5,8138.5,6
2026-09-28 18:28:00+00:00,8138.5,8138.5,8137.5,8137.5,4
2026-09-28 18:29:00+00:00,8137.0,8137.5,8136.5,8137.5,6
2026-09-28 18:30:00+00:00,8137.5,8138.5,8134.5,8136.0,36
2026-09-28 18:31:00+00:00,8137.0,8137.0,8134.0,8135.5,11
2026-09-28 18:32:00+00:00,8135.5,8136.5,8135.0,8136.0,13
2026-09-28 18:33:00+00:00,8136.0,8137.0,8136.0,8136.0,13
2026-09-28 18:34:00+00:00,8136.5,8138.5,8136.5,8138.0,5
2026-09-28 18:35:00+00:00,8138.5,8139.0,8138.5,8139.0,2
2026-09-28 18:36:00+00:00,8138.5,8138.5,8137.0,8137.5,10
2026-09-28 18:37:00+00:00,8137.5,8137.5,8137.0,8137.0,6
2026-09-28 18:38:00+00:00,8136.5,8137.0,8134.5,8137.0,12
2026-09-28 18:39:00+00:00,8135.5,8135.5,8133.5,8133.5,3
2026-09-28 18:40:00+00:00,8133.5,8135.5,8133.0,8135.5,7
2026-09-28 18:41:00+00:00,8136.0,8137.5,8135.5,8137.5,10
2026-09-28 18:42:00+00:00,8138.0,8138.5,8138.0,8138.0,4
2026-09-28 18:43:00+00:00,8139.0,8139.5,8139.0,8139.5,7
2026-09-28 18:44:00+00:00,8140.5,8141.5,8140.5,8141.0,7
2026-09-28 18:45:00+00:00,8141.0,8141.0,8140.5,8140.5,4
2026-09-28 18:46:00+00:00,8140.5,8141.0,8140.0,8140.0,6
2026-09-28 18:47:00+00:00,8140.5,8140.5,8140.0,8140.5,11
2026-09-28 18:48:00+00:00,8140.5,8143.0,8139.0,8142.0,24
2026-09-28 18:49:00+00:00,8141.5,8142.5,8139.5,8142.0,23
2026-09-28 18:50:00+00:00,8141.5,8142.0,8139.5,8139.5,9
2026-09-28 18:51:00+00:00,8138.0,8139.5,8138.0,8139.5,2
2026-09-28 18:52:00+00:00,8139.5,8139.5,8139.0,8139.0,2
2026-09-28 18:53:00+00:00,8139.5,8143.0,8138.5,8138.5,34
2026-09-28 18:54:00+00:00,8137.5,8137.5,8136.5,8137.5,7
2026-09-28 18:55:00+00:00,8139.0,8139.5,8137.5,8138.5,8
2026-09-28 18:56:00+00:00,8137.5,8138.0,8137.5,8138.0,4
2026-09-28 18:57:00+00:00,8138.5,8140.0,8138.5,8140.0,12
2026-09-28 18:58:00+00:00,8140.0,8142.5,8140.0,8142.0,34
2026-09-28 18:59:00+00:00,8142.5,8142.5,8142.0,8142.0,2
2026-09-28 19:00:00+00:00,8141.5,8141.5,8138.0,8138.0,12
2026-09-28 19:01:00+00:00,8138.0,8138.0,8136.5,8136.5,8
2026-09-28 19:02:00+00:00,8136.0,8136.5,8134.0,8135.5,36
2026-09-28 19:03:00+00:00,8136.0,8139.5,8136.0,8139.0,8
2026-09-28 19:04:00+00:00,8139.0,8139.5,8138.5,8138.5,9
2026-09-28 19:05:00+00:00,8138.5,8138.5,8138.5,8138.5,1
2026-09-28 19:06:00+00:00,8137.5,8138.0,8135.5,8135.5,18
2026-09-28 19:07:00+00:00,8135.5,8135.5,8134.5,8135.5,6
2026-09-28 19:08:00+00:00,8134.5,8135.0,8134.5,8135.0,2
2026-09-28 19:09:00+00:00,8135.0,8135.0,8134.5,8135.0,5
2026-09-28 19:10:00+00:00,8134.0,8134.0,8134.0,8134.0,2
2026-09-28 19:11:00+00:00,8134.0,8135.0,8132.5,8132.5,11
2026-09-28 19:12:00+00:00,8132.5,8133.0,8132.5,8133.0,2
2026-09-28 19:13:00+00:00,8133.5,8134.0,8133.5,8133.5,6
2026-09-28 19:14:00+00:00,8131.5,8132.5,8131.5,8132.5,8
2026-09-28 19:15:00+00:00,8132.0,8132.0,8131.5,8132.0,6
2026-09-28 19:16:00+00:00,8132.5,8134.0,8132.0,8132.5,8
2026-09-28 19:17:00+00:00,8132.0,8134.0,8131.5,8134.0,5
2026-09-28 19:18:00+00:00,8134.0,8134.5,8134.0,8134.5,3
2026-09-28 19:19:00+00:00,8135.0,8135.5,8134.0,8135.5,6
2026-09-28 19:20:00+00:00,8135.0,8136.0,8134.0,8135.0,19
2026-09-28 19:21:00+00:00,8135.0,8135.5,8134.0,8135.5,7
2026-09-28 19:22:00+00:00,8135.5,8135.5,8134.0,8135.5,8
2026-09-28 19:23:00+00:00,8135.5,8136.0,8135.5,8136.0,3
2026-09-28 19:24:00+00:00,8135.5,8136.5,8135.5,8136.5,2
2026-09-28 19:25:00+00:00,8137.0,8138.0,8135.0,8138.0,27
2026-09-28 19:26:00+00:00,8136.5,8137.0,8136.5,8136.5,7
2026-09-28 19:27:00+00:00,8136.0,8136.5,8135.5,8135.5,6
2026-09-28 19:28:00+00:00,8135.0,8137.0,8134.5,8137.0,15
2026-09-28 19:29:00+00:00,8136.5,8136.5,8135.5,8136.0,10
2026-09-28 19:30:00+00:00,8136.5,8137.5,8135.5,8135.5,8
2026-09-28 19:31:00+00:00,8135.5,8137.0,8135.5,8136.5,10
2026-09-28 19:32:00+00:00,8136.5,8138.0,8132.5,8135.0,63
2026-09-28 19:33:00+00:00,8135.5,8136.0,8131.5,8134.5,39
2026-09-28 19:34:00+00:00,8134.5,8135.5,8133.5,8135.5,6
2026-09-28 19:35:00+00:00,8135.0,8135.5,8132.5,8132.5,9
2026-09-28 19:36:00+00:00,8133.0,8134.0,8132.5,8132.5,9
2026-09-28 19:37:00+00:00,8132.5,8132.5,8132.0,8132.0,7
2026-09-28 19:38:00+00:00,8132.0,8132.0,8131.0,8131.0,10
2026-09-28 19:39:00+00:00,8130.5,8131.0,8129.5,8130.0,64
2026-09-28 19:40:00+00:00,8130.5,8130.5,8129.0,8129.0,12
2026-09-28 19:41:00+00:00,8129.5,8131.0,8129.0,8130.0,14
2026-09-28 19:42:00+00:00,8131.0,8131.0,8130.5,8131.0,8
2026-09-28 19:43:00+00:00,8131.0,8133.0,8131.0,8132.0,23
2026-09-28 19:44:00+00:00,8132.0,8133.0,8132.0,8133.0,7
2026-09-28 19:45:00+00:00,8132.0,8133.0,8132.0,8133.0,16
2026-09-28 19:46:00+00:00,8133.0,8133.5,8132.0,8132.5,34
2026-09-28 19:47:00+00:00,8133.0,8133.0,8128.5,8129.0,42
2026-09-28 19:48:00+00:00,8129.0,8129.0,8128.0,8128.0,12
2026-09-28 19:49:00+00:00,8128.0,8128.5,8127.0,8128.5,12
2026-09-28 19:50:00+00:00,8128.0,8130.5,8127.0,8130.0,22
2026-09-28 19:51:00+00:00,8129.0,8131.0,8128.5,8130.5,25
2026-09-28 19:52:00+00:00,8130.0,8130.0,8127.5,8127.5,28
2026-09-28 19:53:00+00:00,8127.0,8128.5,8127.0,8128.5,8
2026-09-28 19:54:00+00:00,8128.0,8128.0,8123.5,8123.5,37
2026-09-28 19:55:00+00:00,8124.5,8125.0,8124.0,8124.0,20
2026-09-28 19:56:00+00:00,8123.5,8127.0,8122.0,8126.5,46
2026-09-28 19:57:00+00:00,8126.0,8127.5,8125.5,8127.0,19
2026-09-28 19:58:00+00:00,8127.5,8127.5,8125.0,8126.5,59
2026-09-28 19:59:00+00:00,8126.0,8128.5,8123.5,8128.0,66
2026-09-29 06:00:00+00:00,8108.5,8108.5,8105.0,8106.5,198
2026-09-29 06:01:00+00:00,8106.5,8108.5,8105.5,8106.0,50
2026-09-29 06:02:00+00:00,8105.5,8108.5,8105.5,8108.5,20
2026-09-29 06:03:00+00:00,8109.0,8113.0,8109.0,8109.5,60
2026-09-29 06:04:00+00:00,8110.5,8111.5,8108.0,8108.0,44
2026-09-29 06:05:00+00:00,8108.5,8110.0,8108.5,8110.0,38
2026-09-29 06:06:00+00:00,8108.5,8109.5,8108.5,8109.5,9
2026-09-29 06:07:00+00:00,8109.0,8109.0,8108.0,8108.0,8
2026-09-29 06:08:00+00:00,8108.0,8109.5,8107.5,8109.5,19
2026-09-29 06:09:00+00:00,8108.5,8108.5,8108.0,8108.5,5
2026-09-29 06:10:00+00:00,8108.5,8112.5,8108.5,8112.5,17
2026-09-29 06:11:00+00:00,8112.5,8113.0,8112.0,8113.0,11
2026-09-29 06:12:00+00:00,8113.5,8113.5,8112.0,8112.0,17
2026-09-29 06:13:00+00:00,8112.0,8114.0,8112.0,8114.0,9
2026-09-29 06:14:00+00:00,8114.5,8114.5,8112.5,8114.0,40
2026-09-29 06:15:00+00:00,8114.5,8115.5,8114.5,8114.5,12
2026-09-29 06:16:00+00:00,8114.0,8114.0,8111.5,8112.0,39
2026-09-29 06:17:00+00:00,8111.5,8112.0,8109.5,8110.5,24
2026-09-29 06:18:00+00:00,8110.0,8110.0,8107.0,8108.0,34
2026-09-29 06:19:00+00:00,8108.5,8111.5,8108.5,8110.0,29
2026-09-29 06:20:00+00:00,8109.0,8109.0,8107.5,8107.5,44
2026-09-29 06:21:00+00:00,8108.5,8109.0,8107.0,8109.0,17
2026-09-29 06:22:00+00:00,8108.5,8108.5,8107.0,8108.0,34
2026-09-29 06:23:00+00:00,8107.0,8107.0,8104.5,8106.0,12
2026-09-29 06:24:00+00:00,8105.0,8105.0,8102.5,8103.5,29
2026-09-29 06:25:00+00:00,8103.5,8104.0,8100.0,8100.0,43
2026-09-29 06:26:00+00:00,8100.0,8102.0,8100.0,8101.0,27
2026-09-29 06:27:00+00:00,8101.5,8103.5,8101.5,8103.5,13
2026-09-29 06:28:00+00:00,8103.5,8106.5,8103.5,8104.5,20
2026-09-29 06:29:00+00:00,8105.0,8106.5,8105.0,8106.5,20
2026-09-29 06:30:00+00:00,8106.5,8110.0,8106.5,8109.0,16
2026-09-29 06:31:00+00:00,8109.5,8110.5,8109.5,8110.5,16
2026-09-29 06:32:00+00:00,8110.0,8110.0,8107.0,8108.0,7
2026-09-29 06:33:00+00:00,8107.5,8108.5,8106.5,8106.5,15
2026-09-29 06:34:00+00:00,8107.0,8109.5,8107.0,8108.5,41
2026-09-29 06:35:00+00:00,8107.0,8107.0,8106.0,8107.0,3
2026-09-29 06:36:00+00:00,8106.5,8106.5,8105.5,8105.5,6
2026-09-29 06:37:00+00:00,8105.5,8106.5,8104.0,8106.5,14
2026-09-29 06:38:00+00:00,8105.5,8106.0,8105.5,8106.0,7
2026-09-29 06:39:00+00:00,8106.5,8106.5,8103.5,8105.0,10
2026-09-29 06:40:00+00:00,8105.0,8109.5,8104.5,8108.5,35
2026-09-29 06:41:00+00:00,8109.0,8109.5,8109.0,8109.0,8
2026-09-29 06:42:00+00:00,8109.5,8110.5,8108.5,8108.5,15
2026-09-29 06:43:00+00:00,8108.0,8108.5,8105.0,8105.0,14
2026-09-29 06:44:00+00:00,8104.0,8105.5,8103.5,8105.0,71
2026-09-29 06:45:00+00:00,8106.0,8106.0,8102.0,8103.0,20
2026-09-29 06:46:00+00:00,8103.0,8103.0,8099.5,8100.0,45
2026-09-29 06:47:00+00:00,8100.0,8102.5,8099.0,8102.0,30
2026-09-29 06:48:00+00:00,8101.5,8101.5,8100.0,8100.5,12
2026-09-29 06:49:00+00:00,8101.5,8101.5,8101.0,8101.5,6
2026-09-29 06:50:00+00:00,8103.0,8104.0,8101.5,8101.5,13
2026-09-29 06:51:00+00:00,8101.5,8103.0,8101.5,8103.0,15
2026-09-29 06:52:00+00:00,8102.0,8102.0,8100.5,8102.0,20
2026-09-29 06:53:00+00:00,8102.0,8105.0,8102.0,8104.0,46
2026-09-29 06:54:00+00:00,8104.0,8104.0,8101.5,8101.5,16
2026-09-29 06:55:00+00:00,8102.0,8102.0,8098.0,8099.5,35
2026-09-29 06:56:00+00:00,8099.5,8099.5,8099.0,8099.0,12
2026-09-29 06:57:00+00:00,8099.5,8100.0,8099.0,8100.0,25
2026-09-29 06:58:00+00:00,8098.5,8098.5,8093.5,8093.5,65
2026-09-29 06:59:00+00:00,8093.5,8094.5,8088.5,8088.5,162
2026-09-29 07:00:00+00:00,8088.5,8092.0,8082.0,8083.5,1130
2026-09-29 07:01:00+00:00,8084.0,8086.0,8077.5,8077.5,276
2026-09-29 07:02:00+00:00,8078.0,8079.5,8074.0,8079.5,191
2026-09-29 07:03:00+00:00,8080.0,8086.0,8080.0,8085.5,203
2026-09-29 07:04:00+00:00,8086.0,8092.5,8085.5,8091.5,137
2026-09-29 07:05:00+00:00,8091.0,8093.0,8088.5,8091.5,176
2026-09-29 07:06:00+00:00,8090.5,8093.5,8089.0,8092.5,198
2026-09-29 07:07:00+00:00,8092.0,8094.5,8089.5,8089.5,94
2026-09-29 07:08:00+00:00,8088.5,8095.0,8088.0,8094.0,141
2026-09-29 07:09:00+00:00,8094.0,8095.0,8089.5,8092.5,101
2026-09-29 07:10:00+00:00,8092.5,8092.5,8084.0,8084.5,98
2026-09-29 07:11:00+00:00,8083.5,8083.5,8077.0,8077.0,108
2026-09-29 07:12:00+00:00,8078.0,8079.0,8076.0,8078.0,78
2026-09-29 07:13:00+00:00,8078.5,8079.0,8072.0,8072.0,60
2026-09-29 07:14:00+00:00,8071.5,8071.5,8067.5,8070.5,241
2026-09-29 07:15:00+00:00,8071.0,8071.0,8067.5,8068.0,80
2026-09-29 07:16:00+00:00,8068.5,8070.0,8065.0,8069.0,97
2026-09-29 07:17:00+00:00,8068.5,8068.5,8063.0,8063.5,94
2026-09-29 07:18:00+00:00,8063.5,8065.0,8061.0,8064.0,78
2026-09-29 07:19:00+00:00,8063.5,8065.5,8062.5,8065.5,73
2026-09-29 07:20:00+00:00,8064.5,8070.5,8064.5,8069.5,75
2026-09-29 07:21:00+00:00,8070.0,8075.5,8069.5,8074.5,110
2026-09-29 07:22:00+00:00,8073.5,8082.5,8073.0,8081.0,114
2026-09-29 07:23:00+00:00,8081.0,8085.5,8080.0,8084.0,81
2026-09-29 07:24:00+00:00,8083.5,8085.0,8077.0,8078.5,80
2026-09-29 07:25:00+00:00,8079.0,8082.5,8079.0,8079.0,98
2026-09-29 07:26:00+00:00,8079.5,8086.5,8078.0,8083.0,133
2026-09-29 07:27:00+00:00,8083.0,8090.5,8082.5,8089.0,109
2026-09-29 07:28:00+00:00,8089.0,8089.0,8085.0,8088.5,54
2026-09-29 07:29:00+00:00,8087.0,8089.5,8086.0,8087.0,41
2026-09-29 07:30:00+00:00,8086.0,8087.0,8083.0,8087.0,67
2026-09-29 07:31:00+00:00,8086.5,8090.0,8085.5,8090.0,85
2026-09-29 07:32:00+00:00,8090.0,8095.0,8089.0,8094.5,135
2026-09-29 07:33:00+00:00,8094.0,8097.0,8093.5,8095.5,94
2026-09-29 07:34:00+00:00,8096.5,8099.0,8095.0,8096.0,83
2026-09-29 07:35:00+00:00,8096.5,8096.5,8092.0,8093.5,71
2026-09-29 07:36:00+00:00,8093.0,8095.0,8092.5,8094.0,172
2026-09-29 07:37:00+00:00,8094.5,8096.5,8094.0,8096.0,54
2026-09-29 07:38:00+00:00,8096.5,8102.0,8096.0,8102.0,107
2026-09-29 07:39:00+00:00,8101.0,8108.5,8100.0,8100.0,355
2026-09-29 07:40:00+00:00,8100.0,8104.5,8097.0,8104.5,249
2026-09-29 07:41:00+00:00,8103.5,8106.5,8102.0,8106.5,99
2026-09-29 07:42:00+00:00,8106.5,8106.5,8103.0,8103.0,52
2026-09-29 07:43:00+00:00,8103.0,8105.0,8098.5,8100.5,73
2026-09-29 07:44:00+00:00,8099.0,8099.0,8096.5,8097.5,94
2026-09-29 07:45:00+00:00,8098.0,8098.5,8094.5,8095.5,129
2026-09-29 07:46:00+00:00,8094.5,8096.5,8092.0,8095.0,86
2026-09-29 07:47:00+00:00,8094.5,8096.0,8090.0,8090.0,199
2026-09-29 07:48:00+00:00,8090.0,8093.0,8090.0,8090.0,76
2026-09-29 07:49:00+00:00,8091.0,8091.5,8088.0,8089.0,92
2026-09-29 07:50:00+00:00,8089.0,8089.0,8083.5,8087.0,89
2026-09-29 07:51:00+00:00,8086.5,8087.5,8085.0,8087.5,55
2026-09-29 07:52:00+00:00,8087.0,8087.0,8082.5,8084.0,41
2026-09-29 07:53:00+00:00,8083.5,8089.0,8083.5,8089.0,43
2026-09-29 07:54:00+00:00,8088.0,8088.5,8086.0,8087.0,59
2026-09-29 07:55:00+00:00,8086.5,8088.5,8085.5,8085.5,42
2026-09-29 07:56:00+00:00,8086.0,8088.5,8086.0,8088.0,28
2026-09-29 07:57:00+00:00,8088.0,8088.0,8086.0,8086.0,35
2026-09-29 07:58:00+00:00,8086.5,8089.5,8086.5,8089.0,54
2026-09-29 07:59:00+00:00,8088.5,8088.5,8087.0,8087.0,49
2026-09-29 08:00:00+00:00,8087.5,8088.0,8082.0,8084.5,43
2026-09-29 08:01:00+00:00,8084.5,8093.5,8084.5,8091.5,69
2026-09-29 08:02:00+00:00,8092.0,8095.5,8092.0,8095.0,55
2026-09-29 08:03:00+00:00,8093.5,8098.0,8093.5,8096.0,121
2026-09-29 08:04:00+00:00,8095.0,8095.0,8090.5,8091.5,26
2026-09-29 08:05:00+00:00,8091.5,8096.0,8091.0,8094.5,68
2026-09-29 08:06:00+00:00,8094.5,8098.5,8094.0,8095.0,51
2026-09-29 08:07:00+00:00,8094.0,8095.5,8091.5,8091.5,31
2026-09-29 08:08:00+00:00,8091.5,8092.5,8088.5,8088.5,30
2026-09-29 08:09:00+00:00,8087.5,8087.5,8084.0,8085.5,25
2026-09-29 08:10:00+00:00,8085.0,8086.5,8082.5,8083.5,46
2026-09-29 08:11:00+00:00,8083.0,8083.0,8078.0,8079.0,72
2026-09-29 08:12:00+00:00,8079.5,8079.5,8076.0,8076.0,63
2026-09-29 08:13:00+00:00,8076.5,8079.5,8075.5,8078.5,63
2026-09-29 08:14:00+00:00,8078.0,8078.0,8074.5,8076.5,37
2026-09-29 08:15:00+00:00,8076.5,8078.5,8076.5,8077.0,59
2026-09-29 08:16:00+00:00,8077.0,8078.0,8075.5,8077.5,65
2026-09-29 08:17:00+00:00,8078.0,8081.5,8078.0,8080.0,32
2026-09-29 08:18:00+00:00,8080.0,8081.5,8079.5,8080.0,71
2026-09-29 08:19:00+00:00,8080.5,8086.0,8080.5,8084.0,47
2026-09-29 08:20:00+00:00,8084.5,8088.5,8084.5,8088.5,42
2026-09-29 08:21:00+00:00,8089.0,8092.0,8089.0,8091.5,141
2026-09-29 08:22:00+00:00,8091.5,8093.0,8086.5,8088.0,57
2026-09-29 08:23:00+00:00,8087.5,8088.0,8082.5,8083.0,42
2026-09-29 08:24:00+00:00,8083.5,8084.5,8081.5,8083.0,76
2026-09-29 08:25:00+00:00,8082.5,8083.5,8081.5,8082.0,46
2026-09-29 08:26:00+00:00,8081.0,8082.0,8080.0,8081.0,34
2026-09-29 08:27:00+00:00,8080.5,8080.5,8074.5,8076.0,49
2026-09-29 08:28:00+00:00,8075.0,8076.5,8075.0,8076.0,24
2026-09-29 08:29:00+00:00,8075.5,8083.0,8075.5,8082.0,46
2026-09-29 08:30:00+00:00,8082.0,8084.0,8079.5,8080.0,39
2026-09-29 08:31:00+00:00,8080.5,8081.0,8077.0,8079.0,33
2026-09-29 08:32:00+00:00,8079.0,8079.0,8075.0,8079.0,58
2026-09-29 08:33:00+00:00,8079.0,8080.0,8077.0,8078.5,37
2026-09-29 08:34:00+00:00,8077.5,8079.0,8077.0,8077.5,33
2026-09-29 08:35:00+00:00,8077.5,8078.0,8076.0,8078.0,40
2026-09-29 08:36:00+00:00,8077.0,8079.5,8076.0,8079.5,28
2026-09-29 08:37:00+00:00,8078.0,8081.0,8078.0,8081.0,42
2026-09-29 08:38:00+00:00,8081.5,8081.5,8078.5,8080.5,16
2026-09-29 08:39:00+00:00,8080.5,8084.5,8080.5,8084.5,23
2026-09-29 08:40:00+00:00,8084.0,8085.5,8082.0,8084.0,75
2026-09-29 08:41:00+00:00,8084.0,8084.5,8082.0,8083.5,47
2026-09-29 08:42:00+00:00,8083.5,8084.5,8082.5,8084.5,31
2026-09-29 08:43:00+00:00,8083.5,8085.5,8083.5,8085.0,36
2026-09-29 08:44:00+00:00,8085.0,8086.0,8084.5,8086.0,23
2026-09-29 08:45:00+00:00,8086.0,8088.0,8085.0,8087.0,59
2026-09-29 08:46:00+00:00,8086.5,8089.0,8085.0,8088.0,177
2026-09-29 08:47:00+00:00,8089.0,8090.0,8088.0,8088.0,52
2026-09-29 08:48:00+00:00,8088.5,8090.5,8088.5,8090.0,37
2026-09-29 08:49:00+00:00,8090.5,8091.0,8089.5,8091.0,19
2026-09-29 08:50:00+00:00,8091.5,8093.0,8087.5,8089.0,54
2026-09-29 08:51:00+00:00,8089.5,8090.5,8087.0,8088.5,45
2026-09-29 08:52:00+00:00,8087.5,8087.5,8084.5,8085.0,31
2026-09-29 08:53:00+00:00,8085.5,8088.5,8085.5,8086.5,32
2026-09-29 08:54:00+00:00,8086.5,8090.0,8086.0,8086.0,23
2026-09-29 08:55:00+00:00,8086.5,8092.5,8086.5,8092.5,77
2026-09-29 08:56:00+00:00,8093.0,8097.5,8093.0,8097.0,65
2026-09-29 08:57:00+00:00,8096.5,8096.5,8092.5,8093.0,84
2026-09-29 08:58:00+00:00,8092.5,8094.5,8092.0,8093.5,52
2026-09-29 08:59:00+00:00,8092.5,8097.5,8092.5,8095.0,144
2026-09-29 09:00:00+00:00,8095.0,8095.5,8090.5,8093.0,155
2026-09-29 09:01:00+00:00,8093.5,8097.5,8092.5,8097.5,47
2026-09-29 09:02:00+00:00,8097.0,8099.5,8095.5,8097.0,51
2026-09-29 09:03:00+00:00,8097.0,8097.0,8092.5,8093.0,24
2026-09-29 09:04:00+00:00,8093.0,8097.5,8093.0,8097.5,25
2026-09-29 09:05:00+00:00,8098.5,8099.0,8097.0,8098.0,49
2026-09-29 09:06:00+00:00,8099.0,8100.0,8098.0,8098.0,17
2026-09-29 09:07:00+00:00,8097.0,8097.5,8095.0,8096.5,40
2026-09-29 09:08:00+00:00,8097.0,8098.0,8096.0,8096.5,25
2026-09-29 09:09:00+00:00,8096.5,8098.0,8094.5,8096.0,59
2026-09-29 09:10:00+00:00,8095.5,8095.5,8093.0,8093.5,24
2026-09-29 09:11:00+00:00,8092.5,8095.0,8092.5,8094.0,20
2026-09-29 09:12:00+00:00,8093.0,8096.5,8093.0,8095.5,97
2026-09-29 09:13:00+00:00,8095.5,8095.5,8092.0,8093.5,62
2026-09-29 09:14:00+00:00,8094.0,8094.0,8092.5,8092.5,76
2026-09-29 09:15:00+00:00,8092.5,8092.5,8089.5,8090.0,63
2026-09-29 09:16:00+00:00,8090.0,8093.0,8090.0,8092.0,18
2026-09-29 09:17:00+00:00,8093.0,8093.5,8092.5,8092.5,17
2026-09-29 09:18:00+00:00,8091.5,8096.5,8091.5,8095.0,20
2026-09-29 09:19:00+00:00,8095.0,8097.0,8094.5,8096.0,32
2026-09-29 09:20:00+00:00,8095.5,8095.5,8092.5,8094.0,34
2026-09-29 09:21:00+00:00,8093.0,8094.5,8092.5,8094.5,28
2026-09-29 09:22:00+00:00,8094.0,8096.0,8093.5,8096.0,33
2026-09-29 09:23:00+00:00,8095.0,8095.0,8090.5,8090.5,28
2026-09-29 09:24:00+00:00,8090.5,8091.5,8089.5,8091.0,19
2026-09-29 09:25:00+00:00,8090.5,8091.5,8089.5,8091.5,37
2026-09-29 09:26:00+00:00,8090.5,8092.0,8090.0,8091.5,18
2026-09-29 09:27:00+00:00,8091.0,8091.5,8090.5,8091.0,16
2026-09-29 09:28:00+00:00,8091.0,8091.5,8089.5,8090.0,15
2026-09-29 09:29:00+00:00,8090.0,8091.0,8088.0,8088.5,62
2026-09-29 09:30:00+00:00,8088.5,8088.5,8086.0,8087.0,44
2026-09-29 09:31:00+00:00,8087.0,8087.0,8083.0,8083.0,17
2026-09-29 09:32:00+00:00,8082.5,8085.0,8082.5,8085.0,22
2026-09-29 09:33:00+00:00,8085.0,8085.5,8084.5,8085.0,27
2026-09-29 09:34:00+00:00,8085.0,8086.5,8083.0,8086.5,38
2026-09-29 09:35:00+00:00,8087.0,8088.0,8086.0,8088.0,15
2026-09-29 09:36:00+00:00,8088.0,8088.0,8085.5,8086.0,19
2026-09-29 09:37:00+00:00,8085.5,8088.5,8085.5,8087.5,31
2026-09-29 09:38:00+00:00,8088.0,8089.0,8087.0,8089.0,18
2026-09-29 09:39:00+00:00,8088.5,8088.5,8086.5,8088.5,15
2026-09-29 09:40:00+00:00,8088.0,8089.0,8087.5,8088.0,25
2026-09-29 09:41:00+00:00,8088.0,8088.5,8087.0,8088.5,17
2026-09-29 09:42:00+00:00,8088.5,8088.5,8086.5,8086.5,20
2026-09-29 09:43:00+00:00,8087.0,8091.0,8087.0,8090.0,39
2026-09-29 09:44:00+00:00,8089.5,8093.0,8089.0,8092.5,18
2026-09-29 09:45:00+00:00,8092.5,8093.0,8090.5,8092.5,27
2026-09-29 09:46:00+00:00,8091.0,8093.0,8091.0,8091.5,27
2026-09-29 09:47:00+00:00,8091.5,8099.5,8091.5,8096.0,75
2026-09-29 09:48:00+00:00,8096.5,8097.5,8095.0,8095.5,57
2026-09-29 09:49:00+00:00,8094.5,8095.5,8092.5,8092.5,39
2026-09-29 09:50:00+00:00,8092.5,8092.5,8091.5,8092.5,22
2026-09-29 09:51:00+00:00,8092.5,8093.0,8089.5,8090.5,31
2026-09-29 09:52:00+00:00,8089.5,8089.5,8086.5,8088.0,21
2026-09-29 09:53:00+00:00,8087.5,8090.0,8086.5,8090.0,33
2026-09-29 09:54:00+00:00,8090.0,8093.5,8090.0,8090.5,23
2026-09-29 09:55:00+00:00,8090.5,8091.0,8087.0,8087.5,97
2026-09-29 09:56:00+00:00,8088.0,8088.0,8086.0,8086.0,26
2026-09-29 09:57:00+00:00,8086.0,8086.0,8083.0,8083.0,34
2026-09-29 09:58:00+00:00,8082.5,8085.0,8081.0,8085.0,50
2026-09-29 09:59:00+00:00,8085.0,8087.0,8085.0,8085.5,29
2026-09-29 10:00:00+00:00,8084.5,8087.0,8083.0,8087.0,34
2026-09-29 10:01:00+00:00,8087.0,8088.5,8085.5,8088.5,39
2026-09-29 10:02:00+00:00,8087.5,8088.0,8084.5,8084.5,41
2026-09-29 10:03:00+00:00,8084.5,8088.0,8084.5,8088.0,25
2026-09-29 10:04:00+00:00,8088.5,8091.0,8087.0,8090.0,58
2026-09-29 10:05:00+00:00,8090.0,8092.0,8089.0,8090.5,29
2026-09-29 10:06:00+00:00,8090.0,8093.0,8090.0,8093.0,27
2026-09-29 10:07:00+00:00,8092.0,8092.0,8088.5,8089.5,30
2026-09-29 10:08:00+00:00,8090.0,8091.0,8090.0,8090.5,12
2026-09-29 10:09:00+00:00,8090.0,8094.0,8090.0,8094.0,20
2026-09-29 10:10:00+00:00,8094.0,8096.5,8094.0,8095.5,29
2026-09-29 10:11:00+00:00,8095.5,8096.5,8093.0,8093.5,33
2026-09-29 10:12:00+00:00,8093.5,8099.0,8093.5,8099.0,64
2026-09-29 10:13:00+00:00,8098.5,8098.5,8096.0,8097.0,23
2026-09-29 10:14:00+00:00,8096.5,8097.0,8096.0,8096.0,20
2026-09-29 10:15:00+00:00,8094.5,8094.5,8088.0,8090.0,68
2026-09-29 10:16:00+00:00,8090.0,8091.0,8089.0,8089.5,38
2026-09-29 10:17:00+00:00,8089.5,8091.0,8088.5,8088.5,36
2026-09-29 10:18:00+00:00,8088.5,8088.5,8087.0,8088.0,17
2026-09-29 10:19:00+00:00,8088.5,8089.0,8086.5,8087.0,26
2026-09-29 10:20:00+00:00,8087.0,8088.0,8086.5,8087.5,31
2026-09-29 10:21:00+00:00,8088.0,8090.5,8088.0,8090.0,33
2026-09-29 10:22:00+00:00,8089.0,8090.5,8088.5,8089.5,19
2026-09-29 10:23:00+00:00,8089.5,8091.0,8089.5,8090.0,10
2026-09-29 10:24:00+00:00,8090.0,8091.5,8090.0,8091.0,22
2026-09-29 10:25:00+00:00,8090.0,8092.5,8090.0,8092.0,11
2026-09-29 10:26:00+00:00,8091.5,8091.5,8087.5,8089.0,30
2026-09-29 10:27:00+00:00,8089.5,8089.5,8086.5,8086.5,20
2026-09-29 10:28:00+00:00,8086.0,8087.5,8086.0,8087.5,20
2026-09-29 10:29:00+00:00,8088.5,8092.5,8088.5,8092.5,16
2026-09-29 10:30:00+00:00,8092.0,8093.5,8092.0,8092.5,29
2026-09-29 10:31:00+00:00,8092.0,8092.0,8091.0,8091.5,14
2026-09-29 10:32:00+00:00,8091.5,8091.5,8087.0,8087.5,126
2026-09-29 10:33:00+00:00,8089.0,8089.5,8085.0,8086.5,35
2026-09-29 10:34:00+00:00,8086.5,8086.5,8084.5,8084.5,20
2026-09-29 10:35:00+00:00,8084.0,8086.0,8082.5,8084.5,49
2026-09-29 10:36:00+00:00,8085.0,8087.5,8085.0,8087.5,9
2026-09-29 10:37:00+00:00,8088.0,8088.0,8086.5,8087.5,13
2026-09-29 10:38:00+00:00,8087.5,8088.0,8086.0,8086.0,25
2026-09-29 10:39:00+00:00,8086.5,8088.5,8085.5,8088.5,34
2026-09-29 10:40:00+00:00,8089.0,8091.0,8089.0,8090.5,19
2026-09-29 10:41:00+00:00,8090.5,8091.0,8089.5,8090.0,30
2026-09-29 10:42:00+00:00,8090.0,8090.5,8090.0,8090.0,5
2026-09-29 10:43:00+00:00,8091.0,8092.0,8090.5,8091.0,17
2026-09-29 10:44:00+00:00,8089.0,8093.0,8089.0,8093.0,35
2026-09-29 10:45:00+00:00,8093.0,8096.0,8093.0,8096.0,36
2026-09-29 10:46:00+00:00,8094.5,8095.5,8094.0,8095.0,20
2026-09-29 10:47:00+00:00,8094.5,8094.5,8093.0,8093.5,14
2026-09-29 10:48:00+00:00,8093.0,8094.5,8093.0,8094.5,23
2026-09-29 10:49:00+00:00,8093.5,8095.0,8092.0,8094.0,20
2026-09-29 10:50:00+00:00,8093.5,8093.5,8091.5,8092.5,19
2026-09-29 10:51:00+00:00,8092.5,8093.0,8091.5,8093.0,21
2026-09-29 10:52:00+00:00,8094.5,8095.0,8094.0,8095.0,12
2026-09-29 10:53:00+00:00,8095.5,8097.5,8095.5,8097.0,30
2026-09-29 10:54:00+00:00,8097.5,8099.0,8097.5,8098.0,28
2026-09-29 10:55:00+00:00,8098.0,8098.5,8095.5,8097.5,30
2026-09-29 10:56:00+00:00,8097.0,8100.5,8096.5,8099.5,34
2026-09-29 10:57:00+00:00,8100.0,8100.5,8098.0,8099.0,41
2026-09-29 10:58:00+00:00,8098.5,8101.0,8098.0,8101.0,24
2026-09-29 10:59:00+00:00,8101.0,8103.5,8100.0,8102.5,124
2026-09-29 11:00:00+00:00,8102.5,8102.5,8101.5,8102.5,35
2026-09-29 11:01:00+00:00,8102.5,8103.0,8100.0,8100.5,77
2026-09-29 11:02:00+00:00,8100.0,8101.5,8099.0,8100.5,38
2026-09-29 11:03:00+00:00,8101.5,8106.5,8101.5,8104.5,111
2026-09-29 11:04:00+00:00,8104.0,8104.0,8100.0,8102.0,49
2026-09-29 11:05:00+00:00,8102.0,8105.0,8102.0,8104.5,52
2026-09-29 11:06:00+00:00,8104.0,8104.5,8101.0,8101.0,55
2026-09-29 11:07:00+00:00,8099.5,8101.0,8099.5,8100.0,21
2026-09-29 11:08:00+00:00,8100.0,8101.0,8099.5,8101.0,26
2026-09-29 11:09:00+00:00,8100.5,8100.5,8098.0,8098.0,47
2026-09-29 11:10:00+00:00,8097.5,8098.0,8095.5,8096.5,80
2026-09-29 11:11:00+00:00,8095.5,8097.5,8095.5,8097.0,16
2026-09-29 11:12:00+00:00,8097.5,8098.0,8095.5,8096.0,14
2026-09-29 11:13:00+00:00,8096.0,8097.5,8095.0,8095.5,17
2026-09-29 11:14:00+00:00,8095.0,8097.5,8095.0,8097.5,23
2026-09-29 11:15:00+00:00,8096.5,8098.5,8096.5,8098.5,11
2026-09-29 11:16:00+00:00,8097.5,8098.5,8097.0,8098.5,11
2026-09-29 11:17:00+00:00,8097.5,8097.5,8096.0,8096.5,15
2026-09-29 11:18:00+00:00,8096.5,8097.0,8095.5,8097.0,11
2026-09-29 11:19:00+00:00,8097.0,8097.0,8093.5,8093.5,18
2026-09-29 11:20:00+00:00,8093.0,8095.5,8092.0,8095.5,32
2026-09-29 11:21:00+00:00,8095.5,8097.0,8095.5,8097.0,7
2026-09-29 11:22:00+00:00,8097.5,8099.0,8097.5,8099.0,7
2026-09-29 11:23:00+00:00,8099.5,8101.0,8098.5,8101.0,14
2026-09-29 11:24:00+00:00,8101.0,8102.0,8100.0,8100.0,9
2026-09-29 11:25:00+00:00,8100.5,8100.5,8099.0,8099.0,15
2026-09-29 11:26:00+00:00,8099.0,8100.0,8098.5,8100.0,18
2026-09-29 11:27:00+00:00,8100.0,8100.5,8099.0,8099.0,19
2026-09-29 11:28:00+00:00,8099.5,8101.0,8098.0,8098.0,18
2026-09-29 11:29:00+00:00,8097.5,8099.5,8097.5,8099.0,9
2026-09-29 11:30:00+00:00,8098.5,8099.5,8098.5,8099.0,10
2026-09-29 11:31:00+00:00,8099.5,8099.5,8098.5,8099.5,8
2026-09-29 11:32:00+00:00,8099.0,8102.5,8099.0,8100.5,39
2026-09-29 11:33:00+00:00,8101.5,8101.5,8100.5,8101.5,12
2026-09-29 11:34:00+00:00,8101.5,8102.5,8101.0,8101.5,15
2026-09-29 11:35:00+00:00,8101.5,8102.5,8101.5,8101.5,30
2026-09-29 11:36:00+00:00,8101.5,8102.0,8099.5,8099.5,18
2026-09-29 11:37:00+00:00,8099.5,8101.0,8098.0,8101.0,36
2026-09-29 11:38:00+00:00,8100.5,8100.5,8099.0,8099.0,14
2026-09-29 11:39:00+00:00,8099.5,8101.0,8099.0,8100.0,25
2026-09-29 11:40:00+00:00,8100.0,8100.0,8097.5,8098.5,22
2026-09-29 11:41:00+00:00,8098.5,8098.5,8095.5,8096.5,28
2026-09-29 11:42:00+00:00,8097.0,8097.0,8093.5,8093.5,45
2026-09-29 11:43:00+00:00,8093.0,8094.5,8091.5,8092.5,36
2026-09-29 11:44:00+00:00,8092.0,8093.5,8091.5,8093.5,23
2026-09-29 11:45:00+00:00,8094.0,8094.0,8091.0,8092.5,39
2026-09-29 11:46:00+00:00,8092.0,8093.0,8091.5,8092.5,31
2026-09-29 11:47:00+00:00,8092.0,8095.0,8090.0,8095.0,41
2026-09-29 11:48:00+00:00,8095.5,8097.0,8095.5,8097.0,20
2026-09-29 11:49:00+00:00,8096.5,8106.5,8092.5,8102.5,334
2026-09-29 11:50:00+00:00,8101.0,8103.5,8099.0,8100.0,36
2026-09-29 11:51:00+00:00,8099.5,8099.5,8095.0,8096.0,66
2026-09-29 11:52:00+00:00,8097.0,8099.0,8096.5,8098.0,27
2026-09-29 11:53:00+00:00,8098.5,8102.0,8098.5,8102.0,59
2026-09-29 11:54:00+00:00,8100.5,8102.0,8100.5,8102.0,11
2026-09-29 11:55:00+00:00,8101.5,8103.0,8101.5,8102.5,21
2026-09-29 11:56:00+00:00,8101.5,8102.0,8101.0,8101.0,10
2026-09-29 11:57:00+00:00,8100.5,8101.5,8098.5,8098.5,13
2026-09-29 11:58:00+00:00,8097.5,8098.0,8097.5,8098.0,8
2026-09-29 11:59:00+00:00,8097.0,8097.0,8095.5,8095.5,14
2026-09-29 12:00:00+00:00,8095.5,8098.0,8095.5,8097.0,11
2026-09-29 12:01:00+00:00,8097.5,8099.5,8097.0,8099.5,20
2026-09-29 12:02:00+00:00,8098.0,8099.5,8098.0,8099.0,13
2026-09-29 12:03:00+00:00,8098.5,8098.5,8095.0,8095.0,26
2026-09-29 12:04:00+00:00,8095.0,8098.0,8095.0,8097.5,27
2026-09-29 12:05:00+00:00,8097.0,8098.0,8096.5,8096.5,23
2026-09-29 12:06:00+00:00,8097.0,8099.0,8097.0,8099.0,24
2026-09-29 12:07:00+00:00,8099.0,8099.5,8096.5,8098.5,24
2026-09-29 12:08:00+00:00,8099.0,8099.0,8098.0,8098.0,11
2026-09-29 12:09:00+00:00,8098.5,8101.5,8097.5,8097.5,54
2026-09-29 12:10:00+00:00,8097.5,8098.0,8097.0,8098.0,29
2026-09-29 12:11:00+00:00,8097.0,8098.0,8094.5,8094.5,22
2026-09-29 12:12:00+00:00,8094.5,8096.0,8093.5,8093.5,34
2026-09-29 12:13:00+00:00,8093.5,8099.5,8093.0,8095.5,54
2026-09-29 12:14:00+00:00,8095.5,8095.5,8093.5,8095.5,20
2026-09-29 12:15:00+00:00,8095.0,8098.0,8094.0,8096.5,69
2026-09-29 12:16:00+00:00,8095.5,8095.5,8093.5,8095.5,50
2026-09-29 12:17:00+00:00,8094.5,8094.5,8091.5,8091.5,25
2026-09-29 12:18:00+00:00,8091.5,8094.0,8091.5,8093.5,12
2026-09-29 12:19:00+00:00,8093.0,8093.0,8088.5,8089.5,34
2026-09-29 12:20:00+00:00,8090.0,8090.0,8087.5,8087.5,22
2026-09-29 12:21:00+00:00,8088.0,8088.0,8086.5,8086.5,13
2026-09-29 12:22:00+00:00,8086.5,8088.0,8086.5,8087.5,25
2026-09-29 12:23:00+00:00,8087.5,8087.5,8084.5,8085.0,26
2026-09-29 12:24:00+00:00,8085.0,8085.0,8081.5,8082.5,43
2026-09-29 12:25:00+00:00,8082.5,8082.5,8079.5,8080.5,102
2026-09-29 12:26:00+00:00,8080.0,8083.5,8080.0,8082.5,102
2026-09-29 12:27:00+00:00,8083.0,8083.0,8079.5,8079.5,41
2026-09-29 12:28:00+00:00,8080.0,8081.5,8080.0,8081.5,27
2026-09-29 12:29:00+00:00,8081.0,8083.5,8080.0,8083.5,34
2026-09-29 12:30:00+00:00,8083.0,8084.0,8083.0,8083.0,22
2026-09-29 12:31:00+00:00,8083.5,8086.0,8082.5,8085.5,64
2026-09-29 12:32:00+00:00,8086.0,8089.0,8086.0,8088.5,53
2026-09-29 12:33:00+00:00,8088.0,8088.5,8085.5,8085.5,56
2026-09-29 12:34:00+00:00,8086.0,8087.0,8084.5,8086.5,33
2026-09-29 12:35:00+00:00,8086.5,8087.5,8086.0,8086.5,26
2026-09-29 12:36:00+00:00,8086.0,8086.0,8084.5,8085.0,34
2026-09-29 12:37:00+00:00,8085.5,8087.0,8085.0,8086.0,21
2026-09-29 12:38:00+00:00,8084.5,8085.5,8084.5,8084.5,25
2026-09-29 12:39:00+00:00,8084.0,8084.5,8083.0,8083.5,26
2026-09-29 12:40:00+00:00,8083.5,8084.5,8083.0,8084.5,34
2026-09-29 12:41:00+00:00,8084.5,8085.0,8083.0,8083.0,22
2026-09-29 12:42:00+00:00,8083.0,8083.5,8082.5,8083.5,37
2026-09-29 12:43:00+00:00,8083.5,8086.5,8083.5,8086.5,52
2026-09-29 12:44:00+00:00,8086.5,8090.5,8085.5,8089.5,36
2026-09-29 12:45:00+00:00,8089.5,8090.5,8088.0,8088.0,51
2026-09-29 12:46:00+00:00,8088.0,8088.0,8085.0,8085.5,44
2026-09-29 12:47:00+00:00,8085.0,8086.0,8083.0,8083.0,34
2026-09-29 12:48:00+00:00,8083.5,8086.5,8083.5,8086.0,29
2026-09-29 12:49:00+00:00,8085.0,8086.5,8083.0,8086.5,32
2026-09-29 12:50:00+00:00,8087.0,8088.5,8087.0,8087.5,44
2026-09-29 12:51:00+00:00,8087.0,8087.0,8083.5,8084.0,20
2026-09-29 12:52:00+00:00,8083.5,8085.0,8083.5,8084.0,33
2026-09-29 12:53:00+00:00,8084.0,8084.0,8080.0,8081.0,47
2026-09-29 12:54:00+00:00,8080.0,8081.5,8079.0,8079.0,26
2026-09-29 12:55:00+00:00,8079.5,8080.0,8078.5,8079.5,24
2026-09-29 12:56:00+00:00,8079.0,8079.0,8078.0,8079.0,31
2026-09-29 12:57:00+00:00,8079.0,8079.0,8077.0,8079.0,32
2026-09-29 12:58:00+00:00,8078.0,8078.5,8077.0,8077.5,26
2026-09-29 12:59:00+00:00,8077.5,8080.5,8077.5,8079.0,38
2026-09-29 13:00:00+00:00,8079.5,8083.5,8079.5,8081.0,66
2026-09-29 13:01:00+00:00,8081.0,8081.0,8076.5,8076.5,73
2026-09-29 13:02:00+00:00,8076.0,8080.0,8075.5,8079.5,52
2026-09-29 13:03:00+00:00,8079.5,8081.0,8079.0,8079.5,26
2026-09-29 13:04:00+00:00,8080.0,8081.0,8077.0,8077.0,22
2026-09-29 13:05:00+00:00,8076.5,8077.0,8072.5,8073.0,90
2026-09-29 13:06:00+00:00,8074.0,8075.5,8073.0,8075.0,46
2026-09-29 13:07:00+00:00,8074.5,8076.0,8074.0,8075.5,36
2026-09-29 13:08:00+00:00,8075.5,8078.5,8075.5,8078.0,48
2026-09-29 13:09:00+00:00,8078.0,8079.0,8077.5,8079.0,51
2026-09-29 13:10:00+00:00,8079.0,8079.0,8077.5,8078.0,61
2026-09-29 13:11:00+00:00,8078.0,8080.5,8077.0,8078.5,60
2026-09-29 13:12:00+00:00,8079.0,8079.0,8076.0,8076.5,20
2026-09-29 13:13:00+00:00,8076.5,8079.0,8076.0,8079.0,48
2026-09-29 13:14:00+00:00,8079.0,8081.0,8079.0,8081.0,30
2026-09-29 13:15:00+00:00,8080.5,8080.5,8075.5,8076.0,24
2026-09-29 13:16:00+00:00,8076.0,8076.5,8075.0,8075.0,32
2026-09-29 13:17:00+00:00,8075.5,8076.5,8074.0,8075.0,27
2026-09-29 13:18:00+00:00,8074.5,8077.0,8072.0,8072.0,66
2026-09-29 13:19:00+00:00,8072.5,8073.5,8072.0,8073.5,24
2026-09-29 13:20:00+00:00,8073.5,8073.5,8072.0,8072.5,23
2026-09-29 13:21:00+00:00,8071.0,8071.0,8069.0,8069.0,33
2026-09-29 13:22:00+00:00,8069.0,8071.5,8067.5,8071.5,43
2026-09-29 13:23:00+00:00,8071.0,8072.5,8069.5,8072.5,47
2026-09-29 13:24:00+00:00,8072.5,8073.0,8070.0,8071.0,38
2026-09-29 13:25:00+00:00,8072.0,8073.5,8072.0,8073.0,31
2026-09-29 13:26:00+00:00,8073.0,8074.5,8070.5,8070.5,23
2026-09-29 13:27:00+00:00,8070.0,8070.0,8068.5,8068.5,45
2026-09-29 13:28:00+00:00,8068.0,8068.5,8066.5,8066.5,63
2026-09-29 13:29:00+00:00,8066.5,8067.0,8065.0,8065.5,61
2026-09-29 13:30:00+00:00,8065.0,8067.5,8064.0,8064.0,106
2026-09-29 13:31:00+00:00,8064.5,8066.0,8060.0,8060.5,216
2026-09-29 13:32:00+00:00,8061.0,8061.5,8055.5,8056.5,137
2026-09-29 13:33:00+00:00,8057.0,8057.0,8052.5,8052.5,139
2026-09-29 13:34:00+00:00,8053.0,8054.5,8051.5,8054.5,79
2026-09-29 13:35:00+00:00,8055.0,8055.5,8053.0,8053.0,91
2026-09-29 13:36:00+00:00,8052.5,8053.5,8048.0,8049.0,167
2026-09-29 13:37:00+00:00,8049.0,8051.0,8048.5,8049.0,82
2026-09-29 13:38:00+00:00,8049.5,8052.0,8047.5,8051.5,69
2026-09-29 13:39:00+00:00,8050.5,8053.5,8049.5,8053.0,56
2026-09-29 13:40:00+00:00,8054.0,8062.0,8054.0,8062.0,115
2026-09-29 13:41:00+00:00,8062.0,8068.0,8060.0,8067.0,121
2026-09-29 13:42:00+00:00,8066.5,8070.5,8064.5,8067.5,80
2026-09-29 13:43:00+00:00,8068.0,8073.5,8068.0,8069.0,115
2026-09-29 13:44:00+00:00,8068.5,8069.0,8066.0,8066.0,48
2026-09-29 13:45:00+00:00,8066.5,8068.0,8064.5,8066.0,60
2026-09-29 13:46:00+00:00,8066.0,8068.0,8064.5,8067.0,95
2026-09-29 13:47:00+00:00,8067.0,8070.5,8066.5,8069.0,58
2026-09-29 13:48:00+00:00,8068.5,8070.0,8064.0,8064.0,51
2026-09-29 13:49:00+00:00,8063.5,8068.5,8063.0,8068.5,43
2026-09-29 13:50:00+00:00,8068.0,8070.0,8067.5,8069.0,90
2026-09-29 13:51:00+00:00,8068.5,8071.0,8068.5,8071.0,62
2026-09-29 13:52:00+00:00,8071.0,8071.5,8068.5,8070.5,42
2026-09-29 13:53:00+00:00,8071.0,8072.5,8070.0,8070.0,51
2026-09-29 13:54:00+00:00,8070.0,8071.0,8068.0,8069.5,81
2026-09-29 13:55:00+00:00,8070.0,8070.5,8067.5,8067.5,45
2026-09-29 13:56:00+00:00,8068.0,8069.0,8067.5,8068.0,66
2026-09-29 13:57:00+00:00,8068.5,8068.5,8065.5,8067.5,47
2026-09-29 13:58:00+00:00,8066.5,8067.0,8064.0,8064.5,40
2026-09-29 13:59:00+00:00,8064.5,8064.5,8060.5,8061.5,84
2026-09-29 14:00:00+00:00,8060.5,8069.0,8060.5,8069.0,99
2026-09-29 14:01:00+00:00,8069.0,8070.0,8067.0,8070.0,72
2026-09-29 14:02:00+00:00,8070.5,8070.5,8068.0,8068.5,48
2026-09-29 14:03:00+00:00,8068.0,8068.5,8063.5,8065.5,45
2026-09-29 14:04:00+00:00,8065.0,8069.0,8064.0,8067.0,58
2026-09-29 14:05:00+00:00,8067.0,8073.5,8067.0,8073.0,75
2026-09-29 14:06:00+00:00,8072.5,8072.5,8069.5,8071.0,39
2026-09-29 14:07:00+00:00,8071.0,8071.0,8068.0,8069.5,38
2026-09-29 14:08:00+00:00,8070.0,8072.0,8070.0,8072.0,44
2026-09-29 14:09:00+00:00,8072.0,8072.5,8070.5,8071.5,33
2026-09-29 14:10:00+00:00,8072.0,8073.0,8069.5,8069.5,39
2026-09-29 14:11:00+00:00,8069.0,8071.0,8069.0,8070.0,67
2026-09-29 14:12:00+00:00,8069.5,8072.5,8069.0,8072.0,114
2026-09-29 14:13:00+00:00,8072.0,8073.0,8068.0,8068.5,53
2026-09-29 14:14:00+00:00,8068.0,8072.0,8068.0,8071.0,38
2026-09-29 14:15:00+00:00,8071.0,8073.0,8070.0,8073.0,88
2026-09-29 14:16:00+00:00,8073.0,8077.5,8073.0,8075.5,100
2026-09-29 14:17:00+00:00,8076.0,8076.5,8073.5,8076.0,65
2026-09-29 14:18:00+00:00,8075.5,8076.0,8074.5,8075.5,44
2026-09-29 14:19:00+00:00,8075.5,8075.5,8073.0,8073.5,23
2026-09-29 14:20:00+00:00,8074.0,8074.5,8069.5,8072.0,86
2026-09-29 14:21:00+00:00,8073.0,8076.0,8073.0,8074.5,40
2026-09-29 14:22:00+00:00,8074.5,8074.5,8070.5,8072.0,29
2026-09-29 14:23:00+00:00,8072.5,8076.0,8072.5,8076.0,125
2026-09-29 14:24:00+00:00,8074.5,8074.5,8072.0,8072.5,22
2026-09-29 14:25:00+00:00,8071.0,8073.5,8070.5,8072.5,82
2026-09-29 14:26:00+00:00,8073.0,8074.0,8072.0,8073.0,36
2026-09-29 14:27:00+00:00,8073.0,8073.5,8071.5,8071.5,43
2026-09-29 14:28:00+00:00,8071.0,8073.5,8071.0,8071.0,41
2026-09-29 14:29:00+00:00,8070.5,8070.5,8066.5,8067.5,27
2026-09-29 14:30:00+00:00,8068.0,8071.0,8067.5,8071.0,72
2026-09-29 14:31:00+00:00,8070.5,8070.5,8067.0,8067.0,84
2026-09-29 14:32:00+00:00,8066.5,8068.5,8066.0,8067.0,51
2026-09-29 14:33:00+00:00,8066.0,8067.0,8065.5,8066.5,41
2026-09-29 14:34:00+00:00,8067.0,8069.0,8065.5,8067.5,66
2026-09-29 14:35:00+00:00,8067.0,8067.5,8064.5,8065.5,56
2026-09-29 14:36:00+00:00,8064.5,8066.5,8063.5,8064.5,66
2026-09-29 14:37:00+00:00,8063.5,8065.0,8061.5,8063.5,24
2026-09-29 14:38:00+00:00,8063.5,8064.0,8062.5,8064.0,29
2026-09-29 14:39:00+00:00,8063.5,8066.5,8063.5,8066.5,28
2026-09-29 14:40:00+00:00,8066.0,8071.0,8065.0,8065.5,86
2026-09-29 14:41:00+00:00,8065.0,8066.5,8063.5,8064.0,58
2026-09-29 14:42:00+00:00,8063.5,8068.5,8063.0,8067.0,51
2026-09-29 14:43:00+00:00,8067.0,8067.5,8066.0,8066.0,28
2026-09-29 14:44:00+00:00,8066.0,8069.0,8065.5,8068.5,36
2026-09-29 14:45:00+00:00,8068.5,8068.5,8065.5,8066.0,27
2026-09-29 14:46:00+00:00,8065.0,8068.0,8064.5,8064.5,62
2026-09-29 14:47:00+00:00,8065.5,8065.5,8065.0,8065.5,15
2026-09-29 14:48:00+00:00,8066.0,8067.5,8064.5,8065.0,34
2026-09-29 14:49:00+00:00,8065.0,8067.5,8063.5,8067.0,61
2026-09-29 14:50:00+00:00,8066.0,8068.5,8066.0,8068.5,26
2026-09-29 14:51:00+00:00,8068.5,8069.0,8066.5,8068.0,34
2026-09-29 14:52:00+00:00,8068.0,8068.0,8065.5,8066.5,29
2026-09-29 14:53:00+00:00,8066.5,8066.5,8062.5,8065.0,67
2026-09-29 14:54:00+00:00,8065.0,8066.0,8061.0,8065.0,94
2026-09-29 14:55:00+00:00,8065.0,8066.5,8064.5,8066.5,52
2026-09-29 14:56:00+00:00,8066.0,8067.0,8064.5,8065.0,45
2026-09-29 14:57:00+00:00,8065.0,8066.5,8064.5,8065.5,35
2026-09-29 14:58:00+00:00,8066.0,8066.5,8062.0,8063.0,58
2026-09-29 14:59:00+00:00,8063.0,8063.0,8061.0,8061.0,78
2026-09-29 15:00:00+00:00,8061.5,8061.5,8057.5,8058.5,144
2026-09-29 15:01:00+00:00,8058.0,8058.0,8054.5,8056.5,94
2026-09-29 15:02:00+00:00,8056.0,8057.0,8054.5,8057.0,59
2026-09-29 15:03:00+00:00,8056.5,8056.5,8053.0,8054.0,95
2026-09-29 15:04:00+00:00,8053.5,8054.5,8051.0,8051.0,77
2026-09-29 15:05:00+00:00,8051.0,8053.0,8050.0,8050.0,76
2026-09-29 15:06:00+00:00,8050.0,8050.5,8047.0,8048.0,85
2026-09-29 15:07:00+00:00,8048.0,8050.5,8047.5,8050.0,63
2026-09-29 15:08:00+00:00,8049.0,8050.0,8047.5,8049.0,46
2026-09-29 15:09:00+00:00,8049.0,8049.5,8045.5,8047.0,75
2026-09-29 15:10:00+00:00,8047.5,8049.5,8047.0,8048.0,56
2026-09-29 15:11:00+00:00,8047.5,8048.5,8045.5,8047.5,75
2026-09-29 15:12:00+00:00,8047.0,8047.0,8042.0,8044.0,105
2026-09-29 15:13:00+00:00,8044.0,8046.0,8043.0,8046.0,57
2026-09-29 15:14:00+00:00,8046.5,8047.5,8044.5,8047.5,62
2026-09-29 15:15:00+00:00,8046.5,8046.5,8044.0,8044.5,81
2026-09-29 15:16:00+00:00,8044.5,8046.5,8044.5,8045.0,70
2026-09-29 15:17:00+00:00,8045.0,8045.0,8041.5,8041.5,93
2026-09-29 15:18:00+00:00,8041.5,8041.5,8036.0,8036.0,122
2026-09-29 15:19:00+00:00,8036.5,8037.0,8034.0,8034.0,82
2026-09-29 15:20:00+00:00,8033.5,8033.5,8028.5,8028.5,141
2026-09-29 15:21:00+00:00,8028.5,8029.5,8027.0,8027.5,139
2026-09-29 15:22:00+00:00,8027.0,8029.5,8025.5,8027.0,88
2026-09-29 15:23:00+00:00,8026.5,8027.0,8024.5,8025.5,89
2026-09-29 15:24:00+00:00,8025.5,8030.5,8025.5,8030.0,72
2026-09-29 15:25:00+00:00,8030.0,8030.5,8027.5,8029.0,195
2026-09-29 15:26:00+00:00,8028.5,8030.5,8027.0,8027.0,139
2026-09-29 15:27:00+00:00,8027.0,8028.5,8025.0,8027.5,180
2026-09-29 15:28:00+00:00,8027.0,8027.0,8024.0,8024.0,313
2026-09-29 15:29:00+00:00,8024.5,8027.5,8021.5,8026.5,377
2026-09-29 15:30:00+00:00,8026.5,8027.5,8025.0,8025.5,273
2026-09-29 15:31:00+00:00,8026.0,8029.0,8024.0,8029.0,186
2026-09-29 15:32:00+00:00,8029.5,8032.0,8025.0,8025.5,170
2026-09-29 15:33:00+00:00,8025.0,8028.0,8023.0,8028.0,291
2026-09-29 15:34:00+00:00,8027.5,8031.5,8026.0,8031.0,873
2026-09-29 15:35:00+00:00,8030.5,8035.5,8029.0,8030.5,853
2026-09-29 15:36:00+00:00,8030.5,8032.5,8028.0,8032.5,135
2026-09-29 15:37:00+00:00,8032.5,8032.5,8030.0,8032.0,93
2026-09-29 15:38:00+00:00,8032.0,8035.5,8031.5,8035.5,99
2026-09-29 15:39:00+00:00,8036.0,8036.5,8035.0,8035.0,67
2026-09-29 15:40:00+00:00,8036.0,8036.0,8033.0,8033.5,60
2026-09-29 15:41:00+00:00,8034.0,8034.0,8030.5,8030.5,44
2026-09-29 15:42:00+00:00,8030.5,8031.0,8029.5,8031.0,161
2026-09-29 15:43:00+00:00,8030.5,8030.5,8027.5,8027.5,31
2026-09-29 15:44:00+00:00,8027.0,8029.0,8027.0,8027.5,34
2026-09-29 15:45:00+00:00,8027.5,8028.0,8026.5,8026.5,33
2026-09-29 15:46:00+00:00,8026.0,8027.0,8022.5,8023.0,95
2026-09-29 15:47:00+00:00,8023.0,8036.0,8022.0,8034.0,274
2026-09-29 15:48:00+00:00,8032.0,8032.0,8026.5,8027.5,78
2026-09-29 15:49:00+00:00,8027.5,8031.5,8027.5,8028.0,39
2026-09-29 15:50:00+00:00,8029.0,8030.0,8026.0,8026.5,13
2026-09-29 15:51:00+00:00,8026.5,8027.0,8024.5,8026.0,23
2026-09-29 15:52:00+00:00,8024.5,8026.5,8024.5,8026.0,6
2026-09-29 15:53:00+00:00,8024.5,8025.5,8022.5,8023.5,26
2026-09-29 15:54:00+00:00,8023.0,8024.0,8019.0,8023.0,30
2026-09-29 15:55:00+00:00,8023.5,8023.5,8021.5,8023.0,11
2026-09-29 15:56:00+00:00,8022.0,8023.5,8021.0,8022.5,23
2026-09-29 15:57:00+00:00,8022.5,8022.5,8020.5,8021.0,17
2026-09-29 15:58:00+00:00,8021.0,8023.0,8021.0,8023.0,10
2026-09-29 15:59:00+00:00,8022.0,8023.5,8021.5,8023.5,30
2026-09-29 16:00:00+00:00,8023.0,8023.0,8022.0,8022.0,35
2026-09-29 16:01:00+00:00,8021.5,8023.5,8020.5,8020.5,35
2026-09-29 16:02:00+00:00,8020.5,8021.5,8019.0,8021.5,36
2026-09-29 16:03:00+00:00,8021.0,8023.0,8020.0,8022.5,53
2026-09-29 16:04:00+00:00,8022.5,8023.0,8020.0,8021.0,28
2026-09-29 16:05:00+00:00,8020.5,8021.0,8019.0,8019.0,41
2026-09-29 16:06:00+00:00,8018.5,8020.5,8018.0,8020.0,35
2026-09-29 16:07:00+00:00,8020.0,8022.0,8020.0,8022.0,18
2026-09-29 16:08:00+00:00,8021.5,8023.0,8020.5,8023.0,25
2026-09-29 16:09:00+00:00,8023.0,8023.0,8020.0,8021.0,61
2026-09-29 16:10:00+00:00,8020.0,8021.0,8020.0,8020.5,13
2026-09-29 16:11:00+00:00,8020.0,8023.0,8019.0,8023.0,22
2026-09-29 16:12:00+00:00,8022.0,8022.0,8021.0,8021.0,7
2026-09-29 16:13:00+00:00,8021.0,8021.5,8020.0,8020.0,43
2026-09-29 16:14:00+00:00,8019.5,8020.5,8019.0,8020.5,13
2026-09-29 16:15:00+00:00,8020.5,8021.0,8019.5,8021.0,13
2026-09-29 16:16:00+00:00,8021.0,8021.5,8020.5,8021.5,12
2026-09-29 16:17:00+00:00,8021.0,8022.0,8021.0,8021.0,7
2026-09-29 16:18:00+00:00,8020.5,8021.5,8020.5,8021.0,6
2026-09-29 16:19:00+00:00,8021.5,8023.5,8021.5,8023.5,4
2026-09-29 16:20:00+00:00,8023.5,8024.0,8023.0,8023.0,12
2026-09-29 16:21:00+00:00,8023.0,8025.5,8022.0,8023.0,31
2026-09-29 16:22:00+00:00,8021.0,8022.0,8021.0,8022.0,2
2026-09-29 16:23:00+00:00,8021.0,8022.0,8021.0,8022.0,19
2026-09-29 16:24:00+00:00,8023.5,8023.5,8022.5,8022.5,8
2026-09-29 16:25:00+00:00,8023.0,8024.5,8023.0,8024.5,4
2026-09-29 16:26:00+00:00,8024.5,8025.5,8024.0,8025.5,14
2026-09-29 16:27:00+00:00,8026.0,8026.0,8025.0,8025.0,7
2026-09-29 16:28:00+00:00,8025.0,8027.5,8025.0,8026.0,45
2026-09-29 16:29:00+00:00,8026.5,8026.5,8025.0,8026.0,8
2026-09-29 16:30:00+00:00,8026.0,8026.0,8024.5,8025.0,14
2026-09-29 16:31:00+00:00,8024.5,8026.0,8023.5,8024.5,20
2026-09-29 16:32:00+00:00,8024.5,8025.0,8023.5,8023.5,4
2026-09-29 16:33:00+00:00,8024.0,8024.0,8023.0,8023.0,20
2026-09-29 16:34:00+00:00,8022.5,8023.0,8022.5,8023.0,3
2026-09-29 16:35:00+00:00,8023.0,8024.5,8022.0,8023.5,11
2026-09-29 16:36:00+00:00,8024.0,8025.0,8023.5,8024.5,6
2026-09-29 16:37:00+00:00,8024.5,8024.5,8024.0,8024.0,3
2026-09-29 16:38:00+00:00,8024.0,8025.0,8024.0,8024.0,13
2026-09-29 16:39:00+00:00,8023.0,8023.5,8022.5,8023.5,10
2026-09-29 16:40:00+00:00,8023.5,8024.0,8021.5,8021.5,13
2026-09-29 16:41:00+00:00,8021.5,8021.5,8021.5,8021.5,1
2026-09-29 16:42:00+00:00,8020.5,8021.5,8020.5,8020.5,4
2026-09-29 16:43:00+00:00,8021.0,8021.0,8020.0,8020.5,6
2026-09-29 16:44:00+00:00,8018.0,8018.0,8016.0,8016.5,32
2026-09-29 16:45:00+00:00,8016.5,8017.0,8013.0,8014.5,31
2026-09-29 16:46:00+00:00,8014.0,8018.0,8014.0,8017.5,33
2026-09-29 16:47:00+00:00,8018.0,8018.0,8017.0,8018.0,24
2026-09-29 16:48:00+00:00,8019.5,8020.5,8018.5,8019.0,13
2026-09-29 16:49:00+00:00,8018.0,8018.0,8016.0,8016.0,18
2026-09-29 16:50:00+00:00,8016.0,8016.0,8016.0,8016.0,7
2026-09-29 16:51:00+00:00,8018.0,8020.5,8018.0,8020.0,26
2026-09-29 16:52:00+00:00,8019.0,8019.0,8018.0,8018.5,16
2026-09-29 16:53:00+00:00,8018.5,8019.0,8018.5,8019.0,3
2026-09-29 16:54:00+00:00,8018.5,8018.5,8017.0,8017.5,17
2026-09-29 16:55:00+00:00,8017.0,8017.0,8015.5,8015.5,18
2026-09-29 16:56:00+00:00,8015.0,8015.0,8012.5,8013.0,21
2026-09-29 16:57:00+00:00,8014.5,8015.5,8014.5,8015.0,8
2026-09-29 16:58:00+00:00,8015.5,8016.0,8015.5,8016.0,2
2026-09-29 16:59:00+00:00,8016.0,8018.0,8016.0,8018.0,6
2026-09-29 17:00:00+00:00,8016.0,8016.0,8013.0,8013.0,4
2026-09-29 17:01:00+00:00,8012.5,8013.5,8011.5,8011.5,26
2026-09-29 17:02:00+00:00,8011.5,8011.5,8010.5,8011.0,6
2026-09-29 17:03:00+00:00,8010.0,8012.5,8010.0,8012.0,9
2026-09-29 17:04:00+00:00,8013.0,8013.0,8012.5,8012.5,5
2026-09-29 17:05:00+00:00,8012.5,8014.0,8012.5,8014.0,7
2026-09-29 17:06:00+00:00,8014.5,8014.5,8013.5,8014.5,10
2026-09-29 17:07:00+00:00,8015.0,8015.0,8013.5,8013.5,19
2026-09-29 17:08:00+00:00,8013.5,8013.5,8012.5,8013.0,9
2026-09-29 17:09:00+00:00,8013.5,8013.5,8010.5,8011.0,6
2026-09-29 17:10:00+00:00,8011.5,8013.5,8011.5,8013.0,10
2026-09-29 17:11:00+00:00,8013.5,8015.5,8013.5,8015.5,9
2026-09-29 17:12:00+00:00,8015.5,8017.0,8015.5,8017.0,5
2026-09-29 17:13:00+00:00,8017.5,8017.5,8016.5,8016.5,6
2026-09-29 17:14:00+00:00,8017.0,8018.5,8017.0,8018.5,6
2026-09-29 17:15:00+00:00,8019.0,8019.0,8016.5,8016.5,17
2026-09-29 17:16:00+00:00,8016.5,8017.0,8014.0,8015.0,21
2026-09-29 17:17:00+00:00,8017.0,8017.0,8015.5,8016.0,5
2026-09-29 17:18:00+00:00,8015.0,8016.0,8015.0,8016.0,4
2026-09-29 17:19:00+00:00,8015.5,8017.0,8015.5,8016.0,10
2026-09-29 17:20:00+00:00,8015.0,8016.0,8014.5,8016.0,10
2026-09-29 17:21:00+00:00,8014.0,8016.0,8014.0,8015.5,14
2026-09-29 17:22:00+00:00,8016.5,8016.5,8015.5,8016.0,7
2026-09-29 17:23:00+00:00,8016.5,8018.5,8016.5,8018.5,18
2026-09-29 17:24:00+00:00,8018.0,8019.0,8018.0,8018.5,17
2026-09-29 17:25:00+00:00,8019.0,8019.0,8017.5,8018.0,11
2026-09-29 17:26:00+00:00,8017.5,8019.0,8017.5,8019.0,12
2026-09-29 17:27:00+00:00,8018.0,8020.0,8018.0,8020.0,5
2026-09-29 17:28:00+00:00,8020.0,8020.0,8018.5,8019.5,9
2026-09-29 17:29:00+00:00,8020.0,8020.0,8020.0,8020.0,7
2026-09-29 17:30:00+00:00,8020.0,8020.5,8018.5,8018.5,13
2026-09-29 17:31:00+00:00,8019.5,8019.5,8018.0,8019.0,15
2026-09-29 17:32:00+00:00,8019.0,8019.0,8018.5,8019.0,4
2026-09-29 17:33:00+00:00,8019.5,8020.5,8019.5,8020.0,5
2026-09-29 17:34:00+00:00,8018.5,8018.5,8018.5,8018.5,1
2026-09-29 17:35:00+00:00,8020.0,8021.5,8020.0,8021.5,8
2026-09-29 17:36:00+00:00,8020.5,8021.5,8019.5,8021.0,34
2026-09-29 17:37:00+00:00,8021.5,8021.5,8021.0,8021.5,5
2026-09-29 17:38:00+00:00,8021.0,8021.0,8021.0,8021.0,1
2026-09-29 17:40:00+00:00,8018.5,8021.0,8018.5,8021.0,8
2026-09-29 17:41:00+00:00,8020.5,8020.5,8020.5,8020.5,2
2026-09-29 17:42:00+00:00,8020.0,8021.0,8020.0,8021.0,10
2026-09-29 17:43:00+00:00,8021.0,8021.5,8021.0,8021.0,3
2026-09-29 17:44:00+00:00,8022.0,8023.5,8022.0,8023.5,12
2026-09-29 17:45:00+00:00,8024.0,8025.5,8024.0,8024.5,14
2026-09-29 17:46:00+00:00,8024.5,8027.0,8023.5,8023.5,38
2026-09-29 17:47:00+00:00,8023.5,8024.0,8023.5,8024.0,3
2026-09-29 17:48:00+00:00,8023.0,8023.0,8022.0,8022.0,7
2026-09-29 17:49:00+00:00,8022.0,8022.0,8022.0,8022.0,3
2026-09-29 17:50:00+00:00,8021.5,8023.0,8021.5,8023.0,6
2026-09-29 17:51:00+00:00,8022.0,8022.0,8021.0,8022.0,10
2026-09-29 17:52:00+00:00,8021.5,8021.5,8020.0,8021.0,5
2026-09-29 17:53:00+00:00,8019.5,8019.5,8016.5,8017.0,19
2026-09-29 17:54:00+00:00,8017.0,8017.5,8016.5,8017.0,11
2026-09-29 17:55:00+00:00,8016.5,8017.0,8016.0,8016.5,7
2026-09-29 17:56:00+00:00,8016.5,8017.0,8016.5,8017.0,5
2026-09-29 17:57:00+00:00,8016.0,8016.0,8015.0,8015.0,3
2026-09-29 17:58:00+00:00,8015.5,8016.0,8015.0,8015.0,4
2026-09-29 17:59:00+00:00,8015.5,8016.5,8015.5,8016.5,2
2026-09-29 18:00:00+00:00,8017.0,8029.0,8017.0,8025.5,93
2026-09-29 18:01:00+00:00,8027.0,8027.5,8024.0,8024.5,19
2026-09-29 18:02:00+00:00,8024.5,8025.0,8024.0,8025.0,16
2026-09-29 18:03:00+00:00,8026.0,8026.0,8022.0,8022.5,18
2026-09-29 18:04:00+00:00,8022.5,8025.5,8022.5,8025.5,9
2026-09-29 18:05:00+00:00,8026.0,8029.0,8026.0,8029.0,15
2026-09-29 18:06:00+00:00,8029.0,8029.0,8027.5,8029.0,18
2026-09-29 18:07:00+00:00,8028.5,8029.0,8025.5,8025.5,11
2026-09-29 18:08:00+00:00,8026.5,8026.5,8026.5,8026.5,2
2026-09-29 18:09:00+00:00,8024.5,8024.5,8021.5,8021.5,13
2026-09-29 18:10:00+00:00,8022.0,8023.0,8022.0,8023.0,6
2026-09-29 18:11:00+00:00,8023.0,8023.0,8022.0,8022.0,9
2026-09-29 18:12:00+00:00,8023.0,8023.5,8022.5,8022.5,12
2026-09-29 18:13:00+00:00,8023.0,8025.5,8022.5,8025.5,7
2026-09-29 18:14:00+00:00,8027.0,8027.0,8026.5,8026.5,2
2026-09-29 18:15:00+00:00,8026.5,8027.0,8026.0,8027.0,7
2026-09-29 18:16:00+00:00,8027.5,8029.0,8027.5,8028.5,13
2026-09-29 18:17:00+00:00,8027.5,8028.0,8027.5,8028.0,3
2026-09-29 18:18:00+00:00,8028.0,8028.5,8028.0,8028.0,7
2026-09-29 18:19:00+00:00,8027.5,8028.0,8027.5,8028.0,5
2026-09-29 18:20:00+00:00,8027.5,8029.0,8027.5,8029.0,8
2026-09-29 18:21:00+00:00,8029.0,8029.5,8029.0,8029.5,4
2026-09-29 18:22:00+00:00,8029.0,8031.5,8029.0,8031.5,14
2026-09-29 18:23:00+00:00,8032.0,8032.5,8031.0,8031.5,7
2026-09-29 18:24:00+00:00,8030.5,8030.5,8030.5,8030.5,2
2026-09-29 18:25:00+00:00,8029.0,8029.5,8028.5,8028.5,4
2026-09-29 18:26:00+00:00,8030.0,8030.0,8029.0,8029.0,8
2026-09-29 18:27:00+00:00,8028.0,8028.5,8027.5,8028.5,4
2026-09-29 18:28:00+00:00,8028.0,8030.0,8028.0,8030.0,4
2026-09-29 18:29:00+00:00,8029.0,8029.0,8029.0,8029.0,1
2026-09-29 18:30:00+00:00,8028.0,8034.0,8027.5,8027.5,49
2026-09-29 18:31:00+00:00,8028.0,8028.0,8025.5,8025.5,4
2026-09-29 18:32:00+00:00,8025.5,8026.5,8025.5,8026.5,7
2026-09-29 18:33:00+00:00,8026.5,8027.5,8026.0,8026.0,12
2026-09-29 18:34:00+00:00,8026.0,8028.0,8025.0,8028.0,15
2026-09-29 18:35:00+00:00,8028.0,8029.5,8027.5,8029.5,4
2026-09-29 18:36:00+00:00,8029.0,8029.0,8028.0,8028.5,10
2026-09-29 18:37:00+00:00,8029.5,8029.5,8029.5,8029.5,1
2026-09-29 18:38:00+00:00,8030.5,8035.0,8030.5,8035.0,13
2026-09-29 18:39:00+00:00,8034.5,8038.0,8034.5,8036.0,36
2026-09-29 18:40:00+00:00,8037.5,8040.0,8037.5,8039.5,36
2026-09-29 18:41:00+00:00,8040.5,8041.5,8039.5,8040.0,22
2026-09-29 18:42:00+00:00,8040.5,8041.0,8039.0,8040.5,21
2026-09-29 18:43:00+00:00,8038.0,8038.0,8036.5,8037.5,20
2026-09-29 18:44:00+00:00,8036.5,8038.0,8035.5,8038.0,19
2026-09-29 18:45:00+00:00,8038.5,8038.5,8036.0,8038.0,22
2026-09-29 18:46:00+00:00,8038.5,8038.5,8037.5,8037.5,13
2026-09-29 18:47:00+00:00,8037.5,8037.5,8033.5,8034.5,28
2026-09-29 18:48:00+00:00,8034.0,8034.5,8034.0,8034.5,7
2026-09-29 18:49:00+00:00,8034.0,8034.0,8033.5,8033.5,9
2026-09-29 18:50:00+00:00,8034.0,8034.5,8034.0,8034.5,18
2026-09-29 18:51:00+00:00,8034.5,8035.5,8034.5,8035.0,40
2026-09-29 18:52:00+00:00,8035.5,8036.0,8035.0,8035.5,15
2026-09-29 18:53:00+00:00,8035.5,8035.5,8034.0,8034.5,15
2026-09-29 18:54:00+00:00,8034.5,8034.5,8033.0,8034.0,36
2026-09-29 18:55:00+00:00,8034.0,8035.0,8033.0,8035.0,13
2026-09-29 18:56:00+00:00,8034.0,8035.5,8034.0,8035.5,6
2026-09-29 18:57:00+00:00,8035.0,8035.5,8034.5,8034.5,5
2026-09-29 18:58:00+00:00,8035.0,8036.5,8035.0,8035.5,9
2026-09-29 18:59:00+00:00,8036.5,8038.5,8036.5,8038.5,10
2026-09-29 19:00:00+00:00,8039.0,8039.0,8037.0,8037.0,10
2026-09-29 19:01:00+00:00,8036.5,8037.5,8036.5,8037.5,5
2026-09-29 19:02:00+00:00,8037.5,8037.5,8037.0,8037.0,5
2026-09-29 19:03:00+00:00,8037.5,8038.5,8037.0,8038.5,12
2026-09-29 19:04:00+00:00,8038.5,8039.0,8038.5,8039.0,3
2026-09-29 19:05:00+00:00,8039.5,8039.5,8038.5,8038.5,6
2026-09-29 19:06:00+00:00,8038.5,8039.5,8038.5,8039.0,3
2026-09-29 19:07:00+00:00,8038.5,8039.5,8038.5,8039.5,4
2026-09-29 19:08:00+00:00,8039.0,8039.0,8038.0,8038.5,13
2026-09-29 19:09:00+00:00,8038.0,8038.0,8038.0,8038.0,7
2026-09-29 19:10:00+00:00,8038.0,8038.5,8037.5,8038.0,25
2026-09-29 19:11:00+00:00,8036.5,8038.0,8036.5,8038.0,6
2026-09-29 19:12:00+00:00,8037.5,8037.5,8036.0,8036.5,14
2026-09-29 19:13:00+00:00,8037.0,8038.0,8037.0,8038.0,5
2026-09-29 19:14:00+00:00,8037.0,8037.0,8036.0,8036.0,2
2026-09-29 19:15:00+00:00,8036.5,8037.0,8034.5,8037.0,26
2026-09-29 19:16:00+00:00,8036.5,8037.5,8036.5,8037.0,9
2026-09-29 19:17:00+00:00,8037.0,8037.5,8037.0,8037.0,6
2026-09-29 19:18:00+00:00,8037.0,8038.5,8037.0,8038.0,19
2026-09-29 19:19:00+00:00,8038.0,8038.5,8037.0,8038.0,13
2026-09-29 19:20:00+00:00,8037.0,8037.5,8037.0,8037.0,6
2026-09-29 19:21:00+00:00,8037.0,8038.5,8037.0,8037.5,10
2026-09-29 19:22:00+00:00,8038.0,8038.5,8037.5,8038.5,30
2026-09-29 19:23:00+00:00,8038.0,8040.0,8038.0,8039.5,10
2026-09-29 19:24:00+00:00,8040.0,8040.0,8038.5,8038.5,6
2026-09-29 19:25:00+00:00,8039.0,8040.0,8038.5,8040.0,6
2026-09-29 19:26:00+00:00,8039.5,8039.5,8039.0,8039.0,6
2026-09-29 19:27:00+00:00,8037.5,8039.5,8037.5,8039.0,7
2026-09-29 19:28:00+00:00,8039.0,8039.0,8038.0,8038.0,4
2026-09-29 19:29:00+00:00,8038.5,8039.0,8038.0,8039.0,6
2026-09-29 19:30:00+00:00,8036.0,8037.0,8036.0,8037.0,2
2026-09-29 19:31:00+00:00,8037.5,8039.0,8037.5,8039.0,11
2026-09-29 19:32:00+00:00,8038.5,8039.5,8038.5,8039.5,3
2026-09-29 19:33:00+00:00,8040.0,8040.0,8038.5,8038.5,4
2026-09-29 19:34:00+00:00,8038.0,8038.0,8038.0,8038.0,5
2026-09-29 19:35:00+00:00,8038.5,8039.0,8038.0,8038.5,8
2026-09-29 19:36:00+00:00,8038.0,8039.0,8038.0,8039.0,6
2026-09-29 19:37:00+00:00,8039.0,8039.5,8038.5,8039.5,8
2026-09-29 19:38:00+00:00,8039.0,8039.5,8039.0,8039.5,6
2026-09-29 19:39:00+00:00,8039.5,8040.5,8039.5,8040.0,13
2026-09-29 19:40:00+00:00,8039.0,8040.0,8039.0,8040.0,12
2026-09-29 19:41:00+00:00,8040.0,8040.0,8038.5,8039.5,22
2026-09-29 19:42:00+00:00,8039.0,8039.0,8038.5,8039.0,12
2026-09-29 19:43:00+00:00,8038.5,8038.5,8038.0,8038.0,21
2026-09-29 19:44:00+00:00,8038.0,8038.0,8037.0,8037.0,17
2026-09-29 19:45:00+00:00,8037.0,8037.0,8036.0,8037.0,15
2026-09-29 19:46:00+00:00,8036.5,8037.0,8036.5,8036.5,6
2026-09-29 19:47:00+00:00,8037.0,8039.5,8037.0,8039.0,33
2026-09-29 19:48:00+00:00,8038.5,8038.5,8037.5,8038.0,30
2026-09-29 19:49:00+00:00,8038.5,8039.0,8037.0,8037.0,22
2026-09-29 19:50:00+00:00,8037.5,8038.5,8036.5,8036.5,26
2026-09-29 19:51:00+00:00,8037.0,8040.0,8037.0,8039.5,61
2026-09-29 19:52:00+00:00,8040.0,8043.0,8040.0,8043.0,44
2026-09-29 19:53:00+00:00,8043.0,8047.0,8042.0,8046.0,80
2026-09-29 19:54:00+00:00,8046.5,8048.0,8045.0,8045.0,51
2026-09-29 19:55:00+00:00,8045.0,8047.5,8044.0,8044.5,101
2026-09-29 19:56:00+00:00,8044.5,8044.5,8042.0,8043.5,63
2026-09-29 19:57:00+00:00,8043.0,8045.5,8043.0,8045.0,47
2026-09-29 19:58:00+00:00,8044.5,8045.5,8042.0,8042.0,101
2026-09-29 19:59:00+00:00,8042.5,8048.0,8042.5,8046.5,90
2026-09-30 06:00:00+00:00,8065.0,8068.0,8063.0,8066.0,303
2026-09-30 06:01:00+00:00,8066.0,8071.5,8063.5,8070.0,143
2026-09-30 06:02:00+00:00,8070.0,8070.0,8066.5,8069.0,76
2026-09-30 06:03:00+00:00,8068.0,8068.0,8063.5,8065.0,58
2026-09-30 06:04:00+00:00,8065.0,8065.5,8063.5,8065.0,36
2026-09-30 06:05:00+00:00,8065.5,8066.5,8064.5,8064.5,26
2026-09-30 06:06:00+00:00,8064.5,8064.5,8062.0,8062.0,21
2026-09-30 06:07:00+00:00,8062.0,8062.0,8059.5,8061.0,36
2026-09-30 06:08:00+00:00,8061.5,8062.5,8057.0,8057.5,39
2026-09-30 06:09:00+00:00,8058.0,8060.0,8057.0,8057.0,18
2026-09-30 06:10:00+00:00,8058.0,8058.5,8054.5,8054.5,35
2026-09-30 06:11:00+00:00,8055.0,8056.0,8054.5,8055.5,12
2026-09-30 06:12:00+00:00,8055.5,8057.0,8055.0,8056.0,15
2026-09-30 06:13:00+00:00,8055.5,8056.5,8053.5,8053.5,23
2026-09-30 06:14:00+00:00,8053.5,8053.5,8051.5,8051.5,11
2026-09-30 06:15:00+00:00,8052.0,8052.0,8050.5,8051.5,25
2026-09-30 06:16:00+00:00,8052.0,8057.0,8052.0,8056.0,33
2026-09-30 06:17:00+00:00,8057.0,8059.5,8057.0,8058.5,50
2026-09-30 06:18:00+00:00,8057.0,8058.0,8056.5,8057.0,15
2026-09-30 06:19:00+00:00,8057.0,8059.0,8057.0,8059.0,9
2026-09-30 06:20:00+00:00,8059.5,8061.0,8055.5,8061.0,94
2026-09-30 06:21:00+00:00,8060.5,8060.5,8059.0,8059.0,13
2026-09-30 06:22:00+00:00,8059.5,8061.0,8058.5,8059.5,15
2026-09-30 06:23:00+00:00,8057.5,8057.5,8057.0,8057.0,2
2026-09-30 06:25:00+00:00,8056.5,8056.5,8054.0,8055.0,12
2026-09-30 06:26:00+00:00,8053.5,8054.5,8052.0,8054.5,20
2026-09-30 06:27:00+00:00,8054.5,8054.5,8054.0,8054.5,7
2026-09-30 06:28:00+00:00,8054.5,8054.5,8052.5,8052.5,3
2026-09-30 06:29:00+00:00,8052.0,8052.0,8050.5,8051.0,23
2026-09-30 06:30:00+00:00,8051.0,8053.0,8050.0,8053.0,48
2026-09-30 06:31:00+00:00,8053.0,8054.5,8051.0,8054.5,28
2026-09-30 06:32:00+00:00,8054.5,8056.5,8054.5,8056.5,39
2026-09-30 06:33:00+00:00,8056.5,8057.0,8056.5,8056.5,9
2026-09-30 06:34:00+00:00,8054.5,8057.5,8054.5,8057.0,7
2026-09-30 06:35:00+00:00,8057.5,8057.5,8055.0,8055.0,13
2026-09-30 06:36:00+00:00,8055.0,8055.5,8054.5,8055.5,6
2026-09-30 06:37:00+00:00,8054.0,8054.0,8053.0,8054.0,7
2026-09-30 06:38:00+00:00,8054.0,8058.0,8054.0,8055.5,24
2026-09-30 06:39:00+00:00,8053.5,8053.5,8046.5,8048.0,19
2026-09-30 06:40:00+00:00,8048.0,8048.5,8047.5,8048.5,9
2026-09-30 06:41:00+00:00,8048.5,8049.0,8046.5,8046.5,23
2026-09-30 06:42:00+00:00,8047.0,8050.5,8047.0,8050.5,8
2026-09-30 06:43:00+00:00,8050.5,8052.0,8050.5,8052.0,4
2026-09-30 06:44:00+00:00,8052.5,8052.5,8052.5,8052.5,1
2026-09-30 06:45:00+00:00,8052.0,8052.0,8045.0,8046.5,31
2026-09-30 06:46:00+00:00,8046.5,8046.5,8045.0,8046.0,9
2026-09-30 06:47:00+00:00,8044.5,8046.0,8043.0,8043.5,14
2026-09-30 06:48:00+00:00,8044.0,8044.0,8040.0,8042.0,16
2026-09-30 06:49:00+00:00,8043.0,8046.0,8043.0,8046.0,8
2026-09-30 06:50:00+00:00,8047.5,8050.0,8047.5,8050.0,6
2026-09-30 06:51:00+00:00,8049.0,8049.0,8047.0,8047.5,6
2026-09-30 06:52:00+00:00,8046.5,8048.5,8046.0,8048.5,8
2026-09-30 06:53:00+00:00,8048.5,8048.5,8048.5,8048.5,1
2026-09-30 06:54:00+00:00,8046.0,8048.0,8045.5,8046.5,41
2026-09-30 06:55:00+00:00,8047.0,8048.0,8046.0,8048.0,42
2026-09-30 06:56:00+00:00,8048.0,8049.0,8047.5,8047.5,17
2026-09-30 06:57:00+00:00,8047.0,8049.0,8046.0,8046.5,26
2026-09-30 06:58:00+00:00,8046.0,8046.5,8043.0,8043.0,18
2026-09-30 06:59:00+00:00,8042.0,8042.0,8034.5,8039.5,109
2026-09-30 07:00:00+00:00,8039.0,8041.0,8032.5,8037.5,590
2026-09-30 07:01:00+00:00,8037.0,8043.5,8036.0,8043.0,249
2026-09-30 07:02:00+00:00,8042.5,8048.5,8040.0,8048.5,218
2026-09-30 07:03:00+00:00,8047.0,8052.0,8046.5,8049.5,132
2026-09-30 07:04:00+00:00,8049.5,8055.0,8049.0,8054.0,140
2026-09-30 07:05:00+00:00,8054.5,8063.0,8053.5,8062.0,138
2026-09-30 07:06:00+00:00,8061.5,8063.0,8059.5,8061.5,120
2026-09-30 07:07:00+00:00,8061.0,8065.0,8059.5,8064.5,107
2026-09-30 07:08:00+00:00,8065.0,8065.5,8058.0,8060.0,148
2026-09-30 07:09:00+00:00,8059.5,8059.5,8056.0,8058.0,63
2026-09-30 07:10:00+00:00,8057.5,8063.0,8057.0,8062.5,93
2026-09-30 07:11:00+00:00,8062.5,8066.0,8062.5,8065.0,148
2026-09-30 07:12:00+00:00,8064.5,8070.0,8064.5,8068.5,195
2026-09-30 07:13:00+00:00,8069.0,8069.0,8066.0,8066.5,65
2026-09-30 07:14:00+00:00,8066.5,8067.0,8062.5,8065.0,122
2026-09-30 07:15:00+00:00,8065.5,8070.0,8064.5,8069.5,128
2026-09-30 07:16:00+00:00,8069.5,8073.5,8068.5,8073.0,117
2026-09-30 07:17:00+00:00,8072.5,8074.0,8066.5,8067.0,141
2026-09-30 07:18:00+00:00,8066.5,8068.0,8062.5,8065.5,84
2026-09-30 07:19:00+00:00,8065.5,8067.0,8064.0,8067.0,55
2026-09-30 07:20:00+00:00,8066.5,8070.5,8066.5,8069.5,117
2026-09-30 07:21:00+00:00,8068.5,8072.0,8068.5,8071.5,66
2026-09-30 07:22:00+00:00,8071.5,8071.5,8065.5,8067.0,61
2026-09-30 07:23:00+00:00,8066.0,8071.0,8066.0,8071.0,52
2026-09-30 07:24:00+00:00,8070.0,8070.5,8064.5,8064.5,54
2026-09-30 07:25:00+00:00,8065.0,8068.0,8064.0,8067.5,76
2026-09-30 07:26:00+00:00,8068.0,8070.0,8064.0,8065.0,154
2026-09-30 07:27:00+00:00,8065.5,8065.5,8060.5,8060.5,92
2026-09-30 07:28:00+00:00,8061.0,8061.0,8056.0,8056.0,60
2026-09-30 07:29:00+00:00,8056.0,8059.5,8056.0,8059.0,60
2026-09-30 07:30:00+00:00,8058.5,8059.5,8057.0,8058.0,98
2026-09-30 07:31:00+00:00,8057.5,8058.0,8052.5,8054.5,113
2026-09-30 07:32:00+00:00,8055.5,8059.5,8055.5,8059.5,62
2026-09-30 07:33:00+00:00,8059.5,8063.0,8059.5,8061.0,47
2026-09-30 07:34:00+00:00,8061.5,8063.5,8060.0,8061.0,64
2026-09-30 07:35:00+00:00,8061.0,8063.5,8060.0,8062.5,41
2026-09-30 07:36:00+00:00,8062.5,8062.5,8058.5,8058.5,111
2026-09-30 07:37:00+00:00,8058.5,8060.5,8058.0,8060.5,56
2026-09-30 07:38:00+00:00,8060.0,8061.0,8056.0,8058.0,61
2026-09-30 07:39:00+00:00,8057.5,8059.5,8057.5,8059.0,47
2026-09-30 07:40:00+00:00,8059.0,8061.0,8059.0,8060.5,99
2026-09-30 07:41:00+00:00,8061.0,8061.5,8059.0,8060.0,46
2026-09-30 07:42:00+00:00,8059.5,8060.5,8056.5,8056.5,53
2026-09-30 07:43:00+00:00,8056.5,8058.0,8053.0,8053.5,51
2026-09-30 07:44:00+00:00,8053.5,8053.5,8050.5,8050.5,51
2026-09-30 07:45:00+00:00,8051.0,8054.5,8050.5,8052.5,84
2026-09-30 07:46:00+00:00,8052.5,8055.0,8052.5,8054.5,29
2026-09-30 07:47:00+00:00,8054.0,8054.5,8051.5,8053.0,53
2026-09-30 07:48:00+00:00,8054.0,8059.0,8053.5,8059.0,41
2026-09-30 07:49:00+00:00,8058.0,8059.0,8056.0,8058.5,44
2026-09-30 07:50:00+00:00,8058.0,8061.5,8058.0,8059.5,71
2026-09-30 07:51:00+00:00,8060.0,8061.0,8059.5,8061.0,58
2026-09-30 07:52:00+00:00,8060.0,8061.0,8059.5,8061.0,43
2026-09-30 07:53:00+00:00,8061.5,8063.5,8061.0,8061.0,37
2026-09-30 07:54:00+00:00,8061.5,8065.0,8061.5,8062.5,81
2026-09-30 07:55:00+00:00,8063.0,8063.5,8061.0,8061.0,58
2026-09-30 07:56:00+00:00,8061.0,8063.0,8061.0,8063.0,30
2026-09-30 07:57:00+00:00,8062.5,8063.5,8061.5,8062.0,36
2026-09-30 07:58:00+00:00,8061.5,8061.5,8059.5,8060.5,24
2026-09-30 07:59:00+00:00,8060.5,8060.5,8059.0,8059.5,39
2026-09-30 08:00:00+00:00,8058.5,8058.5,8054.5,8055.0,131
2026-09-30 08:01:00+00:00,8055.0,8061.0,8055.0,8059.5,86
2026-09-30 08:02:00+00:00,8060.0,8060.0,8054.0,8054.0,40
2026-09-30 08:03:00+00:00,8053.5,8060.5,8053.5,8060.0,44
2026-09-30 08:04:00+00:00,8060.0,8060.0,8053.0,8053.0,51
2026-09-30 08:05:00+00:00,8053.0,8053.5,8050.5,8050.5,37
2026-09-30 08:06:00+00:00,8051.0,8051.0,8046.0,8046.5,42
2026-09-30 08:07:00+00:00,8047.5,8047.5,8044.5,8046.5,52
2026-09-30 08:08:00+00:00,8046.0,8046.5,8044.5,8046.0,31
2026-09-30 08:09:00+00:00,8045.5,8047.0,8042.5,8042.5,43
2026-09-30 08:10:00+00:00,8042.5,8043.0,8040.5,8040.5,83
2026-09-30 08:11:00+00:00,8041.0,8042.5,8040.5,8041.0,69
2026-09-30 08:12:00+00:00,8040.5,8044.5,8040.5,8043.5,65
2026-09-30 08:13:00+00:00,8043.5,8047.0,8043.0,8044.5,37
2026-09-30 08:14:00+00:00,8043.0,8044.0,8041.5,8042.5,48
2026-09-30 08:15:00+00:00,8042.0,8044.5,8041.5,8044.0,39
2026-09-30 08:16:00+00:00,8044.0,8046.0,8042.5,8046.0,72
2026-09-30 08:17:00+00:00,8046.0,8048.0,8044.5,8046.0,61
2026-09-30 08:18:00+00:00,8046.5,8050.5,8046.5,8050.5,53
2026-09-30 08:19:00+00:00,8050.5,8051.0,8046.0,8046.0,60
2026-09-30 08:20:00+00:00,8046.0,8048.5,8043.0,8048.5,63
2026-09-30 08:21:00+00:00,8048.0,8048.0,8046.0,8048.0,35
2026-09-30 08:22:00+00:00,8047.5,8047.5,8043.0,8043.0,56
2026-09-30 08:23:00+00:00,8044.5,8044.5,8040.0,8040.5,39
2026-09-30 08:24:00+00:00,8041.0,8044.0,8039.5,8044.0,50
2026-09-30 08:25:00+00:00,8043.5,8044.0,8042.0,8042.5,81
2026-09-30 08:26:00+00:00,8042.5,8045.5,8041.5,8045.5,72
2026-09-30 08:27:00+00:00,8045.5,8045.5,8043.5,8044.0,63
2026-09-30 08:28:00+00:00,8044.0,8045.0,8042.5,8045.0,33
2026-09-30 08:29:00+00:00,8044.5,8047.0,8044.0,8044.0,41
2026-09-30 08:30:00+00:00,8044.5,8045.0,8036.5,8036.5,60
2026-09-30 08:31:00+00:00,8035.5,8035.5,8032.0,8034.0,98
2026-09-30 08:32:00+00:00,8034.0,8036.0,8032.5,8034.0,51
2026-09-30 08:33:00+00:00,8033.0,8037.0,8031.0,8037.0,31
2026-09-30 08:34:00+00:00,8037.5,8038.5,8037.0,8037.5,40
2026-09-30 08:35:00+00:00,8037.0,8037.0,8033.5,8034.5,62
2026-09-30 08:36:00+00:00,8035.0,8036.5,8033.5,8034.5,63
2026-09-30 08:37:00+00:00,8034.5,8035.5,8034.0,8035.5,67
2026-09-30 08:38:00+00:00,8035.5,8035.5,8033.0,8033.0,30
2026-09-30 08:39:00+00:00,8032.0,8033.5,8031.5,8031.5,36
2026-09-30 08:40:00+00:00,8031.0,8031.0,8028.0,8028.5,55
2026-09-30 08:41:00+00:00,8028.0,8029.0,8027.5,8029.0,35
2026-09-30 08:42:00+00:00,8029.0,8029.0,8025.5,8027.0,50
2026-09-30 08:43:00+00:00,8026.5,8026.5,8024.0,8025.0,51
2026-09-30 08:44:00+00:00,8025.0,8025.5,8023.5,8024.5,47
2026-09-30 08:45:00+00:00,8025.0,8026.5,8025.0,8025.0,44
2026-09-30 08:46:00+00:00,8024.5,8027.5,8024.5,8027.0,45
2026-09-30 08:47:00+00:00,8026.5,8028.0,8025.0,8025.0,36
2026-09-30 08:48:00+00:00,8024.0,8029.0,8024.0,8028.5,45
2026-09-30 08:49:00+00:00,8028.5,8028.5,8026.0,8028.5,25
2026-09-30 08:50:00+00:00,8028.0,8029.0,8027.0,8028.0,43
2026-09-30 08:51:00+00:00,8028.0,8028.0,8026.0,8026.0,49
2026-09-30 08:52:00+00:00,8026.5,8029.5,8025.5,8029.5,37
2026-09-30 08:53:00+00:00,8030.0,8030.0,8025.5,8026.5,31
2026-09-30 08:54:00+00:00,8026.5,8026.5,8024.0,8024.0,49
2026-09-30 08:55:00+00:00,8025.0,8026.0,8024.0,8024.5,51
2026-09-30 08:56:00+00:00,8025.0,8025.0,8022.5,8023.5,92
2026-09-30 08:57:00+00:00,8023.5,8024.5,8023.0,8024.0,25
2026-09-30 08:58:00+00:00,8022.5,8023.5,8022.0,8023.5,38
2026-09-30 08:59:00+00:00,8024.0,8024.0,8021.0,8021.0,32
2026-09-30 09:00:00+00:00,8021.0,8024.5,8021.0,8022.0,83
2026-09-30 09:01:00+00:00,8022.0,8024.0,8020.5,8021.0,91
2026-09-30 09:02:00+00:00,8020.5,8021.0,8017.0,8018.0,61
2026-09-30 09:03:00+00:00,8018.5,8019.0,8017.5,8017.5,49
2026-09-30 09:04:00+00:00,8017.5,8018.5,8015.5,8016.0,39
2026-09-30 09:05:00+00:00,8017.0,8017.5,8013.5,8014.0,68
2026-09-30 09:06:00+00:00,8014.5,8015.0,8012.5,8014.0,53
2026-09-30 09:07:00+00:00,8014.0,8015.5,8012.5,8014.0,59
2026-09-30 09:08:00+00:00,8013.0,8020.0,8012.5,8015.5,322
2026-09-30 09:09:00+00:00,8014.5,8014.5,8011.0,8012.5,58
2026-09-30 09:10:00+00:00,8012.5,8012.5,8009.0,8009.5,120
2026-09-30 09:11:00+00:00,8009.5,8012.5,8009.5,8012.0,53
2026-09-30 09:12:00+00:00,8011.5,8015.5,8011.5,8013.5,52
2026-09-30 09:13:00+00:00,8015.0,8016.0,8013.0,8014.5,32
2026-09-30 09:14:00+00:00,8014.5,8018.0,8014.5,8017.5,42
2026-09-30 09:15:00+00:00,8018.5,8020.0,8016.5,8017.0,74
2026-09-30 09:16:00+00:00,8016.0,8016.0,8010.5,8011.0,61
2026-09-30 09:17:00+00:00,8010.5,8012.5,8010.0,8012.5,41
2026-09-30 09:18:00+00:00,8012.0,8012.0,8009.0,8009.5,30
2026-09-30 09:19:00+00:00,8009.0,8011.5,8008.0,8008.0,51
2026-09-30 09:20:00+00:00,8008.0,8009.5,8007.0,8007.0,47
2026-09-30 09:21:00+00:00,8007.0,8009.0,8006.0,8008.5,66
2026-09-30 09:22:00+00:00,8007.0,8010.5,8007.0,8010.5,22
2026-09-30 09:23:00+00:00,8010.5,8012.0,8009.0,8009.5,24
2026-09-30 09:24:00+00:00,8009.0,8009.0,8007.5,8008.0,24
2026-09-30 09:25:00+00:00,8008.0,8009.5,8007.5,8008.5,27
2026-09-30 09:26:00+00:00,8008.0,8009.0,8005.5,8006.0,38
2026-09-30 09:27:00+00:00,8006.5,8007.0,8005.0,8005.5,60
2026-09-30 09:28:00+00:00,8006.0,8008.5,8006.0,8006.5,50
2026-09-30 09:29:00+00:00,8007.0,8008.5,8004.0,8005.0,49
2026-09-30 09:30:00+00:00,8005.0,8008.5,8005.0,8007.5,43
2026-09-30 09:31:00+00:00,8007.5,8013.0,8007.0,8012.5,107
2026-09-30 09:32:00+00:00,8014.0,8015.0,8014.0,8014.0,19
2026-09-30 09:33:00+00:00,8015.0,8018.5,8015.0,8017.0,51
2026-09-30 09:34:00+00:00,8018.5,8018.5,8012.5,8013.5,41
2026-09-30 09:35:00+00:00,8013.0,8014.0,8009.5,8010.5,43
2026-09-30 09:36:00+00:00,8009.5,8011.5,8009.5,8010.0,41
2026-09-30 09:37:00+00:00,8010.0,8011.0,8008.5,8009.0,26
2026-09-30 09:38:00+00:00,8009.0,8009.5,8008.5,8008.5,24
2026-09-30 09:39:00+00:00,8008.0,8008.0,8004.5,8004.5,47
2026-09-30 09:40:00+00:00,8005.0,8005.5,8004.0,8005.0,32
2026-09-30 09:41:00+00:00,8004.5,8005.0,8001.0,8001.5,105
2026-09-30 09:42:00+00:00,8002.0,8002.5,8001.0,8001.0,38
2026-09-30 09:43:00+00:00,8001.0,8002.0,7999.5,8001.0,194
2026-09-30 09:44:00+00:00,8002.5,8002.5,8001.0,8001.0,155
2026-09-30 09:45:00+00:00,8001.5,8006.0,8001.5,8003.0,131
2026-09-30 09:46:00+00:00,8003.5,8004.5,8002.5,8004.5,63
2026-09-30 09:47:00+00:00,8004.5,8005.0,8002.5,8004.5,75
2026-09-30 09:48:00+00:00,8005.0,8005.5,8001.0,8001.0,32
2026-09-30 09:49:00+00:00,8001.5,8004.0,8001.5,8003.5,22
2026-09-30 09:50:00+00:00,8003.0,8004.0,8002.0,8003.5,24
2026-09-30 09:51:00+00:00,8003.5,8004.5,8003.5,8004.0,25
2026-09-30 09:52:00+00:00,8003.0,8004.0,8002.5,8004.0,40
2026-09-30 09:53:00+00:00,8003.5,8004.0,8001.5,8002.0,112
2026-09-30 09:54:00+00:00,8002.5,8005.5,8002.5,8005.5,42
2026-09-30 09:55:00+00:00,8006.0,8007.0,8003.5,8006.0,50
2026-09-30 09:56:00+00:00,8005.0,8007.0,8005.0,8005.5,56
2026-09-30 09:57:00+00:00,8005.5,8006.5,8005.5,8006.5,28
2026-09-30 09:58:00+00:00,8006.5,8008.5,8006.5,8006.5,43
2026-09-30 09:59:00+00:00,8007.0,8007.0,8003.0,8004.0,83
2026-09-30 10:00:00+00:00,8003.0,8003.5,7999.5,8000.0,73
2026-09-30 10:01:00+00:00,8000.5,8004.5,8000.0,8004.0,123
2026-09-30 10:02:00+00:00,8004.0,8004.0,8000.0,8002.0,103
2026-09-30 10:03:00+00:00,8001.0,8002.5,8000.0,8000.0,60
2026-09-30 10:04:00+00:00,8000.0,8000.5,7994.5,7995.0,73
2026-09-30 10:05:00+00:00,7995.0,7996.5,7994.5,7996.5,44
2026-09-30 10:06:00+00:00,7996.5,7996.5,7993.5,7995.5,48
2026-09-30 10:07:00+00:00,7995.0,7996.0,7994.0,7995.0,49
2026-09-30 10:08:00+00:00,7995.5,7996.0,7994.5,7994.5,12
2026-09-30 10:09:00+00:00,7994.5,7996.0,7994.0,7994.0,40
2026-09-30 10:10:00+00:00,7994.5,7996.5,7994.5,7995.5,21
2026-09-30 10:11:00+00:00,7994.5,7995.0,7993.0,7993.5,38
2026-09-30 10:12:00+00:00,7993.0,7996.0,7993.0,7996.0,33
2026-09-30 10:13:00+00:00,7996.5,8001.0,7996.5,8000.0,23
2026-09-30 10:14:00+00:00,8001.5,8001.5,7997.0,7998.0,85
2026-09-30 10:15:00+00:00,7998.5,8001.5,7997.5,7998.0,48
2026-09-30 10:16:00+00:00,7998.0,8000.0,7996.5,8000.0,40
2026-09-30 10:17:00+00:00,8000.0,8003.5,7999.5,8002.0,31
2026-09-30 10:18:00+00:00,8001.5,8002.5,7999.0,7999.5,24
2026-09-30 10:19:00+00:00,8000.0,8003.5,7997.5,8002.5,53
2026-09-30 10:20:00+00:00,8001.0,8003.5,8001.0,8003.0,11
2026-09-30 10:21:00+00:00,8004.0,8004.0,8001.0,8003.0,100
2026-09-30 10:22:00+00:00,8002.5,8002.5,7999.5,7999.5,21
2026-09-30 10:23:00+00:00,8001.0,8003.0,8001.0,8001.5,24
2026-09-30 10:24:00+00:00,8001.0,8001.5,7998.5,8001.0,72
2026-09-30 10:25:00+00:00,8001.0,8003.5,8000.0,8003.5,17
2026-09-30 10:26:00+00:00,8003.5,8005.5,8003.0,8004.5,33
2026-09-30 10:27:00+00:00,8004.0,8006.0,8003.5,8004.5,32
2026-09-30 10:28:00+00:00,8004.0,8004.5,8003.0,8004.5,28
2026-09-30 10:29:00+00:00,8004.5,8004.5,8003.0,8003.0,18
2026-09-30 10:30:00+00:00,8003.5,8003.5,8001.5,8003.0,18
2026-09-30 10:31:00+00:00,8003.5,8004.0,8002.5,8003.0,18
2026-09-30 10:32:00+00:00,8003.0,8007.0,8003.0,8005.5,41
2026-09-30 10:33:00+00:00,8005.5,8005.5,8004.0,8005.0,18
2026-09-30 10:34:00+00:00,8004.5,8005.5,8003.0,8003.0,14
2026-09-30 10:35:00+00:00,8003.0,8004.5,8000.5,8001.5,14
2026-09-30 10:36:00+00:00,8001.5,8002.5,8000.5,8001.0,15
2026-09-30 10:37:00+00:00,8000.0,8000.5,7999.5,8000.5,15
2026-09-30 10:38:00+00:00,8001.0,8006.0,8001.0,8006.0,14
2026-09-30 10:39:00+00:00,8006.0,8006.0,8003.5,8004.5,31
2026-09-30 10:40:00+00:00,8004.5,8005.0,8003.5,8003.5,19
2026-09-30 10:41:00+00:00,8003.0,8003.5,8002.0,8002.0,26
2026-09-30 10:42:00+00:00,8002.5,8008.0,8002.5,8005.5,39
2026-09-30 10:43:00+00:00,8006.0,8006.0,8004.0,8004.5,10
2026-09-30 10:44:00+00:00,8004.0,8004.0,8002.0,8002.0,10
2026-09-30 10:45:00+00:00,8002.5,8002.5,8000.0,8001.0,32
2026-09-30 10:46:00+00:00,8001.0,8001.5,8000.0,8000.0,13
2026-09-30 10:47:00+00:00,7999.5,7999.5,7997.0,7997.0,26
2026-09-30 10:48:00+00:00,7996.5,7999.0,7996.0,7998.0,25
2026-09-30 10:49:00+00:00,7998.0,8000.0,7998.0,7999.0,15
2026-09-30 10:50:00+00:00,7999.5,8002.0,7999.5,8001.0,17
2026-09-30 10:51:00+00:00,8000.5,8000.5,7999.0,7999.5,12
2026-09-30 10:52:00+00:00,8001.5,8002.5,8001.0,8002.0,23
2026-09-30 10:53:00+00:00,8001.5,8003.0,8001.5,8003.0,13
2026-09-30 10:54:00+00:00,8002.0,8004.0,8002.0,8004.0,11
2026-09-30 10:55:00+00:00,8003.5,8007.0,8003.5,8006.5,10
2026-09-30 10:56:00+00:00,8007.0,8009.0,8005.0,8007.0,107
2026-09-30 10:57:00+00:00,8007.0,8007.5,8006.0,8007.0,31
2026-09-30 10:58:00+00:00,8007.0,8007.0,8002.5,8003.0,38
2026-09-30 10:59:00+00:00,8003.5,8004.0,8001.0,8001.0,47
2026-09-30 11:00:00+00:00,8001.0,8001.5,7997.5,7999.0,130
2026-09-30 11:01:00+00:00,7998.5,8000.5,7996.5,8000.5,96
2026-09-30 11:02:00+00:00,8001.0,8001.5,7999.0,7999.0,59
2026-09-30 11:03:00+00:00,7999.0,8000.0,7997.0,7999.0,46
2026-09-30 11:04:00+00:00,7998.0,7998.0,7996.5,7997.0,32
2026-09-30 11:05:00+00:00,7997.5,7999.5,7997.0,7999.5,38
2026-09-30 11:06:00+00:00,7999.0,7999.0,7996.0,7997.5,34
2026-09-30 11:07:00+00:00,7996.5,7996.5,7989.5,7991.5,112
2026-09-30 11:08:00+00:00,7992.0,7992.5,7990.5,7992.0,106
2026-09-30 11:09:00+00:00,7992.0,7994.5,7992.0,7993.5,25
2026-09-30 11:10:00+00:00,7993.0,7993.0,7989.5,7989.5,59
2026-09-30 11:11:00+00:00,7989.5,7994.5,7989.0,7994.5,43
2026-09-30 11:12:00+00:00,7995.0,7997.0,7995.0,7995.0,37
2026-09-30 11:13:00+00:00,7995.0,7996.0,7993.5,7993.5,34
2026-09-30 11:14:00+00:00,7993.5,7995.5,7993.5,7995.5,40
2026-09-30 11:15:00+00:00,7996.0,7997.0,7993.5,7993.5,28
2026-09-30 11:16:00+00:00,7992.5,7993.0,7991.5,7992.5,28
2026-09-30 11:17:00+00:00,7992.0,7992.0,7991.0,7991.0,49
2026-09-30 11:18:00+00:00,7991.0,7993.5,7991.0,7993.5,36
2026-09-30 11:19:00+00:00,7993.5,7993.5,7990.0,7990.0,40
2026-09-30 11:20:00+00:00,7990.5,7991.0,7988.5,7989.5,27
2026-09-30 11:21:00+00:00,7988.5,7989.0,7987.0,7987.0,22
2026-09-30 11:22:00+00:00,7987.0,7994.0,7987.0,7994.0,28
2026-09-30 11:23:00+00:00,7994.0,7996.0,7993.0,7995.0,19
2026-09-30 11:24:00+00:00,7994.0,7995.5,7994.0,7995.5,16
2026-09-30 11:25:00+00:00,7996.0,7998.0,7996.0,7998.0,16
2026-09-30 11:26:00+00:00,7999.0,7999.0,7995.5,7996.0,50
2026-09-30 11:27:00+00:00,7994.5,7995.0,7992.5,7993.5,25
2026-09-30 11:28:00+00:00,7994.0,7997.5,7994.0,7996.5,45
2026-09-30 11:29:00+00:00,7996.5,7999.0,7996.0,7996.0,49
2026-09-30 11:30:00+00:00,7997.5,7997.5,7994.0,7997.0,76
2026-09-30 11:31:00+00:00,7997.5,8001.5,7997.5,8000.5,24
2026-09-30 11:32:00+00:00,7999.5,8003.0,7999.5,8002.5,20
2026-09-30 11:33:00+00:00,8001.5,8002.5,8000.0,8001.0,44
2026-09-30 11:34:00+00:00,8002.0,8005.0,8002.0,8003.5,48
2026-09-30 11:35:00+00:00,8004.0,8004.0,8003.0,8003.5,32
2026-09-30 11:36:00+00:00,8002.5,8004.0,8000.0,8001.5,22
2026-09-30 11:37:00+00:00,8002.5,8006.5,8002.5,8006.5,16
2026-09-30 11:38:00+00:00,8005.5,8005.5,8003.5,8003.5,37
2026-09-30 11:39:00+00:00,8002.0,8004.5,8002.0,8003.0,32
2026-09-30 11:40:00+00:00,8003.5,8004.0,8002.5,8002.5,21
2026-09-30 11:41:00+00:00,8002.0,8002.0,7999.5,7999.5,25
2026-09-30 11:42:00+00:00,7998.5,7999.0,7997.0,7998.5,18
2026-09-30 11:43:00+00:00,7997.0,7997.0,7995.0,7995.5,18
2026-09-30 11:44:00+00:00,7997.0,7998.5,7996.0,7998.5,18
2026-09-30 11:45:00+00:00,7998.5,7999.5,7997.5,7998.0,12
2026-09-30 11:46:00+00:00,7998.5,8002.0,7996.5,7996.5,192
2026-09-30 11:47:00+00:00,7996.5,7996.5,7994.0,7994.0,19
2026-09-30 11:48:00+00:00,7994.0,7997.0,7994.0,7996.0,7
2026-09-30 11:49:00+00:00,7996.0,7996.0,7993.0,7995.5,28
2026-09-30 11:50:00+00:00,7994.5,7995.0,7993.0,7993.5,27
2026-09-30 11:51:00+00:00,7993.0,7995.0,7991.5,7992.5,83
2026-09-30 11:52:00+00:00,7993.0,7993.5,7992.0,7992.5,30
2026-09-30 11:53:00+00:00,7992.5,7995.0,7992.5,7994.0,17
2026-09-30 11:54:00+00:00,7995.5,7996.0,7994.5,7994.5,11
2026-09-30 11:55:00+00:00,7995.0,7996.5,7993.0,7994.5,26
2026-09-30 11:56:00+00:00,7994.0,7996.0,7994.0,7996.0,20
2026-09-30 11:57:00+00:00,7996.0,7996.0,7994.5,7994.5,15
2026-09-30 11:58:00+00:00,7995.5,7996.5,7995.0,7995.5,25
2026-09-30 11:59:00+00:00,7997.0,7999.5,7997.0,7998.5,19
2026-09-30 12:00:00+00:00,7998.0,8001.5,7994.5,7995.0,48
2026-09-30 12:01:00+00:00,7995.5,7995.5,7991.5,7991.5,25
2026-09-30 12:02:00+00:00,7991.5,7993.5,7991.5,7992.5,29
2026-09-30 12:03:00+00:00,7994.5,7996.5,7993.0,7993.0,26
2026-09-30 12:04:00+00:00,7994.0,7994.5,7992.5,7994.5,37
2026-09-30 12:05:00+00:00,7995.5,7995.5,7993.5,7993.5,18
2026-09-30 12:06:00+00:00,7993.0,7994.0,7992.0,7994.0,14
2026-09-30 12:07:00+00:00,7994.5,7996.5,7994.0,7996.5,21
2026-09-30 12:08:00+00:00,7996.5,7997.0,7994.5,7994.5,13
2026-09-30 12:09:00+00:00,7993.0,7995.5,7993.0,7994.5,27
2026-09-30 12:10:00+00:00,7994.0,7995.5,7993.0,7993.0,22
2026-09-30 12:11:00+00:00,7993.0,7993.0,7990.5,7990.5,41
2026-09-30 12:12:00+00:00,7991.0,7994.5,7990.5,7994.0,46
2026-09-30 12:13:00+00:00,7994.5,7995.5,7993.5,7995.5,67
2026-09-30 12:14:00+00:00,7996.0,7997.5,7995.0,7997.0,44
2026-09-30 12:15:00+00:00,7996.0,7996.0,7989.5,7993.5,160
2026-09-30 12:16:00+00:00,7992.5,7993.5,7990.5,7990.5,57
2026-09-30 12:17:00+00:00,7991.0,7991.0,7987.5,7988.5,85
2026-09-30 12:18:00+00:00,7988.0,7993.0,7988.0,7992.0,79
2026-09-30 12:19:00+00:00,7992.0,7994.5,7991.5,7992.5,64
2026-09-30 12:20:00+00:00,7992.5,7992.5,7990.5,7992.0,45
2026-09-30 12:21:00+00:00,7992.5,7994.5,7992.0,7992.0,40
2026-09-30 12:22:00+00:00,7992.5,7997.0,7992.0,7996.5,62
2026-09-30 12:23:00+00:00,7996.0,7996.5,7994.5,7996.0,45
2026-09-30 12:24:00+00:00,7995.5,7997.0,7994.5,7996.5,46
2026-09-30 12:25:00+00:00,7995.5,7997.5,7994.0,7994.5,62
2026-09-30 12:26:00+00:00,7995.0,7995.5,7992.5,7993.5,47
2026-09-30 12:27:00+00:00,7993.0,7995.5,7993.0,7994.0,47
2026-09-30 12:28:00+00:00,7993.0,7995.0,7993.0,7995.0,68
2026-09-30 12:29:00+00:00,7994.5,7998.0,7994.5,7996.5,98
2026-09-30 12:30:00+00:00,7997.0,8008.5,7996.0,8006.0,329
2026-09-30 12:31:00+00:00,8005.5,8018.0,8005.5,8017.5,123
2026-09-30 12:32:00+00:00,8017.0,8017.0,8010.0,8010.0,64
2026-09-30 12:33:00+00:00,8009.0,8009.5,8007.0,8009.0,54
2026-09-30 12:34:00+00:00,8008.5,8011.0,8008.0,8011.0,25
2026-09-30 12:35:00+00:00,8012.0,8014.5,8012.0,8013.0,144
2026-09-30 12:36:00+00:00,8013.0,8014.0,8008.5,8011.0,131
2026-09-30 12:37:00+00:00,8011.5,8012.0,8007.5,8008.5,45
2026-09-30 12:38:00+00:00,8007.5,8007.5,8003.5,8004.5,48
2026-09-30 12:39:00+00:00,8004.5,8004.5,8000.0,8000.5,100
2026-09-30 12:40:00+00:00,8001.0,8006.5,8001.0,8006.0,98
2026-09-30 12:41:00+00:00,8006.0,8009.0,8005.0,8009.0,39
2026-09-30 12:42:00+00:00,8010.0,8011.5,8005.5,8005.5,29
2026-09-30 12:43:00+00:00,8006.5,8009.0,8006.0,8007.0,20
2026-09-30 12:44:00+00:00,8008.0,8008.0,8005.5,8006.0,28
2026-09-30 12:45:00+00:00,8006.5,8008.0,8005.5,8008.0,33
2026-09-30 12:46:00+00:00,8007.5,8009.5,8002.5,8004.0,113
2026-09-30 12:47:00+00:00,8003.0,8003.5,7998.5,8000.5,61
2026-09-30 12:48:00+00:00,8001.5,8006.0,8001.5,8003.5,24
2026-09-30 12:49:00+00:00,8004.0,8007.0,8003.5,8005.0,42
2026-09-30 12:50:00+00:00,8005.5,8008.0,8004.5,8006.5,54
2026-09-30 12:51:00+00:00,8006.0,8008.5,8002.0,8006.5,45
2026-09-30 12:52:00+00:00,8006.0,8006.0,8004.5,8004.5,42
2026-09-30 12:53:00+00:00,8005.0,8007.5,8004.5,8006.5,27
2026-09-30 12:54:00+00:00,8007.0,8012.0,8006.5,8012.0,42
2026-09-30 12:55:00+00:00,8011.0,8011.5,8009.5,8011.0,22
2026-09-30 12:56:00+00:00,8012.0,8012.5,8010.0,8010.0,31
2026-09-30 12:57:00+00:00,8010.5,8014.0,8010.5,8011.0,67
2026-09-30 12:58:00+00:00,8010.0,8010.0,8004.0,8004.0,80
2026-09-30 12:59:00+00:00,8004.0,8005.5,8002.5,8003.5,173
2026-09-30 13:00:00+00:00,8003.5,8007.0,8001.5,8005.5,216
2026-09-30 13:01:00+00:00,8005.5,8008.5,8004.5,8008.0,204
2026-09-30 13:02:00+00:00,8007.5,8008.0,8005.0,8007.5,215
2026-09-30 13:03:00+00:00,8007.0,8007.5,8005.0,8006.5,139
2026-09-30 13:04:00+00:00,8006.5,8007.0,8005.0,8005.5,23
2026-09-30 13:05:00+00:00,8006.0,8006.0,8004.5,8005.5,34
2026-09-30 13:06:00+00:00,8006.0,8009.0,8006.0,8007.0,69
2026-09-30 13:07:00+00:00,8006.5,8007.0,8005.5,8007.0,28
2026-09-30 13:08:00+00:00,8007.5,8007.5,8003.0,8003.0,34
2026-09-30 13:09:00+00:00,8002.5,8006.5,8001.0,8004.0,268
2026-09-30 13:10:00+00:00,8003.5,8003.5,8001.0,8002.0,31
2026-09-30 13:11:00+00:00,8001.5,8002.0,7999.5,8001.0,45
2026-09-30 13:12:00+00:00,8000.5,8000.5,7996.0,7996.0,35
2026-09-30 13:13:00+00:00,7996.0,7996.0,7990.0,7992.5,102
2026-09-30 13:14:00+00:00,7992.5,7995.0,7990.5,7991.5,130
2026-09-30 13:15:00+00:00,7991.5,7996.0,7991.5,7992.0,37
2026-09-30 13:16:00+00:00,7993.5,7996.5,7993.5,7995.5,42
2026-09-30 13:17:00+00:00,7996.0,7997.0,7991.5,7993.0,33
2026-09-30 13:18:00+00:00,7993.0,7996.5,7993.0,7996.5,20
2026-09-30 13:19:00+00:00,7996.0,7996.0,7989.0,7989.0,26
2026-09-30 13:20:00+00:00,7989.5,7991.5,7988.0,7989.0,62
2026-09-30 13:21:00+00:00,7989.0,7989.5,7985.5,7986.0,88
2026-09-30 13:22:00+00:00,7986.0,7991.0,7985.5,7986.0,103
2026-09-30 13:23:00+00:00,7986.5,7987.0,7983.0,7985.0,148
2026-09-30 13:24:00+00:00,7985.0,7990.0,7984.5,7990.0,30
2026-09-30 13:25:00+00:00,7989.5,7992.0,7989.0,7991.5,28
2026-09-30 13:26:00+00:00,7991.5,7996.5,7991.5,7996.0,19
2026-09-30 13:27:00+00:00,7996.0,7997.5,7996.0,7997.0,27
2026-09-30 13:28:00+00:00,7996.5,7997.0,7993.0,7994.5,74
2026-09-30 13:29:00+00:00,7994.5,7996.5,7994.5,7995.0,33
2026-09-30 13:30:00+00:00,7995.0,7998.5,7993.0,7994.0,116
2026-09-30 13:31:00+00:00,7994.5,7994.5,7989.0,7990.5,101
2026-09-30 13:32:00+00:00,7991.0,7992.5,7984.0,7984.0,62
2026-09-30 13:33:00+00:00,7984.0,7985.5,7981.5,7981.5,54
2026-09-30 13:34:00+00:00,7982.0,7982.5,7978.0,7980.5,126
2026-09-30 13:35:00+00:00,7980.0,7981.5,7978.0,7981.0,76
2026-09-30 13:36:00+00:00,7981.0,7982.0,7979.5,7980.5,38
2026-09-30 13:37:00+00:00,7980.0,7982.0,7978.5,7980.0,37
2026-09-30 13:38:00+00:00,7979.5,7979.5,7974.5,7976.0,106
2026-09-30 13:39:00+00:00,7976.5,7978.5,7975.5,7978.0,92
2026-09-30 13:40:00+00:00,7977.5,7977.5,7974.5,7975.0,110
2026-09-30 13:41:00+00:00,7975.5,7976.0,7973.0,7975.5,116
2026-09-30 13:42:00+00:00,7976.0,7976.5,7973.0,7973.0,37
2026-09-30 13:43:00+00:00,7973.5,7975.0,7972.5,7973.0,37
2026-09-30 13:44:00+00:00,7974.0,7974.5,7967.0,7968.0,121
2026-09-30 13:45:00+00:00,7968.5,7968.5,7964.0,7964.0,181
2026-09-30 13:46:00+00:00,7964.0,7964.5,7962.0,7964.5,83
2026-09-30 13:47:00+00:00,7965.0,7966.0,7961.5,7962.5,70
2026-09-30 13:48:00+00:00,7962.0,7967.5,7960.5,7965.5,119
2026-09-30 13:49:00+00:00,7967.0,7973.5,7967.0,7972.5,46
2026-09-30 13:50:00+00:00,7971.5,7977.5,7971.5,7977.0,52
2026-09-30 13:51:00+00:00,7976.5,7977.0,7970.0,7971.0,96
2026-09-30 13:52:00+00:00,7970.5,7973.0,7968.5,7969.5,212
2026-09-30 13:53:00+00:00,7969.0,7974.5,7967.5,7974.5,83
2026-09-30 13:54:00+00:00,7974.5,7977.0,7972.5,7977.0,71
2026-09-30 13:55:00+00:00,7977.0,7983.0,7975.5,7980.5,75
2026-09-30 13:56:00+00:00,7982.0,7982.0,7979.0,7980.5,35
2026-09-30 13:57:00+00:00,7979.5,7984.0,7979.5,7981.5,45
2026-09-30 13:58:00+00:00,7981.5,7983.5,7980.0,7983.5,41
2026-09-30 13:59:00+00:00,7983.5,7986.0,7982.5,7986.0,80
2026-09-30 14:00:00+00:00,7986.5,7987.0,7978.5,7980.5,126
2026-09-30 14:01:00+00:00,7980.5,7984.0,7978.0,7978.0,79
2026-09-30 14:02:00+00:00,7979.0,7981.0,7976.0,7976.5,43
2026-09-30 14:03:00+00:00,7980.0,7981.0,7977.0,7979.5,57
2026-09-30 14:04:00+00:00,7979.0,7980.0,7976.5,7980.0,229
2026-09-30 14:05:00+00:00,7979.5,7983.0,7979.5,7981.0,60
2026-09-30 14:06:00+00:00,7981.0,7986.5,7981.0,7985.5,121
2026-09-30 14:07:00+00:00,7986.0,7988.0,7984.0,7984.5,53
2026-09-30 14:08:00+00:00,7985.0,7989.5,7984.5,7989.5,59
2026-09-30 14:09:00+00:00,7990.0,7991.0,7987.5,7988.5,38
2026-09-30 14:10:00+00:00,7988.0,7988.5,7985.0,7987.5,79
2026-09-30 14:11:00+00:00,7987.0,7990.0,7985.5,7990.0,25
2026-09-30 14:12:00+00:00,7990.0,7993.0,7989.0,7992.0,41
2026-09-30 14:13:00+00:00,7992.5,7992.5,7989.5,7990.5,51
2026-09-30 14:14:00+00:00,7990.0,7991.5,7987.5,7988.5,59
2026-09-30 14:15:00+00:00,7988.5,7992.5,7987.0,7991.0,87
2026-09-30 14:16:00+00:00,7991.0,7991.0,7987.0,7987.5,103
2026-09-30 14:17:00+00:00,7987.5,7988.0,7985.0,7986.0,90
2026-09-30 14:18:00+00:00,7985.5,7988.5,7985.0,7987.0,65
2026-09-30 14:19:00+00:00,7987.0,7989.5,7984.0,7989.5,88
2026-09-30 14:20:00+00:00,7989.5,7991.5,7987.0,7989.5,40
2026-09-30 14:21:00+00:00,7990.0,7991.5,7989.0,7990.5,31
2026-09-30 14:22:00+00:00,7990.5,7991.0,7986.5,7986.5,53
2026-09-30 14:23:00+00:00,7987.0,7988.0,7985.0,7987.5,84
2026-09-30 14:24:00+00:00,7988.0,7990.5,7988.0,7988.5,115
2026-09-30 14:25:00+00:00,7988.0,7988.0,7984.0,7986.5,147
2026-09-30 14:26:00+00:00,7986.0,7987.0,7983.0,7983.5,85
2026-09-30 14:27:00+00:00,7983.0,7983.0,7981.0,7983.0,32
2026-09-30 14:28:00+00:00,7982.5,7982.5,7979.0,7979.5,25
2026-09-30 14:29:00+00:00,7980.0,7981.0,7979.0,7979.5,63
2026-09-30 14:30:00+00:00,7979.0,7983.5,7977.0,7983.0,91
2026-09-30 14:31:00+00:00,7983.0,7983.5,7978.0,7980.5,79
2026-09-30 14:32:00+00:00,7980.5,7981.0,7976.0,7976.0,56
2026-09-30 14:33:00+00:00,7975.5,7980.0,7975.0,7980.0,45
2026-09-30 14:34:00+00:00,7980.0,7980.0,7976.5,7977.0,39
2026-09-30 14:35:00+00:00,7977.5,7978.0,7976.5,7977.0,57
2026-09-30 14:36:00+00:00,7976.5,7979.5,7976.5,7977.0,62
2026-09-30 14:37:00+00:00,7977.0,7977.5,7975.5,7977.5,45
2026-09-30 14:38:00+00:00,7977.5,7977.5,7971.5,7975.0,204
2026-09-30 14:39:00+00:00,7975.5,7976.0,7972.0,7973.0,77
2026-09-30 14:40:00+00:00,7974.0,7974.0,7970.5,7973.0,37
2026-09-30 14:41:00+00:00,7974.0,7974.0,7971.0,7973.5,39
2026-09-30 14:42:00+00:00,7973.0,7980.0,7973.0,7980.0,33
2026-09-30 14:43:00+00:00,7979.5,7981.0,7974.0,7975.5,99
2026-09-30 14:44:00+00:00,7975.0,7977.0,7972.0,7972.5,31
2026-09-30 14:45:00+00:00,7972.5,7974.5,7971.5,7974.5,61
2026-09-30 14:46:00+00:00,7975.0,7976.0,7972.5,7972.5,49
2026-09-30 14:47:00+00:00,7973.0,7976.0,7972.5,7973.5,33
2026-09-30 14:48:00+00:00,7974.5,7975.5,7971.5,7972.0,66
2026-09-30 14:49:00+00:00,7972.5,7974.5,7970.5,7973.5,261
2026-09-30 14:50:00+00:00,7973.0,7973.0,7967.0,7968.5,277
2026-09-30 14:51:00+00:00,7968.5,7973.5,7968.0,7972.5,101
2026-09-30 14:52:00+00:00,7973.0,7973.0,7969.5,7973.0,65
2026-09-30 14:53:00+00:00,7973.0,7973.5,7968.0,7968.5,45
2026-09-30 14:54:00+00:00,7968.5,7973.5,7966.5,7968.0,217
2026-09-30 14:55:00+00:00,7968.0,7970.0,7967.0,7967.5,56
2026-09-30 14:56:00+00:00,7967.5,7967.5,7964.0,7964.0,104
2026-09-30 14:57:00+00:00,7964.0,7964.0,7961.5,7962.5,123
2026-09-30 14:58:00+00:00,7963.0,7963.5,7959.0,7959.5,76
2026-09-30 14:59:00+00:00,7960.5,7962.0,7959.0,7959.5,59
2026-09-30 15:00:00+00:00,7960.0,7960.0,7955.5,7956.5,216
2026-09-30 15:01:00+00:00,7956.5,7958.5,7954.0,7955.0,246
2026-09-30 15:02:00+00:00,7954.5,7958.0,7954.5,7957.5,166
2026-09-30 15:03:00+00:00,7958.0,7961.5,7957.5,7961.5,76
2026-09-30 15:04:00+00:00,7961.5,7965.5,7961.0,7965.0,94
2026-09-30 15:05:00+00:00,7965.0,7966.0,7963.0,7963.0,75
2026-09-30 15:06:00+00:00,7963.5,7964.5,7961.5,7964.0,55
2026-09-30 15:07:00+00:00,7964.5,7964.5,7959.5,7963.0,68
2026-09-30 15:08:00+00:00,7963.0,7967.5,7962.5,7967.5,72
2026-09-30 15:09:00+00:00,7967.0,7970.5,7967.0,7970.0,106
2026-09-30 15:10:00+00:00,7970.0,7970.0,7964.0,7966.5,123
2026-09-30 15:11:00+00:00,7965.5,7969.0,7963.5,7964.0,120
2026-09-30 15:12:00+00:00,7963.5,7964.5,7958.0,7961.5,186
2026-09-30 15:13:00+00:00,7962.0,7965.0,7961.5,7964.5,37
2026-09-30 15:14:00+00:00,7964.0,7965.0,7961.5,7965.0,85
2026-09-30 15:15:00+00:00,7964.5,7968.0,7964.0,7968.0,86
2026-09-30 15:16:00+00:00,7967.5,7969.0,7966.0,7967.5,85
2026-09-30 15:17:00+00:00,7967.5,7968.5,7966.0,7968.0,119
2026-09-30 15:18:00+00:00,7968.5,7968.5,7963.5,7964.5,103
2026-09-30 15:19:00+00:00,7964.5,7966.0,7962.0,7963.5,68
2026-09-30 15:20:00+00:00,7964.0,7965.5,7962.0,7964.0,92
2026-09-30 15:21:00+00:00,7964.0,7964.0,7961.5,7962.5,93
2026-09-30 15:22:00+00:00,7963.0,7964.0,7962.5,7963.5,77
2026-09-30 15:23:00+00:00,7963.5,7966.0,7963.5,7964.5,91
2026-09-30 15:24:00+00:00,7964.0,7964.0,7961.5,7962.0,87
2026-09-30 15:25:00+00:00,7962.0,7965.5,7962.0,7962.0,241
2026-09-30 15:26:00+00:00,7962.5,7965.0,7960.0,7962.0,251
2026-09-30 15:27:00+00:00,7962.0,7966.0,7962.0,7966.0,208
2026-09-30 15:28:00+00:00,7966.0,7966.0,7963.0,7964.5,303
2026-09-30 15:29:00+00:00,7964.0,7966.5,7962.5,7966.0,579
2026-09-30 15:30:00+00:00,7966.0,7967.5,7962.5,7962.5,270
2026-09-30 15:31:00+00:00,7962.5,7963.5,7961.0,7963.0,211
2026-09-30 15:32:00+00:00,7962.5,7967.5,7962.5,7967.5,274
2026-09-30 15:33:00+00:00,7967.0,7968.0,7963.0,7966.5,391
2026-09-30 15:34:00+00:00,7967.0,7969.0,7955.5,7961.0,2935
2026-09-30 15:35:00+00:00,7960.5,7964.5,7960.0,7963.5,1009
2026-09-30 15:36:00+00:00,7963.5,7963.5,7957.5,7957.5,187
2026-09-30 15:37:00+00:00,7958.0,7959.0,7956.0,7957.5,139
2026-09-30 15:38:00+00:00,7958.0,7960.5,7958.0,7959.5,75
2026-09-30 15:39:00+00:00,7959.0,7960.0,7956.0,7956.0,121
2026-09-30 15:40:00+00:00,7956.5,7958.5,7955.0,7958.5,143
2026-09-30 15:41:00+00:00,7959.0,7961.0,7958.0,7959.0,93
2026-09-30 15:42:00+00:00,7959.0,7959.5,7956.0,7957.0,51
2026-09-30 15:43:00+00:00,7955.5,7955.5,7953.5,7953.5,56
2026-09-30 15:44:00+00:00,7953.5,7953.5,7951.0,7952.0,56
2026-09-30 15:45:00+00:00,7952.5,7954.0,7951.5,7953.5,64
2026-09-30 15:46:00+00:00,7954.0,7954.5,7951.0,7952.5,91
2026-09-30 15:47:00+00:00,7953.0,7954.5,7952.5,7954.0,73
2026-09-30 15:48:00+00:00,7954.0,7959.0,7954.0,7958.5,63
2026-09-30 15:49:00+00:00,7959.0,7964.0,7958.5,7963.0,63
2026-09-30 15:50:00+00:00,7962.5,7962.5,7959.5,7960.5,26
2026-09-30 15:51:00+00:00,7959.5,7960.0,7956.0,7956.0,27
2026-09-30 15:52:00+00:00,7956.0,7956.0,7953.0,7953.5,23
2026-09-30 15:53:00+00:00,7954.0,7956.5,7954.0,7956.5,11
2026-09-30 15:54:00+00:00,7956.0,7958.0,7955.5,7955.5,19
2026-09-30 15:55:00+00:00,7956.5,7957.5,7956.0,7956.0,34
2026-09-30 15:56:00+00:00,7955.5,7957.5,7955.5,7956.0,53
2026-09-30 15:57:00+00:00,7955.5,7957.0,7955.0,7957.0,32
2026-09-30 15:58:00+00:00,7957.5,7959.5,7957.0,7958.5,50
2026-09-30 15:59:00+00:00,7957.5,7961.5,7957.0,7961.5,25
2026-09-30 16:00:00+00:00,7961.5,7963.5,7958.0,7963.5,47
2026-09-30 16:01:00+00:00,7963.0,7963.0,7960.0,7960.5,23
2026-09-30 16:02:00+00:00,7961.0,7963.0,7961.0,7962.0,16
2026-09-30 16:03:00+00:00,7961.0,7961.5,7959.5,7960.5,46
2026-09-30 16:04:00+00:00,7960.0,7962.0,7958.0,7961.0,35
2026-09-30 16:05:00+00:00,7961.0,7965.0,7961.0,7965.0,20
2026-09-30 16:06:00+00:00,7965.5,7966.5,7965.0,7965.5,14
2026-09-30 16:07:00+00:00,7966.0,7966.5,7965.0,7965.0,16
2026-09-30 16:08:00+00:00,7964.5,7964.5,7964.5,7964.5,8
2026-09-30 16:09:00+00:00,7964.5,7965.5,7964.5,7965.0,8
2026-09-30 16:10:00+00:00,7965.5,7967.0,7965.5,7966.5,20
2026-09-30 16:11:00+00:00,7966.5,7967.5,7963.5,7965.5,46
2026-09-30 16:12:00+00:00,7965.0,7965.0,7963.0,7963.0,25
2026-09-30 16:13:00+00:00,7963.0,7968.5,7963.0,7967.5,16
2026-09-30 16:14:00+00:00,7967.5,7968.0,7967.5,7968.0,5
2026-09-30 16:15:00+00:00,7969.0,7969.0,7966.0,7966.5,13
2026-09-30 16:16:00+00:00,7967.0,7967.0,7965.0,7965.0,9
2026-09-30 16:17:00+00:00,7965.0,7965.0,7962.0,7963.0,20
2026-09-30 16:18:00+00:00,7962.5,7964.5,7961.5,7964.5,17
2026-09-30 16:19:00+00:00,7964.5,7967.0,7964.5,7967.0,24
2026-09-30 16:20:00+00:00,7967.0,7967.5,7964.5,7965.0,44
2026-09-30 16:21:00+00:00,7965.5,7966.5,7965.5,7965.5,11
2026-09-30 16:22:00+00:00,7966.0,7967.5,7966.0,7966.5,14
2026-09-30 16:23:00+00:00,7965.5,7965.5,7964.5,7964.5,11
2026-09-30 16:24:00+00:00,7965.0,7965.0,7962.0,7962.5,21
2026-09-30 16:25:00+00:00,7963.0,7963.5,7962.0,7963.5,6
2026-09-30 16:26:00+00:00,7963.0,7963.5,7961.5,7962.0,24
2026-09-30 16:27:00+00:00,7961.5,7962.5,7960.5,7962.0,19
2026-09-30 16:28:00+00:00,7962.0,7963.0,7961.5,7962.5,9
2026-09-30 16:29:00+00:00,7962.5,7964.0,7962.5,7963.0,16
2026-09-30 16:30:00+00:00,7962.0,7964.0,7961.5,7963.0,24
2026-09-30 16:31:00+00:00,7963.0,7964.5,7963.0,7964.0,15
2026-09-30 16:32:00+00:00,7964.0,7965.0,7963.5,7963.5,27
2026-09-30 16:33:00+00:00,7964.0,7964.0,7961.5,7961.5,16
2026-09-30 16:34:00+00:00,7962.5,7965.0,7962.5,7965.0,24
2026-09-30 16:35:00+00:00,7965.0,7966.0,7964.0,7964.0,14
2026-09-30 16:36:00+00:00,7964.0,7964.5,7962.5,7962.5,24
2026-09-30 16:37:00+00:00,7962.5,7966.0,7962.5,7965.0,26
2026-09-30 16:38:00+00:00,7965.0,7965.5,7964.5,7965.0,8
2026-09-30 16:39:00+00:00,7965.0,7966.0,7964.5,7966.0,11
2026-09-30 16:40:00+00:00,7965.5,7965.5,7962.0,7964.0,67
2026-09-30 16:41:00+00:00,7964.0,7966.0,7964.0,7965.0,21
2026-09-30 16:42:00+00:00,7964.5,7964.5,7963.0,7963.0,17
2026-09-30 16:43:00+00:00,7963.5,7965.0,7963.5,7965.0,8
2026-09-30 16:44:00+00:00,7966.5,7966.5,7966.5,7966.5,6
2026-09-30 16:45:00+00:00,7966.5,7966.5,7964.5,7964.5,9
2026-09-30 16:46:00+00:00,7965.0,7966.0,7965.0,7965.0,7
2026-09-30 16:47:00+00:00,7966.0,7966.5,7965.0,7965.0,15
2026-09-30 16:48:00+00:00,7964.0,7964.0,7961.5,7962.5,10
2026-09-30 16:49:00+00:00,7962.0,7962.0,7962.0,7962.0,5
2026-09-30 16:50:00+00:00,7962.0,7962.0,7961.0,7962.0,8
2026-09-30 16:51:00+00:00,7964.0,7964.0,7962.0,7962.0,8
2026-09-30 16:52:00+00:00,7961.5,7962.0,7960.0,7960.0,11
2026-09-30 16:53:00+00:00,7961.0,7961.0,7960.0,7960.5,15
2026-09-30 16:54:00+00:00,7960.0,7960.5,7959.0,7960.5,8
2026-09-30 16:55:00+00:00,7961.5,7961.5,7960.0,7960.0,7
2026-09-30 16:56:00+00:00,7960.0,7960.0,7959.5,7960.0,5
2026-09-30 16:57:00+00:00,7962.5,7964.0,7962.5,7963.0,14
2026-09-30 16:58:00+00:00,7962.5,7964.5,7962.5,7962.5,11
2026-09-30 16:59:00+00:00,7962.5,7962.5,7961.5,7961.5,14
2026-09-30 17:00:00+00:00,7960.5,7960.5,7960.0,7960.5,13
2026-09-30 17:01:00+00:00,7960.5,7960.5,7960.0,7960.0,5
2026-09-30 17:02:00+00:00,7960.5,7960.5,7959.5,7960.0,9
2026-09-30 17:03:00+00:00,7959.5,7959.5,7958.0,7959.5,6
2026-09-30 17:04:00+00:00,7959.5,7960.0,7959.0,7959.0,6
2026-09-30 17:05:00+00:00,7959.5,7961.0,7959.5,7961.0,9
2026-09-30 17:06:00+00:00,7960.5,7961.5,7960.5,7961.5,4
2026-09-30 17:07:00+00:00,7961.0,7962.0,7961.0,7962.0,8
2026-09-30 17:08:00+00:00,7962.5,7962.5,7962.5,7962.5,2
2026-09-30 17:09:00+00:00,7962.0,7962.0,7961.0,7961.0,6
2026-09-30 17:10:00+00:00,7961.0,7961.5,7959.0,7959.0,21
2026-09-30 17:11:00+00:00,7958.5,7960.0,7958.5,7960.0,15
2026-09-30 17:12:00+00:00,7959.0,7960.0,7958.5,7958.5,17
2026-09-30 17:13:00+00:00,7958.0,7958.5,7956.5,7956.5,19
2026-09-30 17:14:00+00:00,7956.0,7957.0,7955.5,7956.0,19
2026-09-30 17:15:00+00:00,7956.0,7956.0,7953.0,7953.0,26
2026-09-30 17:16:00+00:00,7952.0,7953.0,7951.0,7953.0,31
2026-09-30 17:17:00+00:00,7953.5,7954.0,7953.0,7954.0,7
2026-09-30 17:18:00+00:00,7954.0,7954.0,7953.0,7953.5,8
2026-09-30 17:19:00+00:00,7954.0,7954.5,7953.0,7953.0,6
2026-09-30 17:20:00+00:00,7951.5,7951.5,7951.0,7951.5,6
2026-09-30 17:21:00+00:00,7951.5,7955.0,7951.5,7955.0,4
2026-09-30 17:22:00+00:00,7954.5,7955.0,7952.5,7952.5,14
2026-09-30 17:23:00+00:00,7952.5,7952.5,7951.0,7951.0,5
2026-09-30 17:24:00+00:00,7952.0,7953.0,7952.0,7952.0,6
2026-09-30 17:25:00+00:00,7953.0,7953.0,7951.5,7952.0,25
2026-09-30 17:26:00+00:00,7952.0,7952.0,7949.0,7949.0,32
2026-09-30 17:27:00+00:00,7949.5,7952.5,7949.5,7952.0,12
2026-09-30 17:28:00+00:00,7951.5,7953.0,7951.5,7952.5,12
2026-09-30 17:29:00+00:00,7953.0,7954.0,7953.0,7954.0,5
2026-09-30 17:30:00+00:00,7954.5,7954.5,7953.5,7953.5,7
2026-09-30 17:32:00+00:00,7953.5,7955.0,7953.0,7955.0,22
2026-09-30 17:33:00+00:00,7954.5,7954.5,7954.0,7954.0,3
2026-09-30 17:34:00+00:00,7954.0,7954.0,7953.0,7953.0,3
2026-09-30 17:35:00+00:00,7954.5,7955.0,7954.0,7955.0,12
2026-09-30 17:36:00+00:00,7954.5,7954.5,7953.0,7953.0,6
2026-09-30 17:37:00+00:00,7953.0,7953.0,7952.0,7952.0,6
2026-09-30 17:38:00+00:00,7952.5,7953.5,7952.5,7953.0,10
2026-09-30 17:39:00+00:00,7954.5,7955.5,7954.0,7954.0,14
2026-09-30 17:40:00+00:00,7954.0,7954.5,7953.5,7954.5,11
2026-09-30 17:41:00+00:00,7954.5,7956.0,7954.5,7955.5,5
2026-09-30 17:42:00+00:00,7955.0,7956.0,7954.5,7956.0,14
2026-09-30 17:43:00+00:00,7956.0,7956.0,7955.0,7955.0,12
2026-09-30 17:44:00+00:00,7955.0,7955.0,7954.0,7955.0,14
2026-09-30 17:45:00+00:00,7954.5,7954.5,7952.5,7953.0,18
2026-09-30 17:46:00+00:00,7953.0,7953.5,7952.5,7952.5,16
2026-09-30 17:47:00+00:00,7953.0,7959.0,7953.0,7954.5,50
2026-09-30 17:48:00+00:00,7953.5,7955.0,7953.0,7955.0,9
2026-09-30 17:49:00+00:00,7956.0,7957.5,7955.5,7956.5,15
2026-09-30 17:50:00+00:00,7956.5,7957.0,7956.5,7957.0,3
2026-09-30 17:51:00+00:00,7957.0,7957.0,7955.5,7955.5,11
2026-09-30 17:52:00+00:00,7955.0,7955.5,7954.0,7954.0,25
2026-09-30 17:53:00+00:00,7953.0,7953.5,7951.5,7953.5,21
2026-09-30 17:54:00+00:00,7952.5,7953.0,7952.0,7953.0,6
2026-09-30 17:55:00+00:00,7952.5,7953.0,7952.0,7952.5,7
2026-09-30 17:56:00+00:00,7953.0,7954.0,7953.0,7953.5,15
2026-09-30 17:57:00+00:00,7955.0,7955.0,7953.5,7953.5,12
2026-09-30 17:58:00+00:00,7954.5,7955.0,7954.5,7955.0,3
2026-09-30 17:59:00+00:00,7954.5,7956.0,7954.5,7955.5,11
2026-09-30 18:00:00+00:00,7955.0,7956.0,7952.0,7952.5,20
2026-09-30 18:01:00+00:00,7952.5,7952.5,7951.0,7951.0,15
2026-09-30 18:02:00+00:00,7951.0,7952.0,7951.0,7952.0,8
2026-09-30 18:03:00+00:00,7953.0,7953.5,7952.5,7952.5,11
2026-09-30 18:04:00+00:00,7953.0,7953.0,7952.0,7952.5,6
2026-09-30 18:05:00+00:00,7952.0,7953.0,7951.0,7951.0,13
2026-09-30 18:06:00+00:00,7950.5,7950.5,7949.0,7950.0,31
2026-09-30 18:07:00+00:00,7949.0,7949.5,7949.0,7949.5,4
2026-09-30 18:08:00+00:00,7950.5,7952.0,7950.5,7952.0,3
2026-09-30 18:09:00+00:00,7951.0,7952.5,7950.0,7952.5,11
2026-09-30 18:10:00+00:00,7952.0,7952.0,7951.0,7951.0,6
2026-09-30 18:11:00+00:00,7952.0,7953.0,7952.0,7952.5,7
2026-09-30 18:12:00+00:00,7952.0,7952.0,7951.0,7952.0,20
2026-09-30 18:13:00+00:00,7952.0,7952.0,7949.5,7950.0,13
2026-09-30 18:14:00+00:00,7950.5,7951.5,7950.5,7951.0,9
2026-09-30 18:15:00+00:00,7951.0,7951.0,7948.5,7948.5,23
2026-09-30 18:16:00+00:00,7949.5,7950.5,7949.5,7950.5,8
2026-09-30 18:17:00+00:00,7949.0,7950.0,7948.0,7949.0,19
2026-09-30 18:18:00+00:00,7948.0,7949.0,7948.0,7949.0,22
2026-09-30 18:19:00+00:00,7949.0,7949.5,7948.5,7948.5,7
2026-09-30 18:20:00+00:00,7948.5,7949.0,7948.5,7949.0,5
2026-09-30 18:21:00+00:00,7947.5,7947.5,7946.0,7946.0,6
2026-09-30 18:22:00+00:00,7946.0,7948.0,7946.0,7947.5,12
2026-09-30 18:23:00+00:00,7947.0,7947.0,7946.5,7946.5,15
2026-09-30 18:24:00+00:00,7947.0,7947.0,7947.0,7947.0,4
2026-09-30 18:25:00+00:00,7947.5,7947.5,7945.0,7945.0,9
2026-09-30 18:26:00+00:00,7945.0,7945.5,7944.5,7945.0,10
2026-09-30 18:27:00+00:00,7945.5,7946.0,7945.0,7945.5,9
2026-09-30 18:28:00+00:00,7946.0,7947.5,7946.0,7947.0,21
2026-09-30 18:29:00+00:00,7946.5,7946.5,7945.5,7946.0,9
2026-09-30 18:30:00+00:00,7947.0,7947.0,7945.5,7945.5,8
2026-09-30 18:31:00+00:00,7945.0,7945.5,7942.5,7943.0,39
2026-09-30 18:32:00+00:00,7942.5,7943.0,7942.0,7943.0,9
2026-09-30 18:33:00+00:00,7942.0,7942.0,7941.0,7942.0,6
2026-09-30 18:34:00+00:00,7941.5,7943.5,7941.5,7943.5,27
2026-09-30 18:35:00+00:00,7943.5,7943.5,7942.0,7942.0,4
2026-09-30 18:36:00+00:00,7942.0,7944.0,7942.0,7943.5,9
2026-09-30 18:37:00+00:00,7943.5,7945.0,7942.5,7945.0,12
2026-09-30 18:38:00+00:00,7943.0,7943.0,7942.5,7942.5,6
2026-09-30 18:39:00+00:00,7944.0,7947.0,7944.0,7946.5,17
2026-09-30 18:40:00+00:00,7946.0,7947.5,7946.0,7946.5,22
2026-09-30 18:41:00+00:00,7946.5,7947.0,7944.0,7944.0,23
2026-09-30 18:42:00+00:00,7944.0,7945.0,7944.0,7944.5,7
2026-09-30 18:43:00+00:00,7945.0,7945.0,7944.0,7945.0,9
2026-09-30 18:44:00+00:00,7945.5,7945.5,7945.0,7945.0,4
2026-09-30 18:45:00+00:00,7945.5,7945.5,7943.5,7943.5,8
2026-09-30 18:46:00+00:00,7943.5,7944.0,7943.5,7944.0,2
2026-09-30 18:47:00+00:00,7943.5,7943.5,7943.0,7943.0,10
2026-09-30 18:48:00+00:00,7942.5,7942.5,7941.5,7941.5,12
2026-09-30 18:49:00+00:00,7941.0,7941.5,7941.0,7941.5,5
2026-09-30 18:50:00+00:00,7941.0,7942.5,7941.0,7941.5,15
2026-09-30 18:51:00+00:00,7941.5,7941.5,7940.5,7940.5,3
2026-09-30 18:52:00+00:00,7941.5,7942.0,7941.0,7941.0,14
2026-09-30 18:53:00+00:00,7941.0,7941.5,7940.0,7940.5,19
2026-09-30 18:54:00+00:00,7940.0,7941.0,7940.0,7941.0,4
2026-09-30 18:55:00+00:00,7942.0,7942.0,7942.0,7942.0,1
2026-09-30 18:56:00+00:00,7943.5,7943.5,7943.0,7943.0,2
2026-09-30 18:57:00+00:00,7943.5,7945.0,7943.5,7944.5,16
2026-09-30 18:58:00+00:00,7944.5,7946.5,7944.5,7946.5,8
2026-09-30 18:59:00+00:00,7946.5,7947.5,7946.0,7946.0,6
2026-09-30 19:00:00+00:00,7946.0,7946.0,7945.0,7946.0,6
2026-09-30 19:01:00+00:00,7945.5,7945.5,7945.0,7945.0,4
2026-09-30 19:02:00+00:00,7945.5,7946.5,7945.0,7946.5,11
2026-09-30 19:03:00+00:00,7944.5,7944.5,7943.5,7944.0,7
2026-09-30 19:04:00+00:00,7944.0,7944.0,7943.0,7944.0,6
2026-09-30 19:05:00+00:00,7943.5,7944.0,7943.0,7944.0,9
2026-09-30 19:06:00+00:00,7943.5,7943.5,7942.5,7943.0,9
2026-09-30 19:07:00+00:00,7942.0,7942.0,7942.0,7942.0,2
2026-09-30 19:08:00+00:00,7944.0,7944.5,7944.0,7944.5,3
2026-09-30 19:09:00+00:00,7944.0,7944.0,7944.0,7944.0,2
2026-09-30 19:10:00+00:00,7944.0,7944.5,7943.5,7944.5,15
2026-09-30 19:11:00+00:00,7944.5,7945.5,7943.5,7943.5,22
2026-09-30 19:12:00+00:00,7943.5,7945.0,7943.5,7945.0,15
2026-09-30 19:13:00+00:00,7945.5,7945.5,7945.5,7945.5,2
2026-09-30 19:14:00+00:00,7946.0,7946.5,7945.5,7946.5,11
2026-09-30 19:15:00+00:00,7945.0,7945.0,7944.0,7944.5,13
2026-09-30 19:16:00+00:00,7944.0,7944.5,7943.5,7944.0,20
2026-09-30 19:17:00+00:00,7943.0,7944.0,7943.0,7943.5,12
2026-09-30 19:18:00+00:00,7943.0,7943.0,7941.5,7942.0,21
2026-09-30 19:19:00+00:00,7942.0,7942.0,7941.0,7941.0,23
2026-09-30 19:20:00+00:00,7940.5,7941.5,7940.5,7941.0,19
2026-09-30 19:21:00+00:00,7941.0,7942.0,7940.0,7940.5,23
2026-09-30 19:22:00+00:00,7940.0,7941.0,7940.0,7940.0,18
2026-09-30 19:23:00+00:00,7940.0,7940.0,7938.0,7938.5,16
2026-09-30 19:24:00+00:00,7937.5,7939.0,7937.0,7937.5,54
2026-09-30 19:25:00+00:00,7937.5,7939.0,7937.5,7938.5,14
2026-09-30 19:26:00+00:00,7938.0,7939.5,7938.0,7939.0,32
2026-09-30 19:27:00+00:00,7938.5,7939.0,7938.0,7938.0,12
2026-09-30 19:28:00+00:00,7938.5,7938.5,7937.0,7937.5,6
2026-09-30 19:29:00+00:00,7937.5,7938.0,7937.0,7937.5,11
2026-09-30 19:30:00+00:00,7937.0,7940.0,7937.0,7940.0,8
2026-09-30 19:31:00+00:00,7939.0,7939.0,7937.0,7937.0,4
2026-09-30 19:32:00+00:00,7937.5,7938.5,7937.0,7937.0,8
2026-09-30 19:33:00+00:00,7937.0,7937.0,7935.5,7936.5,12
2026-09-30 19:34:00+00:00,7937.0,7938.0,7937.0,7938.0,9
2026-09-30 19:35:00+00:00,7938.0,7939.0,7938.0,7939.0,2
2026-09-30 19:36:00+00:00,7938.5,7938.5,7938.5,7938.5,3
2026-09-30 19:37:00+00:00,7939.0,7939.5,7937.0,7937.0,12
2026-09-30 19:38:00+00:00,7937.0,7937.5,7937.0,7937.5,5
2026-09-30 19:39:00+00:00,7938.0,7942.0,7937.5,7939.5,39
2026-09-30 19:40:00+00:00,7939.5,7939.5,7937.5,7938.0,19
2026-09-30 19:41:00+00:00,7937.5,7938.5,7936.0,7936.0,8
2026-09-30 19:42:00+00:00,7936.0,7936.0,7933.5,7933.5,17
2026-09-30 19:43:00+00:00,7934.0,7934.5,7934.0,7934.5,8
2026-09-30 19:44:00+00:00,7934.5,7936.5,7934.5,7936.5,19
2026-09-30 19:45:00+00:00,7936.0,7938.5,7935.5,7937.0,48
2026-09-30 19:46:00+00:00,7937.0,7937.5,7934.0,7934.0,37
2026-09-30 19:47:00+00:00,7934.0,7934.0,7933.0,7933.5,20
2026-09-30 19:48:00+00:00,7933.5,7936.0,7933.0,7934.0,60
2026-09-30 19:49:00+00:00,7934.5,7934.5,7932.5,7933.0,27
2026-09-30 19:50:00+00:00,7933.0,7934.0,7930.0,7932.0,184
2026-09-30 19:51:00+00:00,7932.5,7933.5,7930.0,7933.0,39
2026-09-30 19:52:00+00:00,7933.0,7934.5,7929.5,7934.0,120
2026-09-30 19:53:00+00:00,7934.0,7939.5,7934.0,7938.5,38
2026-09-30 19:54:00+00:00,7938.0,7938.5,7935.5,7936.0,35
2026-09-30 19:55:00+00:00,7935.5,7938.5,7934.5,7938.5,55
2026-09-30 19:56:00+00:00,7938.5,7938.5,7934.0,7935.0,65
2026-09-30 19:57:00+00:00,7934.5,7937.5,7934.5,7936.5,51
2026-09-30 19:58:00+00:00,7937.0,7940.5,7936.0,7938.5,123
2026-09-30 19:59:00+00:00,7937.5,7941.0,7933.5,7935.0,98
