,Open,High,Low,Close,Volume
2026-06-30 09:45:00+00:00,25066,25089,25060,25060,558
2026-06-30 10:00:00+00:00,25061,25089,25057,25079,398
2026-06-30 10:15:00+00:00,25078,25131,25078,25127,430
2026-06-30 10:30:00+00:00,25130,25142,25118,25133,461
2026-06-30 10:45:00+00:00,25132,25138,25109,25131,500
2026-06-30 11:00:00+00:00,25131,25154,25113,25151,376
2026-06-30 11:15:00+00:00,25148,25167,25144,25145,499
2026-06-30 11:30:00+00:00,25148,25176,25148,25170,308
2026-06-30 11:45:00+00:00,25168,25175,25146,25146,289
2026-06-30 12:00:00+00:00,25146,25149,25110,25114,482
2026-06-30 12:15:00+00:00,25113,25116,25076,25080,455
2026-06-30 12:30:00+00:00,25081,25096,25049,25094,469
2026-06-30 12:45:00+00:00,25091,25119,25083,25100,415
2026-06-30 13:00:00+00:00,25100,25104,25044,25051,354
2026-06-30 13:15:00+00:00,25049,25062,25038,25046,294
2026-06-30 13:30:00+00:00,25046,25083,25030,25075,584
2026-06-30 13:45:00+00:00,25078,25101,25058,25091,402
2026-06-30 14:00:00+00:00,25091,25098,25061,25088,457
2026-06-30 14:15:00+00:00,25092,25109,25079,25084,221
2026-06-30 14:30:00+00:00,25082,25106,25070,25071,327
2026-06-30 14:45:00+00:00,25074,25074,25048,25065,355
2026-06-30 15:00:00+00:00,25066,25156,25066,25151,658
2026-06-30 15:15:00+00:00,25150,25150,25106,25133,1441
2026-06-30 15:30:00+00:00,25133,25169,25112,25159,1649
2026-06-30 15:45:00+00:00,25160,25163,25138,25138,365
2026-06-30 16:00:00+00:00,25140,25147,25127,25135,278
2026-06-30 16:15:00+00:00,25135,25145,25135,25141,159
2026-06-30 16:30:00+00:00,25140,25156,25140,25153,85
2026-06-30 16:45:00+00:00,25154,25164,25152,25159,89
2026-06-30 17:00:00+00:00,25159,25169,25148,25151,126
2026-06-30 17:15:00+00:00,25152,25163,25149,25161,152
2026-06-30 17:30:00+00:00,25161,25169,25157,25165,135
2026-06-30 17:45:00+00:00,25167,25171,25161,25168,125
2026-06-30 18:00:00+00:00,25168,25171,25159,25169,89
2026-06-30 18:15:00+00:00,25171,25180,25166,25166,79
2026-06-30 18:30:00+00:00,25166,25176,25162,25176,57
2026-06-30 18:45:00+00:00,25176,25187,25174,25185,74
2026-06-30 19:00:00+00:00,25185,25186,25172,25184,117
2026-06-30 19:15:00+00:00,25185,25195,25176,25177,102
2026-06-30 19:30:00+00:00,25175,25177,25161,25166,219
2026-06-30 19:45:00+00:00,25169,25176,25155,25162,374
2026-06-30 20:00:00+00:00,25196,25196,25196,25196,33
2026-07-01 00:15:00+00:00,25164,25169,25156,25163,53
2026-07-01 00:30:00+00:00,25159,25168,25156,25168,14
2026-07-01 00:45:00+00:00,25163,25168,25156,25159,17
2026-07-01 01:00:00+00:00,25164,25171,25142,25148,45
2026-07-01 01:15:00+00:00,25145,25145,25136,25136,31
2026-07-01 01:30:00+00:00,25140,25142,25132,25135,9
2026-07-01 01:45:00+00:00,25130,25130,25119,25119,12
2026-07-01 02:00:00+00:00,25122,25127,25108,25112,64
2026-07-01 02:15:00+00:00,25114,25125,25098,25120,31
2026-07-01 02:30:00+00:00,25124,25141,25120,25141,19
2026-07-01 02:45:00+00:00,25139,25143,25127,25127,26
2026-07-01 03:00:00+00:00,25140,25140,25140,25140,1
2026-07-01 03:15:00+00:00,25134,25134,25125,25130,11
2026-07-01 03:30:00+00:00,25124,25138,25123,25132,8
2026-07-01 03:45:00+00:00,25132,25132,25132,25132,1
2026-07-01 04:15:00+00:00,25132,25132,25128,25128,2
2026-07-01 04:30:00+00:00,25144,25144,25127,25134,8
2026-07-01 04:45:00+00:00,25144,25149,25143,25144,8
2026-07-01 05:00:00+00:00,25130,25130,25124,25125,14
2026-07-01 05:15:00+00:00,25121,25121,25121,25121,1
2026-07-01 05:30:00+00:00,25128,25134,25123,25124,20
2026-07-01 05:45:00+00:00,25129,25149,25129,25149,20
2026-07-01 06:00:00+00:00,25145,25170,25137,25140,270
2026-07-01 06:15:00+00:00,25140,25149,25130,25148,166
2026-07-01 06:30:00+00:00,25149,25162,25134,25160,197
2026-07-01 06:45:00+00:00,25162,25176,25147,25175,278
2026-07-01 07:00:00+00:00,25176,25201,25105,25112,1625
2026-07-01 07:15:00+00:00,25111,25143,25101,25128,975
2026-07-01 07:30:00+00:00,25128,25158,25109,25158,429
2026-07-01 07:45:00+00:00,25159,25202,25150,25201,465
2026-07-01 08:00:00+00:00,25199,25212,25165,25205,604
2026-07-01 08:15:00+00:00,25205,25230,25198,25212,475
2026-07-01 08:30:00+00:00,25213,25242,25193,25232,561
2026-07-01 08:45:00+00:00,25228,25228,25192,25213,340
2026-07-01 09:00:00+00:00,25217,25220,25185,25199,341
2026-07-01 09:15:00+00:00,25199,25230,25187,25228,257
2026-07-01 09:30:00+00:00,25230,25238,25221,25225,285
2026-07-01 09:45:00+00:00,25225,25235,25217,25225,446
2026-07-01 10:00:00+00:00,25224,25226,25174,25209,364
2026-07-01 10:15:00+00:00,25210,25225,25204,25224,190
2026-07-01 10:30:00+00:00,25226,25227,25195,25206,258
2026-07-01 10:45:00+00:00,25210,25219,25199,25212,185
2026-07-01 11:00:00+00:00,25213,25228,25192,25195,225
2026-07-01 11:15:00+00:00,25196,25207,25176,25180,207
2026-07-01 11:30:00+00:00,25180,25181,25147,25166,451
2026-07-01 11:45:00+00:00,25165,25166,25129,25134,546
2026-07-01 12:00:00+00:00,25137,25150,25108,25141,767
2026-07-01 12:15:00+00:00,25146,25159,25133,25153,355
2026-07-01 12:30:00+00:00,25151,25168,25119,25125,467
2026-07-01 12:45:00+00:00,25127,25137,25089,25089,623
2026-07-01 13:00:00+00:00,25088,25088,25028,25036,972
2026-07-01 13:15:00+00:00,25038,25099,25038,25096,694
2026-07-01 13:30:00+00:00,25099,25118,25063,25118,770
2026-07-01 13:45:00+00:00,25116,25148,25106,25129,463
2026-07-01 14:00:00+00:00,25126,25149,25117,25140,772
2026-07-01 14:15:00+00:00,25138,25164,25129,25151,600
2026-07-01 14:30:00+00:00,25151,25155,25104,25119,559
2026-07-01 14:45:00+00:00,25119,25146,25103,25127,604
2026-07-01 15:00:00+00:00,25126,25156,25122,25148,529
2026-07-01 15:15:00+00:00,25148,25221,25148,25221,1129
2026-07-01 15:30:00+00:00,25220,25229,25175,25195,1531
2026-07-01 15:45:00+00:00,25193,25206,25190,25199,266
2026-07-01 16:00:00+00:00,25204,25214,25199,25211,121
2026-07-01 16:15:00+00:00,25212,25225,25210,25221,172
2026-07-01 16:30:00+00:00,25224,25234,25212,25220,117
2026-07-01 16:45:00+00:00,25220,25224,25188,25188,127
2026-07-01 17:00:00+00:00,25197,25204,25190,25204,110
2026-07-01 17:15:00+00:00,25207,25224,25201,25222,75
2026-07-01 17:30:00+00:00,25222,25225,25202,25203,112
2026-07-01 17:45:00+00:00,25202,25204,25187,25192,137
2026-07-01 18:00:00+00:00,25191,25202,25183,25183,109
2026-07-01 18:15:00+00:00,25184,25197,25179,25191,92
2026-07-01 18:30:00+00:00,25189,25196,25186,25194,55
2026-07-01 18:45:00+00:00,25194,25194,25180,25188,71
2026-07-01 19:00:00+00:00,25187,25206,25187,25204,55
2026-07-01 19:15:00+00:00,25204,25209,25197,25201,167
2026-07-01 19:30:00+00:00,25200,25206,25195,25196,138
2026-07-01 19:45:00+00:00,25196,25203,25183,25196,309
2026-07-01 20:00:00+00:00,25150,25150,25150,25150,16
2026-07-02 00:15:00+00:00,25161,25161,25129,25157,56
2026-07-02 00:30:00+00:00,25162,25162,25153,25153,2
2026-07-02 00:45:00+00:00,25138,25181,25131,25181,7
2026-07-02 01:00:00+00:00,25179,25212,25179,25212,6
2026-07-02 01:15:00+00:00,25213,25228,25208,25225,14
2026-07-02 01:30:00+00:00,25231,25279,25231,25278,75
2026-07-02 01:45:00+00:00,25272,25294,25268,25271,27
2026-07-02 02:00:00+00:00,25270,25270,25269,25269,2
2026-07-02 02:15:00+00:00,25291,25291,25276,25276,16
2026-07-02 02:30:00+00:00,25273,25275,25270,25274,7
2026-07-02 02:45:00+00:00,25267,25272,25267,25272,4
2026-07-02 03:00:00+00:00,25267,25267,25261,25261,6
2026-07-02 03:15:00+00:00,25258,25258,25253,25253,3
2026-07-02 03:30:00+00:00,25271,25271,25263,25263,4
2026-07-02 03:45:00+00:00,25268,25281,25268,25278,4
2026-07-02 04:00:00+00:00,25283,25283,25267,25267,4
2026-07-02 04:15:00+00:00,25256,25256,25240,25250,42
2026-07-02 04:30:00+00:00,25250,25250,25221,25221,13
2026-07-02 04:45:00+00:00,25220,25220,25220,25220,1
2026-07-02 05:00:00+00:00,25241,25265,25235,25260,33
2026-07-02 05:15:00+00:00,25250,25251,25240,25251,36
2026-07-02 05:30:00+00:00,25231,25231,25203,25218,21
2026-07-02 05:45:00+00:00,25210,25218,25207,25207,17
2026-07-02 06:00:00+00:00,25204,25217,25180,25180,162
2026-07-02 06:15:00+00:00,25181,25196,25169,25170,137
2026-07-02 06:30:00+00:00,25177,25214,25176,25195,283
2026-07-02 06:45:00+00:00,25193,25193,25118,25118,521
2026-07-02 07:00:00+00:00,25119,25191,25096,25174,1198
2026-07-02 07:15:00+00:00,25173,25247,25172,25228,765
2026-07-02 07:30:00+00:00,25231,25284,25214,25275,563
2026-07-02 07:45:00+00:00,25273,25280,25230,25253,514
2026-07-02 08:00:00+00:00,25252,25275,25237,25253,455
2026-07-02 08:15:00+00:00,25255,25265,25236,25248,405
2026-07-02 08:30:00+00:00,25247,25303,25242,25277,527
2026-07-02 08:45:00+00:00,25277,25311,25273,25296,448
2026-07-02 09:00:00+00:00,25295,25307,25276,25303,464
2026-07-02 09:15:00+00:00,25305,25337,25296,25319,509
2026-07-02 09:30:00+00:00,25321,25337,25316,25330,563
2026-07-02 09:45:00+00:00,25330,25343,25314,25323,311
2026-07-02 10:00:00+00:00,25323,25325,25305,25314,362
2026-07-02 10:15:00+00:00,25314,25352,25314,25352,392
2026-07-02 10:30:00+00:00,25353,25403,25353,25398,740
2026-07-02 10:45:00+00:00,25398,25435,25391,25426,876
2026-07-02 11:00:00+00:00,25427,25445,25406,25425,725
2026-07-02 11:15:00+00:00,25425,25434,25413,25428,391
2026-07-02 11:30:00+00:00,25429,25439,25421,25426,347
2026-07-02 11:45:00+00:00,25426,25454,25425,25447,445
2026-07-02 12:00:00+00:00,25447,25486,25438,25483,690
2026-07-02 12:15:00+00:00,25486,25503,25460,25492,758
2026-07-02 12:30:00+00:00,25502,25612,25474,25608,1601
2026-07-02 12:45:00+00:00,25609,25612,25564,25583,1332
2026-07-02 13:00:00+00:00,25586,25611,25573,25588,848
2026-07-02 13:15:00+00:00,25588,25663,25582,25651,837
2026-07-02 13:30:00+00:00,25650,25730,25642,25729,1957
2026-07-02 13:45:00+00:00,25728,25810,25725,25784,1890
2026-07-02 14:00:00+00:00,25783,25797,25740,25785,1468
2026-07-02 14:15:00+00:00,25787,25796,25737,25747,830
2026-07-02 14:30:00+00:00,25748,25776,25736,25739,1108
2026-07-02 14:45:00+00:00,25742,25785,25727,25785,754
2026-07-02 15:00:00+00:00,25786,25797,25729,25748,997
2026-07-02 15:15:00+00:00,25749,25760,25689,25696,1957
2026-07-02 15:30:00+00:00,25696,25763,25692,25746,1544
2026-07-02 15:45:00+00:00,25746,25756,25690,25700,434
2026-07-02 16:00:00+00:00,25700,25745,25700,25737,264
2026-07-02 16:15:00+00:00,25738,25750,25716,25716,249
2026-07-02 16:30:00+00:00,25717,25720,25690,25716,267
2026-07-02 16:45:00+00:00,25714,25717,25677,25683,171
2026-07-02 17:00:00+00:00,25685,25687,25652,25668,267
2026-07-02 17:15:00+00:00,25667,25674,25659,25668,118
2026-07-02 17:30:00+00:00,25671,25678,25640,25652,130
2026-07-02 17:45:00+00:00,25655,25655,25632,25632,156
2026-07-02 18:00:00+00:00,25637,25680,25626,25669,212
2026-07-02 18:15:00+00:00,25670,25670,25657,25670,121
2026-07-02 18:30:00+00:00,25665,25691,25665,25684,141
2026-07-02 18:45:00+00:00,25679,25696,25678,25687,81
2026-07-02 19:00:00+00:00,25689,25689,25658,25672,136
2026-07-02 19:15:00+00:00,25672,25674,25658,25668,73
2026-07-02 19:30:00+00:00,25669,25702,25669,25701,145
2026-07-02 19:45:00+00:00,25701,25780,25697,25769,623
2026-07-02 20:00:00+00:00,25751,25751,25751,25751,11
2026-07-03 00:15:00+00:00,25799,25805,25772,25778,66
2026-07-03 00:30:00+00:00,25772,25779,25755,25772,22
2026-07-03 00:45:00+00:00,25766,25770,25766,25768,3
2026-07-03 01:00:00+00:00,25803,25838,25796,25829,37
2026-07-03 01:15:00+00:00,25830,25844,25828,25844,11
2026-07-03 01:30:00+00:00,25851,25857,25831,25831,15
2026-07-03 01:45:00+00:00,25842,25842,25838,25840,6
2026-07-03 02:00:00+00:00,25842,25848,25838,25838,8
2026-07-03 02:15:00+00:00,25838,25845,25833,25841,20
2026-07-03 02:30:00+00:00,25837,25839,25828,25830,20
2026-07-03 02:45:00+00:00,25826,25833,25823,25829,21
2026-07-03 03:00:00+00:00,25836,25845,25833,25845,7
2026-07-03 03:15:00+00:00,25846,25850,25827,25847,55
2026-07-03 03:30:00+00:00,25851,25855,25837,25837,12
2026-07-03 03:45:00+00:00,25832,25860,25832,25860,8
2026-07-03 04:00:00+00:00,25862,25870,25850,25870,34
2026-07-03 04:15:00+00:00,25870,25874,25853,25864,27
2026-07-03 04:30:00+00:00,25862,25872,25855,25860,58
2026-07-03 04:45:00+00:00,25864,25864,25848,25848,19
2026-07-03 05:00:00+00:00,25850,25852,25831,25835,89
2026-07-03 05:15:00+00:00,25832,25835,25817,25835,41
2026-07-03 05:30:00+00:00,25834,25848,25832,25832,52
2026-07-03 05:45:00+00:00,25831,25840,25824,25839,58
2026-07-03 06:00:00+00:00,25839,25876,25835,25872,273
2026-07-03 06:15:00+00:00,25872,25882,25851,25863,322
2026-07-03 06:30:00+00:00,25865,25886,25857,25878,210
2026-07-03 06:45:00+00:00,25877,25898,25865,25898,441
2026-07-03 07:00:00+00:00,25895,25969,25876,25931,1675
2026-07-03 07:15:00+00:00,25932,25932,25884,25892,768
2026-07-03 07:30:00+00:00,25891,25899,25841,25842,488
2026-07-03 07:45:00+00:00,25841,25866,25828,25829,445
2026-07-03 08:00:00+00:00,25830,25862,25815,25855,506
2026-07-03 08:15:00+00:00,25854,25883,25854,25861,341
2026-07-03 08:30:00+00:00,25858,25862,25820,25822,271
2026-07-03 08:45:00+00:00,25824,25829,25771,25773,453
2026-07-03 09:00:00+00:00,25773,25776,25754,25774,417
2026-07-03 09:15:00+00:00,25772,25806,25769,25775,420
2026-07-03 09:30:00+00:00,25776,25799,25764,25797,235
2026-07-03 09:45:00+00:00,25798,25811,25782,25797,369
2026-07-03 10:00:00+00:00,25795,25822,25782,25811,242
2026-07-03 10:15:00+00:00,25810,25827,25803,25819,370
2026-07-03 10:30:00+00:00,25823,25847,25821,25841,325
2026-07-03 10:45:00+00:00,25843,25849,25831,25844,274
2026-07-03 11:00:00+00:00,25845,25847,25815,25819,623
2026-07-03 11:15:00+00:00,25819,25829,25799,25804,232
2026-07-03 11:30:00+00:00,25803,25822,25800,25819,131
2026-07-03 11:45:00+00:00,25823,25851,25823,25849,183
2026-07-03 12:00:00+00:00,25850,25869,25850,25862,263
2026-07-03 12:15:00+00:00,25859,25860,25843,25850,207
2026-07-03 12:30:00+00:00,25851,25880,25850,25874,227
2026-07-03 12:45:00+00:00,25879,25894,25869,25891,298
2026-07-03 13:00:00+00:00,25893,25919,25885,25898,430
2026-07-03 13:15:00+00:00,25898,25912,25889,25891,205
2026-07-03 13:30:00+00:00,25892,25898,25868,25896,368
2026-07-03 13:45:00+00:00,25897,25926,25889,25914,324
2026-07-03 14:00:00+00:00,25914,25937,25913,25919,364
2026-07-03 14:15:00+00:00,25920,25926,25884,25893,316
2026-07-03 14:30:00+00:00,25894,25933,25888,25920,311
2026-07-03 14:45:00+00:00,25920,25965,25916,25952,332
2026-07-03 15:00:00+00:00,25954,25963,25936,25960,690
2026-07-03 15:15:00+00:00,25963,25978,25938,25947,783
2026-07-03 15:30:00+00:00,25947,25955,25922,25942,1051
2026-07-03 15:45:00+00:00,25940,25947,25933,25940,185
2026-07-03 16:00:00+00:00,25942,25959,25939,25955,78
2026-07-03 16:15:00+00:00,25957,25963,25951,25951,71
2026-07-03 16:30:00+00:00,25951,25962,25950,25953,76
2026-07-03 16:45:00+00:00,25952,25953,25946,25948,48
2026-07-03 17:00:00+00:00,25945,25945,25937,25937,18
2026-07-03 17:15:00+00:00,25937,25947,25937,25947,21
2026-07-03 17:30:00+00:00,25947,25947,25941,25942,12
2026-07-03 17:45:00+00:00,25947,25951,25947,25948,20
2026-07-03 18:00:00+00:00,25946,25949,25937,25941,28
2026-07-03 18:15:00+00:00,25940,25941,25933,25933,30
2026-07-03 18:30:00+00:00,25934,25941,25934,25938,56
2026-07-03 18:45:00+00:00,25937,25937,25934,25936,21
2026-07-03 19:00:00+00:00,25936,25936,25933,25934,19
2026-07-03 19:15:00+00:00,25937,25943,25937,25943,24
2026-07-03 19:30:00+00:00,25941,25964,25938,25957,103
2026-07-03 19:45:00+00:00,25955,25967,25945,25966,192
2026-07-03 20:00:00+00:00,25949,25949,25949,25949,6
2026-07-06 00:15:00+00:00,25995,26064,25975,25975,126
2026-07-06 00:30:00+00:00,25970,26001,25970,26001,18
2026-07-06 00:45:00+00:00,26006,26014,26006,26013,6
2026-07-06 01:00:00+00:00,26007,26012,25995,26004,16
2026-07-06 01:15:00+00:00,26012,26019,25990,25998,18
2026-07-06 01:30:00+00:00,25998,26002,25994,25998,14
2026-07-06 01:45:00+00:00,25988,25991,25965,25973,23
2026-07-06 02:00:00+00:00,25980,25981,25955,25955,5
2026-07-06 02:15:00+00:00,25958,25959,25953,25953,6
2026-07-06 02:30:00+00:00,25942,25952,25937,25937,10
2026-07-06 02:45:00+00:00,25939,25944,25930,25944,11
2026-07-06 03:00:00+00:00,25950,25950,25950,25950,1
2026-07-06 03:15:00+00:00,25951,25951,25938,25938,4
2026-07-06 03:30:00+00:00,25952,25956,25939,25945,4
2026-07-06 03:45:00+00:00,25938,25940,25929,25940,3
2026-07-06 04:00:00+00:00,25943,25947,25937,25937,4
2026-07-06 04:15:00+00:00,25962,25962,25956,25956,2
2026-07-06 04:30:00+00:00,25970,25973,25961,25963,33
2026-07-06 04:45:00+00:00,25960,25969,25960,25969,3
2026-07-06 05:00:00+00:00,25960,25961,25952,25956,12
2026-07-06 05:15:00+00:00,25953,25959,25929,25935,46
2026-07-06 05:30:00+00:00,25928,25932,25923,25930,18
2026-07-06 05:45:00+00:00,25933,25940,25921,25930,43
2026-07-06 06:00:00+00:00,25934,25954,25907,25912,215
2026-07-06 06:15:00+00:00,25911,25930,25911,25923,123
2026-07-06 06:30:00+00:00,25921,25932,25911,25922,89
2026-07-06 06:45:00+00:00,25920,25941,25910,25937,211
2026-07-06 07:00:00+00:00,25935,25961,25898,25940,874
2026-07-06 07:15:00+00:00,25942,25974,25932,25962,517
2026-07-06 07:30:00+00:00,25965,26003,25953,26001,510
2026-07-06 07:45:00+00:00,25999,26048,25998,26030,631
2026-07-06 08:00:00+00:00,26031,26043,25988,25993,442
2026-07-06 08:15:00+00:00,25995,26019,25981,26018,162
2026-07-06 08:30:00+00:00,26018,26019,25966,25978,205
2026-07-06 08:45:00+00:00,25975,25981,25965,25976,218
2026-07-06 09:00:00+00:00,25970,25970,25940,25955,300
2026-07-06 09:15:00+00:00,25956,26000,25953,25998,214
2026-07-06 09:30:00+00:00,25998,26004,25977,25994,187
2026-07-06 09:45:00+00:00,25995,26000,25975,25991,160
2026-07-06 10:00:00+00:00,25986,25991,25967,25982,228
2026-07-06 10:15:00+00:00,25980,25984,25961,25969,167
2026-07-06 10:30:00+00:00,25966,25970,25933,25936,119
2026-07-06 10:45:00+00:00,25931,25951,25929,25934,195
2026-07-06 11:00:00+00:00,25932,25935,25914,25921,200
2026-07-06 11:15:00+00:00,25923,25923,25895,25909,304
2026-07-06 11:30:00+00:00,25903,25937,25896,25935,296
2026-07-06 11:45:00+00:00,25937,25940,25898,25906,215
2026-07-06 12:00:00+00:00,25904,25917,25893,25909,220
2026-07-06 12:15:00+00:00,25911,25925,25888,25890,197
2026-07-06 12:30:00+00:00,25890,25898,25876,25895,221
2026-07-06 12:45:00+00:00,25900,25901,25880,25882,181
2026-07-06 13:00:00+00:00,25880,25887,25845,25845,307
2026-07-06 13:15:00+00:00,25846,25869,25834,25866,328
2026-07-06 13:30:00+00:00,25865,25887,25860,25887,423
2026-07-06 13:45:00+00:00,25888,25910,25872,25910,450
2026-07-06 14:00:00+00:00,25910,25930,25899,25920,445
2026-07-06 14:15:00+00:00,25922,25937,25907,25931,273
2026-07-06 14:30:00+00:00,25933,25940,25917,25938,220
2026-07-06 14:45:00+00:00,25937,25953,25932,25946,332
2026-07-06 15:00:00+00:00,25948,25955,25921,25928,303
2026-07-06 15:15:00+00:00,25927,25978,25924,25976,613
2026-07-06 15:30:00+00:00,25975,25985,25955,25967,671
2026-07-06 15:45:00+00:00,25963,25965,25927,25940,522
2026-07-06 16:00:00+00:00,25943,25943,25927,25932,77
2026-07-06 16:15:00+00:00,25930,25942,25928,25938,70
2026-07-06 16:30:00+00:00,25938,25944,25934,25942,41
2026-07-06 16:45:00+00:00,25941,25950,25934,25935,92
2026-07-06 17:00:00+00:00,25935,25959,25930,25957,133
2026-07-06 17:15:00+00:00,25959,25964,25953,25956,54
2026-07-06 17:30:00+00:00,25952,25952,25929,25938,67
2026-07-06 17:45:00+00:00,25938,25946,25934,25940,45
2026-07-06 18:00:00+00:00,25941,25950,25940,25940,23
2026-07-06 18:15:00+00:00,25947,25955,25945,25950,33
2026-07-06 18:30:00+00:00,25951,25955,25943,25943,44
2026-07-06 18:45:00+00:00,25950,25950,25939,25947,83
2026-07-06 19:00:00+00:00,25950,25950,25941,25950,54
2026-07-06 19:15:00+00:00,25949,25965,25948,25961,29
2026-07-06 19:30:00+00:00,25962,25963,25943,25951,97
2026-07-06 19:45:00+00:00,25955,25961,25947,25958,255
2026-07-06 20:00:00+00:00,25946,25946,25946,25946,7
2026-07-07 00:15:00+00:00,25949,25958,25934,25958,48
2026-07-07 00:30:00+00:00,25943,25945,25930,25930,8
2026-07-07 00:45:00+00:00,25934,25946,25934,25946,5
2026-07-07 01:00:00+00:00,25932,25939,25926,25937,9
2026-07-07 01:15:00+00:00,25936,25936,25923,25924,11
2026-07-07 01:30:00+00:00,25928,25943,25928,25943,8
2026-07-07 01:45:00+00:00,25950,25952,25936,25936,5
2026-07-07 02:00:00+00:00,25941,25945,25939,25944,4
2026-07-07 02:15:00+00:00,25940,25941,25926,25926,8
2026-07-07 02:30:00+00:00,25924,25924,25911,25918,17
2026-07-07 02:45:00+00:00,25916,25918,25906,25906,8
2026-07-07 03:00:00+00:00,25915,25927,25915,25920,3
2026-07-07 03:15:00+00:00,25904,25906,25889,25889,19
2026-07-07 03:30:00+00:00,25880,25901,25880,25894,24
2026-07-07 03:45:00+00:00,25885,25887,25877,25884,20
2026-07-07 04:00:00+00:00,25890,25903,25884,25897,29
2026-07-07 04:15:00+00:00,25890,25891,25878,25883,20
2026-07-07 04:30:00+00:00,25887,25889,25883,25884,8
2026-07-07 04:45:00+00:00,25885,25885,25878,25879,5
2026-07-07 05:00:00+00:00,25874,25879,25838,25845,115
2026-07-07 05:15:00+00:00,25845,25868,25845,25862,30
2026-07-07 05:30:00+00:00,25870,25885,25870,25873,62
2026-07-07 05:45:00+00:00,25874,25917,25862,25900,84
2026-07-07 06:00:00+00:00,25901,25913,25883,25883,180
2026-07-07 06:15:00+00:00,25889,25906,25885,25903,64
2026-07-07 06:30:00+00:00,25904,25917,25904,25917,88
2026-07-07 06:45:00+00:00,25920,25932,25897,25929,190
2026-07-07 07:00:00+00:00,25928,25944,25894,25903,1094
2026-07-07 07:15:00+00:00,25904,25943,25895,25939,691
2026-07-07 07:30:00+00:00,25938,25949,25911,25911,272
2026-07-07 07:45:00+00:00,25909,25926,25887,25922,334
2026-07-07 08:00:00+00:00,25925,25931,25898,25926,302
2026-07-07 08:15:00+00:00,25928,25941,25905,25908,311
2026-07-07 08:30:00+00:00,25909,25912,25875,25881,255
2026-07-07 08:45:00+00:00,25883,25888,25852,25852,272
2026-07-07 09:00:00+00:00,25853,25870,25838,25844,441
2026-07-07 09:15:00+00:00,25840,25870,25840,25857,250
2026-07-07 09:30:00+00:00,25859,25861,25825,25842,296
2026-07-07 09:45:00+00:00,25841,25846,25826,25833,184
2026-07-07 10:00:00+00:00,25833,25850,25810,25815,314
2026-07-07 10:15:00+00:00,25818,25846,25811,25812,269
2026-07-07 10:30:00+00:00,25810,25815,25793,25807,347
2026-07-07 10:45:00+00:00,25809,25809,25790,25806,245
2026-07-07 11:00:00+00:00,25805,25814,25796,25797,299
2026-07-07 11:15:00+00:00,25800,25818,25784,25789,280
2026-07-07 11:30:00+00:00,25791,25796,25781,25788,260
2026-07-07 11:45:00+00:00,25789,25791,25760,25783,438
2026-07-07 12:00:00+00:00,25787,25799,25778,25785,207
2026-07-07 12:15:00+00:00,25785,25831,25782,25823,310
2026-07-07 12:30:00+00:00,25821,25845,25807,25821,326
2026-07-07 12:45:00+00:00,25821,25822,25779,25801,297
2026-07-07 13:00:00+00:00,25798,25812,25775,25808,342
2026-07-07 13:15:00+00:00,25807,25814,25786,25788,285
2026-07-07 13:30:00+00:00,25790,25799,25749,25775,640
2026-07-07 13:45:00+00:00,25774,25781,25680,25698,674
2026-07-07 14:00:00+00:00,25701,25701,25635,25642,773
2026-07-07 14:15:00+00:00,25638,25676,25627,25665,833
2026-07-07 14:30:00+00:00,25665,25673,25626,25632,794
2026-07-07 14:45:00+00:00,25629,25658,25625,25651,596
2026-07-07 15:00:00+00:00,25651,25652,25621,25637,554
2026-07-07 15:15:00+00:00,25638,25643,25615,25637,995
2026-07-07 15:30:00+00:00,25637,25637,25601,25614,935
2026-07-07 15:45:00+00:00,25618,25653,25618,25645,240
2026-07-07 16:00:00+00:00,25643,25660,25641,25656,227
2026-07-07 16:15:00+00:00,25658,25686,25655,25680,248
2026-07-07 16:30:00+00:00,25678,25683,25666,25673,68
2026-07-07 16:45:00+00:00,25675,25685,25675,25678,68
2026-07-07 17:00:00+00:00,25682,25690,25677,25683,67
2026-07-07 17:15:00+00:00,25682,25682,25667,25675,68
2026-07-07 17:30:00+00:00,25675,25689,25674,25687,103
2026-07-07 17:45:00+00:00,25688,25688,25680,25684,39
2026-07-07 18:00:00+00:00,25687,25690,25681,25685,79
2026-07-07 18:15:00+00:00,25685,25692,25683,25684,79
2026-07-07 18:30:00+00:00,25682,25683,25667,25673,112
2026-07-07 18:45:00+00:00,25676,25677,25635,25639,217
2026-07-07 19:00:00+00:00,25640,25640,25590,25594,182
2026-07-07 19:15:00+00:00,25594,25600,25550,25593,340
2026-07-07 19:30:00+00:00,25591,25596,25580,25586,196
2026-07-07 19:45:00+00:00,25585,25610,25578,25608,255
2026-07-07 20:00:00+00:00,25610,25610,25610,25610,5
2026-07-08 00:15:00+00:00,25592,25615,25550,25604,41
2026-07-08 00:30:00+00:00,25597,25611,25597,25611,6
2026-07-08 00:45:00+00:00,25630,25640,25629,25639,11
2026-07-08 01:00:00+00:00,25643,25661,25643,25643,31
2026-07-08 01:15:00+00:00,25660,25660,25660,25660,1
2026-07-08 01:30:00+00:00,25648,25648,25620,25632,12
2026-07-08 01:45:00+00:00,25650,25650,25633,25633,4
2026-07-08 02:00:00+00:00,25615,25615,25600,25600,4
2026-07-08 02:15:00+00:00,25594,25594,25593,25594,4
2026-07-08 02:45:00+00:00,25612,25612,25589,25589,15
2026-07-08 03:15:00+00:00,25614,25614,25614,25614,1
2026-07-08 03:45:00+00:00,25616,25616,25616,25616,1
2026-07-08 04:15:00+00:00,25612,25612,25603,25604,6
2026-07-08 04:30:00+00:00,25602,25602,25588,25588,6
2026-07-08 04:45:00+00:00,25594,25594,25574,25591,10
2026-07-08 05:00:00+00:00,25593,25598,25593,25595,11
2026-07-08 05:15:00+00:00,25598,25598,25598,25598,1
2026-07-08 05:30:00+00:00,25565,25586,25554,25570,23
2026-07-08 05:45:00+00:00,25572,25572,25540,25547,47
2026-07-08 06:00:00+00:00,25554,25558,25502,25508,413
2026-07-08 06:15:00+00:00,25510,25540,25508,25525,205
2026-07-08 06:30:00+00:00,25529,25530,25472,25475,264
2026-07-08 06:45:00+00:00,25474,25474,25433,25448,643
2026-07-08 07:00:00+00:00,25450,25473,25317,25349,2063
2026-07-08 07:15:00+00:00,25349,25367,25285,25333,1095
2026-07-08 07:30:00+00:00,25334,25366,25315,25342,867
2026-07-08 07:45:00+00:00,25344,25363,25315,25331,641
2026-07-08 08:00:00+00:00,25332,25339,25293,25303,717
2026-07-08 08:15:00+00:00,25303,25310,25104,25113,2541
2026-07-08 08:30:00+00:00,25112,25119,25029,25044,1824
2026-07-08 08:45:00+00:00,25047,25065,25014,25034,1457
2026-07-08 09:00:00+00:00,25036,25038,24960,24960,987
2026-07-08 09:15:00+00:00,24963,25012,24958,25003,967
2026-07-08 09:30:00+00:00,25002,25054,24978,25009,873
2026-07-08 09:45:00+00:00,25010,25028,24984,24990,538
2026-07-08 10:00:00+00:00,24991,25004,24968,24998,625
2026-07-08 10:15:00+00:00,25003,25031,24988,25016,421
2026-07-08 10:30:00+00:00,25013,25093,25006,25084,815
2026-07-08 10:45:00+00:00,25082,25086,25052,25067,352
2026-07-08 11:00:00+00:00,25066,25086,25045,25071,386
2026-07-08 11:15:00+00:00,25069,25071,25030,25063,377
2026-07-08 11:30:00+00:00,25060,25215,25043,25134,1216
2026-07-08 11:45:00+00:00,25140,25155,25111,25124,423
2026-07-08 12:00:00+00:00,25123,25171,25089,25152,643
2026-07-08 12:15:00+00:00,25153,25173,25128,25155,371
2026-07-08 12:30:00+00:00,25151,25183,25146,25171,378
2026-07-08 12:45:00+00:00,25179,25196,25127,25129,632
2026-07-08 13:00:00+00:00,25130,25190,25123,25184,440
2026-07-08 13:15:00+00:00,25186,25187,25096,25099,423
2026-07-08 13:30:00+00:00,25109,25196,25109,25189,544
2026-07-08 13:45:00+00:00,25190,25216,25147,25164,437
2026-07-08 14:00:00+00:00,25169,25187,25136,25142,506
2026-07-08 14:15:00+00:00,25140,25167,25107,25116,549
2026-07-08 14:30:00+00:00,25116,25124,25076,25096,722
2026-07-08 14:45:00+00:00,25095,25095,25063,25073,670
2026-07-08 15:00:00+00:00,25077,25080,25014,25022,661
2026-07-08 15:15:00+00:00,25022,25029,24980,24992,1245
2026-07-08 15:30:00+00:00,24990,25050,24989,25046,1435
2026-07-08 15:45:00+00:00,25041,25042,25010,25024,211
2026-07-08 16:00:00+00:00,25026,25076,25022,25073,246
2026-07-08 16:15:00+00:00,25074,25104,25070,25093,274
2026-07-08 16:30:00+00:00,25092,25143,25075,25131,510
2026-07-08 16:45:00+00:00,25128,25142,25118,25137,348
2026-07-08 17:00:00+00:00,25134,25143,25107,25108,145
2026-07-08 17:15:00+00:00,25107,25145,25106,25138,170
2026-07-08 17:30:00+00:00,25140,25145,25129,25133,103
2026-07-08 17:45:00+00:00,25132,25137,25111,25119,102
2026-07-08 18:00:00+00:00,25118,25151,25107,25145,113
2026-07-08 18:15:00+00:00,25144,25144,25134,25139,36
2026-07-08 18:30:00+00:00,25136,25139,25120,25137,58
2026-07-08 18:45:00+00:00,25140,25147,25135,25143,49
2026-07-08 19:00:00+00:00,25144,25154,25137,25140,97
2026-07-08 19:15:00+00:00,25141,25151,25138,25149,63
2026-07-08 19:30:00+00:00,25148,25152,25131,25143,145
2026-07-08 19:45:00+00:00,25143,25153,25116,25145,387
2026-07-08 20:00:00+00:00,25139,25139,25139,25139,8
2026-07-09 00:15:00+00:00,25158,25180,25130,25174,50
2026-07-09 00:30:00+00:00,25168,25170,25160,25160,5
2026-07-09 00:45:00+00:00,25171,25171,25143,25143,2
2026-07-09 01:00:00+00:00,25156,25181,25156,25176,8
2026-07-09 01:15:00+00:00,25173,25193,25160,25163,21
2026-07-09 01:30:00+00:00,25163,25169,25163,25169,4
2026-07-09 01:45:00+00:00,25186,25187,25161,25170,16
2026-07-09 02:00:00+00:00,25171,25202,25169,25200,12
2026-07-09 02:15:00+00:00,25204,25206,25179,25179,8
2026-07-09 02:30:00+00:00,25193,25193,25193,25193,1
2026-07-09 02:45:00+00:00,25145,25145,25130,25134,6
2026-07-09 03:00:00+00:00,25125,25127,25112,25116,14
2026-07-09 03:15:00+00:00,25125,25132,25125,25132,3
2026-07-09 03:30:00+00:00,25160,25170,25160,25170,7
2026-07-09 03:45:00+00:00,25179,25180,25172,25174,6
2026-07-09 04:00:00+00:00,25183,25183,25183,25183,1
2026-07-09 04:15:00+00:00,25160,25160,25151,25151,2
2026-07-09 04:30:00+00:00,25167,25172,25167,25171,3
2026-07-09 04:45:00+00:00,25179,25190,25175,25190,18
2026-07-09 05:00:00+00:00,25193,25210,25161,25197,55
2026-07-09 05:15:00+00:00,25198,25198,25155,25168,13
2026-07-09 05:30:00+00:00,25159,25192,25151,25178,39
2026-07-09 05:45:00+00:00,25194,25238,25194,25238,59
2026-07-09 06:00:00+00:00,25232,25237,25201,25219,180
2026-07-09 06:15:00+00:00,25215,25242,25214,25219,252
2026-07-09 06:30:00+00:00,25216,25225,25204,25211,394
2026-07-09 06:45:00+00:00,25211,25212,25179,25203,436
2026-07-09 07:00:00+00:00,25203,25254,25156,25173,1678
2026-07-09 07:15:00+00:00,25172,25175,25120,25138,767
2026-07-09 07:30:00+00:00,25136,25193,25133,25193,457
2026-07-09 07:45:00+00:00,25192,25199,25133,25154,404
2026-07-09 08:00:00+00:00,25156,25163,25128,25143,370
2026-07-09 08:15:00+00:00,25143,25147,25081,25093,421
2026-07-09 08:30:00+00:00,25092,25098,25047,25068,476
2026-07-09 08:45:00+00:00,25067,25084,25040,25061,590
2026-07-09 09:00:00+00:00,25059,25080,25043,25075,304
2026-07-09 09:15:00+00:00,25073,25092,25067,25074,447
2026-07-09 09:30:00+00:00,25071,25073,25025,25045,434
2026-07-09 09:45:00+00:00,25043,25085,25041,25073,406
2026-07-09 10:00:00+00:00,25072,25084,25064,25075,249
2026-07-09 10:15:00+00:00,25073,25095,25065,25068,252
2026-07-09 10:30:00+00:00,25068,25068,25036,25047,313
2026-07-09 10:45:00+00:00,25044,25044,24986,25034,682
2026-07-09 11:00:00+00:00,25033,25073,25027,25070,348
2026-07-09 11:15:00+00:00,25070,25070,25031,25037,230
2026-07-09 11:30:00+00:00,25039,25076,25031,25066,390
2026-07-09 11:45:00+00:00,25063,25093,25057,25069,577
2026-07-09 12:00:00+00:00,25071,25092,25060,25085,348
2026-07-09 12:15:00+00:00,25086,25097,25070,25091,246
2026-07-09 12:30:00+00:00,25092,25135,25089,25112,443
2026-07-09 12:45:00+00:00,25110,25126,25097,25120,237
2026-07-09 13:00:00+00:00,25122,25168,25120,25162,506
2026-07-09 13:15:00+00:00,25163,25166,25136,25145,396
2026-07-09 13:30:00+00:00,25145,25158,25097,25136,864
2026-07-09 13:45:00+00:00,25136,25188,25134,25165,662
2026-07-09 14:00:00+00:00,25168,25184,25138,25159,497
2026-07-09 14:15:00+00:00,25155,25171,25122,25165,447
2026-07-09 14:30:00+00:00,25165,25200,25165,25171,534
2026-07-09 14:45:00+00:00,25175,25215,25157,25215,431
2026-07-09 15:00:00+00:00,25214,25246,25211,25244,596
2026-07-09 15:15:00+00:00,25240,25248,25208,25223,900
2026-07-09 15:30:00+00:00,25224,25239,25197,25227,1209
2026-07-09 15:45:00+00:00,25223,25226,25210,25221,190
2026-07-09 16:00:00+00:00,25223,25243,25223,25232,128
2026-07-09 16:15:00+00:00,25230,25233,25220,25228,108
2026-07-09 16:30:00+00:00,25229,25231,25219,25225,57
2026-07-09 16:45:00+00:00,25221,25231,25218,25226,73
2026-07-09 17:00:00+00:00,25225,25239,25225,25233,78
2026-07-09 17:15:00+00:00,25232,25249,25231,25246,132
2026-07-09 17:30:00+00:00,25249,25258,25244,25250,86
2026-07-09 17:45:00+00:00,25249,25261,25244,25250,183
2026-07-09 18:00:00+00:00,25248,25258,25245,25252,52
2026-07-09 18:15:00+00:00,25249,25249,25225,25225,80
2026-07-09 18:30:00+00:00,25229,25232,25221,25232,58
2026-07-09 18:45:00+00:00,25229,25232,25222,25230,65
2026-07-09 19:00:00+00:00,25235,25240,25217,25219,99
2026-07-09 19:15:00+00:00,25217,25231,25217,25231,30
2026-07-09 19:30:00+00:00,25228,25228,25214,25224,122
2026-07-09 19:45:00+00:00,25225,25243,25220,25243,331
2026-07-09 20:00:00+00:00,25240,25240,25240,25240,10
2026-07-10 00:15:00+00:00,25222,25228,25212,25216,24
2026-07-10 00:45:00+00:00,25208,25208,25199,25199,6
2026-07-10 01:00:00+00:00,25218,25218,25217,25217,4
2026-07-10 01:15:00+00:00,25215,25225,25212,25225,14
2026-07-10 01:30:00+00:00,25230,25230,25230,25230,2
2026-07-10 01:45:00+00:00,25231,25248,25231,25248,5
2026-07-10 02:00:00+00:00,25235,25248,25230,25245,20
2026-07-10 02:15:00+00:00,25243,25268,25231,25231,71
2026-07-10 02:30:00+00:00,25230,25244,25225,25229,61
2026-07-10 02:45:00+00:00,25227,25237,25224,25234,15
2026-07-10 03:00:00+00:00,25236,25257,25236,25245,25
2026-07-10 03:15:00+00:00,25236,25241,25217,25226,34
2026-07-10 03:30:00+00:00,25225,25225,25225,25225,1
2026-07-10 03:45:00+00:00,25221,25236,25216,25225,33
2026-07-10 04:00:00+00:00,25227,25229,25213,25224,31
2026-07-10 04:15:00+00:00,25218,25218,25208,25213,9
2026-07-10 04:30:00+00:00,25215,25224,25206,25212,37
2026-07-10 04:45:00+00:00,25216,25220,25196,25200,37
2026-07-10 05:00:00+00:00,25197,25218,25197,25217,48
2026-07-10 05:15:00+00:00,25218,25218,25204,25207,19
2026-07-10 05:30:00+00:00,25203,25210,25188,25190,58
2026-07-10 05:45:00+00:00,25191,25196,25185,25188,60
2026-07-10 06:00:00+00:00,25198,25244,25198,25237,189
2026-07-10 06:15:00+00:00,25235,25248,25211,25220,193
2026-07-10 06:30:00+00:00,25218,25239,25205,25213,121
2026-07-10 06:45:00+00:00,25215,25242,25215,25221,286
2026-07-10 07:00:00+00:00,25224,25260,25192,25260,1048
2026-07-10 07:15:00+00:00,25257,25290,25242,25286,417
2026-07-10 07:30:00+00:00,25290,25319,25276,25276,517
2026-07-10 07:45:00+00:00,25276,25277,25215,25241,569
2026-07-10 08:00:00+00:00,25241,25288,25238,25281,455
2026-07-10 08:15:00+00:00,25276,25276,25212,25226,368
2026-07-10 08:30:00+00:00,25224,25234,25205,25228,250
2026-07-10 08:45:00+00:00,25224,25224,25182,25205,409
2026-07-10 09:00:00+00:00,25207,25218,25173,25212,367
2026-07-10 09:15:00+00:00,25211,25245,25207,25211,305
2026-07-10 09:30:00+00:00,25208,25213,25183,25200,342
2026-07-10 09:45:00+00:00,25200,25238,25197,25199,450
2026-07-10 10:00:00+00:00,25198,25245,25198,25238,263
2026-07-10 10:15:00+00:00,25238,25253,25225,25251,327
2026-07-10 10:30:00+00:00,25247,25278,25246,25256,284
2026-07-10 10:45:00+00:00,25253,25259,25238,25255,203
2026-07-10 11:00:00+00:00,25253,25265,25239,25261,435
2026-07-10 11:15:00+00:00,25262,25271,25239,25245,345
2026-07-10 11:30:00+00:00,25244,25245,25213,25230,256
2026-07-10 11:45:00+00:00,25233,25244,25210,25221,203
2026-07-10 12:00:00+00:00,25225,25311,25187,25270,755
2026-07-10 12:15:00+00:00,25273,25274,25225,25239,306
2026-07-10 12:30:00+00:00,25237,25240,25214,25233,211
2026-07-10 12:45:00+00:00,25236,25250,25232,25244,124
2026-07-10 13:00:00+00:00,25245,25262,25234,25261,220
2026-07-10 13:15:00+00:00,25263,25274,25249,25255,139
2026-07-10 13:30:00+00:00,25260,25278,25215,25219,427
2026-07-10 13:45:00+00:00,25220,25243,25208,25210,317
2026-07-10 14:00:00+00:00,25208,25240,25206,25225,303
2026-07-10 14:15:00+00:00,25225,25245,25210,25212,229
2026-07-10 14:30:00+00:00,25210,25221,25047,25180,1472
2026-07-10 14:45:00+00:00,25181,25188,25152,25159,375
2026-07-10 15:00:00+00:00,25159,25164,25127,25147,591
2026-07-10 15:15:00+00:00,25146,25207,25146,25205,979
2026-07-10 15:30:00+00:00,25203,25206,25170,25180,884
2026-07-10 15:45:00+00:00,25181,25202,25178,25196,169
2026-07-10 16:00:00+00:00,25197,25212,25197,25208,166
2026-07-10 16:15:00+00:00,25209,25216,25201,25205,99
2026-07-10 16:30:00+00:00,25206,25210,25192,25210,129
2026-07-10 16:45:00+00:00,25212,25231,25209,25230,83
2026-07-10 17:00:00+00:00,25232,25235,25218,25224,72
2026-07-10 17:15:00+00:00,25228,25236,25228,25234,35
2026-07-10 17:30:00+00:00,25237,25241,25234,25238,42
2026-07-10 17:45:00+00:00,25238,25244,25230,25230,38
2026-07-10 18:00:00+00:00,25232,25245,25230,25231,132
2026-07-10 18:15:00+00:00,25232,25245,25226,25238,161
2026-07-10 18:30:00+00:00,25240,25246,25236,25236,30
2026-07-10 18:45:00+00:00,25235,25238,25228,25232,73
2026-07-10 19:00:00+00:00,25232,25238,25229,25237,109
2026-07-10 19:15:00+00:00,25236,25238,25221,25230,96
2026-07-10 19:30:00+00:00,25228,25243,25218,25219,229
2026-07-10 19:45:00+00:00,25219,25232,25216,25224,274
2026-07-10 20:00:00+00:00,25231,25231,25231,25231,8
2026-07-13 00:15:00+00:00,25174,25174,25132,25158,44
2026-07-13 00:30:00+00:00,25145,25145,25094,25094,15
2026-07-13 00:45:00+00:00,25085,25085,25060,25060,10
2026-07-13 01:00:00+00:00,25064,25069,25041,25041,14
2026-07-13 01:15:00+00:00,25045,25045,25038,25044,3
2026-07-13 01:30:00+00:00,25041,25048,25041,25045,8
2026-07-13 01:45:00+00:00,25036,25036,25013,25028,17
2026-07-13 02:00:00+00:00,25018,25018,25013,25014,6
2026-07-13 02:15:00+00:00,25019,25040,25017,25040,6
2026-07-13 02:30:00+00:00,25030,25030,25020,25020,7
2026-07-13 02:45:00+00:00,25017,25017,25005,25005,8
2026-07-13 03:00:00+00:00,25003,25003,24973,24977,24
2026-07-13 03:15:00+00:00,24977,24979,24970,24979,16
2026-07-13 03:30:00+00:00,24975,24990,24960,24973,30
2026-07-13 03:45:00+00:00,24974,24977,24959,24959,17
2026-07-13 04:00:00+00:00,24958,24958,24938,24941,48
2026-07-13 04:15:00+00:00,24936,24947,24933,24935,18
2026-07-13 04:30:00+00:00,24936,24940,24925,24929,35
2026-07-13 04:45:00+00:00,24923,24923,24911,24920,17
2026-07-13 05:00:00+00:00,24920,24975,24918,24972,47
2026-07-13 05:15:00+00:00,24968,24968,24922,24924,25
2026-07-13 05:30:00+00:00,24918,24975,24892,24950,113
2026-07-13 05:45:00+00:00,24945,24980,24940,24963,86
2026-07-13 06:00:00+00:00,24962,24993,24962,24979,274
2026-07-13 06:15:00+00:00,24979,25021,24979,25017,180
2026-07-13 06:30:00+00:00,25020,25023,25002,25021,147
2026-07-13 06:45:00+00:00,25019,25048,25019,25042,337
2026-07-13 07:00:00+00:00,25042,25166,25041,25165,1726
2026-07-13 07:15:00+00:00,25166,25176,25124,25166,792
2026-07-13 07:30:00+00:00,25166,25175,25128,25155,500
2026-07-13 07:45:00+00:00,25161,25185,25143,25183,380
2026-07-13 08:00:00+00:00,25185,25206,25165,25200,442
2026-07-13 08:15:00+00:00,25199,25220,25197,25206,386
2026-07-13 08:30:00+00:00,25207,25225,25201,25205,314
2026-07-13 08:45:00+00:00,25206,25239,25201,25231,375
2026-07-13 09:00:00+00:00,25234,25239,25205,25209,275
2026-07-13 09:15:00+00:00,25211,25260,25205,25253,436
2026-07-13 09:30:00+00:00,25254,25271,25248,25258,288
2026-07-13 09:45:00+00:00,25259,25270,25250,25258,192
2026-07-13 10:00:00+00:00,25260,25271,25225,25236,344
2026-07-13 10:15:00+00:00,25235,25236,25188,25194,219
2026-07-13 10:30:00+00:00,25193,25224,25179,25219,285
2026-07-13 10:45:00+00:00,25219,25233,25208,25219,194
2026-07-13 11:00:00+00:00,25223,25247,25208,25222,321
2026-07-13 11:15:00+00:00,25221,25240,25212,25237,128
2026-07-13 11:30:00+00:00,25235,25245,25223,25239,139
2026-07-13 11:45:00+00:00,25240,25240,25202,25214,174
2026-07-13 12:00:00+00:00,25207,25234,25182,25186,338
2026-07-13 12:15:00+00:00,25191,25212,25185,25191,179
2026-07-13 12:30:00+00:00,25194,25195,25165,25181,229
2026-07-13 12:45:00+00:00,25177,25240,25177,25236,212
2026-07-13 13:00:00+00:00,25239,25247,25216,25227,193
2026-07-13 13:15:00+00:00,25223,25223,25192,25209,226
2026-07-13 13:30:00+00:00,25212,25233,25203,25209,283
2026-07-13 13:45:00+00:00,25212,25249,25180,25233,564
2026-07-13 14:00:00+00:00,25232,25246,25195,25226,338
2026-07-13 14:15:00+00:00,25222,25226,25085,25194,1424
2026-07-13 14:30:00+00:00,25197,25209,25168,25177,344
2026-07-13 14:45:00+00:00,25179,25236,25168,25234,412
2026-07-13 15:00:00+00:00,25232,25241,25202,25219,444
2026-07-13 15:15:00+00:00,25221,25221,25181,25200,464
2026-07-13 15:30:00+00:00,25202,25243,25196,25212,997
2026-07-13 15:45:00+00:00,25214,25220,25196,25201,141
2026-07-13 16:00:00+00:00,25200,25216,25196,25198,62
2026-07-13 16:15:00+00:00,25198,25198,25161,25167,222
2026-07-13 16:30:00+00:00,25171,25188,25137,25183,247
2026-07-13 16:45:00+00:00,25189,25190,25147,25159,171
2026-07-13 17:00:00+00:00,25162,25192,25162,25178,114
2026-07-13 17:15:00+00:00,25175,25181,25164,25164,83
2026-07-13 17:30:00+00:00,25164,25170,25154,25167,62
2026-07-13 17:45:00+00:00,25168,25173,25125,25125,107
2026-07-13 18:00:00+00:00,25128,25135,25109,25121,186
2026-07-13 18:15:00+00:00,25121,25123,25098,25102,129
2026-07-13 18:30:00+00:00,25096,25119,25095,25115,71
2026-07-13 18:45:00+00:00,25113,25134,25103,25128,228
2026-07-13 19:00:00+00:00,25132,25140,25105,25106,85
2026-07-13 19:15:00+00:00,25104,25107,25082,25085,119
2026-07-13 19:30:00+00:00,25087,25104,25080,25100,240
2026-07-13 19:45:00+00:00,25101,25127,25096,25127,300
2026-07-13 20:00:00+00:00,25126,25126,25126,25126,10
2026-07-14 00:15:00+00:00,25095,25095,24973,25002,75
2026-07-14 00:30:00+00:00,24997,25011,24943,24949,30
2026-07-14 00:45:00+00:00,24953,25021,24953,25021,21
2026-07-14 01:00:00+00:00,25015,25033,25007,25013,40
2026-07-14 01:15:00+00:00,25011,25026,25009,25016,73
2026-07-14 01:30:00+00:00,24994,24998,24974,24991,8
2026-07-14 01:45:00+00:00,24992,24993,24965,24972,8
2026-07-14 02:00:00+00:00,24993,24993,24981,24981,4
2026-07-14 02:15:00+00:00,24986,24988,24961,24961,14
2026-07-14 02:30:00+00:00,24971,24999,24963,24994,13
2026-07-14 02:45:00+00:00,24984,24984,24946,24946,20
2026-07-14 03:00:00+00:00,24952,24955,24922,24922,11
2026-07-14 03:15:00+00:00,24928,24943,24898,24942,52
2026-07-14 03:30:00+00:00,24943,24943,24923,24927,6
2026-07-14 03:45:00+00:00,24957,24985,24951,24982,13
2026-07-14 04:00:00+00:00,24985,25003,24963,24975,32
2026-07-14 04:15:00+00:00,24968,25007,24968,24993,12
2026-07-14 04:30:00+00:00,24999,25052,24999,25052,23
2026-07-14 04:45:00+00:00,25049,25050,25049,25050,3
2026-07-14 05:00:00+00:00,25050,25070,25050,25068,11
2026-07-14 05:15:00+00:00,25075,25094,25065,25091,19
2026-07-14 05:30:00+00:00,25110,25118,25094,25102,67
2026-07-14 05:45:00+00:00,25104,25105,25090,25095,17
2026-07-14 06:00:00+00:00,25096,25132,25092,25114,217
2026-07-14 06:15:00+00:00,25118,25125,25056,25056,309
2026-07-14 06:30:00+00:00,25054,25072,25033,25045,244
2026-07-14 06:45:00+00:00,25042,25042,24974,24986,541
2026-07-14 07:00:00+00:00,24984,25126,24965,25113,1969
2026-07-14 07:15:00+00:00,25110,25125,25068,25106,498
2026-07-14 07:30:00+00:00,25108,25109,25044,25046,543
2026-07-14 07:45:00+00:00,25045,25096,25013,25093,532
2026-07-14 08:00:00+00:00,25094,25121,25041,25079,410
2026-07-14 08:15:00+00:00,25084,25095,25056,25092,278
2026-07-14 08:30:00+00:00,25090,25103,25060,25071,201
2026-07-14 08:45:00+00:00,25070,25085,25044,25051,212
2026-07-14 09:00:00+00:00,25052,25109,25041,25109,310
2026-07-14 09:15:00+00:00,25106,25106,25064,25064,234
2026-07-14 09:30:00+00:00,25065,25078,25054,25075,173
2026-07-14 09:45:00+00:00,25074,25123,25074,25107,314
2026-07-14 10:00:00+00:00,25110,25135,25092,25106,258
2026-07-14 10:15:00+00:00,25108,25117,25086,25097,136
2026-07-14 10:30:00+00:00,25100,25113,25065,25070,361
2026-07-14 10:45:00+00:00,25068,25077,25032,25062,321
2026-07-14 11:00:00+00:00,25063,25065,25001,25035,911
2026-07-14 11:15:00+00:00,25035,25070,25027,25057,368
2026-07-14 11:30:00+00:00,25057,25062,25014,25021,248
2026-07-14 11:45:00+00:00,25020,25036,25004,25025,339
2026-07-14 12:00:00+00:00,25028,25030,24982,25006,513
2026-07-14 12:15:00+00:00,25004,25054,24992,25054,289
2026-07-14 12:30:00+00:00,25064,25209,25064,25100,1144
2026-07-14 12:45:00+00:00,25097,25109,25061,25099,450
2026-07-14 13:00:00+00:00,25099,25145,25091,25141,342
2026-07-14 13:15:00+00:00,25142,25146,25110,25146,209
2026-07-14 13:30:00+00:00,25143,25201,25117,25198,564
2026-07-14 13:45:00+00:00,25196,25220,25172,25214,475
2026-07-14 14:00:00+00:00,25213,25213,25160,25182,489
2026-07-14 14:15:00+00:00,25167,25227,25157,25220,459
2026-07-14 14:30:00+00:00,25221,25343,25208,25252,957
2026-07-14 14:45:00+00:00,25252,25260,25221,25244,378
2026-07-14 15:00:00+00:00,25247,25295,25220,25281,725
2026-07-14 15:15:00+00:00,25278,25282,25237,25259,696
2026-07-14 15:30:00+00:00,25261,25287,25217,25237,818
2026-07-14 15:45:00+00:00,25237,25245,25192,25205,264
2026-07-14 16:00:00+00:00,25207,25212,25186,25209,271
2026-07-14 16:15:00+00:00,25208,25212,25194,25208,96
2026-07-14 16:30:00+00:00,25207,25213,25198,25206,40
2026-07-14 16:45:00+00:00,25206,25221,25186,25221,183
2026-07-14 17:00:00+00:00,25220,25227,25211,25220,118
2026-07-14 17:15:00+00:00,25218,25229,25208,25224,93
2026-07-14 17:30:00+00:00,25226,25229,25207,25207,65
2026-07-14 17:45:00+00:00,25211,25211,25191,25196,70
2026-07-14 18:00:00+00:00,25194,25197,25182,25196,121
2026-07-14 18:15:00+00:00,25197,25198,25183,25190,47
2026-07-14 18:30:00+00:00,25192,25192,25157,25176,365
2026-07-14 18:45:00+00:00,25176,25180,25169,25172,62
2026-07-14 19:00:00+00:00,25169,25178,25166,25174,146
2026-07-14 19:15:00+00:00,25176,25183,25169,25176,97
2026-07-14 19:30:00+00:00,25177,25179,25156,25168,273
2026-07-14 19:45:00+00:00,25168,25177,25149,25154,378
2026-07-14 20:00:00+00:00,25174,25174,25174,25174,17
2026-07-15 00:15:00+00:00,25196,25201,25186,25194,26
2026-07-15 00:30:00+00:00,25190,25190,25159,25159,7
2026-07-15 00:45:00+00:00,25162,25192,25162,25190,20
2026-07-15 01:00:00+00:00,25193,25196,25158,25160,9
2026-07-15 01:15:00+00:00,25171,25173,25170,25170,4
2026-07-15 01:30:00+00:00,25171,25171,25149,25149,7
2026-07-15 01:45:00+00:00,25152,25181,25152,25181,5
2026-07-15 02:30:00+00:00,25197,25200,25191,25200,6
2026-07-15 02:45:00+00:00,25200,25200,25186,25186,5
2026-07-15 03:00:00+00:00,25184,25188,25184,25188,3
2026-07-15 03:30:00+00:00,25194,25194,25194,25194,2
2026-07-15 03:45:00+00:00,25198,25209,25198,25202,6
2026-07-15 04:15:00+00:00,25206,25206,25199,25200,3
2026-07-15 04:30:00+00:00,25202,25202,25202,25202,2
2026-07-15 04:45:00+00:00,25205,25210,25205,25210,2
2026-07-15 05:00:00+00:00,25215,25251,25176,25186,151
2026-07-15 05:15:00+00:00,25189,25200,25163,25171,28
2026-07-15 05:30:00+00:00,25168,25192,25148,25149,152
2026-07-15 05:45:00+00:00,25148,25187,25148,25175,76
2026-07-15 06:00:00+00:00,25171,25186,25150,25154,254
2026-07-15 06:15:00+00:00,25153,25174,25140,25162,235
2026-07-15 06:30:00+00:00,25161,25161,25131,25147,145
2026-07-15 06:45:00+00:00,25147,25153,25108,25132,548
2026-07-15 07:00:00+00:00,25133,25134,25008,25049,2187
2026-07-15 07:15:00+00:00,25047,25059,24942,24974,1265
2026-07-15 07:30:00+00:00,24971,25015,24958,25011,1157
2026-07-15 07:45:00+00:00,25010,25035,24986,25030,618
2026-07-15 08:00:00+00:00,25031,25064,25012,25064,288
2026-07-15 08:15:00+00:00,25064,25100,25048,25095,632
2026-07-15 08:30:00+00:00,25095,25134,25086,25108,618
2026-07-15 08:45:00+00:00,25108,25135,25095,25116,380
2026-07-15 09:00:00+00:00,25115,25150,25107,25145,325
2026-07-15 09:15:00+00:00,25143,25145,25121,25123,218
2026-07-15 09:30:00+00:00,25122,25125,25080,25099,393
2026-07-15 09:45:00+00:00,25102,25102,25050,25057,351
2026-07-15 10:00:00+00:00,25054,25092,25052,25087,224
2026-07-15 10:15:00+00:00,25083,25096,25050,25062,182
2026-07-15 10:30:00+00:00,25067,25082,25054,25054,157
2026-07-15 10:45:00+00:00,25054,25066,25046,25049,154
2026-07-15 11:00:00+00:00,25046,25053,25023,25043,299
2026-07-15 11:15:00+00:00,25044,25060,25039,25039,197
2026-07-15 11:30:00+00:00,25040,25083,25031,25077,143
2026-07-15 11:45:00+00:00,25076,25116,25068,25108,160
2026-07-15 12:00:00+00:00,25113,25120,25085,25117,275
2026-07-15 12:15:00+00:00,25117,25134,25103,25103,204
2026-07-15 12:30:00+00:00,25114,25139,25111,25136,287
2026-07-15 12:45:00+00:00,25134,25143,25116,25124,325
2026-07-15 13:00:00+00:00,25126,25150,25105,25107,326
2026-07-15 13:15:00+00:00,25108,25132,25097,25118,253
2026-07-15 13:30:00+00:00,25123,25163,25092,25092,741
2026-07-15 13:45:00+00:00,25093,25146,25066,25126,616
2026-07-15 14:00:00+00:00,25127,25143,25113,25133,367
2026-07-15 14:15:00+00:00,25136,25168,25121,25143,557
2026-07-15 14:30:00+00:00,25146,25161,25121,25123,463
2026-07-15 14:45:00+00:00,25124,25148,25105,25148,336
2026-07-15 15:00:00+00:00,25146,25149,25110,25113,298
2026-07-15 15:15:00+00:00,25111,25133,25102,25123,819
2026-07-15 15:30:00+00:00,25121,25152,25115,25130,1063
2026-07-15 15:45:00+00:00,25128,25132,25107,25110,163
2026-07-15 16:00:00+00:00,25110,25110,25067,25067,231
2026-07-15 16:15:00+00:00,25066,25069,25048,25064,252
2026-07-15 16:30:00+00:00,25065,25068,25033,25048,138
2026-07-15 16:45:00+00:00,25050,25094,25049,25074,586
2026-07-15 17:00:00+00:00,25075,25094,25075,25087,101
2026-07-15 17:15:00+00:00,25083,25110,25083,25110,83
2026-07-15 17:30:00+00:00,25111,25136,25106,25127,243
2026-07-15 17:45:00+00:00,25127,25145,25124,25129,181
2026-07-15 18:00:00+00:00,25130,25138,25123,25137,112
2026-07-15 18:15:00+00:00,25134,25136,25125,25127,89
2026-07-15 18:30:00+00:00,25128,25139,25126,25132,61
2026-07-15 18:45:00+00:00,25130,25132,25106,25109,285
2026-07-15 19:00:00+00:00,25110,25127,25102,25124,118
2026-07-15 19:15:00+00:00,25122,25125,25105,25114,89
2026-07-15 19:30:00+00:00,25114,25118,25092,25102,228
2026-07-15 19:45:00+00:00,25100,25116,25088,25107,397
2026-07-15 20:00:00+00:00,25104,25104,25104,25104,6
2026-07-16 00:15:00+00:00,25136,25148,25111,25111,46
2026-07-16 00:30:00+00:00,25118,25118,25090,25090,4
2026-07-16 00:45:00+00:00,25076,25081,25073,25073,5
2026-07-16 01:00:00+00:00,25048,25048,25048,25048,1
2026-07-16 01:15:00+00:00,25033,25041,25016,25033,22
2026-07-16 01:30:00+00:00,25043,25056,25043,25056,4
2026-07-16 01:45:00+00:00,25050,25068,25042,25042,13
2026-07-16 02:00:00+00:00,25042,25043,25023,25023,4
2026-07-16 02:15:00+00:00,25042,25042,25042,25042,1
2026-07-16 02:30:00+00:00,25072,25072,25072,25072,1
2026-07-16 03:15:00+00:00,25096,25096,25096,25096,1
2026-07-16 03:30:00+00:00,25114,25117,25114,25116,4
2026-07-16 03:45:00+00:00,25115,25132,25115,25132,11
2026-07-16 04:00:00+00:00,25142,25142,25138,25138,4
2026-07-16 04:15:00+00:00,25116,25116,25103,25103,5
2026-07-16 04:30:00+00:00,25101,25101,25101,25101,1
2026-07-16 04:45:00+00:00,25110,25110,25103,25103,2
2026-07-16 05:00:00+00:00,25111,25133,25107,25132,47
2026-07-16 05:15:00+00:00,25149,25166,25143,25155,38
2026-07-16 05:30:00+00:00,25166,25174,25125,25135,33
2026-07-16 05:45:00+00:00,25129,25140,25119,25138,17
2026-07-16 06:00:00+00:00,25129,25145,25070,25107,321
2026-07-16 06:15:00+00:00,25110,25135,25109,25118,157
2026-07-16 06:30:00+00:00,25115,25118,25081,25097,127
2026-07-16 06:45:00+00:00,25096,25141,25090,25132,269
2026-07-16 07:00:00+00:00,25133,25163,25021,25021,1325
2026-07-16 07:15:00+00:00,25021,25076,25004,25054,703
2026-07-16 07:30:00+00:00,25056,25063,24984,25005,704
2026-07-16 07:45:00+00:00,25006,25006,24951,24979,668
2026-07-16 08:00:00+00:00,24976,25003,24947,24951,535
2026-07-16 08:15:00+00:00,24952,25010,24930,25004,852
2026-07-16 08:30:00+00:00,25008,25026,24994,25009,253
2026-07-16 08:45:00+00:00,25014,25047,25009,25011,452
2026-07-16 09:00:00+00:00,25015,25054,25009,25046,361
2026-07-16 09:15:00+00:00,25045,25057,24980,24987,411
2026-07-16 09:30:00+00:00,24988,25003,24958,24969,403
2026-07-16 09:45:00+00:00,24968,24976,24942,24965,308
2026-07-16 10:00:00+00:00,24964,24989,24950,24957,438
2026-07-16 10:15:00+00:00,24958,24961,24923,24954,434
2026-07-16 10:30:00+00:00,24951,24963,24939,24952,330
2026-07-16 10:45:00+00:00,24951,24967,24935,24943,353
2026-07-16 11:00:00+00:00,24944,24946,24912,24917,337
2026-07-16 11:15:00+00:00,24919,24934,24891,24909,439
2026-07-16 11:30:00+00:00,24908,24910,24874,24898,521
2026-07-16 11:45:00+00:00,24898,24903,24795,24880,1102
2026-07-16 12:00:00+00:00,24884,24906,24859,24866,374
2026-07-16 12:15:00+00:00,24865,24888,24821,24839,949
2026-07-16 12:30:00+00:00,24838,24846,24808,24815,330
2026-07-16 12:45:00+00:00,24813,24866,24809,24842,486
2026-07-16 13:00:00+00:00,24841,24898,24833,24892,305
2026-07-16 13:15:00+00:00,24892,24899,24868,24877,315
2026-07-16 13:30:00+00:00,24879,24889,24840,24865,427
2026-07-16 13:45:00+00:00,24866,24907,24852,24885,486
2026-07-16 14:00:00+00:00,24885,24932,24883,24919,529
2026-07-16 14:15:00+00:00,24921,24926,24888,24899,301
2026-07-16 14:30:00+00:00,24898,24911,24885,24898,295
2026-07-16 14:45:00+00:00,24897,24933,24891,24929,403
2026-07-16 15:00:00+00:00,24929,24964,24921,24963,510
2026-07-16 15:15:00+00:00,24964,24988,24951,24974,867
2026-07-16 15:30:00+00:00,24975,25046,24971,25029,1266
2026-07-16 15:45:00+00:00,25027,25032,24990,24992,515
2026-07-16 16:00:00+00:00,24993,24995,24966,24969,202
2026-07-16 16:15:00+00:00,24971,24982,24942,24961,343
2026-07-16 16:30:00+00:00,24964,24982,24955,24978,201
2026-07-16 16:45:00+00:00,24980,25020,24973,25015,156
2026-07-16 17:00:00+00:00,25017,25020,25004,25006,91
2026-07-16 17:15:00+00:00,25005,25022,24999,25022,108
2026-07-16 17:30:00+00:00,25020,25023,24985,24993,357
2026-07-16 17:45:00+00:00,24996,25002,24986,24993,122
2026-07-16 18:00:00+00:00,24990,24994,24969,24990,103
2026-07-16 18:15:00+00:00,24980,25006,24977,24997,47
2026-07-16 18:30:00+00:00,24997,24997,24975,24988,76
2026-07-16 18:45:00+00:00,24990,24999,24982,24985,40
2026-07-16 19:00:00+00:00,24987,24993,24975,24978,49
2026-07-16 19:15:00+00:00,24976,24989,24973,24979,44
2026-07-16 19:30:00+00:00,24977,24982,24953,24973,239
2026-07-16 19:45:00+00:00,24974,24995,24934,24995,509
2026-07-16 20:00:00+00:00,25003,25003,25003,25003,29
2026-07-17 00:15:00+00:00,24904,24933,24883,24919,77
2026-07-17 00:30:00+00:00,24910,24911,24888,24888,19
2026-07-17 00:45:00+00:00,24895,24922,24895,24922,5
2026-07-17 01:00:00+00:00,24925,24930,24915,24915,8
2026-07-17 01:15:00+00:00,24922,24922,24903,24903,6
2026-07-17 01:30:00+00:00,24888,24888,24878,24880,9
2026-07-17 01:45:00+00:00,24860,24862,24840,24840,9
2026-07-17 02:00:00+00:00,24849,24849,24849,24849,1
2026-07-17 02:30:00+00:00,24824,24824,24824,24824,2
2026-07-17 02:45:00+00:00,24843,24843,24828,24829,14
2026-07-17 03:15:00+00:00,24873,24881,24873,24879,5
2026-07-17 03:30:00+00:00,24855,24855,24855,24855,1
2026-07-17 03:45:00+00:00,24827,24827,24823,24826,3
2026-07-17 04:00:00+00:00,24806,24810,24786,24787,35
2026-07-17 04:15:00+00:00,24787,24793,24754,24758,50
2026-07-17 04:30:00+00:00,24749,24749,24715,24741,58
2026-07-17 04:45:00+00:00,24747,24789,24743,24783,26
2026-07-17 05:00:00+00:00,24770,24778,24762,24778,16
2026-07-17 05:15:00+00:00,24764,24783,24762,24769,7
2026-07-17 05:30:00+00:00,24775,24791,24762,24771,47
2026-07-17 05:45:00+00:00,24775,24819,24775,24812,63
2026-07-17 06:00:00+00:00,24808,24838,24792,24823,311
2026-07-17 06:15:00+00:00,24819,24895,24819,24889,288
2026-07-17 06:30:00+00:00,24887,24892,24849,24865,320
2026-07-17 06:45:00+00:00,24863,24863,24841,24844,391
2026-07-17 07:00:00+00:00,24843,24883,24817,24862,1408
2026-07-17 07:15:00+00:00,24866,24907,24849,24898,643
2026-07-17 07:30:00+00:00,24901,24928,24884,24928,518
2026-07-17 07:45:00+00:00,24929,24946,24905,24923,494
2026-07-17 08:00:00+00:00,24923,24959,24884,24910,457
2026-07-17 08:15:00+00:00,24909,24909,24824,24849,602
2026-07-17 08:30:00+00:00,24850,24858,24797,24837,738
2026-07-17 08:45:00+00:00,24836,24851,24812,24833,416
2026-07-17 09:00:00+00:00,24831,24831,24768,24801,633
2026-07-17 09:15:00+00:00,24800,24829,24781,24829,438
2026-07-17 09:30:00+00:00,24827,24827,24760,24765,310
2026-07-17 09:45:00+00:00,24770,24802,24765,24801,660
2026-07-17 10:00:00+00:00,24799,24841,24791,24832,373
2026-07-17 10:15:00+00:00,24835,24867,24833,24860,335
2026-07-17 10:30:00+00:00,24860,24902,24860,24884,359
2026-07-17 10:45:00+00:00,24882,24904,24873,24877,393
2026-07-17 11:00:00+00:00,24875,24896,24842,24842,774
2026-07-17 11:15:00+00:00,24849,24865,24840,24846,208
2026-07-17 11:30:00+00:00,24848,24885,24840,24868,185
2026-07-17 11:45:00+00:00,24867,24910,24864,24905,243
2026-07-17 12:00:00+00:00,24907,24918,24867,24885,400
2026-07-17 12:15:00+00:00,24886,24902,24863,24886,209
2026-07-17 12:30:00+00:00,24883,24914,24876,24907,244
2026-07-17 12:45:00+00:00,24901,24915,24872,24872,213
2026-07-17 13:00:00+00:00,24874,24875,24816,24825,405
2026-07-17 13:15:00+00:00,24825,24845,24802,24833,413
2026-07-17 13:30:00+00:00,24834,24885,24828,24856,523
2026-07-17 13:45:00+00:00,24851,24911,24851,24911,523
2026-07-17 14:00:00+00:00,24914,24920,24876,24884,553
2026-07-17 14:15:00+00:00,24884,24906,24878,24893,300
2026-07-17 14:30:00+00:00,24889,24911,24877,24885,391
2026-07-17 14:45:00+00:00,24885,24931,24871,24906,431
2026-07-17 15:00:00+00:00,24910,24914,24872,24888,404
2026-07-17 15:15:00+00:00,24890,24941,24881,24940,597
2026-07-17 15:30:00+00:00,24939,24963,24913,24946,1572
2026-07-17 15:45:00+00:00,24943,24988,24939,24988,366
2026-07-17 16:00:00+00:00,24987,24990,24940,24962,522
2026-07-17 16:15:00+00:00,24962,24966,24927,24941,189
2026-07-17 16:30:00+00:00,24943,24953,24935,24950,114
2026-07-17 16:45:00+00:00,24956,24976,24954,24959,163
2026-07-17 17:00:00+00:00,24960,24986,24960,24974,109
2026-07-17 17:15:00+00:00,24976,24982,24965,24977,140
2026-07-17 17:30:00+00:00,24976,24978,24946,24949,171
2026-07-17 17:45:00+00:00,24949,24951,24926,24926,93
2026-07-17 18:00:00+00:00,24928,24939,24918,24925,103
2026-07-17 18:15:00+00:00,24917,24925,24911,24911,22
2026-07-17 18:30:00+00:00,24918,24934,24900,24900,138
2026-07-17 18:45:00+00:00,24903,24923,24903,24915,37
2026-07-17 19:00:00+00:00,24913,24913,24894,24895,71
2026-07-17 19:15:00+00:00,24894,24899,24874,24894,75
2026-07-17 19:30:00+00:00,24897,24936,24897,24936,287
2026-07-17 19:45:00+00:00,24934,24955,24927,24940,302
2026-07-17 20:00:00+00:00,24924,24924,24924,24924,11
2026-07-20 00:15:00+00:00,24977,24993,24958,24958,55
2026-07-20 00:30:00+00:00,24947,24947,24935,24935,36
2026-07-20 00:45:00+00:00,24921,24934,24921,24926,12
2026-07-20 01:00:00+00:00,24936,24965,24936,24945,13
2026-07-20 01:15:00+00:00,24949,24949,24949,24949,1
2026-07-20 01:30:00+00:00,24924,24924,24903,24903,26
2026-07-20 01:45:00+00:00,24900,24910,24880,24880,7
2026-07-20 02:00:00+00:00,24913,24920,24913,24920,2
2026-07-20 02:15:00+00:00,24888,24888,24888,24888,1
2026-07-20 02:45:00+00:00,24939,24939,24939,24939,1
2026-07-20 03:00:00+00:00,24943,24943,24933,24933,6
2026-07-20 03:15:00+00:00,24927,24927,24927,24927,1
2026-07-20 03:45:00+00:00,24954,24954,24954,24954,1
2026-07-20 04:00:00+00:00,24947,24947,24926,24926,11
2026-07-20 04:15:00+00:00,24921,24923,24921,24923,4
2026-07-20 04:30:00+00:00,24940,24974,24940,24969,7
2026-07-20 04:45:00+00:00,24973,24973,24970,24970,4
2026-07-20 05:00:00+00:00,24951,24951,24910,24931,21
2026-07-20 05:15:00+00:00,24928,24928,24912,24912,16
2026-07-20 05:30:00+00:00,24908,24916,24891,24891,23
2026-07-20 05:45:00+00:00,24891,24891,24868,24874,19
2026-07-20 06:00:00+00:00,24877,24894,24853,24859,245
2026-07-20 06:15:00+00:00,24857,24867,24843,24858,177
2026-07-20 06:30:00+00:00,24855,24867,24835,24855,342
2026-07-20 06:45:00+00:00,24855,24866,24841,24852,188
2026-07-20 07:00:00+00:00,24851,24909,24840,24899,1061
2026-07-20 07:15:00+00:00,24895,24934,24857,24932,511
2026-07-20 07:30:00+00:00,24934,24995,24933,24995,854
2026-07-20 07:45:00+00:00,24995,25012,24936,24960,702
2026-07-20 08:00:00+00:00,24963,24995,24942,24989,395
2026-07-20 08:15:00+00:00,24992,25013,24977,25007,329
2026-07-20 08:30:00+00:00,25008,25019,24981,24987,399
2026-07-20 08:45:00+00:00,24990,25015,24978,25012,292
2026-07-20 09:00:00+00:00,25008,25020,24979,24996,294
2026-07-20 09:15:00+00:00,24996,25024,24996,25015,170
2026-07-20 09:30:00+00:00,25014,25052,25012,25043,350
2026-07-20 09:45:00+00:00,25040,25043,25004,25027,203
2026-07-20 10:00:00+00:00,25027,25032,25000,25003,243
2026-07-20 10:15:00+00:00,24999,25009,24971,24995,278
2026-07-20 10:30:00+00:00,24994,24998,24927,24939,461
2026-07-20 10:45:00+00:00,24939,24971,24922,24964,293
2026-07-20 11:00:00+00:00,24968,24995,24966,24976,339
2026-07-20 11:15:00+00:00,24975,24991,24970,24984,135
2026-07-20 11:30:00+00:00,24984,25081,24977,25055,1437
2026-07-20 11:45:00+00:00,25057,25062,25010,25047,343
2026-07-20 12:00:00+00:00,25047,25047,24941,24999,909
2026-07-20 12:15:00+00:00,24997,25010,24976,25004,235
2026-07-20 12:30:00+00:00,25008,25019,24984,24989,199
2026-07-20 12:45:00+00:00,24987,25003,24932,24940,289
2026-07-20 13:00:00+00:00,24943,24947,24904,24904,607
2026-07-20 13:15:00+00:00,24906,24946,24896,24935,403
2026-07-20 13:30:00+00:00,24937,24951,24888,24899,703
2026-07-20 13:45:00+00:00,24895,24895,24861,24890,571
2026-07-20 14:00:00+00:00,24890,24907,24867,24899,457
2026-07-20 14:15:00+00:00,24898,24929,24876,24929,315
2026-07-20 14:30:00+00:00,24925,24955,24913,24945,279
2026-07-20 14:45:00+00:00,24940,24955,24906,24926,315
2026-07-20 15:00:00+00:00,24930,24984,24912,24956,538
2026-07-20 15:15:00+00:00,24957,24976,24948,24964,410
2026-07-20 15:30:00+00:00,24964,24972,24930,24943,777
2026-07-20 15:45:00+00:00,24944,24964,24928,24953,127
2026-07-20 16:00:00+00:00,24953,24986,24953,24972,167
2026-07-20 16:15:00+00:00,24972,24977,24965,24969,47
2026-07-20 16:30:00+00:00,24971,24972,24906,24938,305
2026-07-20 16:45:00+00:00,24938,24946,24918,24921,139
2026-07-20 17:00:00+00:00,24921,24928,24900,24911,89
2026-07-20 17:15:00+00:00,24906,24917,24898,24915,94
2026-07-20 17:30:00+00:00,24920,24926,24891,24895,127
2026-07-20 17:45:00+00:00,24894,24907,24894,24902,50
2026-07-20 18:00:00+00:00,24908,24921,24906,24918,63
2026-07-20 18:15:00+00:00,24913,24917,24891,24895,150
2026-07-20 18:30:00+00:00,24891,24891,24831,24839,314
2026-07-20 18:45:00+00:00,24837,24864,24836,24851,195
2026-07-20 19:00:00+00:00,24851,24861,24807,24807,292
2026-07-20 19:15:00+00:00,24806,24837,24799,24836,357
2026-07-20 19:30:00+00:00,24836,24845,24825,24831,190
2026-07-20 19:45:00+00:00,24828,24854,24805,24807,352
2026-07-20 20:00:00+00:00,24819,24819,24819,24819,4
2026-07-21 00:15:00+00:00,24807,24808,24775,24804,62
2026-07-21 00:30:00+00:00,24810,24830,24809,24828,12
2026-07-21 00:45:00+00:00,24842,24847,24827,24827,9
2026-07-21 01:00:00+00:00,24827,24870,24827,24869,29
2026-07-21 01:15:00+00:00,24879,24885,24853,24867,24
2026-07-21 01:30:00+00:00,24870,24880,24851,24851,7
2026-07-21 01:45:00+00:00,24840,24840,24840,24840,1
2026-07-21 02:00:00+00:00,24846,24868,24846,24846,5
2026-07-21 02:15:00+00:00,24847,24866,24842,24866,6
2026-07-21 02:30:00+00:00,24872,24872,24871,24871,2
2026-07-21 02:45:00+00:00,24870,24870,24870,24870,1
2026-07-21 03:00:00+00:00,24885,24887,24884,24887,3
2026-07-21 03:15:00+00:00,24900,24904,24896,24901,5
2026-07-21 03:30:00+00:00,24909,24914,24909,24914,7
2026-07-21 03:45:00+00:00,24926,24928,24912,24912,23
2026-07-21 04:15:00+00:00,24913,24925,24913,24920,7
2026-07-21 04:30:00+00:00,24925,24926,24925,24926,2
2026-07-21 04:45:00+00:00,24932,24934,24928,24928,4
2026-07-21 05:00:00+00:00,24924,24924,24910,24910,10
2026-07-21 05:15:00+00:00,24903,24920,24896,24919,24
2026-07-21 05:30:00+00:00,24919,24948,24918,24943,42
2026-07-21 05:45:00+00:00,24941,24968,24938,24960,62
2026-07-21 06:00:00+00:00,24963,24974,24948,24951,252
2026-07-21 06:15:00+00:00,24951,24955,24928,24942,230
2026-07-21 06:30:00+00:00,24944,24967,24944,24954,105
2026-07-21 06:45:00+00:00,24956,24971,24933,24967,241
2026-07-21 07:00:00+00:00,24966,25037,24955,24977,1348
2026-07-21 07:15:00+00:00,24975,25006,24944,24957,502
2026-07-21 07:30:00+00:00,24958,24989,24923,24961,424
2026-07-21 07:45:00+00:00,24959,24982,24944,24976,260
2026-07-21 08:00:00+00:00,24974,24978,24938,24968,251
2026-07-21 08:15:00+00:00,24967,24988,24952,24962,229
2026-07-21 08:30:00+00:00,24958,25009,24954,25006,197
2026-07-21 08:45:00+00:00,25006,25006,24978,24983,217
2026-07-21 09:00:00+00:00,24982,25033,24982,25026,320
2026-07-21 09:15:00+00:00,25029,25055,25011,25017,541
2026-07-21 09:30:00+00:00,25018,25052,25012,25031,291
2026-07-21 09:45:00+00:00,25029,25059,25021,25031,339
2026-07-21 10:00:00+00:00,25033,25092,25032,25053,699
2026-07-21 10:15:00+00:00,25051,25071,25043,25059,203
2026-07-21 10:30:00+00:00,25057,25081,25048,25061,228
2026-07-21 10:45:00+00:00,25060,25066,25033,25033,153
2026-07-21 11:00:00+00:00,25036,25038,24980,24990,318
2026-07-21 11:15:00+00:00,24988,24994,24964,24988,372
2026-07-21 11:30:00+00:00,24988,25014,24981,24992,279
2026-07-21 11:45:00+00:00,24995,25002,24981,24999,134
2026-07-21 12:00:00+00:00,24999,25010,24994,25002,184
2026-07-21 12:15:00+00:00,25006,25008,24945,24945,237
2026-07-21 12:30:00+00:00,24945,24984,24926,24954,364
2026-07-21 12:45:00+00:00,24953,25005,24951,24997,280
2026-07-21 13:00:00+00:00,24999,24999,24965,24971,183
2026-07-21 13:15:00+00:00,24974,24984,24947,24965,196
2026-07-21 13:30:00+00:00,24967,25004,24912,24921,476
2026-07-21 13:45:00+00:00,24922,24947,24916,24927,421
2026-07-21 14:00:00+00:00,24929,25002,24929,24995,428
2026-07-21 14:15:00+00:00,24995,25035,24984,25024,408
2026-07-21 14:30:00+00:00,25024,25052,25020,25047,482
2026-07-21 14:45:00+00:00,25043,25072,25043,25061,387
2026-07-21 15:00:00+00:00,25063,25079,25042,25069,507
2026-07-21 15:15:00+00:00,25068,25105,25067,25089,1056
2026-07-21 15:30:00+00:00,25091,25137,25085,25122,1555
2026-07-21 15:45:00+00:00,25122,25141,25114,25133,264
2026-07-21 16:00:00+00:00,25133,25152,25131,25148,180
2026-07-21 16:15:00+00:00,25147,25153,25138,25147,190
2026-07-21 16:30:00+00:00,25147,25149,25139,25144,90
2026-07-21 16:45:00+00:00,25144,25161,25140,25143,158
2026-07-21 17:00:00+00:00,25145,25150,25139,25147,93
2026-07-21 17:15:00+00:00,25140,25145,25131,25134,66
2026-07-21 17:30:00+00:00,25138,25151,25138,25142,70
2026-07-21 17:45:00+00:00,25144,25146,25135,25139,65
2026-07-21 18:00:00+00:00,25139,25147,25139,25144,59
2026-07-21 18:15:00+00:00,25142,25151,25139,25151,52
2026-07-21 18:30:00+00:00,25151,25160,25146,25157,73
2026-07-21 18:45:00+00:00,25158,25158,25151,25153,29
2026-07-21 19:00:00+00:00,25148,25155,25144,25152,46
2026-07-21 19:15:00+00:00,25152,25158,25151,25156,61
2026-07-21 19:30:00+00:00,25154,25162,25147,25156,171
2026-07-21 19:45:00+00:00,25155,25177,25146,25167,340
2026-07-21 20:00:00+00:00,25169,25169,25169,25169,10
2026-07-22 00:15:00+00:00,25179,25189,25159,25166,24
2026-07-22 00:30:00+00:00,25172,25183,25172,25183,3
2026-07-22 00:45:00+00:00,25172,25180,25172,25180,2
2026-07-22 01:00:00+00:00,25188,25188,25176,25176,8
2026-07-22 01:15:00+00:00,25176,25181,25175,25181,3
2026-07-22 01:30:00+00:00,25173,25176,25170,25172,8
2026-07-22 01:45:00+00:00,25188,25200,25188,25194,19
2026-07-22 02:00:00+00:00,25172,25177,25172,25177,3
2026-07-22 02:15:00+00:00,25177,25179,25175,25176,5
2026-07-22 02:30:00+00:00,25178,25178,25170,25170,2
2026-07-22 03:00:00+00:00,25172,25172,25151,25151,26
2026-07-22 03:15:00+00:00,25156,25174,25156,25174,6
2026-07-22 03:30:00+00:00,25180,25183,25151,25151,4
2026-07-22 03:45:00+00:00,25152,25152,25144,25147,3
2026-07-22 04:15:00+00:00,25155,25155,25155,25155,1
2026-07-22 04:30:00+00:00,25146,25174,25146,25174,13
2026-07-22 04:45:00+00:00,25165,25165,25153,25153,12
2026-07-22 05:00:00+00:00,25151,25156,25149,25149,6
2026-07-22 05:15:00+00:00,25151,25152,25151,25151,4
2026-07-22 05:30:00+00:00,25148,25149,25143,25143,14
2026-07-22 05:45:00+00:00,25141,25158,25140,25147,40
2026-07-22 06:00:00+00:00,25145,25168,25140,25161,160
2026-07-22 06:15:00+00:00,25159,25159,25102,25110,199
2026-07-22 06:30:00+00:00,25108,25113,25089,25096,351
2026-07-22 06:45:00+00:00,25094,25094,25052,25069,664
2026-07-22 07:00:00+00:00,25069,25136,25066,25100,2019
2026-07-22 07:15:00+00:00,25101,25182,25095,25166,990
2026-07-22 07:30:00+00:00,25168,25170,25089,25112,665
2026-07-22 07:45:00+00:00,25108,25165,25106,25155,530
2026-07-22 08:00:00+00:00,25164,25251,25158,25216,946
2026-07-22 08:15:00+00:00,25215,25260,25209,25250,546
2026-07-22 08:30:00+00:00,25252,25290,25239,25243,881
2026-07-22 08:45:00+00:00,25244,25275,25244,25272,476
2026-07-22 09:00:00+00:00,25273,25317,25265,25305,569
2026-07-22 09:15:00+00:00,25304,25341,25297,25300,490
2026-07-22 09:30:00+00:00,25298,25298,25220,25225,547
2026-07-22 09:45:00+00:00,25223,25267,25214,25267,475
2026-07-22 10:00:00+00:00,25264,25302,25264,25287,433
2026-07-22 10:15:00+00:00,25287,25370,25287,25353,778
2026-07-22 10:30:00+00:00,25350,25355,25239,25251,808
2026-07-22 10:45:00+00:00,25246,25266,25228,25230,410
2026-07-22 11:00:00+00:00,25233,25234,25169,25184,764
2026-07-22 11:15:00+00:00,25186,25195,25159,25181,499
2026-07-22 11:30:00+00:00,25180,25206,25145,25174,683
2026-07-22 11:45:00+00:00,25170,25199,25154,25157,274
2026-07-22 12:00:00+00:00,25160,25192,25149,25191,279
2026-07-22 12:15:00+00:00,25193,25227,25179,25225,261
2026-07-22 12:30:00+00:00,25222,25270,25221,25266,365
2026-07-22 12:45:00+00:00,25268,25277,25193,25239,788
2026-07-22 13:00:00+00:00,25238,25286,25238,25270,386
2026-07-22 13:15:00+00:00,25269,25302,25263,25295,252
2026-07-22 13:30:00+00:00,25298,25309,25222,25246,410
2026-07-22 13:45:00+00:00,25252,25311,25251,25295,464
2026-07-22 14:00:00+00:00,25295,25298,25264,25274,378
2026-07-22 14:15:00+00:00,25275,25275,25248,25265,296
2026-07-22 14:30:00+00:00,25267,25279,25249,25251,256
2026-07-22 14:45:00+00:00,25253,25275,25240,25271,386
2026-07-22 15:00:00+00:00,25271,25288,25259,25264,319
2026-07-22 15:15:00+00:00,25262,25283,25254,25271,571
2026-07-22 15:30:00+00:00,25273,25302,25255,25297,998
2026-07-22 15:45:00+00:00,25300,25307,25281,25297,221
2026-07-22 16:00:00+00:00,25299,25302,25295,25298,112
2026-07-22 16:15:00+00:00,25297,25299,25265,25275,132
2026-07-22 16:30:00+00:00,25275,25292,25273,25287,111
2026-07-22 16:45:00+00:00,25285,25302,25282,25301,69
2026-07-22 17:00:00+00:00,25298,25306,25292,25292,55
2026-07-22 17:15:00+00:00,25292,25302,25280,25282,141
2026-07-22 17:30:00+00:00,25285,25293,25283,25283,24
2026-07-22 17:45:00+00:00,25282,25282,25269,25270,29
2026-07-22 18:00:00+00:00,25270,25271,25252,25254,44
2026-07-22 18:15:00+00:00,25251,25254,25236,25249,144
2026-07-22 18:30:00+00:00,25243,25249,25236,25247,83
2026-07-22 18:45:00+00:00,25248,25260,25246,25250,59
2026-07-22 19:00:00+00:00,25251,25251,25236,25236,60
2026-07-22 19:15:00+00:00,25236,25249,25236,25246,82
2026-07-22 19:30:00+00:00,25245,25248,25233,25241,116
2026-07-22 19:45:00+00:00,25240,25254,25235,25250,216
2026-07-22 20:00:00+00:00,25272,25272,25272,25272,17
2026-07-23 00:15:00+00:00,25248,25304,25246,25283,92
2026-07-23 00:30:00+00:00,25287,25304,25285,25304,10
2026-07-23 00:45:00+00:00,25307,25317,25307,25317,7
2026-07-23 01:00:00+00:00,25308,25310,25305,25310,9
2026-07-23 01:15:00+00:00,25302,25305,25295,25302,16
2026-07-23 01:30:00+00:00,25294,25298,25277,25280,25
2026-07-23 01:45:00+00:00,25274,25274,25272,25274,3
2026-07-23 02:00:00+00:00,25266,25266,25265,25265,2
2026-07-23 02:15:00+00:00,25251,25257,25244,25244,4
2026-07-23 02:30:00+00:00,25250,25250,25250,25250,2
2026-07-23 03:00:00+00:00,25249,25249,25218,25221,6
2026-07-23 03:15:00+00:00,25225,25234,25225,25234,5
2026-07-23 03:45:00+00:00,25251,25251,25251,25251,1
2026-07-23 04:00:00+00:00,25245,25245,25236,25241,5
2026-07-23 04:15:00+00:00,25249,25253,25248,25253,3
2026-07-23 04:30:00+00:00,25247,25247,25240,25241,27
2026-07-23 04:45:00+00:00,25237,25238,25199,25206,65
2026-07-23 05:00:00+00:00,25210,25213,25199,25212,39
2026-07-23 05:15:00+00:00,25210,25219,25191,25215,72
2026-07-23 05:30:00+00:00,25221,25228,25184,25184,28
2026-07-23 05:45:00+00:00,25181,25182,25132,25132,65
2026-07-23 06:00:00+00:00,25139,25173,25133,25167,287
2026-07-23 06:15:00+00:00,25167,25177,25158,25166,144
2026-07-23 06:30:00+00:00,25165,25165,25126,25126,228
2026-07-23 06:45:00+00:00,25127,25149,25105,25117,422
2026-07-23 07:00:00+00:00,25114,25121,24994,25036,2043
2026-07-23 07:15:00+00:00,25035,25073,25016,25060,875
2026-07-23 07:30:00+00:00,25059,25066,25027,25048,444
2026-07-23 07:45:00+00:00,25048,25091,25016,25077,570
2026-07-23 08:00:00+00:00,25082,25132,25058,25097,673
2026-07-23 08:15:00+00:00,25095,25159,25093,25146,704
2026-07-23 08:30:00+00:00,25147,25163,25103,25104,381
2026-07-23 08:45:00+00:00,25101,25125,25093,25125,280
2026-07-23 09:00:00+00:00,25123,25168,25116,25132,395
2026-07-23 09:15:00+00:00,25130,25140,25087,25093,249
2026-07-23 09:30:00+00:00,25095,25107,25073,25101,207
2026-07-23 09:45:00+00:00,25104,25117,25076,25083,259
2026-07-23 10:00:00+00:00,25087,25094,25056,25061,327
2026-07-23 10:15:00+00:00,25062,25091,25054,25077,303
2026-07-23 10:30:00+00:00,25076,25115,25076,25094,296
2026-07-23 10:45:00+00:00,25096,25142,25094,25120,240
2026-07-23 11:00:00+00:00,25117,25122,25076,25085,302
2026-07-23 11:15:00+00:00,25085,25094,25052,25061,300
2026-07-23 11:30:00+00:00,25060,25068,25022,25037,287
2026-07-23 11:45:00+00:00,25040,25122,25031,25095,543
2026-07-23 12:00:00+00:00,25091,25095,25051,25052,427
2026-07-23 12:15:00+00:00,25064,25079,25024,25037,580
2026-07-23 12:30:00+00:00,25036,25038,24950,24965,1088
2026-07-23 12:45:00+00:00,24964,24971,24925,24935,1107
2026-07-23 13:00:00+00:00,24938,24944,24865,24897,1247
2026-07-23 13:15:00+00:00,24896,24900,24837,24845,728
2026-07-23 13:30:00+00:00,24850,24968,24845,24943,1327
2026-07-23 13:45:00+00:00,24945,24969,24910,24912,844
2026-07-23 14:00:00+00:00,24915,24955,24879,24936,655
2026-07-23 14:15:00+00:00,24933,24954,24908,24939,415
2026-07-23 14:30:00+00:00,24943,24943,24876,24878,514
2026-07-23 14:45:00+00:00,24875,24891,24838,24881,658
2026-07-23 15:00:00+00:00,24882,24889,24830,24842,690
2026-07-23 15:15:00+00:00,24841,24853,24786,24797,1515
2026-07-23 15:30:00+00:00,24798,24877,24784,24855,1954
2026-07-23 15:45:00+00:00,24857,24876,24855,24876,248
2026-07-23 16:00:00+00:00,24877,24893,24872,24893,181
2026-07-23 16:15:00+00:00,24892,24928,24892,24922,325
2026-07-23 16:30:00+00:00,24921,24922,24894,24894,155
2026-07-23 16:45:00+00:00,24893,24893,24869,24884,271
2026-07-23 17:00:00+00:00,24880,24881,24853,24877,146
2026-07-23 17:15:00+00:00,24877,24892,24876,24880,65
2026-07-23 17:30:00+00:00,24873,24879,24860,24866,88
2026-07-23 17:45:00+00:00,24868,24878,24848,24848,103
2026-07-23 18:00:00+00:00,24846,24848,24828,24839,100
2026-07-23 18:15:00+00:00,24831,24858,24831,24858,80
2026-07-23 18:30:00+00:00,24855,24858,24838,24843,67
2026-07-23 18:45:00+00:00,24845,24853,24834,24842,107
2026-07-23 19:00:00+00:00,24845,24852,24830,24834,119
2026-07-23 19:15:00+00:00,24837,24855,24835,24848,78
2026-07-23 19:30:00+00:00,24848,24859,24821,24822,111
2026-07-23 19:45:00+00:00,24821,24844,24807,24840,409
2026-07-23 20:00:00+00:00,24860,24860,24860,24860,4
2026-07-24 00:15:00+00:00,24830,24860,24830,24849,20
2026-07-24 00:30:00+00:00,24851,24853,24851,24853,3
2026-07-24 00:45:00+00:00,24854,24857,24854,24857,3
2026-07-24 01:00:00+00:00,24863,24874,24860,24873,7
2026-07-24 01:15:00+00:00,24873,24873,24863,24863,4
2026-07-24 01:30:00+00:00,24857,24858,24853,24853,10
2026-07-24 01:45:00+00:00,24861,24862,24843,24846,11
2026-07-24 02:45:00+00:00,24811,24811,24799,24807,11
2026-07-24 03:00:00+00:00,24797,24797,24788,24788,5
2026-07-24 03:15:00+00:00,24811,24820,24811,24820,3
2026-07-24 03:30:00+00:00,24814,24814,24814,24814,1
2026-07-24 03:45:00+00:00,24818,24821,24806,24806,3
2026-07-24 04:15:00+00:00,24806,24826,24806,24824,13
2026-07-24 04:30:00+00:00,24816,24816,24809,24809,2
2026-07-24 04:45:00+00:00,24805,24831,24799,24831,39
2026-07-24 05:00:00+00:00,24828,24852,24828,24848,17
2026-07-24 05:15:00+00:00,24844,24865,24843,24859,28
2026-07-24 05:30:00+00:00,24858,24865,24843,24860,43
2026-07-24 05:45:00+00:00,24866,24880,24849,24849,60
2026-07-24 06:00:00+00:00,24846,24857,24820,24839,230
2026-07-24 06:15:00+00:00,24843,24875,24832,24836,137
2026-07-24 06:30:00+00:00,24835,24853,24824,24831,165
2026-07-24 06:45:00+00:00,24833,24844,24801,24833,349
2026-07-24 07:00:00+00:00,24834,24988,24818,24985,1916
2026-07-24 07:15:00+00:00,24987,25037,24964,25005,1353
2026-07-24 07:30:00+00:00,25006,25013,24972,24989,746
2026-07-24 07:45:00+00:00,24986,25004,24967,24980,322
2026-07-24 08:00:00+00:00,24977,24991,24949,24982,304
2026-07-24 08:15:00+00:00,24986,25032,24976,25031,365
2026-07-24 08:30:00+00:00,25026,25061,25024,25033,614
2026-07-24 08:45:00+00:00,25034,25056,25022,25034,348
2026-07-24 09:00:00+00:00,25034,25073,25023,25057,484
2026-07-24 09:15:00+00:00,25058,25075,25044,25063,272
2026-07-24 09:30:00+00:00,25061,25097,25055,25078,440
2026-07-24 09:45:00+00:00,25079,25098,25077,25084,403
2026-07-24 10:00:00+00:00,25086,25089,25045,25054,454
2026-07-24 10:15:00+00:00,25052,25058,25033,25055,271
2026-07-24 10:30:00+00:00,25057,25072,25039,25056,290
2026-07-24 10:45:00+00:00,25057,25068,25050,25052,184
2026-07-24 11:00:00+00:00,25050,25076,25028,25041,424
2026-07-24 11:15:00+00:00,25042,25042,25015,25031,191
2026-07-24 11:30:00+00:00,25031,25039,25008,25019,231
2026-07-24 11:45:00+00:00,25018,25076,25006,25063,341
2026-07-24 12:00:00+00:00,25060,25074,25030,25072,248
2026-07-24 12:15:00+00:00,25067,25078,25019,25048,286
2026-07-24 12:30:00+00:00,25041,25058,25025,25029,130
2026-07-24 12:45:00+00:00,25032,25033,24995,25004,196
2026-07-24 13:00:00+00:00,25006,25031,25003,25021,281
2026-07-24 13:15:00+00:00,25018,25063,25018,25057,237
2026-07-24 13:30:00+00:00,25056,25083,25035,25042,472
2026-07-24 13:45:00+00:00,25036,25089,25033,25044,451
2026-07-24 14:00:00+00:00,25041,25092,25034,25087,440
2026-07-24 14:15:00+00:00,25084,25088,25057,25066,321
2026-07-24 14:30:00+00:00,25060,25080,25043,25054,299
2026-07-24 14:45:00+00:00,25049,25094,25030,25088,381
2026-07-24 15:00:00+00:00,25089,25148,25072,25142,812
2026-07-24 15:15:00+00:00,25141,25189,25136,25182,1550
2026-07-24 15:30:00+00:00,25180,25228,25172,25208,1686
2026-07-24 15:45:00+00:00,25207,25212,25186,25201,252
2026-07-24 16:00:00+00:00,25204,25220,25201,25206,199
2026-07-24 16:15:00+00:00,25205,25216,25200,25207,170
2026-07-24 16:30:00+00:00,25207,25207,25181,25188,273
2026-07-24 16:45:00+00:00,25186,25202,25172,25199,158
2026-07-24 17:00:00+00:00,25201,25202,25151,25169,433
2026-07-24 17:15:00+00:00,25168,25212,25167,25211,117
2026-07-24 17:30:00+00:00,25210,25215,25184,25184,77
2026-07-24 17:45:00+00:00,25183,25192,25181,25181,34
2026-07-24 18:00:00+00:00,25180,25190,25174,25177,64
2026-07-24 18:15:00+00:00,25174,25180,25155,25158,76
2026-07-24 18:30:00+00:00,25158,25159,25129,25136,347
2026-07-24 18:45:00+00:00,25134,25157,25134,25149,68
2026-07-24 19:00:00+00:00,25146,25160,25127,25128,156
2026-07-24 19:15:00+00:00,25125,25140,25116,25127,127
2026-07-24 19:30:00+00:00,25131,25159,25129,25159,216
2026-07-24 19:45:00+00:00,25160,25170,25150,25170,338
2026-07-24 20:00:00+00:00,25172,25172,25172,25172,6
2026-07-27 00:15:00+00:00,25370,25406,25293,25312,197
2026-07-27 00:30:00+00:00,25316,25322,25310,25310,7
2026-07-27 00:45:00+00:00,25312,25317,25298,25298,16
2026-07-27 01:00:00+00:00,25291,25307,25284,25295,28
2026-07-27 01:15:00+00:00,25273,25285,25270,25285,14
2026-07-27 01:30:00+00:00,25286,25322,25286,25322,16
2026-07-27 01:45:00+00:00,25337,25338,25324,25338,3
2026-07-27 02:00:00+00:00,25340,25347,25337,25341,8
2026-07-27 02:15:00+00:00,25342,25350,25338,25347,18
2026-07-27 02:30:00+00:00,25350,25351,25348,25348,5
2026-07-27 02:45:00+00:00,25352,25353,25336,25349,6
2026-07-27 03:00:00+00:00,25356,25386,25356,25386,23
2026-07-27 03:15:00+00:00,25379,25391,25379,25382,6
2026-07-27 03:30:00+00:00,25368,25372,25356,25358,18
2026-07-27 03:45:00+00:00,25358,25358,25351,25356,5
2026-07-27 04:00:00+00:00,25357,25382,25356,25356,17
2026-07-27 04:15:00+00:00,25357,25389,25357,25387,11
2026-07-27 04:30:00+00:00,25369,25405,25364,25405,8
2026-07-27 04:45:00+00:00,25408,25430,25408,25409,26
2026-07-27 05:00:00+00:00,25411,25452,25411,25447,25
2026-07-27 05:15:00+00:00,25445,25449,25441,25448,11
2026-07-27 05:30:00+00:00,25453,25465,25444,25452,70
2026-07-27 05:45:00+00:00,25450,25455,25441,25443,19
2026-07-27 06:00:00+00:00,25450,25490,25445,25484,612
2026-07-27 06:15:00+00:00,25481,25500,25473,25481,351
2026-07-27 06:30:00+00:00,25481,25510,25476,25492,271
2026-07-27 06:45:00+00:00,25495,25539,25488,25524,831
2026-07-27 07:00:00+00:00,25526,25570,25485,25535,2389
2026-07-27 07:15:00+00:00,25535,25550,25485,25493,950
2026-07-27 07:30:00+00:00,25494,25534,25475,25521,597
2026-07-27 07:45:00+00:00,25521,25546,25476,25477,724
2026-07-27 08:00:00+00:00,25475,25507,25455,25503,640
2026-07-27 08:15:00+00:00,25507,25544,25490,25543,406
2026-07-27 08:30:00+00:00,25540,25585,25524,25585,664
2026-07-27 08:45:00+00:00,25584,25599,25572,25596,655
2026-07-27 09:00:00+00:00,25597,25598,25564,25572,543
2026-07-27 09:15:00+00:00,25573,25602,25566,25579,330
2026-07-27 09:30:00+00:00,25580,25588,25554,25565,327
2026-07-27 09:45:00+00:00,25565,25595,25561,25567,252
2026-07-27 10:00:00+00:00,25565,25580,25549,25579,408
2026-07-27 10:15:00+00:00,25579,25605,25578,25603,436
2026-07-27 10:30:00+00:00,25606,25612,25590,25598,304
2026-07-27 10:45:00+00:00,25599,25620,25596,25597,358
2026-07-27 11:00:00+00:00,25600,25618,25596,25609,185
2026-07-27 11:15:00+00:00,25609,25621,25593,25594,373
2026-07-27 11:30:00+00:00,25593,25630,25593,25622,512
2026-07-27 11:45:00+00:00,25623,25633,25614,25617,241
2026-07-27 12:00:00+00:00,25614,25632,25583,25583,255
2026-07-27 12:15:00+00:00,25583,25598,25574,25591,285
2026-07-27 12:30:00+00:00,25589,25618,25579,25595,233
2026-07-27 12:45:00+00:00,25597,25602,25575,25599,219
2026-07-27 13:00:00+00:00,25602,25609,25569,25602,346
2026-07-27 13:15:00+00:00,25600,25610,25586,25586,291
2026-07-27 13:30:00+00:00,25587,25635,25562,25604,754
2026-07-27 13:45:00+00:00,25605,25654,25565,25568,711
2026-07-27 14:00:00+00:00,25566,25599,25539,25556,679
2026-07-27 14:15:00+00:00,25557,25572,25523,25524,393
2026-07-27 14:30:00+00:00,25523,25533,25488,25505,1250
2026-07-27 14:45:00+00:00,25504,25568,25501,25566,622
2026-07-27 15:00:00+00:00,25568,25568,25517,25539,569
2026-07-27 15:15:00+00:00,25537,25550,25507,25518,1098
2026-07-27 15:30:00+00:00,25519,25523,25450,25480,1536
2026-07-27 15:45:00+00:00,25477,25497,25471,25486,416
2026-07-27 16:00:00+00:00,25494,25507,25483,25488,98
2026-07-27 16:15:00+00:00,25489,25560,25479,25546,349
2026-07-27 16:30:00+00:00,25549,25560,25526,25526,158
2026-07-27 16:45:00+00:00,25533,25536,25487,25491,155
2026-07-27 17:00:00+00:00,25488,25491,25469,25489,206
2026-07-27 17:15:00+00:00,25484,25504,25480,25496,88
2026-07-27 17:30:00+00:00,25500,25519,25498,25508,67
2026-07-27 17:45:00+00:00,25515,25530,25508,25530,99
2026-07-27 18:00:00+00:00,25530,25530,25521,25525,27
2026-07-27 18:15:00+00:00,25518,25521,25510,25521,36
2026-07-27 18:30:00+00:00,25520,25537,25504,25528,356
2026-07-27 18:45:00+00:00,25535,25559,25527,25559,78
2026-07-27 19:00:00+00:00,25558,25570,25546,25558,71
2026-07-27 19:15:00+00:00,25558,25566,25552,25561,86
2026-07-27 19:30:00+00:00,25561,25575,25558,25560,141
2026-07-27 19:45:00+00:00,25560,25568,25550,25568,249
2026-07-27 20:00:00+00:00,25588,25588,25588,25588,13
2026-07-28 00:15:00+00:00,25539,25539,25501,25504,29
2026-07-28 00:30:00+00:00,25523,25523,25523,25523,1
2026-07-28 00:45:00+00:00,25492,25507,25492,25501,7
2026-07-28 01:00:00+00:00,25483,25489,25471,25475,54
2026-07-28 01:15:00+00:00,25469,25496,25469,25496,7
2026-07-28 01:30:00+00:00,25510,25510,25504,25506,4
2026-07-28 01:45:00+00:00,25507,25507,25477,25485,6
2026-07-28 02:00:00+00:00,25479,25481,25470,25480,9
2026-07-28 02:15:00+00:00,25476,25501,25476,25501,19
2026-07-28 02:30:00+00:00,25486,25494,25486,25494,3
2026-07-28 02:45:00+00:00,25502,25504,25483,25493,27
2026-07-28 03:00:00+00:00,25491,25491,25470,25482,17
2026-07-28 03:15:00+00:00,25490,25527,25490,25506,78
2026-07-28 03:30:00+00:00,25494,25570,25494,25570,52
2026-07-28 03:45:00+00:00,25573,25588,25565,25584,48
2026-07-28 04:00:00+00:00,25573,25582,25567,25567,27
2026-07-28 04:15:00+00:00,25549,25570,25549,25552,29
2026-07-28 04:30:00+00:00,25551,25554,25542,25544,14
2026-07-28 04:45:00+00:00,25543,25551,25517,25523,16
2026-07-28 05:00:00+00:00,25530,25542,25524,25540,34
2026-07-28 05:15:00+00:00,25535,25538,25535,25538,6
2026-07-28 05:30:00+00:00,25536,25536,25488,25491,46
2026-07-28 05:45:00+00:00,25494,25512,25494,25503,20
2026-07-28 06:00:00+00:00,25506,25529,25493,25497,202
2026-07-28 06:15:00+00:00,25500,25538,25500,25524,191
2026-07-28 06:30:00+00:00,25523,25541,25508,25540,136
2026-07-28 06:45:00+00:00,25540,25574,25534,25550,263
2026-07-28 07:00:00+00:00,25548,25608,25530,25576,1109
2026-07-28 07:15:00+00:00,25576,25648,25576,25608,703
2026-07-28 07:30:00+00:00,25606,25618,25577,25577,586
2026-07-28 07:45:00+00:00,25577,25591,25562,25565,398
2026-07-28 08:00:00+00:00,25564,25593,25542,25544,410
2026-07-28 08:15:00+00:00,25545,25566,25522,25548,432
2026-07-28 08:30:00+00:00,25551,25594,25523,25590,368
2026-07-28 08:45:00+00:00,25589,25609,25568,25577,338
2026-07-28 09:00:00+00:00,25582,25604,25575,25593,214
2026-07-28 09:15:00+00:00,25594,25624,25592,25624,219
2026-07-28 09:30:00+00:00,25623,25629,25604,25614,216
2026-07-28 09:45:00+00:00,25614,25625,25602,25605,124
2026-07-28 10:00:00+00:00,25602,25613,25575,25591,225
2026-07-28 10:15:00+00:00,25590,25594,25546,25563,162
2026-07-28 10:30:00+00:00,25564,25566,25520,25537,371
2026-07-28 10:45:00+00:00,25539,25555,25521,25541,283
2026-07-28 11:00:00+00:00,25539,25544,25494,25503,469
2026-07-28 11:15:00+00:00,25499,25537,25478,25479,597
2026-07-28 11:30:00+00:00,25476,25497,25443,25458,515
2026-07-28 11:45:00+00:00,25462,25495,25459,25492,359
2026-07-28 12:00:00+00:00,25493,25519,25481,25485,199
2026-07-28 12:15:00+00:00,25481,25488,25462,25466,183
2026-07-28 12:30:00+00:00,25473,25477,25436,25444,424
2026-07-28 12:45:00+00:00,25446,25457,25425,25435,333
2026-07-28 13:00:00+00:00,25433,25434,25398,25410,450
2026-07-28 13:15:00+00:00,25409,25425,25397,25418,307
2026-07-28 13:30:00+00:00,25415,25463,25410,25455,381
2026-07-28 13:45:00+00:00,25459,25470,25425,25444,263
2026-07-28 14:00:00+00:00,25445,25496,25444,25480,390
2026-07-28 14:15:00+00:00,25483,25504,25474,25501,216
2026-07-28 14:30:00+00:00,25499,25508,25475,25490,394
2026-07-28 14:45:00+00:00,25489,25513,25468,25484,378
2026-07-28 15:00:00+00:00,25482,25541,25459,25534,751
2026-07-28 15:15:00+00:00,25532,25603,25532,25589,1268
2026-07-28 15:30:00+00:00,25588,25602,25561,25591,1214
2026-07-28 15:45:00+00:00,25592,25602,25581,25595,295
2026-07-28 16:00:00+00:00,25593,25602,25587,25595,193
2026-07-28 16:15:00+00:00,25596,25601,25582,25584,160
2026-07-28 16:30:00+00:00,25584,25608,25574,25603,263
2026-07-28 16:45:00+00:00,25604,25640,25592,25631,278
2026-07-28 17:00:00+00:00,25629,25639,25609,25615,271
2026-07-28 17:15:00+00:00,25613,25631,25604,25611,180
2026-07-28 17:30:00+00:00,25603,25612,25596,25596,73
2026-07-28 17:45:00+00:00,25598,25607,25595,25604,106
2026-07-28 18:00:00+00:00,25602,25612,25590,25591,56
2026-07-28 18:15:00+00:00,25591,25595,25586,25591,58
2026-07-28 18:30:00+00:00,25590,25603,25589,25597,81
2026-07-28 18:45:00+00:00,25603,25612,25601,25609,41
2026-07-28 19:00:00+00:00,25610,25621,25609,25610,55
2026-07-28 19:15:00+00:00,25611,25620,25608,25616,82
2026-07-28 19:30:00+00:00,25615,25617,25597,25603,143
2026-07-28 19:45:00+00:00,25603,25610,25593,25595,239
2026-07-28 20:00:00+00:00,25624,25624,25624,25624,52
2026-07-29 00:15:00+00:00,25675,25676,25604,25608,123
2026-07-29 00:30:00+00:00,25607,25607,25581,25581,27
2026-07-29 00:45:00+00:00,25579,25586,25563,25563,28
2026-07-29 01:00:00+00:00,25561,25562,25510,25510,55
2026-07-29 01:15:00+00:00,25519,25529,25510,25520,13
2026-07-29 01:30:00+00:00,25512,25524,25481,25491,34
2026-07-29 01:45:00+00:00,25484,25495,25457,25457,28
2026-07-29 02:00:00+00:00,25450,25467,25443,25467,14
2026-07-29 02:15:00+00:00,25468,25472,25445,25459,11
2026-07-29 02:30:00+00:00,25472,25472,25472,25472,1
2026-07-29 02:45:00+00:00,25466,25475,25461,25464,23
2026-07-29 03:00:00+00:00,25461,25479,25453,25479,17
2026-07-29 03:15:00+00:00,25455,25465,25446,25446,23
2026-07-29 03:30:00+00:00,25443,25449,25425,25431,25
2026-07-29 03:45:00+00:00,25436,25436,25384,25393,30
2026-07-29 04:00:00+00:00,25382,25391,25382,25390,7
2026-07-29 04:15:00+00:00,25384,25414,25381,25414,30
2026-07-29 04:30:00+00:00,25399,25408,25370,25370,40
2026-07-29 04:45:00+00:00,25371,25412,25371,25412,15
2026-07-29 05:00:00+00:00,25425,25462,25425,25460,129
2026-07-29 05:15:00+00:00,25459,25478,25442,25476,44
2026-07-29 05:30:00+00:00,25478,25506,25478,25494,50
2026-07-29 05:45:00+00:00,25482,25495,25475,25484,37
2026-07-29 06:00:00+00:00,25477,25514,25474,25502,259
2026-07-29 06:15:00+00:00,25503,25525,25502,25521,246
2026-07-29 06:30:00+00:00,25524,25561,25524,25561,232
2026-07-29 06:45:00+00:00,25559,25582,25549,25582,254
2026-07-29 07:00:00+00:00,25582,25653,25581,25634,1583
2026-07-29 07:15:00+00:00,25633,25637,25587,25612,659
2026-07-29 07:30:00+00:00,25615,25630,25604,25609,284
2026-07-29 07:45:00+00:00,25610,25619,25571,25574,466
2026-07-29 08:00:00+00:00,25575,25575,25513,25515,542
2026-07-29 08:15:00+00:00,25517,25541,25450,25464,631
2026-07-29 08:30:00+00:00,25463,25532,25458,25494,558
2026-07-29 08:45:00+00:00,25493,25537,25490,25521,271
2026-07-29 09:00:00+00:00,25517,25517,25475,25488,244
2026-07-29 09:15:00+00:00,25479,25481,25437,25441,515
2026-07-29 09:30:00+00:00,25441,25470,25428,25460,456
2026-07-29 09:45:00+00:00,25472,25483,25452,25460,366
2026-07-29 10:00:00+00:00,25460,25493,25443,25490,395
2026-07-29 10:15:00+00:00,25489,25520,25489,25520,227
2026-07-29 10:30:00+00:00,25516,25563,25506,25561,431
2026-07-29 10:45:00+00:00,25559,25573,25521,25539,399
2026-07-29 11:00:00+00:00,25539,25587,25526,25578,261
2026-07-29 11:15:00+00:00,25578,25609,25569,25604,311
2026-07-29 11:30:00+00:00,25606,25610,25584,25596,315
2026-07-29 11:45:00+00:00,25600,25644,25597,25641,356
2026-07-29 12:00:00+00:00,25642,25662,25613,25622,665
2026-07-29 12:15:00+00:00,25624,25625,25530,25582,844
2026-07-29 12:30:00+00:00,25582,25618,25569,25595,273
2026-07-29 12:45:00+00:00,25599,25602,25568,25585,273
2026-07-29 13:00:00+00:00,25582,25610,25567,25596,197
2026-07-29 13:15:00+00:00,25597,25616,25574,25602,274
2026-07-29 13:30:00+00:00,25604,25626,25574,25580,360
2026-07-29 13:45:00+00:00,25579,25593,25540,25588,504
2026-07-29 14:00:00+00:00,25588,25625,25571,25585,472
2026-07-29 14:15:00+00:00,25587,25614,25549,25549,761
2026-07-29 14:30:00+00:00,25551,25568,25520,25527,375
2026-07-29 14:45:00+00:00,25530,25568,25525,25552,368
2026-07-29 15:00:00+00:00,25550,25586,25537,25575,325
2026-07-29 15:15:00+00:00,25574,25574,25531,25542,683
2026-07-29 15:30:00+00:00,25542,25566,25509,25518,946
2026-07-29 15:45:00+00:00,25517,25549,25511,25524,458
2026-07-29 16:00:00+00:00,25524,25536,25493,25496,320
2026-07-29 16:15:00+00:00,25494,25530,25491,25525,222
2026-07-29 16:30:00+00:00,25524,25537,25519,25524,175
2026-07-29 16:45:00+00:00,25524,25562,25524,25562,124
2026-07-29 17:00:00+00:00,25563,25596,25556,25592,98
2026-07-29 17:15:00+00:00,25595,25595,25578,25580,180
2026-07-29 17:30:00+00:00,25581,25596,25580,25590,86
2026-07-29 17:45:00+00:00,25586,25595,25576,25593,139
2026-07-29 18:00:00+00:00,25601,25670,25601,25608,396
2026-07-29 18:15:00+00:00,25613,25624,25577,25599,198
2026-07-29 18:30:00+00:00,25604,25659,25559,25656,402
2026-07-29 18:45:00+00:00,25651,25678,25638,25642,323
2026-07-29 19:00:00+00:00,25647,25658,25562,25597,482
2026-07-29 19:15:00+00:00,25607,25624,25535,25562,442
2026-07-29 19:30:00+00:00,25566,25584,25484,25490,670
2026-07-29 19:45:00+00:00,25494,25497,25444,25468,575
2026-07-29 20:00:00+00:00,25484,25484,25484,25484,31
2026-07-30 00:15:00+00:00,25530,25560,25521,25553,51
2026-07-30 00:30:00+00:00,25555,25556,25502,25502,10
2026-07-30 00:45:00+00:00,25505,25526,25501,25525,8
2026-07-30 01:00:00+00:00,25539,25618,25539,25575,32
2026-07-30 01:15:00+00:00,25576,25578,25573,25578,3
2026-07-30 01:30:00+00:00,25600,25629,25600,25622,15
2026-07-30 01:45:00+00:00,25613,25629,25610,25610,40
2026-07-30 02:00:00+00:00,25608,25613,25599,25599,23
2026-07-30 02:15:00+00:00,25584,25586,25566,25566,33
2026-07-30 02:30:00+00:00,25568,25568,25553,25555,17
2026-07-30 02:45:00+00:00,25570,25572,25522,25524,44
2026-07-30 03:00:00+00:00,25522,25530,25518,25518,9
2026-07-30 03:15:00+00:00,25510,25512,25497,25503,26
2026-07-30 03:30:00+00:00,25504,25543,25502,25521,18
2026-07-30 03:45:00+00:00,25522,25540,25513,25514,28
2026-07-30 04:00:00+00:00,25515,25515,25484,25484,6
2026-07-30 04:15:00+00:00,25488,25500,25488,25500,2
2026-07-30 04:30:00+00:00,25502,25502,25500,25500,3
2026-07-30 04:45:00+00:00,25474,25476,25458,25458,4
2026-07-30 05:00:00+00:00,25456,25466,25436,25459,11
2026-07-30 05:15:00+00:00,25471,25478,25465,25471,81
2026-07-30 05:30:00+00:00,25483,25505,25467,25498,68
2026-07-30 05:45:00+00:00,25506,25510,25465,25482,49
2026-07-30 06:00:00+00:00,25480,25490,25439,25448,285
2026-07-30 06:15:00+00:00,25443,25465,25421,25455,333
2026-07-30 06:30:00+00:00,25454,25454,25405,25407,260
2026-07-30 06:45:00+00:00,25405,25444,25405,25444,379
2026-07-30 07:00:00+00:00,25435,25507,25413,25459,1608
2026-07-30 07:15:00+00:00,25464,25469,25388,25452,756
2026-07-30 07:30:00+00:00,25454,25454,25379,25446,497
2026-07-30 07:45:00+00:00,25446,25504,25442,25466,411
2026-07-30 08:00:00+00:00,25465,25521,25439,25501,399
2026-07-30 08:15:00+00:00,25500,25539,25478,25522,277
2026-07-30 08:30:00+00:00,25523,25544,25503,25515,355
2026-07-30 08:45:00+00:00,25518,25533,25491,25521,258
2026-07-30 09:00:00+00:00,25518,25595,25517,25585,419
2026-07-30 09:15:00+00:00,25579,25594,25570,25577,381
2026-07-30 09:30:00+00:00,25580,25592,25548,25562,388
2026-07-30 09:45:00+00:00,25562,25582,25501,25501,382
2026-07-30 10:00:00+00:00,25504,25533,25486,25495,289
2026-07-30 10:15:00+00:00,25494,25543,25494,25527,202
2026-07-30 10:30:00+00:00,25532,25581,25525,25562,275
2026-07-30 10:45:00+00:00,25560,25568,25527,25529,298
2026-07-30 11:00:00+00:00,25533,25580,25523,25579,234
2026-07-30 11:15:00+00:00,25581,25612,25574,25603,311
2026-07-30 11:30:00+00:00,25607,25619,25579,25602,265
2026-07-30 11:45:00+00:00,25602,25638,25595,25616,263
2026-07-30 12:00:00+00:00,25614,25629,25594,25607,342
2026-07-30 12:15:00+00:00,25606,25633,25595,25603,203
2026-07-30 12:30:00+00:00,25610,25612,25568,25590,312
2026-07-30 12:45:00+00:00,25594,25601,25571,25591,146
2026-07-30 13:00:00+00:00,25591,25661,25591,25631,588
2026-07-30 13:15:00+00:00,25630,25671,25600,25671,404
2026-07-30 13:30:00+00:00,25672,25695,25596,25608,923
2026-07-30 13:45:00+00:00,25609,25717,25609,25706,1059
2026-07-30 14:00:00+00:00,25707,25713,25668,25689,692
2026-07-30 14:15:00+00:00,25692,25734,25673,25725,406
2026-07-30 14:30:00+00:00,25726,25735,25708,25718,351
2026-07-30 14:45:00+00:00,25723,25736,25675,25694,612
2026-07-30 15:00:00+00:00,25696,25702,25650,25651,422
2026-07-30 15:15:00+00:00,25649,25691,25646,25655,825
2026-07-30 15:30:00+00:00,25652,25719,25647,25710,961
2026-07-30 15:45:00+00:00,25709,25718,25694,25705,254
2026-07-30 16:00:00+00:00,25701,25714,25695,25712,142
2026-07-30 16:15:00+00:00,25713,25725,25707,25721,126
2026-07-30 16:30:00+00:00,25721,25741,25710,25716,188
2026-07-30 16:45:00+00:00,25716,25738,25716,25724,55
2026-07-30 17:00:00+00:00,25727,25760,25727,25746,229
2026-07-30 17:15:00+00:00,25746,25758,25745,25750,104
2026-07-30 17:30:00+00:00,25752,25762,25742,25759,95
2026-07-30 17:45:00+00:00,25758,25767,25750,25754,62
2026-07-30 18:00:00+00:00,25752,25759,25745,25750,29
2026-07-30 18:15:00+00:00,25749,25761,25744,25760,83
2026-07-30 18:30:00+00:00,25761,25763,25754,25759,57
2026-07-30 18:45:00+00:00,25761,25773,25759,25773,46
2026-07-30 19:00:00+00:00,25775,25793,25775,25789,107
2026-07-30 19:15:00+00:00,25787,25796,25776,25777,128
2026-07-30 19:30:00+00:00,25779,25779,25762,25764,369
2026-07-30 19:45:00+00:00,25762,25797,25757,25775,518
2026-07-30 20:00:00+00:00,25799,25799,25799,25799,18
2026-07-31 00:15:00+00:00,25800,25800,25766,25766,55
2026-07-31 00:30:00+00:00,25787,25790,25784,25786,4
2026-07-31 00:45:00+00:00,25758,25781,25752,25781,7
2026-07-31 01:00:00+00:00,25785,25809,25782,25800,37
2026-07-31 01:15:00+00:00,25788,25801,25786,25786,4
2026-07-31 01:30:00+00:00,25775,25775,25760,25760,8
2026-07-31 01:45:00+00:00,25755,25760,25750,25754,12
2026-07-31 02:00:00+00:00,25753,25763,25745,25752,7
2026-07-31 02:15:00+00:00,25742,25742,25742,25742,2
2026-07-31 02:30:00+00:00,25740,25752,25740,25752,2
2026-07-31 02:45:00+00:00,25760,25766,25760,25766,2
2026-07-31 03:00:00+00:00,25773,25773,25765,25765,4
2026-07-31 03:15:00+00:00,25764,25782,25764,25782,6
2026-07-31 03:30:00+00:00,25768,25768,25768,25768,1
2026-07-31 03:45:00+00:00,25771,25771,25771,25771,1
2026-07-31 04:00:00+00:00,25761,25761,25761,25761,1
2026-07-31 04:15:00+00:00,25777,25779,25777,25779,2
2026-07-31 04:30:00+00:00,25794,25813,25794,25809,14
2026-07-31 04:45:00+00:00,25819,25820,25807,25813,10
2026-07-31 05:00:00+00:00,25814,25822,25814,25815,13
2026-07-31 05:15:00+00:00,25815,25820,25815,25820,4
2026-07-31 05:30:00+00:00,25822,25822,25801,25809,22
2026-07-31 05:45:00+00:00,25804,25815,25804,25814,7
2026-07-31 06:00:00+00:00,25814,25834,25813,25823,252
2026-07-31 06:15:00+00:00,25822,25843,25816,25833,229
2026-07-31 06:30:00+00:00,25837,25842,25786,25786,214
2026-07-31 06:45:00+00:00,25785,25810,25779,25808,297
2026-07-31 07:00:00+00:00,25805,25908,25779,25888,1792
2026-07-31 07:15:00+00:00,25890,25972,25864,25960,1064
2026-07-31 07:30:00+00:00,25960,25973,25930,25957,775
2026-07-31 07:45:00+00:00,25959,25974,25934,25958,772
2026-07-31 08:00:00+00:00,25955,25958,25901,25934,698
2026-07-31 08:15:00+00:00,25939,25970,25939,25959,313
2026-07-31 08:30:00+00:00,25950,25958,25915,25922,331
2026-07-31 08:45:00+00:00,25925,25935,25913,25927,326
2026-07-31 09:00:00+00:00,25929,25929,25874,25920,401
2026-07-31 09:15:00+00:00,25921,25940,25912,25917,306
2026-07-31 09:30:00+00:00,25915,25921,25870,25890,368
2026-07-31 09:45:00+00:00,25887,25912,25870,25879,344
2026-07-31 10:00:00+00:00,25877,25888,25854,25882,336
2026-07-31 10:15:00+00:00,25880,25905,25870,25889,179
2026-07-31 10:30:00+00:00,25887,25909,25882,25900,284
2026-07-31 10:45:00+00:00,25898,25903,25863,25865,257
2026-07-31 11:00:00+00:00,25866,25886,25840,25840,428
2026-07-31 11:15:00+00:00,25841,25849,25814,25815,442
2026-07-31 11:30:00+00:00,25817,25817,25761,25763,933
2026-07-31 11:45:00+00:00,25766,25804,25751,25798,601
2026-07-31 12:00:00+00:00,25798,25800,25760,25760,241
2026-07-31 12:15:00+00:00,25756,25777,25745,25754,235
2026-07-31 12:30:00+00:00,25744,25768,25700,25740,372
2026-07-31 12:45:00+00:00,25743,25743,25704,25721,319
2026-07-31 13:00:00+00:00,25722,25734,25709,25720,224
2026-07-31 13:15:00+00:00,25721,25749,25720,25726,346
2026-07-31 13:30:00+00:00,25728,25731,25674,25676,716
2026-07-31 13:45:00+00:00,25679,25694,25645,25667,968
2026-07-31 14:00:00+00:00,25667,25683,25628,25650,755
2026-07-31 14:15:00+00:00,25651,25723,25631,25712,509
2026-07-31 14:30:00+00:00,25714,25748,25696,25743,453
2026-07-31 14:45:00+00:00,25745,25773,25745,25773,383
2026-07-31 15:00:00+00:00,25773,25779,25756,25772,552
2026-07-31 15:15:00+00:00,25772,25793,25704,25713,1024
2026-07-31 15:30:00+00:00,25713,25750,25680,25738,1236
2026-07-31 15:45:00+00:00,25741,25759,25724,25754,194
2026-07-31 16:00:00+00:00,25752,25752,25727,25743,114
2026-07-31 16:15:00+00:00,25746,25754,25730,25751,90
2026-07-31 16:30:00+00:00,25753,25762,25737,25740,87
2026-07-31 16:45:00+00:00,25739,25775,25739,25762,371
2026-07-31 17:00:00+00:00,25763,25786,25758,25785,161
2026-07-31 17:15:00+00:00,25786,25795,25777,25792,120
2026-07-31 17:30:00+00:00,25791,25791,25769,25769,87
2026-07-31 17:45:00+00:00,25770,25777,25757,25763,88
2026-07-31 18:00:00+00:00,25764,25788,25763,25781,53
2026-07-31 18:15:00+00:00,25779,25786,25774,25780,59
2026-07-31 18:30:00+00:00,25781,25788,25770,25781,113
2026-07-31 18:45:00+00:00,25782,25789,25771,25775,70
2026-07-31 19:00:00+00:00,25782,25783,25765,25783,81
2026-07-31 19:15:00+00:00,25784,25802,25781,25793,82
2026-07-31 19:30:00+00:00,25792,25806,25782,25805,196
2026-07-31 19:45:00+00:00,25806,25812,25769,25781,390
2026-07-31 20:00:00+00:00,25808,25808,25808,25808,17
2026-08-03 00:15:00+00:00,25900,25938,25895,25909,78
2026-08-03 00:30:00+00:00,25915,25934,25915,25924,19
2026-08-03 00:45:00+00:00,25918,25929,25917,25921,18
2026-08-03 01:00:00+00:00,25933,25934,25911,25911,13
2026-08-03 01:15:00+00:00,25904,25918,25898,25918,7
2026-08-03 01:30:00+00:00,25927,25927,25906,25906,4
2026-08-03 01:45:00+00:00,25919,25919,25918,25918,3
2026-08-03 02:00:00+00:00,25920,25935,25920,25935,4
2026-08-03 02:15:00+00:00,25940,25944,25924,25924,6
2026-08-03 02:45:00+00:00,25917,25940,25917,25940,2
2026-08-03 03:00:00+00:00,25937,25937,25937,25937,1
2026-08-03 03:15:00+00:00,25930,25940,25930,25940,2
2026-08-03 03:30:00+00:00,25950,25965,25950,25965,4
2026-08-03 03:45:00+00:00,25955,26000,25955,25973,37
2026-08-03 04:00:00+00:00,25971,25978,25968,25968,6
2026-08-03 04:15:00+00:00,25977,25986,25977,25986,3
2026-08-03 04:30:00+00:00,25986,25995,25986,25992,14
2026-08-03 04:45:00+00:00,25994,26001,25976,25978,45
2026-08-03 05:00:00+00:00,25986,25987,25970,25970,4
2026-08-03 05:15:00+00:00,25966,25977,25966,25977,7
2026-08-03 05:30:00+00:00,25966,25988,25966,25982,29
2026-08-03 05:45:00+00:00,25984,25990,25972,25983,89
2026-08-03 06:00:00+00:00,25975,25984,25958,25958,294
2026-08-03 06:15:00+00:00,25960,25963,25930,25937,121
2026-08-03 06:30:00+00:00,25941,25964,25941,25959,88
2026-08-03 06:45:00+00:00,25959,25973,25945,25954,377
2026-08-03 07:00:00+00:00,25953,26010,25921,26008,1464
2026-08-03 07:15:00+00:00,26009,26064,25998,26049,1602
2026-08-03 07:30:00+00:00,26048,26074,26020,26027,634
2026-08-03 07:45:00+00:00,26026,26067,26022,26054,467
2026-08-03 08:00:00+00:00,26054,26084,26043,26084,557
2026-08-03 08:15:00+00:00,26082,26083,26035,26055,540
2026-08-03 08:30:00+00:00,26059,26061,26027,26050,544
2026-08-03 08:45:00+00:00,26042,26093,26042,26086,486
2026-08-03 09:00:00+00:00,26090,26096,26069,26076,417
2026-08-03 09:15:00+00:00,26076,26093,26066,26078,277
2026-08-03 09:30:00+00:00,26080,26110,26079,26090,449
2026-08-03 09:45:00+00:00,26091,26117,26076,26084,404
2026-08-03 10:00:00+00:00,26083,26093,26064,26086,340
2026-08-03 10:15:00+00:00,26085,26109,26077,26107,409
2026-08-03 10:30:00+00:00,26106,26109,26065,26086,228
2026-08-03 10:45:00+00:00,26089,26091,26072,26077,162
2026-08-03 11:00:00+00:00,26080,26090,26071,26081,190
2026-08-03 11:15:00+00:00,26080,26105,26072,26098,174
2026-08-03 11:30:00+00:00,26101,26117,26099,26110,213
2026-08-03 11:45:00+00:00,26108,26112,26091,26092,221
2026-08-03 12:00:00+00:00,26090,26091,26046,26066,337
2026-08-03 12:15:00+00:00,26067,26072,26017,26031,312
2026-08-03 12:30:00+00:00,26033,26071,26030,26063,318
2026-08-03 12:45:00+00:00,26064,26084,26049,26084,250
2026-08-03 13:00:00+00:00,26083,26091,26031,26038,378
2026-08-03 13:15:00+00:00,26038,26076,26034,26057,333
2026-08-03 13:30:00+00:00,26056,26105,26044,26099,477
2026-08-03 13:45:00+00:00,26101,26137,26096,26131,793
2026-08-03 14:00:00+00:00,26130,26158,26117,26147,598
2026-08-03 14:15:00+00:00,26146,26159,26121,26144,400
2026-08-03 14:30:00+00:00,26146,26183,26146,26156,599
2026-08-03 14:45:00+00:00,26158,26162,26136,26152,577
2026-08-03 15:00:00+00:00,26153,26155,26112,26114,662
2026-08-03 15:15:00+00:00,26115,26142,26112,26132,1374
2026-08-03 15:30:00+00:00,26133,26141,26077,26114,1966
2026-08-03 15:45:00+00:00,26117,26126,26106,26108,131
2026-08-03 16:00:00+00:00,26110,26123,26107,26118,107
2026-08-03 16:15:00+00:00,26120,26126,26113,26122,132
2026-08-03 16:30:00+00:00,26120,26123,26104,26111,116
2026-08-03 16:45:00+00:00,26110,26112,26097,26097,56
2026-08-03 17:00:00+00:00,26098,26105,26092,26105,37
2026-08-03 17:15:00+00:00,26107,26119,26106,26115,45
2026-08-03 17:30:00+00:00,26116,26124,26113,26124,45
2026-08-03 17:45:00+00:00,26125,26133,26122,26131,90
2026-08-03 18:00:00+00:00,26132,26162,26132,26162,103
2026-08-03 18:15:00+00:00,26163,26166,26149,26152,70
2026-08-03 18:30:00+00:00,26152,26160,26149,26159,50
2026-08-03 18:45:00+00:00,26157,26157,26151,26151,53
2026-08-03 19:00:00+00:00,26154,26164,26151,26155,120
2026-08-03 19:15:00+00:00,26159,26160,26153,26154,46
2026-08-03 19:30:00+00:00,26153,26162,26153,26158,146
2026-08-03 19:45:00+00:00,26158,26165,26152,26163,274
2026-08-03 20:00:00+00:00,26153,26153,26153,26153,23
2026-08-04 00:15:00+00:00,26197,26197,26172,26176,32
2026-08-04 00:30:00+00:00,26181,26181,26179,26179,2
2026-08-04 00:45:00+00:00,26175,26175,26164,26164,2
2026-08-04 01:00:00+00:00,26157,26169,26151,26169,6
2026-08-04 01:15:00+00:00,26185,26188,26182,26188,5
2026-08-04 01:30:00+00:00,26189,26200,26189,26195,23
2026-08-04 01:45:00+00:00,26196,26234,26196,26228,49
2026-08-04 02:00:00+00:00,26215,26215,26201,26201,2
2026-08-04 02:15:00+00:00,26207,26207,26207,26207,1
2026-08-04 03:00:00+00:00,26188,26192,26183,26192,4
2026-08-04 03:15:00+00:00,26184,26194,26184,26192,40
2026-08-04 03:30:00+00:00,26199,26199,26181,26181,4
2026-08-04 03:45:00+00:00,26194,26196,26194,26195,16
2026-08-04 05:00:00+00:00,26197,26197,26187,26187,3
2026-08-04 05:15:00+00:00,26190,26198,26187,26187,6
2026-08-04 05:30:00+00:00,26203,26212,26196,26212,13
2026-08-04 05:45:00+00:00,26209,26221,26203,26218,25
2026-08-04 06:00:00+00:00,26213,26247,26205,26240,387
2026-08-04 06:15:00+00:00,26239,26241,26219,26222,221
2026-08-04 06:30:00+00:00,26220,26223,26205,26216,177
2026-08-04 06:45:00+00:00,26219,26237,26218,26223,275
2026-08-04 07:00:00+00:00,26222,26319,26200,26311,1906
2026-08-04 07:15:00+00:00,26316,26334,26294,26324,940
2026-08-04 07:30:00+00:00,26325,26345,26305,26315,588
2026-08-04 07:45:00+00:00,26313,26354,26306,26348,436
2026-08-04 08:00:00+00:00,26347,26347,26290,26295,521
2026-08-04 08:15:00+00:00,26292,26309,26277,26301,452
2026-08-04 08:30:00+00:00,26302,26302,26243,26247,516
2026-08-04 08:45:00+00:00,26247,26248,26211,26226,616
2026-08-04 09:00:00+00:00,26228,26239,26195,26201,436
2026-08-04 09:15:00+00:00,26204,26227,26192,26224,472
2026-08-04 09:30:00+00:00,26227,26248,26220,26243,362
2026-08-04 09:45:00+00:00,26244,26245,26199,26214,497
2026-08-04 10:00:00+00:00,26215,26215,26184,26191,342
2026-08-04 10:15:00+00:00,26188,26192,26164,26188,346
2026-08-04 10:30:00+00:00,26186,26222,26186,26221,411
2026-08-04 10:45:00+00:00,26219,26262,26219,26227,509
2026-08-04 11:00:00+00:00,26227,26259,26214,26242,226
2026-08-04 11:15:00+00:00,26241,26253,26233,26253,183
2026-08-04 11:30:00+00:00,26255,26303,26244,26300,385
2026-08-04 11:45:00+00:00,26298,26311,26284,26308,454
2026-08-04 12:00:00+00:00,26308,26321,26288,26304,330
2026-08-04 12:15:00+00:00,26302,26311,26284,26289,307
2026-08-04 12:30:00+00:00,26290,26304,26248,26250,333
2026-08-04 12:45:00+00:00,26249,26261,26224,26226,276
2026-08-04 13:00:00+00:00,26228,26271,26222,26252,291
2026-08-04 13:15:00+00:00,26259,26326,26255,26318,727
2026-08-04 13:30:00+00:00,26318,26327,26294,26294,550
2026-08-04 13:45:00+00:00,26297,26313,26279,26286,526
2026-08-04 14:00:00+00:00,26287,26290,26260,26278,386
2026-08-04 14:15:00+00:00,26280,26308,26259,26263,521
2026-08-04 14:30:00+00:00,26266,26340,26257,26301,620
2026-08-04 14:45:00+00:00,26302,26318,26289,26291,349
2026-08-04 15:00:00+00:00,26291,26303,26277,26293,427
2026-08-04 15:15:00+00:00,26296,26318,26287,26313,844
2026-08-04 15:30:00+00:00,26313,26343,26287,26337,1156
2026-08-04 15:45:00+00:00,26334,26334,26309,26317,218
2026-08-04 16:00:00+00:00,26314,26327,26312,26318,252
2026-08-04 16:15:00+00:00,26317,26335,26313,26332,175
2026-08-04 16:30:00+00:00,26332,26340,26328,26337,128
2026-08-04 16:45:00+00:00,26339,26342,26333,26339,87
2026-08-04 17:00:00+00:00,26341,26363,26341,26363,142
2026-08-04 17:15:00+00:00,26363,26366,26354,26362,89
2026-08-04 17:30:00+00:00,26362,26378,26357,26375,125
2026-08-04 17:45:00+00:00,26377,26392,26367,26378,182
2026-08-04 18:00:00+00:00,26377,26389,26374,26389,99
2026-08-04 18:15:00+00:00,26392,26400,26384,26390,82
2026-08-04 18:30:00+00:00,26392,26392,26366,26374,123
2026-08-04 18:45:00+00:00,26374,26384,26371,26381,49
2026-08-04 19:00:00+00:00,26383,26404,26383,26401,117
2026-08-04 19:15:00+00:00,26403,26416,26403,26411,120
2026-08-04 19:30:00+00:00,26411,26437,26409,26433,228
2026-08-04 19:45:00+00:00,26431,26437,26418,26427,335
2026-08-04 20:00:00+00:00,26454,26454,26454,26454,15
2026-08-05 00:15:00+00:00,26453,26473,26439,26455,35
2026-08-05 00:30:00+00:00,26450,26450,26434,26440,24
2026-08-05 00:45:00+00:00,26442,26450,26440,26450,11
2026-08-05 01:00:00+00:00,26450,26454,26435,26453,8
2026-08-05 01:15:00+00:00,26441,26441,26436,26440,5
2026-08-05 01:30:00+00:00,26458,26460,26457,26457,3
2026-08-05 01:45:00+00:00,26451,26469,26449,26469,3
2026-08-05 02:00:00+00:00,26480,26490,26479,26490,9
2026-08-05 02:15:00+00:00,26490,26500,26490,26499,22
2026-08-05 02:30:00+00:00,26489,26501,26489,26501,22
2026-08-05 02:45:00+00:00,26503,26506,26490,26490,3
2026-08-05 03:00:00+00:00,26494,26502,26486,26499,6
2026-08-05 03:15:00+00:00,26507,26515,26497,26508,19
2026-08-05 03:30:00+00:00,26509,26509,26509,26509,2
2026-08-05 03:45:00+00:00,26513,26513,26503,26503,2
2026-08-05 04:00:00+00:00,26509,26513,26505,26513,4
2026-08-05 04:15:00+00:00,26500,26500,26486,26486,3
2026-08-05 04:30:00+00:00,26493,26501,26493,26494,17
2026-08-05 04:45:00+00:00,26494,26494,26482,26486,24
2026-08-05 05:00:00+00:00,26485,26486,26433,26459,137
2026-08-05 05:15:00+00:00,26462,26488,26462,26488,31
2026-08-05 05:30:00+00:00,26468,26479,26429,26479,144
2026-08-05 05:45:00+00:00,26479,26500,26478,26494,42
2026-08-05 06:00:00+00:00,26497,26504,26476,26496,286
2026-08-05 06:15:00+00:00,26494,26494,26467,26472,206
2026-08-05 06:30:00+00:00,26474,26489,26469,26489,174
2026-08-05 06:45:00+00:00,26487,26518,26478,26512,319
2026-08-05 07:00:00+00:00,26514,26524,26427,26446,1474
2026-08-05 07:15:00+00:00,26449,26467,26436,26440,479
2026-08-05 07:30:00+00:00,26440,26449,26381,26383,620
2026-08-05 07:45:00+00:00,26384,26409,26377,26382,520
2026-08-05 08:00:00+00:00,26381,26383,26307,26313,681
2026-08-05 08:15:00+00:00,26311,26347,26308,26344,591
2026-08-05 08:30:00+00:00,26341,26346,26314,26330,369
2026-08-05 08:45:00+00:00,26327,26366,26320,26324,405
2026-08-05 09:00:00+00:00,26329,26333,26304,26308,321
2026-08-05 09:15:00+00:00,26310,26317,26286,26311,406
2026-08-05 09:30:00+00:00,26311,26314,26285,26295,235
2026-08-05 09:45:00+00:00,26293,26303,26278,26301,246
2026-08-05 10:00:00+00:00,26299,26303,26275,26284,310
2026-08-05 10:15:00+00:00,26283,26287,26269,26283,216
2026-08-05 10:30:00+00:00,26286,26302,26272,26283,278
2026-08-05 10:45:00+00:00,26284,26289,26259,26267,334
2026-08-05 11:00:00+00:00,26267,26294,26261,26294,256
2026-08-05 11:15:00+00:00,26293,26318,26292,26300,386
2026-08-05 11:30:00+00:00,26299,26316,26296,26312,216
2026-08-05 11:45:00+00:00,26309,26346,26308,26341,193
2026-08-05 12:00:00+00:00,26340,26350,26314,26330,232
2026-08-05 12:15:00+00:00,26332,26357,26328,26340,227
2026-08-05 12:30:00+00:00,26340,26348,26328,26332,160
2026-08-05 12:45:00+00:00,26331,26334,26309,26327,167
2026-08-05 13:00:00+00:00,26329,26341,26324,26335,225
2026-08-05 13:15:00+00:00,26336,26346,26320,26346,195
2026-08-05 13:30:00+00:00,26344,26372,26315,26341,637
2026-08-05 13:45:00+00:00,26341,26353,26318,26350,417
2026-08-05 14:00:00+00:00,26346,26346,26312,26333,392
2026-08-05 14:15:00+00:00,26332,26333,26296,26305,405
2026-08-05 14:30:00+00:00,26304,26314,26280,26284,461
2026-08-05 14:45:00+00:00,26283,26286,26247,26269,491
2026-08-05 15:00:00+00:00,26270,26290,26262,26263,491
2026-08-05 15:15:00+00:00,26263,26266,26221,26230,881
2026-08-05 15:30:00+00:00,26229,26255,26208,26244,1219
2026-08-05 15:45:00+00:00,26243,26243,26212,26215,152
2026-08-05 16:00:00+00:00,26213,26238,26213,26228,98
2026-08-05 16:15:00+00:00,26230,26265,26227,26265,138
2026-08-05 16:30:00+00:00,26263,26263,26254,26258,41
2026-08-05 16:45:00+00:00,26257,26268,26257,26259,54
2026-08-05 17:00:00+00:00,26259,26262,26250,26261,56
2026-08-05 17:15:00+00:00,26259,26266,26254,26261,37
2026-08-05 17:30:00+00:00,26260,26280,26259,26277,50
2026-08-05 17:45:00+00:00,26272,26281,26272,26277,34
2026-08-05 18:00:00+00:00,26278,26282,26271,26280,58
2026-08-05 18:15:00+00:00,26275,26279,26272,26273,48
2026-08-05 18:30:00+00:00,26276,26276,26268,26273,35
2026-08-05 18:45:00+00:00,26275,26276,26269,26271,42
2026-08-05 19:00:00+00:00,26267,26284,26265,26284,36
2026-08-05 19:15:00+00:00,26279,26282,26274,26281,20
2026-08-05 19:30:00+00:00,26282,26285,26276,26277,131
2026-08-05 19:45:00+00:00,26279,26285,26266,26271,221
2026-08-05 20:00:00+00:00,26289,26289,26289,26289,5
2026-08-06 00:15:00+00:00,26267,26290,26267,26290,25
2026-08-06 00:30:00+00:00,26290,26290,26290,26290,1
2026-08-06 00:45:00+00:00,26288,26288,26283,26283,2
2026-08-06 01:00:00+00:00,26276,26299,26276,26284,13
2026-08-06 01:15:00+00:00,26283,26283,26260,26263,8
2026-08-06 01:30:00+00:00,26271,26271,26261,26261,5
2026-08-06 01:45:00+00:00,26253,26253,26242,26248,20
2026-08-06 02:00:00+00:00,26280,26282,26280,26282,3
2026-08-06 02:15:00+00:00,26276,26286,26276,26286,11
2026-08-06 02:30:00+00:00,26278,26278,26278,26278,1
2026-08-06 02:45:00+00:00,26300,26306,26295,26295,5
2026-08-06 03:00:00+00:00,26302,26302,26302,26302,2
2026-08-06 03:15:00+00:00,26302,26308,26300,26306,5
2026-08-06 03:30:00+00:00,26309,26316,26309,26316,4
2026-08-06 03:45:00+00:00,26318,26318,26318,26318,1
2026-08-06 04:00:00+00:00,26328,26328,26319,26319,2
2026-08-06 04:15:00+00:00,26318,26318,26306,26312,32
2026-08-06 04:30:00+00:00,26307,26307,26296,26296,9
2026-08-06 04:45:00+00:00,26303,26307,26303,26307,3
2026-08-06 05:00:00+00:00,26313,26330,26275,26287,131
2026-08-06 05:15:00+00:00,26289,26296,26287,26296,6
2026-08-06 05:30:00+00:00,26296,26296,26272,26278,51
2026-08-06 05:45:00+00:00,26277,26277,26242,26260,91
2026-08-06 06:00:00+00:00,26261,26278,26239,26243,161
2026-08-06 06:15:00+00:00,26241,26272,26235,26271,99
2026-08-06 06:30:00+00:00,26270,26274,26248,26271,160
2026-08-06 06:45:00+00:00,26274,26296,26266,26278,385
2026-08-06 07:00:00+00:00,26281,26292,26178,26273,2226
2026-08-06 07:15:00+00:00,26275,26291,26235,26235,652
2026-08-06 07:30:00+00:00,26238,26256,26213,26230,411
2026-08-06 07:45:00+00:00,26229,26241,26200,26202,333
2026-08-06 08:00:00+00:00,26201,26220,26168,26174,438
2026-08-06 08:15:00+00:00,26173,26232,26169,26232,329
2026-08-06 08:30:00+00:00,26233,26266,26225,26243,449
2026-08-06 08:45:00+00:00,26240,26273,26239,26268,264
2026-08-06 09:00:00+00:00,26270,26284,26239,26266,301
2026-08-06 09:15:00+00:00,26271,26290,26259,26280,264
2026-08-06 09:30:00+00:00,26284,26288,26249,26264,283
2026-08-06 09:45:00+00:00,26265,26286,26243,26286,263
2026-08-06 10:00:00+00:00,26287,26295,26267,26291,246
2026-08-06 10:15:00+00:00,26290,26296,26274,26274,223
2026-08-06 10:30:00+00:00,26275,26282,26262,26267,144
2026-08-06 10:45:00+00:00,26269,26287,26269,26285,116
2026-08-06 11:00:00+00:00,26287,26288,26237,26276,318
2026-08-06 11:15:00+00:00,26277,26300,26274,26294,180
2026-08-06 11:30:00+00:00,26293,26297,26262,26263,170
2026-08-06 11:45:00+00:00,26261,26272,26240,26265,193
2026-08-06 12:00:00+00:00,26261,26294,26248,26258,212
2026-08-06 12:15:00+00:00,26258,26271,26249,26266,196
2026-08-06 12:30:00+00:00,26264,26273,26244,26246,192
2026-08-06 12:45:00+00:00,26247,26258,26218,26236,270
2026-08-06 13:00:00+00:00,26231,26235,26210,26218,212
2026-08-06 13:15:00+00:00,26219,26223,26189,26205,323
2026-08-06 13:30:00+00:00,26205,26259,26199,26232,390
2026-08-06 13:45:00+00:00,26230,26271,26230,26260,265
2026-08-06 14:00:00+00:00,26262,26289,26255,26289,407
2026-08-06 14:15:00+00:00,26290,26312,26276,26280,618
2026-08-06 14:30:00+00:00,26282,26309,26280,26304,289
2026-08-06 14:45:00+00:00,26304,26304,26276,26277,312
2026-08-06 15:00:00+00:00,26278,26302,26274,26290,283
2026-08-06 15:15:00+00:00,26289,26289,26236,26248,752
2026-08-06 15:30:00+00:00,26247,26266,26222,26264,1102
2026-08-06 15:45:00+00:00,26263,26290,26231,26251,281
2026-08-06 16:00:00+00:00,26253,26255,26226,26231,175
2026-08-06 16:15:00+00:00,26232,26251,26224,26246,189
2026-08-06 16:30:00+00:00,26252,26257,26240,26241,63
2026-08-06 16:45:00+00:00,26245,26268,26240,26268,75
2026-08-06 17:00:00+00:00,26270,26273,26259,26259,56
2026-08-06 17:15:00+00:00,26256,26260,26249,26250,55
2026-08-06 17:30:00+00:00,26249,26263,26249,26257,49
2026-08-06 17:45:00+00:00,26258,26265,26256,26262,21
2026-08-06 18:00:00+00:00,26263,26264,26258,26258,16
2026-08-06 18:15:00+00:00,26261,26274,26254,26268,48
2026-08-06 18:30:00+00:00,26269,26269,26253,26254,43
2026-08-06 18:45:00+00:00,26255,26259,26249,26259,35
2026-08-06 19:00:00+00:00,26257,26264,26256,26261,35
2026-08-06 19:15:00+00:00,26254,26255,26232,26235,55
2026-08-06 19:30:00+00:00,26239,26242,26230,26231,68
2026-08-06 19:45:00+00:00,26232,26257,26225,26253,298
2026-08-06 20:00:00+00:00,26251,26259,26251,26259,11
2026-08-07 00:15:00+00:00,26231,26231,26208,26219,24
2026-08-07 00:30:00+00:00,26217,26217,26217,26217,1
2026-08-07 00:45:00+00:00,26230,26236,26230,26236,5
2026-08-07 01:00:00+00:00,26237,26252,26237,26238,25
2026-08-07 01:15:00+00:00,26250,26250,26250,26250,1
2026-08-07 01:30:00+00:00,26253,26253,26253,26253,2
2026-08-07 01:45:00+00:00,26235,26235,26235,26235,3
2026-08-07 02:00:00+00:00,26250,26250,26241,26241,2
2026-08-07 02:15:00+00:00,26242,26242,26242,26242,1
2026-08-07 04:00:00+00:00,26239,26247,26239,26247,2
2026-08-07 04:15:00+00:00,26253,26253,26238,26238,3
2026-08-07 04:30:00+00:00,26238,26246,26235,26235,4
2026-08-07 04:45:00+00:00,26231,26253,26231,26253,15
2026-08-07 05:00:00+00:00,26241,26269,26241,26269,21
2026-08-07 05:15:00+00:00,26269,26272,26269,26272,4
2026-08-07 05:30:00+00:00,26261,26264,26246,26251,21
2026-08-07 05:45:00+00:00,26246,26250,26242,26245,50
2026-08-07 06:00:00+00:00,26242,26272,26242,26270,191
2026-08-07 06:15:00+00:00,26269,26278,26258,26274,161
2026-08-07 06:30:00+00:00,26277,26278,26264,26264,110
2026-08-07 06:45:00+00:00,26265,26286,26264,26271,252
2026-08-07 07:00:00+00:00,26272,26352,26270,26313,1591
2026-08-07 07:15:00+00:00,26313,26343,26313,26338,502
2026-08-07 07:30:00+00:00,26337,26374,26330,26370,478
2026-08-07 07:45:00+00:00,26365,26374,26342,26342,405
2026-08-07 08:00:00+00:00,26344,26356,26330,26346,269
2026-08-07 08:15:00+00:00,26338,26376,26323,26360,285
2026-08-07 08:30:00+00:00,26363,26375,26351,26364,228
2026-08-07 08:45:00+00:00,26366,26401,26361,26396,342
2026-08-07 09:00:00+00:00,26397,26407,26377,26395,266
2026-08-07 09:15:00+00:00,26394,26401,26380,26380,291
2026-08-07 09:30:00+00:00,26377,26388,26371,26372,307
2026-08-07 09:45:00+00:00,26373,26415,26371,26408,570
2026-08-07 10:00:00+00:00,26410,26430,26405,26412,399
2026-08-07 10:15:00+00:00,26414,26437,26409,26417,232
2026-08-07 10:30:00+00:00,26423,26443,26417,26437,246
2026-08-07 10:45:00+00:00,26438,26449,26434,26447,232
2026-08-07 11:00:00+00:00,26444,26465,26437,26438,503
2026-08-07 11:15:00+00:00,26438,26458,26437,26448,152
2026-08-07 11:30:00+00:00,26446,26451,26434,26442,179
2026-08-07 11:45:00+00:00,26436,26437,26415,26429,254
2026-08-07 12:00:00+00:00,26429,26459,26429,26442,336
2026-08-07 12:15:00+00:00,26443,26476,26439,26473,391
2026-08-07 12:30:00+00:00,26474,26515,26429,26500,664
2026-08-07 12:45:00+00:00,26502,26527,26493,26500,477
2026-08-07 13:00:00+00:00,26501,26506,26453,26454,345
2026-08-07 13:15:00+00:00,26453,26470,26445,26466,249
2026-08-07 13:30:00+00:00,26468,26472,26437,26465,497
2026-08-07 13:45:00+00:00,26465,26468,26413,26417,450
2026-08-07 14:00:00+00:00,26420,26433,26380,26412,572
2026-08-07 14:15:00+00:00,26411,26465,26409,26463,360
2026-08-07 14:30:00+00:00,26465,26490,26451,26468,351
2026-08-07 14:45:00+00:00,26469,26482,26457,26457,347
2026-08-07 15:00:00+00:00,26459,26460,26438,26446,455
2026-08-07 15:15:00+00:00,26443,26452,26429,26429,681
2026-08-07 15:30:00+00:00,26431,26439,26390,26407,1038
2026-08-07 15:45:00+00:00,26407,26418,26393,26397,143
2026-08-07 16:00:00+00:00,26398,26405,26393,26396,73
2026-08-07 16:15:00+00:00,26396,26405,26369,26374,294
2026-08-07 16:30:00+00:00,26377,26389,26364,26384,93
2026-08-07 16:45:00+00:00,26387,26390,26379,26385,59
2026-08-07 17:00:00+00:00,26381,26383,26377,26379,37
2026-08-07 17:15:00+00:00,26376,26383,26373,26382,55
2026-08-07 17:30:00+00:00,26381,26392,26378,26388,80
2026-08-07 17:45:00+00:00,26393,26394,26385,26391,41
2026-08-07 18:00:00+00:00,26389,26392,26375,26375,58
2026-08-07 18:15:00+00:00,26376,26379,26368,26368,42
2026-08-07 18:30:00+00:00,26369,26370,26361,26361,23
2026-08-07 18:45:00+00:00,26363,26384,26363,26381,106
2026-08-07 19:00:00+00:00,26383,26420,26380,26418,164
2026-08-07 19:15:00+00:00,26421,26452,26421,26438,193
2026-08-07 19:30:00+00:00,26439,26448,26434,26441,140
2026-08-07 19:45:00+00:00,26445,26447,26424,26447,290
2026-08-07 20:00:00+00:00,26455,26455,26455,26455,11
2026-08-10 00:15:00+00:00,26435,26435,26371,26371,36
2026-08-10 00:30:00+00:00,26374,26392,26372,26372,5
2026-08-10 00:45:00+00:00,26373,26373,26373,26373,1
2026-08-10 01:00:00+00:00,26374,26380,26374,26379,3
2026-08-10 01:15:00+00:00,26386,26401,26382,26397,10
2026-08-10 01:30:00+00:00,26390,26407,26389,26405,10
2026-08-10 01:45:00+00:00,26414,26414,26414,26414,1
2026-08-10 02:15:00+00:00,26404,26404,26404,26404,1
2026-08-10 02:45:00+00:00,26399,26414,26394,26394,7
2026-08-10 03:00:00+00:00,26402,26410,26402,26409,5
2026-08-10 03:15:00+00:00,26416,26416,26411,26413,8
2026-08-10 03:30:00+00:00,26413,26414,26413,26413,3
2026-08-10 03:45:00+00:00,26417,26417,26412,26416,9
2026-08-10 04:00:00+00:00,26420,26426,26418,26426,8
2026-08-10 04:15:00+00:00,26425,26425,26425,26425,1
2026-08-10 04:30:00+00:00,26420,26425,26414,26414,7
2026-08-10 04:45:00+00:00,26429,26429,26424,26424,4
2026-08-10 05:00:00+00:00,26435,26440,26435,26440,9
2026-08-10 05:15:00+00:00,26436,26436,26436,26436,1
2026-08-10 05:30:00+00:00,26438,26446,26436,26436,6
2026-08-10 05:45:00+00:00,26439,26442,26430,26430,46
2026-08-10 06:00:00+00:00,26433,26440,26417,26419,159
2026-08-10 06:15:00+00:00,26420,26420,26399,26399,107
2026-08-10 06:30:00+00:00,26400,26409,26397,26407,97
2026-08-10 06:45:00+00:00,26408,26426,26405,26421,172
2026-08-10 07:00:00+00:00,26422,26453,26400,26410,1047
2026-08-10 07:15:00+00:00,26414,26432,26389,26424,347
2026-08-10 07:30:00+00:00,26423,26435,26409,26434,244
2026-08-10 07:45:00+00:00,26436,26451,26429,26444,336
2026-08-10 08:00:00+00:00,26446,26452,26402,26409,267
2026-08-10 08:15:00+00:00,26408,26431,26405,26430,178
2026-08-10 08:30:00+00:00,26431,26447,26425,26445,178
2026-08-10 08:45:00+00:00,26447,26468,26441,26465,358
2026-08-10 09:00:00+00:00,26466,26470,26450,26467,304
2026-08-10 09:15:00+00:00,26467,26487,26458,26483,327
2026-08-10 09:30:00+00:00,26484,26491,26476,26482,179
2026-08-10 09:45:00+00:00,26482,26487,26470,26472,144
2026-08-10 10:00:00+00:00,26472,26480,26460,26467,196
2026-08-10 10:15:00+00:00,26467,26505,26467,26503,246
2026-08-10 10:30:00+00:00,26504,26514,26494,26497,315
2026-08-10 10:45:00+00:00,26498,26500,26474,26485,339
2026-08-10 11:00:00+00:00,26485,26485,26468,26468,208
2026-08-10 11:15:00+00:00,26471,26490,26468,26487,181
2026-08-10 11:30:00+00:00,26487,26491,26461,26476,207
2026-08-10 11:45:00+00:00,26478,26486,26469,26475,139
2026-08-10 12:00:00+00:00,26476,26477,26457,26459,127
2026-08-10 12:15:00+00:00,26459,26471,26452,26458,250
2026-08-10 12:30:00+00:00,26455,26463,26434,26436,161
2026-08-10 12:45:00+00:00,26434,26448,26430,26448,235
2026-08-10 13:00:00+00:00,26452,26459,26427,26427,205
2026-08-10 13:15:00+00:00,26426,26430,26391,26402,393
2026-08-10 13:30:00+00:00,26404,26421,26391,26417,546
2026-08-10 13:45:00+00:00,26413,26414,26375,26386,432
2026-08-10 14:00:00+00:00,26385,26428,26377,26425,509
2026-08-10 14:15:00+00:00,26422,26445,26422,26444,317
2026-08-10 14:30:00+00:00,26443,26444,26408,26410,358
2026-08-10 14:45:00+00:00,26413,26443,26410,26424,302
2026-08-10 15:00:00+00:00,26422,26438,26416,26438,172
2026-08-10 15:15:00+00:00,26435,26443,26419,26432,389
2026-08-10 15:30:00+00:00,26433,26434,26396,26402,824
2026-08-10 15:45:00+00:00,26399,26414,26394,26407,122
2026-08-10 16:00:00+00:00,26410,26411,26399,26408,83
2026-08-10 16:15:00+00:00,26407,26418,26406,26412,57
2026-08-10 16:30:00+00:00,26411,26411,26373,26394,250
2026-08-10 16:45:00+00:00,26396,26400,26394,26400,62
2026-08-10 17:00:00+00:00,26401,26404,26396,26400,22
2026-08-10 17:15:00+00:00,26403,26404,26383,26384,91
2026-08-10 17:30:00+00:00,26383,26385,26378,26381,98
2026-08-10 17:45:00+00:00,26382,26391,26374,26391,95
2026-08-10 18:00:00+00:00,26391,26392,26386,26391,45
2026-08-10 18:15:00+00:00,26391,26393,26380,26384,49
2026-08-10 18:30:00+00:00,26382,26390,26381,26388,40
2026-08-10 18:45:00+00:00,26388,26395,26386,26392,95
2026-08-10 19:00:00+00:00,26392,26410,26390,26409,75
2026-08-10 19:15:00+00:00,26408,26413,26406,26407,68
2026-08-10 19:30:00+00:00,26407,26410,26401,26408,73
2026-08-10 19:45:00+00:00,26406,26418,26395,26416,158
2026-08-10 20:00:00+00:00,26406,26406,26406,26406,8
2026-08-11 00:15:00+00:00,26393,26412,26386,26407,45
2026-08-11 00:30:00+00:00,26407,26412,26407,26412,4
2026-08-11 01:00:00+00:00,26420,26429,26420,26426,15
2026-08-11 01:15:00+00:00,26424,26426,26424,26426,2
2026-08-11 01:30:00+00:00,26433,26433,26432,26432,2
2026-08-11 01:45:00+00:00,26437,26443,26425,26425,18
2026-08-11 02:00:00+00:00,26425,26427,26423,26426,5
2026-08-11 02:15:00+00:00,26435,26435,26429,26429,2
2026-08-11 02:30:00+00:00,26438,26438,26433,26437,4
2026-08-11 02:45:00+00:00,26427,26431,26427,26431,3
2026-08-11 03:00:00+00:00,26434,26434,26434,26434,1
2026-08-11 03:15:00+00:00,26439,26439,26439,26439,1
2026-08-11 03:30:00+00:00,26439,26439,26432,26432,4
2026-08-11 03:45:00+00:00,26430,26430,26430,26430,2
2026-08-11 04:15:00+00:00,26433,26437,26433,26437,7
2026-08-11 04:30:00+00:00,26437,26452,26437,26439,22
2026-08-11 04:45:00+00:00,26444,26444,26444,26444,1
2026-08-11 05:00:00+00:00,26445,26446,26439,26439,9
2026-08-11 05:15:00+00:00,26427,26429,26427,26429,2
2026-08-11 05:30:00+00:00,26429,26448,26424,26448,10
2026-08-11 05:45:00+00:00,26444,26444,26421,26422,22
2026-08-11 06:00:00+00:00,26429,26447,26428,26444,146
2026-08-11 06:15:00+00:00,26443,26449,26416,26416,199
2026-08-11 06:30:00+00:00,26414,26423,26398,26414,249
2026-08-11 06:45:00+00:00,26418,26441,26417,26433,284
2026-08-11 07:00:00+00:00,26432,26459,26401,26404,1276
2026-08-11 07:15:00+00:00,26404,26413,26384,26388,512
2026-08-11 07:30:00+00:00,26391,26416,26369,26375,474
2026-08-11 07:45:00+00:00,26375,26376,26330,26353,707
2026-08-11 08:00:00+00:00,26351,26369,26339,26352,488
2026-08-11 08:15:00+00:00,26349,26373,26343,26352,314
2026-08-11 08:30:00+00:00,26351,26356,26339,26349,189
2026-08-11 08:45:00+00:00,26346,26350,26335,26337,173
2026-08-11 09:00:00+00:00,26333,26350,26319,26327,251
2026-08-11 09:15:00+00:00,26332,26352,26327,26336,195
2026-08-11 09:30:00+00:00,26336,26353,26333,26344,225
2026-08-11 09:45:00+00:00,26343,26367,26338,26362,158
2026-08-11 10:00:00+00:00,26363,26374,26348,26362,154
2026-08-11 10:15:00+00:00,26364,26395,26361,26377,385
2026-08-11 10:30:00+00:00,26380,26394,26376,26391,173
2026-08-11 10:45:00+00:00,26389,26396,26379,26382,172
2026-08-11 11:00:00+00:00,26381,26444,26377,26435,753
2026-08-11 11:15:00+00:00,26434,26442,26411,26425,223
2026-08-11 11:30:00+00:00,26425,26439,26417,26439,140
2026-08-11 11:45:00+00:00,26438,26454,26422,26445,241
2026-08-11 12:00:00+00:00,26447,26480,26438,26475,367
2026-08-11 12:15:00+00:00,26470,26474,26440,26449,565
2026-08-11 12:30:00+00:00,26451,26476,26441,26476,222
2026-08-11 12:45:00+00:00,26476,26484,26464,26481,270
2026-08-11 13:00:00+00:00,26481,26497,26474,26478,422
2026-08-11 13:15:00+00:00,26475,26501,26471,26497,345
2026-08-11 13:30:00+00:00,26497,26519,26483,26510,592
2026-08-11 13:45:00+00:00,26512,26543,26505,26516,793
2026-08-11 14:00:00+00:00,26518,26544,26501,26544,543
2026-08-11 14:15:00+00:00,26545,26555,26533,26541,439
2026-08-11 14:30:00+00:00,26543,26555,26532,26550,442
2026-08-11 14:45:00+00:00,26553,26582,26537,26541,642
2026-08-11 15:00:00+00:00,26543,26544,26501,26502,439
2026-08-11 15:15:00+00:00,26502,26504,26465,26474,940
2026-08-11 15:30:00+00:00,26474,26496,26465,26468,1109
2026-08-11 15:45:00+00:00,26467,26475,26463,26471,188
2026-08-11 16:00:00+00:00,26472,26492,26472,26486,145
2026-08-11 16:15:00+00:00,26487,26497,26479,26482,124
2026-08-11 16:30:00+00:00,26479,26480,26471,26474,68
2026-08-11 16:45:00+00:00,26473,26479,26466,26467,59
2026-08-11 17:00:00+00:00,26469,26472,26454,26457,232
2026-08-11 17:15:00+00:00,26453,26463,26453,26459,84
2026-08-11 17:30:00+00:00,26458,26458,26438,26449,119
2026-08-11 17:45:00+00:00,26449,26449,26444,26446,36
2026-08-11 18:00:00+00:00,26444,26444,26430,26433,109
2026-08-11 18:15:00+00:00,26434,26443,26416,26418,133
2026-08-11 18:30:00+00:00,26420,26441,26419,26428,130
2026-08-11 18:45:00+00:00,26431,26445,26431,26441,107
2026-08-11 19:00:00+00:00,26440,26443,26432,26439,49
2026-08-11 19:15:00+00:00,26439,26447,26437,26444,74
2026-08-11 19:30:00+00:00,26444,26453,26442,26449,159
2026-08-11 19:45:00+00:00,26450,26463,26446,26461,164
2026-08-11 20:00:00+00:00,26442,26442,26442,26442,6
2026-08-12 00:15:00+00:00,26460,26460,26446,26448,26
2026-08-12 00:45:00+00:00,26446,26450,26446,26450,3
2026-08-12 01:00:00+00:00,26455,26459,26453,26459,4
2026-08-12 01:15:00+00:00,26444,26444,26444,26444,1
2026-08-12 01:30:00+00:00,26440,26440,26436,26436,2
2026-08-12 01:45:00+00:00,26448,26452,26446,26446,7
2026-08-12 02:00:00+00:00,26452,26452,26452,26452,1
2026-08-12 02:15:00+00:00,26444,26450,26444,26450,3
2026-08-12 02:30:00+00:00,26450,26450,26449,26449,6
2026-08-12 02:45:00+00:00,26452,26454,26452,26454,2
2026-08-12 03:00:00+00:00,26454,26454,26450,26451,5
2026-08-12 03:15:00+00:00,26453,26455,26453,26455,2
2026-08-12 03:30:00+00:00,26451,26451,26440,26443,7
2026-08-12 03:45:00+00:00,26447,26450,26447,26450,2
2026-08-12 04:00:00+00:00,26452,26452,26452,26452,1
2026-08-12 04:15:00+00:00,26456,26456,26456,26456,1
2026-08-12 04:30:00+00:00,26455,26455,26455,26455,1
2026-08-12 04:45:00+00:00,26465,26468,26465,26468,3
2026-08-12 05:00:00+00:00,26464,26466,26459,26460,12
2026-08-12 05:15:00+00:00,26458,26462,26458,26458,5
2026-08-12 05:30:00+00:00,26461,26470,26460,26465,28
2026-08-12 05:45:00+00:00,26469,26474,26464,26469,27
2026-08-12 06:00:00+00:00,26473,26479,26466,26469,111
2026-08-12 06:15:00+00:00,26469,26479,26468,26478,55
2026-08-12 06:30:00+00:00,26477,26488,26477,26485,71
2026-08-12 06:45:00+00:00,26486,26502,26483,26497,265
2026-08-12 07:00:00+00:00,26498,26536,26495,26524,1210
2026-08-12 07:15:00+00:00,26523,26539,26473,26478,526
2026-08-12 07:30:00+00:00,26479,26515,26477,26508,385
2026-08-12 07:45:00+00:00,26510,26516,26484,26490,289
2026-08-12 08:00:00+00:00,26489,26506,26483,26499,307
2026-08-12 08:15:00+00:00,26495,26520,26481,26515,242
2026-08-12 08:30:00+00:00,26516,26529,26501,26525,282
2026-08-12 08:45:00+00:00,26526,26552,26520,26543,376
2026-08-12 09:00:00+00:00,26545,26554,26539,26545,314
2026-08-12 09:15:00+00:00,26549,26601,26549,26571,694
2026-08-12 09:30:00+00:00,26572,26588,26570,26572,307
2026-08-12 09:45:00+00:00,26573,26603,26560,26568,424
2026-08-12 10:00:00+00:00,26564,26584,26563,26580,238
2026-08-12 10:15:00+00:00,26580,26607,26580,26585,456
2026-08-12 10:30:00+00:00,26587,26608,26587,26607,220
2026-08-12 10:45:00+00:00,26609,26611,26555,26602,702
2026-08-12 11:00:00+00:00,26601,26616,26595,26599,274
2026-08-12 11:15:00+00:00,26601,26616,26599,26607,164
2026-08-12 11:30:00+00:00,26605,26609,26585,26586,217
2026-08-12 11:45:00+00:00,26586,26586,26559,26560,192
2026-08-12 12:00:00+00:00,26563,26568,26552,26568,213
2026-08-12 12:15:00+00:00,26569,26665,26565,26665,601
2026-08-12 12:30:00+00:00,26664,26664,26568,26591,488
2026-08-12 12:45:00+00:00,26589,26592,26544,26547,581
2026-08-12 13:00:00+00:00,26544,26547,26525,26545,410
2026-08-12 13:15:00+00:00,26543,26565,26536,26538,494
2026-08-12 13:30:00+00:00,26538,26563,26529,26540,463
2026-08-12 13:45:00+00:00,26536,26547,26505,26506,477
2026-08-12 14:00:00+00:00,26506,26512,26476,26483,573
2026-08-12 14:15:00+00:00,26480,26496,26465,26470,473
2026-08-12 14:30:00+00:00,26470,26481,26414,26469,894
2026-08-12 14:45:00+00:00,26468,26468,26433,26443,444
2026-08-12 15:00:00+00:00,26444,26445,26389,26400,695
2026-08-12 15:15:00+00:00,26400,26420,26391,26419,789
2026-08-12 15:30:00+00:00,26417,26422,26392,26411,1114
2026-08-12 15:45:00+00:00,26413,26417,26404,26414,133
2026-08-12 16:00:00+00:00,26413,26420,26407,26412,84
2026-08-12 16:15:00+00:00,26415,26420,26403,26407,97
2026-08-12 16:30:00+00:00,26407,26410,26398,26406,75
2026-08-12 16:45:00+00:00,26407,26412,26403,26410,80
2026-08-12 17:00:00+00:00,26411,26417,26407,26414,79
2026-08-12 17:15:00+00:00,26411,26419,26404,26414,70
2026-08-12 17:30:00+00:00,26413,26419,26408,26417,180
2026-08-12 17:45:00+00:00,26416,26419,26407,26414,62
2026-08-12 18:00:00+00:00,26413,26426,26413,26425,70
2026-08-12 18:15:00+00:00,26423,26425,26419,26419,63
2026-08-12 18:30:00+00:00,26419,26431,26419,26430,43
2026-08-12 18:45:00+00:00,26427,26431,26425,26425,39
2026-08-12 19:00:00+00:00,26425,26435,26425,26430,73
2026-08-12 19:15:00+00:00,26432,26435,26427,26428,33
2026-08-12 19:30:00+00:00,26432,26436,26426,26434,149
2026-08-12 19:45:00+00:00,26432,26453,26427,26453,327
2026-08-12 20:00:00+00:00,26453,26453,26441,26441,20
2026-08-13 00:15:00+00:00,26438,26458,26438,26450,57
2026-08-13 00:30:00+00:00,26446,26450,26438,26450,10
2026-08-13 01:00:00+00:00,26443,26443,26443,26443,1
2026-08-13 01:15:00+00:00,26444,26444,26443,26443,2
2026-08-13 01:30:00+00:00,26452,26452,26448,26448,3
2026-08-13 02:00:00+00:00,26465,26471,26465,26467,3
2026-08-13 02:30:00+00:00,26463,26479,26463,26479,4
2026-08-13 02:45:00+00:00,26479,26479,26479,26479,3
2026-08-13 03:00:00+00:00,26480,26480,26478,26478,2
2026-08-13 03:15:00+00:00,26484,26484,26484,26484,2
2026-08-13 03:30:00+00:00,26485,26488,26484,26486,7
2026-08-13 03:45:00+00:00,26490,26496,26490,26496,3
2026-08-13 04:00:00+00:00,26495,26495,26487,26487,8
2026-08-13 04:15:00+00:00,26485,26485,26480,26480,3
2026-08-13 04:30:00+00:00,26488,26488,26483,26483,6
2026-08-13 04:45:00+00:00,26484,26492,26484,26490,8
2026-08-13 05:00:00+00:00,26490,26505,26490,26504,34
2026-08-13 05:15:00+00:00,26505,26507,26501,26501,19
2026-08-13 05:30:00+00:00,26501,26501,26489,26491,4
2026-08-13 05:45:00+00:00,26486,26486,26479,26486,13
2026-08-13 06:00:00+00:00,26478,26490,26470,26489,110
2026-08-13 06:15:00+00:00,26489,26496,26473,26483,165
2026-08-13 06:30:00+00:00,26483,26484,26470,26480,93
2026-08-13 06:45:00+00:00,26484,26520,26479,26515,218
2026-08-13 07:00:00+00:00,26515,26569,26502,26512,1130
2026-08-13 07:15:00+00:00,26512,26516,26482,26492,411
2026-08-13 07:30:00+00:00,26492,26517,26473,26517,311
2026-08-13 07:45:00+00:00,26518,26528,26496,26497,380
2026-08-13 08:00:00+00:00,26499,26525,26488,26525,345
2026-08-13 08:15:00+00:00,26525,26531,26508,26519,305
2026-08-13 08:30:00+00:00,26519,26524,26503,26523,174
2026-08-13 08:45:00+00:00,26524,26527,26511,26520,187
2026-08-13 09:00:00+00:00,26519,26529,26512,26521,186
2026-08-13 09:15:00+00:00,26521,26549,26517,26527,202
2026-08-13 09:30:00+00:00,26528,26538,26521,26529,146
2026-08-13 09:45:00+00:00,26530,26547,26530,26542,126
2026-08-13 10:00:00+00:00,26542,26544,26533,26539,130
2026-08-13 10:15:00+00:00,26541,26555,26538,26541,199
2026-08-13 10:30:00+00:00,26540,26548,26529,26545,164
2026-08-13 10:45:00+00:00,26546,26558,26531,26542,127
2026-08-13 11:00:00+00:00,26541,26549,26520,26526,217
2026-08-13 11:15:00+00:00,26527,26539,26521,26522,118
2026-08-13 11:30:00+00:00,26523,26523,26496,26509,215
2026-08-13 11:45:00+00:00,26509,26515,26501,26507,149
2026-08-13 12:00:00+00:00,26505,26518,26496,26501,214
2026-08-13 12:15:00+00:00,26504,26515,26497,26509,115
2026-08-13 12:30:00+00:00,26513,26528,26484,26490,226
2026-08-13 12:45:00+00:00,26493,26493,26466,26472,264
2026-08-13 13:00:00+00:00,26474,26483,26463,26478,318
2026-08-13 13:15:00+00:00,26478,26482,26457,26461,272
2026-08-13 13:30:00+00:00,26461,26470,26445,26450,562
2026-08-13 13:45:00+00:00,26448,26453,26424,26435,448
2026-08-13 14:00:00+00:00,26437,26456,26433,26440,511
2026-08-13 14:15:00+00:00,26437,26453,26416,26446,385
2026-08-13 14:30:00+00:00,26447,26456,26427,26447,307
2026-08-13 14:45:00+00:00,26448,26455,26428,26438,333
2026-08-13 15:00:00+00:00,26442,26443,26394,26394,342
2026-08-13 15:15:00+00:00,26393,26397,26351,26359,1229
2026-08-13 15:30:00+00:00,26357,26389,26356,26377,1182
2026-08-13 15:45:00+00:00,26376,26391,26373,26386,227
2026-08-13 16:00:00+00:00,26389,26400,26389,26392,120
2026-08-13 16:15:00+00:00,26393,26401,26391,26399,71
2026-08-13 16:30:00+00:00,26400,26410,26400,26407,115
2026-08-13 16:45:00+00:00,26408,26415,26403,26414,71
2026-08-13 17:00:00+00:00,26416,26425,26416,26422,97
2026-08-13 17:15:00+00:00,26423,26427,26414,26415,77
2026-08-13 17:30:00+00:00,26415,26415,26405,26407,69
2026-08-13 17:45:00+00:00,26410,26413,26407,26410,36
2026-08-13 18:00:00+00:00,26413,26418,26411,26417,31
2026-08-13 18:15:00+00:00,26415,26417,26411,26415,55
2026-08-13 18:30:00+00:00,26416,26450,26413,26448,295
2026-08-13 18:45:00+00:00,26449,26461,26445,26450,203
2026-08-13 19:00:00+00:00,26450,26465,26444,26461,129
2026-08-13 19:15:00+00:00,26459,26474,26458,26463,141
2026-08-13 19:30:00+00:00,26464,26475,26463,26467,244
2026-08-13 19:45:00+00:00,26467,26484,26460,26482,449
2026-08-13 20:00:00+00:00,26452,26452,26452,26452,32
2026-08-14 00:15:00+00:00,26456,26484,26456,26481,32
2026-08-14 00:45:00+00:00,26470,26470,26470,26470,1
2026-08-14 01:00:00+00:00,26458,26474,26456,26467,11
2026-08-14 01:15:00+00:00,26477,26484,26474,26474,13
2026-08-14 01:30:00+00:00,26475,26490,26475,26485,9
2026-08-14 01:45:00+00:00,26484,26488,26484,26486,8
2026-08-14 02:00:00+00:00,26490,26499,26490,26499,4
2026-08-14 03:00:00+00:00,26486,26495,26486,26493,4
2026-08-14 03:15:00+00:00,26501,26505,26500,26500,8
2026-08-14 03:45:00+00:00,26488,26488,26487,26487,3
2026-08-14 04:00:00+00:00,26487,26491,26487,26491,6
2026-08-14 04:15:00+00:00,26491,26491,26491,26491,2
2026-08-14 05:00:00+00:00,26480,26480,26473,26473,9
2026-08-14 05:15:00+00:00,26477,26485,26474,26484,26
2026-08-14 05:30:00+00:00,26480,26483,26480,26483,4
2026-08-14 05:45:00+00:00,26478,26480,26469,26469,57
2026-08-14 06:00:00+00:00,26467,26476,26461,26472,201
2026-08-14 06:15:00+00:00,26475,26483,26471,26482,97
2026-08-14 06:30:00+00:00,26484,26495,26484,26494,88
2026-08-14 06:45:00+00:00,26494,26522,26494,26519,273
2026-08-14 07:00:00+00:00,26516,26550,26496,26522,1419
2026-08-14 07:15:00+00:00,26524,26535,26504,26514,460
2026-08-14 07:30:00+00:00,26516,26546,26511,26534,379
2026-08-14 07:45:00+00:00,26532,26564,26520,26548,598
2026-08-14 08:00:00+00:00,26549,26557,26509,26519,475
2026-08-14 08:15:00+00:00,26518,26522,26470,26482,430
2026-08-14 08:30:00+00:00,26481,26503,26476,26479,354
2026-08-14 08:45:00+00:00,26476,26521,26473,26511,248
2026-08-14 09:00:00+00:00,26507,26513,26495,26504,171
2026-08-14 09:15:00+00:00,26502,26526,26489,26516,171
2026-08-14 09:30:00+00:00,26515,26534,26508,26534,253
2026-08-14 09:45:00+00:00,26535,26560,26533,26552,551
2026-08-14 10:00:00+00:00,26553,26572,26544,26558,620
2026-08-14 10:15:00+00:00,26558,26558,26533,26548,297
2026-08-14 10:30:00+00:00,26548,26558,26539,26556,242
2026-08-14 10:45:00+00:00,26556,26563,26544,26561,159
2026-08-14 11:00:00+00:00,26563,26567,26536,26541,355
2026-08-14 11:15:00+00:00,26541,26570,26541,26565,270
2026-08-14 11:30:00+00:00,26565,26588,26565,26585,473
2026-08-14 11:45:00+00:00,26585,26607,26578,26604,422
2026-08-14 12:00:00+00:00,26606,26608,26561,26588,868
2026-08-14 12:15:00+00:00,26589,26595,26577,26591,319
2026-08-14 12:30:00+00:00,26592,26613,26571,26598,662
2026-08-14 12:45:00+00:00,26598,26602,26580,26580,192
2026-08-14 13:00:00+00:00,26578,26591,26575,26579,466
2026-08-14 13:15:00+00:00,26580,26583,26549,26576,439
2026-08-14 13:30:00+00:00,26574,26577,26519,26528,517
2026-08-14 13:45:00+00:00,26530,26536,26508,26531,463
2026-08-14 14:00:00+00:00,26530,26536,26502,26512,360
2026-08-14 14:15:00+00:00,26512,26520,26482,26487,363
2026-08-14 14:30:00+00:00,26489,26501,26480,26482,409
2026-08-14 14:45:00+00:00,26484,26522,26481,26520,301
2026-08-14 15:00:00+00:00,26519,26527,26502,26510,376
2026-08-14 15:15:00+00:00,26510,26516,26481,26504,1023
2026-08-14 15:30:00+00:00,26505,26507,26487,26501,1138
2026-08-14 15:45:00+00:00,26504,26519,26498,26517,173
2026-08-14 16:00:00+00:00,26519,26531,26519,26527,78
2026-08-14 16:15:00+00:00,26528,26529,26518,26526,82
2026-08-14 16:30:00+00:00,26526,26526,26511,26511,104
2026-08-14 16:45:00+00:00,26511,26515,26509,26511,76
2026-08-14 17:00:00+00:00,26511,26519,26505,26515,90
2026-08-14 17:15:00+00:00,26517,26525,26516,26519,55
2026-08-14 17:30:00+00:00,26521,26523,26510,26512,46
2026-08-14 17:45:00+00:00,26514,26519,26510,26517,19
2026-08-14 18:00:00+00:00,26518,26527,26514,26525,113
2026-08-14 18:15:00+00:00,26526,26531,26523,26529,39
2026-08-14 18:30:00+00:00,26529,26530,26524,26528,43
2026-08-14 18:45:00+00:00,26528,26533,26525,26525,79
2026-08-14 19:00:00+00:00,26523,26525,26520,26523,49
2026-08-14 19:15:00+00:00,26524,26533,26514,26530,87
2026-08-14 19:30:00+00:00,26531,26537,26526,26526,146
2026-08-14 19:45:00+00:00,26528,26529,26509,26526,354
2026-08-14 20:00:00+00:00,26523,26523,26523,26523,9
2026-08-17 00:15:00+00:00,26555,26576,26542,26547,14
2026-08-17 00:30:00+00:00,26549,26549,26548,26548,2
2026-08-17 00:45:00+00:00,26554,26554,26554,26554,1
2026-08-17 01:00:00+00:00,26552,26558,26544,26558,10
2026-08-17 01:15:00+00:00,26561,26578,26561,26571,11
2026-08-17 01:30:00+00:00,26576,26576,26562,26569,6
2026-08-17 01:45:00+00:00,26553,26555,26553,26555,2
2026-08-17 02:00:00+00:00,26540,26540,26535,26535,3
2026-08-17 02:15:00+00:00,26536,26541,26536,26541,2
2026-08-17 02:30:00+00:00,26544,26544,26544,26544,1
2026-08-17 02:45:00+00:00,26548,26549,26547,26547,3
2026-08-17 03:00:00+00:00,26549,26550,26547,26550,4
2026-08-17 03:15:00+00:00,26549,26549,26549,26549,1
2026-08-17 03:45:00+00:00,26565,26569,26565,26569,4
2026-08-17 04:00:00+00:00,26571,26579,26571,26574,16
2026-08-17 04:15:00+00:00,26574,26575,26570,26570,5
2026-08-17 04:30:00+00:00,26558,26558,26558,26558,1
2026-08-17 05:00:00+00:00,26554,26554,26554,26554,1
2026-08-17 05:15:00+00:00,26557,26557,26556,26556,2
2026-08-17 05:30:00+00:00,26561,26568,26558,26565,19
2026-08-17 05:45:00+00:00,26561,26573,26561,26573,18
2026-08-17 06:00:00+00:00,26574,26583,26562,26567,178
2026-08-17 06:15:00+00:00,26566,26566,26549,26558,106
2026-08-17 06:30:00+00:00,26553,26553,26531,26540,142
2026-08-17 06:45:00+00:00,26541,26550,26530,26544,197
2026-08-17 07:00:00+00:00,26543,26565,26506,26506,1128
2026-08-17 07:15:00+00:00,26506,26516,26488,26507,432
2026-08-17 07:30:00+00:00,26508,26525,26486,26525,357
2026-08-17 07:45:00+00:00,26523,26548,26520,26536,413
2026-08-17 08:00:00+00:00,26537,26537,26481,26510,403
2026-08-17 08:15:00+00:00,26506,26506,26455,26469,390
2026-08-17 08:30:00+00:00,26470,26508,26468,26508,330
2026-08-17 08:45:00+00:00,26508,26509,26484,26501,234
2026-08-17 09:00:00+00:00,26500,26513,26495,26504,247
2026-08-17 09:15:00+00:00,26504,26511,26493,26495,156
2026-08-17 09:30:00+00:00,26495,26497,26477,26495,224
2026-08-17 09:45:00+00:00,26495,26497,26468,26487,138
2026-08-17 10:00:00+00:00,26485,26498,26474,26494,187
2026-08-17 10:15:00+00:00,26501,26562,26498,26557,606
2026-08-17 10:30:00+00:00,26552,26559,26511,26525,374
2026-08-17 10:45:00+00:00,26528,26531,26510,26512,172
2026-08-17 11:00:00+00:00,26512,26516,26505,26510,157
2026-08-17 11:15:00+00:00,26512,26522,26497,26519,105
2026-08-17 11:30:00+00:00,26519,26522,26509,26509,75
2026-08-17 11:45:00+00:00,26518,26526,26513,26519,77
2026-08-17 12:00:00+00:00,26519,26520,26495,26500,129
2026-08-17 12:15:00+00:00,26501,26503,26445,26466,478
2026-08-17 12:30:00+00:00,26468,26480,26460,26467,329
2026-08-17 12:45:00+00:00,26471,26471,26455,26462,267
2026-08-17 13:00:00+00:00,26462,26466,26441,26442,208
2026-08-17 13:15:00+00:00,26442,26461,26423,26436,498
2026-08-17 13:30:00+00:00,26436,26479,26421,26457,538
2026-08-17 13:45:00+00:00,26453,26485,26447,26481,268
2026-08-17 14:00:00+00:00,26481,26485,26464,26478,342
2026-08-17 14:15:00+00:00,26477,26479,26454,26468,214
2026-08-17 14:30:00+00:00,26468,26482,26457,26458,297
2026-08-17 14:45:00+00:00,26458,26460,26444,26450,293
2026-08-17 15:00:00+00:00,26449,26464,26433,26434,559
2026-08-17 15:15:00+00:00,26434,26439,26422,26431,614
2026-08-17 15:30:00+00:00,26432,26432,26391,26400,1202
2026-08-17 15:45:00+00:00,26399,26418,26399,26406,223
2026-08-17 16:00:00+00:00,26407,26416,26406,26411,113
2026-08-17 16:15:00+00:00,26410,26425,26409,26418,94
2026-08-17 16:30:00+00:00,26419,26420,26409,26409,86
2026-08-17 16:45:00+00:00,26408,26412,26402,26409,57
2026-08-17 17:00:00+00:00,26407,26410,26399,26399,51
2026-08-17 17:15:00+00:00,26396,26399,26380,26385,86
2026-08-17 17:30:00+00:00,26386,26389,26374,26386,108
2026-08-17 17:45:00+00:00,26385,26387,26370,26372,53
2026-08-17 18:00:00+00:00,26372,26375,26360,26366,65
2026-08-17 18:15:00+00:00,26370,26382,26366,26376,165
2026-08-17 18:30:00+00:00,26379,26381,26366,26369,48
2026-08-17 18:45:00+00:00,26370,26372,26360,26362,61
2026-08-17 19:00:00+00:00,26363,26363,26355,26358,56
2026-08-17 19:15:00+00:00,26362,26374,26362,26371,48
2026-08-17 19:30:00+00:00,26372,26375,26364,26369,129
2026-08-17 19:45:00+00:00,26369,26387,26369,26379,280
2026-08-17 20:00:00+00:00,26359,26359,26359,26359,26
2026-08-18 00:15:00+00:00,26385,26389,26368,26369,33
2026-08-18 00:30:00+00:00,26363,26368,26363,26368,3
2026-08-18 00:45:00+00:00,26364,26364,26363,26363,2
2026-08-18 01:15:00+00:00,26367,26370,26367,26367,6
2026-08-18 01:30:00+00:00,26355,26355,26355,26355,2
2026-08-18 01:45:00+00:00,26341,26350,26323,26350,32
2026-08-18 02:15:00+00:00,26323,26323,26305,26320,29
2026-08-18 02:30:00+00:00,26312,26321,26312,26321,5
2026-08-18 02:45:00+00:00,26304,26304,26304,26304,1
2026-08-18 03:00:00+00:00,26318,26318,26311,26311,3
2026-08-18 03:15:00+00:00,26315,26315,26300,26305,20
2026-08-18 03:30:00+00:00,26304,26311,26287,26311,16
2026-08-18 03:45:00+00:00,26308,26315,26308,26315,5
2026-08-18 04:00:00+00:00,26302,26304,26301,26303,5
2026-08-18 04:15:00+00:00,26297,26302,26294,26300,7
2026-08-18 04:30:00+00:00,26305,26305,26301,26301,4
2026-08-18 04:45:00+00:00,26302,26314,26302,26314,4
2026-08-18 05:00:00+00:00,26294,26298,26286,26286,8
2026-08-18 05:15:00+00:00,26295,26303,26290,26300,62
2026-08-18 05:30:00+00:00,26299,26306,26287,26306,44
2026-08-18 05:45:00+00:00,26308,26337,26308,26317,97
2026-08-18 06:00:00+00:00,26321,26324,26289,26319,305
2026-08-18 06:15:00+00:00,26319,26321,26301,26307,115
2026-08-18 06:30:00+00:00,26308,26322,26295,26319,262
2026-08-18 06:45:00+00:00,26321,26358,26317,26357,565
2026-08-18 07:00:00+00:00,26358,26376,26277,26283,1527
2026-08-18 07:15:00+00:00,26285,26315,26273,26293,504
2026-08-18 07:30:00+00:00,26295,26316,26260,26262,434
2026-08-18 07:45:00+00:00,26264,26273,26234,26242,559
2026-08-18 08:00:00+00:00,26242,26258,26214,26256,729
2026-08-18 08:15:00+00:00,26256,26281,26243,26266,367
2026-08-18 08:30:00+00:00,26269,26297,26264,26287,334
2026-08-18 08:45:00+00:00,26289,26308,26271,26306,249
2026-08-18 09:00:00+00:00,26304,26304,26269,26280,245
2026-08-18 09:15:00+00:00,26280,26294,26272,26280,285
2026-08-18 09:30:00+00:00,26279,26293,26266,26293,186
2026-08-18 09:45:00+00:00,26294,26326,26288,26315,391
2026-08-18 10:00:00+00:00,26316,26334,26306,26308,287
2026-08-18 10:15:00+00:00,26310,26326,26309,26323,173
2026-08-18 10:30:00+00:00,26322,26330,26310,26316,228
2026-08-18 10:45:00+00:00,26316,26328,26313,26325,180
2026-08-18 11:00:00+00:00,26324,26330,26315,26326,192
2026-08-18 11:15:00+00:00,26324,26330,26302,26311,230
2026-08-18 11:30:00+00:00,26310,26333,26302,26328,204
2026-08-18 11:45:00+00:00,26329,26339,26321,26322,239
2026-08-18 12:00:00+00:00,26323,26330,26309,26319,163
2026-08-18 12:15:00+00:00,26318,26339,26312,26322,218
2026-08-18 12:30:00+00:00,26327,26327,26303,26315,180
2026-08-18 12:45:00+00:00,26315,26322,26305,26320,179
2026-08-18 13:00:00+00:00,26322,26322,26293,26306,198
2026-08-18 13:15:00+00:00,26305,26312,26277,26286,326
2026-08-18 13:30:00+00:00,26285,26310,26242,26289,765
2026-08-18 13:45:00+00:00,26288,26288,26256,26262,430
2026-08-18 14:00:00+00:00,26267,26286,26244,26246,525
2026-08-18 14:15:00+00:00,26246,26275,26241,26275,423
2026-08-18 14:30:00+00:00,26275,26276,26229,26231,446
2026-08-18 14:45:00+00:00,26230,26241,26183,26193,989
2026-08-18 15:00:00+00:00,26193,26218,26185,26192,701
2026-08-18 15:15:00+00:00,26194,26223,26187,26216,899
2026-08-18 15:30:00+00:00,26216,26222,26184,26216,1549
2026-08-18 15:45:00+00:00,26218,26239,26217,26230,262
2026-08-18 16:00:00+00:00,26229,26232,26221,26230,128
2026-08-18 16:15:00+00:00,26232,26242,26228,26233,113
2026-08-18 16:30:00+00:00,26233,26245,26233,26239,66
2026-08-18 16:45:00+00:00,26240,26259,26237,26250,146
2026-08-18 17:00:00+00:00,26250,26254,26242,26251,81
2026-08-18 17:15:00+00:00,26251,26251,26242,26247,72
2026-08-18 17:30:00+00:00,26246,26249,26242,26245,30
2026-08-18 17:45:00+00:00,26244,26244,26229,26229,78
2026-08-18 18:00:00+00:00,26228,26237,26224,26237,82
2026-08-18 18:15:00+00:00,26238,26241,26236,26241,38
2026-08-18 18:30:00+00:00,26243,26247,26240,26242,38
2026-08-18 18:45:00+00:00,26242,26243,26230,26231,42
2026-08-18 19:00:00+00:00,26229,26233,26225,26228,46
2026-08-18 19:15:00+00:00,26230,26245,26230,26241,72
2026-08-18 19:30:00+00:00,26241,26244,26231,26233,170
2026-08-18 19:45:00+00:00,26232,26235,26209,26220,203
2026-08-18 20:00:00+00:00,26194,26194,26194,26194,10
2026-08-19 00:15:00+00:00,26162,26196,26160,26190,87
2026-08-19 00:30:00+00:00,26194,26211,26194,26211,8
2026-08-19 00:45:00+00:00,26195,26195,26195,26195,1
2026-08-19 01:00:00+00:00,26191,26202,26189,26200,11
2026-08-19 01:15:00+00:00,26191,26198,26190,26190,4
2026-08-19 01:30:00+00:00,26198,26198,26178,26179,17
2026-08-19 01:45:00+00:00,26176,26179,26176,26179,2
2026-08-19 02:00:00+00:00,26180,26180,26176,26177,3
2026-08-19 02:15:00+00:00,26180,26190,26174,26186,7
2026-08-19 03:00:00+00:00,26177,26184,26171,26171,7
2026-08-19 03:15:00+00:00,26181,26181,26181,26181,1
2026-08-19 03:30:00+00:00,26186,26186,26186,26186,1
2026-08-19 03:45:00+00:00,26171,26171,26171,26171,1
2026-08-19 04:15:00+00:00,26169,26182,26164,26182,16
2026-08-19 04:30:00+00:00,26180,26180,26171,26178,11
2026-08-19 04:45:00+00:00,26177,26191,26170,26187,11
2026-08-19 05:00:00+00:00,26187,26194,26186,26192,6
2026-08-19 05:15:00+00:00,26179,26179,26175,26175,2
2026-08-19 05:30:00+00:00,26190,26190,26177,26183,15
2026-08-19 05:45:00+00:00,26184,26184,26174,26176,5
2026-08-19 06:00:00+00:00,26181,26181,26152,26165,251
2026-08-19 06:15:00+00:00,26167,26222,26165,26211,334
2026-08-19 06:30:00+00:00,26213,26229,26212,26226,192
2026-08-19 06:45:00+00:00,26228,26265,26228,26251,404
2026-08-19 07:00:00+00:00,26250,26259,26165,26184,1476
2026-08-19 07:15:00+00:00,26186,26200,26168,26186,484
2026-08-19 07:30:00+00:00,26186,26212,26173,26175,356
2026-08-19 07:45:00+00:00,26174,26200,26164,26195,291
2026-08-19 08:00:00+00:00,26194,26203,26158,26160,337
2026-08-19 08:15:00+00:00,26163,26204,26153,26199,298
2026-08-19 08:30:00+00:00,26198,26208,26184,26207,231
2026-08-19 08:45:00+00:00,26208,26212,26162,26165,283
2026-08-19 09:00:00+00:00,26164,26177,26152,26159,342
2026-08-19 09:15:00+00:00,26156,26173,26143,26162,370
2026-08-19 09:30:00+00:00,26162,26166,26135,26141,244
2026-08-19 09:45:00+00:00,26139,26180,26139,26178,219
2026-08-19 10:00:00+00:00,26178,26191,26166,26187,298
2026-08-19 10:15:00+00:00,26186,26188,26164,26180,165
2026-08-19 10:30:00+00:00,26178,26183,26154,26160,186
2026-08-19 10:45:00+00:00,26159,26168,26151,26166,140
2026-08-19 11:00:00+00:00,26167,26185,26159,26173,212
2026-08-19 11:15:00+00:00,26174,26191,26173,26179,208
2026-08-19 11:30:00+00:00,26179,26182,26153,26159,219
2026-08-19 11:45:00+00:00,26159,26170,26148,26151,225
2026-08-19 12:00:00+00:00,26153,26153,26132,26138,223
2026-08-19 12:15:00+00:00,26140,26163,26140,26158,175
2026-08-19 12:30:00+00:00,26158,26252,26155,26233,1184
2026-08-19 12:45:00+00:00,26234,26242,26171,26173,583
2026-08-19 13:00:00+00:00,26171,26179,26159,26160,433
2026-08-19 13:15:00+00:00,26160,26183,26148,26175,389
2026-08-19 13:30:00+00:00,26175,26183,26150,26153,764
2026-08-19 13:45:00+00:00,26154,26159,26125,26146,693
2026-08-19 14:00:00+00:00,26147,26163,26132,26142,628
2026-08-19 14:15:00+00:00,26140,26172,26135,26163,528
2026-08-19 14:30:00+00:00,26161,26196,26161,26181,440
2026-08-19 14:45:00+00:00,26180,26203,26176,26200,424
2026-08-19 15:00:00+00:00,26201,26204,26178,26185,540
2026-08-19 15:15:00+00:00,26186,26195,26169,26188,602
2026-08-19 15:30:00+00:00,26188,26192,26146,26157,918
2026-08-19 15:45:00+00:00,26158,26175,26158,26171,305
2026-08-19 16:00:00+00:00,26170,26193,26167,26186,319
2026-08-19 16:15:00+00:00,26183,26184,26167,26169,86
2026-08-19 16:30:00+00:00,26167,26169,26157,26162,211
2026-08-19 16:45:00+00:00,26158,26159,26146,26149,73
2026-08-19 17:00:00+00:00,26149,26156,26141,26144,117
2026-08-19 17:15:00+00:00,26145,26145,26129,26139,99
2026-08-19 17:30:00+00:00,26140,26141,26130,26138,97
2026-08-19 17:45:00+00:00,26134,26143,26134,26140,51
2026-08-19 18:00:00+00:00,26136,26153,26128,26130,128
2026-08-19 18:15:00+00:00,26127,26133,26118,26130,71
2026-08-19 18:30:00+00:00,26133,26144,26133,26140,72
2026-08-19 18:45:00+00:00,26138,26139,26131,26133,58
2026-08-19 19:00:00+00:00,26136,26144,26133,26141,123
2026-08-19 19:15:00+00:00,26142,26153,26139,26149,223
2026-08-19 19:30:00+00:00,26146,26155,26133,26139,164
2026-08-19 19:45:00+00:00,26138,26149,26135,26146,219
2026-08-19 20:00:00+00:00,26148,26148,26148,26148,11
2026-08-20 00:15:00+00:00,26163,26165,26154,26154,26
2026-08-20 00:30:00+00:00,26151,26160,26151,26160,28
2026-08-20 00:45:00+00:00,26158,26158,26158,26158,2
2026-08-20 01:00:00+00:00,26148,26153,26141,26141,7
2026-08-20 01:15:00+00:00,26148,26154,26140,26140,6
2026-08-20 01:30:00+00:00,26142,26144,26138,26138,5
2026-08-20 01:45:00+00:00,26135,26135,26126,26126,5
2026-08-20 02:00:00+00:00,26133,26143,26133,26142,5
2026-08-20 02:15:00+00:00,26126,26126,26121,26125,6
2026-08-20 02:30:00+00:00,26120,26133,26120,26131,3
2026-08-20 02:45:00+00:00,26126,26126,26126,26126,1
2026-08-20 03:00:00+00:00,26126,26126,26126,26126,1
2026-08-20 03:15:00+00:00,26137,26140,26132,26140,3
2026-08-20 03:30:00+00:00,26130,26130,26130,26130,1
2026-08-20 04:00:00+00:00,26132,26137,26132,26137,2
2026-08-20 04:15:00+00:00,26138,26144,26137,26144,13
2026-08-20 04:30:00+00:00,26135,26137,26135,26137,5
2026-08-20 04:45:00+00:00,26144,26149,26140,26149,5
2026-08-20 05:00:00+00:00,26148,26154,26148,26148,4
2026-08-20 05:15:00+00:00,26142,26165,26142,26163,17
2026-08-20 05:30:00+00:00,26154,26162,26151,26161,28
2026-08-20 05:45:00+00:00,26151,26153,26139,26140,6
2026-08-20 06:00:00+00:00,26145,26177,26140,26171,240
2026-08-20 06:15:00+00:00,26170,26170,26161,26170,96
2026-08-20 06:30:00+00:00,26168,26189,26167,26174,136
2026-08-20 06:45:00+00:00,26178,26196,26165,26166,399
2026-08-20 07:00:00+00:00,26166,26171,26063,26067,1654
2026-08-20 07:15:00+00:00,26065,26077,26040,26040,913
2026-08-20 07:30:00+00:00,26042,26074,26027,26057,820
2026-08-20 07:45:00+00:00,26057,26070,26026,26027,364
2026-08-20 08:00:00+00:00,26027,26045,26016,26030,430
2026-08-20 08:15:00+00:00,26032,26043,26001,26007,470
2026-08-20 08:30:00+00:00,26008,26010,25979,25985,598
2026-08-20 08:45:00+00:00,25986,26013,25986,25994,423
2026-08-20 09:00:00+00:00,25994,26035,25991,26007,319
2026-08-20 09:15:00+00:00,26006,26026,25997,26021,222
2026-08-20 09:30:00+00:00,26014,26031,26010,26030,163
2026-08-20 09:45:00+00:00,26029,26050,26029,26037,273
2026-08-20 10:00:00+00:00,26038,26049,26026,26044,310
2026-08-20 10:15:00+00:00,26047,26049,26017,26018,341
2026-08-20 10:30:00+00:00,26016,26030,26007,26020,326
2026-08-20 10:45:00+00:00,26020,26050,26011,26050,236
2026-08-20 11:00:00+00:00,26049,26066,26042,26052,402
2026-08-20 11:15:00+00:00,26051,26054,26026,26028,204
2026-08-20 11:30:00+00:00,26025,26057,26025,26051,237
2026-08-20 11:45:00+00:00,26049,26049,26010,26010,228
2026-08-20 12:00:00+00:00,26009,26014,25974,25987,693
2026-08-20 12:15:00+00:00,25986,25995,25968,25976,335
2026-08-20 12:30:00+00:00,25976,26001,25965,26001,298
2026-08-20 12:45:00+00:00,26002,26024,26002,26023,324
2026-08-20 13:00:00+00:00,26022,26034,26000,26007,406
2026-08-20 13:15:00+00:00,26009,26031,26008,26030,264
2026-08-20 13:30:00+00:00,26029,26047,26003,26044,528
2026-08-20 13:45:00+00:00,26045,26049,26009,26023,371
2026-08-20 14:00:00+00:00,26028,26028,25996,26016,292
2026-08-20 14:15:00+00:00,26015,26041,26015,26020,304
2026-08-20 14:30:00+00:00,26019,26038,26010,26037,315
2026-08-20 14:45:00+00:00,26038,26071,26037,26070,539
2026-08-20 15:00:00+00:00,26071,26095,26046,26057,749
2026-08-20 15:15:00+00:00,26057,26068,26034,26065,762
2026-08-20 15:30:00+00:00,26067,26068,26027,26030,1099
2026-08-20 15:45:00+00:00,26032,26053,26028,26052,209
2026-08-20 16:00:00+00:00,26054,26057,26042,26042,111
2026-08-20 16:15:00+00:00,26041,26061,26040,26059,89
2026-08-20 16:30:00+00:00,26057,26070,26049,26068,149
2026-08-20 16:45:00+00:00,26064,26075,26060,26072,149
2026-08-20 17:00:00+00:00,26071,26071,26054,26054,157
2026-08-20 17:15:00+00:00,26053,26053,26038,26041,79
2026-08-20 17:30:00+00:00,26042,26043,26034,26034,64
2026-08-20 17:45:00+00:00,26034,26045,26034,26040,69
2026-08-20 18:00:00+00:00,26034,26034,26020,26026,164
2026-08-20 18:15:00+00:00,26024,26029,26016,26018,63
2026-08-20 18:30:00+00:00,26016,26018,26008,26016,114
2026-08-20 18:45:00+00:00,26015,26024,26014,26021,48
2026-08-20 19:00:00+00:00,26018,26036,26018,26035,81
2026-08-20 19:15:00+00:00,26036,26038,26029,26035,42
2026-08-20 19:30:00+00:00,26036,26045,26030,26030,151
2026-08-20 19:45:00+00:00,26031,26037,26019,26022,321
2026-08-20 20:00:00+00:00,26011,26011,26011,26011,12
2026-08-21 00:15:00+00:00,26050,26050,26028,26037,28
2026-08-21 00:30:00+00:00,26035,26045,26032,26045,4
2026-08-21 00:45:00+00:00,26038,26038,26035,26038,3
2026-08-21 01:00:00+00:00,26036,26042,26030,26034,4
2026-08-21 01:15:00+00:00,26044,26049,26044,26049,3
2026-08-21 01:30:00+00:00,26049,26049,26049,26049,1
2026-08-21 01:45:00+00:00,26057,26064,26048,26048,9
2026-08-21 02:00:00+00:00,26051,26051,26051,26051,1
2026-08-21 02:30:00+00:00,26064,26064,26064,26064,1
2026-08-21 02:45:00+00:00,26067,26067,26064,26064,2
2026-08-21 03:00:00+00:00,26053,26053,26053,26053,1
2026-08-21 03:15:00+00:00,26052,26060,26052,26060,3
2026-08-21 03:30:00+00:00,26067,26067,26055,26055,2
2026-08-21 04:15:00+00:00,26066,26066,26066,26066,1
2026-08-21 04:30:00+00:00,26050,26061,26050,26061,3
2026-08-21 04:45:00+00:00,26061,26061,26061,26061,1
2026-08-21 05:00:00+00:00,26070,26074,26063,26069,8
2026-08-21 05:15:00+00:00,26069,26071,26069,26071,2
2026-08-21 05:30:00+00:00,26065,26065,26064,26064,3
2026-08-21 05:45:00+00:00,26052,26061,26050,26061,18
2026-08-21 06:00:00+00:00,26059,26081,26055,26077,213
2026-08-21 06:15:00+00:00,26082,26083,26066,26073,111
2026-08-21 06:30:00+00:00,26074,26084,26067,26072,121
2026-08-21 06:45:00+00:00,26069,26105,26065,26096,436
2026-08-21 07:00:00+00:00,26097,26104,26030,26037,1320
2026-08-21 07:15:00+00:00,26040,26073,26020,26066,547
2026-08-21 07:30:00+00:00,26069,26120,26062,26116,737
2026-08-21 07:45:00+00:00,26115,26124,26089,26104,429
2026-08-21 08:00:00+00:00,26102,26107,26079,26097,303
2026-08-21 08:15:00+00:00,26102,26135,26102,26135,374
2026-08-21 08:30:00+00:00,26133,26135,26112,26131,357
2026-08-21 08:45:00+00:00,26127,26139,26120,26135,276
2026-08-21 09:00:00+00:00,26137,26145,26119,26126,314
2026-08-21 09:15:00+00:00,26127,26127,26101,26104,273
2026-08-21 09:30:00+00:00,26103,26120,26092,26099,495
2026-08-21 09:45:00+00:00,26096,26114,26088,26095,433
2026-08-21 10:00:00+00:00,26093,26114,26080,26088,250
2026-08-21 10:15:00+00:00,26083,26090,26074,26074,240
2026-08-21 10:30:00+00:00,26074,26077,26063,26069,273
2026-08-21 10:45:00+00:00,26070,26081,26068,26072,212
2026-08-21 11:00:00+00:00,26073,26108,26063,26099,972
2026-08-21 11:15:00+00:00,26100,26132,26100,26116,336
2026-08-21 11:30:00+00:00,26117,26135,26098,26102,339
2026-08-21 11:45:00+00:00,26103,26107,26095,26107,169
2026-08-21 12:00:00+00:00,26110,26121,26102,26114,126
2026-08-21 12:15:00+00:00,26112,26128,26110,26128,187
2026-08-21 12:30:00+00:00,26125,26151,26118,26144,280
2026-08-21 12:45:00+00:00,26145,26157,26134,26145,302
2026-08-21 13:00:00+00:00,26144,26161,26141,26157,304
2026-08-21 13:15:00+00:00,26160,26178,26152,26170,422
2026-08-21 13:30:00+00:00,26170,26194,26164,26169,690
2026-08-21 13:45:00+00:00,26171,26215,26159,26204,791
2026-08-21 14:00:00+00:00,26203,26217,26178,26178,519
2026-08-21 14:15:00+00:00,26179,26207,26172,26203,388
2026-08-21 14:30:00+00:00,26202,26213,26180,26204,370
2026-08-21 14:45:00+00:00,26204,26220,26196,26210,409
2026-08-21 15:00:00+00:00,26211,26212,26180,26180,471
2026-08-21 15:15:00+00:00,26179,26188,26168,26182,682
2026-08-21 15:30:00+00:00,26182,26213,26164,26209,1009
2026-08-21 15:45:00+00:00,26211,26213,26186,26186,270
2026-08-21 16:00:00+00:00,26187,26187,26170,26170,163
2026-08-21 16:15:00+00:00,26170,26186,26157,26172,252
2026-08-21 16:30:00+00:00,26173,26176,26167,26170,94
2026-08-21 16:45:00+00:00,26169,26171,26159,26171,56
2026-08-21 17:00:00+00:00,26172,26173,26163,26164,64
2026-08-21 17:15:00+00:00,26163,26163,26150,26161,125
2026-08-21 17:30:00+00:00,26157,26164,26154,26160,93
2026-08-21 17:45:00+00:00,26162,26168,26155,26155,73
2026-08-21 18:00:00+00:00,26155,26155,26147,26149,58
2026-08-21 18:15:00+00:00,26150,26156,26149,26154,50
2026-08-21 18:30:00+00:00,26150,26154,26146,26154,73
2026-08-21 18:45:00+00:00,26155,26160,26153,26159,41
2026-08-21 19:00:00+00:00,26159,26163,26157,26160,49
2026-08-21 19:15:00+00:00,26160,26161,26155,26156,41
2026-08-21 19:30:00+00:00,26155,26176,26152,26173,188
2026-08-21 19:45:00+00:00,26174,26185,26164,26174,240
2026-08-21 20:00:00+00:00,26146,26146,26146,26146,15
2026-08-24 00:15:00+00:00,26186,26186,26146,26160,26
2026-08-24 00:30:00+00:00,26157,26160,26143,26143,17
2026-08-24 00:45:00+00:00,26145,26157,26145,26157,5
2026-08-24 01:15:00+00:00,26195,26195,26191,26191,2
2026-08-24 01:30:00+00:00,26165,26172,26165,26171,3
2026-08-24 01:45:00+00:00,26174,26182,26161,26161,7
2026-08-24 02:00:00+00:00,26157,26166,26153,26162,13
2026-08-24 02:15:00+00:00,26178,26189,26178,26189,26
2026-08-24 02:45:00+00:00,26179,26179,26175,26178,3
2026-08-24 03:00:00+00:00,26155,26155,26151,26151,3
2026-08-24 03:15:00+00:00,26157,26163,26157,26163,3
2026-08-24 03:30:00+00:00,26158,26161,26158,26160,23
2026-08-24 03:45:00+00:00,26154,26158,26154,26158,2
2026-08-24 04:15:00+00:00,26165,26171,26153,26161,27
2026-08-24 04:30:00+00:00,26169,26169,26163,26163,8
2026-08-24 04:45:00+00:00,26166,26166,26162,26162,4
2026-08-24 05:00:00+00:00,26156,26165,26156,26164,5
2026-08-24 05:15:00+00:00,26160,26160,26156,26156,2
2026-08-24 05:30:00+00:00,26150,26150,26137,26138,35
2026-08-24 05:45:00+00:00,26135,26150,26125,26135,144
2026-08-24 06:00:00+00:00,26134,26154,26133,26152,225
2026-08-24 06:15:00+00:00,26156,26159,26130,26155,135
2026-08-24 06:30:00+00:00,26154,26160,26133,26136,152
2026-08-24 06:45:00+00:00,26137,26144,26129,26134,224
2026-08-24 07:00:00+00:00,26134,26154,26115,26126,1082
2026-08-24 07:15:00+00:00,26125,26130,26095,26096,377
2026-08-24 07:30:00+00:00,26098,26126,26088,26113,467
2026-08-24 07:45:00+00:00,26111,26137,26094,26098,354
2026-08-24 08:00:00+00:00,26099,26184,26089,26141,606
2026-08-24 08:15:00+00:00,26142,26173,26142,26166,312
2026-08-24 08:30:00+00:00,26165,26205,26157,26199,370
2026-08-24 08:45:00+00:00,26201,26208,26167,26174,402
2026-08-24 09:00:00+00:00,26174,26209,26164,26202,302
2026-08-24 09:15:00+00:00,26202,26205,26166,26178,301
2026-08-24 09:30:00+00:00,26179,26193,26179,26183,167
2026-08-24 09:45:00+00:00,26181,26201,26179,26201,154
2026-08-24 10:00:00+00:00,26202,26208,26190,26197,220
2026-08-24 10:15:00+00:00,26200,26213,26197,26204,148
2026-08-24 10:30:00+00:00,26204,26225,26190,26190,284
2026-08-24 10:45:00+00:00,26190,26195,26176,26182,199
2026-08-24 11:00:00+00:00,26181,26184,26157,26166,313
2026-08-24 11:15:00+00:00,26165,26177,26160,26171,191
2026-08-24 11:30:00+00:00,26169,26218,26167,26199,403
2026-08-24 11:45:00+00:00,26195,26197,26174,26184,191
2026-08-24 12:00:00+00:00,26183,26186,26160,26179,157
2026-08-24 12:15:00+00:00,26178,26192,26178,26185,107
2026-08-24 12:30:00+00:00,26186,26197,26133,26162,529
2026-08-24 12:45:00+00:00,26162,26171,26157,26161,145
2026-08-24 13:00:00+00:00,26164,26165,26125,26132,306
2026-08-24 13:15:00+00:00,26133,26152,26130,26134,298
2026-08-24 13:30:00+00:00,26131,26145,26087,26108,1239
2026-08-24 13:45:00+00:00,26109,26154,26105,26140,638
2026-08-24 14:00:00+00:00,26139,26146,26100,26108,498
2026-08-24 14:15:00+00:00,26105,26123,26101,26106,437
2026-08-24 14:30:00+00:00,26104,26133,26101,26133,317
2026-08-24 14:45:00+00:00,26135,26163,26132,26158,380
2026-08-24 15:00:00+00:00,26157,26162,26132,26148,232
2026-08-24 15:15:00+00:00,26149,26180,26138,26171,848
2026-08-24 15:30:00+00:00,26172,26178,26144,26167,1016
2026-08-24 15:45:00+00:00,26167,26180,26167,26173,259
2026-08-24 16:00:00+00:00,26173,26196,26173,26175,318
2026-08-24 16:15:00+00:00,26173,26185,26173,26182,72
2026-08-24 16:30:00+00:00,26182,26182,26163,26163,109
2026-08-24 16:45:00+00:00,26164,26165,26151,26162,149
2026-08-24 17:00:00+00:00,26162,26187,26160,26182,122
2026-08-24 17:15:00+00:00,26181,26182,26163,26163,185
2026-08-24 17:30:00+00:00,26163,26169,26158,26158,49
2026-08-24 17:45:00+00:00,26156,26165,26155,26161,49
2026-08-24 18:00:00+00:00,26164,26176,26160,26176,51
2026-08-24 18:15:00+00:00,26178,26184,26172,26181,56
2026-08-24 18:30:00+00:00,26184,26185,26171,26178,48
2026-08-24 18:45:00+00:00,26179,26182,26169,26169,45
2026-08-24 19:00:00+00:00,26171,26171,26165,26167,34
2026-08-24 19:15:00+00:00,26166,26166,26160,26161,38
2026-08-24 19:30:00+00:00,26161,26166,26156,26160,128
2026-08-24 19:45:00+00:00,26161,26169,26151,26169,192
2026-08-24 20:00:00+00:00,26181,26181,26181,26181,14
2026-08-25 00:15:00+00:00,26168,26173,26141,26173,37
2026-08-25 00:30:00+00:00,26171,26175,26171,26175,3
2026-08-25 00:45:00+00:00,26185,26185,26185,26185,1
2026-08-25 01:00:00+00:00,26176,26198,26175,26198,17
2026-08-25 01:15:00+00:00,26194,26197,26190,26192,8
2026-08-25 01:30:00+00:00,26199,26210,26199,26210,5
2026-08-25 01:45:00+00:00,26198,26198,26195,26195,2
2026-08-25 02:00:00+00:00,26197,26197,26178,26184,11
2026-08-25 02:15:00+00:00,26183,26183,26183,26183,2
2026-08-25 02:30:00+00:00,26200,26200,26200,26200,2
2026-08-25 02:45:00+00:00,26175,26175,26175,26175,2
2026-08-25 03:00:00+00:00,26178,26200,26178,26192,19
2026-08-25 03:15:00+00:00,26199,26201,26193,26198,32
2026-08-25 03:30:00+00:00,26207,26207,26198,26198,7
2026-08-25 03:45:00+00:00,26197,26199,26197,26199,3
2026-08-25 04:00:00+00:00,26202,26208,26202,26208,3
2026-08-25 04:30:00+00:00,26211,26212,26210,26212,5
2026-08-25 04:45:00+00:00,26210,26210,26207,26207,3
2026-08-25 05:00:00+00:00,26218,26230,26216,26227,30
2026-08-25 05:15:00+00:00,26228,26238,26227,26229,16
2026-08-25 05:30:00+00:00,26229,26229,26223,26225,10
2026-08-25 05:45:00+00:00,26224,26235,26221,26232,25
2026-08-25 06:00:00+00:00,26234,26254,26228,26241,264
2026-08-25 06:15:00+00:00,26240,26259,26234,26251,141
2026-08-25 06:30:00+00:00,26250,26254,26240,26250,126
2026-08-25 06:45:00+00:00,26252,26282,26243,26269,359
2026-08-25 07:00:00+00:00,26271,26298,26226,26239,1071
2026-08-25 07:15:00+00:00,26236,26247,26215,26236,473
2026-08-25 07:30:00+00:00,26238,26275,26237,26269,358
2026-08-25 07:45:00+00:00,26274,26274,26226,26239,309
2026-08-25 08:00:00+00:00,26242,26244,26212,26227,290
2026-08-25 08:15:00+00:00,26225,26325,26222,26278,1041
2026-08-25 08:30:00+00:00,26277,26286,26241,26275,397
2026-08-25 08:45:00+00:00,26275,26300,26271,26300,469
2026-08-25 09:00:00+00:00,26300,26308,26281,26298,260
2026-08-25 09:15:00+00:00,26294,26324,26294,26323,386
2026-08-25 09:30:00+00:00,26323,26366,26322,26346,872
2026-08-25 09:45:00+00:00,26347,26399,26339,26362,530
2026-08-25 10:00:00+00:00,26362,26383,26353,26380,405
2026-08-25 10:15:00+00:00,26380,26384,26368,26370,281
2026-08-25 10:30:00+00:00,26372,26396,26370,26375,316
2026-08-25 10:45:00+00:00,26375,26390,26374,26381,235
2026-08-25 11:00:00+00:00,26382,26382,26325,26360,448
2026-08-25 11:15:00+00:00,26362,26367,26343,26347,221
2026-08-25 11:30:00+00:00,26350,26370,26350,26366,153
2026-08-25 11:45:00+00:00,26370,26376,26355,26365,233
2026-08-25 12:00:00+00:00,26365,26380,26334,26346,222
2026-08-25 12:15:00+00:00,26347,26368,26330,26337,273
2026-08-25 12:30:00+00:00,26335,26344,26323,26333,201
2026-08-25 12:45:00+00:00,26332,26348,26327,26331,147
2026-08-25 13:00:00+00:00,26332,26340,26317,26337,294
2026-08-25 13:15:00+00:00,26332,26334,26315,26330,362
2026-08-25 13:30:00+00:00,26332,26336,26300,26336,592
2026-08-25 13:45:00+00:00,26337,26339,26308,26312,277
2026-08-25 14:00:00+00:00,26310,26357,26300,26355,481
2026-08-25 14:15:00+00:00,26356,26361,26330,26335,282
2026-08-25 14:30:00+00:00,26331,26377,26297,26369,686
2026-08-25 14:45:00+00:00,26367,26370,26345,26346,332
2026-08-25 15:00:00+00:00,26348,26351,26315,26322,339
2026-08-25 15:15:00+00:00,26323,26345,26321,26333,726
2026-08-25 15:30:00+00:00,26333,26357,26307,26312,1347
2026-08-25 15:45:00+00:00,26312,26329,26308,26318,303
2026-08-25 16:00:00+00:00,26319,26319,26309,26310,66
2026-08-25 16:15:00+00:00,26310,26316,26305,26307,198
2026-08-25 16:30:00+00:00,26307,26313,26303,26305,73
2026-08-25 16:45:00+00:00,26303,26317,26301,26310,136
2026-08-25 17:00:00+00:00,26310,26311,26287,26295,201
2026-08-25 17:15:00+00:00,26294,26296,26285,26288,84
2026-08-25 17:30:00+00:00,26288,26294,26285,26287,86
2026-08-25 17:45:00+00:00,26288,26295,26288,26293,68
2026-08-25 18:00:00+00:00,26293,26293,26287,26287,62
2026-08-25 18:15:00+00:00,26285,26291,26284,26284,57
2026-08-25 18:30:00+00:00,26285,26293,26285,26292,33
2026-08-25 18:45:00+00:00,26294,26304,26294,26300,93
2026-08-25 19:00:00+00:00,26300,26301,26295,26295,38
2026-08-25 19:15:00+00:00,26294,26303,26291,26303,148
2026-08-25 19:30:00+00:00,26303,26311,26296,26305,221
2026-08-25 19:45:00+00:00,26303,26332,26298,26325,303
2026-08-25 20:00:00+00:00,26317,26317,26317,26317,10
2026-08-26 00:15:00+00:00,26312,26314,26285,26292,47
2026-08-26 00:30:00+00:00,26294,26294,26294,26294,1
2026-08-26 00:45:00+00:00,26292,26295,26291,26291,4
2026-08-26 01:00:00+00:00,26289,26301,26289,26298,12
2026-08-26 01:15:00+00:00,26303,26303,26279,26279,23
2026-08-26 01:30:00+00:00,26290,26291,26290,26290,4
2026-08-26 01:45:00+00:00,26284,26296,26281,26296,12
2026-08-26 02:00:00+00:00,26294,26295,26294,26295,3
2026-08-26 02:15:00+00:00,26297,26319,26297,26319,6
2026-08-26 02:30:00+00:00,26324,26344,26324,26341,21
2026-08-26 02:45:00+00:00,26340,26345,26338,26343,10
2026-08-26 03:00:00+00:00,26344,26347,26337,26340,8
2026-08-26 03:45:00+00:00,26341,26343,26339,26343,5
2026-08-26 04:00:00+00:00,26344,26344,26336,26336,2
2026-08-26 04:45:00+00:00,26327,26327,26315,26321,24
2026-08-26 05:00:00+00:00,26325,26327,26321,26326,11
2026-08-26 05:30:00+00:00,26314,26316,26304,26316,35
2026-08-26 05:45:00+00:00,26317,26317,26305,26309,31
2026-08-26 06:00:00+00:00,26311,26322,26285,26315,296
2026-08-26 06:15:00+00:00,26312,26327,26310,26321,139
2026-08-26 06:30:00+00:00,26320,26337,26316,26336,99
2026-08-26 06:45:00+00:00,26334,26336,26308,26320,298
2026-08-26 07:00:00+00:00,26317,26330,26287,26306,1323
2026-08-26 07:15:00+00:00,26304,26309,26264,26273,772
2026-08-26 07:30:00+00:00,26272,26285,26244,26277,687
2026-08-26 07:45:00+00:00,26275,26314,26271,26314,390
2026-08-26 08:00:00+00:00,26315,26316,26288,26295,332
2026-08-26 08:15:00+00:00,26293,26309,26275,26291,225
2026-08-26 08:30:00+00:00,26295,26326,26280,26323,263
2026-08-26 08:45:00+00:00,26321,26333,26290,26310,253
2026-08-26 09:00:00+00:00,26308,26332,26308,26322,194
2026-08-26 09:15:00+00:00,26322,26334,26317,26329,226
2026-08-26 09:30:00+00:00,26331,26357,26328,26350,338
2026-08-26 09:45:00+00:00,26349,26375,26348,26373,338
2026-08-26 10:00:00+00:00,26374,26377,26355,26362,442
2026-08-26 10:15:00+00:00,26366,26372,26351,26351,226
2026-08-26 10:30:00+00:00,26351,26378,26345,26358,208
2026-08-26 10:45:00+00:00,26357,26366,26343,26348,221
2026-08-26 11:00:00+00:00,26346,26364,26341,26364,179
2026-08-26 11:15:00+00:00,26363,26388,26363,26381,282
2026-08-26 11:30:00+00:00,26382,26389,26370,26376,186
2026-08-26 11:45:00+00:00,26379,26394,26367,26391,266
2026-08-26 12:00:00+00:00,26392,26436,26391,26424,582
2026-08-26 12:15:00+00:00,26423,26444,26421,26437,486
2026-08-26 12:30:00+00:00,26440,26456,26411,26426,465
2026-08-26 12:45:00+00:00,26424,26442,26411,26419,573
2026-08-26 13:00:00+00:00,26418,26425,26400,26412,267
2026-08-26 13:15:00+00:00,26411,26428,26406,26425,284
2026-08-26 13:30:00+00:00,26424,26495,26419,26495,824
2026-08-26 13:45:00+00:00,26494,26513,26462,26479,791
2026-08-26 14:00:00+00:00,26475,26484,26441,26452,544
2026-08-26 14:15:00+00:00,26453,26460,26413,26424,424
2026-08-26 14:30:00+00:00,26423,26432,26413,26419,247
2026-08-26 14:45:00+00:00,26420,26423,26404,26404,299
2026-08-26 15:00:00+00:00,26406,26415,26381,26383,335
2026-08-26 15:15:00+00:00,26384,26384,26356,26364,820
2026-08-26 15:30:00+00:00,26363,26372,26327,26360,1375
2026-08-26 15:45:00+00:00,26360,26367,26325,26325,643
2026-08-26 16:00:00+00:00,26324,26326,26302,26303,280
2026-08-26 16:15:00+00:00,26306,26307,26295,26299,250
2026-08-26 16:30:00+00:00,26301,26305,26283,26286,178
2026-08-26 16:45:00+00:00,26288,26306,26285,26305,157
2026-08-26 17:00:00+00:00,26305,26317,26301,26311,143
2026-08-26 17:15:00+00:00,26312,26322,26312,26319,97
2026-08-26 17:30:00+00:00,26317,26318,26310,26314,69
2026-08-26 17:45:00+00:00,26313,26313,26306,26310,124
2026-08-26 18:00:00+00:00,26307,26314,26306,26309,71
2026-08-26 18:15:00+00:00,26310,26316,26306,26306,42
2026-08-26 18:30:00+00:00,26305,26312,26303,26310,55
2026-08-26 18:45:00+00:00,26313,26324,26313,26321,91
2026-08-26 19:00:00+00:00,26326,26337,26326,26331,81
2026-08-26 19:15:00+00:00,26334,26339,26329,26335,65
2026-08-26 19:30:00+00:00,26335,26344,26332,26340,220
2026-08-26 19:45:00+00:00,26339,26345,26328,26335,293
2026-08-26 20:00:00+00:00,26347,26347,26347,26347,5
2026-08-27 00:15:00+00:00,26383,26391,26368,26389,67
2026-08-27 00:30:00+00:00,26390,26390,26376,26376,21
2026-08-27 00:45:00+00:00,26372,26372,26362,26370,25
2026-08-27 01:00:00+00:00,26372,26376,26368,26370,14
2026-08-27 01:15:00+00:00,26371,26394,26371,26391,16
2026-08-27 01:30:00+00:00,26388,26400,26381,26381,12
2026-08-27 01:45:00+00:00,26383,26394,26383,26391,9
2026-08-27 02:00:00+00:00,26391,26397,26390,26397,12
2026-08-27 02:15:00+00:00,26394,26394,26378,26381,22
2026-08-27 02:30:00+00:00,26378,26394,26378,26394,5
2026-08-27 02:45:00+00:00,26391,26393,26386,26390,5
2026-08-27 03:00:00+00:00,26398,26398,26394,26394,2
2026-08-27 03:30:00+00:00,26405,26405,26389,26389,3
2026-08-27 03:45:00+00:00,26399,26403,26393,26393,6
2026-08-27 04:15:00+00:00,26395,26395,26393,26393,3
2026-08-27 04:30:00+00:00,26384,26384,26372,26382,34
2026-08-27 04:45:00+00:00,26389,26393,26388,26390,17
2026-08-27 05:00:00+00:00,26387,26393,26374,26392,51
2026-08-27 05:15:00+00:00,26392,26404,26392,26404,35
2026-08-27 05:30:00+00:00,26406,26417,26392,26413,75
2026-08-27 05:45:00+00:00,26413,26420,26405,26413,76
2026-08-27 06:00:00+00:00,26412,26418,26377,26382,172
2026-08-27 06:15:00+00:00,26382,26397,26381,26392,79
2026-08-27 06:30:00+00:00,26393,26420,26393,26420,111
2026-08-27 06:45:00+00:00,26418,26433,26402,26420,356
2026-08-27 07:00:00+00:00,26422,26422,26355,26361,1186
2026-08-27 07:15:00+00:00,26361,26364,26337,26351,636
2026-08-27 07:30:00+00:00,26351,26365,26328,26334,476
2026-08-27 07:45:00+00:00,26334,26387,26331,26364,438
2026-08-27 08:00:00+00:00,26366,26420,26363,26405,463
2026-08-27 08:15:00+00:00,26405,26428,26397,26397,486
2026-08-27 08:30:00+00:00,26398,26411,26376,26380,400
2026-08-27 08:45:00+00:00,26381,26384,26348,26349,396
2026-08-27 09:00:00+00:00,26345,26411,26345,26392,461
2026-08-27 09:15:00+00:00,26390,26396,26378,26390,249
2026-08-27 09:30:00+00:00,26390,26404,26373,26373,314
2026-08-27 09:45:00+00:00,26374,26398,26363,26390,168
2026-08-27 10:00:00+00:00,26390,26410,26378,26385,409
2026-08-27 10:15:00+00:00,26385,26410,26382,26389,182
2026-08-27 10:30:00+00:00,26388,26394,26364,26380,212
2026-08-27 10:45:00+00:00,26383,26392,26360,26390,219
2026-08-27 11:00:00+00:00,26387,26401,26375,26388,260
2026-08-27 11:15:00+00:00,26391,26414,26391,26397,263
2026-08-27 11:30:00+00:00,26398,26430,26393,26425,477
2026-08-27 11:45:00+00:00,26420,26438,26409,26438,308
2026-08-27 12:00:00+00:00,26434,26442,26420,26424,384
2026-08-27 12:15:00+00:00,26422,26428,26398,26404,266
2026-08-27 12:30:00+00:00,26400,26414,26382,26388,240
2026-08-27 12:45:00+00:00,26389,26395,26378,26387,184
2026-08-27 13:00:00+00:00,26388,26414,26383,26387,303
2026-08-27 13:15:00+00:00,26385,26398,26371,26395,412
2026-08-27 13:30:00+00:00,26397,26405,26352,26353,700
2026-08-27 13:45:00+00:00,26351,26379,26335,26360,664
2026-08-27 14:00:00+00:00,26358,26359,26277,26285,693
2026-08-27 14:15:00+00:00,26287,26344,26284,26336,597
2026-08-27 14:30:00+00:00,26335,26354,26306,26352,417
2026-08-27 14:45:00+00:00,26354,26371,26353,26366,305
2026-08-27 15:00:00+00:00,26367,26385,26357,26375,436
2026-08-27 15:15:00+00:00,26377,26401,26376,26390,868
2026-08-27 15:30:00+00:00,26391,26416,26377,26400,1293
2026-08-27 15:45:00+00:00,26400,26419,26391,26414,250
2026-08-27 16:00:00+00:00,26413,26418,26406,26409,146
2026-08-27 16:15:00+00:00,26410,26415,26406,26412,90
2026-08-27 16:30:00+00:00,26411,26424,26411,26421,101
2026-08-27 16:45:00+00:00,26421,26427,26420,26423,86
2026-08-27 17:00:00+00:00,26423,26424,26413,26414,56
2026-08-27 17:15:00+00:00,26414,26417,26401,26403,114
2026-08-27 17:30:00+00:00,26402,26414,26397,26400,151
2026-08-27 17:45:00+00:00,26400,26402,26392,26395,80
2026-08-27 18:00:00+00:00,26395,26396,26387,26393,100
2026-08-27 18:15:00+00:00,26394,26399,26379,26379,127
2026-08-27 18:30:00+00:00,26380,26402,26379,26398,99
2026-08-27 18:45:00+00:00,26399,26407,26396,26407,54
2026-08-27 19:00:00+00:00,26407,26419,26407,26413,160
2026-08-27 19:15:00+00:00,26413,26416,26404,26409,106
2026-08-27 19:30:00+00:00,26410,26421,26408,26414,161
2026-08-27 19:45:00+00:00,26414,26438,26412,26438,253
2026-08-27 20:00:00+00:00,26417,26417,26417,26417,19
2026-08-28 00:15:00+00:00,26405,26450,26405,26450,26
2026-08-28 00:30:00+00:00,26454,26476,26454,26471,24
2026-08-28 00:45:00+00:00,26464,26464,26464,26464,2
2026-08-28 01:00:00+00:00,26468,26468,26468,26468,3
2026-08-28 01:15:00+00:00,26469,26469,26463,26464,6
2026-08-28 01:30:00+00:00,26475,26483,26471,26471,12
2026-08-28 01:45:00+00:00,26488,26488,26488,26488,7
2026-08-28 02:00:00+00:00,26490,26508,26490,26506,29
2026-08-28 02:15:00+00:00,26509,26523,26507,26517,60
2026-08-28 02:30:00+00:00,26510,26510,26495,26496,15
2026-08-28 02:45:00+00:00,26488,26493,26484,26493,8
2026-08-28 03:00:00+00:00,26502,26502,26491,26497,19
2026-08-28 03:15:00+00:00,26510,26511,26510,26511,2
2026-08-28 03:30:00+00:00,26506,26506,26492,26492,4
2026-08-28 03:45:00+00:00,26500,26514,26500,26514,29
2026-08-28 04:00:00+00:00,26501,26501,26498,26498,2
2026-08-28 04:15:00+00:00,26509,26509,26495,26505,35
2026-08-28 04:30:00+00:00,26495,26506,26495,26498,38
2026-08-28 04:45:00+00:00,26500,26500,26498,26498,3
2026-08-28 05:00:00+00:00,26495,26497,26492,26493,8
2026-08-28 05:15:00+00:00,26490,26490,26485,26488,9
2026-08-28 05:30:00+00:00,26487,26487,26481,26481,7
2026-08-28 05:45:00+00:00,26477,26478,26469,26471,59
2026-08-28 06:00:00+00:00,26475,26497,26467,26490,296
2026-08-28 06:15:00+00:00,26495,26512,26484,26486,267
2026-08-28 06:30:00+00:00,26488,26525,26487,26522,230
2026-08-28 06:45:00+00:00,26523,26538,26511,26533,396
2026-08-28 07:00:00+00:00,26534,26554,26507,26549,1688
2026-08-28 07:15:00+00:00,26549,26591,26539,26541,990
2026-08-28 07:30:00+00:00,26543,26561,26521,26529,420
2026-08-28 07:45:00+00:00,26529,26564,26527,26540,292
2026-08-28 08:00:00+00:00,26540,26564,26536,26562,384
2026-08-28 08:15:00+00:00,26560,26573,26541,26573,263
2026-08-28 08:30:00+00:00,26572,26593,26566,26583,434
2026-08-28 08:45:00+00:00,26583,26583,26554,26557,433
2026-08-28 09:00:00+00:00,26558,26584,26558,26561,298
2026-08-28 09:15:00+00:00,26561,26575,26557,26562,265
2026-08-28 09:30:00+00:00,26563,26579,26560,26579,226
2026-08-28 09:45:00+00:00,26577,26594,26570,26576,375
2026-08-28 10:00:00+00:00,26576,26580,26544,26557,235
2026-08-28 10:15:00+00:00,26557,26563,26539,26550,231
2026-08-28 10:30:00+00:00,26551,26565,26547,26550,247
2026-08-28 10:45:00+00:00,26549,26551,26522,26533,380
2026-08-28 11:00:00+00:00,26533,26564,26530,26564,530
2026-08-28 11:15:00+00:00,26564,26569,26541,26543,276
2026-08-28 11:30:00+00:00,26541,26554,26531,26533,209
2026-08-28 11:45:00+00:00,26534,26545,26524,26538,201
2026-08-28 12:00:00+00:00,26536,26547,26528,26544,210
2026-08-28 12:15:00+00:00,26547,26576,26546,26574,268
2026-08-28 12:30:00+00:00,26575,26585,26561,26571,441
2026-08-28 12:45:00+00:00,26572,26586,26558,26561,295
2026-08-28 13:00:00+00:00,26562,26589,26554,26557,285
2026-08-28 13:15:00+00:00,26557,26565,26545,26565,283
2026-08-28 13:30:00+00:00,26566,26585,26539,26539,447
2026-08-28 13:45:00+00:00,26538,26551,26523,26535,599
2026-08-28 14:00:00+00:00,26541,26584,26527,26540,812
2026-08-28 14:15:00+00:00,26545,26582,26543,26569,560
2026-08-28 14:30:00+00:00,26569,26622,26569,26605,1431
2026-08-28 14:45:00+00:00,26606,26662,26601,26643,1117
2026-08-28 15:00:00+00:00,26642,26651,26613,26627,747
2026-08-28 15:15:00+00:00,26630,26638,26614,26625,1174
2026-08-28 15:30:00+00:00,26625,26628,26591,26600,1703
2026-08-28 15:45:00+00:00,26602,26611,26582,26583,268
2026-08-28 16:00:00+00:00,26582,26597,26577,26577,202
2026-08-28 16:15:00+00:00,26579,26580,26553,26566,290
2026-08-28 16:30:00+00:00,26565,26586,26565,26571,142
2026-08-28 16:45:00+00:00,26572,26589,26572,26578,106
2026-08-28 17:00:00+00:00,26573,26573,26556,26568,102
2026-08-28 17:15:00+00:00,26569,26573,26560,26560,93
2026-08-28 17:30:00+00:00,26560,26574,26559,26561,61
2026-08-28 17:45:00+00:00,26561,26574,26561,26565,110
2026-08-28 18:00:00+00:00,26568,26577,26565,26566,137
2026-08-28 18:15:00+00:00,26564,26570,26558,26561,88
2026-08-28 18:30:00+00:00,26558,26567,26558,26563,39
2026-08-28 18:45:00+00:00,26566,26570,26559,26568,92
2026-08-28 19:00:00+00:00,26568,26582,26566,26577,79
2026-08-28 19:15:00+00:00,26580,26588,26577,26587,86
2026-08-28 19:30:00+00:00,26587,26593,26579,26590,186
2026-08-28 19:45:00+00:00,26589,26602,26579,26592,369
2026-08-28 20:00:00+00:00,26615,26615,26615,26615,13
2026-08-31 00:15:00+00:00,26541,26541,26507,26534,77
2026-08-31 00:30:00+00:00,26535,26542,26532,26539,14
2026-08-31 01:00:00+00:00,26524,26540,26515,26525,52
2026-08-31 01:15:00+00:00,26526,26528,26510,26516,87
2026-08-31 01:30:00+00:00,26520,26520,26512,26513,4
2026-08-31 01:45:00+00:00,26518,26518,26512,26512,2
2026-08-31 02:00:00+00:00,26506,26509,26500,26506,41
2026-08-31 02:15:00+00:00,26504,26507,26485,26500,40
2026-08-31 02:30:00+00:00,26507,26511,26493,26510,22
2026-08-31 02:45:00+00:00,26492,26513,26491,26513,17
2026-08-31 03:00:00+00:00,26515,26521,26508,26521,20
2026-08-31 03:15:00+00:00,26515,26519,26515,26519,3
2026-08-31 03:30:00+00:00,26520,26520,26520,26520,1
2026-08-31 03:45:00+00:00,26520,26520,26520,26520,4
2026-08-31 04:00:00+00:00,26517,26520,26517,26520,2
2026-08-31 04:15:00+00:00,26523,26523,26517,26517,6
2026-08-31 04:30:00+00:00,26516,26527,26511,26527,35
2026-08-31 04:45:00+00:00,26523,26531,26522,26531,8
2026-08-31 05:00:00+00:00,26545,26563,26545,26563,28
2026-08-31 05:15:00+00:00,26564,26585,26564,26577,61
2026-08-31 05:30:00+00:00,26579,26579,26550,26556,40
2026-08-31 05:45:00+00:00,26554,26557,26550,26550,11
2026-08-31 06:00:00+00:00,26556,26568,26538,26558,362
2026-08-31 06:15:00+00:00,26557,26568,26557,26563,118
2026-08-31 06:30:00+00:00,26563,26566,26544,26552,281
2026-08-31 06:45:00+00:00,26549,26553,26522,26526,340
2026-08-31 07:00:00+00:00,26526,26526,26465,26485,1764
2026-08-31 07:15:00+00:00,26487,26506,26453,26455,1023
2026-08-31 07:30:00+00:00,26455,26457,26427,26441,739
2026-08-31 07:45:00+00:00,26443,26444,26405,26425,541
2026-08-31 08:00:00+00:00,26425,26457,26407,26410,573
2026-08-31 08:15:00+00:00,26410,26451,26407,26444,394
2026-08-31 08:30:00+00:00,26444,26453,26432,26439,311
2026-08-31 08:45:00+00:00,26440,26461,26436,26458,231
2026-08-31 09:00:00+00:00,26457,26457,26434,26451,284
2026-08-31 09:15:00+00:00,26454,26456,26429,26440,186
2026-08-31 09:30:00+00:00,26439,26459,26431,26440,172
2026-08-31 09:45:00+00:00,26440,26444,26409,26412,275
2026-08-31 10:00:00+00:00,26413,26414,26377,26378,449
2026-08-31 10:15:00+00:00,26379,26391,26371,26380,543
2026-08-31 10:30:00+00:00,26379,26394,26370,26392,248
2026-08-31 10:45:00+00:00,26394,26413,26392,26408,385
2026-08-31 11:00:00+00:00,26409,26432,26408,26432,212
2026-08-31 11:15:00+00:00,26431,26436,26423,26434,223
2026-08-31 11:30:00+00:00,26436,26438,26406,26417,261
2026-08-31 11:45:00+00:00,26418,26435,26416,26434,161
2026-08-31 12:00:00+00:00,26434,26454,26411,26446,624
2026-08-31 12:15:00+00:00,26446,26455,26410,26427,409
2026-08-31 12:30:00+00:00,26429,26441,26399,26402,492
2026-08-31 12:45:00+00:00,26401,26402,26383,26401,284
2026-08-31 13:00:00+00:00,26397,26429,26395,26429,224
2026-08-31 13:15:00+00:00,26430,26430,26399,26409,329
2026-08-31 13:30:00+00:00,26409,26422,26362,26366,619
2026-08-31 13:45:00+00:00,26367,26397,26355,26393,900
2026-08-31 14:00:00+00:00,26394,26405,26368,26375,484
2026-08-31 14:15:00+00:00,26375,26375,26331,26335,651
2026-08-31 14:30:00+00:00,26334,26362,26332,26356,526
2026-08-31 14:45:00+00:00,26357,26361,26328,26343,587
2026-08-31 15:00:00+00:00,26343,26360,26312,26315,663
2026-08-31 15:15:00+00:00,26316,26333,26308,26318,1294
2026-08-31 15:30:00+00:00,26319,26323,26275,26279,2004
2026-08-31 15:45:00+00:00,26281,26288,26267,26271,376
2026-08-31 16:00:00+00:00,26273,26278,26261,26267,323
2026-08-31 16:15:00+00:00,26268,26271,26255,26265,233
2026-08-31 16:30:00+00:00,26265,26268,26249,26252,195
2026-08-31 16:45:00+00:00,26252,26260,26247,26252,141
2026-08-31 17:00:00+00:00,26251,26253,26230,26234,205
2026-08-31 17:15:00+00:00,26232,26237,26215,26218,174
2026-08-31 17:30:00+00:00,26216,26242,26214,26242,233
2026-08-31 17:45:00+00:00,26243,26250,26238,26243,240
2026-08-31 18:00:00+00:00,26242,26246,26231,26233,180
2026-08-31 18:15:00+00:00,26237,26239,26221,26221,126
2026-08-31 18:30:00+00:00,26223,26229,26218,26222,127
2026-08-31 18:45:00+00:00,26223,26229,26219,26229,101
2026-08-31 19:00:00+00:00,26230,26236,26226,26228,128
2026-08-31 19:15:00+00:00,26227,26235,26225,26230,138
2026-08-31 19:30:00+00:00,26230,26251,26227,26248,384
2026-08-31 19:45:00+00:00,26247,26260,26234,26234,456
2026-08-31 20:00:00+00:00,26235,26235,26235,26235,31
2026-09-01 00:15:00+00:00,26270,26283,26256,26272,77
2026-09-01 00:30:00+00:00,26269,26278,26269,26278,19
2026-09-01 00:45:00+00:00,26279,26279,26276,26276,3
2026-09-01 01:00:00+00:00,26279,26279,26268,26271,11
2026-09-01 01:15:00+00:00,26271,26271,26253,26253,13
2026-09-01 01:30:00+00:00,26254,26271,26254,26271,2
2026-09-01 01:45:00+00:00,26275,26275,26268,26268,5
2026-09-01 02:00:00+00:00,26269,26272,26269,26272,11
2026-09-01 02:15:00+00:00,26260,26260,26260,26260,1
2026-09-01 02:30:00+00:00,26259,26259,26246,26248,4
2026-09-01 02:45:00+00:00,26249,26249,26249,26249,1
2026-09-01 03:00:00+00:00,26254,26258,26253,26253,6
2026-09-01 03:15:00+00:00,26258,26261,26250,26261,12
2026-09-01 03:30:00+00:00,26255,26262,26253,26262,14
2026-09-01 04:00:00+00:00,26255,26257,26255,26257,2
2026-09-01 04:30:00+00:00,26255,26255,26251,26251,2
2026-09-01 04:45:00+00:00,26258,26261,26249,26253,5
2026-09-01 05:00:00+00:00,26253,26253,26242,26242,33
2026-09-01 05:15:00+00:00,26236,26236,26230,26235,14
2026-09-01 05:30:00+00:00,26246,26266,26241,26265,37
2026-09-01 05:45:00+00:00,26263,26268,26248,26261,133
2026-09-01 06:00:00+00:00,26261,26270,26229,26234,337
2026-09-01 06:15:00+00:00,26234,26244,26228,26233,239
2026-09-01 06:30:00+00:00,26230,26241,26208,26227,370
2026-09-01 06:45:00+00:00,26228,26231,26160,26178,717
2026-09-01 07:00:00+00:00,26177,26220,26150,26217,2266
2026-09-01 07:15:00+00:00,26216,26236,26206,26228,692
2026-09-01 07:30:00+00:00,26228,26228,26164,26164,641
2026-09-01 07:45:00+00:00,26163,26220,26153,26213,549
2026-09-01 08:00:00+00:00,26214,26225,26141,26161,735
2026-09-01 08:15:00+00:00,26163,26179,26116,26119,541
2026-09-01 08:30:00+00:00,26120,26125,26032,26033,1021
2026-09-01 08:45:00+00:00,26033,26050,25997,26002,986
2026-09-01 09:00:00+00:00,26001,26026,25984,26004,643
2026-09-01 09:15:00+00:00,26001,26022,25981,25991,603
2026-09-01 09:30:00+00:00,25994,26003,25955,25969,785
2026-09-01 09:45:00+00:00,25969,26001,25969,25989,474
2026-09-01 10:00:00+00:00,25990,26028,25987,26028,915
2026-09-01 10:15:00+00:00,26029,26069,26022,26053,515
2026-09-01 10:30:00+00:00,26052,26069,26027,26027,517
2026-09-01 10:45:00+00:00,26030,26032,25990,25999,482
2026-09-01 11:00:00+00:00,26000,26017,25977,26011,311
2026-09-01 11:15:00+00:00,26013,26020,25988,25996,382
2026-09-01 11:30:00+00:00,25995,26039,25994,26031,275
2026-09-01 11:45:00+00:00,26032,26065,26032,26035,502
2026-09-01 12:00:00+00:00,26035,26044,26022,26042,423
2026-09-01 12:15:00+00:00,26042,26063,26036,26050,482
2026-09-01 12:30:00+00:00,26050,26076,26040,26046,401
2026-09-01 12:45:00+00:00,26051,26073,26051,26069,266
2026-09-01 13:00:00+00:00,26071,26072,26030,26042,372
2026-09-01 13:15:00+00:00,26045,26066,26037,26056,350
2026-09-01 13:30:00+00:00,26060,26080,26034,26058,603
2026-09-01 13:45:00+00:00,26059,26071,26002,26028,474
2026-09-01 14:00:00+00:00,26029,26036,26002,26024,526
2026-09-01 14:15:00+00:00,26027,26032,26000,26006,770
2026-09-01 14:30:00+00:00,26004,26023,25978,25989,687
2026-09-01 14:45:00+00:00,25994,25998,25956,25959,670
2026-09-01 15:00:00+00:00,25960,25988,25951,25965,736
2026-09-01 15:15:00+00:00,25962,25991,25956,25990,1596
2026-09-01 15:30:00+00:00,25990,26017,25983,25998,1850
2026-09-01 15:45:00+00:00,25998,26017,25997,26010,315
2026-09-01 16:00:00+00:00,26010,26014,25991,25992,286
2026-09-01 16:15:00+00:00,25994,25996,25944,25954,699
2026-09-01 16:30:00+00:00,25952,25955,25928,25931,388
2026-09-01 16:45:00+00:00,25931,25947,25930,25945,118
2026-09-01 17:00:00+00:00,25941,25942,25921,25934,125
2026-09-01 17:15:00+00:00,25935,25937,25901,25921,345
2026-09-01 17:30:00+00:00,25925,25935,25920,25930,98
2026-09-01 17:45:00+00:00,25931,25931,25916,25918,84
2026-09-01 18:00:00+00:00,25920,25922,25885,25886,285
2026-09-01 18:15:00+00:00,25886,25896,25866,25866,160
2026-09-01 18:30:00+00:00,25868,25868,25844,25846,206
2026-09-01 18:45:00+00:00,25846,25871,25835,25870,216
2026-09-01 19:00:00+00:00,25870,25882,25867,25882,152
2026-09-01 19:15:00+00:00,25884,25888,25869,25877,100
2026-09-01 19:30:00+00:00,25878,25879,25864,25867,196
2026-09-01 19:45:00+00:00,25868,25874,25856,25856,297
2026-09-01 20:00:00+00:00,25836,25836,25836,25836,18
2026-09-02 00:15:00+00:00,25860,25889,25848,25865,106
2026-09-02 00:30:00+00:00,25865,25866,25850,25863,10
2026-09-02 00:45:00+00:00,25868,25868,25850,25852,29
2026-09-02 01:00:00+00:00,25836,25852,25830,25844,45
2026-09-02 01:15:00+00:00,25854,25872,25852,25866,29
2026-09-02 01:30:00+00:00,25862,25869,25857,25869,5
2026-09-02 01:45:00+00:00,25861,25863,25853,25856,9
2026-09-02 02:00:00+00:00,25848,25848,25840,25843,15
2026-09-02 02:15:00+00:00,25858,25858,25858,25858,1
2026-09-02 02:30:00+00:00,25858,25858,25850,25850,12
2026-09-02 02:45:00+00:00,25857,25862,25848,25848,10
2026-09-02 03:00:00+00:00,25853,25853,25853,25853,1
2026-09-02 03:15:00+00:00,25856,25856,25853,25853,2
2026-09-02 04:00:00+00:00,25839,25839,25832,25832,2
2026-09-02 04:15:00+00:00,25831,25836,25831,25836,2
2026-09-02 04:30:00+00:00,25840,25841,25838,25839,4
2026-09-02 04:45:00+00:00,25841,25850,25841,25847,18
2026-09-02 05:00:00+00:00,25850,25850,25834,25840,40
2026-09-02 05:15:00+00:00,25861,25868,25858,25867,8
2026-09-02 05:30:00+00:00,25870,25884,25862,25882,24
2026-09-02 05:45:00+00:00,25882,25882,25859,25867,31
2026-09-02 06:00:00+00:00,25869,25882,25852,25865,230
2026-09-02 06:15:00+00:00,25869,25879,25853,25853,155
2026-09-02 06:30:00+00:00,25854,25882,25852,25876,162
2026-09-02 06:45:00+00:00,25880,25916,25870,25911,474
2026-09-02 07:00:00+00:00,25912,25955,25891,25929,2005
2026-09-02 07:15:00+00:00,25927,25958,25921,25946,840
2026-09-02 07:30:00+00:00,25947,25955,25914,25918,457
2026-09-02 07:45:00+00:00,25919,25921,25874,25888,436
2026-09-02 08:00:00+00:00,25890,25921,25882,25887,364
2026-09-02 08:15:00+00:00,25885,25900,25872,25898,347
2026-09-02 08:30:00+00:00,25894,25911,25883,25893,306
2026-09-02 08:45:00+00:00,25895,25904,25840,25845,547
2026-09-02 09:00:00+00:00,25845,25877,25827,25832,516
2026-09-02 09:15:00+00:00,25832,25842,25805,25811,438
2026-09-02 09:30:00+00:00,25808,25809,25783,25801,605
2026-09-02 09:45:00+00:00,25797,25833,25790,25826,410
2026-09-02 10:00:00+00:00,25827,25830,25793,25808,280
2026-09-02 10:15:00+00:00,25810,25816,25796,25800,405
2026-09-02 10:30:00+00:00,25796,25798,25759,25772,383
2026-09-02 10:45:00+00:00,25770,25787,25768,25787,273
2026-09-02 11:00:00+00:00,25786,25864,25767,25858,583
2026-09-02 11:15:00+00:00,25856,25862,25840,25853,479
2026-09-02 11:30:00+00:00,25853,25894,25850,25868,413
2026-09-02 11:45:00+00:00,25863,25899,25855,25899,354
2026-09-02 12:00:00+00:00,25897,25932,25887,25915,620
2026-09-02 12:15:00+00:00,25913,25922,25881,25894,475
2026-09-02 12:30:00+00:00,25893,25910,25887,25903,596
2026-09-02 12:45:00+00:00,25903,25903,25868,25869,323
2026-09-02 13:00:00+00:00,25871,25899,25869,25893,362
2026-09-02 13:15:00+00:00,25893,25929,25888,25915,376
2026-09-02 13:30:00+00:00,25917,25937,25869,25888,747
2026-09-02 13:45:00+00:00,25886,25922,25853,25921,769
2026-09-02 14:00:00+00:00,25916,25919,25898,25901,590
2026-09-02 14:15:00+00:00,25902,25930,25898,25900,426
2026-09-02 14:30:00+00:00,25898,25902,25874,25889,435
2026-09-02 14:45:00+00:00,25888,25890,25858,25868,462
2026-09-02 15:00:00+00:00,25872,25889,25845,25854,480
2026-09-02 15:15:00+00:00,25853,25880,25837,25875,952
2026-09-02 15:30:00+00:00,25877,25896,25857,25864,1161
2026-09-02 15:45:00+00:00,25864,25865,25849,25858,181
2026-09-02 16:00:00+00:00,25861,25869,25861,25868,141
2026-09-02 16:15:00+00:00,25866,25871,25852,25853,147
2026-09-02 16:30:00+00:00,25854,25860,25849,25856,129
2026-09-02 16:45:00+00:00,25857,25864,25853,25863,73
2026-09-02 17:00:00+00:00,25864,25873,25864,25869,55
2026-09-02 17:15:00+00:00,25866,25868,25855,25858,81
2026-09-02 17:30:00+00:00,25857,25870,25855,25866,87
2026-09-02 17:45:00+00:00,25873,25882,25871,25879,84
2026-09-02 18:00:00+00:00,25882,25885,25870,25881,48
2026-09-02 18:15:00+00:00,25880,25902,25874,25879,271
2026-09-02 18:30:00+00:00,25880,25885,25863,25865,99
2026-09-02 18:45:00+00:00,25867,25867,25855,25857,62
2026-09-02 19:00:00+00:00,25858,25867,25854,25862,173
2026-09-02 19:15:00+00:00,25862,25867,25858,25867,82
2026-09-02 19:30:00+00:00,25865,25884,25862,25883,303
2026-09-02 19:45:00+00:00,25884,25897,25877,25885,410
2026-09-02 20:00:00+00:00,25908,25908,25908,25908,19
2026-09-03 00:15:00+00:00,25899,25899,25855,25870,32
2026-09-03 00:30:00+00:00,25863,25877,25862,25877,9
2026-09-03 00:45:00+00:00,25872,25874,25869,25869,7
2026-09-03 01:00:00+00:00,25868,25876,25867,25876,15
2026-09-03 01:15:00+00:00,25886,25888,25876,25876,5
2026-09-03 01:30:00+00:00,25895,25895,25885,25887,8
2026-09-03 01:45:00+00:00,25889,25889,25885,25885,3
2026-09-03 02:00:00+00:00,25888,25913,25888,25913,15
2026-09-03 02:30:00+00:00,25900,25900,25900,25900,1
2026-09-03 02:45:00+00:00,25898,25899,25898,25899,2
2026-09-03 03:00:00+00:00,25892,25892,25892,25892,2
2026-09-03 04:00:00+00:00,25888,25888,25888,25888,1
2026-09-03 04:15:00+00:00,25887,25887,25887,25887,1
2026-09-03 04:30:00+00:00,25894,25898,25893,25898,5
2026-09-03 04:45:00+00:00,25900,25901,25900,25900,3
2026-09-03 05:00:00+00:00,25888,25890,25870,25870,9
2026-09-03 05:15:00+00:00,25869,25869,25832,25843,33
2026-09-03 05:30:00+00:00,25850,25882,25850,25882,45
2026-09-03 05:45:00+00:00,25875,25918,25869,25918,55
2026-09-03 06:00:00+00:00,25916,25928,25907,25914,116
2026-09-03 06:15:00+00:00,25913,25932,25911,25913,118
2026-09-03 06:30:00+00:00,25910,25920,25901,25905,150
2026-09-03 06:45:00+00:00,25905,25907,25876,25882,404
2026-09-03 07:00:00+00:00,25880,25919,25850,25896,1290
2026-09-03 07:15:00+00:00,25898,25906,25856,25891,650
2026-09-03 07:30:00+00:00,25892,25900,25855,25866,681
2026-09-03 07:45:00+00:00,25867,25877,25832,25871,686
2026-09-03 08:00:00+00:00,25870,25930,25862,25909,1335
2026-09-03 08:15:00+00:00,25907,25945,25907,25933,584
2026-09-03 08:30:00+00:00,25933,25963,25931,25957,551
2026-09-03 08:45:00+00:00,25956,25963,25915,25922,427
2026-09-03 09:00:00+00:00,25923,25942,25907,25918,334
2026-09-03 09:15:00+00:00,25917,25920,25875,25883,422
2026-09-03 09:30:00+00:00,25881,25899,25862,25862,383
2026-09-03 09:45:00+00:00,25860,25870,25835,25836,524
2026-09-03 10:00:00+00:00,25835,25857,25819,25830,500
2026-09-03 10:15:00+00:00,25831,25838,25810,25821,386
2026-09-03 10:30:00+00:00,25822,25852,25813,25852,702
2026-09-03 10:45:00+00:00,25852,25860,25833,25841,298
2026-09-03 11:00:00+00:00,25844,25895,25843,25884,526
2026-09-03 11:15:00+00:00,25885,25901,25863,25881,569
2026-09-03 11:30:00+00:00,25883,25899,25854,25891,427
2026-09-03 11:45:00+00:00,25890,25890,25851,25865,221
2026-09-03 12:00:00+00:00,25867,25885,25863,25869,154
2026-09-03 12:15:00+00:00,25870,25895,25853,25895,240
2026-09-03 12:30:00+00:00,25894,25959,25894,25938,716
2026-09-03 12:45:00+00:00,25939,25989,25934,25978,675
2026-09-03 13:00:00+00:00,25978,26007,25970,25999,569
2026-09-03 13:15:00+00:00,25999,26028,25991,26023,554
2026-09-03 13:30:00+00:00,26023,26027,25984,26005,738
2026-09-03 13:45:00+00:00,26006,26028,25993,26027,456
2026-09-03 14:00:00+00:00,26024,26024,25949,25956,692
2026-09-03 14:15:00+00:00,25955,25979,25951,25956,375
2026-09-03 14:30:00+00:00,25955,25987,25941,25961,486
2026-09-03 14:45:00+00:00,25962,25997,25942,25992,694
2026-09-03 15:00:00+00:00,25993,26016,25988,26005,622
2026-09-03 15:15:00+00:00,26004,26040,26003,26038,1039
2026-09-03 15:30:00+00:00,26039,26046,26018,26032,1425
2026-09-03 15:45:00+00:00,26034,26042,26029,26035,323
2026-09-03 16:00:00+00:00,26034,26036,26019,26032,229
2026-09-03 16:15:00+00:00,26031,26035,26026,26027,107
2026-09-03 16:30:00+00:00,26026,26044,26026,26038,201
2026-09-03 16:45:00+00:00,26037,26043,26034,26038,116
2026-09-03 17:00:00+00:00,26037,26039,26026,26029,91
2026-09-03 17:15:00+00:00,26031,26041,26029,26041,54
2026-09-03 17:30:00+00:00,26042,26054,26042,26051,94
2026-09-03 17:45:00+00:00,26052,26055,26047,26055,88
2026-09-03 18:00:00+00:00,26057,26064,26057,26062,115
2026-09-03 18:15:00+00:00,26064,26067,26061,26064,55
2026-09-03 18:30:00+00:00,26064,26064,26049,26051,94
2026-09-03 18:45:00+00:00,26053,26055,26050,26051,73
2026-09-03 19:00:00+00:00,26052,26053,26047,26048,61
2026-09-03 19:15:00+00:00,26049,26057,26047,26057,76
2026-09-03 19:30:00+00:00,26055,26067,26054,26064,137
2026-09-03 19:45:00+00:00,26064,26072,26057,26068,285
2026-09-03 20:00:00+00:00,26087,26087,26087,26087,30
2026-09-04 00:15:00+00:00,26064,26064,26040,26054,36
2026-09-04 00:30:00+00:00,26053,26054,26053,26054,2
2026-09-04 00:45:00+00:00,26063,26063,26055,26055,4
2026-09-04 01:00:00+00:00,26052,26052,26041,26044,7
2026-09-04 01:15:00+00:00,26055,26056,26055,26055,5
2026-09-04 01:45:00+00:00,26060,26060,26060,26060,1
2026-09-04 02:00:00+00:00,26070,26072,26069,26069,5
2026-09-04 02:15:00+00:00,26072,26072,26072,26072,1
2026-09-04 02:30:00+00:00,26077,26077,26069,26069,20
2026-09-04 02:45:00+00:00,26075,26076,26075,26076,2
2026-09-04 03:00:00+00:00,26082,26082,26078,26078,2
2026-09-04 03:15:00+00:00,26074,26074,26074,26074,1
2026-09-04 03:30:00+00:00,26071,26072,26067,26067,5
2026-09-04 03:45:00+00:00,26066,26067,26066,26067,2
2026-09-04 04:00:00+00:00,26064,26065,26064,26065,2
2026-09-04 04:15:00+00:00,26071,26079,26071,26079,3
2026-09-04 04:30:00+00:00,26087,26087,26085,26085,5
2026-09-04 04:45:00+00:00,26087,26087,26080,26080,2
2026-09-04 05:00:00+00:00,26092,26095,26091,26092,17
2026-09-04 05:15:00+00:00,26100,26100,26095,26095,7
2026-09-04 05:30:00+00:00,26096,26101,26089,26089,41
2026-09-04 05:45:00+00:00,26091,26094,26085,26090,20
2026-09-04 06:00:00+00:00,26088,26108,26075,26108,230
2026-09-04 06:15:00+00:00,26107,26107,26092,26101,153
2026-09-04 06:30:00+00:00,26099,26101,26077,26081,180
2026-09-04 06:45:00+00:00,26084,26086,26027,26033,546
2026-09-04 07:00:00+00:00,26031,26050,25981,26046,1937
2026-09-04 07:15:00+00:00,26045,26092,26038,26075,675
2026-09-04 07:30:00+00:00,26076,26103,26075,26103,572
2026-09-04 07:45:00+00:00,26101,26112,26069,26076,533
2026-09-04 08:00:00+00:00,26079,26093,26063,26067,497
2026-09-04 08:15:00+00:00,26065,26067,26013,26031,518
2026-09-04 08:30:00+00:00,26031,26042,26007,26028,426
2026-09-04 08:45:00+00:00,26028,26055,26018,26038,348
2026-09-04 09:00:00+00:00,26038,26057,26014,26014,341
2026-09-04 09:15:00+00:00,26016,26033,26003,26005,518
2026-09-04 09:30:00+00:00,26003,26048,26001,26039,308
2026-09-04 09:45:00+00:00,26040,26053,26034,26039,514
2026-09-04 10:00:00+00:00,26040,26077,26036,26071,396
2026-09-04 10:15:00+00:00,26072,26115,26071,26102,763
2026-09-04 10:30:00+00:00,26100,26104,26070,26087,366
2026-09-04 10:45:00+00:00,26089,26107,26089,26107,335
2026-09-04 11:00:00+00:00,26106,26106,26084,26102,454
2026-09-04 11:15:00+00:00,26101,26106,26086,26100,299
2026-09-04 11:30:00+00:00,26101,26141,26097,26125,619
2026-09-04 11:45:00+00:00,26126,26133,26117,26130,385
2026-09-04 12:00:00+00:00,26129,26135,26097,26121,416
2026-09-04 12:15:00+00:00,26119,26153,26107,26148,338
2026-09-04 12:30:00+00:00,26147,26190,26025,26163,1243
2026-09-04 12:45:00+00:00,26160,26177,26121,26153,789
2026-09-04 13:00:00+00:00,26154,26154,26107,26108,589
2026-09-04 13:15:00+00:00,26109,26121,26093,26115,418
2026-09-04 13:30:00+00:00,26116,26182,26112,26163,953
2026-09-04 13:45:00+00:00,26165,26175,26136,26141,633
2026-09-04 14:00:00+00:00,26141,26150,26124,26149,502
2026-09-04 14:15:00+00:00,26150,26158,26104,26105,457
2026-09-04 14:30:00+00:00,26104,26113,26067,26072,505
2026-09-04 14:45:00+00:00,26073,26081,26047,26057,481
2026-09-04 15:00:00+00:00,26059,26080,26037,26080,554
2026-09-04 15:15:00+00:00,26079,26092,26070,26072,950
2026-09-04 15:30:00+00:00,26072,26099,26055,26099,1060
2026-09-04 15:45:00+00:00,26099,26099,26082,26094,151
2026-09-04 16:00:00+00:00,26096,26102,26081,26102,175
2026-09-04 16:15:00+00:00,26100,26118,26100,26112,133
2026-09-04 16:30:00+00:00,26113,26117,26100,26103,121
2026-09-04 16:45:00+00:00,26103,26112,26101,26101,143
2026-09-04 17:00:00+00:00,26100,26100,26083,26090,104
2026-09-04 17:15:00+00:00,26088,26089,26071,26072,91
2026-09-04 17:30:00+00:00,26072,26077,26064,26068,90
2026-09-04 17:45:00+00:00,26061,26066,26057,26066,36
2026-09-04 18:00:00+00:00,26069,26079,26066,26076,79
2026-09-04 18:15:00+00:00,26075,26075,26071,26071,20
2026-09-04 18:30:00+00:00,26070,26078,26066,26075,68
2026-09-04 18:45:00+00:00,26075,26078,26072,26074,52
2026-09-04 19:00:00+00:00,26077,26077,26058,26058,74
2026-09-04 19:15:00+00:00,26059,26071,26057,26069,55
2026-09-04 19:30:00+00:00,26069,26077,26064,26077,173
2026-09-04 19:45:00+00:00,26076,26088,26068,26088,281
2026-09-04 20:00:00+00:00,26082,26082,26082,26082,2
2026-09-07 00:15:00+00:00,26050,26070,26046,26050,27
2026-09-07 00:30:00+00:00,26049,26053,26044,26053,9
2026-09-07 00:45:00+00:00,26052,26055,26052,26055,2
2026-09-07 01:00:00+00:00,26044,26056,26044,26051,14
2026-09-07 01:15:00+00:00,26046,26046,26044,26046,16
2026-09-07 01:30:00+00:00,26050,26050,26050,26050,1
2026-09-07 02:00:00+00:00,26041,26044,26041,26044,2
2026-09-07 02:15:00+00:00,26048,26048,26048,26048,1
2026-09-07 02:30:00+00:00,26054,26054,26049,26049,2
2026-09-07 02:45:00+00:00,26043,26043,26038,26038,5
2026-09-07 03:00:00+00:00,26039,26043,26038,26039,7
2026-09-07 03:15:00+00:00,26048,26048,26048,26048,1
2026-09-07 03:30:00+00:00,26051,26051,26051,26051,1
2026-09-07 04:00:00+00:00,26040,26040,26040,26040,1
2026-09-07 04:15:00+00:00,26034,26034,26034,26034,2
2026-09-07 04:30:00+00:00,26028,26028,26028,26028,1
2026-09-07 04:45:00+00:00,26028,26034,26024,26034,15
2026-09-07 05:00:00+00:00,26031,26031,26022,26024,7
2026-09-07 05:15:00+00:00,26024,26037,26024,26037,3
2026-09-07 05:30:00+00:00,26037,26046,26036,26044,36
2026-09-07 05:45:00+00:00,26044,26044,26012,26021,84
2026-09-07 06:00:00+00:00,26020,26020,25989,26013,233
2026-09-07 06:15:00+00:00,26013,26019,26005,26011,143
2026-09-07 06:30:00+00:00,26012,26039,26006,26023,195
2026-09-07 06:45:00+00:00,26023,26036,26003,26023,394
2026-09-07 07:00:00+00:00,26024,26093,26006,26063,1285
2026-09-07 07:15:00+00:00,26065,26075,26006,26007,511
2026-09-07 07:30:00+00:00,26010,26016,25950,25966,683
2026-09-07 07:45:00+00:00,25965,26014,25960,26009,597
2026-09-07 08:00:00+00:00,26011,26022,25970,26006,569
2026-09-07 08:15:00+00:00,26005,26027,25978,25988,438
2026-09-07 08:30:00+00:00,25989,26018,25989,25994,281
2026-09-07 08:45:00+00:00,25995,26017,25980,26007,164
2026-09-07 09:00:00+00:00,26006,26015,25989,25994,163
2026-09-07 09:15:00+00:00,25993,26005,25980,25990,174
2026-09-07 09:30:00+00:00,25991,26007,25974,25995,173
2026-09-07 09:45:00+00:00,25994,26005,25986,25990,143
2026-09-07 10:00:00+00:00,25990,26000,25984,25990,163
2026-09-07 10:15:00+00:00,25988,25999,25982,25986,134
2026-09-07 10:30:00+00:00,25989,26001,25986,25998,113
2026-09-07 10:45:00+00:00,25994,25996,25960,25978,273
2026-09-07 11:00:00+00:00,25976,25983,25955,25982,285
2026-09-07 11:15:00+00:00,25981,25987,25952,25967,353
2026-09-07 11:30:00+00:00,25968,25976,25950,25969,268
2026-09-07 11:45:00+00:00,25969,25979,25953,25954,132
2026-09-07 12:00:00+00:00,25955,25964,25943,25954,284
2026-09-07 12:15:00+00:00,25951,25985,25951,25984,182
2026-09-07 12:30:00+00:00,25984,26000,25975,25980,200
2026-09-07 12:45:00+00:00,25980,26008,25979,25988,205
2026-09-07 13:00:00+00:00,25987,26000,25975,26000,176
2026-09-07 13:15:00+00:00,26000,26018,25991,26012,166
2026-09-07 13:30:00+00:00,26010,26027,26002,26006,372
2026-09-07 13:45:00+00:00,26003,26031,26003,26026,271
2026-09-07 14:00:00+00:00,26027,26035,26003,26017,322
2026-09-07 14:15:00+00:00,26014,26026,26007,26022,169
2026-09-07 14:30:00+00:00,26020,26025,26010,26020,186
2026-09-07 14:45:00+00:00,26018,26027,25998,26000,188
2026-09-07 15:00:00+00:00,25999,26027,25994,26022,302
2026-09-07 15:15:00+00:00,26021,26021,26000,26004,582
2026-09-07 15:30:00+00:00,26005,26045,26004,26037,864
2026-09-07 15:45:00+00:00,26038,26039,26017,26021,154
2026-09-07 16:00:00+00:00,26022,26031,26018,26028,80
2026-09-07 16:15:00+00:00,26028,26030,26022,26024,35
2026-09-07 16:30:00+00:00,26024,26029,26023,26024,38
2026-09-07 16:45:00+00:00,26022,26027,26022,26026,28
2026-09-07 17:00:00+00:00,26026,26031,26026,26028,13
2026-09-07 17:15:00+00:00,26029,26029,26026,26029,16
2026-09-07 17:30:00+00:00,26031,26031,26030,26031,5
2026-09-07 17:45:00+00:00,26031,26031,26027,26027,23
2026-09-07 18:00:00+00:00,26028,26029,26028,26028,12
2026-09-07 18:15:00+00:00,26027,26029,26026,26027,7
2026-09-07 18:30:00+00:00,26027,26027,26027,26027,1
2026-09-07 18:45:00+00:00,26025,26025,26020,26020,13
2026-09-07 19:00:00+00:00,26020,26021,26019,26020,7
2026-09-07 19:15:00+00:00,26020,26025,26020,26025,26
2026-09-07 19:30:00+00:00,26024,26030,26023,26025,39
2026-09-07 19:45:00+00:00,26025,26026,26017,26017,90
2026-09-07 20:00:00+00:00,26027,26027,26027,26027,8
2026-09-08 00:15:00+00:00,26033,26036,26016,26022,22
2026-09-08 00:30:00+00:00,26037,26041,26034,26034,19
2026-09-08 00:45:00+00:00,26041,26041,26041,26041,1
2026-09-08 01:00:00+00:00,26025,26036,26019,26036,5
2026-09-08 01:15:00+00:00,26036,26040,26035,26035,6
2026-09-08 01:30:00+00:00,26048,26050,26048,26050,4
2026-09-08 01:45:00+00:00,26044,26060,26044,26060,19
2026-09-08 02:00:00+00:00,26061,26061,26051,26055,26
2026-09-08 02:15:00+00:00,26047,26055,26047,26049,27
2026-09-08 02:30:00+00:00,26056,26056,26041,26042,18
2026-09-08 02:45:00+00:00,26047,26047,26026,26027,44
2026-09-08 03:00:00+00:00,26024,26032,26021,26032,3
2026-09-08 03:15:00+00:00,26037,26045,26037,26045,8
2026-09-08 03:30:00+00:00,26046,26046,26043,26043,3
2026-09-08 04:00:00+00:00,26046,26046,26042,26042,4
2026-09-08 04:15:00+00:00,26040,26040,26031,26032,21
2026-09-08 04:30:00+00:00,26026,26026,26018,26023,22
2026-09-08 04:45:00+00:00,26027,26027,26016,26017,12
2026-09-08 05:00:00+00:00,26014,26014,25992,26001,46
2026-09-08 05:15:00+00:00,26006,26014,26006,26008,5
2026-09-08 05:30:00+00:00,25992,25994,25975,25975,39
2026-09-08 05:45:00+00:00,25973,25980,25953,25953,98
2026-09-08 06:00:00+00:00,25954,25957,25928,25937,530
2026-09-08 06:15:00+00:00,25937,25940,25914,25930,323
2026-09-08 06:30:00+00:00,25923,25952,25915,25942,206
2026-09-08 06:45:00+00:00,25942,25942,25918,25933,269
2026-09-08 07:00:00+00:00,25933,26005,25903,25973,1536
2026-09-08 07:15:00+00:00,25971,25973,25943,25962,603
2026-09-08 07:30:00+00:00,25966,25975,25884,25912,823
2026-09-08 07:45:00+00:00,25914,25930,25865,25884,690
2026-09-08 08:00:00+00:00,25887,25894,25850,25872,954
2026-09-08 08:15:00+00:00,25874,25888,25852,25863,360
2026-09-08 08:30:00+00:00,25863,25884,25843,25848,405
2026-09-08 08:45:00+00:00,25846,25879,25817,25857,650
2026-09-08 09:00:00+00:00,25854,25911,25846,25905,390
2026-09-08 09:15:00+00:00,25906,25924,25883,25920,410
2026-09-08 09:30:00+00:00,25922,25946,25920,25931,600
2026-09-08 09:45:00+00:00,25931,25961,25925,25953,427
2026-09-08 10:00:00+00:00,25955,25963,25934,25944,350
2026-09-08 10:15:00+00:00,25948,26010,25941,25967,814
2026-09-08 10:30:00+00:00,25970,25985,25952,25985,292
2026-09-08 10:45:00+00:00,25983,25995,25969,25971,365
2026-09-08 11:00:00+00:00,25974,26008,25962,25972,363
2026-09-08 11:15:00+00:00,25974,26004,25974,25981,158
2026-09-08 11:30:00+00:00,25984,25995,25975,25991,230
2026-09-08 11:45:00+00:00,25990,26012,25979,26008,469
2026-09-08 12:00:00+00:00,26007,26014,25984,25984,267
2026-09-08 12:15:00+00:00,25985,26034,25981,26034,468
2026-09-08 12:30:00+00:00,26034,26050,26016,26038,595
2026-09-08 12:45:00+00:00,26039,26039,26026,26027,252
2026-09-08 13:00:00+00:00,26030,26049,26023,26036,290
2026-09-08 13:15:00+00:00,26035,26038,26009,26016,296
2026-09-08 13:30:00+00:00,26013,26020,25972,25980,527
2026-09-08 13:45:00+00:00,25981,26015,25979,25989,359
2026-09-08 14:00:00+00:00,25989,25992,25938,25941,485
2026-09-08 14:15:00+00:00,25942,25956,25926,25940,592
2026-09-08 14:30:00+00:00,25941,25985,25941,25981,394
2026-09-08 14:45:00+00:00,25981,26012,25976,26010,381
2026-09-08 15:00:00+00:00,26011,26019,25995,26010,411
2026-09-08 15:15:00+00:00,26011,26034,26001,26011,924
2026-09-08 15:30:00+00:00,26012,26034,26011,26034,985
2026-09-08 15:45:00+00:00,26034,26036,25997,25998,265
2026-09-08 16:00:00+00:00,25999,26002,25980,25984,187
2026-09-08 16:15:00+00:00,25980,25994,25973,25983,90
2026-09-08 16:30:00+00:00,25982,25987,25975,25977,63
2026-09-08 16:45:00+00:00,25977,25993,25951,25971,351
2026-09-08 17:00:00+00:00,25973,25987,25966,25972,91
2026-09-08 17:15:00+00:00,25972,25976,25967,25973,53
2026-09-08 17:30:00+00:00,25974,25976,25966,25966,45
2026-09-08 17:45:00+00:00,25966,25973,25962,25969,66
2026-09-08 18:00:00+00:00,25971,25978,25969,25975,58
2026-09-08 18:15:00+00:00,25977,25984,25974,25975,73
2026-09-08 18:30:00+00:00,25972,25972,25962,25968,72
2026-09-08 18:45:00+00:00,25969,25971,25924,25941,374
2026-09-08 19:00:00+00:00,25941,25941,25931,25937,132
2026-09-08 19:15:00+00:00,25937,25940,25917,25927,107
2026-09-08 19:30:00+00:00,25926,25940,25921,25924,303
2026-09-08 19:45:00+00:00,25924,25925,25880,25895,564
2026-09-08 20:00:00+00:00,25882,25882,25882,25882,8
2026-09-09 00:15:00+00:00,25898,25898,25880,25889,16
2026-09-09 00:30:00+00:00,25881,25889,25881,25889,7
2026-09-09 00:45:00+00:00,25894,25894,25892,25892,2
2026-09-09 01:00:00+00:00,25896,25896,25890,25890,2
2026-09-09 01:15:00+00:00,25901,25905,25897,25897,17
2026-09-09 01:30:00+00:00,25893,25898,25893,25894,7
2026-09-09 01:45:00+00:00,25894,25894,25889,25889,3
2026-09-09 02:00:00+00:00,25889,25889,25881,25881,3
2026-09-09 02:15:00+00:00,25878,25883,25874,25883,9
2026-09-09 02:30:00+00:00,25882,25883,25882,25883,2
2026-09-09 02:45:00+00:00,25885,25885,25883,25883,3
2026-09-09 03:00:00+00:00,25882,25882,25870,25871,21
2026-09-09 03:15:00+00:00,25873,25875,25869,25875,18
2026-09-09 03:30:00+00:00,25876,25879,25873,25879,4
2026-09-09 03:45:00+00:00,25878,25878,25874,25875,3
2026-09-09 04:15:00+00:00,25881,25883,25881,25883,3
2026-09-09 04:30:00+00:00,25882,25892,25875,25880,21
2026-09-09 04:45:00+00:00,25889,25891,25885,25891,18
2026-09-09 05:00:00+00:00,25888,25895,25886,25893,14
2026-09-09 05:15:00+00:00,25884,25885,25873,25883,8
2026-09-09 05:30:00+00:00,25876,25878,25874,25878,3
2026-09-09 05:45:00+00:00,25889,25910,25885,25910,35
2026-09-09 06:00:00+00:00,25905,25905,25876,25889,271
2026-09-09 06:15:00+00:00,25887,25888,25855,25861,230
2026-09-09 06:30:00+00:00,25862,25869,25845,25853,310
2026-09-09 06:45:00+00:00,25851,25851,25809,25818,887
2026-09-09 07:00:00+00:00,25817,25926,25807,25898,2624
2026-09-09 07:15:00+00:00,25894,25922,25872,25916,802
2026-09-09 07:30:00+00:00,25918,25921,25862,25887,643
2026-09-09 07:45:00+00:00,25885,25885,25842,25878,636
2026-09-09 08:00:00+00:00,25879,25895,25843,25845,622
2026-09-09 08:15:00+00:00,25848,25860,25822,25849,951
2026-09-09 08:30:00+00:00,25850,25857,25798,25799,799
2026-09-09 08:45:00+00:00,25799,25819,25786,25813,818
2026-09-09 09:00:00+00:00,25812,25821,25785,25810,587
2026-09-09 09:15:00+00:00,25811,25813,25786,25792,410
2026-09-09 09:30:00+00:00,25792,25808,25750,25756,862
2026-09-09 09:45:00+00:00,25753,25758,25713,25715,1036
2026-09-09 10:00:00+00:00,25715,25718,25656,25666,1365
2026-09-09 10:15:00+00:00,25666,25674,25646,25666,959
2026-09-09 10:30:00+00:00,25665,25674,25623,25625,1001
2026-09-09 10:45:00+00:00,25624,25630,25593,25606,726
2026-09-09 11:00:00+00:00,25604,25645,25592,25625,822
2026-09-09 11:15:00+00:00,25624,25648,25611,25619,845
2026-09-09 11:30:00+00:00,25618,25631,25598,25621,482
2026-09-09 11:45:00+00:00,25622,25646,25588,25592,1114
2026-09-09 12:00:00+00:00,25592,25593,25559,25572,672
2026-09-09 12:15:00+00:00,25572,25595,25564,25583,532
2026-09-09 12:30:00+00:00,25584,25633,25577,25628,634
2026-09-09 12:45:00+00:00,25630,25672,25628,25668,540
2026-09-09 13:00:00+00:00,25669,25692,25653,25653,580
2026-09-09 13:15:00+00:00,25652,25658,25624,25635,420
2026-09-09 13:30:00+00:00,25635,25638,25557,25586,1056
2026-09-09 13:45:00+00:00,25586,25593,25567,25589,797
2026-09-09 14:00:00+00:00,25588,25609,25580,25592,641
2026-09-09 14:15:00+00:00,25596,25597,25532,25575,1042
2026-09-09 14:30:00+00:00,25576,25585,25545,25569,683
2026-09-09 14:45:00+00:00,25571,25581,25550,25575,534
2026-09-09 15:00:00+00:00,25574,25587,25535,25549,1107
2026-09-09 15:15:00+00:00,25548,25573,25530,25570,1757
2026-09-09 15:30:00+00:00,25571,25621,25552,25586,2722
2026-09-09 15:45:00+00:00,25586,25594,25564,25566,363
2026-09-09 16:00:00+00:00,25565,25582,25549,25555,355
2026-09-09 16:15:00+00:00,25554,25561,25544,25557,290
2026-09-09 16:30:00+00:00,25556,25571,25552,25569,155
2026-09-09 16:45:00+00:00,25567,25578,25562,25576,172
2026-09-09 17:00:00+00:00,25575,25583,25569,25581,174
2026-09-09 17:15:00+00:00,25584,25584,25572,25573,41
2026-09-09 17:30:00+00:00,25572,25577,25563,25576,227
2026-09-09 17:45:00+00:00,25578,25582,25572,25575,75
2026-09-09 18:00:00+00:00,25575,25576,25557,25559,48
2026-09-09 18:15:00+00:00,25557,25567,25555,25565,134
2026-09-09 18:30:00+00:00,25565,25570,25561,25565,63
2026-09-09 18:45:00+00:00,25566,25568,25559,25561,52
2026-09-09 19:00:00+00:00,25559,25567,25549,25565,104
2026-09-09 19:15:00+00:00,25564,25567,25557,25557,94
2026-09-09 19:30:00+00:00,25557,25561,25550,25555,157
2026-09-09 19:45:00+00:00,25554,25555,25537,25543,366
2026-09-09 20:00:00+00:00,25552,25552,25552,25552,16
2026-09-10 00:15:00+00:00,25561,25591,25546,25582,66
2026-09-10 00:30:00+00:00,25589,25589,25570,25574,32
2026-09-10 00:45:00+00:00,25570,25570,25564,25564,3
2026-09-10 01:00:00+00:00,25560,25565,25560,25565,9
2026-09-10 01:15:00+00:00,25562,25563,25558,25559,19
2026-09-10 01:30:00+00:00,25557,25562,25554,25559,19
2026-09-10 01:45:00+00:00,25581,25581,25575,25575,2
2026-09-10 02:00:00+00:00,25588,25589,25585,25587,11
2026-09-10 02:15:00+00:00,25585,25585,25585,25585,2
2026-09-10 02:30:00+00:00,25591,25601,25591,25601,3
2026-09-10 02:45:00+00:00,25600,25604,25597,25597,8
2026-09-10 03:00:00+00:00,25599,25607,25599,25603,9
2026-09-10 03:15:00+00:00,25596,25600,25594,25600,5
2026-09-10 03:30:00+00:00,25597,25600,25597,25597,5
2026-09-10 03:45:00+00:00,25600,25600,25600,25600,2
2026-09-10 04:00:00+00:00,25600,25604,25599,25604,3
2026-09-10 04:15:00+00:00,25606,25606,25606,25606,1
2026-09-10 04:30:00+00:00,25603,25603,25603,25603,1
2026-09-10 04:45:00+00:00,25608,25616,25608,25610,52
2026-09-10 05:00:00+00:00,25613,25618,25596,25604,35
2026-09-10 05:15:00+00:00,25607,25622,25607,25620,16
2026-09-10 05:30:00+00:00,25622,25635,25618,25628,44
2026-09-10 05:45:00+00:00,25628,25633,25615,25622,24
2026-09-10 06:00:00+00:00,25617,25628,25597,25598,236
2026-09-10 06:15:00+00:00,25599,25609,25594,25606,134
2026-09-10 06:30:00+00:00,25609,25624,25606,25614,149
2026-09-10 06:45:00+00:00,25618,25631,25599,25601,568
2026-09-10 07:00:00+00:00,25601,25618,25558,25607,1869
2026-09-10 07:15:00+00:00,25606,25631,25592,25594,663
2026-09-10 07:30:00+00:00,25593,25608,25564,25584,602
2026-09-10 07:45:00+00:00,25581,25597,25556,25584,512
2026-09-10 08:00:00+00:00,25583,25600,25553,25568,353
2026-09-10 08:15:00+00:00,25567,25580,25544,25571,479
2026-09-10 08:30:00+00:00,25571,25574,25530,25538,485
2026-09-10 08:45:00+00:00,25540,25546,25512,25521,557
2026-09-10 09:00:00+00:00,25522,25548,25515,25544,600
2026-09-10 09:15:00+00:00,25544,25570,25536,25545,547
2026-09-10 09:30:00+00:00,25545,25552,25518,25547,419
2026-09-10 09:45:00+00:00,25545,25560,25534,25557,282
2026-09-10 10:00:00+00:00,25553,25584,25552,25577,294
2026-09-10 10:15:00+00:00,25577,25589,25569,25578,432
2026-09-10 10:30:00+00:00,25576,25592,25566,25581,402
2026-09-10 10:45:00+00:00,25583,25619,25577,25583,632
2026-09-10 11:00:00+00:00,25582,25602,25574,25589,374
2026-09-10 11:15:00+00:00,25588,25590,25579,25583,254
2026-09-10 11:30:00+00:00,25587,25614,25579,25614,323
2026-09-10 11:45:00+00:00,25614,25616,25545,25545,536
2026-09-10 12:00:00+00:00,25545,25569,25532,25550,660
2026-09-10 12:15:00+00:00,25549,25565,25461,25473,1118
2026-09-10 12:30:00+00:00,25468,25483,25406,25444,1675
2026-09-10 12:45:00+00:00,25444,25460,25410,25429,675
2026-09-10 13:00:00+00:00,25430,25463,25418,25438,623
2026-09-10 13:15:00+00:00,25435,25463,25411,25461,760
2026-09-10 13:30:00+00:00,25464,25483,25438,25440,1026
2026-09-10 13:45:00+00:00,25441,25456,25408,25419,999
2026-09-10 14:00:00+00:00,25419,25456,25413,25414,618
2026-09-10 14:15:00+00:00,25413,25506,25406,25451,1356
2026-09-10 14:30:00+00:00,25450,25452,25402,25405,468
2026-09-10 14:45:00+00:00,25404,25438,25395,25432,535
2026-09-10 15:00:00+00:00,25428,25428,25387,25400,705
2026-09-10 15:15:00+00:00,25400,25429,25396,25413,1123
2026-09-10 15:30:00+00:00,25411,25418,25359,25383,2243
2026-09-10 15:45:00+00:00,25385,25388,25350,25352,714
2026-09-10 16:00:00+00:00,25353,25362,25333,25350,303
2026-09-10 16:15:00+00:00,25352,25356,25334,25349,281
2026-09-10 16:30:00+00:00,25349,25357,25327,25357,484
2026-09-10 16:45:00+00:00,25360,25371,25356,25368,208
2026-09-10 17:00:00+00:00,25365,25389,25355,25356,275
2026-09-10 17:15:00+00:00,25355,25357,25344,25347,68
2026-09-10 17:30:00+00:00,25345,25349,25336,25343,79
2026-09-10 17:45:00+00:00,25342,25346,25337,25341,92
2026-09-10 18:00:00+00:00,25343,25348,25317,25325,151
2026-09-10 18:15:00+00:00,25323,25332,25318,25327,82
2026-09-10 18:30:00+00:00,25323,25337,25323,25333,66
2026-09-10 18:45:00+00:00,25332,25356,25327,25342,157
2026-09-10 19:00:00+00:00,25341,25342,25322,25329,181
2026-09-10 19:15:00+00:00,25326,25338,25317,25338,155
2026-09-10 19:30:00+00:00,25339,25352,25338,25343,222
2026-09-10 19:45:00+00:00,25341,25347,25333,25347,361
2026-09-10 20:00:00+00:00,25329,25329,25329,25329,20
2026-09-11 00:15:00+00:00,25368,25368,25334,25346,62
2026-09-11 00:30:00+00:00,25354,25355,25345,25351,9
2026-09-11 00:45:00+00:00,25363,25375,25362,25375,13
2026-09-11 01:00:00+00:00,25388,25398,25381,25391,49
2026-09-11 01:15:00+00:00,25380,25380,25368,25368,5
2026-09-11 01:30:00+00:00,25351,25352,25351,25351,3
2026-09-11 02:15:00+00:00,25351,25351,25338,25340,13
2026-09-11 02:30:00+00:00,25334,25336,25334,25336,3
2026-09-11 02:45:00+00:00,25338,25338,25338,25338,1
2026-09-11 03:00:00+00:00,25331,25339,25331,25338,5
2026-09-11 03:15:00+00:00,25331,25336,25331,25336,2
2026-09-11 03:30:00+00:00,25328,25349,25325,25349,9
2026-09-11 03:45:00+00:00,25345,25345,25345,25345,1
2026-09-11 04:00:00+00:00,25346,25389,25345,25388,50
2026-09-11 04:15:00+00:00,25381,25400,25381,25400,3
2026-09-11 04:30:00+00:00,25403,25410,25394,25402,47
2026-09-11 04:45:00+00:00,25398,25401,25388,25388,28
2026-09-11 05:00:00+00:00,25389,25404,25389,25404,29
2026-09-11 05:15:00+00:00,25412,25412,25388,25388,29
2026-09-11 05:30:00+00:00,25391,25425,25391,25425,61
2026-09-11 05:45:00+00:00,25418,25463,25412,25453,113
2026-09-11 06:00:00+00:00,25453,25463,25423,25446,396
2026-09-11 06:15:00+00:00,25445,25453,25431,25449,291
2026-09-11 06:30:00+00:00,25450,25455,25427,25447,171
2026-09-11 06:45:00+00:00,25451,25482,25448,25472,560
2026-09-11 07:00:00+00:00,25471,25510,25450,25464,1731
2026-09-11 07:15:00+00:00,25467,25492,25453,25470,741
2026-09-11 07:30:00+00:00,25469,25473,25432,25452,438
2026-09-11 07:45:00+00:00,25452,25455,25423,25437,416
2026-09-11 08:00:00+00:00,25439,25456,25409,25448,651
2026-09-11 08:15:00+00:00,25445,25499,25438,25466,833
2026-09-11 08:30:00+00:00,25465,25498,25463,25473,421
2026-09-11 08:45:00+00:00,25473,25522,25470,25520,560
2026-09-11 09:00:00+00:00,25523,25534,25492,25503,693
2026-09-11 09:15:00+00:00,25500,25517,25492,25509,485
2026-09-11 09:30:00+00:00,25511,25531,25503,25520,368
2026-09-11 09:45:00+00:00,25518,25546,25514,25537,540
2026-09-11 10:00:00+00:00,25538,25563,25508,25550,618
2026-09-11 10:15:00+00:00,25550,25556,25540,25550,355
2026-09-11 10:30:00+00:00,25552,25570,25546,25559,334
2026-09-11 10:45:00+00:00,25560,25565,25548,25551,234
2026-09-11 11:00:00+00:00,25553,25558,25529,25536,596
2026-09-11 11:15:00+00:00,25537,25544,25529,25534,209
2026-09-11 11:30:00+00:00,25535,25543,25510,25534,406
2026-09-11 11:45:00+00:00,25533,25537,25518,25526,263
2026-09-11 12:00:00+00:00,25528,25532,25500,25510,416
2026-09-11 12:15:00+00:00,25509,25553,25508,25552,648
2026-09-11 12:30:00+00:00,25551,25577,25463,25531,1096
2026-09-11 12:45:00+00:00,25530,25579,25521,25577,653
2026-09-11 13:00:00+00:00,25579,25598,25551,25554,839
2026-09-11 13:15:00+00:00,25553,25579,25529,25564,727
2026-09-11 13:30:00+00:00,25562,25595,25537,25555,1047
2026-09-11 13:45:00+00:00,25555,25597,25555,25594,962
2026-09-11 14:00:00+00:00,25594,25594,25529,25555,778
2026-09-11 14:15:00+00:00,25557,25568,25534,25540,582
2026-09-11 14:30:00+00:00,25540,25548,25505,25531,601
2026-09-11 14:45:00+00:00,25530,25560,25518,25530,812
2026-09-11 15:00:00+00:00,25531,25560,25527,25540,549
2026-09-11 15:15:00+00:00,25540,25583,25540,25571,1135
2026-09-11 15:30:00+00:00,25571,25601,25562,25576,1571
2026-09-11 15:45:00+00:00,25576,25577,25557,25561,205
2026-09-11 16:00:00+00:00,25565,25574,25561,25563,96
2026-09-11 16:15:00+00:00,25562,25571,25549,25555,290
2026-09-11 16:30:00+00:00,25552,25582,25548,25577,172
2026-09-11 16:45:00+00:00,25575,25583,25573,25577,107
2026-09-11 17:00:00+00:00,25579,25593,25576,25579,194
2026-09-11 17:15:00+00:00,25579,25595,25577,25594,86
2026-09-11 17:30:00+00:00,25593,25597,25580,25581,64
2026-09-11 17:45:00+00:00,25580,25584,25574,25578,135
2026-09-11 18:00:00+00:00,25579,25584,25579,25583,22
2026-09-11 18:15:00+00:00,25581,25583,25559,25574,246
2026-09-11 18:30:00+00:00,25569,25569,25557,25562,51
2026-09-11 18:45:00+00:00,25562,25565,25557,25559,69
2026-09-11 19:00:00+00:00,25561,25564,25557,25564,82
2026-09-11 19:15:00+00:00,25566,25567,25562,25563,80
2026-09-11 19:30:00+00:00,25562,25565,25559,25562,117
2026-09-11 19:45:00+00:00,25561,25571,25554,25566,250
2026-09-11 20:00:00+00:00,25587,25587,25587,25587,19
2026-09-14 00:15:00+00:00,25504,25504,25461,25486,172
2026-09-14 00:30:00+00:00,25493,25520,25493,25519,15
2026-09-14 00:45:00+00:00,25520,25523,25508,25510,19
2026-09-14 01:00:00+00:00,25506,25516,25506,25516,2
2026-09-14 01:15:00+00:00,25513,25513,25513,25513,1
2026-09-14 01:30:00+00:00,25514,25514,25506,25506,3
2026-09-14 01:45:00+00:00,25528,25545,25528,25545,37
2026-09-14 02:00:00+00:00,25545,25547,25536,25542,64
2026-09-14 02:15:00+00:00,25542,25542,25541,25541,2
2026-09-14 02:30:00+00:00,25544,25550,25542,25542,14
2026-09-14 02:45:00+00:00,25542,25542,25539,25539,2
2026-09-14 03:00:00+00:00,25527,25528,25519,25521,31
2026-09-14 03:15:00+00:00,25513,25513,25510,25510,7
2026-09-14 03:30:00+00:00,25514,25514,25509,25511,10
2026-09-14 03:45:00+00:00,25507,25507,25507,25507,4
2026-09-14 04:00:00+00:00,25506,25518,25502,25505,19
2026-09-14 04:15:00+00:00,25504,25506,25504,25506,2
2026-09-14 04:30:00+00:00,25502,25504,25495,25498,19
2026-09-14 04:45:00+00:00,25496,25510,25496,25496,12
2026-09-14 05:00:00+00:00,25508,25508,25496,25503,10
2026-09-14 05:15:00+00:00,25503,25503,25488,25496,13
2026-09-14 05:30:00+00:00,25494,25499,25477,25487,149
2026-09-14 05:45:00+00:00,25487,25487,25468,25478,89
2026-09-14 06:00:00+00:00,25481,25508,25475,25506,277
2026-09-14 06:15:00+00:00,25505,25518,25497,25508,174
2026-09-14 06:30:00+00:00,25508,25510,25434,25450,437
2026-09-14 06:45:00+00:00,25454,25463,25442,25461,333
2026-09-14 07:00:00+00:00,25461,25557,25456,25541,2599
2026-09-14 07:15:00+00:00,25540,25541,25501,25515,819
2026-09-14 07:30:00+00:00,25515,25520,25442,25456,873
2026-09-14 07:45:00+00:00,25455,25455,25402,25452,778
2026-09-14 08:00:00+00:00,25451,25478,25428,25448,1263
2026-09-14 08:15:00+00:00,25446,25450,25398,25398,537
2026-09-14 08:30:00+00:00,25395,25435,25390,25433,899
2026-09-14 08:45:00+00:00,25434,25441,25404,25434,524
2026-09-14 09:00:00+00:00,25433,25440,25384,25389,1469
2026-09-14 09:15:00+00:00,25389,25408,25350,25408,1521
2026-09-14 09:30:00+00:00,25407,25437,25400,25410,576
2026-09-14 09:45:00+00:00,25413,25448,25410,25448,514
2026-09-14 10:00:00+00:00,25449,25460,25426,25456,641
2026-09-14 10:15:00+00:00,25455,25481,25448,25472,808
2026-09-14 10:30:00+00:00,25476,25502,25471,25497,479
2026-09-14 10:45:00+00:00,25499,25511,25490,25503,471
2026-09-14 11:00:00+00:00,25500,25512,25482,25490,594
2026-09-14 11:15:00+00:00,25491,25506,25474,25483,461
2026-09-14 11:30:00+00:00,25483,25486,25451,25474,452
2026-09-14 11:45:00+00:00,25476,25483,25441,25445,792
2026-09-14 12:00:00+00:00,25444,25446,25413,25432,1134
2026-09-14 12:15:00+00:00,25432,25463,25408,25418,756
2026-09-14 12:30:00+00:00,25416,25446,25384,25441,2701
2026-09-14 12:45:00+00:00,25439,25460,25416,25459,511
2026-09-14 13:00:00+00:00,25461,25461,25407,25421,746
2026-09-14 13:15:00+00:00,25420,25473,25416,25472,678
2026-09-14 13:30:00+00:00,25472,25475,25440,25461,930
2026-09-14 13:45:00+00:00,25463,25495,25458,25466,788
2026-09-14 14:00:00+00:00,25465,25483,25443,25443,498
2026-09-14 14:15:00+00:00,25446,25446,25377,25379,928
2026-09-14 14:30:00+00:00,25382,25382,25338,25361,1008
2026-09-14 14:45:00+00:00,25361,25376,25349,25358,1619
2026-09-14 15:00:00+00:00,25355,25439,25346,25402,2310
2026-09-14 15:15:00+00:00,25402,25440,25393,25432,1889
2026-09-14 15:30:00+00:00,25432,25525,25416,25516,2483
2026-09-14 15:45:00+00:00,25518,25520,25501,25511,624
2026-09-14 16:00:00+00:00,25511,25529,25504,25523,346
2026-09-14 16:15:00+00:00,25526,25549,25524,25532,433
2026-09-14 16:30:00+00:00,25529,25552,25523,25544,659
2026-09-14 16:45:00+00:00,25545,25592,25541,25583,672
2026-09-14 17:00:00+00:00,25580,25584,25558,25560,306
2026-09-14 17:15:00+00:00,25557,25573,25551,25573,191
2026-09-14 17:30:00+00:00,25570,25576,25565,25570,101
2026-09-14 17:45:00+00:00,25574,25574,25566,25568,57
2026-09-14 18:00:00+00:00,25568,25582,25562,25566,141
2026-09-14 18:15:00+00:00,25566,25574,25562,25567,83
2026-09-14 18:30:00+00:00,25569,25589,25563,25588,185
2026-09-14 18:45:00+00:00,25584,25586,25576,25582,101
2026-09-14 19:00:00+00:00,25583,25583,25552,25566,255
2026-09-14 19:15:00+00:00,25564,25564,25550,25552,87
2026-09-14 19:30:00+00:00,25549,25555,25546,25554,195
2026-09-14 19:45:00+00:00,25555,25556,25515,25519,352
2026-09-14 20:00:00+00:00,25528,25528,25528,25528,17
2026-09-15 00:15:00+00:00,25532,25532,25501,25501,55
2026-09-15 00:30:00+00:00,25509,25526,25509,25523,26
2026-09-15 00:45:00+00:00,25522,25531,25522,25531,3
2026-09-15 01:00:00+00:00,25523,25532,25523,25532,63
2026-09-15 01:15:00+00:00,25532,25532,25515,25520,18
2026-09-15 01:30:00+00:00,25509,25509,25490,25490,40
2026-09-15 01:45:00+00:00,25482,25492,25479,25489,7
2026-09-15 02:00:00+00:00,25490,25491,25488,25488,9
2026-09-15 02:15:00+00:00,25492,25492,25492,25492,1
2026-09-15 02:30:00+00:00,25498,25504,25493,25493,11
2026-09-15 02:45:00+00:00,25490,25493,25480,25484,66
2026-09-15 03:00:00+00:00,25482,25482,25477,25477,11
2026-09-15 03:15:00+00:00,25477,25477,25477,25477,19
2026-09-15 03:30:00+00:00,25480,25480,25474,25474,6
2026-09-15 03:45:00+00:00,25471,25471,25462,25465,5
2026-09-15 04:15:00+00:00,25451,25453,25428,25428,14
2026-09-15 04:30:00+00:00,25432,25434,25414,25421,88
2026-09-15 04:45:00+00:00,25424,25424,25400,25400,13
2026-09-15 05:00:00+00:00,25400,25412,25385,25385,16
2026-09-15 05:15:00+00:00,25392,25415,25385,25415,81
2026-09-15 05:30:00+00:00,25417,25435,25413,25435,40
2026-09-15 05:45:00+00:00,25442,25469,25442,25458,107
2026-09-15 06:00:00+00:00,25458,25478,25454,25471,274
2026-09-15 06:15:00+00:00,25467,25475,25448,25450,209
2026-09-15 06:30:00+00:00,25450,25451,25423,25432,301
2026-09-15 06:45:00+00:00,25428,25445,25408,25413,504
2026-09-15 07:00:00+00:00,25413,25420,25324,25328,2338
2026-09-15 07:15:00+00:00,25329,25374,25318,25342,1807
2026-09-15 07:30:00+00:00,25344,25345,25239,25241,1827
2026-09-15 07:45:00+00:00,25241,25248,25201,25245,1828
2026-09-15 08:00:00+00:00,25247,25247,25180,25224,1785
2026-09-15 08:15:00+00:00,25225,25288,25221,25282,1206
2026-09-15 08:30:00+00:00,25280,25297,25248,25254,1160
2026-09-15 08:45:00+00:00,25252,25262,25232,25259,1527
2026-09-15 09:00:00+00:00,25260,25262,25228,25246,1347
2026-09-15 09:15:00+00:00,25245,25275,25223,25271,922
2026-09-15 09:30:00+00:00,25272,25322,25270,25322,1127
2026-09-15 09:45:00+00:00,25323,25374,25319,25374,1699
2026-09-15 10:00:00+00:00,25374,25416,25370,25393,1169
2026-09-15 10:15:00+00:00,25390,25406,25364,25406,987
2026-09-15 10:30:00+00:00,25405,25421,25396,25414,741
2026-09-15 10:45:00+00:00,25416,25441,25407,25438,512
2026-09-15 11:00:00+00:00,25436,25448,25416,25420,742
2026-09-15 11:15:00+00:00,25419,25442,25419,25433,553
2026-09-15 11:30:00+00:00,25432,25448,25420,25425,728
2026-09-15 11:45:00+00:00,25425,25464,25425,25460,925
2026-09-15 12:00:00+00:00,25460,25460,25423,25432,597
2026-09-15 12:15:00+00:00,25437,25437,25415,25426,710
2026-09-15 12:30:00+00:00,25430,25440,25413,25427,493
2026-09-15 12:45:00+00:00,25427,25484,25427,25477,1419
2026-09-15 13:00:00+00:00,25477,25482,25458,25464,1005
2026-09-15 13:15:00+00:00,25464,25494,25463,25464,792
2026-09-15 13:30:00+00:00,25463,25477,25431,25458,1213
2026-09-15 13:45:00+00:00,25452,25473,25428,25472,919
2026-09-15 14:00:00+00:00,25472,25489,25447,25459,1007
2026-09-15 14:15:00+00:00,25461,25470,25417,25421,995
2026-09-15 14:30:00+00:00,25418,25440,25397,25405,1269
2026-09-15 14:45:00+00:00,25403,25404,25366,25395,1327
2026-09-15 15:00:00+00:00,25395,25419,25381,25419,1494
2026-09-15 15:15:00+00:00,25418,25435,25407,25433,1334
2026-09-15 15:30:00+00:00,25434,25461,25402,25457,1612
2026-09-15 15:45:00+00:00,25459,25459,25432,25434,1017
2026-09-15 16:00:00+00:00,25433,25435,25417,25425,156
2026-09-15 16:15:00+00:00,25427,25464,25427,25460,330
2026-09-15 16:30:00+00:00,25459,25464,25448,25454,122
2026-09-15 16:45:00+00:00,25454,25462,25448,25456,123
2026-09-15 17:00:00+00:00,25458,25464,25447,25461,130
2026-09-15 17:15:00+00:00,25460,25463,25445,25450,140
2026-09-15 17:30:00+00:00,25451,25460,25447,25449,72
2026-09-15 17:45:00+00:00,25450,25460,25444,25459,73
2026-09-15 18:00:00+00:00,25460,25473,25455,25473,89
2026-09-15 18:15:00+00:00,25473,25473,25462,25466,49
2026-09-15 18:30:00+00:00,25459,25463,25445,25445,167
2026-09-15 18:45:00+00:00,25446,25452,25431,25452,56
2026-09-15 19:00:00+00:00,25450,25455,25442,25443,57
2026-09-15 19:15:00+00:00,25441,25443,25430,25435,128
2026-09-15 19:30:00+00:00,25435,25437,25428,25428,130
2026-09-15 19:45:00+00:00,25428,25441,25425,25439,227
2026-09-15 20:00:00+00:00,25449,25449,25449,25449,5
2026-09-16 00:15:00+00:00,25463,25478,25459,25472,100
2026-09-16 00:30:00+00:00,25480,25480,25469,25476,15
2026-09-16 00:45:00+00:00,25472,25472,25466,25466,4
2026-09-16 01:00:00+00:00,25468,25470,25462,25462,7
2026-09-16 01:15:00+00:00,25471,25471,25471,25471,2
2026-09-16 01:30:00+00:00,25459,25460,25451,25451,7
2026-09-16 01:45:00+00:00,25441,25441,25441,25441,1
2026-09-16 02:15:00+00:00,25446,25457,25444,25457,6
2026-09-16 02:30:00+00:00,25470,25470,25457,25457,4
2026-09-16 03:00:00+00:00,25475,25480,25475,25479,27
2026-09-16 03:15:00+00:00,25494,25502,25488,25495,15
2026-09-16 03:30:00+00:00,25486,25486,25486,25486,2
2026-09-16 03:45:00+00:00,25495,25495,25495,25495,2
2026-09-16 04:00:00+00:00,25495,25495,25488,25488,4
2026-09-16 04:15:00+00:00,25485,25486,25479,25479,12
2026-09-16 04:30:00+00:00,25476,25476,25464,25464,21
2026-09-16 05:00:00+00:00,25458,25468,25458,25468,9
2026-09-16 05:15:00+00:00,25468,25474,25467,25469,28
2026-09-16 05:30:00+00:00,25469,25488,25469,25488,106
2026-09-16 05:45:00+00:00,25488,25500,25483,25495,91
2026-09-16 06:00:00+00:00,25489,25507,25476,25495,400
2026-09-16 06:15:00+00:00,25495,25506,25481,25481,123
2026-09-16 06:30:00+00:00,25482,25489,25472,25479,198
2026-09-16 06:45:00+00:00,25478,25509,25462,25503,409
2026-09-16 07:00:00+00:00,25504,25535,25485,25490,1252
2026-09-16 07:15:00+00:00,25495,25517,25474,25502,1129
2026-09-16 07:30:00+00:00,25504,25508,25456,25457,684
2026-09-16 07:45:00+00:00,25458,25466,25441,25449,831
2026-09-16 08:00:00+00:00,25451,25452,25403,25414,898
2026-09-16 08:15:00+00:00,25414,25437,25388,25403,1729
2026-09-16 08:30:00+00:00,25404,25416,25368,25399,1086
2026-09-16 08:45:00+00:00,25402,25433,25393,25432,757
2026-09-16 09:00:00+00:00,25435,25447,25412,25419,460
2026-09-16 09:15:00+00:00,25419,25433,25397,25413,901
2026-09-16 09:30:00+00:00,25412,25445,25402,25443,810
2026-09-16 09:45:00+00:00,25442,25467,25426,25457,692
2026-09-16 10:00:00+00:00,25454,25457,25422,25452,479
2026-09-16 10:15:00+00:00,25452,25475,25447,25474,681
2026-09-16 10:30:00+00:00,25474,25492,25468,25492,433
2026-09-16 10:45:00+00:00,25491,25507,25471,25505,420
2026-09-16 11:00:00+00:00,25506,25517,25484,25495,913
2026-09-16 11:15:00+00:00,25493,25502,25484,25495,561
2026-09-16 11:30:00+00:00,25495,25508,25490,25502,363
2026-09-16 11:45:00+00:00,25503,25518,25497,25512,415
2026-09-16 12:00:00+00:00,25513,25519,25500,25500,391
2026-09-16 12:15:00+00:00,25501,25506,25491,25506,580
2026-09-16 12:30:00+00:00,25506,25506,25465,25472,972
2026-09-16 12:45:00+00:00,25471,25506,25471,25506,323
2026-09-16 13:00:00+00:00,25501,25507,25464,25501,637
2026-09-16 13:15:00+00:00,25501,25501,25478,25496,434
2026-09-16 13:30:00+00:00,25498,25517,25478,25505,764
2026-09-16 13:45:00+00:00,25505,25539,25498,25524,577
2026-09-16 14:00:00+00:00,25521,25538,25493,25501,694
2026-09-16 14:15:00+00:00,25501,25512,25492,25511,1402
2026-09-16 14:30:00+00:00,25511,25538,25499,25525,478
2026-09-16 14:45:00+00:00,25531,25567,25521,25565,511
2026-09-16 15:00:00+00:00,25566,25609,25557,25602,1070
2026-09-16 15:15:00+00:00,25600,25604,25558,25565,1721
2026-09-16 15:30:00+00:00,25566,25572,25543,25550,1031
2026-09-16 15:45:00+00:00,25548,25610,25547,25560,926
2026-09-16 16:00:00+00:00,25559,25559,25548,25552,174
2026-09-16 16:15:00+00:00,25554,25554,25532,25535,181
2026-09-16 16:30:00+00:00,25535,25537,25524,25537,104
2026-09-16 16:45:00+00:00,25535,25539,25526,25526,200
2026-09-16 17:00:00+00:00,25523,25531,25518,25531,29
2026-09-16 17:15:00+00:00,25532,25540,25528,25540,45
2026-09-16 17:30:00+00:00,25542,25543,25529,25530,28
2026-09-16 17:45:00+00:00,25538,25567,25534,25567,83
2026-09-16 18:00:00+00:00,25567,25590,25537,25577,302
2026-09-16 18:15:00+00:00,25582,25600,25574,25586,344
2026-09-16 18:30:00+00:00,25594,25613,25520,25594,369
2026-09-16 18:45:00+00:00,25585,25603,25481,25482,379
2026-09-16 19:00:00+00:00,25484,25519,25438,25442,474
2026-09-16 19:15:00+00:00,25442,25455,25406,25428,258
2026-09-16 19:30:00+00:00,25427,25473,25426,25456,312
2026-09-16 19:45:00+00:00,25456,25522,25456,25520,514
2026-09-16 20:00:00+00:00,25515,25515,25515,25515,1
2026-09-17 00:15:00+00:00,25594,25642,25594,25639,91
2026-09-17 00:30:00+00:00,25640,25675,25636,25675,33
2026-09-17 00:45:00+00:00,25661,25681,25661,25681,26
2026-09-17 01:00:00+00:00,25677,25702,25677,25687,55
2026-09-17 01:15:00+00:00,25687,25687,25687,25687,6
2026-09-17 01:30:00+00:00,25701,25701,25677,25677,2
2026-09-17 01:45:00+00:00,25682,25682,25667,25667,9
2026-09-17 02:00:00+00:00,25660,25671,25660,25671,4
2026-09-17 02:15:00+00:00,25668,25675,25668,25675,4
2026-09-17 02:30:00+00:00,25686,25692,25685,25692,4
2026-09-17 02:45:00+00:00,25690,25692,25673,25679,12
2026-09-17 03:00:00+00:00,25677,25683,25671,25673,20
2026-09-17 03:15:00+00:00,25680,25695,25680,25690,19
2026-09-17 03:30:00+00:00,25692,25706,25690,25706,28
2026-09-17 03:45:00+00:00,25707,25710,25698,25709,11
2026-09-17 04:00:00+00:00,25708,25708,25692,25692,7
2026-09-17 04:15:00+00:00,25686,25686,25686,25686,3
2026-09-17 04:30:00+00:00,25682,25682,25682,25682,1
2026-09-17 04:45:00+00:00,25696,25696,25696,25696,1
2026-09-17 05:00:00+00:00,25694,25694,25694,25694,1
2026-09-17 05:15:00+00:00,25672,25678,25669,25674,10
2026-09-17 05:30:00+00:00,25672,25672,25657,25659,55
2026-09-17 05:45:00+00:00,25662,25662,25637,25642,84
2026-09-17 06:00:00+00:00,25636,25668,25634,25653,134
2026-09-17 06:15:00+00:00,25644,25689,25630,25688,130
2026-09-17 06:30:00+00:00,25688,25695,25664,25680,134
2026-09-17 06:45:00+00:00,25682,25690,25674,25677,155
2026-09-17 07:00:00+00:00,25680,25737,25647,25719,1260
2026-09-17 07:15:00+00:00,25721,25753,25703,25725,638
2026-09-17 07:30:00+00:00,25731,25731,25695,25716,824
2026-09-17 07:45:00+00:00,25716,25717,25647,25650,280
2026-09-17 08:00:00+00:00,25651,25654,25617,25617,565
2026-09-17 08:15:00+00:00,25614,25659,25595,25659,377
2026-09-17 08:30:00+00:00,25660,25695,25656,25678,579
2026-09-17 08:45:00+00:00,25677,25685,25665,25673,224
2026-09-17 09:00:00+00:00,25671,25703,25650,25685,251
2026-09-17 09:15:00+00:00,25684,25703,25666,25666,182
2026-09-17 09:30:00+00:00,25668,25712,25668,25705,177
2026-09-17 09:45:00+00:00,25700,25704,25671,25681,246
2026-09-17 10:00:00+00:00,25678,25686,25668,25675,116
2026-09-17 10:15:00+00:00,25675,25680,25648,25672,172
2026-09-17 10:30:00+00:00,25678,25684,25663,25675,113
2026-09-17 10:45:00+00:00,25675,25675,25649,25672,79
2026-09-17 11:00:00+00:00,25672,25707,25669,25705,531
2026-09-17 11:15:00+00:00,25704,25706,25674,25687,117
2026-09-17 11:30:00+00:00,25686,25702,25684,25692,163
2026-09-17 11:45:00+00:00,25689,25736,25687,25735,210
2026-09-17 12:00:00+00:00,25725,25750,25708,25735,294
2026-09-17 12:15:00+00:00,25733,25795,25733,25794,351
2026-09-17 12:30:00+00:00,25786,25805,25750,25752,228
2026-09-17 12:45:00+00:00,25751,25775,25750,25755,101
2026-09-17 13:00:00+00:00,25752,25766,25725,25734,181
2026-09-17 13:15:00+00:00,25735,25768,25733,25753,188
2026-09-17 13:30:00+00:00,25754,25761,25719,25752,162
2026-09-17 13:45:00+00:00,25754,25788,25751,25760,256
2026-09-17 14:00:00+00:00,25762,25770,25746,25767,125
2026-09-17 14:15:00+00:00,25767,25782,25763,25771,104
2026-09-17 14:30:00+00:00,25772,25772,25739,25761,223
2026-09-17 14:45:00+00:00,25759,25769,25736,25748,137
2026-09-17 15:00:00+00:00,25748,25758,25722,25756,233
2026-09-17 15:15:00+00:00,25763,25763,25729,25736,484
2026-09-17 15:30:00+00:00,25736,25741,25701,25731,517
2026-09-17 15:45:00+00:00,25724,25731,25715,25715,65
2026-09-17 16:00:00+00:00,25727,25731,25710,25711,38
2026-09-17 16:15:00+00:00,25709,25710,25696,25696,44
2026-09-17 16:30:00+00:00,25694,25695,25682,25694,60
2026-09-17 16:45:00+00:00,25693,25696,25656,25668,75
2026-09-17 17:00:00+00:00,25668,25680,25658,25658,29
2026-09-17 17:15:00+00:00,25665,25671,25658,25658,26
2026-09-17 17:30:00+00:00,25658,25664,25658,25662,42
2026-09-17 17:45:00+00:00,25664,25664,25659,25659,4
2026-09-17 18:00:00+00:00,25658,25658,25650,25650,13
2026-09-17 18:15:00+00:00,25655,25655,25651,25651,7
2026-09-17 18:30:00+00:00,25659,25659,25644,25646,8
2026-09-17 18:45:00+00:00,25649,25659,25648,25659,11
2026-09-17 19:00:00+00:00,25656,25665,25656,25658,32
2026-09-17 19:15:00+00:00,25658,25659,25639,25639,13
2026-09-17 19:30:00+00:00,25640,25648,25635,25637,34
2026-09-17 19:45:00+00:00,25637,25659,25634,25659,155
2026-09-18 00:15:00+00:00,25818,25818,25769,25769,151
2026-09-18 00:30:00+00:00,25768,25773,25766,25766,12
2026-09-18 00:45:00+00:00,25772,25772,25755,25759,11
2026-09-18 01:00:00+00:00,25766,25768,25766,25768,3
2026-09-18 01:15:00+00:00,25757,25760,25757,25760,2
2026-09-18 01:30:00+00:00,25760,25763,25757,25760,9
2026-09-18 01:45:00+00:00,25760,25766,25759,25759,4
2026-09-18 02:00:00+00:00,25769,25769,25769,25769,3
2026-09-18 02:15:00+00:00,25767,25772,25767,25770,7
2026-09-18 02:30:00+00:00,25784,25784,25783,25783,3
2026-09-18 02:45:00+00:00,25779,25779,25772,25774,5
2026-09-18 03:00:00+00:00,25788,25795,25788,25795,6
2026-09-18 03:15:00+00:00,25788,25801,25788,25801,2
2026-09-18 03:30:00+00:00,25801,25802,25796,25796,4
2026-09-18 03:45:00+00:00,25808,25811,25803,25810,4
2026-09-18 04:00:00+00:00,25811,25811,25804,25807,4
2026-09-18 04:15:00+00:00,25805,25807,25801,25801,5
2026-09-18 04:30:00+00:00,25811,25811,25811,25811,1
2026-09-18 04:45:00+00:00,25811,25825,25811,25825,6
2026-09-18 05:00:00+00:00,25821,25832,25821,25828,13
2026-09-18 05:15:00+00:00,25830,25835,25828,25835,13
2026-09-18 05:30:00+00:00,25838,25862,25838,25860,30
2026-09-18 05:45:00+00:00,25866,25867,25848,25851,33
2026-09-18 06:00:00+00:00,25855,25860,25826,25829,251
2026-09-18 06:15:00+00:00,25830,25838,25814,25830,268
2026-09-18 06:30:00+00:00,25831,25872,25831,25857,286
2026-09-18 06:45:00+00:00,25859,25863,25821,25826,488
2026-09-18 07:00:00+00:00,25823,25839,25778,25819,1630
2026-09-18 07:15:00+00:00,25821,25827,25773,25797,866
2026-09-18 07:30:00+00:00,25796,25812,25763,25770,559
2026-09-18 07:45:00+00:00,25770,25818,25761,25810,600
2026-09-18 08:00:00+00:00,25808,25814,25752,25754,576
2026-09-18 08:15:00+00:00,25753,25760,25721,25724,597
2026-09-18 08:30:00+00:00,25723,25767,25723,25765,519
2026-09-18 08:45:00+00:00,25772,25802,25767,25791,442
2026-09-18 09:00:00+00:00,25791,25807,25782,25792,519
2026-09-18 09:15:00+00:00,25788,25797,25769,25779,257
2026-09-18 09:30:00+00:00,25775,25775,25734,25737,611
2026-09-18 09:45:00+00:00,25736,25756,25707,25710,1011
2026-09-18 10:00:00+00:00,25708,25728,25699,25714,599
2026-09-18 10:15:00+00:00,25713,25720,25696,25719,521
2026-09-18 10:30:00+00:00,25719,25733,25704,25725,469
2026-09-18 10:45:00+00:00,25725,25728,25683,25688,496
2026-09-18 11:00:00+00:00,25687,25778,25687,25712,3266
2026-09-18 11:15:00+00:00,25710,25712,25669,25706,656
2026-09-18 11:30:00+00:00,25707,25732,25648,25655,531
2026-09-18 11:45:00+00:00,25655,25656,25632,25638,571
2026-09-18 12:00:00+00:00,25640,25650,25589,25596,925
2026-09-18 12:15:00+00:00,25597,25602,25558,25585,801
2026-09-18 12:30:00+00:00,25585,25619,25573,25594,709
2026-09-18 12:45:00+00:00,25592,25615,25575,25605,404
2026-09-18 13:00:00+00:00,25604,25619,25593,25615,269
2026-09-18 13:15:00+00:00,25610,25616,25582,25600,434
2026-09-18 13:30:00+00:00,25599,25600,25529,25529,884
2026-09-18 13:45:00+00:00,25532,25532,25494,25506,832
2026-09-18 14:00:00+00:00,25508,25545,25486,25529,1020
2026-09-18 14:15:00+00:00,25527,25557,25525,25546,630
2026-09-18 14:30:00+00:00,25548,25550,25490,25492,864
2026-09-18 14:45:00+00:00,25493,25520,25482,25508,626
2026-09-18 15:00:00+00:00,25509,25511,25487,25495,731
2026-09-18 15:15:00+00:00,25498,25500,25466,25484,2097
2026-09-18 15:30:00+00:00,25485,25499,25461,25475,2833
2026-09-18 15:45:00+00:00,25476,25480,25463,25467,306
2026-09-18 16:00:00+00:00,25467,25468,25450,25453,325
2026-09-18 16:15:00+00:00,25453,25469,25447,25462,341
2026-09-18 16:30:00+00:00,25458,25470,25449,25468,190
2026-09-18 16:45:00+00:00,25467,25483,25460,25473,212
2026-09-18 17:00:00+00:00,25472,25473,25465,25470,98
2026-09-18 17:15:00+00:00,25471,25475,25467,25471,97
2026-09-18 17:30:00+00:00,25470,25479,25464,25476,87
2026-09-18 17:45:00+00:00,25475,25475,25467,25471,122
2026-09-18 18:00:00+00:00,25468,25475,25463,25469,115
2026-09-18 18:15:00+00:00,25468,25469,25460,25464,169
2026-09-18 18:30:00+00:00,25463,25474,25459,25467,187
2026-09-18 18:45:00+00:00,25467,25479,25467,25472,105
2026-09-18 19:00:00+00:00,25472,25487,25468,25481,182
2026-09-18 19:15:00+00:00,25483,25487,25475,25477,157
2026-09-18 19:30:00+00:00,25477,25489,25467,25488,282
2026-09-18 19:45:00+00:00,25488,25500,25478,25482,647
2026-09-18 20:00:00+00:00,25492,25492,25492,25492,15
2026-09-21 00:15:00+00:00,25532,25551,25518,25551,151
2026-09-21 00:30:00+00:00,25542,25568,25542,25564,34
2026-09-21 00:45:00+00:00,25560,25560,25550,25556,16
2026-09-21 01:00:00+00:00,25556,25583,25555,25583,43
2026-09-21 01:15:00+00:00,25582,25583,25572,25573,14
2026-09-21 01:30:00+00:00,25584,25591,25580,25590,20
2026-09-21 01:45:00+00:00,25581,25581,25581,25581,1
2026-09-21 02:00:00+00:00,25589,25594,25582,25585,30
2026-09-21 02:15:00+00:00,25581,25584,25576,25579,32
2026-09-21 02:30:00+00:00,25576,25577,25571,25576,29
2026-09-21 02:45:00+00:00,25575,25578,25565,25565,28
2026-09-21 03:00:00+00:00,25565,25576,25563,25567,26
2026-09-21 03:15:00+00:00,25566,25575,25566,25575,17
2026-09-21 03:30:00+00:00,25572,25577,25572,25577,7
2026-09-21 03:45:00+00:00,25590,25592,25589,25590,4
2026-09-21 04:00:00+00:00,25592,25599,25591,25596,42
2026-09-21 04:15:00+00:00,25602,25608,25601,25608,12
2026-09-21 04:30:00+00:00,25602,25602,25595,25599,33
2026-09-21 04:45:00+00:00,25602,25602,25599,25599,3
2026-09-21 05:00:00+00:00,25600,25607,25599,25600,31
2026-09-21 05:15:00+00:00,25600,25604,25599,25600,15
2026-09-21 05:30:00+00:00,25610,25621,25602,25615,31
2026-09-21 05:45:00+00:00,25616,25636,25616,25636,50
2026-09-21 06:00:00+00:00,25638,25641,25609,25621,319
2026-09-21 06:15:00+00:00,25618,25626,25610,25614,145
2026-09-21 06:30:00+00:00,25616,25646,25616,25628,275
2026-09-21 06:45:00+00:00,25627,25673,25627,25669,461
2026-09-21 07:00:00+00:00,25667,25689,25633,25666,2308
2026-09-21 07:15:00+00:00,25666,25695,25643,25689,982
2026-09-21 07:30:00+00:00,25690,25696,25619,25625,721
2026-09-21 07:45:00+00:00,25626,25688,25620,25668,583
2026-09-21 08:00:00+00:00,25667,25728,25665,25723,728
2026-09-21 08:15:00+00:00,25723,25741,25707,25730,734
2026-09-21 08:30:00+00:00,25729,25741,25721,25734,657
2026-09-21 08:45:00+00:00,25731,25741,25714,25719,537
2026-09-21 09:00:00+00:00,25721,25750,25705,25734,560
2026-09-21 09:15:00+00:00,25735,25750,25723,25740,332
2026-09-21 09:30:00+00:00,25738,25759,25732,25756,365
2026-09-21 09:45:00+00:00,25756,25762,25743,25759,486
2026-09-21 10:00:00+00:00,25757,25766,25751,25762,412
2026-09-21 10:15:00+00:00,25762,25775,25756,25769,462
2026-09-21 10:30:00+00:00,25770,25783,25766,25769,317
2026-09-21 10:45:00+00:00,25769,25785,25747,25747,432
2026-09-21 11:00:00+00:00,25748,25771,25748,25770,353
2026-09-21 11:15:00+00:00,25770,25789,25762,25789,269
2026-09-21 11:30:00+00:00,25789,25799,25779,25790,403
2026-09-21 11:45:00+00:00,25790,25798,25774,25779,647
2026-09-21 12:00:00+00:00,25778,25796,25762,25794,484
2026-09-21 12:15:00+00:00,25794,25794,25775,25783,255
2026-09-21 12:30:00+00:00,25784,25803,25770,25799,487
2026-09-21 12:45:00+00:00,25796,25798,25761,25781,346
2026-09-21 13:00:00+00:00,25781,25801,25774,25795,404
2026-09-21 13:15:00+00:00,25796,25797,25776,25786,748
2026-09-21 13:30:00+00:00,25788,25792,25713,25726,733
2026-09-21 13:45:00+00:00,25725,25735,25708,25732,724
2026-09-21 14:00:00+00:00,25730,25748,25708,25740,597
2026-09-21 14:15:00+00:00,25740,25777,25728,25774,602
2026-09-21 14:30:00+00:00,25773,25779,25741,25747,998
2026-09-21 14:45:00+00:00,25749,25760,25735,25745,333
2026-09-21 15:00:00+00:00,25746,25782,25746,25779,575
2026-09-21 15:15:00+00:00,25780,25793,25761,25761,1237
2026-09-21 15:30:00+00:00,25762,25777,25752,25774,1799
2026-09-21 15:45:00+00:00,25774,25794,25764,25768,453
2026-09-21 16:00:00+00:00,25768,25807,25766,25801,438
2026-09-21 16:15:00+00:00,25803,25816,25796,25805,289
2026-09-21 16:30:00+00:00,25804,25824,25804,25812,315
2026-09-21 16:45:00+00:00,25814,25822,25813,25817,77
2026-09-21 17:00:00+00:00,25818,25821,25809,25819,81
2026-09-21 17:15:00+00:00,25820,25825,25817,25822,92
2026-09-21 17:30:00+00:00,25822,25822,25800,25807,235
2026-09-21 17:45:00+00:00,25809,25811,25803,25806,62
2026-09-21 18:00:00+00:00,25807,25820,25806,25815,70
2026-09-21 18:15:00+00:00,25815,25832,25811,25831,149
2026-09-21 18:30:00+00:00,25831,25831,25820,25820,119
2026-09-21 18:45:00+00:00,25822,25830,25820,25828,76
2026-09-21 19:00:00+00:00,25830,25834,25821,25825,93
2026-09-21 19:15:00+00:00,25826,25827,25816,25822,121
2026-09-21 19:30:00+00:00,25823,25845,25820,25830,295
2026-09-21 19:45:00+00:00,25829,25829,25812,25813,319
2026-09-21 20:00:00+00:00,25823,25823,25823,25823,14
2026-09-22 00:15:00+00:00,25825,25831,25817,25831,36
2026-09-22 00:30:00+00:00,25825,25825,25821,25824,8
2026-09-22 00:45:00+00:00,25814,25814,25814,25814,1
2026-09-22 01:00:00+00:00,25815,25818,25810,25818,3
2026-09-22 01:15:00+00:00,25814,25814,25812,25812,2
2026-09-22 02:00:00+00:00,25817,25817,25817,25817,1
2026-09-22 02:15:00+00:00,25816,25819,25813,25819,6
2026-09-22 02:30:00+00:00,25822,25822,25822,25822,1
2026-09-22 02:45:00+00:00,25813,25815,25813,25815,3
2026-09-22 03:00:00+00:00,25805,25805,25805,25805,1
2026-09-22 03:30:00+00:00,25806,25806,25806,25806,1
2026-09-22 03:45:00+00:00,25806,25806,25805,25805,2
2026-09-22 04:15:00+00:00,25800,25800,25800,25800,1
2026-09-22 04:45:00+00:00,25802,25802,25802,25802,1
2026-09-22 05:00:00+00:00,25790,25794,25790,25793,8
2026-09-22 05:15:00+00:00,25783,25791,25783,25785,10
2026-09-22 05:30:00+00:00,25787,25791,25777,25788,8
2026-09-22 05:45:00+00:00,25800,25805,25800,25805,6
2026-09-22 06:00:00+00:00,25800,25800,25757,25772,290
2026-09-22 06:15:00+00:00,25772,25780,25758,25769,179
2026-09-22 06:30:00+00:00,25769,25794,25768,25787,192
2026-09-22 06:45:00+00:00,25786,25801,25776,25776,366
2026-09-22 07:00:00+00:00,25777,25815,25701,25710,1551
2026-09-22 07:15:00+00:00,25712,25727,25650,25700,1211
2026-09-22 07:30:00+00:00,25698,25705,25663,25701,503
2026-09-22 07:45:00+00:00,25697,25699,25642,25653,366
2026-09-22 08:00:00+00:00,25656,25675,25643,25657,430
2026-09-22 08:15:00+00:00,25658,25664,25616,25622,474
2026-09-22 08:30:00+00:00,25619,25732,25599,25728,1063
2026-09-22 08:45:00+00:00,25730,25816,25726,25778,1296
2026-09-22 09:00:00+00:00,25773,25804,25749,25774,1028
2026-09-22 09:15:00+00:00,25774,25803,25774,25802,510
2026-09-22 09:30:00+00:00,25804,25833,25788,25831,722
2026-09-22 09:45:00+00:00,25830,25918,25823,25904,1851
2026-09-22 10:00:00+00:00,25901,25939,25887,25924,1202
2026-09-22 10:15:00+00:00,25925,25927,25865,25871,523
2026-09-22 10:30:00+00:00,25869,25905,25856,25899,444
2026-09-22 10:45:00+00:00,25898,25904,25877,25898,214
2026-09-22 11:00:00+00:00,25893,25905,25837,25862,995
2026-09-22 11:15:00+00:00,25862,25892,25843,25885,304
2026-09-22 11:30:00+00:00,25886,25892,25865,25889,304
2026-09-22 11:45:00+00:00,25890,25908,25859,25862,518
2026-09-22 12:00:00+00:00,25858,25888,25857,25880,269
2026-09-22 12:15:00+00:00,25880,25901,25870,25901,224
2026-09-22 12:30:00+00:00,25901,25943,25899,25926,487
2026-09-22 12:45:00+00:00,25928,25929,25893,25924,318
2026-09-22 13:00:00+00:00,25927,25959,25910,25957,480
2026-09-22 13:15:00+00:00,25958,25968,25930,25935,484
2026-09-22 13:30:00+00:00,25932,25933,25848,25876,687
2026-09-22 13:45:00+00:00,25873,25887,25845,25852,567
2026-09-22 14:00:00+00:00,25852,25870,25804,25810,991
2026-09-22 14:15:00+00:00,25810,25835,25799,25800,481
2026-09-22 14:30:00+00:00,25805,25837,25752,25780,1438
2026-09-22 14:45:00+00:00,25778,25791,25757,25785,438
2026-09-22 15:00:00+00:00,25785,25813,25770,25809,774
2026-09-22 15:15:00+00:00,25809,25817,25782,25785,678
2026-09-22 15:30:00+00:00,25786,25795,25738,25738,1135
2026-09-22 15:45:00+00:00,25736,25767,25734,25766,281
2026-09-22 16:00:00+00:00,25766,25779,25763,25767,249
2026-09-22 16:15:00+00:00,25765,25766,25756,25763,162
2026-09-22 16:30:00+00:00,25764,25775,25759,25770,160
2026-09-22 16:45:00+00:00,25772,25814,25770,25802,341
2026-09-22 17:00:00+00:00,25797,25799,25782,25782,107
2026-09-22 17:15:00+00:00,25782,25788,25771,25788,74
2026-09-22 17:30:00+00:00,25787,25789,25779,25789,64
2026-09-22 17:45:00+00:00,25790,25848,25785,25846,635
2026-09-22 18:00:00+00:00,25848,25863,25836,25858,316
2026-09-22 18:15:00+00:00,25860,25869,25857,25860,264
2026-09-22 18:30:00+00:00,25859,25868,25842,25859,209
2026-09-22 18:45:00+00:00,25862,25866,25849,25853,123
2026-09-22 19:00:00+00:00,25851,25861,25845,25861,148
2026-09-22 19:15:00+00:00,25861,25875,25853,25866,329
2026-09-22 19:30:00+00:00,25869,25911,25869,25901,303
2026-09-22 19:45:00+00:00,25903,25904,25866,25866,375
2026-09-22 20:00:00+00:00,25878,25878,25878,25878,5
2026-09-23 00:15:00+00:00,25876,25882,25869,25869,25
2026-09-23 00:30:00+00:00,25862,25862,25862,25862,1
2026-09-23 00:45:00+00:00,25850,25850,25850,25850,1
2026-09-23 01:00:00+00:00,25845,25845,25843,25844,4
2026-09-23 01:15:00+00:00,25846,25846,25846,25846,2
2026-09-23 01:30:00+00:00,25854,25854,25849,25849,3
2026-09-23 01:45:00+00:00,25840,25840,25840,25840,1
2026-09-23 02:00:00+00:00,25846,25846,25839,25840,17
2026-09-23 02:15:00+00:00,25840,25847,25832,25839,20
2026-09-23 02:30:00+00:00,25842,25845,25842,25845,2
2026-09-23 02:45:00+00:00,25848,25848,25848,25848,1
2026-09-23 03:00:00+00:00,25852,25852,25852,25852,3
2026-09-23 03:30:00+00:00,25865,25865,25865,25865,1
2026-09-23 04:00:00+00:00,25873,25873,25873,25873,1
2026-09-23 04:15:00+00:00,25885,25885,25885,25885,1
2026-09-23 04:30:00+00:00,25886,25896,25883,25895,37
2026-09-23 04:45:00+00:00,25891,25897,25884,25884,33
2026-09-23 05:00:00+00:00,25884,25895,25880,25881,19
2026-09-23 05:15:00+00:00,25885,25885,25867,25879,26
2026-09-23 05:30:00+00:00,25875,25877,25867,25867,9
2026-09-23 05:45:00+00:00,25876,25879,25870,25879,16
2026-09-23 06:00:00+00:00,25880,25904,25873,25904,178
2026-09-23 06:15:00+00:00,25903,25910,25875,25899,181
2026-09-23 06:30:00+00:00,25900,25935,25900,25930,242
2026-09-23 06:45:00+00:00,25929,25929,25885,25891,310
2026-09-23 07:00:00+00:00,25890,25916,25800,25828,1455
2026-09-23 07:15:00+00:00,25827,25833,25754,25794,1050
2026-09-23 07:30:00+00:00,25794,25794,25740,25770,647
2026-09-23 07:45:00+00:00,25770,25804,25761,25790,449
2026-09-23 08:00:00+00:00,25789,25789,25721,25728,580
2026-09-23 08:15:00+00:00,25727,25743,25698,25714,579
2026-09-23 08:30:00+00:00,25712,25717,25669,25671,537
2026-09-23 08:45:00+00:00,25671,25701,25658,25686,623
2026-09-23 09:00:00+00:00,25684,25691,25652,25672,426
2026-09-23 09:15:00+00:00,25672,25693,25662,25662,307
2026-09-23 09:30:00+00:00,25663,25675,25644,25663,223
2026-09-23 09:45:00+00:00,25658,25659,25630,25645,291
2026-09-23 10:00:00+00:00,25645,25654,25628,25643,330
2026-09-23 10:15:00+00:00,25642,25663,25636,25653,305
2026-09-23 10:30:00+00:00,25652,25658,25625,25636,288
2026-09-23 10:45:00+00:00,25634,25643,25621,25627,266
2026-09-23 11:00:00+00:00,25625,25625,25590,25592,588
2026-09-23 11:15:00+00:00,25594,25603,25561,25578,494
2026-09-23 11:30:00+00:00,25575,25578,25543,25567,483
2026-09-23 11:45:00+00:00,25567,25603,25566,25603,669
2026-09-23 12:00:00+00:00,25599,25611,25553,25557,546
2026-09-23 12:15:00+00:00,25559,25582,25552,25568,407
2026-09-23 12:30:00+00:00,25565,25589,25554,25585,439
2026-09-23 12:45:00+00:00,25586,25629,25586,25628,575
2026-09-23 13:00:00+00:00,25627,25627,25589,25611,425
2026-09-23 13:15:00+00:00,25612,25643,25590,25632,604
2026-09-23 13:30:00+00:00,25638,25644,25585,25642,759
2026-09-23 13:45:00+00:00,25640,25643,25606,25637,631
2026-09-23 14:00:00+00:00,25626,25652,25622,25651,543
2026-09-23 14:15:00+00:00,25649,25662,25583,25597,741
2026-09-23 14:30:00+00:00,25602,25629,25583,25596,665
2026-09-23 14:45:00+00:00,25589,25642,25557,25616,1207
2026-09-23 15:00:00+00:00,25615,25617,25589,25589,412
2026-09-23 15:15:00+00:00,25586,25643,25584,25606,1035
2026-09-23 15:30:00+00:00,25608,25612,25584,25591,1152
2026-09-23 15:45:00+00:00,25592,25593,25562,25579,332
2026-09-23 16:00:00+00:00,25581,25581,25558,25566,173
2026-09-23 16:15:00+00:00,25565,25566,25547,25562,160
2026-09-23 16:30:00+00:00,25568,25568,25534,25534,160
2026-09-23 16:45:00+00:00,25533,25547,25454,25469,1164
2026-09-23 17:00:00+00:00,25468,25498,25459,25483,344
2026-09-23 17:15:00+00:00,25482,25500,25478,25481,227
2026-09-23 17:30:00+00:00,25481,25529,25468,25524,698
2026-09-23 17:45:00+00:00,25522,25545,25521,25542,162
2026-09-23 18:00:00+00:00,25544,25552,25530,25547,152
2026-09-23 18:15:00+00:00,25548,25558,25541,25545,159
2026-09-23 18:30:00+00:00,25546,25550,25528,25531,113
2026-09-23 18:45:00+00:00,25528,25554,25528,25554,96
2026-09-23 19:00:00+00:00,25553,25563,25538,25552,96
2026-09-23 19:15:00+00:00,25552,25554,25537,25538,101
2026-09-23 19:30:00+00:00,25540,25543,25530,25531,134
2026-09-23 19:45:00+00:00,25531,25546,25528,25543,417
2026-09-23 20:00:00+00:00,25535,25535,25535,25535,11
2026-09-24 00:15:00+00:00,25513,25527,25500,25518,86
2026-09-24 00:30:00+00:00,25523,25537,25520,25520,17
2026-09-24 00:45:00+00:00,25517,25517,25513,25513,3
2026-09-24 01:00:00+00:00,25525,25525,25510,25510,9
2026-09-24 01:15:00+00:00,25514,25516,25514,25516,3
2026-09-24 01:30:00+00:00,25516,25516,25505,25505,6
2026-09-24 01:45:00+00:00,25501,25501,25480,25482,17
2026-09-24 02:00:00+00:00,25498,25498,25485,25485,4
2026-09-24 02:15:00+00:00,25499,25499,25499,25499,1
2026-09-24 02:45:00+00:00,25527,25529,25518,25518,5
2026-09-24 03:00:00+00:00,25501,25501,25501,25501,1
2026-09-24 03:15:00+00:00,25504,25511,25503,25504,4
2026-09-24 03:30:00+00:00,25504,25504,25497,25501,3
2026-09-24 04:00:00+00:00,25496,25496,25481,25481,16
2026-09-24 04:15:00+00:00,25482,25492,25482,25492,4
2026-09-24 04:30:00+00:00,25514,25520,25514,25514,5
2026-09-24 04:45:00+00:00,25512,25513,25508,25511,11
2026-09-24 05:00:00+00:00,25519,25536,25518,25518,26
2026-09-24 05:15:00+00:00,25526,25534,25522,25534,11
2026-09-24 05:30:00+00:00,25532,25532,25510,25516,11
2026-09-24 05:45:00+00:00,25509,25510,25472,25472,89
2026-09-24 06:00:00+00:00,25471,25515,25469,25511,280
2026-09-24 06:15:00+00:00,25513,25516,25487,25488,142
2026-09-24 06:30:00+00:00,25486,25486,25458,25474,265
2026-09-24 06:45:00+00:00,25479,25515,25473,25498,304
2026-09-24 07:00:00+00:00,25500,25534,25434,25532,1460
2026-09-24 07:15:00+00:00,25530,25570,25509,25570,685
2026-09-24 07:30:00+00:00,25568,25575,25537,25565,596
2026-09-24 07:45:00+00:00,25562,25569,25480,25485,421
2026-09-24 08:00:00+00:00,25485,25501,25363,25366,1070
2026-09-24 08:15:00+00:00,25369,25400,25337,25345,1173
2026-09-24 08:30:00+00:00,25344,25405,25340,25390,930
2026-09-24 08:45:00+00:00,25390,25406,25367,25401,557
2026-09-24 09:00:00+00:00,25405,25480,25403,25466,658
2026-09-24 09:15:00+00:00,25466,25483,25443,25456,376
2026-09-24 09:30:00+00:00,25462,25476,25424,25425,493
2026-09-24 09:45:00+00:00,25426,25483,25424,25480,351
2026-09-24 10:00:00+00:00,25479,25487,25451,25481,395
2026-09-24 10:15:00+00:00,25482,25522,25482,25493,594
2026-09-24 10:30:00+00:00,25491,25532,25474,25530,409
2026-09-24 10:45:00+00:00,25533,25556,25518,25540,500
2026-09-24 11:00:00+00:00,25538,25549,25508,25536,410
2026-09-24 11:15:00+00:00,25533,25563,25504,25504,796
2026-09-24 11:30:00+00:00,25505,25519,25487,25497,177
2026-09-24 11:45:00+00:00,25498,25546,25486,25543,377
2026-09-24 12:00:00+00:00,25540,25548,25510,25535,465
2026-09-24 12:15:00+00:00,25532,25545,25521,25525,334
2026-09-24 12:30:00+00:00,25527,25540,25489,25532,279
2026-09-24 12:45:00+00:00,25534,25553,25506,25547,233
2026-09-24 13:00:00+00:00,25549,25567,25532,25565,316
2026-09-24 13:15:00+00:00,25564,25589,25564,25588,390
2026-09-24 13:30:00+00:00,25589,25605,25545,25550,625
2026-09-24 13:45:00+00:00,25547,25575,25538,25564,426
2026-09-24 14:00:00+00:00,25567,25573,25541,25547,315
2026-09-24 14:15:00+00:00,25549,25563,25532,25553,355
2026-09-24 14:30:00+00:00,25553,25558,25506,25506,341
2026-09-24 14:45:00+00:00,25505,25517,25465,25467,501
2026-09-24 15:00:00+00:00,25466,25477,25428,25428,741
2026-09-24 15:15:00+00:00,25429,25461,25424,25431,1364
2026-09-24 15:30:00+00:00,25431,25450,25420,25449,1737
2026-09-24 15:45:00+00:00,25451,25470,25443,25458,289
2026-09-24 16:00:00+00:00,25458,25470,25441,25470,226
2026-09-24 16:15:00+00:00,25471,25631,25468,25582,1732
2026-09-24 16:30:00+00:00,25581,25636,25563,25606,392
2026-09-24 16:45:00+00:00,25599,25616,25588,25588,386
2026-09-24 17:00:00+00:00,25586,25606,25573,25595,334
2026-09-24 17:15:00+00:00,25589,25592,25550,25560,168
2026-09-24 17:30:00+00:00,25562,25573,25532,25538,149
2026-09-24 17:45:00+00:00,25535,25561,25535,25560,213
2026-09-24 18:00:00+00:00,25555,25555,25511,25555,167
2026-09-24 18:15:00+00:00,25556,25568,25540,25562,151
2026-09-24 18:30:00+00:00,25562,25594,25544,25563,312
2026-09-24 18:45:00+00:00,25565,25578,25558,25569,75
2026-09-24 19:00:00+00:00,25571,25574,25541,25543,274
2026-09-24 19:15:00+00:00,25543,25559,25542,25555,92
2026-09-24 19:30:00+00:00,25556,25569,25552,25560,113
2026-09-24 19:45:00+00:00,25559,25570,25558,25566,180
2026-09-24 20:00:00+00:00,25561,25561,25561,25561,8
2026-09-25 00:15:00+00:00,25520,25541,25516,25541,18
2026-09-25 00:30:00+00:00,25537,25538,25526,25530,18
2026-09-25 00:45:00+00:00,25534,25534,25529,25529,2
2026-09-25 01:00:00+00:00,25520,25527,25520,25525,3
2026-09-25 01:15:00+00:00,25570,25577,25570,25577,3
2026-09-25 01:30:00+00:00,25546,25546,25546,25546,1
2026-09-25 01:45:00+00:00,25562,25562,25557,25557,2
2026-09-25 02:00:00+00:00,25560,25560,25558,25558,2
2026-09-25 02:15:00+00:00,25564,25570,25559,25560,8
2026-09-25 02:30:00+00:00,25556,25556,25544,25544,2
2026-09-25 02:45:00+00:00,25559,25560,25550,25560,3
2026-09-25 03:00:00+00:00,25569,25576,25561,25576,8
2026-09-25 03:15:00+00:00,25582,25582,25582,25582,1
2026-09-25 03:30:00+00:00,25575,25575,25575,25575,1
2026-09-25 03:45:00+00:00,25572,25572,25572,25572,1
2026-09-25 04:00:00+00:00,25577,25577,25572,25572,2
2026-09-25 04:15:00+00:00,25575,25575,25575,25575,1
2026-09-25 04:30:00+00:00,25571,25576,25566,25572,31
2026-09-25 04:45:00+00:00,25571,25573,25564,25566,19
2026-09-25 05:00:00+00:00,25567,25578,25565,25578,24
2026-09-25 05:15:00+00:00,25579,25580,25569,25574,6
2026-09-25 05:30:00+00:00,25585,25609,25585,25609,34
2026-09-25 05:45:00+00:00,25617,25621,25611,25614,40
2026-09-25 06:00:00+00:00,25609,25645,25605,25643,259
2026-09-25 06:15:00+00:00,25640,25653,25627,25632,286
2026-09-25 06:30:00+00:00,25630,25658,25630,25649,245
2026-09-25 06:45:00+00:00,25647,25657,25601,25602,441
2026-09-25 07:00:00+00:00,25604,25645,25586,25605,1173
2026-09-25 07:15:00+00:00,25603,25621,25569,25619,752
2026-09-25 07:30:00+00:00,25619,25626,25573,25592,472
2026-09-25 07:45:00+00:00,25596,25602,25573,25582,349
2026-09-25 08:00:00+00:00,25584,25614,25554,25601,470
2026-09-25 08:15:00+00:00,25600,25659,25591,25657,297
2026-09-25 08:30:00+00:00,25656,25680,25647,25676,564
2026-09-25 08:45:00+00:00,25680,25706,25668,25687,557
2026-09-25 09:00:00+00:00,25686,25695,25676,25681,322
2026-09-25 09:15:00+00:00,25677,25694,25636,25644,416
2026-09-25 09:30:00+00:00,25645,25655,25625,25633,273
2026-09-25 09:45:00+00:00,25634,25669,25627,25655,568
2026-09-25 10:00:00+00:00,25653,25663,25626,25654,268
2026-09-25 10:15:00+00:00,25649,25652,25629,25635,216
2026-09-25 10:30:00+00:00,25634,25637,25584,25589,353
2026-09-25 10:45:00+00:00,25587,25611,25581,25608,334
2026-09-25 11:00:00+00:00,25607,25651,25591,25641,633
2026-09-25 11:15:00+00:00,25644,25655,25627,25633,243
2026-09-25 11:30:00+00:00,25632,25657,25616,25629,329
2026-09-25 11:45:00+00:00,25631,25643,25616,25618,168
2026-09-25 12:00:00+00:00,25619,25621,25597,25606,259
2026-09-25 12:15:00+00:00,25605,25626,25584,25618,168
2026-09-25 12:30:00+00:00,25615,25654,25614,25641,361
2026-09-25 12:45:00+00:00,25637,25665,25616,25621,584
2026-09-25 13:00:00+00:00,25620,25655,25611,25642,149
2026-09-25 13:15:00+00:00,25638,25638,25590,25608,276
2026-09-25 13:30:00+00:00,25606,25632,25598,25617,351
2026-09-25 13:45:00+00:00,25607,25618,25586,25607,237
2026-09-25 14:00:00+00:00,25607,25610,25525,25535,750
2026-09-25 14:15:00+00:00,25531,25565,25522,25553,404
2026-09-25 14:30:00+00:00,25554,25558,25524,25539,386
2026-09-25 14:45:00+00:00,25543,25560,25520,25552,436
2026-09-25 15:00:00+00:00,25557,25583,25542,25566,630
2026-09-25 15:15:00+00:00,25568,25580,25553,25573,938
2026-09-25 15:30:00+00:00,25573,25604,25567,25567,1848
2026-09-25 15:45:00+00:00,25565,25644,25563,25642,643
2026-09-25 16:00:00+00:00,25644,25737,25639,25735,1117
2026-09-25 16:15:00+00:00,25736,25749,25701,25729,670
2026-09-25 16:30:00+00:00,25730,25733,25687,25715,904
2026-09-25 16:45:00+00:00,25706,25715,25675,25692,558
2026-09-25 17:00:00+00:00,25689,25720,25687,25720,244
2026-09-25 17:15:00+00:00,25722,25730,25715,25720,102
2026-09-25 17:30:00+00:00,25721,25728,25701,25719,173
2026-09-25 17:45:00+00:00,25716,25718,25705,25715,169
2026-09-25 18:00:00+00:00,25720,25726,25713,25726,84
2026-09-25 18:15:00+00:00,25728,25732,25705,25726,260
2026-09-25 18:30:00+00:00,25726,25737,25717,25728,131
2026-09-25 18:45:00+00:00,25730,25733,25726,25730,137
2026-09-25 19:00:00+00:00,25732,25740,25715,25721,296
2026-09-25 19:15:00+00:00,25720,25720,25700,25702,118
2026-09-25 19:30:00+00:00,25702,25726,25698,25717,306
2026-09-25 19:45:00+00:00,25718,25729,25712,25723,339
2026-09-25 20:00:00+00:00,25732,25732,25732,25732,8
2026-09-28 00:15:00+00:00,25665,25671,25654,25661,71
2026-09-28 00:30:00+00:00,25661,25666,25654,25657,15
2026-09-28 00:45:00+00:00,25669,25669,25659,25662,8
2026-09-28 01:00:00+00:00,25658,25663,25656,25659,15
2026-09-28 01:15:00+00:00,25655,25655,25650,25650,3
2026-09-28 01:30:00+00:00,25670,25670,25670,25670,1
2026-09-28 01:45:00+00:00,25652,25660,25652,25653,3
2026-09-28 02:00:00+00:00,25652,25652,25628,25642,7
2026-09-28 02:15:00+00:00,25647,25658,25639,25658,12
2026-09-28 02:30:00+00:00,25660,25660,25660,25660,2
2026-09-28 02:45:00+00:00,25655,25655,25651,25651,2
2026-09-28 03:00:00+00:00,25660,25669,25655,25663,39
2026-09-28 03:15:00+00:00,25662,25665,25643,25645,19
2026-09-28 03:30:00+00:00,25642,25642,25623,25642,139
2026-09-28 03:45:00+00:00,25641,25641,25636,25637,5
2026-09-28 04:00:00+00:00,25624,25643,25620,25643,18
2026-09-28 04:15:00+00:00,25643,25656,25643,25653,113
2026-09-28 04:30:00+00:00,25653,25654,25646,25646,11
2026-09-28 04:45:00+00:00,25641,25642,25639,25641,9
2026-09-28 05:00:00+00:00,25637,25648,25623,25623,13
2026-09-28 05:15:00+00:00,25615,25620,25610,25619,31
2026-09-28 05:30:00+00:00,25620,25625,25603,25606,67
2026-09-28 05:45:00+00:00,25606,25608,25597,25599,45
