,Open,High,Low,Close,Volume
2023-06-16 08:00:00+00:00,16470,16515,16445,16494,21413
2023-06-16 12:00:00+00:00,16494,16572,16355,16504,25793
2023-06-16 16:00:00+00:00,16504,16519,16455,16472,5288
2023-06-16 20:00:00+00:00,16473,16481,16473,16481,17
2023-06-19 00:00:00+00:00,16463,16463,16408,16411,1039
2023-06-19 04:00:00+00:00,16411,16443,16396,16400,11292
2023-06-19 08:00:00+00:00,16399,16422,16369,16381,10874
2023-06-19 12:00:00+00:00,16381,16386,16327,16354,13568
2023-06-19 16:00:00+00:00,16354,16360,16343,16352,1827
2023-06-19 20:00:00+00:00,16355,16355,16355,16355,3
2023-06-20 00:00:00+00:00,16340,16354,16329,16337,574
2023-06-20 04:00:00+00:00,16337,16344,16233,16293,12291
2023-06-20 08:00:00+00:00,16294,16301,16205,16281,12897
2023-06-20 12:00:00+00:00,16282,16324,16245,16258,17889
2023-06-20 16:00:00+00:00,16259,16294,16259,16274,5562
2023-06-20 20:00:00+00:00,16265,16265,16265,16265,3
2023-06-21 00:00:00+00:00,16283,16295,16274,16283,348
2023-06-21 04:00:00+00:00,16283,16293,16210,16262,10620
2023-06-21 08:00:00+00:00,16263,16287,16216,16223,11147
2023-06-21 12:00:00+00:00,16223,16223,16137,16168,23726
2023-06-21 16:00:00+00:00,16168,16190,16141,16141,6854
2023-06-21 20:00:00+00:00,16148,16148,16148,16148,28
2023-06-22 00:00:00+00:00,16145,16146,16071,16087,1075
2023-06-22 04:00:00+00:00,16085,16086,15938,16001,23350
2023-06-22 08:00:00+00:00,16004,16076,15990,16072,17951
2023-06-22 12:00:00+00:00,16073,16129,16049,16127,20989
2023-06-22 16:00:00+00:00,16126,16137,16088,16113,6149
2023-06-22 20:00:00+00:00,16119,16119,16119,16119,21
2023-06-23 00:00:00+00:00,16103,16111,16000,16002,1273
2023-06-23 04:00:00+00:00,16004,16042,15933,15989,18691
2023-06-23 08:00:00+00:00,15990,16028,15982,15982,13190
2023-06-23 12:00:00+00:00,15983,16002,15855,15979,29637
2023-06-23 16:00:00+00:00,15980,15997,15941,15953,7549
2023-06-23 20:00:00+00:00,15966,15966,15966,15966,17
2023-06-26 00:00:00+00:00,15980,16007,15973,15989,832
2023-06-26 04:00:00+00:00,15989,16004,15836,15926,15334
2023-06-26 08:00:00+00:00,15925,15937,15833,15920,15379
2023-06-26 12:00:00+00:00,15920,15988,15907,15956,19650
2023-06-26 16:00:00+00:00,15956,15962,15932,15940,5796
2023-06-26 20:00:00+00:00,15936,15936,15936,15936,19
2023-06-27 00:00:00+00:00,15953,15970,15939,15956,600
2023-06-27 04:00:00+00:00,15956,16025,15936,15947,11365
2023-06-27 08:00:00+00:00,15948,15957,15893,15904,12682
2023-06-27 12:00:00+00:00,15904,15993,15879,15988,20256
2023-06-27 16:00:00+00:00,15987,16051,15982,16026,6843
2023-06-27 20:00:00+00:00,16025,16025,16023,16023,7
2023-06-28 00:00:00+00:00,16017,16028,15995,16027,579
2023-06-28 04:00:00+00:00,16025,16095,16014,16059,13028
2023-06-28 08:00:00+00:00,16060,16117,16060,16088,13058
2023-06-28 12:00:00+00:00,16089,16121,16060,16089,19024
2023-06-28 16:00:00+00:00,16087,16107,16057,16087,5683
2023-06-28 20:00:00+00:00,16104,16104,16104,16104,9
2023-06-29 00:00:00+00:00,16110,16120,16072,16081,723
2023-06-29 04:00:00+00:00,16080,16096,16049,16054,8768
2023-06-29 08:00:00+00:00,16055,16120,16044,16108,12909
2023-06-29 12:00:00+00:00,16109,16117,16038,16073,19964
2023-06-29 16:00:00+00:00,16073,16084,16051,16083,5010
2023-06-29 20:00:00+00:00,16078,16078,16078,16078,11
2023-06-30 00:00:00+00:00,16062,16099,16054,16076,786
2023-06-30 04:00:00+00:00,16077,16154,16073,16143,10571
2023-06-30 08:00:00+00:00,16144,16262,16143,16251,21887
2023-06-30 12:00:00+00:00,16250,16298,16240,16281,26770
2023-06-30 16:00:00+00:00,16281,16308,16278,16308,5872
2023-06-30 20:00:00+00:00,16299,16299,16299,16299,31
2023-07-03 00:00:00+00:00,16296,16323,16291,16319,771
2023-07-03 04:00:00+00:00,16318,16332,16281,16318,10254
2023-07-03 08:00:00+00:00,16319,16324,16237,16241,11069
2023-07-03 12:00:00+00:00,16242,16258,16189,16222,18271
2023-07-03 16:00:00+00:00,16223,16232,16216,16227,2412
2023-07-03 20:00:00+00:00,16228,16228,16228,16228,23
2023-07-04 00:00:00+00:00,16227,16227,16206,16221,487
2023-07-04 04:00:00+00:00,16218,16224,16177,16214,7583
2023-07-04 08:00:00+00:00,16214,16222,16138,16173,10313
2023-07-04 12:00:00+00:00,16173,16181,16143,16149,10838
2023-07-04 16:00:00+00:00,16150,16159,16139,16151,1658
2023-07-04 20:00:00+00:00,16154,16154,16154,16154,5
2023-07-05 00:00:00+00:00,16145,16151,16128,16136,583
2023-07-05 04:00:00+00:00,16136,16136,16037,16059,14421
2023-07-05 08:00:00+00:00,16057,16088,16042,16059,11151
2023-07-05 12:00:00+00:00,16058,16069,16015,16034,21494
2023-07-05 16:00:00+00:00,16033,16050,16021,16039,5082
2023-07-05 20:00:00+00:00,16035,16035,16035,16035,10
2023-07-06 00:00:00+00:00,16016,16030,15977,15978,1043
2023-07-06 04:00:00+00:00,15977,15980,15895,15905,14461
2023-07-06 08:00:00+00:00,15907,15922,15844,15849,17102
2023-07-06 12:00:00+00:00,15849,15851,15600,15645,45656
2023-07-06 16:00:00+00:00,15645,15676,15641,15656,8185
2023-07-06 20:00:00+00:00,15656,15656,15656,15656,24
2023-07-07 00:00:00+00:00,15623,15683,15620,15669,1583
2023-07-07 04:00:00+00:00,15668,15681,15559,15608,16328
2023-07-07 08:00:00+00:00,15609,15723,15570,15710,19355
2023-07-07 12:00:00+00:00,15709,15769,15671,15702,23205
2023-07-07 16:00:00+00:00,15703,15805,15703,15731,9129
2023-07-07 20:00:00+00:00,15733,15737,15731,15737,17
2023-07-10 00:00:00+00:00,15732,15741,15690,15695,1433
2023-07-10 04:00:00+00:00,15696,15718,15648,15710,12316
2023-07-10 08:00:00+00:00,15712,15803,15708,15799,13190
2023-07-10 12:00:00+00:00,15799,15829,15746,15766,19916
2023-07-10 16:00:00+00:00,15765,15795,15743,15795,4183
2023-07-10 20:00:00+00:00,15795,15795,15793,15793,4
2023-07-11 00:00:00+00:00,15794,15829,15793,15822,799
2023-07-11 04:00:00+00:00,15820,15892,15795,15800,12620
2023-07-11 08:00:00+00:00,15799,15870,15761,15866,14751
2023-07-11 12:00:00+00:00,15867,15915,15860,15904,22786
2023-07-11 16:00:00+00:00,15905,15942,15898,15936,6670
2023-07-11 20:00:00+00:00,15932,15932,15932,15932,6
2023-07-12 00:00:00+00:00,15935,15944,15918,15940,561
2023-07-12 04:00:00+00:00,15941,15978,15909,15974,9347
2023-07-12 08:00:00+00:00,15975,16047,15973,16046,17467
2023-07-12 12:00:00+00:00,16045,16150,16012,16107,33837
2023-07-12 16:00:00+00:00,16107,16125,16083,16111,6720
2023-07-12 20:00:00+00:00,16131,16131,16131,16131,25
2023-07-13 00:00:00+00:00,16128,16151,16128,16148,853
2023-07-13 04:00:00+00:00,16148,16167,16098,16151,10444
2023-07-13 08:00:00+00:00,16150,16232,16134,16225,20738
2023-07-13 12:00:00+00:00,16226,16292,16207,16255,22326
2023-07-13 16:00:00+00:00,16255,16275,16235,16262,5217
2023-07-13 20:00:00+00:00,16261,16261,16261,16261,8
2023-07-14 00:00:00+00:00,16258,16258,16215,16241,777
2023-07-14 04:00:00+00:00,16241,16249,16199,16209,8321
2023-07-14 08:00:00+00:00,16208,16227,16170,16218,14046
2023-07-14 12:00:00+00:00,16218,16251,16187,16201,17769
2023-07-14 16:00:00+00:00,16201,16201,16167,16180,4966
2023-07-14 20:00:00+00:00,16175,16175,16175,16175,6
2023-07-17 00:00:00+00:00,16157,16165,16142,16148,561
2023-07-17 04:00:00+00:00,16149,16193,16108,16189,10373
2023-07-17 08:00:00+00:00,16190,16204,16092,16096,13074
2023-07-17 12:00:00+00:00,16096,16184,16094,16182,14863
2023-07-17 16:00:00+00:00,16183,16211,16180,16188,3936
2023-07-17 20:00:00+00:00,16192,16192,16192,16192,13
2023-07-18 00:00:00+00:00,16181,16190,16156,16172,620
2023-07-18 04:00:00+00:00,16172,16185,16126,16166,8345
2023-07-18 08:00:00+00:00,16168,16196,16130,16147,10775
2023-07-18 12:00:00+00:00,16147,16238,16132,16236,15981
2023-07-18 16:00:00+00:00,16236,16254,16214,16247,5200
2023-07-18 20:00:00+00:00,16240,16240,16240,16240,11
2023-07-19 00:00:00+00:00,16237,16249,16214,16217,850
2023-07-19 04:00:00+00:00,16217,16341,16215,16226,14653
2023-07-19 08:00:00+00:00,16226,16273,16201,16204,11635
2023-07-19 12:00:00+00:00,16205,16250,16168,16220,16976
2023-07-19 16:00:00+00:00,16221,16231,16193,16207,5045
2023-07-19 20:00:00+00:00,16217,16217,16217,16217,20
2023-07-20 00:00:00+00:00,16199,16213,16191,16202,687
2023-07-20 04:00:00+00:00,16204,16222,16142,16221,11023
2023-07-20 08:00:00+00:00,16220,16270,16215,16251,11807
2023-07-20 12:00:00+00:00,16251,16314,16224,16312,18808
2023-07-20 16:00:00+00:00,16314,16330,16184,16224,10049
2023-07-20 20:00:00+00:00,16224,16230,16224,16230,9
2023-07-21 00:00:00+00:00,16221,16228,16202,16220,766
2023-07-21 04:00:00+00:00,16216,16255,16194,16203,10154
2023-07-21 08:00:00+00:00,16202,16247,16197,16199,12118
2023-07-21 12:00:00+00:00,16199,16278,16197,16268,15821
2023-07-21 16:00:00+00:00,16268,16282,16245,16263,4531
2023-07-21 20:00:00+00:00,16269,16269,16269,16269,6
2023-07-24 00:00:00+00:00,16259,16259,16225,16233,935
2023-07-24 04:00:00+00:00,16233,16279,16203,16269,10616
2023-07-24 08:00:00+00:00,16268,16304,16241,16255,11398
2023-07-24 12:00:00+00:00,16254,16292,16231,16285,13891
2023-07-24 16:00:00+00:00,16285,16298,16262,16274,5228
2023-07-24 20:00:00+00:00,16278,16278,16278,16278,2
2023-07-25 00:00:00+00:00,16258,16264,16247,16253,900
2023-07-25 04:00:00+00:00,16252,16314,16221,16245,12434
2023-07-25 08:00:00+00:00,16245,16318,16240,16300,12679
2023-07-25 12:00:00+00:00,16301,16315,16231,16302,16864
2023-07-25 16:00:00+00:00,16302,16324,16289,16307,5656
2023-07-25 20:00:00+00:00,16320,16320,16320,16320,30
2023-07-26 00:00:00+00:00,16305,16335,16292,16326,1069
2023-07-26 04:00:00+00:00,16325,16330,16249,16259,16291
2023-07-26 08:00:00+00:00,16261,16263,16148,16158,20591
2023-07-26 12:00:00+00:00,16159,16235,16085,16234,24055
2023-07-26 16:00:00+00:00,16233,16273,16190,16229,10434
2023-07-26 20:00:00+00:00,16225,16225,16225,16225,13
2023-07-27 00:00:00+00:00,16218,16262,16218,16256,970
2023-07-27 04:00:00+00:00,16256,16302,16214,16289,11517
2023-07-27 08:00:00+00:00,16290,16406,16289,16404,17726
2023-07-27 12:00:00+00:00,16404,16517,16382,16507,32134
2023-07-27 16:00:00+00:00,16507,16533,16385,16411,12618
2023-07-27 20:00:00+00:00,16438,16438,16438,16438,22
2023-07-28 00:00:00+00:00,16430,16491,16409,16433,1653
2023-07-28 04:00:00+00:00,16433,16490,16399,16462,13166
2023-07-28 08:00:00+00:00,16461,16516,16420,16497,11828
2023-07-28 12:00:00+00:00,16496,16576,16491,16562,20306
2023-07-28 16:00:00+00:00,16562,16562,16513,16546,5201
2023-07-28 20:00:00+00:00,16539,16539,16539,16539,12
2023-07-31 00:00:00+00:00,16558,16574,16512,16517,1378
2023-07-31 04:00:00+00:00,16515,16558,16505,16545,9109
2023-07-31 08:00:00+00:00,16546,16615,16544,16584,12198
2023-07-31 12:00:00+00:00,16584,16606,16525,16530,15342
2023-07-31 16:00:00+00:00,16530,16550,16523,16547,3612
2023-07-31 20:00:00+00:00,16552,16552,16552,16552,23
2023-08-01 00:00:00+00:00,16552,16561,16536,16540,927
2023-08-01 04:00:00+00:00,16542,16547,16443,16454,8643
2023-08-01 08:00:00+00:00,16455,16455,16354,16377,18393
2023-08-01 12:00:00+00:00,16378,16413,16305,16324,20619
2023-08-01 16:00:00+00:00,16325,16346,16309,16333,4813
2023-08-01 20:00:00+00:00,16327,16327,16327,16327,16
2023-08-02 00:00:00+00:00,16274,16305,16239,16240,1923
2023-08-02 04:00:00+00:00,16242,16242,16087,16106,18760
2023-08-02 08:00:00+00:00,16105,16223,16029,16177,22953
2023-08-02 12:00:00+00:00,16177,16200,16069,16082,23194
2023-08-02 16:00:00+00:00,16081,16101,16047,16070,6019
2023-08-02 20:00:00+00:00,16070,16070,16070,16070,3
2023-08-03 00:00:00+00:00,16082,16123,16052,16091,1531
2023-08-03 04:00:00+00:00,16090,16093,15883,15885,18822
2023-08-03 08:00:00+00:00,15885,15994,15877,15948,15051
2023-08-03 12:00:00+00:00,15949,15985,15906,15974,17838
2023-08-03 16:00:00+00:00,15974,16015,15961,15971,5480
2023-08-03 20:00:00+00:00,15962,16015,15960,16015,37
2023-08-04 00:00:00+00:00,15993,16012,15969,15986,1443
2023-08-04 04:00:00+00:00,15989,16052,15942,16019,12338
2023-08-04 08:00:00+00:00,16020,16046,15853,15876,17026
2023-08-04 12:00:00+00:00,15876,16036,15850,16027,22851
2023-08-04 16:00:00+00:00,16027,16042,15892,15908,7887
2023-08-04 20:00:00+00:00,15924,15924,15924,15924,24
2023-08-07 00:00:00+00:00,15940,15974,15931,15965,849
2023-08-07 04:00:00+00:00,15964,16031,15929,16027,9464
2023-08-07 08:00:00+00:00,16026,16032,15888,15960,15106
2023-08-07 12:00:00+00:00,15959,16039,15946,16036,15823
2023-08-07 16:00:00+00:00,16036,16057,16018,16053,3949
2023-08-07 20:00:00+00:00,16050,16050,16050,16050,6
2023-08-08 00:00:00+00:00,16045,16054,15989,15995,1199
2023-08-08 04:00:00+00:00,15994,16007,15904,16006,12345
2023-08-08 08:00:00+00:00,16006,16015,15769,15816,24221
2023-08-08 12:00:00+00:00,15816,15855,15790,15835,20092
2023-08-08 16:00:00+00:00,15836,15907,15834,15901,7232
2023-08-08 20:00:00+00:00,15899,15899,15899,15899,4
2023-08-09 00:00:00+00:00,15903,15929,15899,15927,768
2023-08-09 04:00:00+00:00,15928,16006,15923,15997,12757
2023-08-09 08:00:00+00:00,15997,16048,15980,15987,14961
2023-08-09 12:00:00+00:00,15988,16000,15891,15902,20496
2023-08-09 16:00:00+00:00,15899,15993,15899,15939,6903
2023-08-09 20:00:00+00:00,15948,15948,15948,15948,17
2023-08-10 00:00:00+00:00,15957,16007,15938,16003,976
2023-08-10 04:00:00+00:00,16004,16073,15953,16013,14433
2023-08-10 08:00:00+00:00,16012,16024,15948,15948,12369
2023-08-10 12:00:00+00:00,15947,16123,15933,16029,29476
2023-08-10 16:00:00+00:00,16027,16036,15972,15998,8818
2023-08-10 20:00:00+00:00,16001,16001,16001,16001,8
2023-08-11 00:00:00+00:00,16026,16033,15988,15992,677
2023-08-11 04:00:00+00:00,15988,16023,15975,15977,10427
2023-08-11 08:00:00+00:00,15977,16013,15927,15949,14998
2023-08-11 12:00:00+00:00,15949,15959,15856,15909,22057
2023-08-11 16:00:00+00:00,15909,15916,15883,15911,5142
2023-08-11 20:00:00+00:00,15905,15905,15905,15905,20
2023-08-14 00:00:00+00:00,15924,15931,15807,15831,1416
2023-08-14 04:00:00+00:00,15829,15979,15813,15963,11336
2023-08-14 08:00:00+00:00,15962,15996,15931,15945,12488
2023-08-14 12:00:00+00:00,15945,15971,15872,15957,17478
2023-08-14 16:00:00+00:00,15957,15979,15937,15978,3957
2023-08-14 20:00:00+00:00,15979,15979,15979,15979,8
2023-08-15 00:00:00+00:00,15987,16009,15978,16001,1174
2023-08-15 04:00:00+00:00,16000,16017,15846,15850,12656
2023-08-15 08:00:00+00:00,15851,15874,15753,15787,20433
2023-08-15 12:00:00+00:00,15787,15864,15780,15827,19686
2023-08-15 16:00:00+00:00,15828,15831,15768,15791,6981
2023-08-15 20:00:00+00:00,15793,15793,15793,15793,19
2023-08-16 00:00:00+00:00,15792,15800,15731,15768,1568
2023-08-16 04:00:00+00:00,15769,15860,15721,15835,13436
2023-08-16 08:00:00+00:00,15836,15868,15812,15848,12110
2023-08-16 12:00:00+00:00,15850,15858,15800,15826,13109
2023-08-16 16:00:00+00:00,15826,15833,15769,15770,7625
2023-08-16 20:00:00+00:00,15782,15782,15782,15782,18
2023-08-17 00:00:00+00:00,15760,15760,15679,15739,1959
2023-08-17 04:00:00+00:00,15741,15789,15700,15765,12104
2023-08-17 08:00:00+00:00,15766,15843,15761,15829,11078
2023-08-17 12:00:00+00:00,15828,15829,15706,15721,21623
2023-08-17 16:00:00+00:00,15721,15746,15647,15659,7658
2023-08-17 20:00:00+00:00,15660,15660,15660,15660,12
2023-08-18 00:00:00+00:00,15663,15708,15644,15673,1628
2023-08-18 04:00:00+00:00,15674,15693,15556,15582,14650
2023-08-18 08:00:00+00:00,15582,15649,15551,15563,19709
2023-08-18 12:00:00+00:00,15564,15644,15511,15634,23443
2023-08-18 16:00:00+00:00,15632,15653,15601,15630,4945
2023-08-18 20:00:00+00:00,15640,15640,15640,15640,19
2023-08-21 00:00:00+00:00,15640,15653,15606,15638,1298
2023-08-21 04:00:00+00:00,15637,15727,15605,15723,10901
2023-08-21 08:00:00+00:00,15723,15756,15694,15736,13529
2023-08-21 12:00:00+00:00,15736,15743,15621,15627,17058
2023-08-21 16:00:00+00:00,15627,15715,15625,15697,5092
2023-08-21 20:00:00+00:00,15691,15691,15691,15691,6
2023-08-22 00:00:00+00:00,15687,15704,15672,15700,926
2023-08-22 04:00:00+00:00,15698,15808,15688,15793,11460
2023-08-22 08:00:00+00:00,15794,15833,15771,15826,13198
2023-08-22 12:00:00+00:00,15826,15840,15730,15736,16640
2023-08-22 16:00:00+00:00,15735,15753,15714,15733,5421
2023-08-22 20:00:00+00:00,15725,15725,15725,15725,17
2023-08-23 00:00:00+00:00,15738,15801,15738,15787,809
2023-08-23 04:00:00+00:00,15786,15866,15771,15785,12852
2023-08-23 08:00:00+00:00,15785,15839,15726,15754,14597
2023-08-23 12:00:00+00:00,15753,15776,15711,15757,16006
2023-08-23 16:00:00+00:00,15757,15796,15751,15783,4161
2023-08-23 20:00:00+00:00,15782,15784,15782,15784,7
2023-08-24 00:00:00+00:00,15828,15845,15805,15836,967
2023-08-24 04:00:00+00:00,15835,15935,15833,15876,14658
2023-08-24 08:00:00+00:00,15876,15904,15775,15786,12710
2023-08-24 12:00:00+00:00,15786,15786,15620,15623,22127
2023-08-24 16:00:00+00:00,15623,15680,15596,15603,6508
2023-08-24 20:00:00+00:00,15603,15603,15587,15587,24
2023-08-25 00:00:00+00:00,15624,15641,15615,15632,1070
2023-08-25 04:00:00+00:00,15632,15680,15592,15659,11344
2023-08-25 08:00:00+00:00,15659,15746,15658,15730,15281
2023-08-25 12:00:00+00:00,15730,15775,15628,15660,21383
2023-08-25 16:00:00+00:00,15659,15736,15658,15721,5516
2023-08-25 20:00:00+00:00,15730,15730,15730,15730,17
2023-08-28 00:00:00+00:00,15728,15764,15721,15752,755
2023-08-28 04:00:00+00:00,15751,15803,15739,15756,8906
2023-08-28 08:00:00+00:00,15756,15770,15704,15762,9166
2023-08-28 12:00:00+00:00,15763,15841,15761,15832,20072
2023-08-28 16:00:00+00:00,15831,15858,15816,15845,4672
2023-08-28 20:00:00+00:00,15854,15854,15854,15854,8
2023-08-29 00:00:00+00:00,15848,15860,15819,15857,647
2023-08-29 04:00:00+00:00,15858,15927,15833,15838,10501
2023-08-29 08:00:00+00:00,15839,15919,15834,15874,11656
2023-08-29 12:00:00+00:00,15873,15983,15837,15980,20741
2023-08-29 16:00:00+00:00,15979,15999,15964,15998,4831
2023-08-29 20:00:00+00:00,16002,16002,16002,16002,16
2023-08-30 00:00:00+00:00,15998,16036,15998,16020,889
2023-08-30 04:00:00+00:00,16019,16020,15937,15980,9227
2023-08-30 08:00:00+00:00,15981,15992,15851,15913,15178
2023-08-30 12:00:00+00:00,15912,15968,15886,15925,16222
2023-08-30 16:00:00+00:00,15925,15943,15905,15932,3617
2023-08-30 20:00:00+00:00,15940,15940,15940,15940,12
2023-08-31 00:00:00+00:00,15936,15950,15924,15938,821
2023-08-31 04:00:00+00:00,15937,16022,15937,16019,10770
2023-08-31 08:00:00+00:00,16020,16063,15990,16051,14599
2023-08-31 12:00:00+00:00,16051,16070,15958,15981,23211
2023-08-31 16:00:00+00:00,15980,15989,15941,15971,5686
2023-08-31 20:00:00+00:00,15974,15984,15974,15984,25
2023-09-01 00:00:00+00:00,15985,16032,15985,16017,997
2023-09-01 04:00:00+00:00,16019,16028,15931,16002,10396
2023-09-01 08:00:00+00:00,16000,16012,15940,15945,13698
2023-09-01 12:00:00+00:00,15944,15991,15847,15859,25075
2023-09-01 16:00:00+00:00,15859,15888,15852,15885,4452
2023-09-01 20:00:00+00:00,15886,15886,15886,15886,25
2023-09-04 00:00:00+00:00,15879,15910,15878,15905,687
2023-09-04 04:00:00+00:00,15905,15982,15902,15955,11964
2023-09-04 08:00:00+00:00,15955,15979,15902,15914,9991
2023-09-04 12:00:00+00:00,15912,15912,15816,15843,14963
2023-09-04 16:00:00+00:00,15843,15852,15842,15846,1029
2023-09-04 20:00:00+00:00,15845,15845,15845,15845,7
2023-09-05 00:00:00+00:00,15836,15846,15794,15804,1333
2023-09-05 04:00:00+00:00,15804,15812,15712,15751,13565
2023-09-05 08:00:00+00:00,15749,15851,15707,15839,16614
2023-09-05 12:00:00+00:00,15839,15861,15780,15804,17999
2023-09-05 16:00:00+00:00,15803,15813,15778,15781,3603
2023-09-05 20:00:00+00:00,15778,15778,15778,15778,9
2023-09-06 00:00:00+00:00,15787,15794,15756,15759,908
2023-09-06 04:00:00+00:00,15759,15775,15691,15709,14415
2023-09-06 08:00:00+00:00,15708,15761,15697,15711,14501
2023-09-06 12:00:00+00:00,15710,15803,15691,15756,21071
2023-09-06 16:00:00+00:00,15757,15761,15716,15750,5658
2023-09-06 20:00:00+00:00,15757,15757,15757,15757,9
2023-09-07 00:00:00+00:00,15750,15759,15720,15725,726
2023-09-07 04:00:00+00:00,15725,15746,15667,15744,12501
2023-09-07 08:00:00+00:00,15745,15809,15708,15720,20840
2023-09-07 12:00:00+00:00,15719,15776,15683,15716,24253
2023-09-07 16:00:00+00:00,15715,15754,15714,15745,4370
2023-09-07 20:00:00+00:00,15748,15748,15748,15748,12
2023-09-08 00:00:00+00:00,15740,15755,15722,15755,884
2023-09-08 04:00:00+00:00,15752,15802,15725,15766,13302
2023-09-08 08:00:00+00:00,15767,15783,15585,15677,38974
2023-09-08 12:00:00+00:00,15677,15762,15675,15749,23761
2023-09-08 16:00:00+00:00,15749,15766,15733,15748,4622
2023-09-08 20:00:00+00:00,15748,15748,15748,15748,10
2023-09-11 00:00:00+00:00,15752,15758,15730,15742,774
2023-09-11 04:00:00+00:00,15743,15883,15743,15855,16930
2023-09-11 08:00:00+00:00,15856,15864,15780,15791,23352
2023-09-11 12:00:00+00:00,15791,15844,15781,15819,25194
2023-09-11 16:00:00+00:00,15820,15851,15816,15847,4929
2023-09-11 20:00:00+00:00,15845,15851,15845,15851,11
2023-09-12 00:00:00+00:00,15830,15847,15807,15843,1123
2023-09-12 04:00:00+00:00,15842,15848,15751,15767,13334
2023-09-12 08:00:00+00:00,15767,15788,15698,15709,24600
2023-09-12 12:00:00+00:00,15709,15771,15693,15735,30523
2023-09-12 16:00:00+00:00,15735,15765,15709,15715,5647
2023-09-12 20:00:00+00:00,15717,15717,15717,15717,5
2023-09-13 00:00:00+00:00,15723,15727,15619,15619,1319
2023-09-13 04:00:00+00:00,15619,15746,15616,15677,16427
2023-09-13 08:00:00+00:00,15677,15698,15568,15619,26220
2023-09-13 12:00:00+00:00,15618,15700,15580,15655,29523
2023-09-13 16:00:00+00:00,15656,15659,15609,15637,4766
2023-09-13 20:00:00+00:00,15643,15643,15643,15643,5
2023-09-14 00:00:00+00:00,15641,15708,15641,15708,1340
2023-09-14 04:00:00+00:00,15709,15724,15601,15624,10658
2023-09-14 08:00:00+00:00,15623,15702,15588,15620,14511
2023-09-14 12:00:00+00:00,15619,15828,15614,15824,30556
2023-09-14 16:00:00+00:00,15824,15873,15818,15861,3302
2023-09-15 00:00:00+00:00,16026,16072,16011,16066,1597
2023-09-15 04:00:00+00:00,16065,16138,16045,16129,20145
2023-09-15 08:00:00+00:00,16130,16153,16108,16130,24200
2023-09-15 12:00:00+00:00,16129,16146,16029,16051,28663
2023-09-15 16:00:00+00:00,16052,16060,16018,16033,6170
2023-09-15 20:00:00+00:00,16032,16032,16032,16032,3
2023-09-18 00:00:00+00:00,16051,16063,16028,16056,1034
2023-09-18 04:00:00+00:00,16055,16063,15981,16015,11466
2023-09-18 08:00:00+00:00,16015,16017,15900,15912,17432
2023-09-18 12:00:00+00:00,15911,15942,15847,15897,24855
2023-09-18 16:00:00+00:00,15898,15902,15862,15878,5373
2023-09-18 20:00:00+00:00,15886,15886,15886,15886,11
2023-09-19 00:00:00+00:00,15887,15899,15866,15883,971
2023-09-19 04:00:00+00:00,15885,15890,15815,15876,11754
2023-09-19 08:00:00+00:00,15878,15902,15845,15856,11514
2023-09-19 12:00:00+00:00,15854,15863,15783,15816,20620
2023-09-19 16:00:00+00:00,15815,15859,15796,15839,5776
2023-09-19 20:00:00+00:00,15835,15835,15835,15835,36
2023-09-20 00:00:00+00:00,15827,15829,15808,15811,751
2023-09-20 04:00:00+00:00,15814,15900,15806,15879,11922
2023-09-20 08:00:00+00:00,15880,15930,15872,15911,12994
2023-09-20 12:00:00+00:00,15912,15963,15897,15946,17585
2023-09-20 16:00:00+00:00,15945,15960,15854,15861,8525
2023-09-20 20:00:00+00:00,15848,15848,15848,15848,29
2023-09-21 00:00:00+00:00,15828,15842,15753,15775,1930
2023-09-21 04:00:00+00:00,15773,15847,15763,15834,15500
2023-09-21 08:00:00+00:00,15834,15844,15733,15748,19477
2023-09-21 12:00:00+00:00,15749,15775,15691,15710,27749
2023-09-21 16:00:00+00:00,15710,15724,15630,15632,9325
2023-09-21 20:00:00+00:00,15631,15631,15631,15631,11
2023-09-22 00:00:00+00:00,15626,15675,15604,15668,1991
2023-09-22 04:00:00+00:00,15668,15690,15596,15646,16556
2023-09-22 08:00:00+00:00,15649,15713,15624,15694,16276
2023-09-22 12:00:00+00:00,15695,15735,15661,15688,22396
2023-09-22 16:00:00+00:00,15687,15702,15641,15644,6688
2023-09-22 20:00:00+00:00,15644,15644,15644,15644,12
2023-09-25 00:00:00+00:00,15643,15678,15632,15675,795
2023-09-25 04:00:00+00:00,15675,15715,15639,15689,9785
2023-09-25 08:00:00+00:00,15687,15697,15542,15554,21630
2023-09-25 12:00:00+00:00,15553,15564,15467,15552,27102
2023-09-25 16:00:00+00:00,15552,15572,15540,15566,5694
2023-09-25 20:00:00+00:00,15572,15572,15572,15572,8
2023-09-26 00:00:00+00:00,15539,15547,15490,15523,1490
2023-09-26 04:00:00+00:00,15523,15533,15398,15447,15665
2023-09-26 08:00:00+00:00,15447,15503,15423,15432,15106
2023-09-26 12:00:00+00:00,15432,15465,15363,15387,27148
2023-09-26 16:00:00+00:00,15388,15405,15332,15342,7565
2023-09-26 20:00:00+00:00,15343,15343,15343,15343,20
2023-09-27 00:00:00+00:00,15357,15378,15342,15361,926
2023-09-27 04:00:00+00:00,15362,15414,15346,15414,11969
2023-09-27 08:00:00+00:00,15414,15434,15344,15401,17490
2023-09-27 12:00:00+00:00,15401,15416,15303,15311,21603
2023-09-27 16:00:00+00:00,15313,15397,15265,15372,13696
2023-09-27 20:00:00+00:00,15366,15382,15366,15382,15
2023-09-28 00:00:00+00:00,15390,15425,15378,15381,1679
2023-09-28 04:00:00+00:00,15380,15423,15331,15342,13479
2023-09-28 08:00:00+00:00,15342,15373,15264,15351,22939
2023-09-28 12:00:00+00:00,15350,15490,15339,15484,27968
2023-09-28 16:00:00+00:00,15484,15498,15438,15467,7891
2023-09-28 20:00:00+00:00,15469,15469,15461,15461,9
2023-09-29 00:00:00+00:00,15456,15488,15422,15485,1405
2023-09-29 04:00:00+00:00,15484,15573,15459,15552,16520
2023-09-29 08:00:00+00:00,15551,15619,15540,15592,18335
2023-09-29 12:00:00+00:00,15591,15647,15492,15510,29617
2023-09-29 16:00:00+00:00,15511,15528,15458,15479,8282
2023-09-29 20:00:00+00:00,15486,15486,15486,15486,7
2023-10-02 00:00:00+00:00,15539,15596,15539,15559,929
2023-10-02 04:00:00+00:00,15559,15605,15495,15561,12840
2023-10-02 08:00:00+00:00,15560,15581,15457,15484,16345
2023-10-02 12:00:00+00:00,15484,15490,15317,15327,30019
2023-10-02 16:00:00+00:00,15326,15340,15293,15336,7820
2023-10-02 20:00:00+00:00,15338,15338,15338,15338,10
2023-10-03 00:00:00+00:00,15308,15345,15297,15303,1743
2023-10-03 04:00:00+00:00,15303,15347,15221,15328,12465
2023-10-03 08:00:00+00:00,15329,15384,15236,15253,16099
2023-10-03 12:00:00+00:00,15253,15294,15192,15204,25963
2023-10-03 16:00:00+00:00,15206,15243,15182,15204,6578
2023-10-03 20:00:00+00:00,15204,15204,15204,15204,15
2023-10-04 00:00:00+00:00,15208,15217,15136,15142,1610
2023-10-04 04:00:00+00:00,15145,15188,15066,15149,16619
2023-10-04 08:00:00+00:00,15148,15261,15130,15244,20901
2023-10-04 12:00:00+00:00,15245,15296,15166,15254,23665
2023-10-04 16:00:00+00:00,15254,15275,15203,15268,6518
2023-10-04 20:00:00+00:00,15265,15265,15265,15265,8
2023-10-05 00:00:00+00:00,15244,15291,15220,15290,1024
2023-10-05 04:00:00+00:00,15291,15293,15186,15225,10797
2023-10-05 08:00:00+00:00,15225,15276,15165,15255,16870
2023-10-05 12:00:00+00:00,15254,15270,15161,15191,20119
2023-10-05 16:00:00+00:00,15191,15243,15179,15231,6306
2023-10-05 20:00:00+00:00,15232,15232,15232,15232,15
2023-10-06 00:00:00+00:00,15217,15258,15215,15239,1143
2023-10-06 04:00:00+00:00,15239,15292,15203,15281,10033
2023-10-06 08:00:00+00:00,15282,15328,15236,15296,15386
2023-10-06 12:00:00+00:00,15295,15399,15148,15398,42601
2023-10-06 16:00:00+00:00,15397,15409,15365,15397,9296
2023-10-06 20:00:00+00:00,15400,15400,15400,15400,10
2023-10-09 00:00:00+00:00,15252,15298,15240,15253,1148
2023-10-09 04:00:00+00:00,15254,15308,15189,15248,16400
2023-10-09 08:00:00+00:00,15246,15316,15204,15213,15192
2023-10-09 12:00:00+00:00,15213,15281,15198,15239,19840
2023-10-09 16:00:00+00:00,15240,15322,15233,15312,7505
2023-10-09 20:00:00+00:00,15311,15311,15311,15311,10
2023-10-10 00:00:00+00:00,15318,15384,15315,15371,1360
2023-10-10 04:00:00+00:00,15370,15490,15325,15463,21900
2023-10-10 08:00:00+00:00,15463,15513,15437,15459,18634
2023-10-10 12:00:00+00:00,15459,15558,15442,15538,25340
2023-10-10 16:00:00+00:00,15538,15544,15486,15510,6784
2023-10-10 20:00:00+00:00,15505,15505,15505,15505,15
2023-10-11 00:00:00+00:00,15528,15529,15494,15509,1793
2023-10-11 04:00:00+00:00,15510,15546,15472,15512,15858
2023-10-11 08:00:00+00:00,15511,15569,15486,15566,18724
2023-10-11 12:00:00+00:00,15565,15599,15540,15556,23256
2023-10-11 16:00:00+00:00,15556,15591,15523,15586,5677
2023-10-11 20:00:00+00:00,15598,15598,15598,15598,20
2023-10-12 00:00:00+00:00,15610,15634,15600,15632,1138
2023-10-12 04:00:00+00:00,15631,15662,15600,15613,12140
2023-10-12 08:00:00+00:00,15612,15684,15605,15650,12980
2023-10-12 12:00:00+00:00,15650,15659,15518,15539,27283
2023-10-12 16:00:00+00:00,15539,15557,15449,15490,11793
2023-10-12 20:00:00+00:00,15490,15490,15481,15481,27
2023-10-13 00:00:00+00:00,15503,15537,15501,15513,963
2023-10-13 04:00:00+00:00,15510,15520,15464,15484,11685
2023-10-13 08:00:00+00:00,15483,15512,15363,15395,23172
2023-10-13 12:00:00+00:00,15397,15444,15261,15267,30341
2023-10-13 16:00:00+00:00,15266,15300,15231,15257,8720
2023-10-13 20:00:00+00:00,15241,15241,15241,15241,19
2023-10-16 00:00:00+00:00,15287,15308,15268,15286,891
2023-10-16 04:00:00+00:00,15286,15338,15221,15242,17114
2023-10-16 08:00:00+00:00,15241,15316,15202,15299,17147
2023-10-16 12:00:00+00:00,15300,15375,15272,15337,21254
2023-10-16 16:00:00+00:00,15337,15368,15309,15354,5567
2023-10-16 20:00:00+00:00,15350,15350,15350,15350,8
2023-10-17 00:00:00+00:00,15359,15384,15332,15340,1151
2023-10-17 04:00:00+00:00,15340,15389,15307,15383,10080
2023-10-17 08:00:00+00:00,15382,15391,15252,15283,18124
2023-10-17 12:00:00+00:00,15282,15366,15216,15354,23981
2023-10-17 16:00:00+00:00,15354,15405,15318,15358,9585
2023-10-17 20:00:00+00:00,15354,15354,15354,15354,8
2023-10-18 00:00:00+00:00,15307,15354,15293,15353,1355
2023-10-18 04:00:00+00:00,15351,15390,15287,15358,11899
2023-10-18 08:00:00+00:00,15359,15372,15240,15275,19149
2023-10-18 12:00:00+00:00,15275,15297,15178,15179,24293
2023-10-18 16:00:00+00:00,15178,15202,15130,15142,8821
2023-10-18 20:00:00+00:00,15153,15153,15153,15153,11
2023-10-19 00:00:00+00:00,15161,15173,15084,15095,1537
2023-10-19 04:00:00+00:00,15096,15197,15076,15100,15621
2023-10-19 08:00:00+00:00,15099,15194,15094,15162,15248
2023-10-19 12:00:00+00:00,15161,15186,15113,15140,18427
2023-10-19 16:00:00+00:00,15141,15189,15036,15053,16967
2023-10-19 20:00:00+00:00,15037,15037,15037,15037,9
2023-10-20 00:00:00+00:00,15020,15065,15007,15059,984
2023-10-20 04:00:00+00:00,15059,15073,14935,14985,15485
2023-10-20 08:00:00+00:00,14986,15027,14931,14954,22415
2023-10-20 12:00:00+00:00,14953,15007,14883,14915,28348
2023-10-20 16:00:00+00:00,14916,14943,14867,14870,6999
2023-10-20 20:00:00+00:00,14870,14870,14870,14870,27
2023-10-23 00:00:00+00:00,14905,14915,14882,14887,1264
2023-10-23 04:00:00+00:00,14886,14941,14793,14805,15269
2023-10-23 08:00:00+00:00,14804,14854,14714,14778,24211
2023-10-23 12:00:00+00:00,14777,14894,14750,14888,24184
2023-10-23 16:00:00+00:00,14887,14918,14833,14841,8676
2023-10-23 20:00:00+00:00,14845,14845,14845,14845,15
2023-10-24 00:00:00+00:00,14858,14876,14803,14849,1697
2023-10-24 04:00:00+00:00,14852,14926,14848,14873,12539
2023-10-24 08:00:00+00:00,14876,14940,14832,14913,18331
2023-10-24 12:00:00+00:00,14913,15002,14889,14968,25864
2023-10-24 16:00:00+00:00,14969,15000,14922,14991,7217
2023-10-24 20:00:00+00:00,15004,15004,15004,15004,21
2023-10-25 00:00:00+00:00,14974,14996,14968,14969,1121
2023-10-25 04:00:00+00:00,14970,14983,14902,14919,11960
2023-10-25 08:00:00+00:00,14919,14988,14891,14974,15200
2023-10-25 12:00:00+00:00,14974,15020,14870,14959,30928
2023-10-25 16:00:00+00:00,14959,14960,14894,14903,8395
2023-10-25 20:00:00+00:00,14922,14922,14922,14922,7
2023-10-26 00:00:00+00:00,14870,14873,14823,14853,1701
2023-10-26 04:00:00+00:00,14855,14870,14746,14797,19173
2023-10-26 08:00:00+00:00,14797,14825,14733,14766,19941
2023-10-26 12:00:00+00:00,14765,14876,14750,14810,33637
2023-10-26 16:00:00+00:00,14809,14825,14736,14760,10744
2023-10-26 20:00:00+00:00,14757,14763,14755,14763,10
2023-10-27 00:00:00+00:00,14813,14838,14790,14817,1331
2023-10-27 04:00:00+00:00,14818,14849,14784,14823,13210
2023-10-27 08:00:00+00:00,14823,14903,14776,14777,20949
2023-10-27 12:00:00+00:00,14777,14881,14743,14761,28813
2023-10-27 16:00:00+00:00,14759,14762,14666,14700,10318
2023-10-27 20:00:00+00:00,14713,14713,14713,14713,36
2023-10-30 00:00:00+00:00,14735,14763,14733,14757,1478
2023-10-30 04:00:00+00:00,14756,14823,14742,14812,4465
2023-10-30 08:00:00+00:00,14813,14877,14804,14862,23892
2023-10-30 12:00:00+00:00,14861,14863,14753,14795,21780
2023-10-30 16:00:00+00:00,14795,14846,14771,14834,10003
2023-10-30 20:00:00+00:00,14833,14836,14824,14824,617
2023-10-31 00:00:00+00:00,14815,14836,14771,14787,1411
2023-10-31 04:00:00+00:00,14787,14841,14767,14822,4067
2023-10-31 08:00:00+00:00,14823,14892,14795,14875,23616
2023-10-31 12:00:00+00:00,14874,14907,14832,14882,21208
2023-10-31 16:00:00+00:00,14883,14924,14844,14918,13436
2023-10-31 20:00:00+00:00,14918,14923,14903,14923,895
2023-11-01 00:00:00+00:00,14923,14923,14896,14916,1089
2023-11-01 04:00:00+00:00,14914,14972,14907,14940,4144
2023-11-01 08:00:00+00:00,14942,14957,14857,14883,20727
2023-11-01 12:00:00+00:00,14882,15024,14876,15013,27709
2023-11-01 16:00:00+00:00,15014,15059,14968,15052,14555
2023-11-01 20:00:00+00:00,15053,15063,15046,15052,701
2023-11-02 00:00:00+00:00,15068,15105,15068,15088,976
2023-11-02 04:00:00+00:00,15088,15100,15062,15094,4555
2023-11-02 08:00:00+00:00,15095,15249,15095,15226,30053
2023-11-02 12:00:00+00:00,15227,15277,15192,15227,21689
2023-11-02 16:00:00+00:00,15228,15282,15190,15277,13847
2023-11-02 20:00:00+00:00,15276,15295,15268,15290,1333
2023-11-03 00:00:00+00:00,15284,15297,15269,15291,647
2023-11-03 04:00:00+00:00,15290,15298,15253,15268,3274
2023-11-03 08:00:00+00:00,15269,15288,15218,15246,21993
2023-11-03 12:00:00+00:00,15247,15338,15226,15259,28350
2023-11-03 16:00:00+00:00,15259,15274,15237,15258,10150
2023-11-03 20:00:00+00:00,15258,15274,15253,15274,562
2023-11-06 00:00:00+00:00,15267,15270,15246,15266,1050
2023-11-06 04:00:00+00:00,15263,15286,15248,15280,2688
2023-11-06 08:00:00+00:00,15281,15300,15208,15215,15668
2023-11-06 12:00:00+00:00,15215,15241,15177,15217,14422
2023-11-06 16:00:00+00:00,15216,15218,15168,15198,9186
2023-11-06 20:00:00+00:00,15198,15217,15197,15217,904
2023-11-07 00:00:00+00:00,15194,15208,15186,15192,474
2023-11-07 04:00:00+00:00,15190,15192,15145,15153,2833
2023-11-07 08:00:00+00:00,15152,15198,15133,15156,19046
2023-11-07 12:00:00+00:00,15155,15262,15154,15245,16894
2023-11-07 16:00:00+00:00,15246,15249,15202,15216,8303
2023-11-07 20:00:00+00:00,15216,15230,15211,15223,1355
2023-11-08 00:00:00+00:00,15214,15220,15172,15178,845
2023-11-08 04:00:00+00:00,15179,15194,15141,15152,2893
2023-11-08 08:00:00+00:00,15151,15221,15143,15202,18252
2023-11-08 12:00:00+00:00,15202,15354,15198,15284,20457
2023-11-08 16:00:00+00:00,15284,15304,15223,15272,12225
2023-11-08 20:00:00+00:00,15272,15298,15272,15282,1314
2023-11-09 00:00:00+00:00,15275,15288,15262,15270,625
2023-11-09 04:00:00+00:00,15269,15304,15263,15301,5490
2023-11-09 08:00:00+00:00,15299,15377,15271,15343,20415
2023-11-09 12:00:00+00:00,15344,15402,15343,15391,16495
2023-11-09 16:00:00+00:00,15391,15426,15324,15330,13936
2023-11-09 20:00:00+00:00,15329,15343,15322,15339,1907
2023-11-10 00:00:00+00:00,15319,15319,15289,15294,658
2023-11-10 04:00:00+00:00,15293,15339,15293,15329,3049
2023-11-10 08:00:00+00:00,15329,15363,15269,15292,20773
2023-11-10 12:00:00+00:00,15291,15332,15228,15270,18670
2023-11-10 16:00:00+00:00,15270,15379,15268,15368,11942
2023-11-10 20:00:00+00:00,15368,15391,15367,15382,1514
2023-11-13 00:00:00+00:00,15353,15353,15297,15298,763
2023-11-13 04:00:00+00:00,15296,15350,15282,15333,2690
2023-11-13 08:00:00+00:00,15334,15388,15315,15330,15733
2023-11-13 12:00:00+00:00,15329,15372,15306,15370,12180
2023-11-13 16:00:00+00:00,15370,15423,15360,15415,9905
2023-11-13 20:00:00+00:00,15414,15419,15410,15410,1647
2023-11-14 00:00:00+00:00,15418,15419,15393,15411,543
2023-11-14 04:00:00+00:00,15412,15439,15387,15437,2305
2023-11-14 08:00:00+00:00,15437,15493,15393,15464,19815
2023-11-14 12:00:00+00:00,15465,15690,15455,15656,36084
2023-11-14 16:00:00+00:00,15656,15682,15649,15670,11826
2023-11-14 20:00:00+00:00,15669,15688,15664,15688,1598
2023-11-15 00:00:00+00:00,15688,15689,15665,15679,613
2023-11-15 04:00:00+00:00,15682,15713,15678,15691,3547
2023-11-15 08:00:00+00:00,15693,15794,15685,15791,23771
2023-11-15 12:00:00+00:00,15792,15820,15750,15802,18886
2023-11-15 16:00:00+00:00,15803,15815,15780,15808,10080
2023-11-15 20:00:00+00:00,15808,15815,15795,15799,1540
2023-11-16 00:00:00+00:00,15801,15821,15760,15761,1090
2023-11-16 04:00:00+00:00,15763,15832,15761,15830,3790
2023-11-16 08:00:00+00:00,15829,15887,15829,15868,20782
2023-11-16 12:00:00+00:00,15868,15926,15847,15859,17602
2023-11-16 16:00:00+00:00,15858,15866,15829,15856,9619
2023-11-16 20:00:00+00:00,15855,15875,15851,15868,1194
2023-11-17 00:00:00+00:00,15876,15888,15870,15887,567
2023-11-17 04:00:00+00:00,15887,15888,15862,15876,2400
2023-11-17 08:00:00+00:00,15875,15998,15874,15963,25535
2023-11-17 12:00:00+00:00,15962,15985,15952,15973,17222
2023-11-17 16:00:00+00:00,15973,15998,15959,15986,8215
2023-11-17 20:00:00+00:00,15987,15996,15975,15995,1302
2023-11-20 00:00:00+00:00,15996,16003,15979,15980,943
2023-11-20 04:00:00+00:00,15979,15982,15948,15961,3263
2023-11-20 08:00:00+00:00,15961,15979,15924,15931,25262
2023-11-20 12:00:00+00:00,15931,15958,15903,15947,14113
2023-11-20 16:00:00+00:00,15948,15985,15942,15982,8241
2023-11-20 20:00:00+00:00,15982,15995,15972,15972,1321
2023-11-21 00:00:00+00:00,15984,15987,15972,15982,478
2023-11-21 04:00:00+00:00,15982,15985,15949,15952,2313
2023-11-21 08:00:00+00:00,15952,15994,15951,15980,15424
2023-11-21 12:00:00+00:00,15981,15990,15935,15962,15918
2023-11-21 16:00:00+00:00,15963,15963,15943,15958,7473
2023-11-21 20:00:00+00:00,15958,15965,15956,15956,896
2023-11-22 00:00:00+00:00,15967,15982,15959,15968,554
2023-11-22 04:00:00+00:00,15969,15994,15954,15980,2244
2023-11-22 08:00:00+00:00,15979,16030,15975,16004,16680
2023-11-22 12:00:00+00:00,16004,16044,15991,16015,16282
2023-11-22 16:00:00+00:00,16015,16018,15980,15995,8300
2023-11-22 20:00:00+00:00,15995,16006,15992,16004,1020
2023-11-23 00:00:00+00:00,15994,16003,15985,15987,454
2023-11-23 04:00:00+00:00,15987,16015,15984,15996,1596
2023-11-23 08:00:00+00:00,15996,16024,15992,16018,11647
2023-11-23 12:00:00+00:00,16018,16045,16016,16035,9405
2023-11-23 16:00:00+00:00,16034,16043,16022,16027,3094
2023-11-23 20:00:00+00:00,16027,16044,16026,16044,462
2023-11-24 00:00:00+00:00,16034,16054,16034,16048,455
2023-11-24 04:00:00+00:00,16048,16048,16023,16044,1947
2023-11-24 08:00:00+00:00,16044,16063,16012,16053,14693
2023-11-24 12:00:00+00:00,16054,16077,16027,16065,12057
2023-11-24 16:00:00+00:00,16065,16086,16064,16068,6649
2023-11-24 20:00:00+00:00,16068,16075,16065,16066,581
2023-11-27 00:00:00+00:00,16061,16065,16029,16035,983
2023-11-27 04:00:00+00:00,16032,16060,16025,16049,3061
2023-11-27 08:00:00+00:00,16047,16077,16011,16029,16098
2023-11-27 12:00:00+00:00,16029,16056,16014,16015,10642
2023-11-27 16:00:00+00:00,16016,16019,15994,16003,8643
2023-11-27 20:00:00+00:00,16002,16012,15993,15993,1034
2023-11-28 00:00:00+00:00,15999,16003,15990,15991,398
2023-11-28 04:00:00+00:00,15991,16004,15950,15956,3726
2023-11-28 08:00:00+00:00,15957,15994,15948,15969,15222
2023-11-28 12:00:00+00:00,15971,16018,15964,16014,12322
2023-11-28 16:00:00+00:00,16015,16037,15991,16016,9985
2023-11-28 20:00:00+00:00,16016,16030,16010,16026,1271
2023-11-29 00:00:00+00:00,16023,16046,16023,16043,516
2023-11-29 04:00:00+00:00,16043,16054,16025,16039,2865
2023-11-29 08:00:00+00:00,16039,16207,16031,16174,26705
2023-11-29 12:00:00+00:00,16174,16245,16168,16236,19490
2023-11-29 16:00:00+00:00,16236,16239,16197,16222,10896
2023-11-29 20:00:00+00:00,16223,16223,16200,16207,1712
2023-11-30 00:00:00+00:00,16209,16233,16202,16229,889
2023-11-30 04:00:00+00:00,16230,16257,16214,16229,3410
2023-11-30 08:00:00+00:00,16228,16261,16197,16254,18922
2023-11-30 12:00:00+00:00,16254,16295,16228,16250,18910
2023-11-30 16:00:00+00:00,16250,16279,16229,16278,12520
2023-11-30 20:00:00+00:00,16278,16287,16245,16285,2315
2023-12-01 00:00:00+00:00,16282,16338,16268,16330,1341
2023-12-01 04:00:00+00:00,16329,16332,16300,16304,3324
2023-12-01 08:00:00+00:00,16305,16385,16305,16363,22122
2023-12-01 12:00:00+00:00,16362,16397,16310,16392,17186
2023-12-01 16:00:00+00:00,16390,16468,16364,16465,15954
2023-12-01 20:00:00+00:00,16464,16468,16454,16456,1841
2023-12-04 00:00:00+00:00,16437,16448,16429,16445,1011
2023-12-04 04:00:00+00:00,16445,16456,16409,16411,3690
2023-12-04 08:00:00+00:00,16411,16483,16406,16435,20515
2023-12-04 12:00:00+00:00,16436,16467,16421,16426,17019
2023-12-04 16:00:00+00:00,16426,16466,16415,16457,10116
2023-12-04 20:00:00+00:00,16456,16473,16451,16460,1783
2023-12-05 00:00:00+00:00,16445,16452,16433,16447,697
2023-12-05 04:00:00+00:00,16448,16452,16414,16430,3994
2023-12-05 08:00:00+00:00,16430,16490,16417,16457,20269
2023-12-05 12:00:00+00:00,16457,16563,16454,16562,23498
2023-12-05 16:00:00+00:00,16561,16576,16539,16572,15835
2023-12-05 20:00:00+00:00,16572,16575,16551,16556,2362
2023-12-06 00:00:00+00:00,16564,16617,16562,16614,803
2023-12-06 04:00:00+00:00,16615,16624,16571,16584,3912
2023-12-06 08:00:00+00:00,16585,16613,16555,16610,22072
2023-12-06 12:00:00+00:00,16610,16752,16598,16703,30014
2023-12-06 16:00:00+00:00,16703,16709,16666,16682,13561
2023-12-06 20:00:00+00:00,16682,16682,16648,16651,2303
2023-12-07 00:00:00+00:00,16643,16654,16623,16628,770
2023-12-07 04:00:00+00:00,16629,16648,16618,16645,3404
2023-12-07 08:00:00+00:00,16647,16659,16612,16643,17701
2023-12-07 12:00:00+00:00,16642,16658,16626,16655,15883
2023-12-07 16:00:00+00:00,16656,16682,16643,16673,11449
2023-12-07 20:00:00+00:00,16672,16687,16667,16667,1786
2023-12-08 00:00:00+00:00,16664,16680,16657,16680,559
2023-12-08 04:00:00+00:00,16679,16692,16661,16661,2374
2023-12-08 08:00:00+00:00,16662,16728,16648,16673,23127
2023-12-08 12:00:00+00:00,16674,16798,16645,16796,29134
2023-12-08 16:00:00+00:00,16796,16815,16755,16814,12988
2023-12-08 20:00:00+00:00,16814,16815,16799,16799,1989
2023-12-11 00:00:00+00:00,16815,16831,16782,16797,968
2023-12-11 04:00:00+00:00,16798,16804,16771,16771,3541
2023-12-11 08:00:00+00:00,16771,16795,16747,16775,25223
2023-12-11 12:00:00+00:00,16775,16811,16761,16802,22798
2023-12-11 16:00:00+00:00,16803,16840,16802,16832,12166
2023-12-11 20:00:00+00:00,16832,16842,16829,16832,1186
2023-12-12 00:00:00+00:00,16839,16863,16837,16857,1066
2023-12-12 04:00:00+00:00,16859,16867,16829,16829,4389
2023-12-12 08:00:00+00:00,16829,16851,16765,16775,26262
2023-12-12 12:00:00+00:00,16774,16847,16772,16823,29612
2023-12-12 16:00:00+00:00,16824,16825,16796,16824,11644
2023-12-12 20:00:00+00:00,16824,16831,16806,16815,1555
2023-12-13 00:00:00+00:00,16834,16835,16790,16790,1109
2023-12-13 04:00:00+00:00,16788,16819,16782,16803,3217
2023-12-13 08:00:00+00:00,16804,16847,16801,16821,18824
2023-12-13 12:00:00+00:00,16821,16840,16791,16800,18439
2023-12-13 16:00:00+00:00,16800,16908,16745,16902,18100
2023-12-13 20:00:00+00:00,16902,16910,16846,16901,3290
2023-12-14 00:00:00+00:00,16925,16964,16920,16961,1233
2023-12-14 04:00:00+00:00,16961,16973,16941,16952,4452
2023-12-14 08:00:00+00:00,16952,17010,16855,16859,26966
2023-12-14 12:00:00+00:00,16859,16901,16672,16758,21223
2023-12-14 16:00:00+00:00,16759,16795,16704,16754,7538
2023-12-14 20:00:00+00:00,16752,16766,16745,16750,727
2023-12-15 00:00:00+00:00,16941,16978,16938,16977,748
2023-12-15 04:00:00+00:00,16976,17016,16953,17009,3077
2023-12-15 08:00:00+00:00,17009,17078,16986,17003,28088
2023-12-15 12:00:00+00:00,17001,17003,16898,16952,23286
2023-12-15 16:00:00+00:00,16952,16975,16902,16906,11965
2023-12-15 20:00:00+00:00,16907,16926,16900,16908,2155
2023-12-18 00:00:00+00:00,16926,16936,16902,16929,737
2023-12-18 04:00:00+00:00,16932,16936,16878,16879,2793
2023-12-18 08:00:00+00:00,16879,16930,16855,16879,16116
2023-12-18 12:00:00+00:00,16879,16900,16812,16821,13756
2023-12-18 16:00:00+00:00,16820,16872,16815,16864,7235
2023-12-18 20:00:00+00:00,16863,16877,16859,16859,1396
2023-12-19 00:00:00+00:00,16853,16886,16853,16864,437
2023-12-19 04:00:00+00:00,16864,16875,16836,16839,2087
2023-12-19 08:00:00+00:00,16840,16916,16838,16885,15281
2023-12-19 12:00:00+00:00,16886,16939,16885,16923,11734
2023-12-19 16:00:00+00:00,16924,16952,16919,16950,5834
2023-12-19 20:00:00+00:00,16949,16967,16948,16962,1277
2023-12-20 00:00:00+00:00,16964,16976,16936,16963,695
2023-12-20 04:00:00+00:00,16966,16999,16934,16938,6254
2023-12-20 08:00:00+00:00,16939,16981,16881,16926,17324
2023-12-20 12:00:00+00:00,16927,16967,16899,16912,12711
2023-12-20 16:00:00+00:00,16913,16950,16834,16835,7802
2023-12-20 20:00:00+00:00,16834,16855,16795,16804,4401
2023-12-21 00:00:00+00:00,16845,16848,16824,16833,571
2023-12-21 04:00:00+00:00,16832,16861,16825,16851,2189
2023-12-21 08:00:00+00:00,16851,16876,16803,16818,15270
2023-12-21 12:00:00+00:00,16818,16887,16811,16854,14661
2023-12-21 16:00:00+00:00,16855,16875,16834,16857,7819
2023-12-21 20:00:00+00:00,16860,16914,16858,16911,1573
2023-12-22 00:00:00+00:00,16899,16903,16858,16861,727
2023-12-22 04:00:00+00:00,16862,16864,16835,16835,2165
2023-12-22 08:00:00+00:00,16836,16880,16830,16859,10988
2023-12-22 12:00:00+00:00,16859,16916,16854,16894,10805
2023-12-22 16:00:00+00:00,16894,16913,16853,16896,5807
2023-12-22 20:00:00+00:00,16897,16905,16891,16902,950
2023-12-27 00:00:00+00:00,16956,16961,16929,16940,663
2023-12-27 04:00:00+00:00,16940,16976,16920,16921,2504
2023-12-27 08:00:00+00:00,16921,16953,16871,16915,15187
2023-12-27 12:00:00+00:00,16916,16954,16888,16902,8763
2023-12-27 16:00:00+00:00,16902,16956,16891,16930,6861
2023-12-27 20:00:00+00:00,16930,16939,16920,16934,1266
2023-12-28 00:00:00+00:00,16940,16975,16937,16970,405
2023-12-28 04:00:00+00:00,16970,16983,16950,16951,1507
2023-12-28 08:00:00+00:00,16951,16958,16861,16880,13267
2023-12-28 12:00:00+00:00,16879,16901,16854,16874,9934
2023-12-28 16:00:00+00:00,16873,16894,16848,16882,6566
2023-12-28 20:00:00+00:00,16882,16884,16862,16864,1129
2023-12-29 00:00:00+00:00,16867,16878,16861,16876,204
2023-12-29 04:00:00+00:00,16874,16899,16868,16887,1304
2023-12-29 08:00:00+00:00,16888,16925,16888,16904,10057
2023-12-29 12:00:00+00:00,16904,16953,16902,16934,8826
2023-12-29 16:00:00+00:00,16933,16949,16865,16947,7636
2023-12-29 20:00:00+00:00,16946,16950,16920,16932,1478
2024-01-02 00:00:00+00:00,16940,16959,16932,16938,590
2024-01-02 04:00:00+00:00,16937,16987,16937,16961,3114
2024-01-02 08:00:00+00:00,16962,17123,16850,16882,31826
2024-01-02 12:00:00+00:00,16883,16933,16798,16926,22475
2024-01-02 16:00:00+00:00,16925,16942,16883,16883,8786
2024-01-02 20:00:00+00:00,16882,16893,16867,16885,2057
2024-01-03 00:00:00+00:00,16885,16897,16870,16870,406
2024-01-03 04:00:00+00:00,16870,16920,16861,16910,1946
2024-01-03 08:00:00+00:00,16910,16938,16754,16774,23221
2024-01-03 12:00:00+00:00,16774,16787,16622,16659,24178
2024-01-03 16:00:00+00:00,16659,16715,16647,16695,12420
2024-01-03 20:00:00+00:00,16694,16695,16663,16664,1976
2024-01-04 00:00:00+00:00,16654,16680,16635,16659,565
2024-01-04 04:00:00+00:00,16661,16713,16648,16677,2813
2024-01-04 08:00:00+00:00,16677,16759,16672,16674,17032
2024-01-04 12:00:00+00:00,16675,16751,16643,16744,14905
2024-01-04 16:00:00+00:00,16744,16771,16719,16727,8557
2024-01-04 20:00:00+00:00,16726,16739,16708,16710,1496
2024-01-05 00:00:00+00:00,16721,16728,16693,16696,452
2024-01-05 04:00:00+00:00,16697,16704,16639,16648,3148
2024-01-05 08:00:00+00:00,16647,16688,16594,16630,19057
2024-01-05 12:00:00+00:00,16630,16788,16584,16771,23230
2024-01-05 16:00:00+00:00,16771,16773,16700,16707,9056
2024-01-05 20:00:00+00:00,16706,16731,16704,16730,1349
2024-01-08 00:00:00+00:00,16722,16766,16708,16710,804
2024-01-08 04:00:00+00:00,16711,16738,16694,16719,2488
2024-01-08 08:00:00+00:00,16718,16782,16653,16745,19340
2024-01-08 12:00:00+00:00,16746,16854,16738,16834,15567
2024-01-08 16:00:00+00:00,16836,16900,16815,16897,8206
2024-01-08 20:00:00+00:00,16897,16924,16894,16916,1975
2024-01-09 00:00:00+00:00,16915,16915,16888,16893,492
2024-01-09 04:00:00+00:00,16892,16910,16874,16880,2286
2024-01-09 08:00:00+00:00,16881,16883,16757,16767,19653
2024-01-09 12:00:00+00:00,16768,16831,16744,16810,15262
2024-01-09 16:00:00+00:00,16809,16835,16792,16813,7539
2024-01-09 20:00:00+00:00,16815,16825,16802,16821,1105
2024-01-10 00:00:00+00:00,16821,16828,16756,16789,1272
2024-01-10 04:00:00+00:00,16789,16829,16761,16822,3122
2024-01-10 08:00:00+00:00,16821,16892,16790,16804,16224
2024-01-10 12:00:00+00:00,16804,16850,16787,16829,13540
2024-01-10 16:00:00+00:00,16830,16866,16818,16865,6183
2024-01-10 20:00:00+00:00,16865,16874,16839,16850,2068
2024-01-11 00:00:00+00:00,16854,16933,16854,16927,797
2024-01-11 04:00:00+00:00,16927,16954,16915,16919,3313
2024-01-11 08:00:00+00:00,16919,16975,16828,16846,20147
2024-01-11 12:00:00+00:00,16845,16880,16670,16679,24993
2024-01-11 16:00:00+00:00,16679,16761,16663,16757,13536
2024-01-11 20:00:00+00:00,16758,16775,16737,16760,2431
2024-01-12 00:00:00+00:00,16749,16787,16749,16773,636
2024-01-12 04:00:00+00:00,16775,16799,16752,16766,3418
2024-01-12 08:00:00+00:00,16767,16853,16733,16762,23776
2024-01-12 12:00:00+00:00,16763,16880,16747,16807,17313
2024-01-12 16:00:00+00:00,16807,16852,16798,16835,8210
2024-01-12 20:00:00+00:00,16833,16846,16824,16842,1089
2024-01-15 00:00:00+00:00,16817,16904,16817,16903,857
2024-01-15 04:00:00+00:00,16899,16918,16849,16854,3043
2024-01-15 08:00:00+00:00,16854,16862,16754,16779,16406
2024-01-15 12:00:00+00:00,16778,16790,16732,16758,9273
2024-01-15 16:00:00+00:00,16757,16762,16736,16747,4098
2024-01-15 20:00:00+00:00,16748,16763,16748,16763,363
2024-01-16 00:00:00+00:00,16742,16742,16674,16681,850
2024-01-16 04:00:00+00:00,16680,16703,16644,16669,4726
2024-01-16 08:00:00+00:00,16670,16681,16594,16675,20433
2024-01-16 12:00:00+00:00,16675,16706,16621,16697,14914
2024-01-16 16:00:00+00:00,16697,16701,16624,16649,11374
2024-01-16 20:00:00+00:00,16648,16658,16637,16654,1355
2024-01-17 00:00:00+00:00,16657,16658,16598,16599,793
2024-01-17 04:00:00+00:00,16597,16611,16493,16531,7348
2024-01-17 08:00:00+00:00,16530,16558,16473,16525,20852
2024-01-17 12:00:00+00:00,16525,16547,16464,16510,15657
2024-01-17 16:00:00+00:00,16509,16553,16495,16531,12492
2024-01-17 20:00:00+00:00,16532,16549,16509,16546,1602
2024-01-18 00:00:00+00:00,16545,16555,16529,16540,845
2024-01-18 04:00:00+00:00,16541,16592,16523,16581,3986
2024-01-18 08:00:00+00:00,16579,16654,16537,16648,18960
2024-01-18 12:00:00+00:00,16648,16695,16629,16660,16093
2024-01-18 16:00:00+00:00,16661,16699,16635,16695,11690
2024-01-18 20:00:00+00:00,16696,16721,16694,16712,2012
2024-01-19 00:00:00+00:00,16715,16731,16705,16727,517
2024-01-19 04:00:00+00:00,16726,16770,16706,16739,3455
2024-01-19 08:00:00+00:00,16740,16763,16698,16722,16105
2024-01-19 12:00:00+00:00,16723,16736,16626,16662,16613
2024-01-19 16:00:00+00:00,16662,16750,16651,16740,10559
2024-01-19 20:00:00+00:00,16740,16749,16735,16745,1812
2024-01-22 00:00:00+00:00,16757,16819,16757,16799,948
2024-01-22 04:00:00+00:00,16800,16810,16761,16784,3856
2024-01-22 08:00:00+00:00,16783,16820,16719,16734,17324
2024-01-22 12:00:00+00:00,16733,16795,16718,16786,14822
2024-01-22 16:00:00+00:00,16786,16804,16771,16778,8771
2024-01-22 20:00:00+00:00,16778,16798,16773,16780,1598
2024-01-23 00:00:00+00:00,16789,16807,16772,16790,936
2024-01-23 04:00:00+00:00,16790,16854,16786,16851,3434
2024-01-23 08:00:00+00:00,16851,16871,16750,16788,17059
2024-01-23 12:00:00+00:00,16788,16811,16739,16743,13946
2024-01-23 16:00:00+00:00,16744,16768,16733,16765,7831
2024-01-23 20:00:00+00:00,16766,16779,16762,16771,1240
2024-01-24 00:00:00+00:00,16796,16837,16785,16831,901
2024-01-24 04:00:00+00:00,16832,16898,16831,16881,6846
2024-01-24 08:00:00+00:00,16880,16951,16872,16947,23914
2024-01-24 12:00:00+00:00,16946,17037,16943,16991,21570
2024-01-24 16:00:00+00:00,16991,17032,16981,16995,15014
2024-01-24 20:00:00+00:00,16994,16999,16971,16983,3059
2024-01-25 00:00:00+00:00,16963,16981,16950,16955,667
2024-01-25 04:00:00+00:00,16959,16992,16953,16967,2995
2024-01-25 08:00:00+00:00,16966,16969,16917,16929,17065
2024-01-25 12:00:00+00:00,16928,17023,16889,16992,22302
2024-01-25 16:00:00+00:00,16992,17019,16980,17005,11753
2024-01-25 20:00:00+00:00,17007,17023,17002,17023,1439
2024-01-26 00:00:00+00:00,16995,17011,16984,16990,632
2024-01-26 04:00:00+00:00,16990,16994,16948,16979,3197
2024-01-26 08:00:00+00:00,16979,17058,16953,17047,20871
2024-01-26 12:00:00+00:00,17048,17073,17022,17057,15942
2024-01-26 16:00:00+00:00,17057,17070,17032,17053,9226
2024-01-26 20:00:00+00:00,17053,17054,17033,17038,1495
2024-01-29 00:00:00+00:00,17022,17024,16994,17008,864
2024-01-29 04:00:00+00:00,17008,17031,17002,17017,2190
2024-01-29 08:00:00+00:00,17018,17029,16960,16984,13443
2024-01-29 12:00:00+00:00,16983,17035,16961,17021,12819
2024-01-29 16:00:00+00:00,17022,17052,17020,17049,6996
2024-01-29 20:00:00+00:00,17050,17106,17049,17093,3224
2024-01-30 00:00:00+00:00,17085,17110,17084,17091,467
2024-01-30 04:00:00+00:00,17091,17113,17081,17106,2596
2024-01-30 08:00:00+00:00,17105,17117,17047,17080,14277
2024-01-30 12:00:00+00:00,17079,17086,17046,17054,14065
2024-01-30 16:00:00+00:00,17054,17080,17054,17075,7520
2024-01-30 20:00:00+00:00,17075,17080,17066,17070,952
2024-01-31 00:00:00+00:00,17048,17059,17032,17059,640
2024-01-31 04:00:00+00:00,17059,17086,17030,17069,3526
2024-01-31 08:00:00+00:00,17068,17092,17025,17065,15061
2024-01-31 12:00:00+00:00,17065,17079,16982,16991,16192
2024-01-31 16:00:00+00:00,16990,17023,16948,16969,17036
2024-01-31 20:00:00+00:00,16969,16970,16890,16906,5451
2024-02-01 00:00:00+00:00,16922,16963,16916,16953,936
2024-02-01 04:00:00+00:00,16952,16963,16878,16939,4425
2024-02-01 08:00:00+00:00,16938,16979,16915,16978,19345
2024-02-01 12:00:00+00:00,16977,17007,16923,16924,17076
2024-02-01 16:00:00+00:00,16924,17025,16912,17022,15071
2024-02-01 20:00:00+00:00,17022,17038,17017,17034,1946
2024-02-02 00:00:00+00:00,17052,17086,17051,17070,990
2024-02-02 04:00:00+00:00,17065,17087,17053,17060,3234
2024-02-02 08:00:00+00:00,17062,17092,17035,17085,17690
2024-02-02 12:00:00+00:00,17086,17094,16990,17010,19570
2024-02-02 16:00:00+00:00,17011,17030,16978,17029,12091
2024-02-02 20:00:00+00:00,17029,17039,17018,17025,2049
2024-02-05 00:00:00+00:00,17026,17026,16942,16951,1084
2024-02-05 04:00:00+00:00,16952,17018,16949,16988,2039
2024-02-05 08:00:00+00:00,16989,17060,16978,17050,13865
2024-02-05 12:00:00+00:00,17051,17055,16945,16973,17872
2024-02-05 16:00:00+00:00,16973,17033,16960,17029,9608
2024-02-05 20:00:00+00:00,17029,17030,17002,17002,2035
2024-02-06 00:00:00+00:00,16998,17038,16985,17032,600
2024-02-06 04:00:00+00:00,17031,17051,17000,17043,3115
2024-02-06 08:00:00+00:00,17044,17068,16956,16983,15914
2024-02-06 12:00:00+00:00,16983,17131,16976,17108,20398
2024-02-06 16:00:00+00:00,17107,17139,17089,17108,13499
2024-02-06 20:00:00+00:00,17108,17126,17099,17126,1984
2024-02-07 00:00:00+00:00,17123,17152,17113,17117,763
2024-02-07 04:00:00+00:00,17116,17140,17111,17112,2493
2024-02-07 08:00:00+00:00,17112,17118,17049,17067,16203
2024-02-07 12:00:00+00:00,17067,17105,17008,17014,16110
2024-02-07 16:00:00+00:00,17014,17040,16995,17035,9398
2024-02-07 20:00:00+00:00,17035,17041,17021,17024,1348
2024-02-08 00:00:00+00:00,17026,17039,17018,17025,292
2024-02-08 04:00:00+00:00,17025,17054,16997,17003,3198
2024-02-08 08:00:00+00:00,17002,17046,16968,17043,16085
2024-02-08 12:00:00+00:00,17044,17108,17039,17058,16431
2024-02-08 16:00:00+00:00,17059,17062,17037,17051,9990
2024-02-08 20:00:00+00:00,17051,17058,17046,17052,1220
2024-02-09 00:00:00+00:00,17052,17052,17017,17028,447
2024-02-09 04:00:00+00:00,17028,17053,17023,17037,1573
2024-02-09 08:00:00+00:00,17037,17062,17014,17039,13885
2024-02-09 12:00:00+00:00,17040,17063,16941,16982,19282
2024-02-09 16:00:00+00:00,16982,17041,16977,17033,10154
2024-02-09 20:00:00+00:00,17033,17039,17024,17028,2091
2024-02-12 00:00:00+00:00,17024,17042,17012,17027,376
2024-02-12 04:00:00+00:00,17030,17056,17022,17028,2103
2024-02-12 08:00:00+00:00,17026,17080,17025,17050,13489
2024-02-12 12:00:00+00:00,17052,17102,17026,17095,11998
2024-02-12 16:00:00+00:00,17095,17110,17063,17073,9143
2024-02-12 20:00:00+00:00,17072,17080,17069,17077,1457
2024-02-13 00:00:00+00:00,17061,17067,17045,17046,396
2024-02-13 04:00:00+00:00,17045,17074,17038,17057,2420
2024-02-13 08:00:00+00:00,17058,17067,16977,17004,18846
2024-02-13 12:00:00+00:00,17004,17035,16895,16924,23237
2024-02-13 16:00:00+00:00,16925,16955,16852,16859,11742
2024-02-13 20:00:00+00:00,16859,16894,16847,16887,3034
2024-02-14 00:00:00+00:00,16892,16912,16889,16895,619
2024-02-14 04:00:00+00:00,16894,16939,16887,16916,2496
2024-02-14 08:00:00+00:00,16915,17003,16908,17002,16972
2024-02-14 12:00:00+00:00,17002,17019,16966,17006,12003
2024-02-14 16:00:00+00:00,17007,17026,16963,17017,9407
2024-02-14 20:00:00+00:00,17018,17054,17014,17053,2013
2024-02-15 00:00:00+00:00,17053,17060,17024,17049,450
2024-02-15 04:00:00+00:00,17050,17085,17043,17055,2970
2024-02-15 08:00:00+00:00,17057,17147,17051,17112,16981
2024-02-15 12:00:00+00:00,17112,17126,17059,17104,13888
2024-02-15 16:00:00+00:00,17104,17165,17083,17157,10393
2024-02-15 20:00:00+00:00,17157,17168,17144,17168,1656
2024-02-16 00:00:00+00:00,17161,17163,17132,17157,660
2024-02-16 04:00:00+00:00,17157,17197,17150,17182,2996
2024-02-16 08:00:00+00:00,17183,17255,17170,17219,18141
2024-02-16 12:00:00+00:00,17220,17233,17114,17149,17550
2024-02-16 16:00:00+00:00,17150,17180,17124,17136,9432
2024-02-16 20:00:00+00:00,17136,17143,17121,17134,2361
2024-02-19 00:00:00+00:00,17150,17163,17117,17121,594
2024-02-19 04:00:00+00:00,17122,17149,17111,17116,2057
2024-02-19 08:00:00+00:00,17117,17140,17101,17110,10954
2024-02-19 12:00:00+00:00,17110,17148,17103,17139,6498
2024-02-19 16:00:00+00:00,17138,17152,17133,17137,2909
2024-02-19 20:00:00+00:00,17138,17143,17131,17131,306
2024-02-20 00:00:00+00:00,17114,17125,17086,17091,463
2024-02-20 04:00:00+00:00,17091,17118,17078,17100,2534
2024-02-20 08:00:00+00:00,17103,17126,17069,17112,12311
2024-02-20 12:00:00+00:00,17113,17136,17078,17128,11550
2024-02-20 16:00:00+00:00,17128,17135,17081,17121,8118
2024-02-20 20:00:00+00:00,17122,17130,17099,17130,1934
2024-02-21 00:00:00+00:00,17124,17130,17105,17114,518
2024-02-21 04:00:00+00:00,17116,17156,17112,17133,2130
2024-02-21 08:00:00+00:00,17132,17196,17111,17190,15576
2024-02-21 12:00:00+00:00,17190,17209,17135,17150,13216
2024-02-21 16:00:00+00:00,17150,17181,17141,17155,8626
2024-02-21 20:00:00+00:00,17154,17209,17138,17208,2700
2024-02-22 00:00:00+00:00,17219,17266,17213,17248,1187
2024-02-22 04:00:00+00:00,17249,17336,17247,17335,5580
2024-02-22 08:00:00+00:00,17334,17434,17325,17399,30003
2024-02-22 12:00:00+00:00,17400,17478,17387,17410,20752
2024-02-22 16:00:00+00:00,17411,17469,17404,17448,11367
2024-02-22 20:00:00+00:00,17447,17475,17446,17466,2263
2024-02-23 00:00:00+00:00,17465,17465,17425,17439,655
2024-02-23 04:00:00+00:00,17438,17471,17435,17441,2737
2024-02-23 08:00:00+00:00,17442,17445,17399,17424,15848
2024-02-23 12:00:00+00:00,17425,17487,17410,17464,14889
2024-02-23 16:00:00+00:00,17465,17477,17443,17461,8840
2024-02-23 20:00:00+00:00,17462,17472,17455,17457,1705
2024-02-26 00:00:00+00:00,17458,17461,17417,17417,509
2024-02-26 04:00:00+00:00,17416,17449,17412,17447,2057
2024-02-26 08:00:00+00:00,17447,17477,17431,17469,10401
2024-02-26 12:00:00+00:00,17469,17502,17451,17469,9603
2024-02-26 16:00:00+00:00,17469,17475,17445,17468,7817
2024-02-26 20:00:00+00:00,17469,17481,17463,17469,1295
2024-02-27 00:00:00+00:00,17446,17459,17420,17435,488
2024-02-27 04:00:00+00:00,17437,17464,17429,17464,1513
2024-02-27 08:00:00+00:00,17464,17546,17452,17532,15695
2024-02-27 12:00:00+00:00,17533,17598,17529,17598,15657
2024-02-27 16:00:00+00:00,17597,17608,17575,17604,9494
2024-02-27 20:00:00+00:00,17604,17627,17597,17627,2118
2024-02-28 00:00:00+00:00,17620,17632,17616,17625,399
2024-02-28 04:00:00+00:00,17626,17643,17604,17623,2933
2024-02-28 08:00:00+00:00,17624,17645,17591,17626,13534
2024-02-28 12:00:00+00:00,17626,17644,17599,17629,11017
2024-02-28 16:00:00+00:00,17629,17660,17621,17633,7878
2024-02-28 20:00:00+00:00,17634,17649,17629,17639,1331
2024-02-29 00:00:00+00:00,17605,17655,17605,17652,644
2024-02-29 04:00:00+00:00,17651,17667,17631,17648,2505
2024-02-29 08:00:00+00:00,17648,17745,17647,17729,18213
2024-02-29 12:00:00+00:00,17729,17776,17681,17719,16490
2024-02-29 16:00:00+00:00,17720,17756,17674,17748,15393
2024-02-29 20:00:00+00:00,17748,17780,17740,17780,1698
2024-03-01 00:00:00+00:00,17770,17820,17765,17818,615
2024-03-01 04:00:00+00:00,17817,17839,17808,17829,2829
2024-03-01 08:00:00+00:00,17828,17847,17741,17816,21736
2024-03-01 12:00:00+00:00,17817,17820,17718,17785,17423
2024-03-01 16:00:00+00:00,17786,17786,17754,17776,8232
2024-03-01 20:00:00+00:00,17775,17785,17769,17773,1581
2024-03-04 00:00:00+00:00,17774,17794,17772,17784,617
2024-03-04 04:00:00+00:00,17784,17790,17754,17767,1804
2024-03-04 08:00:00+00:00,17766,17784,17728,17747,12460
2024-03-04 12:00:00+00:00,17748,17776,17711,17735,11860
2024-03-04 16:00:00+00:00,17736,17756,17721,17749,7058
2024-03-04 20:00:00+00:00,17748,17750,17725,17725,1241
2024-03-05 00:00:00+00:00,17721,17727,17695,17704,539
2024-03-05 04:00:00+00:00,17704,17705,17659,17703,2750
2024-03-05 08:00:00+00:00,17702,17738,17667,17724,13598
2024-03-05 12:00:00+00:00,17724,17773,17702,17707,13730
2024-03-05 16:00:00+00:00,17706,17737,17671,17675,8846
2024-03-05 20:00:00+00:00,17674,17701,17649,17701,3015
2024-03-06 00:00:00+00:00,17694,17745,17694,17744,595
2024-03-06 04:00:00+00:00,17747,17753,17710,17721,2162
2024-03-06 08:00:00+00:00,17722,17769,17704,17708,13674
2024-03-06 12:00:00+00:00,17708,17757,17707,17731,13005
2024-03-06 16:00:00+00:00,17731,17762,17712,17720,11838
2024-03-06 20:00:00+00:00,17721,17740,17711,17740,2238
2024-03-07 00:00:00+00:00,17729,17734,17698,17732,804
2024-03-07 04:00:00+00:00,17733,17742,17658,17660,3341
2024-03-07 08:00:00+00:00,17659,17744,17636,17744,16971
2024-03-07 12:00:00+00:00,17743,17897,17721,17876,26413
2024-03-07 16:00:00+00:00,17875,17904,17861,17886,10676
2024-03-07 20:00:00+00:00,17886,17895,17873,17886,1703
2024-03-08 00:00:00+00:00,17882,17915,17882,17913,574
2024-03-08 04:00:00+00:00,17912,17925,17870,17876,2689
2024-03-08 08:00:00+00:00,17877,17882,17807,17830,17686
2024-03-08 12:00:00+00:00,17829,17875,17801,17854,16553
2024-03-08 16:00:00+00:00,17855,17855,17756,17791,12778
2024-03-08 20:00:00+00:00,17791,17805,17770,17775,1883
2024-03-11 00:00:00+00:00,17764,17777,17736,17737,895
2024-03-11 04:00:00+00:00,17735,17767,17720,17733,3182
2024-03-11 08:00:00+00:00,17733,17740,17672,17727,21825
2024-03-11 12:00:00+00:00,17726,17750,17690,17733,23544
2024-03-11 16:00:00+00:00,17734,17793,17730,17788,13743
2024-03-11 20:00:00+00:00,17788,17802,17783,17800,870
2024-03-12 00:00:00+00:00,17806,17863,17805,17851,794
2024-03-12 04:00:00+00:00,17852,17884,17808,17810,5108
2024-03-12 08:00:00+00:00,17809,17834,17784,17819,23080
2024-03-12 12:00:00+00:00,17820,17979,17755,17976,37743
2024-03-12 16:00:00+00:00,17976,18000,17940,17989,16084
2024-03-12 20:00:00+00:00,17990,18004,17986,17998,905
2024-03-13 00:00:00+00:00,18000,18007,17955,17970,993
2024-03-13 04:00:00+00:00,17972,18024,17970,17998,2707
2024-03-13 08:00:00+00:00,17997,18010,17961,17979,20964
2024-03-13 12:00:00+00:00,17979,18007,17946,17975,21811
2024-03-13 16:00:00+00:00,17974,18006,17949,17974,13130
2024-03-13 20:00:00+00:00,17975,17984,17973,17980,437
2024-03-14 00:00:00+00:00,17977,17982,17941,17949,638
2024-03-14 04:00:00+00:00,17949,18006,17947,18002,1692
2024-03-14 08:00:00+00:00,18002,18040,17985,18018,15458
2024-03-14 12:00:00+00:00,18019,18039,17902,17941,15990
2024-03-14 16:00:00+00:00,17941,17947,17871,17932,7484
2024-03-14 20:00:00+00:00,17931,17931,17915,17922,248
2024-03-15 00:00:00+00:00,18200,18256,18180,18207,2834
2024-03-15 04:00:00+00:00,18207,18223,18183,18203,2350
2024-03-15 08:00:00+00:00,18202,18306,18201,18298,18799
2024-03-15 12:00:00+00:00,18297,18328,18255,18272,19495
2024-03-15 16:00:00+00:00,18271,18275,18209,18265,13944
2024-03-15 20:00:00+00:00,18265,18280,18262,18279,739
2024-03-18 00:00:00+00:00,18273,18280,18246,18274,677
2024-03-18 04:00:00+00:00,18276,18293,18249,18256,2332
2024-03-18 08:00:00+00:00,18257,18295,18230,18258,14641
2024-03-18 12:00:00+00:00,18260,18274,18182,18210,13744
2024-03-18 16:00:00+00:00,18210,18227,18189,18204,6570
2024-03-18 20:00:00+00:00,18205,18208,18198,18198,609
2024-03-19 00:00:00+00:00,18190,18197,18157,18182,511
2024-03-19 04:00:00+00:00,18179,18227,18163,18220,1986
2024-03-19 08:00:00+00:00,18220,18277,18193,18238,15707
2024-03-19 12:00:00+00:00,18237,18264,18196,18260,13674
2024-03-19 16:00:00+00:00,18260,18288,18246,18274,11100
2024-03-19 20:00:00+00:00,18274,18295,18273,18295,618
2024-03-20 00:00:00+00:00,18274,18284,18248,18257,383
2024-03-20 04:00:00+00:00,18255,18288,18247,18258,2173
2024-03-20 08:00:00+00:00,18258,18324,18232,18314,14722
2024-03-20 12:00:00+00:00,18315,18317,18262,18274,11230
2024-03-20 16:00:00+00:00,18273,18428,18272,18418,15316
2024-03-20 20:00:00+00:00,18419,18434,18414,18434,1476
2024-03-21 00:00:00+00:00,18440,18473,18423,18468,1023
2024-03-21 04:00:00+00:00,18469,18484,18456,18463,3484
2024-03-21 08:00:00+00:00,18463,18465,18328,18373,20809
2024-03-21 12:00:00+00:00,18373,18454,18340,18448,14840
2024-03-21 16:00:00+00:00,18448,18460,18432,18441,9137
2024-03-21 20:00:00+00:00,18442,18449,18436,18436,555
2024-03-22 00:00:00+00:00,18445,18461,18416,18421,1090
2024-03-22 04:00:00+00:00,18424,18444,18407,18427,2289
2024-03-22 08:00:00+00:00,18426,18484,18415,18446,15951
2024-03-22 12:00:00+00:00,18446,18504,18431,18492,16487
2024-03-22 16:00:00+00:00,18492,18535,18481,18504,9334
2024-03-22 20:00:00+00:00,18505,18510,18497,18508,768
2024-03-25 00:00:00+00:00,18508,18528,18506,18512,626
2024-03-25 04:00:00+00:00,18513,18513,18474,18478,1868
2024-03-25 08:00:00+00:00,18478,18516,18451,18479,12772
2024-03-25 12:00:00+00:00,18480,18563,18467,18531,13611
2024-03-25 16:00:00+00:00,18531,18563,18520,18529,6691
2024-03-25 20:00:00+00:00,18529,18542,18528,18542,637
2024-03-26 00:00:00+00:00,18550,18576,18536,18538,667
2024-03-26 04:00:00+00:00,18539,18572,18536,18538,2284
2024-03-26 08:00:00+00:00,18538,18672,18528,18672,15973
2024-03-26 12:00:00+00:00,18671,18688,18633,18655,15578
2024-03-26 16:00:00+00:00,18655,18679,18622,18625,9018
2024-03-26 20:00:00+00:00,18625,18652,18624,18645,977
2024-03-27 00:00:00+00:00,18657,18671,18653,18666,417
2024-03-27 04:00:00+00:00,18666,18685,18651,18656,1827
2024-03-27 08:00:00+00:00,18657,18744,18651,18733,13023
2024-03-27 12:00:00+00:00,18732,18779,18732,18753,16669
2024-03-27 16:00:00+00:00,18752,18795,18734,18795,9179
2024-03-27 20:00:00+00:00,18795,18812,18791,18812,1071
2024-03-28 00:00:00+00:00,18800,18812,18786,18789,612
2024-03-28 04:00:00+00:00,18788,18797,18752,18768,2581
2024-03-28 08:00:00+00:00,18770,18780,18739,18770,13889
2024-03-28 12:00:00+00:00,18770,18784,18746,18769,11215
2024-03-28 16:00:00+00:00,18769,18800,18759,18782,9324
2024-03-28 20:00:00+00:00,18783,18804,18772,18804,736
2024-04-02 00:00:00+00:00,18750,18794,18750,18779,873
2024-04-02 04:00:00+00:00,18778,18819,18750,18791,12300
2024-04-02 08:00:00+00:00,18792,18839,18699,18727,17729
2024-04-02 12:00:00+00:00,18730,18738,18517,18526,29904
2024-04-02 16:00:00+00:00,18526,18568,18522,18566,5037
2024-04-02 20:00:00+00:00,18564,18564,18564,18564,16
2024-04-03 00:00:00+00:00,18553,18565,18498,18528,2208
2024-04-03 04:00:00+00:00,18527,18596,18496,18554,11148
2024-04-03 08:00:00+00:00,18555,18610,18553,18582,9153
2024-04-03 12:00:00+00:00,18580,18638,18552,18615,16753
2024-04-03 16:00:00+00:00,18614,18633,18586,18610,5594
2024-04-03 20:00:00+00:00,18610,18610,18610,18610,15
2024-04-04 00:00:00+00:00,18620,18632,18611,18629,402
2024-04-04 04:00:00+00:00,18630,18638,18591,18631,6369
2024-04-04 08:00:00+00:00,18632,18673,18611,18625,10671
2024-04-04 12:00:00+00:00,18624,18679,18617,18659,13489
2024-04-04 16:00:00+00:00,18659,18669,18423,18437,11955
2024-04-04 20:00:00+00:00,18464,18464,18464,18464,26
2024-04-05 00:00:00+00:00,18460,18461,18365,18418,1049
2024-04-05 04:00:00+00:00,18416,18470,18391,18416,12849
2024-04-05 08:00:00+00:00,18417,18438,18335,18374,16812
2024-04-05 12:00:00+00:00,18375,18441,18331,18436,24382
2024-04-05 16:00:00+00:00,18437,18462,18394,18434,8340
2024-04-05 20:00:00+00:00,18427,18427,18427,18427,23
2024-04-08 00:00:00+00:00,18433,18452,18409,18415,531
2024-04-08 04:00:00+00:00,18412,18520,18412,18503,9180
2024-04-08 08:00:00+00:00,18503,18543,18479,18525,10970
2024-04-08 12:00:00+00:00,18524,18574,18513,18557,17002
2024-04-08 16:00:00+00:00,18556,18568,18535,18540,4768
2024-04-08 20:00:00+00:00,18543,18543,18543,18543,18
2024-04-09 00:00:00+00:00,18537,18544,18508,18529,504
2024-04-09 04:00:00+00:00,18530,18545,18450,18461,8762
2024-04-09 08:00:00+00:00,18461,18483,18383,18456,15044
2024-04-09 12:00:00+00:00,18457,18476,18299,18329,24548
2024-04-09 16:00:00+00:00,18328,18370,18309,18366,5932
2024-04-09 20:00:00+00:00,18370,18370,18370,18370,16
2024-04-10 00:00:00+00:00,18379,18408,18368,18396,383
2024-04-10 04:00:00+00:00,18396,18451,18380,18434,8494
2024-04-10 08:00:00+00:00,18435,18478,18418,18463,10121
2024-04-10 12:00:00+00:00,18462,18464,18213,18326,37827
2024-04-10 16:00:00+00:00,18326,18350,18283,18325,10149
2024-04-10 20:00:00+00:00,18319,18319,18319,18319,13
2024-04-11 00:00:00+00:00,18305,18339,18293,18331,697
2024-04-11 04:00:00+00:00,18331,18343,18302,18324,6592
2024-04-11 08:00:00+00:00,18324,18336,18184,18197,16534
2024-04-11 12:00:00+00:00,18196,18318,18095,18223,34072
2024-04-11 16:00:00+00:00,18224,18291,18207,18276,7751
2024-04-11 20:00:00+00:00,18281,18281,18281,18281,28
2024-04-12 00:00:00+00:00,18277,18294,18247,18276,400
2024-04-12 04:00:00+00:00,18278,18380,18269,18368,10299
2024-04-12 08:00:00+00:00,18369,18395,18301,18340,14223
2024-04-12 12:00:00+00:00,18339,18350,18086,18167,32257
2024-04-12 16:00:00+00:00,18167,18167,18062,18082,8740
2024-04-12 20:00:00+00:00,18090,18090,18090,18090,26
2024-04-15 00:00:00+00:00,18110,18155,18100,18145,647
2024-04-15 04:00:00+00:00,18147,18290,18139,18286,12403
2024-04-15 08:00:00+00:00,18286,18348,18278,18348,14874
2024-04-15 12:00:00+00:00,18347,18424,18200,18257,29180
2024-04-15 16:00:00+00:00,18257,18271,18109,18121,11565
2024-04-15 20:00:00+00:00,18117,18117,18117,18117,15
2024-04-16 00:00:00+00:00,18124,18124,17995,18019,870
2024-04-16 04:00:00+00:00,18021,18066,17967,18012,16699
2024-04-16 08:00:00+00:00,18012,18088,17971,18083,18647
2024-04-16 12:00:00+00:00,18083,18093,17933,18001,27731
2024-04-16 16:00:00+00:00,18001,18052,17947,17979,9767
2024-04-16 20:00:00+00:00,17970,17970,17970,17970,18
2024-04-17 00:00:00+00:00,18010,18021,17967,17999,446
2024-04-17 04:00:00+00:00,18004,18044,17945,18044,13382
2024-04-17 08:00:00+00:00,18043,18127,18026,18068,15335
2024-04-17 12:00:00+00:00,18067,18124,17986,18000,21632
2024-04-17 16:00:00+00:00,17998,18050,17953,17988,9750
2024-04-17 20:00:00+00:00,17991,17991,17991,17991,12
2024-04-18 00:00:00+00:00,17989,18017,17982,18017,531
2024-04-18 04:00:00+00:00,18015,18074,18012,18015,8928
2024-04-18 08:00:00+00:00,18015,18021,17956,17994,12618
2024-04-18 12:00:00+00:00,17995,18076,17925,18029,24095
2024-04-18 16:00:00+00:00,18027,18044,17930,17965,10395
2024-04-18 20:00:00+00:00,17967,17967,17967,17967,19
2024-04-19 00:00:00+00:00,17934,17934,17608,17753,2360
2024-04-19 04:00:00+00:00,17750,17922,17712,17888,16273
2024-04-19 08:00:00+00:00,17888,17954,17852,17934,17986
2024-04-19 12:00:00+00:00,17934,17979,17908,17944,19620
2024-04-19 16:00:00+00:00,17943,17964,17874,17926,8060
2024-04-19 20:00:00+00:00,17929,17929,17929,17929,26
2024-04-22 00:00:00+00:00,17988,18036,17974,17985,529
2024-04-22 04:00:00+00:00,17986,18085,17970,17976,10167
2024-04-22 08:00:00+00:00,17975,18070,17965,18049,16155
2024-04-22 12:00:00+00:00,18051,18096,18019,18086,17217
2024-04-22 16:00:00+00:00,18087,18186,18083,18139,7726
2024-04-22 20:00:00+00:00,18133,18133,18133,18133,22
2024-04-23 00:00:00+00:00,18163,18185,18143,18172,466
2024-04-23 04:00:00+00:00,18173,18250,18150,18177,9292
2024-04-23 08:00:00+00:00,18179,18280,18158,18239,12236
2024-04-23 12:00:00+00:00,18240,18349,18212,18327,18516
2024-04-23 16:00:00+00:00,18327,18380,18326,18371,5086
2024-04-23 20:00:00+00:00,18364,18364,18364,18364,10
2024-04-24 00:00:00+00:00,18385,18430,18371,18416,393
2024-04-24 04:00:00+00:00,18418,18439,18366,18404,8117
2024-04-24 08:00:00+00:00,18403,18427,18371,18387,8532
2024-04-24 12:00:00+00:00,18387,18391,18252,18257,17057
2024-04-24 16:00:00+00:00,18257,18320,18254,18281,4593
2024-04-24 20:00:00+00:00,18279,18279,18277,18277,19
2024-04-25 00:00:00+00:00,18239,18273,18228,18233,330
2024-04-25 04:00:00+00:00,18236,18278,18162,18192,9883
2024-04-25 08:00:00+00:00,18191,18225,18133,18184,11523
2024-04-25 12:00:00+00:00,18183,18204,17983,18093,28298
2024-04-25 16:00:00+00:00,18092,18142,18068,18123,5713
2024-04-25 20:00:00+00:00,18140,18140,18140,18140,38
2024-04-26 00:00:00+00:00,18167,18197,18150,18182,525
2024-04-26 04:00:00+00:00,18181,18229,18172,18205,6693
2024-04-26 08:00:00+00:00,18204,18249,18197,18230,8804
2024-04-26 12:00:00+00:00,18230,18383,18220,18346,21050
2024-04-26 16:00:00+00:00,18346,18380,18336,18357,3520
2024-04-26 20:00:00+00:00,18353,18353,18353,18353,15
2024-04-29 00:00:00+00:00,18377,18407,18369,18393,366
2024-04-29 04:00:00+00:00,18393,18420,18362,18387,8460
2024-04-29 08:00:00+00:00,18386,18386,18308,18321,8670
2024-04-29 12:00:00+00:00,18321,18340,18278,18305,13755
2024-04-29 16:00:00+00:00,18304,18310,18257,18303,3446
2024-04-29 20:00:00+00:00,18309,18309,18309,18309,15
2024-04-30 00:00:00+00:00,18302,18320,18289,18295,423
2024-04-30 04:00:00+00:00,18296,18323,18237,18237,7904
2024-04-30 08:00:00+00:00,18237,18252,18186,18216,10419
2024-04-30 12:00:00+00:00,18217,18234,18085,18118,21765
2024-04-30 16:00:00+00:00,18118,18121,18065,18071,6263
2024-04-30 20:00:00+00:00,18068,18068,18068,18068,23
2024-05-02 00:00:00+00:00,18055,18109,18040,18085,830
2024-05-02 04:00:00+00:00,18085,18144,18052,18079,10113
2024-05-02 08:00:00+00:00,18078,18128,18046,18102,10619
2024-05-02 12:00:00+00:00,18102,18146,18033,18084,16012
2024-05-02 16:00:00+00:00,18085,18122,18061,18103,4268
2024-05-02 20:00:00+00:00,18097,18097,18097,18097,23
2024-05-03 00:00:00+00:00,18122,18144,18110,18116,293
2024-05-03 04:00:00+00:00,18118,18169,18063,18086,8870
2024-05-03 08:00:00+00:00,18087,18164,18086,18126,8896
2024-05-03 12:00:00+00:00,18127,18266,18111,18173,22001
2024-05-03 16:00:00+00:00,18174,18191,18160,18182,3792
2024-05-03 20:00:00+00:00,18189,18189,18189,18189,23
2024-05-06 00:00:00+00:00,18200,18217,18175,18212,391
2024-05-06 04:00:00+00:00,18211,18212,18166,18170,4791
2024-05-06 08:00:00+00:00,18170,18334,18163,18330,11859
2024-05-06 12:00:00+00:00,18331,18352,18259,18332,14685
2024-05-06 16:00:00+00:00,18331,18368,18315,18368,4900
2024-05-06 20:00:00+00:00,18368,18370,18368,18370,18
2024-05-07 00:00:00+00:00,18373,18391,18357,18376,456
2024-05-07 04:00:00+00:00,18378,18422,18347,18376,7219
2024-05-07 08:00:00+00:00,18377,18463,18367,18430,10472
2024-05-07 12:00:00+00:00,18430,18596,18429,18586,19180
2024-05-07 16:00:00+00:00,18585,18598,18565,18591,4584
2024-05-07 20:00:00+00:00,18588,18588,18588,18588,20
2024-05-08 00:00:00+00:00,18599,18615,18565,18575,413
2024-05-08 04:00:00+00:00,18575,18651,18560,18630,8887
2024-05-08 08:00:00+00:00,18631,18691,18628,18634,10646
2024-05-08 12:00:00+00:00,18634,18648,18572,18635,15039
2024-05-08 16:00:00+00:00,18636,18663,18633,18654,3630
2024-05-08 20:00:00+00:00,18659,18659,18659,18659,20
2024-05-09 00:00:00+00:00,18657,18697,18618,18648,2809
2024-05-09 04:00:00+00:00,18651,18679,18612,18666,7117
2024-05-09 08:00:00+00:00,18665,18746,18643,18733,9723
2024-05-09 12:00:00+00:00,18733,18821,18720,18802,17032
2024-05-09 16:00:00+00:00,18802,18843,18800,18839,4357
2024-05-09 20:00:00+00:00,18836,18836,18836,18836,25
2024-05-10 00:00:00+00:00,18838,18853,18829,18837,378
2024-05-10 04:00:00+00:00,18842,18922,18839,18920,8958
2024-05-10 08:00:00+00:00,18921,18966,18886,18917,11284
2024-05-10 12:00:00+00:00,18917,18932,18867,18891,12721
2024-05-10 16:00:00+00:00,18890,18901,18879,18894,2729
2024-05-10 20:00:00+00:00,18888,18888,18888,18888,13
2024-05-13 00:00:00+00:00,18892,18910,18880,18901,504
2024-05-13 04:00:00+00:00,18899,18918,18873,18883,4849
2024-05-13 08:00:00+00:00,18881,18891,18842,18856,6501
2024-05-13 12:00:00+00:00,18855,18879,18819,18848,9927
2024-05-13 16:00:00+00:00,18847,18852,18822,18847,2646
2024-05-13 20:00:00+00:00,18850,18850,18850,18850,19
2024-05-14 00:00:00+00:00,18854,18855,18825,18834,348
2024-05-14 04:00:00+00:00,18838,18858,18805,18814,5714
2024-05-14 08:00:00+00:00,18813,18839,18798,18829,5318
2024-05-14 12:00:00+00:00,18829,18852,18736,18828,11854
2024-05-14 16:00:00+00:00,18827,18890,18823,18886,3422
2024-05-14 20:00:00+00:00,18885,18886,18885,18886,12
2024-05-15 00:00:00+00:00,18899,18914,18884,18906,398
2024-05-15 04:00:00+00:00,18903,18905,18855,18880,5403
2024-05-15 08:00:00+00:00,18880,18944,18880,18904,7333
2024-05-15 12:00:00+00:00,18904,19003,18893,18976,16704
2024-05-15 16:00:00+00:00,18976,18992,18964,18990,3928
2024-05-15 20:00:00+00:00,18983,18983,18983,18983,23
2024-05-16 00:00:00+00:00,19003,19018,18987,19001,428
2024-05-16 04:00:00+00:00,18997,19006,18945,18953,8134
2024-05-16 08:00:00+00:00,18952,18952,18902,18912,7897
2024-05-16 12:00:00+00:00,18912,18914,18806,18835,14865
2024-05-16 16:00:00+00:00,18835,18835,18773,18782,4454
2024-05-16 20:00:00+00:00,18784,18784,18784,18784,10
2024-05-17 00:00:00+00:00,18785,18790,18755,18758,471
2024-05-17 04:00:00+00:00,18764,18799,18732,18742,7444
2024-05-17 08:00:00+00:00,18743,18775,18708,18756,9679
2024-05-17 12:00:00+00:00,18756,18809,18749,18801,9939
2024-05-17 16:00:00+00:00,18801,18814,18782,18805,2976
2024-05-17 20:00:00+00:00,18808,18808,18808,18808,21
2024-05-20 00:00:00+00:00,18818,18859,18817,18852,613
2024-05-20 04:00:00+00:00,18854,18858,18805,18845,4672
2024-05-20 08:00:00+00:00,18844,18874,18824,18872,4531
2024-05-20 12:00:00+00:00,18872,18887,18826,18841,7351
2024-05-20 16:00:00+00:00,18842,18848,18804,18824,3534
2024-05-20 20:00:00+00:00,18830,18830,18830,18830,21
2024-05-21 00:00:00+00:00,18823,18825,18783,18792,456
2024-05-21 04:00:00+00:00,18793,18830,18787,18800,4234
2024-05-21 08:00:00+00:00,18799,18802,18716,18758,8230
2024-05-21 12:00:00+00:00,18758,18810,18710,18801,11124
2024-05-21 16:00:00+00:00,18800,18825,18792,18818,2748
2024-05-21 20:00:00+00:00,18822,18822,18822,18822,22
2024-05-22 00:00:00+00:00,18831,18837,18814,18818,352
2024-05-22 04:00:00+00:00,18819,18822,18712,18753,8255
2024-05-22 08:00:00+00:00,18753,18769,18720,18737,7073
2024-05-22 12:00:00+00:00,18737,18794,18719,18736,9979
2024-05-22 16:00:00+00:00,18736,18747,18665,18725,6070
2024-05-22 20:00:00+00:00,18731,18731,18731,18731,20
2024-05-23 00:00:00+00:00,18737,18802,18734,18799,784
2024-05-23 04:00:00+00:00,18796,18826,18764,18796,7070
2024-05-23 08:00:00+00:00,18795,18822,18745,18805,9050
2024-05-23 12:00:00+00:00,18804,18833,18704,18772,15959
2024-05-23 16:00:00+00:00,18773,18780,18617,18651,7254
2024-05-23 20:00:00+00:00,18659,18659,18659,18659,25
2024-05-24 00:00:00+00:00,18661,18679,18654,18673,362
2024-05-24 04:00:00+00:00,18672,18678,18577,18639,7911
2024-05-24 08:00:00+00:00,18640,18697,18639,18683,9191
2024-05-24 12:00:00+00:00,18684,18774,18655,18742,13079
2024-05-24 16:00:00+00:00,18741,18768,18734,18766,2888
2024-05-24 20:00:00+00:00,18765,18765,18765,18765,12
2024-05-27 00:00:00+00:00,18748,18758,18731,18738,324
2024-05-27 04:00:00+00:00,18737,18801,18735,18775,5462
2024-05-27 08:00:00+00:00,18775,18798,18756,18782,4754
2024-05-27 12:00:00+00:00,18781,18852,18781,18852,7910
2024-05-27 16:00:00+00:00,18851,18862,18849,18855,1177
2024-05-27 20:00:00+00:00,18858,18858,18858,18858,19
2024-05-28 00:00:00+00:00,18845,18865,18828,18862,437
2024-05-28 04:00:00+00:00,18862,18901,18831,18872,5779
2024-05-28 08:00:00+00:00,18874,18916,18812,18825,8845
2024-05-28 12:00:00+00:00,18824,18827,18695,18739,14683
2024-05-28 16:00:00+00:00,18739,18753,18680,18731,4301
2024-05-28 20:00:00+00:00,18741,18741,18741,18741,34
2024-05-29 00:00:00+00:00,18720,18736,18689,18691,456
2024-05-29 04:00:00+00:00,18693,18710,18621,18623,8135
2024-05-29 08:00:00+00:00,18623,18676,18579,18592,11978
2024-05-29 12:00:00+00:00,18591,18591,18492,18550,18262
2024-05-29 16:00:00+00:00,18550,18573,18540,18550,3299
2024-05-29 20:00:00+00:00,18550,18550,18550,18550,15
2024-05-30 00:00:00+00:00,18521,18524,18465,18479,893
2024-05-30 04:00:00+00:00,18479,18520,18435,18517,7539
2024-05-30 08:00:00+00:00,18519,18549,18503,18528,8219
2024-05-30 12:00:00+00:00,18528,18582,18517,18553,11169
2024-05-30 16:00:00+00:00,18554,18588,18512,18540,4305
2024-05-30 20:00:00+00:00,18534,18534,18534,18534,18
2024-05-31 00:00:00+00:00,18511,18537,18469,18527,653
2024-05-31 04:00:00+00:00,18528,18558,18487,18515,6817
2024-05-31 08:00:00+00:00,18514,18556,18491,18521,9788
2024-05-31 12:00:00+00:00,18521,18589,18470,18543,17409
2024-05-31 16:00:00+00:00,18542,18643,18513,18637,4866
2024-05-31 20:00:00+00:00,18642,18642,18642,18642,24
2024-06-03 00:00:00+00:00,18657,18714,18654,18700,943
2024-06-03 04:00:00+00:00,18703,18746,18631,18633,9909
2024-06-03 08:00:00+00:00,18633,18729,18627,18673,9092
2024-06-03 12:00:00+00:00,18675,18745,18620,18625,14796
2024-06-03 16:00:00+00:00,18625,18631,18549,18617,7106
2024-06-03 20:00:00+00:00,18620,18620,18620,18620,25
2024-06-04 00:00:00+00:00,18633,18637,18604,18617,634
2024-06-04 04:00:00+00:00,18612,18625,18530,18572,7675
2024-06-04 08:00:00+00:00,18573,18573,18402,18523,17058
2024-06-04 12:00:00+00:00,18522,18585,18430,18431,17966
2024-06-04 16:00:00+00:00,18432,18522,18423,18504,4745
2024-06-04 20:00:00+00:00,18500,18500,18500,18500,13
2024-06-05 00:00:00+00:00,18518,18551,18510,18541,604
2024-06-05 04:00:00+00:00,18542,18576,18526,18547,7123
2024-06-05 08:00:00+00:00,18547,18648,18521,18641,9362
2024-06-05 12:00:00+00:00,18640,18664,18552,18636,14388
2024-06-05 16:00:00+00:00,18636,18680,18619,18677,3917
2024-06-05 20:00:00+00:00,18680,18680,18680,18680,20
2024-06-06 00:00:00+00:00,18688,18698,18664,18684,323
2024-06-06 04:00:00+00:00,18681,18805,18646,18797,9469
2024-06-06 08:00:00+00:00,18797,18818,18719,18741,10506
2024-06-06 12:00:00+00:00,18740,18750,18647,18675,13386
2024-06-06 16:00:00+00:00,18676,18680,18631,18667,3366
2024-06-06 20:00:00+00:00,18664,18664,18664,18664,17
2024-06-07 00:00:00+00:00,18656,18672,18652,18661,305
2024-06-07 04:00:00+00:00,18662,18684,18599,18613,6839
2024-06-07 08:00:00+00:00,18614,18618,18481,18510,14220
2024-06-07 12:00:00+00:00,18512,18633,18450,18594,18350
2024-06-07 16:00:00+00:00,18596,18624,18558,18573,4679
2024-06-07 20:00:00+00:00,18575,18575,18575,18575,12
2024-06-10 00:00:00+00:00,18541,18553,18522,18538,578
2024-06-10 04:00:00+00:00,18538,18543,18393,18484,12376
2024-06-10 08:00:00+00:00,18484,18494,18383,18481,12461
2024-06-10 12:00:00+00:00,18482,18530,18422,18521,12579
2024-06-10 16:00:00+00:00,18522,18556,18509,18549,3797
2024-06-10 20:00:00+00:00,18550,18550,18547,18547,10
2024-06-11 00:00:00+00:00,18548,18548,18511,18524,445
2024-06-11 04:00:00+00:00,18520,18575,18518,18527,6286
2024-06-11 08:00:00+00:00,18527,18550,18335,18363,22392
2024-06-11 12:00:00+00:00,18363,18418,18299,18369,16159
2024-06-11 16:00:00+00:00,18368,18445,18366,18406,4651
2024-06-11 20:00:00+00:00,18412,18412,18412,18412,29
2024-06-12 00:00:00+00:00,18415,18446,18413,18442,484
2024-06-12 04:00:00+00:00,18441,18516,18435,18501,7807
2024-06-12 08:00:00+00:00,18500,18525,18441,18511,9318
2024-06-12 12:00:00+00:00,18512,18672,18493,18649,20063
2024-06-12 16:00:00+00:00,18649,18672,18598,18636,6329
2024-06-12 20:00:00+00:00,18635,18635,18635,18635,22
2024-06-13 00:00:00+00:00,18652,18652,18618,18628,496
2024-06-13 04:00:00+00:00,18628,18643,18548,18549,9175
2024-06-13 08:00:00+00:00,18550,18550,18397,18441,18859
2024-06-13 12:00:00+00:00,18440,18493,18262,18266,24711
2024-06-13 16:00:00+00:00,18266,18322,18240,18304,5965
2024-06-13 20:00:00+00:00,18304,18304,18304,18304,8
2024-06-14 00:00:00+00:00,18313,18331,18292,18329,606
2024-06-14 04:00:00+00:00,18327,18356,18213,18213,13061
2024-06-14 08:00:00+00:00,18213,18229,17992,18037,34156
2024-06-14 12:00:00+00:00,18037,18092,17961,18027,26621
2024-06-14 16:00:00+00:00,18027,18033,17987,18015,5209
2024-06-14 20:00:00+00:00,18011,18011,18011,18011,10
2024-06-17 00:00:00+00:00,18029,18091,18009,18074,961
2024-06-17 04:00:00+00:00,18073,18158,18046,18084,18025
2024-06-17 08:00:00+00:00,18083,18115,17978,18064,19475
2024-06-17 12:00:00+00:00,18064,18097,18017,18072,21721
2024-06-17 16:00:00+00:00,18072,18173,18072,18162,4654
2024-06-17 20:00:00+00:00,18161,18161,18161,18161,9
2024-06-18 00:00:00+00:00,18169,18188,18134,18147,384
2024-06-18 04:00:00+00:00,18152,18221,18124,18127,10748
2024-06-18 08:00:00+00:00,18127,18171,18077,18103,22323
2024-06-18 12:00:00+00:00,18102,18157,18084,18156,21503
2024-06-18 16:00:00+00:00,18156,18189,18139,18159,4185
2024-06-18 20:00:00+00:00,18154,18154,18154,18154,19
2024-06-19 00:00:00+00:00,18156,18179,18134,18135,384
2024-06-19 04:00:00+00:00,18138,18177,18071,18118,9917
2024-06-19 08:00:00+00:00,18120,18138,18056,18109,12387
2024-06-19 12:00:00+00:00,18111,18115,18066,18072,12201
2024-06-19 16:00:00+00:00,18071,18096,18060,18087,1246
2024-06-19 20:00:00+00:00,18089,18089,18089,18089,6
2024-06-20 00:00:00+00:00,18076,18140,18076,18133,473
2024-06-20 04:00:00+00:00,18130,18212,18105,18163,7152
2024-06-20 08:00:00+00:00,18162,18207,18138,18153,8995
2024-06-20 12:00:00+00:00,18152,18261,18113,18248,10327
2024-06-20 16:00:00+00:00,18248,18256,18205,18247,3183
2024-06-20 20:00:00+00:00,18247,18247,18247,18247,3
2024-06-21 00:00:00+00:00,18431,18433,18403,18420,317
2024-06-21 04:00:00+00:00,18422,18442,18371,18405,7476
2024-06-21 08:00:00+00:00,18404,18421,18297,18328,15921
2024-06-21 12:00:00+00:00,18327,18404,18266,18368,14490
2024-06-21 16:00:00+00:00,18368,18388,18346,18366,3349
2024-06-21 20:00:00+00:00,18362,18362,18362,18362,4
2024-06-24 00:00:00+00:00,18370,18386,18304,18328,360
2024-06-24 04:00:00+00:00,18331,18445,18328,18437,7915
2024-06-24 08:00:00+00:00,18438,18483,18412,18455,11890
2024-06-24 12:00:00+00:00,18454,18538,18429,18507,12355
2024-06-24 16:00:00+00:00,18506,18506,18385,18394,8157
2024-06-24 20:00:00+00:00,18439,18439,18439,18439,16
2024-06-25 00:00:00+00:00,18399,18414,18358,18414,334
2024-06-25 04:00:00+00:00,18410,18435,18255,18265,11499
2024-06-25 08:00:00+00:00,18265,18349,18252,18313,10999
2024-06-25 12:00:00+00:00,18312,18361,18279,18355,10238
2024-06-25 16:00:00+00:00,18353,18387,18328,18374,3187
2024-06-25 20:00:00+00:00,18365,18365,18365,18365,22
2024-06-26 00:00:00+00:00,18379,18414,18358,18398,312
2024-06-26 04:00:00+00:00,18395,18543,18387,18536,8466
2024-06-26 08:00:00+00:00,18535,18543,18307,18319,11499
2024-06-26 12:00:00+00:00,18318,18357,18221,18352,16787
2024-06-26 16:00:00+00:00,18351,18364,18326,18344,2856
2024-06-26 20:00:00+00:00,18330,18330,18330,18330,19
2024-06-27 00:00:00+00:00,18300,18316,18259,18298,510
2024-06-27 04:00:00+00:00,18296,18413,18291,18389,6912
2024-06-27 08:00:00+00:00,18387,18391,18313,18373,8434
2024-06-27 12:00:00+00:00,18372,18436,18336,18397,12318
2024-06-27 16:00:00+00:00,18396,18422,18361,18410,3172
2024-06-27 20:00:00+00:00,18411,18411,18411,18411,7
2024-06-28 00:00:00+00:00,18421,18440,18404,18425,339
2024-06-28 04:00:00+00:00,18425,18481,18400,18408,7059
2024-06-28 08:00:00+00:00,18408,18525,18378,18444,14550
2024-06-28 12:00:00+00:00,18443,18470,18363,18426,17484
2024-06-28 16:00:00+00:00,18424,18426,18360,18421,4206
2024-06-28 20:00:00+00:00,18430,18430,18430,18430,26
2024-07-01 00:00:00+00:00,18505,18549,18482,18524,968
2024-07-01 04:00:00+00:00,18522,18632,18460,18477,15105
2024-07-01 08:00:00+00:00,18481,18531,18427,18489,10138
2024-07-01 12:00:00+00:00,18488,18551,18450,18479,14439
2024-07-01 16:00:00+00:00,18480,18510,18467,18500,2613
2024-07-01 20:00:00+00:00,18478,18478,18478,18478,34
2024-07-02 00:00:00+00:00,18486,18489,18436,18439,282
2024-07-02 04:00:00+00:00,18440,18474,18303,18337,12274
2024-07-02 08:00:00+00:00,18335,18351,18211,18243,12407
2024-07-02 12:00:00+00:00,18241,18335,18191,18311,17229
2024-07-02 16:00:00+00:00,18312,18349,18300,18348,3283
2024-07-02 20:00:00+00:00,18347,18347,18347,18347,15
2024-07-03 00:00:00+00:00,18345,18380,18344,18371,273
2024-07-03 04:00:00+00:00,18371,18461,18361,18408,9152
2024-07-03 08:00:00+00:00,18406,18523,18386,18513,12186
2024-07-03 12:00:00+00:00,18516,18560,18461,18544,14363
2024-07-03 16:00:00+00:00,18545,18568,18542,18566,2414
2024-07-03 20:00:00+00:00,18577,18577,18577,18577,47
2024-07-04 00:00:00+00:00,18576,18578,18551,18560,255
2024-07-04 04:00:00+00:00,18558,18629,18545,18605,5585
2024-07-04 08:00:00+00:00,18606,18621,18578,18583,5095
2024-07-04 12:00:00+00:00,18584,18620,18572,18609,7510
2024-07-04 16:00:00+00:00,18609,18614,18595,18614,1017
2024-07-04 20:00:00+00:00,18619,18619,18619,18619,16
2024-07-05 00:00:00+00:00,18619,18619,18595,18599,342
2024-07-05 04:00:00+00:00,18600,18771,18591,18760,9330
2024-07-05 08:00:00+00:00,18758,18792,18739,18746,9482
2024-07-05 12:00:00+00:00,18745,18823,18573,18620,18138
2024-07-05 16:00:00+00:00,18621,18670,18605,18664,2954
2024-07-05 20:00:00+00:00,18662,18662,18662,18662,5
2024-07-08 00:00:00+00:00,18567,18664,18567,18652,427
2024-07-08 04:00:00+00:00,18650,18713,18582,18707,7965
2024-07-08 08:00:00+00:00,18709,18785,18669,18699,11566
2024-07-08 12:00:00+00:00,18698,18723,18622,18627,9979
2024-07-08 16:00:00+00:00,18627,18629,18591,18615,2673
2024-07-08 20:00:00+00:00,18618,18618,18618,18618,5
2024-07-09 00:00:00+00:00,18648,18656,18586,18601,493
2024-07-09 04:00:00+00:00,18600,18635,18514,18569,8062
2024-07-09 08:00:00+00:00,18572,18623,18507,18539,8842
2024-07-09 12:00:00+00:00,18539,18545,18362,18416,22883
2024-07-09 16:00:00+00:00,18417,18434,18397,18399,3609
2024-07-09 20:00:00+00:00,18392,18392,18392,18392,24
2024-07-10 00:00:00+00:00,18425,18425,18401,18403,228
2024-07-10 04:00:00+00:00,18402,18457,18371,18433,6718
2024-07-10 08:00:00+00:00,18434,18534,18423,18505,10108
2024-07-10 12:00:00+00:00,18505,18571,18485,18570,10296
2024-07-10 16:00:00+00:00,18570,18611,18564,18606,3345
2024-07-10 20:00:00+00:00,18605,18605,18605,18605,11
2024-07-11 00:00:00+00:00,18623,18623,18576,18608,464
2024-07-11 04:00:00+00:00,18602,18658,18558,18598,7154
2024-07-11 08:00:00+00:00,18599,18624,18564,18601,6477
2024-07-11 12:00:00+00:00,18600,18722,18582,18666,18510
2024-07-11 16:00:00+00:00,18665,18679,18650,18660,3539
2024-07-11 20:00:00+00:00,18650,18650,18650,18650,30
2024-07-12 00:00:00+00:00,18660,18700,18660,18685,455
2024-07-12 04:00:00+00:00,18685,18736,18669,18692,6158
2024-07-12 08:00:00+00:00,18694,18770,18693,18757,8853
2024-07-12 12:00:00+00:00,18756,18928,18660,18885,18701
2024-07-12 16:00:00+00:00,18885,18922,18855,18857,4301
2024-07-12 20:00:00+00:00,18863,18863,18863,18863,40
2024-07-15 00:00:00+00:00,18863,18873,18844,18844,386
2024-07-15 04:00:00+00:00,18846,18866,18822,18865,6626
2024-07-15 08:00:00+00:00,18865,18890,18793,18804,7742
2024-07-15 12:00:00+00:00,18803,18815,18718,18744,14023
2024-07-15 16:00:00+00:00,18743,18745,18680,18709,4930
2024-07-15 20:00:00+00:00,18704,18704,18704,18704,15
2024-07-16 00:00:00+00:00,18719,18729,18711,18724,274
2024-07-16 04:00:00+00:00,18720,18720,18588,18621,8932
2024-07-16 08:00:00+00:00,18622,18673,18601,18618,7174
2024-07-16 12:00:00+00:00,18619,18687,18592,18679,11974
2024-07-16 16:00:00+00:00,18681,18725,18668,18725,2417
2024-07-16 20:00:00+00:00,18722,18722,18722,18722,13
2024-07-17 00:00:00+00:00,18712,18715,18670,18702,338
2024-07-17 04:00:00+00:00,18702,18717,18575,18630,8835
2024-07-17 08:00:00+00:00,18631,18640,18480,18533,13135
2024-07-17 12:00:00+00:00,18533,18642,18531,18577,13348
2024-07-17 16:00:00+00:00,18578,18591,18548,18578,3603
2024-07-17 20:00:00+00:00,18570,18570,18570,18570,12
2024-07-18 00:00:00+00:00,18610,18631,18594,18600,416
2024-07-18 04:00:00+00:00,18602,18647,18518,18537,8970
2024-07-18 08:00:00+00:00,18535,18626,18524,18621,9673
2024-07-18 12:00:00+00:00,18620,18669,18469,18470,15675
2024-07-18 16:00:00+00:00,18468,18512,18421,18449,5434
2024-07-18 20:00:00+00:00,18451,18451,18451,18451,7
2024-07-19 00:00:00+00:00,18475,18481,18447,18476,395
2024-07-19 04:00:00+00:00,18475,18489,18304,18368,10297
2024-07-19 08:00:00+00:00,18369,18405,18309,18373,14839
2024-07-19 12:00:00+00:00,18376,18387,18275,18330,13844
2024-07-19 16:00:00+00:00,18329,18341,18274,18297,4071
2024-07-19 20:00:00+00:00,18291,18291,18291,18291,22
2024-07-22 00:00:00+00:00,18339,18353,18292,18334,469
2024-07-22 04:00:00+00:00,18332,18406,18315,18389,7597
2024-07-22 08:00:00+00:00,18387,18561,18382,18550,14657
2024-07-22 12:00:00+00:00,18550,18594,18518,18539,13703
2024-07-22 16:00:00+00:00,18538,18599,18531,18594,3665
2024-07-22 20:00:00+00:00,18603,18603,18603,18603,40
2024-07-23 00:00:00+00:00,18624,18631,18576,18580,1104
2024-07-23 04:00:00+00:00,18583,18662,18567,18604,8823
2024-07-23 08:00:00+00:00,18605,18774,18591,18746,11964
2024-07-23 12:00:00+00:00,18744,18746,18632,18668,13904
2024-07-23 16:00:00+00:00,18667,18687,18646,18662,3042
2024-07-23 20:00:00+00:00,18668,18668,18668,18668,12
2024-07-24 00:00:00+00:00,18633,18644,18614,18615,683
2024-07-24 04:00:00+00:00,18614,18614,18478,18498,12258
2024-07-24 08:00:00+00:00,18497,18576,18466,18548,12194
2024-07-24 12:00:00+00:00,18547,18566,18483,18491,14740
2024-07-24 16:00:00+00:00,18492,18518,18441,18459,5781
2024-07-24 20:00:00+00:00,18457,18461,18456,18456,18
2024-07-25 00:00:00+00:00,18500,18508,18437,18449,561
2024-07-25 04:00:00+00:00,18443,18451,18253,18283,16399
2024-07-25 08:00:00+00:00,18280,18318,18207,18274,15175
2024-07-25 12:00:00+00:00,18272,18441,18258,18431,19824
2024-07-25 16:00:00+00:00,18429,18483,18369,18374,7697
2024-07-25 20:00:00+00:00,18366,18366,18366,18366,25
2024-07-26 00:00:00+00:00,18407,18414,18384,18399,365
2024-07-26 04:00:00+00:00,18398,18432,18326,18424,8234
2024-07-26 08:00:00+00:00,18425,18505,18394,18500,10893
2024-07-26 12:00:00+00:00,18500,18560,18451,18558,13518
2024-07-26 16:00:00+00:00,18559,18589,18534,18574,4918
2024-07-26 20:00:00+00:00,18580,18580,18580,18580,13
2024-07-29 00:00:00+00:00,18613,18645,18600,18613,564
2024-07-29 04:00:00+00:00,18612,18656,18540,18544,7610
2024-07-29 08:00:00+00:00,18544,18614,18525,18567,8039
2024-07-29 12:00:00+00:00,18568,18590,18417,18468,13574
2024-07-29 16:00:00+00:00,18469,18492,18453,18465,2810
2024-07-29 20:00:00+00:00,18460,18460,18460,18460,16
2024-07-30 00:00:00+00:00,18455,18455,18373,18416,636
2024-07-30 04:00:00+00:00,18419,18509,18407,18480,6538
2024-07-30 08:00:00+00:00,18480,18526,18444,18510,6092
2024-07-30 12:00:00+00:00,18510,18579,18484,18525,14289
2024-07-30 16:00:00+00:00,18525,18566,18486,18543,4318
2024-07-30 20:00:00+00:00,18526,18526,18526,18526,52
2024-07-31 00:00:00+00:00,18554,18563,18518,18552,689
2024-07-31 04:00:00+00:00,18555,18672,18530,18649,11558
2024-07-31 08:00:00+00:00,18647,18661,18566,18599,7940
2024-07-31 12:00:00+00:00,18598,18639,18538,18611,14883
2024-07-31 16:00:00+00:00,18612,18684,18573,18585,6727
2024-07-31 20:00:00+00:00,18588,18588,18588,18588,19
2024-08-01 00:00:00+00:00,18636,18648,18569,18618,540
2024-08-01 04:00:00+00:00,18619,18629,18395,18416,11174
2024-08-01 08:00:00+00:00,18417,18487,18356,18394,15819
2024-08-01 12:00:00+00:00,18394,18427,18151,18172,26376
2024-08-01 16:00:00+00:00,18174,18198,18079,18133,8065
2024-08-01 20:00:00+00:00,18118,18118,18118,18118,19
2024-08-02 00:00:00+00:00,18111,18144,18032,18089,1060
2024-08-02 04:00:00+00:00,18094,18101,17875,17953,16461
2024-08-02 08:00:00+00:00,17954,18011,17858,17896,16839
2024-08-02 12:00:00+00:00,17898,17949,17714,17780,32483
2024-08-02 16:00:00+00:00,17783,17825,17758,17813,6977
2024-08-02 20:00:00+00:00,17794,17794,17794,17794,17
2024-08-05 00:00:00+00:00,17650,17741,17582,17639,2180
2024-08-05 04:00:00+00:00,17628,17634,17179,17350,21630
2024-08-05 08:00:00+00:00,17345,17412,17152,17171,14858
2024-08-05 12:00:00+00:00,17170,17459,17110,17418,33136
2024-08-05 16:00:00+00:00,17420,17512,17397,17413,7872
2024-08-05 20:00:00+00:00,17420,17450,17420,17450,8
2024-08-06 00:00:00+00:00,17542,17652,17501,17588,1116
2024-08-06 04:00:00+00:00,17590,17656,17364,17520,12568
2024-08-06 08:00:00+00:00,17519,17525,17343,17418,10696
2024-08-06 12:00:00+00:00,17421,17518,17311,17454,19900
2024-08-06 16:00:00+00:00,17460,17546,17442,17445,5222
2024-08-06 20:00:00+00:00,17449,17449,17449,17449,13
2024-08-07 00:00:00+00:00,17390,17630,17369,17614,811
2024-08-07 04:00:00+00:00,17621,17646,17462,17555,9052
2024-08-07 08:00:00+00:00,17557,17685,17537,17624,13893
2024-08-07 12:00:00+00:00,17625,17752,17592,17683,18133
2024-08-07 16:00:00+00:00,17684,17693,17489,17504,8013
2024-08-07 20:00:00+00:00,17502,17502,17502,17502,13
2024-08-08 00:00:00+00:00,17475,17584,17455,17546,587
2024-08-08 04:00:00+00:00,17550,17661,17500,17584,10116
2024-08-08 08:00:00+00:00,17583,17628,17527,17610,8901
2024-08-08 12:00:00+00:00,17612,17774,17564,17752,18565
2024-08-08 16:00:00+00:00,17751,17803,17721,17790,4375
2024-08-08 20:00:00+00:00,17800,17800,17800,17800,21
2024-08-09 00:00:00+00:00,17775,17834,17737,17806,403
2024-08-09 04:00:00+00:00,17808,17821,17722,17819,6133
2024-08-09 08:00:00+00:00,17819,17863,17758,17782,9937
2024-08-09 12:00:00+00:00,17783,17801,17687,17767,12312
2024-08-09 16:00:00+00:00,17767,17856,17750,17849,3532
2024-08-09 20:00:00+00:00,17844,17844,17844,17844,8
2024-08-12 00:00:00+00:00,17845,17893,17836,17875,318
2024-08-12 04:00:00+00:00,17879,17899,17828,17887,5469
2024-08-12 08:00:00+00:00,17885,17902,17782,17832,6561
2024-08-12 12:00:00+00:00,17831,17849,17746,17830,10805
2024-08-12 16:00:00+00:00,17832,17836,17768,17785,3796
2024-08-12 20:00:00+00:00,17786,17786,17786,17786,10
2024-08-13 00:00:00+00:00,17775,17818,17772,17805,232
2024-08-13 04:00:00+00:00,17803,17888,17801,17856,5402
2024-08-13 08:00:00+00:00,17855,17866,17736,17789,8185
2024-08-13 12:00:00+00:00,17791,17886,17788,17874,11497
2024-08-13 16:00:00+00:00,17874,17937,17868,17927,4169
2024-08-13 20:00:00+00:00,17930,17930,17930,17930,26
2024-08-14 00:00:00+00:00,17931,17949,17897,17910,307
2024-08-14 04:00:00+00:00,17914,17967,17909,17915,6356
2024-08-14 08:00:00+00:00,17914,17971,17897,17958,7015
2024-08-14 12:00:00+00:00,17958,17993,17894,17960,12046
2024-08-14 16:00:00+00:00,17959,17974,17918,17967,4030
2024-08-14 20:00:00+00:00,17972,17972,17972,17972,10
2024-08-15 00:00:00+00:00,17977,18050,17965,18018,566
2024-08-15 04:00:00+00:00,18024,18077,17995,18055,6327
2024-08-15 08:00:00+00:00,18054,18060,17973,18024,6797
2024-08-15 12:00:00+00:00,18024,18276,18016,18263,22483
2024-08-15 16:00:00+00:00,18262,18279,18251,18274,3818
2024-08-15 20:00:00+00:00,18269,18269,18269,18269,26
2024-08-16 00:00:00+00:00,18282,18304,18262,18282,385
2024-08-16 04:00:00+00:00,18282,18329,18261,18327,6397
2024-08-16 08:00:00+00:00,18328,18411,18314,18343,13141
2024-08-16 12:00:00+00:00,18345,18405,18305,18391,12838
2024-08-16 16:00:00+00:00,18391,18423,18367,18390,4049
2024-08-16 20:00:00+00:00,18395,18395,18395,18395,12
2024-08-19 00:00:00+00:00,18395,18420,18379,18385,1257
2024-08-19 04:00:00+00:00,18385,18393,18347,18361,4992
2024-08-19 08:00:00+00:00,18361,18440,18354,18428,7226
2024-08-19 12:00:00+00:00,18429,18521,18425,18475,11254
2024-08-19 16:00:00+00:00,18477,18502,18465,18501,2897
2024-08-19 20:00:00+00:00,18506,18506,18506,18506,9
2024-08-20 00:00:00+00:00,18483,18513,18482,18487,339
2024-08-20 04:00:00+00:00,18486,18559,18486,18557,5598
2024-08-20 08:00:00+00:00,18556,18561,18462,18471,8877
2024-08-20 12:00:00+00:00,18471,18486,18410,18435,10891
2024-08-20 16:00:00+00:00,18436,18436,18379,18409,3922
2024-08-20 20:00:00+00:00,18416,18416,18416,18416,9
2024-08-21 00:00:00+00:00,18420,18437,18405,18435,343
2024-08-21 04:00:00+00:00,18432,18477,18412,18459,5727
2024-08-21 08:00:00+00:00,18459,18529,18449,18519,6530
2024-08-21 12:00:00+00:00,18519,18539,18463,18496,10991
2024-08-21 16:00:00+00:00,18496,18539,18479,18533,3427
2024-08-21 20:00:00+00:00,18537,18537,18537,18537,7
2024-08-22 00:00:00+00:00,18549,18563,18489,18501,464
2024-08-22 04:00:00+00:00,18500,18601,18495,18535,5635
2024-08-22 08:00:00+00:00,18535,18591,18533,18556,6031
2024-08-22 12:00:00+00:00,18555,18610,18515,18526,10766
2024-08-22 16:00:00+00:00,18527,18576,18491,18504,5608
2024-08-22 20:00:00+00:00,18503,18503,18503,18503,13
2024-08-23 00:00:00+00:00,18541,18548,18507,18545,372
2024-08-23 04:00:00+00:00,18543,18611,18542,18575,5532
2024-08-23 08:00:00+00:00,18574,18687,18570,18650,10764
2024-08-23 12:00:00+00:00,18650,18730,18624,18665,16713
2024-08-23 16:00:00+00:00,18666,18689,18616,18686,5098
2024-08-23 20:00:00+00:00,18675,18675,18675,18675,18
2024-08-26 00:00:00+00:00,18656,18667,18623,18631,393
2024-08-26 04:00:00+00:00,18632,18661,18603,18628,5468
2024-08-26 08:00:00+00:00,18627,18671,18618,18671,5892
2024-08-26 12:00:00+00:00,18671,18694,18648,18660,9231
2024-08-26 16:00:00+00:00,18659,18698,18650,18687,3991
2024-08-26 20:00:00+00:00,18683,18683,18683,18683,12
2024-08-27 00:00:00+00:00,18678,18702,18672,18699,193
2024-08-27 04:00:00+00:00,18695,18715,18673,18705,5107
2024-08-27 08:00:00+00:00,18706,18763,18688,18754,10617
2024-08-27 12:00:00+00:00,18755,18781,18722,18741,12022
2024-08-27 16:00:00+00:00,18741,18770,18733,18751,2589
2024-08-27 20:00:00+00:00,18734,18734,18734,18734,20
2024-08-28 00:00:00+00:00,18748,18756,18725,18752,293
2024-08-28 04:00:00+00:00,18753,18828,18752,18828,6509
2024-08-28 08:00:00+00:00,18827,18906,18806,18892,12036
2024-08-28 12:00:00+00:00,18891,18911,18834,18853,12830
2024-08-28 16:00:00+00:00,18852,18869,18768,18833,6291
2024-08-28 20:00:00+00:00,18844,18844,18844,18844,36
2024-08-29 00:00:00+00:00,18775,18831,18775,18826,521
2024-08-29 04:00:00+00:00,18828,18877,18822,18843,7657
2024-08-29 08:00:00+00:00,18841,18983,18836,18952,12760
2024-08-29 12:00:00+00:00,18952,19002,18900,18998,14018
2024-08-29 16:00:00+00:00,18998,19018,18867,18894,8776
2024-08-29 20:00:00+00:00,18890,18890,18890,18890,21
2024-08-30 00:00:00+00:00,18889,18930,18889,18912,376
2024-08-30 04:00:00+00:00,18915,18981,18901,18972,6295
2024-08-30 08:00:00+00:00,18973,19007,18960,18993,8071
2024-08-30 12:00:00+00:00,18994,19014,18932,18941,13092
2024-08-30 16:00:00+00:00,18940,19002,18899,18991,5921
2024-08-30 20:00:00+00:00,18990,18999,18990,18999,32
2024-09-02 00:00:00+00:00,18975,18978,18938,18958,536
2024-09-02 04:00:00+00:00,18957,18977,18812,18893,9330
2024-09-02 08:00:00+00:00,18892,18933,18878,18929,6333
2024-09-02 12:00:00+00:00,18929,18981,18917,18977,7327
2024-09-02 16:00:00+00:00,18977,18991,18974,18989,1128
2024-09-02 20:00:00+00:00,18978,18978,18978,18978,35
2024-09-03 00:00:00+00:00,18968,18994,18956,18970,547
2024-09-03 04:00:00+00:00,18971,19035,18960,19004,6929
2024-09-03 08:00:00+00:00,19005,19014,18866,18917,11449
2024-09-03 12:00:00+00:00,18918,18927,18765,18778,17190
2024-09-03 16:00:00+00:00,18778,18792,18663,18696,8134
2024-09-03 20:00:00+00:00,18696,18696,18693,18693,11
2024-09-04 00:00:00+00:00,18682,18695,18598,18607,846
2024-09-04 04:00:00+00:00,18609,18667,18509,18655,13142
2024-09-04 08:00:00+00:00,18654,18686,18611,18616,10059
2024-09-04 12:00:00+00:00,18614,18692,18575,18611,15006
2024-09-04 16:00:00+00:00,18612,18636,18582,18604,5453
2024-09-04 20:00:00+00:00,18596,18596,18596,18596,20
2024-09-05 00:00:00+00:00,18595,18629,18575,18577,379
2024-09-05 04:00:00+00:00,18576,18678,18534,18675,8868
2024-09-05 08:00:00+00:00,18674,18682,18584,18643,8895
2024-09-05 12:00:00+00:00,18643,18709,18579,18580,14105
2024-09-05 16:00:00+00:00,18579,18664,18568,18629,5493
2024-09-05 20:00:00+00:00,18635,18635,18635,18635,20
2024-09-06 00:00:00+00:00,18630,18635,18535,18601,823
2024-09-06 04:00:00+00:00,18604,18625,18435,18524,11688
2024-09-06 08:00:00+00:00,18523,18547,18444,18522,9881
2024-09-06 12:00:00+00:00,18522,18638,18299,18313,28154
2024-09-06 16:00:00+00:00,18313,18346,18282,18291,5707
2024-09-06 20:00:00+00:00,18282,18282,18282,18282,21
2024-09-09 00:00:00+00:00,18310,18368,18310,18348,585
2024-09-09 04:00:00+00:00,18350,18442,18349,18436,8071
2024-09-09 08:00:00+00:00,18435,18487,18396,18428,7195
2024-09-09 12:00:00+00:00,18428,18510,18382,18488,13247
2024-09-09 16:00:00+00:00,18491,18521,18467,18505,5171
2024-09-09 20:00:00+00:00,18517,18517,18517,18517,26
2024-09-10 00:00:00+00:00,18498,18516,18461,18463,471
2024-09-10 04:00:00+00:00,18467,18502,18430,18496,6074
2024-09-10 08:00:00+00:00,18497,18516,18351,18382,14698
2024-09-10 12:00:00+00:00,18380,18403,18228,18231,17612
2024-09-10 16:00:00+00:00,18232,18361,18210,18357,5828
2024-09-10 20:00:00+00:00,18356,18356,18356,18356,16
2024-09-11 00:00:00+00:00,18321,18333,18280,18304,475
2024-09-11 04:00:00+00:00,18305,18392,18282,18364,7638
2024-09-11 08:00:00+00:00,18363,18390,18283,18364,8316
2024-09-11 12:00:00+00:00,18366,18456,18225,18382,22089
2024-09-11 16:00:00+00:00,18382,18506,18379,18498,7619
2024-09-11 20:00:00+00:00,18504,18504,18504,18504,35
2024-09-12 00:00:00+00:00,18495,18531,18483,18511,643
2024-09-12 04:00:00+00:00,18509,18606,18506,18556,9507
2024-09-12 08:00:00+00:00,18555,18611,18536,18565,8416
2024-09-12 12:00:00+00:00,18566,18590,18391,18501,17363
2024-09-12 16:00:00+00:00,18500,18603,18497,18589,4616
2024-09-12 20:00:00+00:00,18589,18589,18589,18589,17
2024-09-13 00:00:00+00:00,18610,18617,18578,18600,628
2024-09-13 04:00:00+00:00,18597,18678,18543,18619,8821
2024-09-13 08:00:00+00:00,18618,18638,18586,18626,8762
2024-09-13 12:00:00+00:00,18625,18738,18619,18716,16495
2024-09-13 16:00:00+00:00,18717,18723,18669,18700,4531
2024-09-13 20:00:00+00:00,18697,18697,18697,18697,23
2024-09-16 00:00:00+00:00,18707,18738,18697,18735,456
2024-09-16 04:00:00+00:00,18735,18737,18618,18665,7598
2024-09-16 08:00:00+00:00,18665,18678,18634,18667,10389
2024-09-16 12:00:00+00:00,18668,18676,18606,18657,17657
2024-09-16 16:00:00+00:00,18656,18735,18646,18728,5228
2024-09-16 20:00:00+00:00,18724,18724,18724,18724,11
2024-09-17 00:00:00+00:00,18715,18718,18679,18698,380
2024-09-17 04:00:00+00:00,18698,18740,18677,18686,9525
2024-09-17 08:00:00+00:00,18685,18811,18684,18780,18515
2024-09-17 12:00:00+00:00,18781,18818,18724,18733,20892
2024-09-17 16:00:00+00:00,18731,18734,18626,18705,7220
2024-09-17 20:00:00+00:00,18712,18712,18712,18712,16
2024-09-18 00:00:00+00:00,18720,18736,18708,18708,559
2024-09-18 04:00:00+00:00,18708,18759,18697,18739,6480
2024-09-18 08:00:00+00:00,18738,18748,18701,18736,9860
2024-09-18 12:00:00+00:00,18736,18768,18707,18711,12287
2024-09-18 16:00:00+00:00,18710,18928,18704,18751,10319
2024-09-18 20:00:00+00:00,18743,18743,18743,18743,16
2024-09-19 00:00:00+00:00,18833,18898,18774,18895,693
2024-09-19 04:00:00+00:00,18894,18899,18807,18848,8207
2024-09-19 08:00:00+00:00,18845,19053,18834,19032,12497
2024-09-19 12:00:00+00:00,19031,19050,18949,19010,12211
2024-09-19 16:00:00+00:00,19010,19052,18965,18972,2232
2024-09-19 20:00:00+00:00,18963,18963,18963,18963,1
2024-09-20 00:00:00+00:00,19127,19134,19094,19113,386
2024-09-20 04:00:00+00:00,19115,19125,18985,19024,12843
2024-09-20 08:00:00+00:00,19025,19056,18976,19050,15096
2024-09-20 12:00:00+00:00,19050,19063,18880,18903,17670
2024-09-20 16:00:00+00:00,18902,18932,18877,18909,4510
2024-09-20 20:00:00+00:00,18901,18901,18901,18901,21
2024-09-23 00:00:00+00:00,18915,18992,18915,18972,442
2024-09-23 04:00:00+00:00,18971,18993,18851,18963,7610
2024-09-23 08:00:00+00:00,18964,19000,18912,18995,8838
2024-09-23 12:00:00+00:00,18994,19036,18973,19021,11178
2024-09-23 16:00:00+00:00,19020,19059,18996,19048,3986
2024-09-23 20:00:00+00:00,19045,19045,19045,19045,12
2024-09-24 00:00:00+00:00,19034,19070,19015,19026,637
2024-09-24 04:00:00+00:00,19025,19174,19023,19158,9961
2024-09-24 08:00:00+00:00,19158,19200,19097,19100,10792
2024-09-24 12:00:00+00:00,19100,19172,19071,19164,14065
2024-09-24 16:00:00+00:00,19165,19174,19134,19167,3389
2024-09-24 20:00:00+00:00,19168,19168,19168,19168,11
2024-09-25 00:00:00+00:00,19157,19157,19090,19094,794
2024-09-25 04:00:00+00:00,19092,19103,19008,19100,9522
2024-09-25 08:00:00+00:00,19101,19115,19037,19104,8627
2024-09-25 12:00:00+00:00,19105,19131,19044,19092,11088
2024-09-25 16:00:00+00:00,19091,19098,19051,19079,3552
2024-09-25 20:00:00+00:00,19082,19082,19082,19082,28
2024-09-26 00:00:00+00:00,19112,19179,19112,19171,643
2024-09-26 04:00:00+00:00,19167,19320,19159,19306,14735
2024-09-26 08:00:00+00:00,19306,19332,19269,19314,12125
2024-09-26 12:00:00+00:00,19314,19443,19286,19435,21186
2024-09-26 16:00:00+00:00,19435,19463,19400,19449,5544
2024-09-26 20:00:00+00:00,19439,19439,19439,19439,14
2024-09-27 00:00:00+00:00,19443,19463,19397,19428,828
2024-09-27 04:00:00+00:00,19429,19458,19408,19437,8054
2024-09-27 08:00:00+00:00,19437,19603,19429,19594,14606
2024-09-27 12:00:00+00:00,19594,19663,19587,19622,15931
2024-09-27 16:00:00+00:00,19621,19625,19542,19566,6663
2024-09-27 20:00:00+00:00,19555,19555,19555,19555,25
2024-09-30 00:00:00+00:00,19603,19644,19597,19642,961
2024-09-30 04:00:00+00:00,19642,19646,19561,19576,7816
2024-09-30 08:00:00+00:00,19575,19581,19476,19481,11970
2024-09-30 12:00:00+00:00,19481,19534,19477,19505,14728
2024-09-30 16:00:00+00:00,19505,19556,19471,19545,5547
2024-09-30 20:00:00+00:00,19554,19554,19554,19554,33
2024-10-01 00:00:00+00:00,19535,19571,19532,19562,551
2024-10-01 04:00:00+00:00,19563,19584,19504,19563,7398
2024-10-01 08:00:00+00:00,19562,19577,19515,19572,7646
2024-10-01 12:00:00+00:00,19573,19611,19294,19359,28226
2024-10-01 16:00:00+00:00,19359,19424,19285,19371,9441
2024-10-01 20:00:00+00:00,19378,19378,19378,19378,19
2024-10-02 00:00:00+00:00,19372,19429,19339,19419,946
2024-10-02 04:00:00+00:00,19421,19426,19338,19381,7175
2024-10-02 08:00:00+00:00,19382,19409,19225,19230,12057
2024-10-02 12:00:00+00:00,19230,19338,19212,19336,14847
2024-10-02 16:00:00+00:00,19335,19343,19280,19301,3579
2024-10-02 20:00:00+00:00,19304,19304,19304,19304,10
2024-10-03 00:00:00+00:00,19295,19301,19210,19218,770
2024-10-03 04:00:00+00:00,19218,19253,19127,19143,8548
2024-10-03 08:00:00+00:00,19141,19261,19128,19248,9224
2024-10-03 12:00:00+00:00,19249,19254,19109,19178,18837
2024-10-03 16:00:00+00:00,19180,19193,19122,19142,4636
2024-10-03 20:00:00+00:00,19142,19142,19142,19142,10
2024-10-04 00:00:00+00:00,19140,19183,19115,19165,522
2024-10-04 04:00:00+00:00,19163,19194,19095,19175,6969
2024-10-04 08:00:00+00:00,19175,19213,19152,19193,7335
2024-10-04 12:00:00+00:00,19194,19321,19192,19320,17545
2024-10-04 16:00:00+00:00,19321,19349,19286,19346,4400
2024-10-04 20:00:00+00:00,19345,19345,19345,19345,15
2024-10-07 00:00:00+00:00,19339,19377,19307,19328,719
2024-10-07 04:00:00+00:00,19328,19343,19167,19180,9901
2024-10-07 08:00:00+00:00,19180,19234,19152,19226,8974
2024-10-07 12:00:00+00:00,19226,19280,19214,19230,10701
2024-10-07 16:00:00+00:00,19229,19250,19127,19165,5765
2024-10-07 20:00:00+00:00,19171,19171,19171,19171,16
2024-10-08 00:00:00+00:00,19184,19204,19049,19072,1033
2024-10-08 04:00:00+00:00,19083,19124,19050,19096,9723
2024-10-08 08:00:00+00:00,19097,19230,19080,19225,9387
2024-10-08 12:00:00+00:00,19226,19243,19181,19239,10082
2024-10-08 16:00:00+00:00,19235,19260,19206,19244,3536
2024-10-08 20:00:00+00:00,19245,19245,19240,19240,12
2024-10-09 00:00:00+00:00,19233,19258,19188,19200,662
2024-10-09 04:00:00+00:00,19196,19240,19143,19212,6663
2024-10-09 08:00:00+00:00,19212,19269,19175,19258,7161
2024-10-09 12:00:00+00:00,19258,19402,19208,19395,12511
2024-10-09 16:00:00+00:00,19395,19424,19381,19413,4415
2024-10-09 20:00:00+00:00,19411,19411,19411,19411,9
2024-10-10 00:00:00+00:00,19410,19443,19401,19413,456
2024-10-10 04:00:00+00:00,19416,19427,19311,19327,7437
2024-10-10 08:00:00+00:00,19326,19401,19309,19391,8498
2024-10-10 12:00:00+00:00,19392,19416,19275,19361,12959
2024-10-10 16:00:00+00:00,19360,19374,19318,19358,3829
2024-10-10 20:00:00+00:00,19352,19352,19352,19352,15
2024-10-11 00:00:00+00:00,19365,19391,19365,19382,368
2024-10-11 04:00:00+00:00,19382,19382,19306,19363,4661
2024-10-11 08:00:00+00:00,19363,19392,19311,19375,8444
2024-10-11 12:00:00+00:00,19376,19511,19354,19496,11730
2024-10-11 16:00:00+00:00,19496,19531,19480,19521,3715
2024-10-11 20:00:00+00:00,19521,19529,19521,19529,36
2024-10-14 00:00:00+00:00,19479,19514,19472,19496,480
2024-10-14 04:00:00+00:00,19499,19610,19493,19607,6355
2024-10-14 08:00:00+00:00,19607,19614,19518,19547,8053
2024-10-14 12:00:00+00:00,19548,19651,19548,19643,11430
2024-10-14 16:00:00+00:00,19642,19680,19640,19668,3345
2024-10-14 20:00:00+00:00,19672,19672,19672,19672,15
2024-10-15 00:00:00+00:00,19690,19730,19678,19707,779
2024-10-15 04:00:00+00:00,19712,19767,19660,19729,7938
2024-10-15 08:00:00+00:00,19729,19741,19648,19699,9949
2024-10-15 12:00:00+00:00,19699,19713,19583,19615,20249
2024-10-15 16:00:00+00:00,19621,19652,19583,19609,5944
2024-10-15 20:00:00+00:00,19605,19605,19605,19605,7
2024-10-16 00:00:00+00:00,19595,19624,19583,19614,598
2024-10-16 04:00:00+00:00,19615,19623,19551,19600,8577
2024-10-16 08:00:00+00:00,19602,19607,19530,19559,8446
2024-10-16 12:00:00+00:00,19559,19640,19536,19536,11495
2024-10-16 16:00:00+00:00,19536,19611,19532,19609,3829
2024-10-16 20:00:00+00:00,19602,19602,19602,19602,13
2024-10-17 00:00:00+00:00,19585,19616,19561,19579,354
2024-10-17 04:00:00+00:00,19573,19680,19560,19667,7724
2024-10-17 08:00:00+00:00,19667,19729,19649,19669,9796
2024-10-17 12:00:00+00:00,19668,19802,19660,19702,16015
2024-10-17 16:00:00+00:00,19700,19722,19672,19686,3537
2024-10-17 20:00:00+00:00,19690,19690,19690,19690,17
2024-10-18 00:00:00+00:00,19675,19678,19598,19635,710
2024-10-18 04:00:00+00:00,19632,19755,19630,19754,6182
2024-10-18 08:00:00+00:00,19753,19777,19716,19772,9258
2024-10-18 12:00:00+00:00,19774,19791,19723,19771,10361
2024-10-18 16:00:00+00:00,19772,19786,19755,19767,2520
2024-10-18 20:00:00+00:00,19765,19765,19765,19765,11
2024-10-21 00:00:00+00:00,19783,19783,19750,19750,487
2024-10-21 04:00:00+00:00,19748,19764,19716,19738,6802
2024-10-21 08:00:00+00:00,19739,19751,19579,19600,11997
2024-10-21 12:00:00+00:00,19600,19677,19569,19609,12019
2024-10-21 16:00:00+00:00,19608,19629,19592,19618,3719
2024-10-21 20:00:00+00:00,19620,19620,19618,19618,9
2024-10-22 00:00:00+00:00,19680,19683,19620,19647,971
2024-10-22 04:00:00+00:00,19649,19706,19625,19668,8151
2024-10-22 08:00:00+00:00,19669,19682,19484,19542,15069
2024-10-22 12:00:00+00:00,19543,19588,19516,19553,11021
2024-10-22 16:00:00+00:00,19553,19593,19523,19577,4504
2024-10-22 20:00:00+00:00,19572,19572,19572,19572,10
2024-10-23 00:00:00+00:00,19578,19591,19533,19564,464
2024-10-23 04:00:00+00:00,19560,19586,19487,19510,6926
2024-10-23 08:00:00+00:00,19509,19556,19438,19514,10209
2024-10-23 12:00:00+00:00,19514,19579,19463,19527,11423
2024-10-23 16:00:00+00:00,19527,19529,19412,19451,6746
2024-10-23 20:00:00+00:00,19451,19451,19440,19440,35
2024-10-24 00:00:00+00:00,19454,19512,19439,19487,501
2024-10-24 04:00:00+00:00,19487,19612,19459,19604,6680
2024-10-24 08:00:00+00:00,19604,19659,19569,19647,8975
2024-10-24 12:00:00+00:00,19647,19666,19521,19542,11652
2024-10-24 16:00:00+00:00,19541,19557,19502,19545,4689
2024-10-24 20:00:00+00:00,19547,19547,19547,19547,13
2024-10-25 00:00:00+00:00,19547,19558,19520,19522,272
2024-10-25 04:00:00+00:00,19520,19544,19459,19533,7429
2024-10-25 08:00:00+00:00,19535,19618,19496,19556,10976
2024-10-25 12:00:00+00:00,19556,19622,19540,19571,11116
2024-10-25 16:00:00+00:00,19566,19598,19489,19518,5027
2024-10-25 20:00:00+00:00,19514,19514,19514,19514,11
2024-10-28 00:00:00+00:00,19591,19633,19575,19586,708
2024-10-28 04:00:00+00:00,19586,19685,19579,19631,3383
2024-10-28 08:00:00+00:00,19630,19673,19501,19513,16580
2024-10-28 12:00:00+00:00,19511,19659,19496,19627,13806
2024-10-28 16:00:00+00:00,19626,19660,19609,19632,6022
2024-10-28 20:00:00+00:00,19633,19646,19627,19646,617
2024-10-29 00:00:00+00:00,19621,19635,19600,19606,333
2024-10-29 04:00:00+00:00,19604,19717,19604,19695,2849
2024-10-29 08:00:00+00:00,19696,19747,19667,19667,13608
2024-10-29 12:00:00+00:00,19666,19689,19564,19591,12827
2024-10-29 16:00:00+00:00,19591,19608,19562,19574,5971
2024-10-29 20:00:00+00:00,19576,19590,19573,19573,736
2024-10-30 00:00:00+00:00,19592,19605,19520,19522,427
2024-10-30 04:00:00+00:00,19520,19556,19491,19501,2345
2024-10-30 08:00:00+00:00,19502,19525,19352,19357,16357
2024-10-30 12:00:00+00:00,19357,19436,19297,19388,18468
2024-10-30 16:00:00+00:00,19388,19397,19342,19356,8637
2024-10-30 20:00:00+00:00,19354,19361,19327,19327,967
2024-10-31 00:00:00+00:00,19319,19323,19280,19286,512
2024-10-31 04:00:00+00:00,19288,19293,19215,19222,3167
2024-10-31 08:00:00+00:00,19221,19278,19181,19256,16289
2024-10-31 12:00:00+00:00,19254,19281,19097,19127,16353
2024-10-31 16:00:00+00:00,19125,19210,19119,19171,10268
2024-10-31 20:00:00+00:00,19170,19189,19158,19189,1417
2024-11-01 00:00:00+00:00,19171,19191,19137,19175,565
2024-11-01 04:00:00+00:00,19177,19187,19145,19177,1760
2024-11-01 08:00:00+00:00,19177,19302,19157,19291,12875
2024-11-01 12:00:00+00:00,19293,19389,19261,19370,12155
2024-11-01 16:00:00+00:00,19370,19387,19301,19315,7227
2024-11-01 20:00:00+00:00,19316,19322,19295,19295,644
2024-11-04 00:00:00+00:00,19277,19356,19265,19355,611
2024-11-04 04:00:00+00:00,19352,19383,19316,19319,2146
2024-11-04 08:00:00+00:00,19319,19374,19301,19335,9495
2024-11-04 12:00:00+00:00,19336,19344,19245,19278,8288
2024-11-04 16:00:00+00:00,19280,19284,19182,19235,7088
2024-11-04 20:00:00+00:00,19233,19236,19206,19216,1130
2024-11-05 00:00:00+00:00,19210,19243,19194,19231,721
2024-11-05 04:00:00+00:00,19231,19279,19229,19261,1578
2024-11-05 08:00:00+00:00,19261,19308,19188,19244,10100
2024-11-05 12:00:00+00:00,19244,19333,19229,19329,7521
2024-11-05 16:00:00+00:00,19330,19393,19323,19329,6608
2024-11-05 20:00:00+00:00,19331,19385,19326,19385,979
2024-11-06 00:00:00+00:00,19387,19521,19255,19299,2026
2024-11-06 04:00:00+00:00,19282,19547,19165,19420,8984
2024-11-06 08:00:00+00:00,19419,19650,19373,19392,20277
2024-11-06 12:00:00+00:00,19392,19476,19090,19128,20353
2024-11-06 16:00:00+00:00,19129,19179,19086,19156,8938
2024-11-06 20:00:00+00:00,19156,19213,19156,19210,2051
2024-11-07 00:00:00+00:00,19204,19206,19111,19153,720
2024-11-07 04:00:00+00:00,19149,19227,19130,19180,2986
2024-11-07 08:00:00+00:00,19179,19384,19178,19364,17999
2024-11-07 12:00:00+00:00,19365,19518,19348,19494,13518
2024-11-07 16:00:00+00:00,19492,19520,19434,19519,8404
2024-11-07 20:00:00+00:00,19521,19530,19498,19503,1233
2024-11-08 00:00:00+00:00,19523,19530,19482,19484,318
2024-11-08 04:00:00+00:00,19485,19511,19462,19480,1979
2024-11-08 08:00:00+00:00,19481,19494,19219,19303,17508
2024-11-08 12:00:00+00:00,19302,19341,19253,19297,9328
2024-11-08 16:00:00+00:00,19295,19315,19262,19300,6383
2024-11-08 20:00:00+00:00,19300,19323,19287,19323,1198
2024-11-11 00:00:00+00:00,19329,19368,19322,19328,599
2024-11-11 04:00:00+00:00,19326,19467,19326,19463,3239
2024-11-11 08:00:00+00:00,19462,19555,19443,19545,13744
2024-11-11 12:00:00+00:00,19545,19621,19537,19554,9520
2024-11-11 16:00:00+00:00,19553,19560,19446,19505,9336
2024-11-11 20:00:00+00:00,19505,19513,19480,19490,1543
2024-11-12 00:00:00+00:00,19482,19491,19418,19423,651
2024-11-12 04:00:00+00:00,19420,19434,19323,19337,4560
2024-11-12 08:00:00+00:00,19336,19414,19296,19337,14977
2024-11-12 12:00:00+00:00,19338,19357,19144,19149,14997
2024-11-12 16:00:00+00:00,19149,19157,19032,19139,14255
2024-11-12 20:00:00+00:00,19140,19155,19139,19140,1979
2024-11-13 00:00:00+00:00,19119,19159,19109,19132,753
2024-11-13 04:00:00+00:00,19132,19140,19047,19134,3524
2024-11-13 08:00:00+00:00,19135,19196,19075,19075,15924
2024-11-13 12:00:00+00:00,19076,19096,18903,19005,22764
2024-11-13 16:00:00+00:00,19004,19115,19004,19047,9430
2024-11-13 20:00:00+00:00,19046,19081,19024,19055,1656
2024-11-14 00:00:00+00:00,19054,19075,19011,19036,493
2024-11-14 04:00:00+00:00,19033,19125,18997,19120,3247
2024-11-14 08:00:00+00:00,19122,19329,19100,19314,20743
2024-11-14 12:00:00+00:00,19316,19371,19292,19314,13898
2024-11-14 16:00:00+00:00,19312,19343,19251,19299,8779
2024-11-14 20:00:00+00:00,19298,19298,19264,19282,2198
2024-11-15 00:00:00+00:00,19259,19285,19235,19269,777
2024-11-15 04:00:00+00:00,19266,19279,19187,19193,3134
2024-11-15 08:00:00+00:00,19194,19354,19182,19286,15512
2024-11-15 12:00:00+00:00,19286,19339,19258,19273,11565
2024-11-15 16:00:00+00:00,19273,19293,19214,19262,8252
2024-11-15 20:00:00+00:00,19262,19310,19258,19300,1989
2024-11-18 00:00:00+00:00,19318,19354,19296,19329,559
2024-11-18 04:00:00+00:00,19331,19358,19278,19285,2458
2024-11-18 08:00:00+00:00,19287,19345,19183,19219,12366
2024-11-18 12:00:00+00:00,19218,19271,19151,19243,10715
2024-11-18 16:00:00+00:00,19243,19265,19183,19204,6210
2024-11-18 20:00:00+00:00,19203,19208,19191,19203,999
2024-11-19 00:00:00+00:00,19208,19311,19208,19301,671
2024-11-19 04:00:00+00:00,19300,19312,19215,19221,2376
2024-11-19 08:00:00+00:00,19222,19274,18983,19031,25248
2024-11-19 12:00:00+00:00,19034,19076,18869,19066,23178
2024-11-19 16:00:00+00:00,19068,19166,19046,19105,9945
2024-11-19 20:00:00+00:00,19105,19133,19103,19130,1276
2024-11-20 00:00:00+00:00,19147,19175,19126,19147,691
2024-11-20 04:00:00+00:00,19147,19246,19147,19229,3479
2024-11-20 08:00:00+00:00,19229,19261,19158,19179,12673
2024-11-20 12:00:00+00:00,19181,19228,19018,19125,15249
2024-11-20 16:00:00+00:00,19123,19127,19043,19093,7844
2024-11-20 20:00:00+00:00,19092,19151,19086,19150,1491
2024-11-21 00:00:00+00:00,19131,19134,19079,19095,477
2024-11-21 04:00:00+00:00,19090,19175,19052,19086,3685
2024-11-21 08:00:00+00:00,19089,19122,18952,19103,18145
2024-11-21 12:00:00+00:00,19100,19200,19056,19194,15262
2024-11-21 16:00:00+00:00,19196,19252,19172,19235,8798
2024-11-21 20:00:00+00:00,19235,19243,19215,19230,1214
2024-11-22 00:00:00+00:00,19215,19267,19198,19242,1394
2024-11-22 04:00:00+00:00,19244,19281,19211,19266,3030
2024-11-22 08:00:00+00:00,19265,19328,19081,19194,21816
2024-11-22 12:00:00+00:00,19194,19392,19193,19357,15484
2024-11-22 16:00:00+00:00,19358,19421,19341,19405,6786
2024-11-22 20:00:00+00:00,19405,19420,19364,19420,2271
2024-11-25 00:00:00+00:00,19481,19515,19455,19487,1074
2024-11-25 04:00:00+00:00,19485,19489,19432,19461,2637
2024-11-25 08:00:00+00:00,19461,19520,19392,19395,12082
2024-11-25 12:00:00+00:00,19395,19487,19375,19475,9708
2024-11-25 16:00:00+00:00,19474,19488,19387,19447,8611
2024-11-25 20:00:00+00:00,19446,19448,19426,19435,1294
2024-11-26 00:00:00+00:00,19351,19353,19269,19339,1923
2024-11-26 04:00:00+00:00,19343,19396,19321,19365,3243
2024-11-26 08:00:00+00:00,19365,19393,19284,19389,12874
2024-11-26 12:00:00+00:00,19387,19433,19307,19343,12158
2024-11-26 16:00:00+00:00,19343,19370,19326,19351,6108
2024-11-26 20:00:00+00:00,19352,19383,19351,19371,1102
2024-11-27 00:00:00+00:00,19374,19383,19322,19337,596
2024-11-27 04:00:00+00:00,19337,19386,19316,19351,2463
2024-11-27 08:00:00+00:00,19349,19362,19190,19263,21271
2024-11-27 12:00:00+00:00,19262,19318,19229,19297,12341
2024-11-27 16:00:00+00:00,19298,19329,19278,19311,6421
2024-11-27 20:00:00+00:00,19310,19326,19302,19326,1006
2024-11-28 00:00:00+00:00,19340,19388,19334,19388,481
2024-11-28 04:00:00+00:00,19389,19402,19351,19378,2467
2024-11-28 08:00:00+00:00,19378,19479,19376,19437,13925
2024-11-28 12:00:00+00:00,19437,19477,19385,19448,8899
2024-11-28 16:00:00+00:00,19447,19477,19447,19462,3878
2024-11-28 20:00:00+00:00,19461,19478,19456,19461,494
2024-11-29 00:00:00+00:00,19460,19460,19386,19448,776
2024-11-29 04:00:00+00:00,19447,19470,19416,19437,2758
2024-11-29 08:00:00+00:00,19437,19548,19417,19544,11797
2024-11-29 12:00:00+00:00,19543,19606,19480,19594,13942
2024-11-29 16:00:00+00:00,19597,19722,19597,19687,10896
2024-11-29 20:00:00+00:00,19687,19709,19676,19702,854
2024-12-02 00:00:00+00:00,19684,19687,19631,19653,1075
2024-12-02 04:00:00+00:00,19655,19670,19600,19638,4130
2024-12-02 08:00:00+00:00,19638,19873,19609,19869,19183
2024-12-02 12:00:00+00:00,19869,19969,19833,19895,20238
2024-12-02 16:00:00+00:00,19895,19991,19894,19978,9559
2024-12-02 20:00:00+00:00,19978,19983,19960,19961,1969
2024-12-03 00:00:00+00:00,19956,19984,19935,19968,563
2024-12-03 04:00:00+00:00,19968,19988,19932,19951,2674
2024-12-03 08:00:00+00:00,19950,20079,19940,20009,17480
2024-12-03 12:00:00+00:00,20009,20041,19967,20030,10211
2024-12-03 16:00:00+00:00,20030,20079,20022,20060,7761
2024-12-03 20:00:00+00:00,20059,20063,20044,20055,1369
2024-12-04 00:00:00+00:00,20061,20093,20040,20087,873
2024-12-04 04:00:00+00:00,20086,20125,20048,20117,2438
2024-12-04 08:00:00+00:00,20117,20264,20117,20253,17678
2024-12-04 12:00:00+00:00,20251,20302,20167,20267,12458
2024-12-04 16:00:00+00:00,20266,20278,20215,20261,7301
2024-12-04 20:00:00+00:00,20260,20273,20255,20270,1621
2024-12-05 00:00:00+00:00,20252,20265,20233,20249,380
2024-12-05 04:00:00+00:00,20248,20264,20226,20251,2413
2024-12-05 08:00:00+00:00,20251,20359,20245,20343,16152
2024-12-05 12:00:00+00:00,20343,20410,20317,20387,10968
2024-12-05 16:00:00+00:00,20386,20406,20359,20383,7135
2024-12-05 20:00:00+00:00,20381,20390,20367,20370,1474
2024-12-06 00:00:00+00:00,20358,20368,20336,20347,699
2024-12-06 04:00:00+00:00,20344,20395,20334,20382,2386
2024-12-06 08:00:00+00:00,20383,20459,20362,20424,12728
2024-12-06 12:00:00+00:00,20423,20459,20401,20401,10939
2024-12-06 16:00:00+00:00,20402,20429,20400,20416,4933
2024-12-06 20:00:00+00:00,20415,20418,20407,20407,1205
2024-12-09 00:00:00+00:00,20411,20439,20393,20411,1007
2024-12-09 04:00:00+00:00,20409,20485,20397,20479,3383
2024-12-09 08:00:00+00:00,20480,20505,20346,20389,14236
2024-12-09 12:00:00+00:00,20390,20448,20382,20394,8597
2024-12-09 16:00:00+00:00,20392,20402,20351,20373,7221
2024-12-09 20:00:00+00:00,20373,20373,20345,20345,1438
2024-12-10 00:00:00+00:00,20344,20344,20287,20305,673
2024-12-10 04:00:00+00:00,20306,20346,20296,20303,3011
2024-12-10 08:00:00+00:00,20303,20398,20303,20391,12132
2024-12-10 12:00:00+00:00,20393,20424,20374,20396,9538
2024-12-10 16:00:00+00:00,20396,20403,20349,20370,6810
2024-12-10 20:00:00+00:00,20367,20368,20326,20326,1285
2024-12-11 00:00:00+00:00,20335,20335,20306,20321,433
2024-12-11 04:00:00+00:00,20321,20372,20310,20333,2382
2024-12-11 08:00:00+00:00,20336,20383,20317,20366,9614
2024-12-11 12:00:00+00:00,20365,20409,20347,20399,11145
2024-12-11 16:00:00+00:00,20400,20451,20392,20448,7297
2024-12-11 20:00:00+00:00,20448,20453,20431,20453,1133
2024-12-12 00:00:00+00:00,20435,20437,20412,20433,528
2024-12-12 04:00:00+00:00,20431,20435,20382,20410,2125
2024-12-12 08:00:00+00:00,20411,20469,20403,20416,11759
2024-12-12 12:00:00+00:00,20419,20478,20411,20443,11858
2024-12-12 16:00:00+00:00,20443,20453,20411,20420,6350
2024-12-12 20:00:00+00:00,20419,20434,20416,20417,881
2024-12-13 00:00:00+00:00,20452,20455,20391,20411,633
2024-12-13 04:00:00+00:00,20410,20469,20409,20454,2659
2024-12-13 08:00:00+00:00,20453,20545,20449,20489,15408
2024-12-13 12:00:00+00:00,20490,20499,20396,20404,12720
2024-12-13 16:00:00+00:00,20404,20449,20380,20443,8387
2024-12-13 20:00:00+00:00,20443,20446,20422,20428,1464
2024-12-16 00:00:00+00:00,20430,20490,20430,20434,843
2024-12-16 04:00:00+00:00,20436,20439,20389,20392,3390
2024-12-16 08:00:00+00:00,20392,20407,20325,20343,22074
2024-12-16 12:00:00+00:00,20345,20374,20330,20344,11718
2024-12-16 16:00:00+00:00,20344,20369,20313,20365,8096
2024-12-16 20:00:00+00:00,20364,20367,20340,20341,1137
2024-12-17 00:00:00+00:00,20326,20346,20302,20313,662
2024-12-17 04:00:00+00:00,20314,20329,20275,20282,3107
2024-12-17 08:00:00+00:00,20281,20371,20272,20326,24308
2024-12-17 12:00:00+00:00,20325,20333,20263,20281,18797
2024-12-17 16:00:00+00:00,20280,20294,20252,20256,9822
2024-12-17 20:00:00+00:00,20252,20264,20235,20258,1978
2024-12-18 00:00:00+00:00,20263,20270,20198,20202,742
2024-12-18 04:00:00+00:00,20202,20256,20195,20254,1994
2024-12-18 08:00:00+00:00,20252,20343,20251,20309,20910
2024-12-18 12:00:00+00:00,20308,20325,20257,20291,12194
2024-12-18 16:00:00+00:00,20291,20295,20114,20120,13522
2024-12-18 20:00:00+00:00,20122,20137,19999,19999,4685
2024-12-19 00:00:00+00:00,20014,20031,19968,20007,1056
2024-12-19 04:00:00+00:00,20010,20097,19984,20068,3974
2024-12-19 08:00:00+00:00,20067,20110,19983,20035,15139
2024-12-19 12:00:00+00:00,20035,20087,19961,20002,8340
2024-12-19 16:00:00+00:00,19998,20011,19942,19969,5630
2024-12-19 20:00:00+00:00,19971,19988,19949,19949,264
2024-12-20 00:00:00+00:00,20121,20127,19978,19985,553
2024-12-20 04:00:00+00:00,19994,20079,19994,20031,3198
2024-12-20 08:00:00+00:00,20033,20037,19852,19856,20339
2024-12-20 12:00:00+00:00,19857,20071,19831,20058,15194
2024-12-20 16:00:00+00:00,20060,20138,20057,20118,10472
2024-12-20 20:00:00+00:00,20120,20125,20048,20109,1880
2024-12-23 00:00:00+00:00,20065,20109,20034,20088,774
2024-12-23 04:00:00+00:00,20091,20113,20039,20051,2487
2024-12-23 08:00:00+00:00,20052,20081,19983,20025,11356
2024-12-23 12:00:00+00:00,20026,20073,19982,19989,8567
2024-12-23 16:00:00+00:00,19988,20071,19988,20052,5926
2024-12-23 20:00:00+00:00,20050,20081,20011,20059,1547
2024-12-27 00:00:00+00:00,20164,20166,20068,20090,990
2024-12-27 04:00:00+00:00,20090,20092,20015,20016,2466
2024-12-27 08:00:00+00:00,20014,20091,19964,20082,10645
2024-12-27 12:00:00+00:00,20084,20138,20039,20110,8383
2024-12-27 16:00:00+00:00,20110,20139,20066,20126,6671
2024-12-27 20:00:00+00:00,20126,20126,20083,20121,1088
2024-12-30 00:00:00+00:00,20096,20156,20095,20117,514
2024-12-30 04:00:00+00:00,20117,20125,20051,20073,1614
2024-12-30 08:00:00+00:00,20074,20120,20034,20119,7807
2024-12-30 12:00:00+00:00,20118,20123,19910,19957,9836
2024-12-30 16:00:00+00:00,19956,20034,19955,20026,4971
2024-12-30 20:00:00+00:00,20025,20037,19978,19978,663
2025-01-02 00:00:00+00:00,19981,20055,19921,20019,985
2025-01-02 04:00:00+00:00,20019,20113,20009,20081,2808
2025-01-02 08:00:00+00:00,20084,20167,19970,20049,15616
2025-01-02 12:00:00+00:00,20052,20139,20029,20129,13342
2025-01-02 16:00:00+00:00,20128,20180,20036,20066,11276
2025-01-02 20:00:00+00:00,20067,20107,20067,20089,1286
2025-01-03 00:00:00+00:00,20115,20147,20095,20136,541
2025-01-03 04:00:00+00:00,20135,20150,20109,20142,1583
2025-01-03 08:00:00+00:00,20140,20172,20054,20090,11678
2025-01-03 12:00:00+00:00,20090,20107,20003,20043,10533
2025-01-03 16:00:00+00:00,20044,20066,20019,20045,5113
2025-01-03 20:00:00+00:00,20044,20050,20036,20042,873
2025-01-06 00:00:00+00:00,20047,20097,20046,20089,493
2025-01-06 04:00:00+00:00,20089,20144,20077,20110,2358
2025-01-06 08:00:00+00:00,20109,20314,20057,20306,16405
2025-01-06 12:00:00+00:00,20303,20345,20132,20335,17740
2025-01-06 16:00:00+00:00,20336,20387,20259,20260,9464
2025-01-06 20:00:00+00:00,20259,20277,20250,20271,1746
2025-01-07 00:00:00+00:00,20265,20291,20244,20270,490
2025-01-07 04:00:00+00:00,20273,20322,20248,20315,2237
2025-01-07 08:00:00+00:00,20315,20441,20285,20410,15421
2025-01-07 12:00:00+00:00,20410,20533,20394,20457,12713
2025-01-07 16:00:00+00:00,20456,20493,20442,20449,6849
2025-01-07 20:00:00+00:00,20448,20449,20402,20433,1771
2025-01-08 00:00:00+00:00,20431,20463,20429,20449,297
2025-01-08 04:00:00+00:00,20451,20462,20401,20438,2212
2025-01-08 08:00:00+00:00,20439,20622,20415,20491,20889
2025-01-08 12:00:00+00:00,20489,20491,20378,20458,15357
2025-01-08 16:00:00+00:00,20456,20493,20394,20466,6966
2025-01-08 20:00:00+00:00,20465,20495,20455,20495,841
2025-01-09 00:00:00+00:00,20449,20497,20441,20476,278
2025-01-09 04:00:00+00:00,20476,20480,20395,20403,1925
2025-01-09 08:00:00+00:00,20402,20456,20382,20442,9646
2025-01-09 12:00:00+00:00,20447,20493,20433,20461,7522
2025-01-09 16:00:00+00:00,20462,20465,20443,20458,2700
2025-01-09 20:00:00+00:00,20456,20474,20456,20474,591
2025-01-10 00:00:00+00:00,20410,20475,20392,20470,633
2025-01-10 04:00:00+00:00,20468,20471,20417,20441,1607
2025-01-10 08:00:00+00:00,20442,20535,20427,20523,10835
2025-01-10 12:00:00+00:00,20524,20533,20325,20379,18848
2025-01-10 16:00:00+00:00,20380,20439,20319,20408,9391
2025-01-10 20:00:00+00:00,20407,20409,20363,20390,1445
2025-01-13 00:00:00+00:00,20387,20392,20302,20306,1009
2025-01-13 04:00:00+00:00,20323,20325,20265,20291,2901
2025-01-13 08:00:00+00:00,20289,20314,20151,20200,15191
2025-01-13 12:00:00+00:00,20202,20305,20182,20293,11821
2025-01-13 16:00:00+00:00,20294,20313,20239,20305,6274
2025-01-13 20:00:00+00:00,20302,20339,20296,20339,934
2025-01-14 00:00:00+00:00,20374,20390,20333,20357,665
2025-01-14 04:00:00+00:00,20353,20385,20333,20347,2275
2025-01-14 08:00:00+00:00,20351,20431,20341,20416,11813
2025-01-14 12:00:00+00:00,20417,20491,20361,20387,11386
2025-01-14 16:00:00+00:00,20389,20424,20353,20373,7708
2025-01-14 20:00:00+00:00,20372,20396,20348,20394,1730
2025-01-15 00:00:00+00:00,20412,20430,20396,20397,267
2025-01-15 04:00:00+00:00,20395,20439,20390,20439,1767
2025-01-15 08:00:00+00:00,20439,20584,20411,20575,13137
2025-01-15 12:00:00+00:00,20574,20744,20553,20729,18879
2025-01-15 16:00:00+00:00,20729,20759,20709,20740,8714
2025-01-15 20:00:00+00:00,20740,20755,20739,20750,1511
2025-01-16 00:00:00+00:00,20774,20784,20717,20722,738
2025-01-16 04:00:00+00:00,20723,20830,20707,20826,4167
2025-01-16 08:00:00+00:00,20825,20826,20701,20752,15411
2025-01-16 12:00:00+00:00,20751,20789,20706,20728,9620
2025-01-16 16:00:00+00:00,20728,20792,20723,20773,7472
2025-01-16 20:00:00+00:00,20772,20781,20757,20769,851
2025-01-17 00:00:00+00:00,20762,20795,20755,20785,348
2025-01-17 04:00:00+00:00,20793,20840,20775,20837,2181
2025-01-17 08:00:00+00:00,20835,21011,20835,20983,18032
2025-01-17 12:00:00+00:00,20982,21050,20949,21018,12004
2025-01-17 16:00:00+00:00,21019,21037,21000,21006,5319
2025-01-17 20:00:00+00:00,21002,21034,20997,21002,1715
2025-01-20 00:00:00+00:00,21005,21034,20983,21033,518
2025-01-20 04:00:00+00:00,21038,21044,21005,21011,1638
2025-01-20 08:00:00+00:00,21010,21055,21007,21017,7199
2025-01-20 12:00:00+00:00,21017,21177,21001,21126,13526
2025-01-20 16:00:00+00:00,21126,21137,21002,21115,6339
2025-01-20 20:00:00+00:00,21112,21146,21108,21146,610
2025-01-21 00:00:00+00:00,21154,21192,20987,21105,823
2025-01-21 04:00:00+00:00,21098,21102,21023,21065,2116
2025-01-21 08:00:00+00:00,21065,21124,21036,21088,8274
2025-01-21 12:00:00+00:00,21088,21141,21076,21132,7547
2025-01-21 16:00:00+00:00,21132,21219,21127,21218,5920
2025-01-21 20:00:00+00:00,21217,21254,21215,21253,1289
2025-01-22 00:00:00+00:00,21250,21294,21250,21268,470
2025-01-22 04:00:00+00:00,21266,21297,21241,21274,2797
2025-01-22 08:00:00+00:00,21272,21428,21266,21408,13523
2025-01-22 12:00:00+00:00,21410,21454,21335,21340,10020
2025-01-22 16:00:00+00:00,21341,21397,21332,21373,6038
2025-01-22 20:00:00+00:00,21372,21379,21356,21356,830
2025-01-23 00:00:00+00:00,21344,21380,21339,21369,474
2025-01-23 04:00:00+00:00,21369,21412,21360,21400,1908
2025-01-23 08:00:00+00:00,21400,21440,21369,21421,8572
2025-01-23 12:00:00+00:00,21420,21479,21412,21474,8362
2025-01-23 16:00:00+00:00,21473,21585,21447,21573,11042
2025-01-23 20:00:00+00:00,21572,21613,21562,21601,1779
2025-01-24 00:00:00+00:00,21583,21645,21583,21623,456
2025-01-24 04:00:00+00:00,21617,21640,21581,21585,2329
2025-01-24 08:00:00+00:00,21585,21635,21566,21590,9996
2025-01-24 12:00:00+00:00,21590,21598,21463,21482,9383
2025-01-24 16:00:00+00:00,21481,21524,21473,21490,5327
2025-01-24 20:00:00+00:00,21489,21497,21469,21477,1014
2025-01-27 00:00:00+00:00,21434,21449,21361,21427,1251
2025-01-27 04:00:00+00:00,21424,21447,21263,21273,4560
2025-01-27 08:00:00+00:00,21273,21322,21192,21265,16612
2025-01-27 12:00:00+00:00,21266,21456,21266,21419,11997
2025-01-27 16:00:00+00:00,21420,21460,21383,21429,7624
2025-01-27 20:00:00+00:00,21429,21500,21428,21500,1335
2025-01-28 00:00:00+00:00,21476,21493,21431,21460,360
2025-01-28 04:00:00+00:00,21458,21539,21435,21496,3011
2025-01-28 08:00:00+00:00,21495,21549,21408,21523,11559
2025-01-28 12:00:00+00:00,21525,21589,21488,21562,10239
2025-01-28 16:00:00+00:00,21564,21622,21516,21617,8944
2025-01-28 20:00:00+00:00,21616,21626,21594,21594,1043
2025-01-29 00:00:00+00:00,21586,21610,21582,21602,196
2025-01-29 04:00:00+00:00,21608,21665,21588,21614,2691
2025-01-29 08:00:00+00:00,21613,21728,21585,21710,10667
2025-01-29 12:00:00+00:00,21710,21784,21669,21749,8684
2025-01-29 16:00:00+00:00,21750,21773,21706,21743,7066
2025-01-29 20:00:00+00:00,21742,21765,21724,21730,1067
2025-01-30 00:00:00+00:00,21769,21781,21749,21760,740
2025-01-30 04:00:00+00:00,21763,21777,21736,21774,1744
2025-01-30 08:00:00+00:00,21773,21831,21756,21803,9588
2025-01-30 12:00:00+00:00,21805,21837,21760,21803,8174
2025-01-30 16:00:00+00:00,21802,21897,21801,21896,6139
2025-01-30 20:00:00+00:00,21896,21899,21772,21832,4174
2025-01-31 00:00:00+00:00,21843,21855,21791,21810,374
2025-01-31 04:00:00+00:00,21813,21908,21805,21887,1715
2025-01-31 08:00:00+00:00,21888,21905,21823,21897,9679
2025-01-31 12:00:00+00:00,21897,21902,21802,21819,9864
2025-01-31 16:00:00+00:00,21821,21883,21705,21740,14203
2025-01-31 20:00:00+00:00,21736,21754,21707,21744,2340
2025-02-03 00:00:00+00:00,21446,21514,21194,21340,2731
2025-02-03 04:00:00+00:00,21339,21418,21206,21370,6058
2025-02-03 08:00:00+00:00,21372,21516,21358,21449,19296
2025-02-03 12:00:00+00:00,21450,21568,21356,21514,19914
2025-02-03 16:00:00+00:00,21514,21563,21447,21547,15042
2025-02-03 20:00:00+00:00,21546,21552,21497,21497,1229
2025-02-04 00:00:00+00:00,21573,21592,21538,21542,619
2025-02-04 04:00:00+00:00,21543,21589,21397,21562,2943
2025-02-04 08:00:00+00:00,21562,21605,21396,21531,12965
2025-02-04 12:00:00+00:00,21534,21614,21509,21570,10759
2025-02-04 16:00:00+00:00,21570,21615,21562,21586,6542
2025-02-04 20:00:00+00:00,21586,21597,21571,21586,1131
2025-02-05 00:00:00+00:00,21569,21593,21523,21525,306
2025-02-05 04:00:00+00:00,21528,21548,21489,21494,2244
2025-02-05 08:00:00+00:00,21492,21603,21480,21590,10156
2025-02-05 12:00:00+00:00,21590,21643,21572,21630,8318
2025-02-05 16:00:00+00:00,21630,21714,21620,21705,6342
2025-02-05 20:00:00+00:00,21706,21745,21705,21737,1598
2025-02-06 00:00:00+00:00,21748,21774,21728,21738,526
2025-02-06 04:00:00+00:00,21736,21802,21735,21777,2452
2025-02-06 08:00:00+00:00,21775,21897,21775,21850,14634
2025-02-06 12:00:00+00:00,21847,21980,21834,21932,13380
2025-02-06 16:00:00+00:00,21931,22016,21921,21964,9266
2025-02-06 20:00:00+00:00,21964,22003,21962,21983,1207
2025-02-07 00:00:00+00:00,21990,21997,21976,21983,292
2025-02-07 04:00:00+00:00,21984,22029,21964,22010,2077
2025-02-07 08:00:00+00:00,22009,22038,21984,22013,11354
2025-02-07 12:00:00+00:00,22012,22019,21855,21914,14174
2025-02-07 16:00:00+00:00,21915,21930,21823,21834,16262
2025-02-07 20:00:00+00:00,21834,21843,21818,21843,1421
2025-02-10 00:00:00+00:00,21863,21883,21850,21877,626
2025-02-10 04:00:00+00:00,21876,21914,21867,21902,1796
2025-02-10 08:00:00+00:00,21904,21962,21873,21923,9900
2025-02-10 12:00:00+00:00,21924,22018,21918,22003,9278
2025-02-10 16:00:00+00:00,22003,22035,21996,22026,5937
2025-02-10 20:00:00+00:00,22026,22039,22022,22039,1054
2025-02-11 00:00:00+00:00,21997,22028,21986,22004,463
2025-02-11 04:00:00+00:00,22007,22023,21984,21990,1576
2025-02-11 08:00:00+00:00,21989,22067,21968,22032,10744
2025-02-11 12:00:00+00:00,22031,22111,21986,22107,11327
2025-02-11 16:00:00+00:00,22106,22202,22104,22180,8345
2025-02-11 20:00:00+00:00,22181,22196,22176,22180,1347
2025-02-12 00:00:00+00:00,22169,22195,22154,22190,415
2025-02-12 04:00:00+00:00,22188,22198,22166,22178,1796
2025-02-12 08:00:00+00:00,22179,22215,22153,22181,11770
2025-02-12 12:00:00+00:00,22179,22300,22048,22259,18802
2025-02-12 16:00:00+00:00,22259,22399,22217,22390,12627
2025-02-12 20:00:00+00:00,22391,22402,22377,22397,2024
2025-02-13 00:00:00+00:00,22410,22459,22397,22454,593
2025-02-13 04:00:00+00:00,22453,22554,22433,22529,5154
2025-02-13 08:00:00+00:00,22531,22653,22387,22588,20877
2025-02-13 12:00:00+00:00,22590,22664,22536,22647,17538
2025-02-13 16:00:00+00:00,22647,22709,22507,22576,15321
2025-02-13 20:00:00+00:00,22575,22587,22552,22579,1400
2025-02-14 00:00:00+00:00,22558,22593,22558,22581,334
2025-02-14 04:00:00+00:00,22577,22619,22552,22610,2381
2025-02-14 08:00:00+00:00,22610,22678,22560,22635,16291
2025-02-14 12:00:00+00:00,22633,22644,22542,22560,10794
2025-02-14 16:00:00+00:00,22561,22586,22531,22567,6358
2025-02-14 20:00:00+00:00,22568,22583,22563,22571,970
2025-02-17 00:00:00+00:00,22572,22612,22572,22593,450
2025-02-17 04:00:00+00:00,22593,22612,22562,22607,1588
2025-02-17 08:00:00+00:00,22606,22787,22605,22768,12359
2025-02-17 12:00:00+00:00,22768,22855,22756,22852,7443
2025-02-17 16:00:00+00:00,22851,22912,22848,22907,5047
2025-02-17 20:00:00+00:00,22906,22948,22904,22916,1212
2025-02-18 00:00:00+00:00,22909,22938,22883,22927,487
2025-02-18 04:00:00+00:00,22923,22948,22876,22919,2507
2025-02-18 08:00:00+00:00,22916,22929,22775,22847,13306
2025-02-18 12:00:00+00:00,22848,22945,22836,22944,12558
2025-02-18 16:00:00+00:00,22943,22946,22904,22918,6316
2025-02-18 20:00:00+00:00,22919,22942,22915,22942,1162
2025-02-19 00:00:00+00:00,22932,22952,22915,22938,424
2025-02-19 04:00:00+00:00,22935,22951,22914,22932,2249
2025-02-19 08:00:00+00:00,22934,23001,22677,22732,20749
2025-02-19 12:00:00+00:00,22731,22769,22473,22491,20496
2025-02-19 16:00:00+00:00,22491,22531,22431,22490,10115
2025-02-19 20:00:00+00:00,22490,22499,22471,22488,1024
2025-02-20 00:00:00+00:00,22471,22550,22445,22541,1330
2025-02-20 04:00:00+00:00,22538,22607,22513,22580,3769
2025-02-20 08:00:00+00:00,22581,22634,22501,22564,15711
2025-02-20 12:00:00+00:00,22566,22594,22366,22371,14167
2025-02-20 16:00:00+00:00,22371,22424,22329,22393,9467
2025-02-20 20:00:00+00:00,22392,22398,22374,22376,1042
2025-02-21 00:00:00+00:00,22383,22392,22350,22369,372
2025-02-21 04:00:00+00:00,22360,22425,22345,22380,2394
2025-02-21 08:00:00+00:00,22382,22449,22317,22413,14337
2025-02-21 12:00:00+00:00,22412,22449,22274,22320,13730
2025-02-21 16:00:00+00:00,22323,22369,22171,22204,8772
2025-02-21 20:00:00+00:00,22203,22258,22198,22258,1394
2025-02-24 00:00:00+00:00,22304,22642,22292,22531,2003
2025-02-24 04:00:00+00:00,22534,22590,22497,22540,4665
2025-02-24 08:00:00+00:00,22545,22585,22293,22524,21533
2025-02-24 12:00:00+00:00,22522,22546,22282,22399,14910
2025-02-24 16:00:00+00:00,22402,22487,22395,22402,8049
2025-02-24 20:00:00+00:00,22399,22410,22350,22352,1854
2025-02-25 00:00:00+00:00,22353,22453,22343,22428,527
2025-02-25 04:00:00+00:00,22432,22456,22319,22332,2393
2025-02-25 08:00:00+00:00,22334,22534,22305,22510,14624
2025-02-25 12:00:00+00:00,22512,22629,22380,22472,16779
2025-02-25 16:00:00+00:00,22473,22623,22421,22609,9153
2025-02-25 20:00:00+00:00,22606,22640,22564,22588,1550
2025-02-26 00:00:00+00:00,22603,22608,22555,22569,322
2025-02-26 04:00:00+00:00,22569,22671,22567,22581,2564
2025-02-26 08:00:00+00:00,22582,22809,22564,22762,15517
2025-02-26 12:00:00+00:00,22763,22881,22708,22828,16389
2025-02-26 16:00:00+00:00,22830,22858,22632,22651,12222
2025-02-26 20:00:00+00:00,22653,22704,22648,22690,1293
2025-02-27 00:00:00+00:00,22705,22747,22642,22679,695
2025-02-27 04:00:00+00:00,22667,22742,22591,22608,2753
2025-02-27 08:00:00+00:00,22607,22700,22527,22694,13127
2025-02-27 12:00:00+00:00,22694,22725,22415,22553,15155
2025-02-27 16:00:00+00:00,22554,22601,22441,22468,7662
2025-02-27 20:00:00+00:00,22468,22470,22410,22458,1894
2025-02-28 00:00:00+00:00,22474,22485,22256,22289,1039
2025-02-28 04:00:00+00:00,22289,22428,22274,22409,3361
2025-02-28 08:00:00+00:00,22410,22545,22365,22518,12232
2025-02-28 12:00:00+00:00,22516,22571,22405,22551,11211
2025-02-28 16:00:00+00:00,22550,22614,22339,22475,16247
2025-02-28 20:00:00+00:00,22474,22597,22471,22576,2395
2025-03-03 00:00:00+00:00,22637,22767,22620,22673,1210
2025-03-03 04:00:00+00:00,22674,22760,22632,22672,4469
2025-03-03 08:00:00+00:00,22670,22910,22561,22904,20743
2025-03-03 12:00:00+00:00,22901,23352,22899,23226,33582
2025-03-03 16:00:00+00:00,23226,23252,23073,23075,14476
2025-03-03 20:00:00+00:00,23077,23086,22953,23086,3699
2025-03-04 00:00:00+00:00,23053,23094,22974,23020,681
2025-03-04 04:00:00+00:00,23008,23083,22940,22954,4153
2025-03-04 08:00:00+00:00,22956,22970,22641,22653,25510
2025-03-04 12:00:00+00:00,22654,22660,22351,22420,26585
2025-03-04 16:00:00+00:00,22421,22893,22348,22851,21285
2025-03-04 20:00:00+00:00,22845,22925,22687,22710,3439
2025-03-05 00:00:00+00:00,22849,22862,22710,22830,769
2025-03-05 04:00:00+00:00,22838,22908,22754,22875,4208
2025-03-05 08:00:00+00:00,22873,23217,22824,23099,26233
2025-03-05 12:00:00+00:00,23101,23200,23021,23165,18128
2025-03-05 16:00:00+00:00,23164,23258,23096,23233,12676
2025-03-05 20:00:00+00:00,23230,23264,23206,23233,1739
2025-03-06 00:00:00+00:00,23235,23240,23163,23221,524
2025-03-06 04:00:00+00:00,23226,23429,23217,23324,4163
2025-03-06 08:00:00+00:00,23324,23469,23092,23217,21315
2025-03-06 12:00:00+00:00,23222,23446,23084,23437,16548
2025-03-06 16:00:00+00:00,23436,23506,23185,23218,15426
2025-03-06 20:00:00+00:00,23214,23290,23211,23253,1344
2025-03-07 00:00:00+00:00,23267,23315,23196,23249,535
2025-03-07 04:00:00+00:00,23255,23264,23134,23231,2347
2025-03-07 08:00:00+00:00,23230,23253,23035,23074,16256
2025-03-07 12:00:00+00:00,23074,23186,22881,23109,21341
2025-03-07 16:00:00+00:00,23109,23243,22964,23198,11802
2025-03-07 20:00:00+00:00,23201,23248,23150,23223,1143
2025-03-10 00:00:00+00:00,23117,23188,23083,23156,631
2025-03-10 04:00:00+00:00,23145,23238,23121,23167,2359
2025-03-10 08:00:00+00:00,23172,23199,22730,22842,23463
2025-03-10 12:00:00+00:00,22846,22865,22540,22646,17238
2025-03-10 16:00:00+00:00,22646,22673,22474,22631,9905
2025-03-10 20:00:00+00:00,22627,22653,22609,22622,539
2025-03-11 00:00:00+00:00,22550,22654,22435,22633,857
2025-03-11 04:00:00+00:00,22621,22814,22616,22756,2873
2025-03-11 08:00:00+00:00,22755,22860,22650,22721,13694
2025-03-11 12:00:00+00:00,22720,22735,22270,22375,16373
2025-03-11 16:00:00+00:00,22372,22574,22261,22467,12060
2025-03-11 20:00:00+00:00,22458,22499,22432,22439,396
2025-03-12 00:00:00+00:00,22492,22563,22476,22526,469
2025-03-12 04:00:00+00:00,22526,22590,22451,22553,2429
2025-03-12 08:00:00+00:00,22551,22816,22480,22741,14232
2025-03-12 12:00:00+00:00,22740,22844,22507,22676,13594
2025-03-12 16:00:00+00:00,22675,22738,22584,22678,7078
2025-03-12 20:00:00+00:00,22670,22678,22640,22669,434
2025-03-13 00:00:00+00:00,22727,22727,22578,22586,308
2025-03-13 04:00:00+00:00,22601,22679,22540,22581,1820
2025-03-13 08:00:00+00:00,22581,22771,22444,22531,18496
2025-03-13 12:00:00+00:00,22529,22626,22424,22536,13158
2025-03-13 16:00:00+00:00,22540,22599,22484,22521,7740
2025-03-13 20:00:00+00:00,22519,22549,22519,22529,437
2025-03-14 00:00:00+00:00,22579,22699,22579,22695,416
2025-03-14 04:00:00+00:00,22693,22720,22557,22572,1349
2025-03-14 08:00:00+00:00,22565,23012,22470,22953,21948
2025-03-14 12:00:00+00:00,22953,23064,22891,22999,15178
2025-03-14 16:00:00+00:00,23001,23093,22933,23081,7816
2025-03-14 20:00:00+00:00,23079,23110,23033,23110,639
2025-03-17 00:00:00+00:00,23014,23070,22996,23048,393
2025-03-17 04:00:00+00:00,23046,23062,22950,23022,2676
2025-03-17 08:00:00+00:00,23023,23094,22936,23038,16274
2025-03-17 12:00:00+00:00,23038,23161,23014,23129,11752
2025-03-17 16:00:00+00:00,23128,23265,23116,23235,6469
2025-03-17 20:00:00+00:00,23229,23259,23219,23259,502
2025-03-18 00:00:00+00:00,23240,23255,23204,23214,263
2025-03-18 04:00:00+00:00,23216,23296,23196,23294,1737
2025-03-18 08:00:00+00:00,23290,23485,23245,23451,23795
2025-03-18 12:00:00+00:00,23452,23479,23274,23349,20533
2025-03-18 16:00:00+00:00,23349,23406,23291,23367,8269
2025-03-18 20:00:00+00:00,23371,23389,23360,23373,359
2025-03-19 00:00:00+00:00,23376,23440,23376,23408,214
2025-03-19 04:00:00+00:00,23404,23427,23198,23244,2960
2025-03-19 08:00:00+00:00,23247,23373,23220,23292,14227
2025-03-19 12:00:00+00:00,23289,23332,23134,23321,12813
2025-03-19 16:00:00+00:00,23320,23379,23246,23306,7025
2025-03-19 20:00:00+00:00,23307,23324,23298,23313,301
2025-03-20 00:00:00+00:00,23348,23354,23268,23270,298
2025-03-20 04:00:00+00:00,23278,23310,23247,23279,1218
2025-03-20 08:00:00+00:00,23283,23319,22816,22960,13779
2025-03-20 12:00:00+00:00,22962,23018,22879,22991,7938
2025-03-20 16:00:00+00:00,22990,23048,22931,22976,3379
2025-03-20 20:00:00+00:00,22974,22983,22948,22970,138
2025-03-21 00:00:00+00:00,23221,23253,23184,23185,313
2025-03-21 04:00:00+00:00,23182,23233,23095,23140,2399
2025-03-21 08:00:00+00:00,23135,23197,22968,23043,16363
2025-03-21 12:00:00+00:00,23044,23103,22956,23050,12740
2025-03-21 16:00:00+00:00,23046,23149,23041,23129,6486
2025-03-21 20:00:00+00:00,23132,23146,23127,23146,356
2025-03-24 00:00:00+00:00,23224,23247,23204,23209,401
2025-03-24 04:00:00+00:00,23207,23291,23184,23281,1675
2025-03-24 08:00:00+00:00,23280,23375,23152,23176,12751
2025-03-24 12:00:00+00:00,23176,23215,23048,23116,8841
2025-03-24 16:00:00+00:00,23115,23136,23042,23130,6947
2025-03-24 20:00:00+00:00,23124,23135,23112,23122,370
2025-03-25 00:00:00+00:00,23107,23158,23035,23044,315
2025-03-25 04:00:00+00:00,23048,23169,23031,23144,2011
2025-03-25 08:00:00+00:00,23147,23409,23075,23398,12597
2025-03-25 12:00:00+00:00,23400,23423,23236,23282,9329
2025-03-25 16:00:00+00:00,23281,23386,23279,23376,5843
2025-03-25 20:00:00+00:00,23374,23389,23369,23377,449
2025-03-26 00:00:00+00:00,23384,23412,23369,23380,253
2025-03-26 04:00:00+00:00,23377,23461,23344,23432,1769
2025-03-26 08:00:00+00:00,23433,23441,23115,23220,14518
2025-03-26 12:00:00+00:00,23223,23253,23062,23125,12937
2025-03-26 16:00:00+00:00,23122,23125,22895,22963,10826
2025-03-26 20:00:00+00:00,22962,22966,22933,22966,599
2025-03-27 00:00:00+00:00,22870,22929,22865,22916,481
2025-03-27 04:00:00+00:00,22917,22932,22779,22811,3135
2025-03-27 08:00:00+00:00,22812,22953,22694,22868,15074
2025-03-27 12:00:00+00:00,22871,22970,22750,22880,10663
2025-03-27 16:00:00+00:00,22880,22928,22839,22884,5871
2025-03-27 20:00:00+00:00,22884,22906,22883,22906,516
2025-03-28 00:00:00+00:00,22872,22906,22842,22856,204
2025-03-28 04:00:00+00:00,22852,22878,22739,22748,2245
2025-03-28 08:00:00+00:00,22746,22847,22659,22802,13014
2025-03-28 12:00:00+00:00,22802,22823,22599,22693,18731
2025-03-28 16:00:00+00:00,22691,22741,22648,22706,6553
2025-03-28 20:00:00+00:00,22706,22708,22658,22669,744
2025-03-31 00:00:00+00:00,22600,22612,22523,22534,758
2025-03-31 04:00:00+00:00,22534,22563,22378,22510,9090
2025-03-31 08:00:00+00:00,22512,22543,22202,22268,13628
2025-03-31 12:00:00+00:00,22263,22433,22193,22413,16335
2025-03-31 16:00:00+00:00,22414,22563,22358,22515,4362
2025-03-31 20:00:00+00:00,22504,22504,22504,22504,26
2025-04-01 00:00:00+00:00,22448,22512,22438,22483,440
2025-04-01 04:00:00+00:00,22475,22628,22451,22554,7012
2025-04-01 08:00:00+00:00,22549,22756,22522,22626,12830
2025-04-01 12:00:00+00:00,22629,22797,22534,22751,12647
2025-04-01 16:00:00+00:00,22751,22774,22623,22730,3703
2025-04-01 20:00:00+00:00,22727,22727,22727,22727,16
2025-04-02 00:00:00+00:00,22725,22737,22689,22712,209
2025-04-02 04:00:00+00:00,22710,22730,22466,22505,7396
2025-04-02 08:00:00+00:00,22508,22575,22392,22424,11877
2025-04-02 12:00:00+00:00,22421,22627,22354,22575,14833
2025-04-02 16:00:00+00:00,22572,22680,22531,22639,3879
2025-04-02 20:00:00+00:00,22665,22665,22665,22665,19
2025-04-03 00:00:00+00:00,22223,22280,22029,22151,1903
2025-04-03 04:00:00+00:00,22171,22295,22017,22240,12725
2025-04-03 08:00:00+00:00,22231,22361,22022,22079,14579
2025-04-03 12:00:00+00:00,22076,22184,21872,21973,19801
2025-04-03 16:00:00+00:00,21971,22077,21841,21865,5006
2025-04-03 20:00:00+00:00,21856,21856,21856,21856,12
2025-04-04 00:00:00+00:00,21860,21896,21742,21789,409
2025-04-04 04:00:00+00:00,21778,21913,21582,21601,10565
2025-04-04 08:00:00+00:00,21595,21608,20632,21073,30528
2025-04-04 12:00:00+00:00,21068,21281,20641,20748,25609
2025-04-04 16:00:00+00:00,20740,20847,20521,20530,7819
2025-04-04 20:00:00+00:00,20540,20560,20540,20560,38
2025-04-07 00:00:00+00:00,20032,20299,19799,20104,1738
2025-04-07 04:00:00+00:00,20119,20130,19004,19590,15681
2025-04-07 08:00:00+00:00,19603,20129,19454,19859,18312
2025-04-07 12:00:00+00:00,19864,21026,19734,20001,23174
2025-04-07 16:00:00+00:00,19994,20319,19834,20068,4302
2025-04-07 20:00:00+00:00,20066,20142,20066,20142,19
2025-04-08 00:00:00+00:00,20342,20503,20184,20350,682
2025-04-08 04:00:00+00:00,20361,20438,20057,20249,11845
2025-04-08 08:00:00+00:00,20243,20485,20069,20462,13828
2025-04-08 12:00:00+00:00,20458,20654,20370,20494,18015
2025-04-08 16:00:00+00:00,20491,20520,19568,19840,9498
2025-04-08 20:00:00+00:00,19885,19885,19885,19885,32
2025-04-09 00:00:00+00:00,19594,19903,19478,19700,933
2025-04-09 04:00:00+00:00,19699,20211,19507,20079,9827
2025-04-09 08:00:00+00:00,20070,20109,19518,19638,16808
2025-04-09 12:00:00+00:00,19630,20067,19551,19809,17568
2025-04-09 16:00:00+00:00,19808,21700,19775,21577,14551
2025-04-09 20:00:00+00:00,21558,21558,21558,21558,34
2025-04-10 00:00:00+00:00,21613,21650,21339,21412,703
2025-04-10 04:00:00+00:00,21400,21591,21018,21027,13232
2025-04-10 08:00:00+00:00,21037,21078,20824,20935,12211
2025-04-10 12:00:00+00:00,20936,20987,20542,20565,15155
2025-04-10 16:00:00+00:00,20570,20911,20322,20874,6255
2025-04-10 20:00:00+00:00,20876,20876,20876,20876,20
2025-04-11 00:00:00+00:00,20698,20932,20593,20891,416
2025-04-11 04:00:00+00:00,20885,21083,20637,20650,6407
2025-04-11 08:00:00+00:00,20641,20722,20279,20444,13777
2025-04-11 12:00:00+00:00,20442,20666,20349,20663,11771
2025-04-11 16:00:00+00:00,20668,20955,20638,20873,4251
2025-04-11 20:00:00+00:00,20889,20889,20889,20889,9
2025-04-14 00:00:00+00:00,21000,21039,20938,20981,427
2025-04-14 04:00:00+00:00,20975,21057,20875,21006,5568
2025-04-14 08:00:00+00:00,21005,21126,20961,20992,7544
2025-04-14 12:00:00+00:00,20992,21227,20966,20987,13792
2025-04-14 16:00:00+00:00,20983,21201,20940,21140,3818
2025-04-14 20:00:00+00:00,21111,21111,21111,21111,4
2025-04-15 00:00:00+00:00,21088,21156,21034,21155,484
2025-04-15 04:00:00+00:00,21146,21400,21096,21399,5446
2025-04-15 08:00:00+00:00,21399,21462,21274,21283,10294
2025-04-15 12:00:00+00:00,21290,21463,21210,21411,14630
2025-04-15 16:00:00+00:00,21409,21499,21385,21442,3509
2025-04-15 20:00:00+00:00,21446,21446,21446,21446,5
2025-04-16 00:00:00+00:00,21337,21352,21301,21313,436
2025-04-16 04:00:00+00:00,21314,21328,21131,21164,5639
2025-04-16 08:00:00+00:00,21164,21391,21118,21344,8175
2025-04-16 12:00:00+00:00,21348,21486,21269,21396,9903
2025-04-16 16:00:00+00:00,21396,21441,21180,21285,4879
2025-04-16 20:00:00+00:00,21284,21284,21284,21284,7
2025-04-17 00:00:00+00:00,21320,21495,21292,21495,255
2025-04-17 04:00:00+00:00,21487,21604,21398,21414,5707
2025-04-17 08:00:00+00:00,21405,21454,21306,21351,8645
2025-04-17 12:00:00+00:00,21354,21460,21312,21361,10574
2025-04-17 16:00:00+00:00,21360,21504,21360,21373,4282
2025-04-17 20:00:00+00:00,21368,21368,21368,21368,10
2025-04-22 00:00:00+00:00,21111,21271,21111,21263,549
2025-04-22 04:00:00+00:00,21250,21343,21178,21245,6005
2025-04-22 08:00:00+00:00,21244,21354,21201,21234,6962
2025-04-22 12:00:00+00:00,21230,21544,21220,21518,10045
2025-04-22 16:00:00+00:00,21520,21641,21485,21617,6868
2025-04-22 20:00:00+00:00,21603,21603,21603,21603,8
2025-04-23 00:00:00+00:00,21883,21963,21837,21951,1242
2025-04-23 04:00:00+00:00,21947,22002,21879,21981,7987
2025-04-23 08:00:00+00:00,21983,22141,21935,21951,10961
2025-04-23 12:00:00+00:00,21957,22228,21919,22108,16051
2025-04-23 16:00:00+00:00,22112,22138,22010,22084,3729
2025-04-23 20:00:00+00:00,22070,22070,22070,22070,7
2025-04-24 00:00:00+00:00,22099,22139,22060,22091,356
2025-04-24 04:00:00+00:00,22086,22119,21905,21919,6937
2025-04-24 08:00:00+00:00,21915,22135,21887,22066,8844
2025-04-24 12:00:00+00:00,22068,22249,22024,22210,10530
2025-04-24 16:00:00+00:00,22209,22282,22187,22276,3917
2025-04-24 20:00:00+00:00,22300,22300,22300,22300,17
2025-04-25 00:00:00+00:00,22292,22342,22263,22322,631
2025-04-25 04:00:00+00:00,22321,22377,22230,22300,6226
2025-04-25 08:00:00+00:00,22306,22484,22268,22366,9511
2025-04-25 12:00:00+00:00,22361,22448,22334,22447,9450
2025-04-25 16:00:00+00:00,22445,22514,22401,22511,4110
2025-04-25 20:00:00+00:00,22519,22519,22519,22519,18
2025-04-28 00:00:00+00:00,22490,22490,22401,22416,488
2025-04-28 04:00:00+00:00,22426,22532,22387,22454,5195
2025-04-28 08:00:00+00:00,22454,22598,22441,22528,7119
2025-04-28 12:00:00+00:00,22531,22586,22405,22445,9311
2025-04-28 16:00:00+00:00,22444,22510,22389,22489,3079
2025-04-28 20:00:00+00:00,22465,22465,22465,22465,9
2025-04-29 00:00:00+00:00,22495,22498,22455,22472,616
2025-04-29 04:00:00+00:00,22464,22574,22445,22562,5853
2025-04-29 08:00:00+00:00,22558,22608,22494,22590,6503
2025-04-29 12:00:00+00:00,22583,22603,22464,22583,9591
2025-04-29 16:00:00+00:00,22586,22683,22560,22665,3976
2025-04-29 20:00:00+00:00,22683,22683,22683,22683,16
2025-04-30 00:00:00+00:00,22657,22664,22603,22618,581
2025-04-30 04:00:00+00:00,22616,22760,22606,22692,5997
2025-04-30 08:00:00+00:00,22697,22746,22634,22710,6069
2025-04-30 12:00:00+00:00,22708,22708,22375,22617,18979
2025-04-30 16:00:00+00:00,22615,22775,22600,22730,4110
2025-04-30 20:00:00+00:00,22790,22790,22790,22790,21
2025-05-02 00:00:00+00:00,22799,22937,22791,22935,983
2025-05-02 04:00:00+00:00,22944,22990,22855,22959,8631
2025-05-02 08:00:00+00:00,22960,23054,22923,23029,9163
2025-05-02 12:00:00+00:00,23028,23240,23006,23213,14094
2025-05-02 16:00:00+00:00,23214,23293,23214,23252,3519
2025-05-02 20:00:00+00:00,23246,23246,23246,23246,17
2025-05-05 00:00:00+00:00,23184,23202,23133,23176,616
2025-05-05 04:00:00+00:00,23177,23298,23147,23277,4982
2025-05-05 08:00:00+00:00,23279,23370,23270,23367,7108
2025-05-05 12:00:00+00:00,23367,23493,23357,23488,9876
2025-05-05 16:00:00+00:00,23489,23534,23460,23466,2894
2025-05-05 20:00:00+00:00,23473,23473,23473,23473,11
2025-05-06 00:00:00+00:00,23455,23469,23397,23444,426
2025-05-06 04:00:00+00:00,23444,23552,23365,23367,6896
2025-05-06 08:00:00+00:00,23365,23377,22977,23289,19460
2025-05-06 12:00:00+00:00,23288,23391,23255,23340,12627
2025-05-06 16:00:00+00:00,23341,23409,23282,23312,3320
2025-05-06 20:00:00+00:00,23307,23307,23307,23307,7
2025-05-07 00:00:00+00:00,23389,23480,23356,23389,543
2025-05-07 04:00:00+00:00,23397,23444,23324,23379,4665
2025-05-07 08:00:00+00:00,23376,23424,23305,23346,5155
2025-05-07 12:00:00+00:00,23353,23369,23216,23249,9537
2025-05-07 16:00:00+00:00,23247,23359,23153,23286,4664
2025-05-07 20:00:00+00:00,23302,23302,23302,23302,10
2025-05-08 00:00:00+00:00,23308,23432,23268,23422,793
2025-05-08 04:00:00+00:00,23417,23428,23335,23374,5362
2025-05-08 08:00:00+00:00,23376,23521,23367,23490,7961
2025-05-08 12:00:00+00:00,23496,23541,23339,23513,12318
2025-05-08 16:00:00+00:00,23513,23583,23477,23486,3437
2025-05-08 20:00:00+00:00,23475,23475,23475,23475,21
2025-05-09 00:00:00+00:00,23455,23525,23427,23501,781
2025-05-09 04:00:00+00:00,23504,23618,23503,23572,4751
2025-05-09 08:00:00+00:00,23573,23608,23512,23561,7685
2025-05-09 12:00:00+00:00,23560,23636,23543,23602,9833
2025-05-09 16:00:00+00:00,23600,23617,23545,23604,3025
2025-05-09 20:00:00+00:00,23595,23595,23595,23595,18
2025-05-12 00:00:00+00:00,23711,23789,23711,23757,1068
2025-05-12 04:00:00+00:00,23756,24017,23755,23813,13107
2025-05-12 08:00:00+00:00,23813,23891,23652,23714,12242
2025-05-12 12:00:00+00:00,23715,23771,23444,23595,12802
2025-05-12 16:00:00+00:00,23594,23745,23591,23742,2291
2025-05-12 20:00:00+00:00,23757,23757,23757,23757,18
2025-05-13 00:00:00+00:00,23704,23708,23618,23632,717
2025-05-13 04:00:00+00:00,23630,23737,23580,23660,6028
2025-05-13 08:00:00+00:00,23661,23706,23629,23669,5242
2025-05-13 12:00:00+00:00,23669,23750,23644,23701,8246
2025-05-13 16:00:00+00:00,23701,23735,23672,23677,2262
2025-05-13 20:00:00+00:00,23685,23685,23685,23685,14
2025-05-14 00:00:00+00:00,23674,23674,23615,23649,661
2025-05-14 04:00:00+00:00,23651,23786,23646,23708,5994
2025-05-14 08:00:00+00:00,23708,23709,23520,23632,8141
2025-05-14 12:00:00+00:00,23631,23699,23563,23599,10481
2025-05-14 16:00:00+00:00,23594,23612,23532,23578,2545
2025-05-14 20:00:00+00:00,23564,23564,23564,23564,9
2025-05-15 00:00:00+00:00,23551,23567,23532,23541,467
2025-05-15 04:00:00+00:00,23538,23550,23411,23495,7432
2025-05-15 08:00:00+00:00,23495,23621,23494,23584,7172
2025-05-15 12:00:00+00:00,23583,23789,23558,23771,10413
2025-05-15 16:00:00+00:00,23772,23803,23752,23799,2623
2025-05-15 20:00:00+00:00,23805,23805,23805,23805,24
2025-05-16 00:00:00+00:00,23820,23820,23744,23757,511
2025-05-16 04:00:00+00:00,23755,23952,23755,23942,6029
2025-05-16 08:00:00+00:00,23940,23955,23874,23895,8723
2025-05-16 12:00:00+00:00,23894,23894,23728,23838,10981
2025-05-16 16:00:00+00:00,23838,23886,23837,23875,2254
2025-05-16 20:00:00+00:00,23870,23870,23870,23870,12
2025-05-19 00:00:00+00:00,23800,23841,23775,23781,719
2025-05-19 04:00:00+00:00,23782,23821,23728,23793,4456
2025-05-19 08:00:00+00:00,23793,23831,23729,23827,5207
2025-05-19 12:00:00+00:00,23828,24021,23784,23999,10770
2025-05-19 16:00:00+00:00,23996,24100,23996,24098,3747
2025-05-19 20:00:00+00:00,24101,24101,24101,24101,32
2025-05-20 00:00:00+00:00,24114,24139,24045,24055,572
2025-05-20 04:00:00+00:00,24054,24067,23957,23984,5706
2025-05-20 08:00:00+00:00,23984,24129,23964,24116,7131
2025-05-20 12:00:00+00:00,24114,24145,24059,24114,8604
2025-05-20 16:00:00+00:00,24115,24140,24060,24104,2582
2025-05-20 20:00:00+00:00,24082,24082,24082,24082,12
2025-05-21 00:00:00+00:00,24091,24108,24069,24094,323
2025-05-21 04:00:00+00:00,24093,24101,23991,24094,4746
2025-05-21 08:00:00+00:00,24096,24111,23924,24063,7102
2025-05-21 12:00:00+00:00,24063,24215,24018,24174,10458
2025-05-21 16:00:00+00:00,24172,24190,23934,23988,4944
2025-05-21 20:00:00+00:00,23967,23967,23967,23967,18
2025-05-22 00:00:00+00:00,23974,24050,23964,24028,483
2025-05-22 04:00:00+00:00,24029,24093,23961,23985,5738
2025-05-22 08:00:00+00:00,23984,24035,23909,23909,7272
2025-05-22 12:00:00+00:00,23909,24078,23889,24068,10670
2025-05-22 16:00:00+00:00,24071,24138,24043,24082,2697
2025-05-22 20:00:00+00:00,24102,24102,24102,24102,16
2025-05-23 00:00:00+00:00,24102,24122,24082,24093,353
2025-05-23 04:00:00+00:00,24084,24180,24026,24163,4779
2025-05-23 08:00:00+00:00,24159,24190,23504,23525,13519
2025-05-23 12:00:00+00:00,23520,23718,23307,23642,22720
2025-05-23 16:00:00+00:00,23644,23707,23605,23644,3639
2025-05-23 20:00:00+00:00,23649,23649,23649,23649,8
2025-05-26 00:00:00+00:00,23859,24043,23843,24013,624
2025-05-26 04:00:00+00:00,24011,24085,23967,24046,6288
2025-05-26 08:00:00+00:00,24048,24084,24010,24067,5066
2025-05-26 12:00:00+00:00,24066,24070,23996,24063,6657
2025-05-26 16:00:00+00:00,24061,24070,24038,24050,1204
2025-05-26 20:00:00+00:00,24047,24047,24047,24047,5
2025-05-27 00:00:00+00:00,24019,24047,23997,24000,393
2025-05-27 04:00:00+00:00,23997,24205,23995,24173,5582
2025-05-27 08:00:00+00:00,24173,24274,24140,24244,7658
2025-05-27 12:00:00+00:00,24244,24343,24193,24277,8871
2025-05-27 16:00:00+00:00,24277,24333,24277,24322,2400
2025-05-27 20:00:00+00:00,24326,24326,24326,24326,7
2025-05-28 00:00:00+00:00,24296,24348,24290,24300,616
2025-05-28 04:00:00+00:00,24303,24365,24240,24336,4586
2025-05-28 08:00:00+00:00,24338,24342,24154,24175,8448
2025-05-28 12:00:00+00:00,24170,24196,24059,24071,9519
2025-05-28 16:00:00+00:00,24076,24161,24074,24115,2287
2025-05-28 20:00:00+00:00,24097,24097,24097,24097,11
2025-05-29 00:00:00+00:00,24336,24424,24201,24354,1068
2025-05-29 04:00:00+00:00,24361,24400,24166,24268,5296
2025-05-29 08:00:00+00:00,24269,24272,24119,24128,5157
2025-05-29 12:00:00+00:00,24124,24146,23888,23905,8554
2025-05-29 16:00:00+00:00,23902,24004,23874,23988,2928
2025-05-29 20:00:00+00:00,23963,23963,23963,23963,11
2025-05-30 00:00:00+00:00,23947,23992,23933,23957,346
2025-05-30 04:00:00+00:00,23964,24127,23964,24116,5003
2025-05-30 08:00:00+00:00,24120,24215,24120,24139,7510
2025-05-30 12:00:00+00:00,24142,24182,24003,24036,11024
2025-05-30 16:00:00+00:00,24037,24091,23914,24057,4858
2025-05-30 20:00:00+00:00,24090,24090,24090,24090,29
2025-06-02 00:00:00+00:00,24020,24050,23974,23974,678
2025-06-02 04:00:00+00:00,23977,24020,23792,23864,7722
2025-06-02 08:00:00+00:00,23865,23974,23855,23951,7170
2025-06-02 12:00:00+00:00,23946,24003,23765,23983,10183
2025-06-02 16:00:00+00:00,23982,24114,23970,24107,3863
2025-06-02 20:00:00+00:00,24120,24120,24120,24120,40
2025-06-03 00:00:00+00:00,24080,24085,23994,24017,449
2025-06-03 04:00:00+00:00,24018,24083,23844,23907,6729
2025-06-03 08:00:00+00:00,23907,24024,23866,23985,6031
2025-06-03 12:00:00+00:00,23985,24138,23958,24133,7385
2025-06-03 16:00:00+00:00,24132,24171,24124,24165,2357
2025-06-03 20:00:00+00:00,24166,24166,24166,24166,20
2025-06-04 00:00:00+00:00,24177,24180,24154,24177,419
2025-06-04 04:00:00+00:00,24173,24332,24171,24324,6028
2025-06-04 08:00:00+00:00,24323,24371,24231,24269,7976
2025-06-04 12:00:00+00:00,24266,24314,24150,24299,9231
2025-06-04 16:00:00+00:00,24297,24322,24273,24290,1939
2025-06-04 20:00:00+00:00,24287,24288,24287,24287,12
2025-06-05 00:00:00+00:00,24297,24314,24284,24304,216
2025-06-05 04:00:00+00:00,24302,24364,24256,24360,4176
2025-06-05 08:00:00+00:00,24360,24423,24340,24357,6215
2025-06-05 12:00:00+00:00,24356,24512,24238,24345,15012
2025-06-05 16:00:00+00:00,24349,24354,24201,24262,4126
2025-06-05 20:00:00+00:00,24261,24261,24261,24261,14
2025-06-06 00:00:00+00:00,24276,24307,24267,24282,256
2025-06-06 04:00:00+00:00,24289,24343,24232,24253,3890
2025-06-06 08:00:00+00:00,24253,24325,24233,24287,4676
2025-06-06 12:00:00+00:00,24284,24374,24260,24335,8153
2025-06-06 16:00:00+00:00,24336,24345,24280,24325,1895
2025-06-06 20:00:00+00:00,24337,24337,24337,24337,7
2025-06-09 00:00:00+00:00,24337,24337,24269,24276,214
2025-06-09 04:00:00+00:00,24275,24313,24167,24241,4536
2025-06-09 08:00:00+00:00,24244,24273,24131,24132,4585
2025-06-09 12:00:00+00:00,24132,24208,24112,24192,6007
2025-06-09 16:00:00+00:00,24190,24220,24153,24160,1437
2025-06-09 20:00:00+00:00,24163,24163,24163,24163,7
2025-06-10 00:00:00+00:00,24163,24270,24148,24240,512
2025-06-10 04:00:00+00:00,24247,24259,24102,24142,4331
2025-06-10 08:00:00+00:00,24141,24152,23974,24125,7203
2025-06-10 12:00:00+00:00,24131,24139,24004,24021,7546
2025-06-10 16:00:00+00:00,24021,24040,23971,24026,2883
2025-06-10 20:00:00+00:00,24017,24017,24017,24017,15
2025-06-11 00:00:00+00:00,24011,24032,23875,23918,596
2025-06-11 04:00:00+00:00,23916,24068,23896,24061,5023
2025-06-11 08:00:00+00:00,24063,24105,23978,24046,6479
2025-06-11 12:00:00+00:00,24046,24187,23954,23969,12064
2025-06-11 16:00:00+00:00,23970,23986,23846,23871,3973
2025-06-11 20:00:00+00:00,23869,23869,23869,23869,26
2025-06-12 00:00:00+00:00,23848,23858,23776,23779,490
2025-06-12 04:00:00+00:00,23782,23825,23643,23655,6734
2025-06-12 08:00:00+00:00,23654,23749,23625,23694,8856
2025-06-12 12:00:00+00:00,23693,23898,23693,23756,10440
2025-06-12 16:00:00+00:00,23757,23813,23739,23778,3172
2025-06-12 20:00:00+00:00,23783,23794,23783,23794,10
2025-06-13 00:00:00+00:00,23672,23672,23311,23417,2672
2025-06-13 04:00:00+00:00,23422,23551,23297,23524,9523
2025-06-13 08:00:00+00:00,23524,23569,23362,23527,10125
2025-06-13 12:00:00+00:00,23530,23548,23428,23537,13256
2025-06-13 16:00:00+00:00,23539,23573,23386,23447,3936
2025-06-13 20:00:00+00:00,23455,23455,23455,23455,14
2025-06-16 00:00:00+00:00,23471,23483,23409,23443,382
2025-06-16 04:00:00+00:00,23445,23615,23410,23582,7791
2025-06-16 08:00:00+00:00,23583,23637,23552,23628,11789
2025-06-16 12:00:00+00:00,23629,23723,23554,23684,16510
2025-06-16 16:00:00+00:00,23685,23695,23583,23589,3249
2025-06-16 20:00:00+00:00,23605,23605,23605,23605,10
2025-06-17 00:00:00+00:00,23500,23555,23451,23515,962
2025-06-17 04:00:00+00:00,23521,23565,23318,23433,10191
2025-06-17 08:00:00+00:00,23433,23528,23363,23526,19913
2025-06-17 12:00:00+00:00,23526,23558,23430,23455,15898
2025-06-17 16:00:00+00:00,23456,23484,23299,23326,5133
2025-06-17 20:00:00+00:00,23335,23335,23335,23335,11
2025-06-18 00:00:00+00:00,23339,23392,23319,23319,379
2025-06-18 04:00:00+00:00,23320,23496,23310,23475,6397
2025-06-18 08:00:00+00:00,23478,23512,23290,23378,11915
2025-06-18 12:00:00+00:00,23378,23433,23263,23352,13941
2025-06-18 16:00:00+00:00,23349,23376,23268,23316,2569
2025-06-18 20:00:00+00:00,23314,23314,23314,23314,8
2025-06-19 00:00:00+00:00,23320,23320,23200,23268,346
2025-06-19 04:00:00+00:00,23268,23282,23103,23129,4772
2025-06-19 08:00:00+00:00,23130,23253,23124,23196,5707
2025-06-19 12:00:00+00:00,23193,23206,23024,23034,6762
2025-06-19 16:00:00+00:00,23035,23101,23024,23067,1498
2025-06-19 20:00:00+00:00,23064,23064,23064,23064,1
2025-06-20 00:00:00+00:00,23262,23351,23246,23336,772
2025-06-20 04:00:00+00:00,23340,23428,23292,23413,6355
2025-06-20 08:00:00+00:00,23414,23609,23318,23518,12375
2025-06-20 12:00:00+00:00,23519,23564,23437,23473,10644
2025-06-20 16:00:00+00:00,23471,23494,23400,23406,3330
2025-06-20 20:00:00+00:00,23413,23413,23413,23413,25
2025-06-23 00:00:00+00:00,23340,23357,23262,23346,413
2025-06-23 04:00:00+00:00,23346,23485,23273,23479,5580
2025-06-23 08:00:00+00:00,23477,23509,23195,23308,8205
2025-06-23 12:00:00+00:00,23310,23433,23303,23351,9500
2025-06-23 16:00:00+00:00,23348,23560,23241,23540,5571
2025-06-23 20:00:00+00:00,23544,23544,23544,23544,12
2025-06-24 00:00:00+00:00,23670,23724,23618,23680,592
2025-06-24 04:00:00+00:00,23670,23894,23638,23814,9889
2025-06-24 08:00:00+00:00,23810,23937,23756,23803,9679
2025-06-24 12:00:00+00:00,23801,23850,23701,23763,11250
2025-06-24 16:00:00+00:00,23765,23850,23763,23840,1946
2025-06-24 20:00:00+00:00,23847,23847,23847,23847,9
2025-06-25 00:00:00+00:00,23868,23868,23814,23822,181
2025-06-25 04:00:00+00:00,23818,23878,23743,23767,5211
2025-06-25 08:00:00+00:00,23769,23786,23619,23681,8404
2025-06-25 12:00:00+00:00,23682,23688,23587,23625,8557
2025-06-25 16:00:00+00:00,23622,23641,23583,23626,1923
2025-06-25 20:00:00+00:00,23626,23626,23626,23626,9
2025-06-26 00:00:00+00:00,23633,23651,23609,23637,236
2025-06-26 04:00:00+00:00,23637,23773,23630,23748,4456
2025-06-26 08:00:00+00:00,23748,23831,23709,23736,6723
2025-06-26 12:00:00+00:00,23738,23784,23633,23783,8931
2025-06-26 16:00:00+00:00,23783,23853,23772,23847,2916
2025-06-26 20:00:00+00:00,23848,23848,23842,23842,20
2025-06-27 00:00:00+00:00,23855,23924,23852,23895,482
2025-06-27 04:00:00+00:00,23896,23988,23870,23970,5011
2025-06-27 08:00:00+00:00,23973,24005,23896,23954,6172
2025-06-27 12:00:00+00:00,23954,24198,23925,24190,11484
2025-06-27 16:00:00+00:00,24189,24217,24101,24193,3787
2025-06-27 20:00:00+00:00,24186,24186,24186,24186,12
2025-06-30 00:00:00+00:00,24222,24249,24190,24214,248
2025-06-30 04:00:00+00:00,24212,24287,24143,24176,5842
2025-06-30 08:00:00+00:00,24179,24213,24078,24116,6480
2025-06-30 12:00:00+00:00,24116,24123,23963,24032,10535
2025-06-30 16:00:00+00:00,24031,24077,23993,24060,3196
2025-06-30 20:00:00+00:00,24056,24056,24056,24056,12
2025-07-01 00:00:00+00:00,24002,24108,24002,24083,248
2025-07-01 04:00:00+00:00,24085,24096,23972,24022,4153
2025-07-01 08:00:00+00:00,24020,24026,23858,23874,6085
2025-07-01 12:00:00+00:00,23875,23931,23745,23775,10599
2025-07-01 16:00:00+00:00,23777,23857,23777,23821,2301
2025-07-01 20:00:00+00:00,23826,23826,23826,23826,15
2025-07-02 00:00:00+00:00,23827,23920,23819,23919,304
2025-07-02 04:00:00+00:00,23918,23965,23815,23851,3895
2025-07-02 08:00:00+00:00,23852,23915,23839,23864,4658
2025-07-02 12:00:00+00:00,23859,23920,23724,23893,10208
2025-07-02 16:00:00+00:00,23891,23930,23886,23922,1474
2025-07-02 20:00:00+00:00,23922,23922,23922,23922,7
2025-07-03 00:00:00+00:00,23937,23959,23909,23944,260
2025-07-03 04:00:00+00:00,23952,24007,23935,23981,3815
2025-07-03 08:00:00+00:00,23979,23986,23866,23921,4671
2025-07-03 12:00:00+00:00,23920,24059,23893,24042,10161
2025-07-03 16:00:00+00:00,24043,24046,24009,24031,1987
2025-07-03 20:00:00+00:00,24051,24051,24051,24051,16
2025-07-04 00:00:00+00:00,23990,24009,23948,23951,1099
2025-07-04 04:00:00+00:00,23950,23976,23870,23886,4743
2025-07-04 08:00:00+00:00,23884,23927,23804,23878,7151
2025-07-04 12:00:00+00:00,23877,23939,23855,23894,6389
2025-07-04 16:00:00+00:00,23895,23895,23833,23858,1791
2025-07-04 20:00:00+00:00,23821,23821,23821,23821,19
2025-07-07 00:00:00+00:00,23992,24004,23896,23943,426
2025-07-07 04:00:00+00:00,23945,23995,23899,23968,4227
2025-07-07 08:00:00+00:00,23968,24105,23934,24102,6203
2025-07-07 12:00:00+00:00,24099,24181,24028,24175,9025
2025-07-07 16:00:00+00:00,24172,24231,24064,24093,4802
2025-07-07 20:00:00+00:00,24095,24095,24080,24080,21
2025-07-08 00:00:00+00:00,24107,24140,24085,24111,213
2025-07-08 04:00:00+00:00,24114,24256,24106,24238,4985
2025-07-08 08:00:00+00:00,24238,24292,24187,24214,6016
2025-07-08 12:00:00+00:00,24213,24350,24178,24333,11081
2025-07-08 16:00:00+00:00,24333,24384,24315,24347,4214
2025-07-08 20:00:00+00:00,24358,24358,24358,24358,11
2025-07-09 00:00:00+00:00,24331,24347,24301,24334,242
2025-07-09 04:00:00+00:00,24338,24458,24315,24450,5137
2025-07-09 08:00:00+00:00,24450,24605,24444,24594,9170
2025-07-09 12:00:00+00:00,24596,24717,24579,24676,13054
2025-07-09 16:00:00+00:00,24673,24741,24669,24732,3033
2025-07-09 20:00:00+00:00,24717,24717,24717,24717,11
2025-07-10 00:00:00+00:00,24690,24709,24667,24690,327
2025-07-10 04:00:00+00:00,24689,24748,24654,24698,5218
2025-07-10 08:00:00+00:00,24698,24722,24646,24654,5134
2025-07-10 12:00:00+00:00,24651,24678,24552,24584,9349
2025-07-10 16:00:00+00:00,24581,24582,24531,24554,2567
2025-07-10 20:00:00+00:00,24561,24561,24561,24561,6
2025-07-11 00:00:00+00:00,24535,24550,24373,24496,784
2025-07-11 04:00:00+00:00,24492,24523,24381,24394,5732
2025-07-11 08:00:00+00:00,24398,24429,24261,24347,9162
2025-07-11 12:00:00+00:00,24346,24395,24304,24336,9788
2025-07-11 16:00:00+00:00,24336,24358,24296,24324,2545
2025-07-11 20:00:00+00:00,24317,24317,24317,24317,10
2025-07-14 00:00:00+00:00,24225,24242,24142,24177,474
2025-07-14 04:00:00+00:00,24178,24194,24064,24178,5379
2025-07-14 08:00:00+00:00,24177,24200,24070,24135,6720
2025-07-14 12:00:00+00:00,24130,24276,24105,24268,8380
2025-07-14 16:00:00+00:00,24269,24332,24269,24314,2567
2025-07-14 20:00:00+00:00,24328,24328,24328,24328,24
2025-07-15 00:00:00+00:00,24295,24391,24264,24270,483
2025-07-15 04:00:00+00:00,24269,24369,24269,24345,4102
2025-07-15 08:00:00+00:00,24346,24362,24258,24265,5255
2025-07-15 12:00:00+00:00,24263,24340,24150,24182,9746
2025-07-15 16:00:00+00:00,24187,24193,24136,24139,1907
2025-07-15 20:00:00+00:00,24131,24131,24131,24131,7
2025-07-16 00:00:00+00:00,24095,24137,24079,24118,143
2025-07-16 04:00:00+00:00,24124,24171,24016,24168,6791
2025-07-16 08:00:00+00:00,24169,24267,24141,24257,4912
2025-07-16 12:00:00+00:00,24257,24303,24061,24181,11882
2025-07-16 16:00:00+00:00,24185,24294,24160,24284,2698
2025-07-16 20:00:00+00:00,24281,24288,24281,24288,18
2025-07-17 00:00:00+00:00,24263,24287,24247,24279,247
2025-07-17 04:00:00+00:00,24279,24411,24271,24331,4972
2025-07-17 08:00:00+00:00,24330,24342,24266,24289,4987
2025-07-17 12:00:00+00:00,24290,24480,24288,24455,9200
2025-07-17 16:00:00+00:00,24455,24513,24429,24498,2548
2025-07-17 20:00:00+00:00,24476,24476,24476,24476,16
2025-07-18 00:00:00+00:00,24510,24568,24504,24556,355
2025-07-18 04:00:00+00:00,24558,24588,24518,24576,4210
2025-07-18 08:00:00+00:00,24578,24581,24402,24433,7357
2025-07-18 12:00:00+00:00,24432,24463,24338,24393,7563
2025-07-18 16:00:00+00:00,24395,24406,24263,24297,3905
2025-07-18 20:00:00+00:00,24282,24282,24282,24282,20
2025-07-21 00:00:00+00:00,24313,24335,24270,24276,254
2025-07-21 04:00:00+00:00,24279,24423,24278,24361,4191
2025-07-21 08:00:00+00:00,24364,24398,24289,24360,5177
2025-07-21 12:00:00+00:00,24358,24400,24274,24367,7966
2025-07-21 16:00:00+00:00,24366,24381,24313,24328,1988
2025-07-21 20:00:00+00:00,24343,24343,24343,24343,8
2025-07-22 00:00:00+00:00,24357,24358,24286,24305,168
2025-07-22 04:00:00+00:00,24303,24331,24214,24223,4129
2025-07-22 08:00:00+00:00,24221,24270,24101,24152,7138
2025-07-22 12:00:00+00:00,24151,24203,23997,24124,12811
2025-07-22 16:00:00+00:00,24125,24193,24100,24176,2127
2025-07-22 20:00:00+00:00,24151,24151,24151,24151,14
2025-07-23 00:00:00+00:00,24197,24345,24154,24334,649
2025-07-23 04:00:00+00:00,24342,24410,24246,24296,8348
2025-07-23 08:00:00+00:00,24295,24402,24214,24274,9246
2025-07-23 12:00:00+00:00,24275,24596,24209,24529,10584
2025-07-23 16:00:00+00:00,24528,24615,24465,24611,8871
2025-07-23 20:00:00+00:00,24617,24625,24608,24608,32
2025-07-24 00:00:00+00:00,24623,24652,24594,24597,305
2025-07-24 04:00:00+00:00,24592,24638,24522,24549,7885
2025-07-24 08:00:00+00:00,24550,24587,24405,24437,9287
2025-07-24 12:00:00+00:00,24435,24465,24319,24379,9953
2025-07-24 16:00:00+00:00,24380,24388,24327,24331,2349
2025-07-24 20:00:00+00:00,24315,24315,24315,24315,14
2025-07-25 00:00:00+00:00,24363,24392,24355,24384,208
2025-07-25 04:00:00+00:00,24377,24379,24149,24163,6618
2025-07-25 08:00:00+00:00,24165,24291,24145,24192,6566
2025-07-25 12:00:00+00:00,24193,24337,24156,24291,9778
2025-07-25 16:00:00+00:00,24290,24402,24288,24395,3128
2025-07-25 20:00:00+00:00,24370,24370,24370,24370,19
2025-07-28 00:00:00+00:00,24545,24571,24520,24570,481
2025-07-28 04:00:00+00:00,24568,24645,24381,24453,9379
2025-07-28 08:00:00+00:00,24454,24459,24291,24292,7382
2025-07-28 12:00:00+00:00,24294,24312,24019,24048,14961
2025-07-28 16:00:00+00:00,24048,24061,24006,24061,2806
2025-07-28 20:00:00+00:00,24043,24043,24043,24043,21
2025-07-29 00:00:00+00:00,24063,24102,24042,24082,255
2025-07-29 04:00:00+00:00,24088,24281,24070,24270,7939
2025-07-29 08:00:00+00:00,24269,24393,24242,24325,10547
2025-07-29 12:00:00+00:00,24328,24381,24253,24325,9366
2025-07-29 16:00:00+00:00,24326,24351,24263,24295,2992
2025-07-29 20:00:00+00:00,24298,24316,24298,24316,26
2025-07-30 00:00:00+00:00,24302,24345,24260,24331,201
2025-07-30 04:00:00+00:00,24338,24368,24212,24262,4812
2025-07-30 08:00:00+00:00,24260,24362,24255,24338,6206
2025-07-30 12:00:00+00:00,24337,24385,24303,24372,7317
2025-07-30 16:00:00+00:00,24373,24395,24251,24350,3548
2025-07-30 20:00:00+00:00,24364,24364,24364,24364,18
2025-07-31 00:00:00+00:00,24376,24412,24365,24409,328
2025-07-31 04:00:00+00:00,24408,24510,24360,24470,5644
2025-07-31 08:00:00+00:00,24465,24495,24278,24291,8115
2025-07-31 12:00:00+00:00,24291,24326,24109,24174,13631
2025-07-31 16:00:00+00:00,24174,24185,24041,24105,3553
2025-07-31 20:00:00+00:00,24084,24099,24084,24099,13
2025-08-01 00:00:00+00:00,24053,24103,23892,24018,794
2025-08-01 04:00:00+00:00,24010,24038,23729,23757,9090
2025-08-01 08:00:00+00:00,23758,23790,23657,23703,12168
2025-08-01 12:00:00+00:00,23703,23713,23446,23546,19374
2025-08-01 16:00:00+00:00,23544,23577,23455,23514,3187
2025-08-01 20:00:00+00:00,23524,23524,23524,23524,12
2025-08-04 00:00:00+00:00,23549,23663,23547,23662,282
2025-08-04 04:00:00+00:00,23659,23758,23544,23737,8518
2025-08-04 08:00:00+00:00,23736,23829,23693,23815,8689
2025-08-04 12:00:00+00:00,23815,23857,23754,23827,9108
2025-08-04 16:00:00+00:00,23829,23878,23814,23872,1940
2025-08-04 20:00:00+00:00,23882,23882,23882,23882,12
2025-08-05 00:00:00+00:00,23869,23920,23856,23879,217
2025-08-05 04:00:00+00:00,23873,24004,23870,23907,5299
2025-08-05 08:00:00+00:00,23908,24041,23877,24034,5401
2025-08-05 12:00:00+00:00,24036,24050,23851,23893,9737
2025-08-05 16:00:00+00:00,23892,23984,23889,23937,2146
2025-08-05 20:00:00+00:00,23940,23940,23940,23940,11
2025-08-06 00:00:00+00:00,23939,23990,23902,23973,193
2025-08-06 04:00:00+00:00,23984,24106,23980,24042,5508
2025-08-06 08:00:00+00:00,24042,24066,23870,23934,6022
2025-08-06 12:00:00+00:00,23935,24019,23893,24014,7185
2025-08-06 16:00:00+00:00,24016,24039,23977,24010,2727
2025-08-06 20:00:00+00:00,24018,24018,24018,24018,7
2025-08-07 00:00:00+00:00,24031,24052,23975,24028,446
2025-08-07 04:00:00+00:00,24030,24165,23966,24073,6818
2025-08-07 08:00:00+00:00,24073,24455,24067,24363,15312
2025-08-07 12:00:00+00:00,24364,24423,24239,24255,11325
2025-08-07 16:00:00+00:00,24254,24270,24155,24262,3276
2025-08-07 20:00:00+00:00,24255,24255,24255,24255,12
2025-08-08 00:00:00+00:00,24302,24369,24302,24309,197
2025-08-08 04:00:00+00:00,24313,24319,24151,24177,4195
2025-08-08 08:00:00+00:00,24175,24274,24166,24268,4952
2025-08-08 12:00:00+00:00,24264,24335,24171,24235,9077
2025-08-08 16:00:00+00:00,24235,24288,24225,24288,1760
2025-08-08 20:00:00+00:00,24306,24306,24306,24306,17
2025-08-11 00:00:00+00:00,24314,24345,24303,24320,164
2025-08-11 04:00:00+00:00,24318,24341,24150,24161,4798
2025-08-11 08:00:00+00:00,24159,24208,24109,24206,5561
2025-08-11 12:00:00+00:00,24206,24220,24087,24159,6785
2025-08-11 16:00:00+00:00,24158,24180,24110,24145,2935
2025-08-11 20:00:00+00:00,24150,24150,24150,24150,8
2025-08-12 00:00:00+00:00,24111,24208,24111,24198,197
2025-08-12 04:00:00+00:00,24195,24255,24112,24157,5187
2025-08-12 08:00:00+00:00,24158,24159,24001,24021,5805
2025-08-12 12:00:00+00:00,24024,24148,24017,24108,10282
2025-08-12 16:00:00+00:00,24108,24205,24085,24205,1957
2025-08-12 20:00:00+00:00,24199,24199,24199,24199,10
2025-08-13 00:00:00+00:00,24190,24211,24159,24210,185
2025-08-13 04:00:00+00:00,24204,24274,24133,24216,5777
2025-08-13 08:00:00+00:00,24220,24310,24208,24263,4860
2025-08-13 12:00:00+00:00,24262,24297,24211,24225,7697
2025-08-13 16:00:00+00:00,24226,24285,24226,24280,1628
2025-08-13 20:00:00+00:00,24289,24289,24289,24289,9
2025-08-14 00:00:00+00:00,24296,24296,24228,24231,136
2025-08-14 04:00:00+00:00,24234,24341,24172,24340,4688
2025-08-14 08:00:00+00:00,24339,24421,24277,24414,6888
2025-08-14 12:00:00+00:00,24411,24470,24318,24452,10174
2025-08-14 16:00:00+00:00,24452,24493,24419,24479,2113
2025-08-14 20:00:00+00:00,24472,24472,24472,24472,17
2025-08-15 00:00:00+00:00,24494,24520,24470,24494,254
2025-08-15 04:00:00+00:00,24497,24595,24483,24567,7056
2025-08-15 08:00:00+00:00,24565,24587,24442,24454,7759
2025-08-15 12:00:00+00:00,24453,24464,24380,24402,8293
2025-08-15 16:00:00+00:00,24401,24435,24382,24432,1785
2025-08-15 20:00:00+00:00,24431,24431,24431,24431,11
2025-08-18 00:00:00+00:00,24494,24510,24451,24479,148
2025-08-18 04:00:00+00:00,24475,24497,24291,24334,5252
2025-08-18 08:00:00+00:00,24336,24370,24298,24325,6913
2025-08-18 12:00:00+00:00,24324,24393,24295,24377,7473
2025-08-18 16:00:00+00:00,24377,24415,24348,24407,1935
2025-08-18 20:00:00+00:00,24395,24395,24395,24395,11
2025-08-19 00:00:00+00:00,24403,24427,24377,24379,224
2025-08-19 04:00:00+00:00,24376,24422,24328,24345,3746
2025-08-19 08:00:00+00:00,24344,24480,24343,24411,7127
2025-08-19 12:00:00+00:00,24410,24494,24406,24434,8501
2025-08-19 16:00:00+00:00,24431,24439,24369,24398,2889
2025-08-19 20:00:00+00:00,24419,24419,24419,24419,15
2025-08-20 00:00:00+00:00,24390,24390,24316,24319,196
2025-08-20 04:00:00+00:00,24320,24383,24256,24364,5536
2025-08-20 08:00:00+00:00,24364,24420,24329,24386,6142
2025-08-20 12:00:00+00:00,24386,24401,24265,24302,9869
2025-08-20 16:00:00+00:00,24300,24354,24281,24344,2224
2025-08-20 20:00:00+00:00,24349,24349,24349,24349,7
2025-08-21 00:00:00+00:00,24341,24373,24332,24361,162
2025-08-21 04:00:00+00:00,24354,24356,24290,24322,3488
2025-08-21 08:00:00+00:00,24320,24343,24219,24253,7211
2025-08-21 12:00:00+00:00,24250,24351,24231,24299,8232
2025-08-21 16:00:00+00:00,24297,24333,24276,24324,2307
2025-08-21 20:00:00+00:00,24312,24312,24312,24312,6
2025-08-22 00:00:00+00:00,24318,24349,24304,24323,174
2025-08-22 04:00:00+00:00,24315,24329,24243,24313,3626
2025-08-22 08:00:00+00:00,24311,24382,24301,24329,7390
2025-08-22 12:00:00+00:00,24331,24493,24320,24388,10442
2025-08-22 16:00:00+00:00,24388,24419,24373,24396,2272
2025-08-22 20:00:00+00:00,24409,24409,24409,24409,5
2025-08-25 00:00:00+00:00,24408,24413,24322,24337,208
2025-08-25 04:00:00+00:00,24334,24355,24256,24306,5470
2025-08-25 08:00:00+00:00,24305,24372,24261,24354,4868
2025-08-25 12:00:00+00:00,24355,24419,24274,24317,8446
2025-08-25 16:00:00+00:00,24315,24341,24303,24309,2395
2025-08-25 20:00:00+00:00,24318,24318,24318,24318,15
2025-08-26 00:00:00+00:00,24283,24311,24130,24180,375
2025-08-26 04:00:00+00:00,24186,24263,24075,24184,8408
2025-08-26 08:00:00+00:00,24184,24246,24164,24203,7652
2025-08-26 12:00:00+00:00,24204,24308,24198,24224,8659
2025-08-26 16:00:00+00:00,24225,24265,24215,24256,1712
2025-08-26 20:00:00+00:00,24253,24255,24252,24255,8
2025-08-27 00:00:00+00:00,24256,24294,24251,24294,135
2025-08-27 04:00:00+00:00,24290,24290,24147,24182,5833
2025-08-27 08:00:00+00:00,24181,24194,24051,24147,7940
2025-08-27 12:00:00+00:00,24146,24177,24014,24093,9083
2025-08-27 16:00:00+00:00,24093,24116,24051,24098,1487
2025-08-27 20:00:00+00:00,24081,24081,24081,24081,11
2025-08-28 00:00:00+00:00,24028,24156,24012,24151,298
2025-08-28 04:00:00+00:00,24148,24242,24095,24199,5679
2025-08-28 08:00:00+00:00,24198,24218,24001,24075,7287
2025-08-28 12:00:00+00:00,24077,24142,24055,24097,8931
2025-08-28 16:00:00+00:00,24098,24121,24079,24084,1953
2025-08-28 20:00:00+00:00,24090,24090,24090,24090,10
2025-08-29 00:00:00+00:00,24090,24097,24014,24041,220
2025-08-29 04:00:00+00:00,24038,24084,23949,23968,6619
2025-08-29 08:00:00+00:00,23969,24042,23910,24030,9036
2025-08-29 12:00:00+00:00,24029,24099,23925,23948,12142
2025-08-29 16:00:00+00:00,23947,23994,23945,23967,1886
2025-08-29 20:00:00+00:00,23994,23994,23994,23994,30
2025-09-01 00:00:00+00:00,24043,24054,23960,23971,211
2025-09-01 04:00:00+00:00,23973,24075,23968,24038,4340
2025-09-01 08:00:00+00:00,24040,24083,23994,24030,5515
2025-09-01 12:00:00+00:00,24030,24071,24006,24053,5315
2025-09-01 16:00:00+00:00,24051,24077,24048,24077,926
2025-09-01 20:00:00+00:00,24065,24065,24065,24065,14
2025-09-02 00:00:00+00:00,24042,24126,24018,24054,404
2025-09-02 04:00:00+00:00,24055,24057,23796,23815,9796
2025-09-02 08:00:00+00:00,23815,23863,23686,23702,11947
2025-09-02 12:00:00+00:00,23703,23711,23506,23519,19277
2025-09-02 16:00:00+00:00,23517,23646,23517,23645,3508
2025-09-02 20:00:00+00:00,23645,23645,23645,23645,26
2025-09-03 00:00:00+00:00,23665,23683,23593,23611,289
2025-09-03 04:00:00+00:00,23608,23661,23532,23598,7373
2025-09-03 08:00:00+00:00,23597,23737,23587,23685,8147
2025-09-03 12:00:00+00:00,23686,23690,23575,23602,9609
2025-09-03 16:00:00+00:00,23600,23634,23567,23633,2459
2025-09-03 20:00:00+00:00,23630,23630,23630,23630,7
2025-09-04 00:00:00+00:00,23655,23664,23590,23610,371
2025-09-04 04:00:00+00:00,23621,23729,23616,23724,6200
2025-09-04 08:00:00+00:00,23727,23827,23671,23789,8872
2025-09-04 12:00:00+00:00,23789,23823,23734,23787,8979
2025-09-04 16:00:00+00:00,23787,23860,23782,23844,2075
2025-09-04 20:00:00+00:00,23838,23838,23838,23838,12
2025-09-05 00:00:00+00:00,23854,23869,23840,23854,158
2025-09-05 04:00:00+00:00,23858,23916,23777,23842,6563
2025-09-05 08:00:00+00:00,23842,23871,23802,23834,5921
2025-09-05 12:00:00+00:00,23834,23854,23565,23608,14534
2025-09-05 16:00:00+00:00,23612,23689,23595,23675,2898
2025-09-05 20:00:00+00:00,23667,23667,23667,23667,12
2025-09-08 00:00:00+00:00,23702,23755,23702,23742,335
2025-09-08 04:00:00+00:00,23739,23818,23685,23788,6136
2025-09-08 08:00:00+00:00,23789,23796,23708,23708,7146
2025-09-08 12:00:00+00:00,23711,23852,23673,23825,10183
2025-09-08 16:00:00+00:00,23822,23823,23779,23814,2275
2025-09-08 20:00:00+00:00,23823,23823,23823,23823,7
2025-09-09 00:00:00+00:00,23814,23814,23769,23800,195
2025-09-09 04:00:00+00:00,23805,23880,23720,23802,5579
2025-09-09 08:00:00+00:00,23804,23806,23664,23701,7659
2025-09-09 12:00:00+00:00,23703,23759,23650,23726,8370
2025-09-09 16:00:00+00:00,23727,23809,23723,23801,1901
2025-09-09 20:00:00+00:00,23787,23787,23787,23787,11
2025-09-10 00:00:00+00:00,23836,23869,23813,23860,359
2025-09-10 04:00:00+00:00,23861,23901,23806,23888,6633
2025-09-10 08:00:00+00:00,23890,23897,23700,23750,9260
2025-09-10 12:00:00+00:00,23747,23814,23612,23649,10448
2025-09-10 16:00:00+00:00,23646,23659,23599,23628,2772
2025-09-10 20:00:00+00:00,23611,23611,23611,23611,16
2025-09-11 00:00:00+00:00,23638,23660,23620,23645,183
2025-09-11 04:00:00+00:00,23645,23684,23569,23654,5473
2025-09-11 08:00:00+00:00,23655,23716,23611,23689,6992
2025-09-11 12:00:00+00:00,23691,23803,23650,23719,15362
2025-09-11 16:00:00+00:00,23718,23779,23717,23770,1811
2025-09-11 20:00:00+00:00,23767,23767,23767,23767,11
2025-09-12 00:00:00+00:00,23761,23777,23718,23724,130
2025-09-12 04:00:00+00:00,23735,23807,23687,23689,7334
2025-09-12 08:00:00+00:00,23687,23708,23611,23692,9859
2025-09-12 12:00:00+00:00,23688,23732,23659,23719,13662
2025-09-12 16:00:00+00:00,23719,23741,23703,23718,2500
2025-09-12 20:00:00+00:00,23708,23708,23708,23708,11
2025-09-15 00:00:00+00:00,23703,23738,23664,23732,336
2025-09-15 04:00:00+00:00,23721,23826,23721,23826,8154
2025-09-15 08:00:00+00:00,23828,23865,23741,23854,15596
2025-09-15 12:00:00+00:00,23855,23861,23674,23766,18728
2025-09-15 16:00:00+00:00,23766,23768,23722,23752,2346
2025-09-15 20:00:00+00:00,23735,23735,23735,23735,20
2025-09-16 00:00:00+00:00,23753,23775,23713,23761,315
2025-09-16 04:00:00+00:00,23757,23796,23623,23647,9981
2025-09-16 08:00:00+00:00,23646,23716,23600,23609,15031
2025-09-16 12:00:00+00:00,23610,23624,23322,23373,26267
2025-09-16 16:00:00+00:00,23371,23422,23364,23402,2440
2025-09-16 20:00:00+00:00,23401,23401,23401,23401,14
2025-09-17 00:00:00+00:00,23401,23412,23376,23403,303
2025-09-17 04:00:00+00:00,23405,23473,23383,23469,9264
2025-09-17 08:00:00+00:00,23468,23479,23283,23334,14314
2025-09-17 12:00:00+00:00,23332,23456,23315,23399,13683
2025-09-17 16:00:00+00:00,23400,23442,23308,23390,5853
2025-09-17 20:00:00+00:00,23390,23394,23390,23394,4
2025-09-18 00:00:00+00:00,23435,23514,23397,23502,500
2025-09-18 04:00:00+00:00,23493,23626,23417,23614,6305
2025-09-18 08:00:00+00:00,23615,23695,23581,23641,7468
2025-09-18 12:00:00+00:00,23637,23694,23571,23647,9006
2025-09-18 16:00:00+00:00,23646,23726,23646,23693,1106
2025-09-19 00:00:00+00:00,23849,23850,23809,23823,293
2025-09-19 04:00:00+00:00,23818,23896,23789,23889,5896
2025-09-19 08:00:00+00:00,23891,23926,23733,23767,12512
2025-09-19 12:00:00+00:00,23765,23842,23753,23776,10035
2025-09-19 16:00:00+00:00,23776,23811,23756,23793,2274
2025-09-19 20:00:00+00:00,23790,23790,23790,23790,15
2025-09-22 00:00:00+00:00,23796,23825,23781,23804,164
2025-09-22 04:00:00+00:00,23805,23810,23601,23651,7055
2025-09-22 08:00:00+00:00,23648,23684,23553,23620,8133
2025-09-22 12:00:00+00:00,23620,23683,23587,23654,8318
2025-09-22 16:00:00+00:00,23654,23734,23653,23719,1949
2025-09-22 20:00:00+00:00,23705,23705,23705,23705,23
2025-09-23 00:00:00+00:00,23703,23728,23701,23723,218
2025-09-23 04:00:00+00:00,23722,23808,23691,23764,5260
2025-09-23 08:00:00+00:00,23770,23861,23697,23752,9436
2025-09-23 12:00:00+00:00,23751,23824,23746,23756,8316
2025-09-23 16:00:00+00:00,23756,23772,23637,23686,3998
2025-09-23 20:00:00+00:00,23691,23691,23691,23691,8
2025-09-24 00:00:00+00:00,23684,23696,23657,23689,215
2025-09-24 04:00:00+00:00,23691,23764,23630,23727,5693
2025-09-24 08:00:00+00:00,23731,23750,23678,23743,6670
2025-09-24 12:00:00+00:00,23741,23872,23741,23782,13731
2025-09-24 16:00:00+00:00,23782,23827,23773,23827,2405
2025-09-24 20:00:00+00:00,23836,23836,23836,23836,11
2025-09-25 00:00:00+00:00,23847,23854,23806,23843,269
2025-09-25 04:00:00+00:00,23836,23862,23669,23728,7439
2025-09-25 08:00:00+00:00,23729,23748,23507,23552,13643
2025-09-25 12:00:00+00:00,23551,23699,23521,23688,12110
2025-09-25 16:00:00+00:00,23687,23710,23589,23705,3819
2025-09-25 20:00:00+00:00,23700,23700,23700,23700,13
2025-09-26 00:00:00+00:00,23707,23710,23675,23691,251
2025-09-26 04:00:00+00:00,23687,23802,23659,23780,6891
2025-09-26 08:00:00+00:00,23779,23823,23703,23814,7760
2025-09-26 12:00:00+00:00,23812,23891,23787,23837,12257
2025-09-26 16:00:00+00:00,23837,23890,23830,23880,2487
2025-09-26 20:00:00+00:00,23894,23894,23894,23894,11
2025-09-29 00:00:00+00:00,23904,23956,23904,23945,392
2025-09-29 04:00:00+00:00,23940,24008,23864,23873,7237
2025-09-29 08:00:00+00:00,23872,23951,23857,23878,7897
2025-09-29 12:00:00+00:00,23877,23919,23794,23859,8566
2025-09-29 16:00:00+00:00,23862,23898,23844,23895,1686
2025-09-29 20:00:00+00:00,23900,23900,23900,23900,9
2025-09-30 00:00:00+00:00,23892,23912,23868,23892,193
2025-09-30 04:00:00+00:00,23892,23905,23808,23840,4365
2025-09-30 08:00:00+00:00,23838,23909,23801,23904,5520
2025-09-30 12:00:00+00:00,23903,24022,23894,24011,10857
2025-09-30 16:00:00+00:00,24012,24083,24003,24068,3066
2025-09-30 20:00:00+00:00,24060,24060,24060,24060,12
2025-10-01 00:00:00+00:00,24019,24071,24012,24031,381
2025-10-01 04:00:00+00:00,24032,24034,23869,23933,7936
2025-10-01 08:00:00+00:00,23933,24149,23908,24129,9474
2025-10-01 12:00:00+00:00,24130,24294,24067,24270,12017
2025-10-01 16:00:00+00:00,24270,24395,24265,24363,4727
2025-10-01 20:00:00+00:00,24335,24335,24335,24335,31
2025-10-02 00:00:00+00:00,24341,24401,24340,24397,276
2025-10-02 04:00:00+00:00,24395,24439,24366,24408,6703
2025-10-02 08:00:00+00:00,24407,24591,24407,24573,10241
2025-10-02 12:00:00+00:00,24573,24630,24512,24584,11370
2025-10-02 16:00:00+00:00,24583,24624,24575,24590,2478
2025-10-02 20:00:00+00:00,24601,24601,24601,24601,20
2025-10-03 00:00:00+00:00,24613,24657,24599,24655,217
2025-10-03 04:00:00+00:00,24653,24667,24573,24609,4462
2025-10-03 08:00:00+00:00,24607,24612,24490,24495,5475
2025-10-03 12:00:00+00:00,24494,24530,24468,24530,7682
2025-10-03 16:00:00+00:00,24527,24527,24461,24515,1943
2025-10-03 20:00:00+00:00,24502,24502,24502,24502,17
2025-10-06 00:00:00+00:00,24558,24571,24487,24508,259
2025-10-06 04:00:00+00:00,24508,24547,24387,24443,6846
2025-10-06 08:00:00+00:00,24443,24580,24434,24569,6951
2025-10-06 12:00:00+00:00,24571,24606,24487,24518,7525
2025-10-06 16:00:00+00:00,24518,24576,24514,24563,2717
2025-10-06 20:00:00+00:00,24555,24555,24555,24555,15
2025-10-07 00:00:00+00:00,24537,24579,24523,24554,219
2025-10-07 04:00:00+00:00,24553,24570,24462,24469,4287
2025-10-07 08:00:00+00:00,24469,24563,24426,24552,6664
2025-10-07 12:00:00+00:00,24552,24576,24480,24498,8007
2025-10-07 16:00:00+00:00,24497,24528,24464,24497,2984
2025-10-07 20:00:00+00:00,24492,24492,24492,24492,9
2025-10-08 00:00:00+00:00,24485,24534,24483,24522,247
2025-10-08 04:00:00+00:00,24519,24596,24481,24590,5545
2025-10-08 08:00:00+00:00,24590,24691,24540,24654,8886
2025-10-08 12:00:00+00:00,24653,24754,24648,24719,9488
2025-10-08 16:00:00+00:00,24721,24751,24707,24744,2295
2025-10-08 20:00:00+00:00,24752,24752,24752,24752,32
2025-10-09 00:00:00+00:00,24746,24761,24669,24708,299
2025-10-09 04:00:00+00:00,24710,24828,24706,24735,6056
2025-10-09 08:00:00+00:00,24737,24891,24717,24864,6964
2025-10-09 12:00:00+00:00,24864,24874,24724,24769,8247
2025-10-09 16:00:00+00:00,24770,24777,24689,24738,2674
2025-10-10 00:00:00+00:00,24787,24787,24744,24765,333
2025-10-10 04:00:00+00:00,24769,24809,24728,24782,3989
2025-10-10 08:00:00+00:00,24780,24804,24644,24736,7112
2025-10-10 12:00:00+00:00,24737,24743,24295,24398,15700
2025-10-10 16:00:00+00:00,24397,24446,24281,24294,4521
2025-10-10 20:00:00+00:00,24286,24286,24286,24286,22
2025-10-13 00:00:00+00:00,24497,24531,24438,24460,516
2025-10-13 04:00:00+00:00,24464,24563,24448,24502,7557
2025-10-13 08:00:00+00:00,24502,24512,24400,24431,7013
2025-10-13 12:00:00+00:00,24424,24511,24367,24504,9090
2025-10-13 16:00:00+00:00,24504,24544,24491,24537,3064
2025-10-13 20:00:00+00:00,24532,24532,24532,24532,10
2025-10-14 00:00:00+00:00,24530,24593,24506,24509,339
2025-10-14 04:00:00+00:00,24506,24506,24173,24245,9523
2025-10-14 08:00:00+00:00,24244,24328,24091,24232,9705
2025-10-14 12:00:00+00:00,24231,24411,24149,24395,12298
2025-10-14 16:00:00+00:00,24393,24449,24345,24398,3560
2025-10-14 20:00:00+00:00,24413,24413,24413,24413,15
2025-10-15 00:00:00+00:00,24398,24448,24387,24415,219
2025-10-15 04:00:00+00:00,24419,24472,24342,24425,7052
2025-10-15 08:00:00+00:00,24430,24450,24308,24346,7604
2025-10-15 12:00:00+00:00,24344,24392,24232,24266,10949
2025-10-15 16:00:00+00:00,24267,24317,24114,24254,3699
2025-10-15 20:00:00+00:00,24266,24266,24266,24266,25
2025-10-16 00:00:00+00:00,24266,24279,24230,24241,279
2025-10-16 04:00:00+00:00,24241,24330,24150,24251,9019
2025-10-16 08:00:00+00:00,24247,24337,24206,24282,6990
2025-10-16 12:00:00+00:00,24283,24392,24217,24348,11439
2025-10-16 16:00:00+00:00,24349,24363,24122,24181,7400
2025-10-16 20:00:00+00:00,24173,24173,24173,24173,16
2025-10-17 00:00:00+00:00,24127,24149,24057,24072,634
2025-10-17 04:00:00+00:00,24074,24084,23778,23868,14286
2025-10-17 08:00:00+00:00,23871,23978,23821,23971,15201
2025-10-17 12:00:00+00:00,23970,24090,23925,24005,15895
2025-10-17 16:00:00+00:00,24007,24090,23978,24080,2477
2025-10-17 20:00:00+00:00,24077,24077,24077,24077,17
2025-10-20 00:00:00+00:00,24033,24112,24011,24111,687
2025-10-20 04:00:00+00:00,24112,24225,24098,24197,6372
2025-10-20 08:00:00+00:00,24197,24252,24122,24230,7497
2025-10-20 12:00:00+00:00,24229,24403,24207,24366,11435
2025-10-20 16:00:00+00:00,24369,24440,24363,24429,2376
2025-10-20 20:00:00+00:00,24441,24441,24441,24441,22
2025-10-21 00:00:00+00:00,24448,24471,24439,24443,243
2025-10-21 04:00:00+00:00,24446,24448,24359,24380,4480
2025-10-21 08:00:00+00:00,24379,24430,24300,24424,6078
2025-10-21 12:00:00+00:00,24425,24487,24330,24454,9161
2025-10-21 16:00:00+00:00,24454,24467,24398,24425,2450
2025-10-21 20:00:00+00:00,24425,24425,24425,24425,19
2025-10-22 00:00:00+00:00,24420,24430,24366,24430,284
2025-10-22 04:00:00+00:00,24430,24461,24354,24409,5220
2025-10-22 08:00:00+00:00,24408,24433,24326,24390,6047
2025-10-22 12:00:00+00:00,24393,24413,24234,24270,9587
2025-10-22 16:00:00+00:00,24271,24273,24042,24248,4685
2025-10-22 20:00:00+00:00,24251,24251,24251,24251,12
2025-10-23 00:00:00+00:00,24219,24239,24172,24221,264
2025-10-23 04:00:00+00:00,24223,24307,24181,24207,6404
2025-10-23 08:00:00+00:00,24210,24243,24127,24184,8757
2025-10-23 12:00:00+00:00,24183,24320,24166,24294,9634
2025-10-23 16:00:00+00:00,24294,24324,24266,24299,2784
2025-10-23 20:00:00+00:00,24313,24313,24313,24313,12
2025-10-24 00:00:00+00:00,24292,24360,24292,24348,186
2025-10-24 04:00:00+00:00,24346,24395,24263,24282,6264
2025-10-24 08:00:00+00:00,24281,24328,24229,24264,6619
2025-10-24 12:00:00+00:00,24267,24358,24242,24314,8817
2025-10-24 16:00:00+00:00,24315,24327,24290,24298,1305
2025-10-24 20:00:00+00:00,24320,24320,24320,24320,25
2025-10-27 00:00:00+00:00,24420,24498,24387,24390,449
2025-10-27 04:00:00+00:00,24394,24469,24386,24398,2406
2025-10-27 08:00:00+00:00,24399,24432,24288,24308,7363
2025-10-27 12:00:00+00:00,24310,24391,24275,24350,6485
2025-10-27 16:00:00+00:00,24351,24409,24351,24393,3996
2025-10-27 20:00:00+00:00,24394,24421,24391,24407,494
2025-10-28 00:00:00+00:00,24400,24415,24347,24353,187
2025-10-28 04:00:00+00:00,24356,24387,24322,24363,1792
2025-10-28 08:00:00+00:00,24365,24394,24270,24381,8340
2025-10-28 12:00:00+00:00,24382,24435,24346,24390,6124
2025-10-28 16:00:00+00:00,24391,24416,24322,24325,4081
2025-10-28 20:00:00+00:00,24326,24356,24324,24331,526
2025-10-29 00:00:00+00:00,24334,24335,24246,24286,312
2025-10-29 04:00:00+00:00,24288,24357,24260,24337,1692
2025-10-29 08:00:00+00:00,24338,24408,24310,24361,7588
2025-10-29 12:00:00+00:00,24358,24398,24167,24216,9669
2025-10-29 16:00:00+00:00,24216,24273,24090,24230,5221
2025-10-29 20:00:00+00:00,24228,24260,24193,24205,488
2025-10-30 00:00:00+00:00,24230,24341,24230,24289,358
2025-10-30 04:00:00+00:00,24291,24304,24140,24289,2416
2025-10-30 08:00:00+00:00,24288,24303,24134,24151,9427
2025-10-30 12:00:00+00:00,24151,24244,24110,24193,9133
2025-10-30 16:00:00+00:00,24193,24242,24156,24166,4588
2025-10-30 20:00:00+00:00,24163,24218,24160,24205,475
2025-10-31 00:00:00+00:00,24223,24225,24183,24190,189
2025-10-31 04:00:00+00:00,24195,24221,24145,24209,1388
2025-10-31 08:00:00+00:00,24212,24219,24057,24140,10191
2025-10-31 12:00:00+00:00,24140,24143,23997,24033,9465
2025-10-31 16:00:00+00:00,24033,24086,23987,24068,6133
2025-10-31 20:00:00+00:00,24069,24069,24038,24046,400
2025-11-03 00:00:00+00:00,24113,24123,24068,24103,277
2025-11-03 04:00:00+00:00,24101,24110,24049,24057,1299
2025-11-03 08:00:00+00:00,24056,24332,24040,24297,11982
2025-11-03 12:00:00+00:00,24296,24323,24188,24194,7743
2025-11-03 16:00:00+00:00,24194,24254,24182,24231,3510
2025-11-03 20:00:00+00:00,24234,24238,24195,24195,625
2025-11-04 00:00:00+00:00,24166,24176,24112,24122,370
2025-11-04 04:00:00+00:00,24123,24127,23878,23910,4182
2025-11-04 08:00:00+00:00,23911,23913,23744,23878,15293
2025-11-04 12:00:00+00:00,23878,24051,23838,24011,9817
2025-11-04 16:00:00+00:00,24011,24036,23949,23958,4812
2025-11-04 20:00:00+00:00,23959,23973,23944,23951,757
2025-11-05 00:00:00+00:00,23905,23909,23656,23868,812
2025-11-05 04:00:00+00:00,23875,23939,23847,23870,2180
2025-11-05 08:00:00+00:00,23871,23949,23803,23900,9373
2025-11-05 12:00:00+00:00,23902,24179,23897,24131,9816
2025-11-05 16:00:00+00:00,24132,24194,24071,24180,4936
2025-11-05 20:00:00+00:00,24180,24185,24155,24174,695
2025-11-06 00:00:00+00:00,24156,24156,24071,24142,329
2025-11-06 04:00:00+00:00,24139,24174,24104,24105,1345
2025-11-06 08:00:00+00:00,24110,24125,23998,24086,10041
2025-11-06 12:00:00+00:00,24089,24100,23796,23802,9001
2025-11-06 16:00:00+00:00,23801,23877,23752,23859,7364
2025-11-06 20:00:00+00:00,23859,23866,23789,23789,1007
2025-11-07 00:00:00+00:00,23826,23856,23738,23744,277
2025-11-07 04:00:00+00:00,23748,23869,23721,23855,1384
2025-11-07 08:00:00+00:00,23853,23903,23535,23639,12696
2025-11-07 12:00:00+00:00,23638,23665,23514,23613,9475
2025-11-07 16:00:00+00:00,23611,23831,23594,23828,7264
2025-11-07 20:00:00+00:00,23829,23837,23792,23837,1227
2025-11-10 00:00:00+00:00,23867,23957,23867,23937,313
2025-11-10 04:00:00+00:00,23932,24000,23920,23987,2808
2025-11-10 08:00:00+00:00,23989,24094,23918,24089,13251
2025-11-10 12:00:00+00:00,24090,24093,24010,24032,8563
2025-11-10 16:00:00+00:00,24031,24140,24017,24131,6392
2025-11-10 20:00:00+00:00,24134,24158,24129,24158,1227
2025-11-11 00:00:00+00:00,24159,24165,24136,24147,202
2025-11-11 04:00:00+00:00,24145,24147,24067,24073,1836
2025-11-11 08:00:00+00:00,24071,24125,24019,24025,9583
2025-11-11 12:00:00+00:00,24025,24156,24013,24120,7456
2025-11-11 16:00:00+00:00,24119,24244,24113,24231,6112
2025-11-11 20:00:00+00:00,24232,24260,24231,24249,1210
2025-11-12 00:00:00+00:00,24255,24314,24253,24278,120
2025-11-12 04:00:00+00:00,24270,24352,24258,24313,2142
2025-11-12 08:00:00+00:00,24313,24461,24288,24404,11728
2025-11-12 12:00:00+00:00,24405,24513,24397,24427,10039
2025-11-12 16:00:00+00:00,24426,24476,24424,24459,4715
2025-11-12 20:00:00+00:00,24462,24501,24456,24501,1032
2025-11-13 00:00:00+00:00,24481,24561,24466,24528,281
2025-11-13 04:00:00+00:00,24526,24569,24480,24486,2517
2025-11-13 08:00:00+00:00,24487,24489,24261,24298,12415
2025-11-13 12:00:00+00:00,24299,24330,24133,24153,8951
2025-11-13 16:00:00+00:00,24153,24158,23998,24017,8843
2025-11-13 20:00:00+00:00,24017,24145,24013,24142,2759
2025-11-14 00:00:00+00:00,24143,24180,24113,24147,224
2025-11-14 04:00:00+00:00,24148,24177,24045,24061,2539
2025-11-14 08:00:00+00:00,24062,24092,23705,23727,16440
2025-11-14 12:00:00+00:00,23728,23947,23666,23911,15809
2025-11-14 16:00:00+00:00,23915,23964,23862,23940,5259
2025-11-14 20:00:00+00:00,23937,23947,23889,23889,791
2025-11-17 00:00:00+00:00,23892,23934,23877,23925,147
2025-11-17 04:00:00+00:00,23935,23980,23893,23953,1326
2025-11-17 08:00:00+00:00,23951,23989,23782,23805,9184
2025-11-17 12:00:00+00:00,23805,23807,23630,23639,9614
2025-11-17 16:00:00+00:00,23641,23708,23440,23442,7801
2025-11-17 20:00:00+00:00,23442,23525,23409,23525,1775
2025-11-18 00:00:00+00:00,23516,23525,23367,23373,291
2025-11-18 04:00:00+00:00,23364,23369,23197,23285,4421
2025-11-18 08:00:00+00:00,23287,23411,23273,23350,12717
2025-11-18 12:00:00+00:00,23349,23353,23135,23182,12198
2025-11-18 16:00:00+00:00,23181,23332,23154,23290,7704
2025-11-18 20:00:00+00:00,23288,23299,23240,23240,710
2025-11-19 00:00:00+00:00,23230,23250,23163,23168,377
2025-11-19 04:00:00+00:00,23170,23239,23121,23215,1620
2025-11-19 08:00:00+00:00,23216,23318,23148,23283,10500
2025-11-19 12:00:00+00:00,23282,23426,23240,23289,8775
2025-11-19 16:00:00+00:00,23287,23343,23199,23268,5969
2025-11-19 20:00:00+00:00,23276,23339,23267,23278,787
2025-11-20 00:00:00+00:00,23500,23504,23401,23414,305
2025-11-20 04:00:00+00:00,23416,23503,23412,23443,2722
2025-11-20 08:00:00+00:00,23444,23496,23354,23393,11103
2025-11-20 12:00:00+00:00,23392,23558,23366,23473,9546
2025-11-20 16:00:00+00:00,23473,23478,23025,23127,12780
2025-11-20 20:00:00+00:00,23124,23127,22963,22967,1360
2025-11-21 00:00:00+00:00,23025,23074,23006,23030,342
2025-11-21 04:00:00+00:00,23032,23075,22977,22992,2445
2025-11-21 08:00:00+00:00,22993,23230,22981,23138,19086
2025-11-21 12:00:00+00:00,23142,23306,23074,23139,13327
2025-11-21 16:00:00+00:00,23138,23345,23101,23288,7696
2025-11-21 20:00:00+00:00,23286,23294,23250,23259,978
2025-11-24 00:00:00+00:00,23310,23356,23287,23344,300
2025-11-24 04:00:00+00:00,23339,23358,23284,23327,1994
2025-11-24 08:00:00+00:00,23330,23438,23191,23264,13978
2025-11-24 12:00:00+00:00,23261,23363,23224,23312,9138
2025-11-24 16:00:00+00:00,23315,23327,23216,23247,6839
2025-11-24 20:00:00+00:00,23246,23310,23246,23288,907
2025-11-25 00:00:00+00:00,23294,23294,23207,23207,203
2025-11-25 04:00:00+00:00,23214,23312,23214,23288,1300
2025-11-25 08:00:00+00:00,23287,23339,23176,23296,10143
2025-11-25 12:00:00+00:00,23295,23536,23290,23514,14729
2025-11-25 16:00:00+00:00,23514,23610,23484,23572,5606
2025-11-25 20:00:00+00:00,23571,23623,23571,23622,1077
2025-11-26 00:00:00+00:00,23738,23825,23626,23640,339
2025-11-26 04:00:00+00:00,23636,23705,23628,23637,1972
2025-11-26 08:00:00+00:00,23636,23647,23483,23589,11744
2025-11-26 12:00:00+00:00,23586,23743,23492,23738,9538
2025-11-26 16:00:00+00:00,23737,23808,23728,23785,5241
2025-11-26 20:00:00+00:00,23785,23801,23775,23787,780
2025-11-27 00:00:00+00:00,23772,23789,23754,23759,79
2025-11-27 04:00:00+00:00,23767,23797,23732,23761,1198
2025-11-27 08:00:00+00:00,23763,23868,23743,23812,7433
2025-11-27 12:00:00+00:00,23813,23875,23801,23824,4879
2025-11-27 16:00:00+00:00,23824,23826,23767,23808,2090
2025-11-27 20:00:00+00:00,23808,23837,23808,23837,284
2025-11-28 00:00:00+00:00,23840,23858,23828,23828,89
2025-11-28 04:00:00+00:00,23819,23840,23798,23804,941
2025-11-28 08:00:00+00:00,23804,23821,23748,23813,6302
2025-11-28 12:00:00+00:00,23815,23922,23813,23860,6963
2025-11-28 16:00:00+00:00,23860,23899,23855,23887,4350
2025-11-28 20:00:00+00:00,23888,23897,23870,23889,486
2025-12-01 00:00:00+00:00,23866,23866,23756,23778,287
2025-12-01 04:00:00+00:00,23774,23777,23711,23775,1917
2025-12-01 08:00:00+00:00,23774,23797,23509,23518,12052
2025-12-01 12:00:00+00:00,23517,23656,23461,23642,10367
2025-12-01 16:00:00+00:00,23641,23700,23601,23602,5124
2025-12-01 20:00:00+00:00,23606,23626,23583,23605,851
2025-12-02 00:00:00+00:00,23591,23640,23587,23626,213
2025-12-02 04:00:00+00:00,23628,23684,23609,23673,1247
2025-12-02 08:00:00+00:00,23671,23817,23633,23803,8770
2025-12-02 12:00:00+00:00,23803,23807,23690,23801,7600
2025-12-02 16:00:00+00:00,23798,23828,23722,23782,4964
2025-12-02 20:00:00+00:00,23781,23790,23756,23756,582
2025-12-03 00:00:00+00:00,23770,23785,23741,23781,110
2025-12-03 04:00:00+00:00,23782,23816,23764,23793,1253
2025-12-03 08:00:00+00:00,23789,23873,23755,23781,8748
2025-12-03 12:00:00+00:00,23782,23822,23672,23745,7693
2025-12-03 16:00:00+00:00,23744,23809,23695,23803,3608
2025-12-03 20:00:00+00:00,23803,23817,23790,23798,936
2025-12-04 00:00:00+00:00,23818,23845,23789,23820,179
2025-12-04 04:00:00+00:00,23811,23887,23811,23885,1537
2025-12-04 08:00:00+00:00,23884,23938,23819,23901,10934
2025-12-04 12:00:00+00:00,23899,23956,23880,23918,7848
2025-12-04 16:00:00+00:00,23918,23949,23854,23901,3860
2025-12-04 20:00:00+00:00,23901,23914,23879,23908,868
2025-12-05 00:00:00+00:00,23892,23953,23892,23930,139
2025-12-05 04:00:00+00:00,23934,23974,23934,23964,1056
2025-12-05 08:00:00+00:00,23965,24078,23945,24055,9065
2025-12-05 12:00:00+00:00,24056,24154,24050,24094,8456
2025-12-05 16:00:00+00:00,24093,24108,24038,24074,4118
2025-12-05 20:00:00+00:00,24073,24073,24041,24063,925
2025-12-08 00:00:00+00:00,24058,24076,24048,24050,158
2025-12-08 04:00:00+00:00,24054,24070,24018,24056,1475
2025-12-08 08:00:00+00:00,24056,24117,24009,24089,8176
2025-12-08 12:00:00+00:00,24091,24139,24033,24040,5593
2025-12-08 16:00:00+00:00,24039,24083,24018,24034,3351
2025-12-08 20:00:00+00:00,24036,24046,24029,24045,538
2025-12-09 00:00:00+00:00,24071,24084,24055,24060,148
2025-12-09 04:00:00+00:00,24061,24122,24053,24111,1501
2025-12-09 08:00:00+00:00,24113,24207,24089,24131,8526
2025-12-09 12:00:00+00:00,24132,24188,24110,24173,5529
2025-12-09 16:00:00+00:00,24174,24195,24137,24158,3414
2025-12-09 20:00:00+00:00,24154,24161,24131,24150,635
2025-12-10 00:00:00+00:00,24155,24155,24104,24138,132
2025-12-10 04:00:00+00:00,24142,24175,24121,24162,860
2025-12-10 08:00:00+00:00,24163,24187,24015,24072,9778
2025-12-10 12:00:00+00:00,24074,24121,24042,24095,5462
2025-12-10 16:00:00+00:00,24094,24205,24082,24199,6296
2025-12-10 20:00:00+00:00,24202,24246,24192,24202,1346
2025-12-11 00:00:00+00:00,24193,24215,23989,24035,637
2025-12-11 04:00:00+00:00,24033,24139,24027,24120,2338
2025-12-11 08:00:00+00:00,24123,24192,24020,24156,10240
2025-12-11 12:00:00+00:00,24158,24378,24142,24359,10327
2025-12-11 16:00:00+00:00,24357,24398,24282,24396,6436
2025-12-11 20:00:00+00:00,24395,24399,24353,24370,1235
2025-12-12 00:00:00+00:00,24364,24397,24359,24397,145
2025-12-12 04:00:00+00:00,24385,24438,24377,24401,1154
2025-12-12 08:00:00+00:00,24400,24490,24343,24355,12189
2025-12-12 12:00:00+00:00,24353,24417,24210,24229,10292
2025-12-12 16:00:00+00:00,24227,24287,24170,24245,7178
2025-12-12 20:00:00+00:00,24243,24252,24200,24252,1107
2025-12-15 00:00:00+00:00,24241,24326,24241,24310,321
2025-12-15 04:00:00+00:00,24306,24338,24292,24328,1893
2025-12-15 08:00:00+00:00,24330,24345,24244,24315,14782
2025-12-15 12:00:00+00:00,24314,24319,24180,24212,12293
2025-12-15 16:00:00+00:00,24212,24274,24164,24205,6246
2025-12-15 20:00:00+00:00,24202,24216,24192,24193,1175
2025-12-16 00:00:00+00:00,24169,24208,24070,24110,829
2025-12-16 04:00:00+00:00,24100,24124,24068,24118,2861
2025-12-16 08:00:00+00:00,24117,24204,24082,24137,19257
2025-12-16 12:00:00+00:00,24136,24176,24019,24098,13011
2025-12-16 16:00:00+00:00,24098,24150,24010,24133,7092
2025-12-16 20:00:00+00:00,24133,24168,24121,24121,966
2025-12-17 00:00:00+00:00,24085,24151,24083,24113,368
2025-12-17 04:00:00+00:00,24116,24180,24080,24170,1921
2025-12-17 08:00:00+00:00,24170,24198,24058,24085,12840
2025-12-17 12:00:00+00:00,24083,24117,23979,23984,10511
2025-12-17 16:00:00+00:00,23982,24005,23892,23927,8063
2025-12-17 20:00:00+00:00,23929,23937,23890,23892,657
2025-12-18 00:00:00+00:00,23909,23921,23868,23875,260
2025-12-18 04:00:00+00:00,23882,23953,23874,23934,1426
2025-12-18 08:00:00+00:00,23935,24042,23923,24007,7059
2025-12-18 12:00:00+00:00,24020,24194,24007,24193,5790
2025-12-18 16:00:00+00:00,24192,24225,24083,24128,3136
2025-12-18 20:00:00+00:00,24128,24178,24124,24137,393
2025-12-19 00:00:00+00:00,24308,24316,24266,24300,238
2025-12-19 04:00:00+00:00,24297,24365,24279,24350,1215
2025-12-19 08:00:00+00:00,24351,24429,24322,24367,9833
2025-12-19 12:00:00+00:00,24367,24469,24322,24440,7304
2025-12-19 16:00:00+00:00,24437,24508,24429,24477,4528
2025-12-19 20:00:00+00:00,24477,24477,24431,24455,1128
2025-12-22 00:00:00+00:00,24466,24503,24463,24466,125
2025-12-22 04:00:00+00:00,24471,24488,24416,24455,1305
2025-12-22 08:00:00+00:00,24458,24524,24430,24452,4993
2025-12-22 12:00:00+00:00,24453,24478,24367,24449,5685
2025-12-22 16:00:00+00:00,24448,24475,24438,24460,2894
2025-12-22 20:00:00+00:00,24461,24471,24453,24471,510
2025-12-23 00:00:00+00:00,24457,24495,24457,24493,74
2025-12-23 04:00:00+00:00,24485,24485,24450,24461,622
2025-12-23 08:00:00+00:00,24461,24511,24448,24478,4920
2025-12-23 12:00:00+00:00,24477,24527,24415,24521,5753
2025-12-23 16:00:00+00:00,24521,24523,24486,24492,2669
2025-12-23 20:00:00+00:00,24491,24504,24484,24504,531
2025-12-29 00:00:00+00:00,24519,24565,24519,24541,173
2025-12-29 04:00:00+00:00,24541,24590,24530,24552,1134
2025-12-29 08:00:00+00:00,24551,24582,24408,24496,7773
2025-12-29 12:00:00+00:00,24497,24546,24464,24542,5266
2025-12-29 16:00:00+00:00,24542,24553,24501,24537,3561
2025-12-29 20:00:00+00:00,24537,24543,24510,24521,435
2025-12-30 00:00:00+00:00,24511,24559,24499,24552,167
2025-12-30 04:00:00+00:00,24550,24558,24479,24480,546
2025-12-30 08:00:00+00:00,24477,24645,24471,24634,6602
2025-12-30 12:00:00+00:00,24634,24784,24629,24769,7050
2025-12-30 16:00:00+00:00,24768,24802,24736,24743,3424
2025-12-30 20:00:00+00:00,24743,24759,24718,24740,601
2026-01-02 00:00:00+00:00,24642,24708,24608,24664,534
2026-01-02 04:00:00+00:00,24662,24737,24634,24644,2105
2026-01-02 08:00:00+00:00,24645,24829,24613,24713,11945
2026-01-02 12:00:00+00:00,24711,24760,24610,24657,7639
2026-01-02 16:00:00+00:00,24660,24702,24592,24688,5071
2026-01-02 20:00:00+00:00,24688,24705,24673,24697,603
2026-01-05 00:00:00+00:00,24729,24788,24728,24771,316
2026-01-05 04:00:00+00:00,24774,24811,24763,24806,1851
2026-01-05 08:00:00+00:00,24806,24969,24778,24820,13288
2026-01-05 12:00:00+00:00,24822,24995,24799,24989,8187
2026-01-05 16:00:00+00:00,24989,25024,24964,24986,5015
2026-01-05 20:00:00+00:00,24983,25004,24982,25000,765
2026-01-06 00:00:00+00:00,25005,25060,24983,25058,388
2026-01-06 04:00:00+00:00,25058,25079,25019,25039,1287
2026-01-06 08:00:00+00:00,25039,25066,24975,25057,7581
2026-01-06 12:00:00+00:00,25057,25110,25007,25015,6614
2026-01-06 16:00:00+00:00,25015,25113,25002,25107,4563
2026-01-06 20:00:00+00:00,25109,25124,25100,25111,1119
2026-01-07 00:00:00+00:00,25116,25133,25084,25116,145
2026-01-07 04:00:00+00:00,25104,25143,25079,25120,1416
2026-01-07 08:00:00+00:00,25123,25230,25119,25189,10066
2026-01-07 12:00:00+00:00,25188,25251,25151,25227,7785
2026-01-07 16:00:00+00:00,25227,25289,25219,25281,5555
2026-01-07 20:00:00+00:00,25281,25285,25233,25233,1115
2026-01-08 00:00:00+00:00,25240,25284,25195,25238,220
2026-01-08 04:00:00+00:00,25238,25250,25140,25227,2096
2026-01-08 08:00:00+00:00,25226,25357,25199,25238,11147
2026-01-08 12:00:00+00:00,25237,25303,25153,25275,8040
2026-01-08 16:00:00+00:00,25277,25309,25243,25290,4203
2026-01-08 20:00:00+00:00,25287,25321,25283,25321,802
2026-01-09 00:00:00+00:00,25323,25329,25279,25279,183
2026-01-09 04:00:00+00:00,25284,25322,25273,25279,989
2026-01-09 08:00:00+00:00,25282,25359,25238,25357,8990
2026-01-09 12:00:00+00:00,25358,25412,25269,25375,10478
2026-01-09 16:00:00+00:00,25376,25405,25355,25394,3696
2026-01-09 20:00:00+00:00,25392,25413,25389,25406,992
2026-01-12 00:00:00+00:00,25379,25393,25340,25358,156
2026-01-12 04:00:00+00:00,25362,25392,25331,25360,1342
2026-01-12 08:00:00+00:00,25359,25486,25338,25484,8297
2026-01-12 12:00:00+00:00,25484,25551,25470,25551,8285
2026-01-12 16:00:00+00:00,25551,25565,25524,25555,3925
2026-01-12 20:00:00+00:00,25555,25589,25540,25589,788
2026-01-13 00:00:00+00:00,25559,25580,25531,25567,177
2026-01-13 04:00:00+00:00,25569,25599,25556,25576,1510
2026-01-13 08:00:00+00:00,25576,25580,25466,25516,7858
2026-01-13 12:00:00+00:00,25516,25641,25507,25563,8491
2026-01-13 16:00:00+00:00,25564,25580,25508,25528,4947
2026-01-13 20:00:00+00:00,25528,25529,25488,25514,833
2026-01-14 00:00:00+00:00,25521,25553,25520,25548,139
2026-01-14 04:00:00+00:00,25548,25556,25487,25555,1174
2026-01-14 08:00:00+00:00,25555,25592,25428,25441,9334
2026-01-14 12:00:00+00:00,25440,25496,25401,25416,8277
2026-01-14 16:00:00+00:00,25415,25453,25347,25398,5823
2026-01-14 20:00:00+00:00,25396,25454,25378,25442,1586
2026-01-15 00:00:00+00:00,25438,25493,25435,25466,155
2026-01-15 04:00:00+00:00,25467,25517,25437,25441,2026
2026-01-15 08:00:00+00:00,25441,25447,25360,25387,8578
2026-01-15 12:00:00+00:00,25386,25484,25375,25483,7209
2026-01-15 16:00:00+00:00,25485,25507,25404,25405,5138
2026-01-15 20:00:00+00:00,25404,25404,25362,25394,1063
2026-01-16 00:00:00+00:00,25397,25418,25393,25413,113
2026-01-16 04:00:00+00:00,25412,25445,25391,25432,1336
2026-01-16 08:00:00+00:00,25432,25476,25401,25417,8208
2026-01-16 12:00:00+00:00,25418,25423,25322,25382,8254
2026-01-16 16:00:00+00:00,25383,25464,25375,25452,5228
2026-01-16 20:00:00+00:00,25451,25455,25424,25434,626
2026-01-19 00:00:00+00:00,25231,25231,25044,25158,1013
2026-01-19 04:00:00+00:00,25157,25158,25046,25060,3625
2026-01-19 08:00:00+00:00,25058,25186,25026,25060,12696
2026-01-19 12:00:00+00:00,25059,25165,25051,25056,7707
2026-01-19 16:00:00+00:00,25056,25111,25051,25070,3746
2026-01-19 20:00:00+00:00,25072,25086,25068,25077,391
2026-01-20 00:00:00+00:00,25034,25052,24932,25033,404
2026-01-20 04:00:00+00:00,25034,25052,24827,24921,2709
2026-01-20 08:00:00+00:00,24921,24933,24621,24653,15832
2026-01-20 12:00:00+00:00,24654,24836,24647,24803,12792
2026-01-20 16:00:00+00:00,24802,24831,24674,24696,5489
2026-01-20 20:00:00+00:00,24695,24734,24669,24703,1752
2026-01-21 00:00:00+00:00,24713,24797,24702,24774,285
2026-01-21 04:00:00+00:00,24777,24823,24754,24779,1985
2026-01-21 08:00:00+00:00,24777,24790,24544,24546,11801
2026-01-21 12:00:00+00:00,24545,24762,24455,24725,20770
2026-01-21 16:00:00+00:00,24724,24993,24524,24991,11832
2026-01-21 20:00:00+00:00,24994,25010,24912,24981,2414
2026-01-22 00:00:00+00:00,25005,25035,24959,25033,351
2026-01-22 04:00:00+00:00,25032,25056,24885,24949,2727
2026-01-22 08:00:00+00:00,24947,25043,24920,24949,13502
2026-01-22 12:00:00+00:00,24946,25040,24876,24956,11710
2026-01-22 16:00:00+00:00,24957,25010,24923,24935,5698
2026-01-22 20:00:00+00:00,24934,24962,24925,24926,780
2026-01-23 00:00:00+00:00,24932,24951,24910,24949,259
2026-01-23 04:00:00+00:00,24947,25000,24923,24940,1297
2026-01-23 08:00:00+00:00,24939,25014,24898,24984,10661
2026-01-23 12:00:00+00:00,24987,25036,24904,25016,7333
2026-01-23 16:00:00+00:00,25013,25026,24948,25001,5910
2026-01-23 20:00:00+00:00,25000,25000,24978,24978,708
2026-01-26 00:00:00+00:00,24900,24931,24839,24877,520
2026-01-26 04:00:00+00:00,24877,24980,24868,24980,1390
2026-01-26 08:00:00+00:00,24980,25014,24889,24951,8329
2026-01-26 12:00:00+00:00,24951,25092,24948,25059,9048
2026-01-26 16:00:00+00:00,25058,25072,25023,25026,3427
2026-01-26 20:00:00+00:00,25022,25054,25022,25043,700
2026-01-27 00:00:00+00:00,25045,25075,25030,25073,124
2026-01-27 04:00:00+00:00,25078,25122,25078,25096,1524
2026-01-27 08:00:00+00:00,25093,25118,24960,25033,8904
2026-01-27 12:00:00+00:00,25035,25060,24946,25007,6284
2026-01-27 16:00:00+00:00,25007,25032,24955,24999,4242
2026-01-27 20:00:00+00:00,24996,25018,24949,24970,994
2026-01-28 00:00:00+00:00,24978,25011,24972,24980,251
2026-01-28 04:00:00+00:00,24999,25046,24962,24969,1483
2026-01-28 08:00:00+00:00,24967,25021,24887,24934,9043
2026-01-28 12:00:00+00:00,24936,24947,24804,24920,10389
2026-01-28 16:00:00+00:00,24918,24965,24880,24945,5262
2026-01-28 20:00:00+00:00,24945,24970,24900,24900,782
2026-01-29 00:00:00+00:00,24933,24976,24892,24951,248
2026-01-29 04:00:00+00:00,24956,25017,24841,24874,2279
2026-01-29 08:00:00+00:00,24873,24877,24597,24712,16149
2026-01-29 12:00:00+00:00,24712,24731,24364,24391,14411
2026-01-29 16:00:00+00:00,24389,24563,24356,24543,7282
2026-01-29 20:00:00+00:00,24536,24578,24526,24562,918
2026-01-30 00:00:00+00:00,24565,24607,24484,24557,292
2026-01-30 04:00:00+00:00,24544,24564,24408,24425,1770
2026-01-30 08:00:00+00:00,24420,24646,24397,24633,11780
2026-01-30 12:00:00+00:00,24631,24677,24557,24610,6928
2026-01-30 16:00:00+00:00,24612,24658,24515,24583,7451
2026-01-30 20:00:00+00:00,24585,24616,24573,24593,1031
2026-02-02 00:00:00+00:00,24587,24589,24350,24380,652
2026-02-02 04:00:00+00:00,24380,24440,24294,24436,2262
2026-02-02 08:00:00+00:00,24435,24792,24434,24781,12665
2026-02-02 12:00:00+00:00,24781,24943,24777,24887,11125
2026-02-02 16:00:00+00:00,24886,24925,24863,24901,4625
2026-02-02 20:00:00+00:00,24904,24947,24896,24933,969
2026-02-03 00:00:00+00:00,24960,24987,24948,24972,102
2026-02-03 04:00:00+00:00,24989,25063,24956,25037,1925
2026-02-03 08:00:00+00:00,25039,25190,24904,24969,14369
2026-02-03 12:00:00+00:00,24965,25003,24786,24883,9378
2026-02-03 16:00:00+00:00,24886,24904,24708,24801,6870
2026-02-03 20:00:00+00:00,24797,24848,24777,24848,858
2026-02-04 00:00:00+00:00,24844,24911,24844,24880,124
2026-02-04 04:00:00+00:00,24882,24958,24849,24940,1284
2026-02-04 08:00:00+00:00,24941,24964,24705,24861,11640
2026-02-04 12:00:00+00:00,24861,24886,24713,24761,8458
2026-02-04 16:00:00+00:00,24762,24771,24606,24741,7261
2026-02-04 20:00:00+00:00,24742,24751,24684,24687,879
2026-02-05 00:00:00+00:00,24711,24809,24665,24669,262
2026-02-05 04:00:00+00:00,24673,24758,24634,24706,883
2026-02-05 08:00:00+00:00,24704,24748,24516,24663,8532
2026-02-05 12:00:00+00:00,24664,24684,24358,24466,12261
2026-02-05 16:00:00+00:00,24471,24654,24419,24588,6475
2026-02-05 20:00:00+00:00,24587,24625,24521,24521,913
2026-02-06 00:00:00+00:00,24394,24578,24278,24553,433
2026-02-06 04:00:00+00:00,24545,24623,24473,24609,1138
2026-02-06 08:00:00+00:00,24606,24730,24469,24721,9424
2026-02-06 12:00:00+00:00,24720,24800,24657,24787,7990
2026-02-06 16:00:00+00:00,24787,24825,24775,24819,3891
2026-02-06 20:00:00+00:00,24815,24861,24814,24845,763
2026-02-09 00:00:00+00:00,24903,24938,24847,24871,316
2026-02-09 04:00:00+00:00,24868,24922,24858,24876,1354
2026-02-09 08:00:00+00:00,24874,25022,24788,24881,9279
2026-02-09 12:00:00+00:00,24880,25061,24867,25051,7716
2026-02-09 16:00:00+00:00,25050,25113,25046,25109,4492
2026-02-09 20:00:00+00:00,25107,25117,25094,25100,645
2026-02-10 00:00:00+00:00,25076,25088,25044,25055,231
2026-02-10 04:00:00+00:00,25053,25109,25046,25071,1185
2026-02-10 08:00:00+00:00,25072,25158,25015,25103,8381
2026-02-10 12:00:00+00:00,25105,25113,25011,25068,5741
2026-02-10 16:00:00+00:00,25068,25117,25035,25095,3414
2026-02-10 20:00:00+00:00,25094,25096,25050,25073,722
2026-02-11 00:00:00+00:00,25095,25109,25085,25105,184
2026-02-11 04:00:00+00:00,25100,25124,25051,25062,1058
2026-02-11 08:00:00+00:00,25061,25066,24918,24996,9966
2026-02-11 12:00:00+00:00,24993,25073,24903,24979,7837
2026-02-11 16:00:00+00:00,24978,25023,24909,25010,5828
2026-02-11 20:00:00+00:00,25007,25012,24984,24984,767
2026-02-12 00:00:00+00:00,24977,25025,24964,25025,108
2026-02-12 04:00:00+00:00,25024,25100,25020,25087,1537
2026-02-12 08:00:00+00:00,25087,25292,25085,25269,12803
2026-02-12 12:00:00+00:00,25270,25310,25059,25061,9201
2026-02-12 16:00:00+00:00,25062,25062,24881,25025,10461
2026-02-12 20:00:00+00:00,25024,25038,24939,24939,941
2026-02-13 00:00:00+00:00,24981,25026,24928,24993,310
2026-02-13 04:00:00+00:00,24987,25018,24869,24915,1691
2026-02-13 08:00:00+00:00,24915,24954,24806,24914,10594
2026-02-13 12:00:00+00:00,24912,25006,24861,24949,10910
2026-02-13 16:00:00+00:00,24952,25040,24938,24950,5274
2026-02-13 20:00:00+00:00,24952,24978,24913,24970,1060
2026-02-16 00:00:00+00:00,25006,25008,24955,24980,124
2026-02-16 04:00:00+00:00,24992,25067,24972,25067,971
2026-02-16 08:00:00+00:00,25067,25074,24952,24992,6034
2026-02-16 12:00:00+00:00,24992,25013,24870,24870,4847
2026-02-16 16:00:00+00:00,24871,24889,24843,24884,2846
2026-02-16 20:00:00+00:00,24884,24887,24872,24875,175
2026-02-17 00:00:00+00:00,24902,24909,24766,24783,286
2026-02-17 04:00:00+00:00,24787,24813,24731,24805,1540
2026-02-17 08:00:00+00:00,24803,24934,24786,24916,8763
2026-02-17 12:00:00+00:00,24913,24992,24785,24946,9301
2026-02-17 16:00:00+00:00,24948,25106,24931,25079,6947
2026-02-17 20:00:00+00:00,25081,25092,25066,25086,710
2026-02-18 00:00:00+00:00,25077,25090,25053,25084,185
2026-02-18 04:00:00+00:00,25081,25134,25080,25104,1254
2026-02-18 08:00:00+00:00,25103,25318,25100,25258,12840
2026-02-18 12:00:00+00:00,25259,25363,25147,25356,11491
2026-02-18 16:00:00+00:00,25355,25371,25231,25245,5949
2026-02-18 20:00:00+00:00,25245,25300,25222,25292,1264
2026-02-19 00:00:00+00:00,25262,25322,25262,25296,182
2026-02-19 04:00:00+00:00,25298,25298,25217,25234,1374
2026-02-19 08:00:00+00:00,25236,25275,25067,25104,12660
2026-02-19 12:00:00+00:00,25105,25128,25024,25080,9101
2026-02-19 16:00:00+00:00,25081,25099,25016,25045,4473
2026-02-19 20:00:00+00:00,25049,25075,25049,25071,641
2026-02-20 00:00:00+00:00,25072,25127,25072,25098,224
2026-02-20 04:00:00+00:00,25101,25149,25091,25114,1070
2026-02-20 08:00:00+00:00,25113,25186,25044,25140,9282
2026-02-20 12:00:00+00:00,25140,25385,25108,25321,11323
2026-02-20 16:00:00+00:00,25323,25329,25223,25266,6936
2026-02-20 20:00:00+00:00,25266,25297,25266,25296,685
2026-02-23 00:00:00+00:00,25200,25223,25128,25140,232
2026-02-23 04:00:00+00:00,25148,25183,25094,25169,1517
2026-02-23 08:00:00+00:00,25167,25239,25058,25189,9942
2026-02-23 12:00:00+00:00,25189,25220,25025,25032,7690
2026-02-23 16:00:00+00:00,25032,25069,24976,25026,5665
2026-02-23 20:00:00+00:00,25030,25041,25007,25021,666
2026-02-24 00:00:00+00:00,25029,25084,25029,25079,159
2026-02-24 04:00:00+00:00,25074,25094,25007,25012,1140
2026-02-24 08:00:00+00:00,25009,25041,24919,25037,8153
2026-02-24 12:00:00+00:00,25038,25134,24934,25054,8458
2026-02-24 16:00:00+00:00,25055,25105,25022,25098,3622
2026-02-24 20:00:00+00:00,25098,25113,25079,25084,679
2026-02-25 00:00:00+00:00,25082,25101,25045,25090,105
2026-02-25 04:00:00+00:00,25076,25111,25058,25085,1173
2026-02-25 08:00:00+00:00,25086,25148,25031,25133,7203
2026-02-25 12:00:00+00:00,25129,25227,25115,25179,7105
2026-02-25 16:00:00+00:00,25181,25248,25165,25239,3673
2026-02-25 20:00:00+00:00,25240,25264,25239,25264,766
2026-02-26 00:00:00+00:00,25235,25235,25182,25191,112
2026-02-26 04:00:00+00:00,25190,25216,25131,25192,1154
2026-02-26 08:00:00+00:00,25192,25329,25124,25320,10421
2026-02-26 12:00:00+00:00,25322,25353,25193,25332,9619
2026-02-26 16:00:00+00:00,25333,25372,25252,25367,6035
2026-02-26 20:00:00+00:00,25367,25390,25358,25377,1147
2026-02-27 00:00:00+00:00,25321,25322,25279,25314,246
2026-02-27 04:00:00+00:00,25315,25349,25289,25346,1207
2026-02-27 08:00:00+00:00,25342,25443,25266,25350,11749
2026-02-27 12:00:00+00:00,25350,25390,25203,25319,9070
2026-02-27 16:00:00+00:00,25318,25369,25190,25195,7267
2026-02-27 20:00:00+00:00,25195,25241,25187,25236,1155
2026-03-02 00:00:00+00:00,24983,25052,24868,24980,834
2026-03-02 04:00:00+00:00,24982,25006,24707,24737,4130
2026-03-02 08:00:00+00:00,24739,24927,24677,24824,17623
2026-03-02 12:00:00+00:00,24820,24831,24602,24651,15537
2026-03-02 16:00:00+00:00,24654,24764,24628,24725,7808
2026-03-02 20:00:00+00:00,24727,24735,24613,24619,1743
2026-03-03 00:00:00+00:00,24600,24689,24484,24531,594
2026-03-03 04:00:00+00:00,24533,24533,24246,24277,4099
2026-03-03 08:00:00+00:00,24276,24298,23613,23760,28950
2026-03-03 12:00:00+00:00,23762,23882,23618,23722,15673
2026-03-03 16:00:00+00:00,23723,24141,23695,24099,13054
2026-03-03 20:00:00+00:00,24100,24120,24008,24018,1384
2026-03-04 00:00:00+00:00,24012,24067,23778,23857,842
2026-03-04 04:00:00+00:00,23859,23946,23730,23903,3122
2026-03-04 08:00:00+00:00,23901,24242,23827,24158,18556
2026-03-04 12:00:00+00:00,24160,24265,24036,24232,14569
2026-03-04 16:00:00+00:00,24230,24318,24188,24300,6842
2026-03-04 20:00:00+00:00,24301,24307,24270,24270,1016
2026-03-05 00:00:00+00:00,24322,24347,24084,24098,684
2026-03-05 04:00:00+00:00,24090,24218,24020,24154,2701
2026-03-05 08:00:00+00:00,24152,24388,24048,24253,13998
2026-03-05 12:00:00+00:00,24255,24286,23900,23951,13916
2026-03-05 16:00:00+00:00,23951,23960,23693,23754,10552
2026-03-05 20:00:00+00:00,23746,23889,23728,23832,1904
2026-03-06 00:00:00+00:00,23908,23994,23866,23982,306
2026-03-06 04:00:00+00:00,23981,24017,23918,23956,1754
2026-03-06 08:00:00+00:00,23953,24047,23552,23576,16297
2026-03-06 12:00:00+00:00,23576,23706,23353,23563,16808
2026-03-06 16:00:00+00:00,23564,23694,23526,23670,6611
2026-03-06 20:00:00+00:00,23678,23713,23627,23653,1524
2026-03-09 00:00:00+00:00,23078,23084,22670,22762,1799
2026-03-09 04:00:00+00:00,22769,23089,22748,22983,4810
2026-03-09 08:00:00+00:00,22986,23299,22935,23223,18572
2026-03-09 12:00:00+00:00,23226,23486,23135,23430,13938
2026-03-09 16:00:00+00:00,23433,23962,23321,23793,10037
2026-03-09 20:00:00+00:00,23800,23826,23720,23823,1250
2026-03-10 00:00:00+00:00,23686,23785,23537,23548,463
2026-03-10 04:00:00+00:00,23542,23889,23533,23887,3345
2026-03-10 08:00:00+00:00,23885,24080,23852,23923,15836
2026-03-10 12:00:00+00:00,23923,24082,23780,23984,11053
2026-03-10 16:00:00+00:00,23985,24123,23761,23803,9395
2026-03-10 20:00:00+00:00,23804,23836,23787,23836,501
2026-03-11 00:00:00+00:00,23877,24009,23877,24009,322
2026-03-11 04:00:00+00:00,23993,23994,23731,23736,3012
2026-03-11 08:00:00+00:00,23732,23830,23551,23653,15966
2026-03-11 12:00:00+00:00,23654,23849,23539,23614,10862
2026-03-11 16:00:00+00:00,23611,23722,23570,23712,4804
2026-03-11 20:00:00+00:00,23717,23717,23636,23636,518
2026-03-12 00:00:00+00:00,23432,23503,23265,23297,580
2026-03-12 04:00:00+00:00,23292,23507,23291,23498,3108
2026-03-12 08:00:00+00:00,23495,23711,23488,23626,13638
2026-03-12 12:00:00+00:00,23627,23641,23371,23548,13221
2026-03-12 16:00:00+00:00,23550,23644,23496,23543,6331
2026-03-12 20:00:00+00:00,23540,23559,23513,23513,517
2026-03-13 00:00:00+00:00,23532,23683,23532,23610,225
2026-03-13 04:00:00+00:00,23641,23644,23391,23413,3239
2026-03-13 08:00:00+00:00,23410,23613,23291,23613,13896
2026-03-13 12:00:00+00:00,23613,23770,23418,23421,13481
2026-03-13 16:00:00+00:00,23421,23474,23362,23399,6671
2026-03-13 20:00:00+00:00,23402,23408,23327,23327,554
2026-03-16 00:00:00+00:00,23536,23571,23456,23543,352
2026-03-16 04:00:00+00:00,23541,23574,23456,23466,2405
2026-03-16 08:00:00+00:00,23466,23548,23336,23547,22106
2026-03-16 12:00:00+00:00,23546,23708,23541,23622,15211
2026-03-16 16:00:00+00:00,23623,23679,23562,23643,8138
2026-03-16 20:00:00+00:00,23646,23648,23615,23639,446
2026-03-17 00:00:00+00:00,23603,23610,23536,23547,345
2026-03-17 04:00:00+00:00,23549,23575,23415,23505,2641
2026-03-17 08:00:00+00:00,23503,23658,23462,23601,21544
2026-03-17 12:00:00+00:00,23602,23828,23600,23745,14307
2026-03-17 16:00:00+00:00,23745,23752,23676,23707,7270
2026-03-17 20:00:00+00:00,23706,23716,23690,23715,409
2026-03-18 00:00:00+00:00,23716,23825,23705,23819,294
2026-03-18 04:00:00+00:00,23820,23936,23819,23848,2830
2026-03-18 08:00:00+00:00,23847,23963,23806,23848,16503
2026-03-18 12:00:00+00:00,23849,23856,23452,23512,18491
2026-03-18 16:00:00+00:00,23514,23552,23239,23261,8549
2026-03-18 20:00:00+00:00,23259,23270,23121,23139,1463
2026-03-19 00:00:00+00:00,23164,23271,23091,23229,445
2026-03-19 04:00:00+00:00,23215,23215,23029,23131,2374
2026-03-19 08:00:00+00:00,23131,23193,22841,22958,11777
2026-03-19 12:00:00+00:00,22946,23004,22757,22928,8151
2026-03-19 16:00:00+00:00,22928,23128,22726,23000,3532
2026-03-19 20:00:00+00:00,22998,23045,22982,23011,185
2026-03-20 00:00:00+00:00,23224,23294,23204,23204,257
2026-03-20 04:00:00+00:00,23222,23281,23106,23272,2744
2026-03-20 08:00:00+00:00,23271,23382,22895,23110,19494
2026-03-20 12:00:00+00:00,23108,23134,22583,22637,16049
2026-03-20 16:00:00+00:00,22636,22691,22290,22386,10380
2026-03-20 20:00:00+00:00,22384,22433,22379,22420,924
2026-03-23 00:00:00+00:00,22298,22406,22176,22224,750
2026-03-23 04:00:00+00:00,22213,22299,22070,22088,3430
2026-03-23 08:00:00+00:00,22084,23710,22057,22856,25211
2026-03-23 12:00:00+00:00,22845,23294,22770,22876,16141
2026-03-23 16:00:00+00:00,22879,23102,22783,22955,8641
2026-03-23 20:00:00+00:00,22954,22995,22919,22990,759
2026-03-24 00:00:00+00:00,22954,22954,22593,22685,791
2026-03-24 04:00:00+00:00,22686,22903,22570,22848,2746
2026-03-24 08:00:00+00:00,22852,22933,22603,22832,13628
2026-03-24 12:00:00+00:00,22830,22873,22545,22752,12181
2026-03-24 16:00:00+00:00,22750,22878,22682,22780,6108
2026-03-24 20:00:00+00:00,22776,23130,22764,23075,2348
2026-03-25 00:00:00+00:00,23135,23190,23036,23067,432
2026-03-25 04:00:00+00:00,23068,23126,23005,23120,2002
2026-03-25 08:00:00+00:00,23123,23270,23111,23236,13631
2026-03-25 12:00:00+00:00,23232,23284,23011,23103,12602
2026-03-25 16:00:00+00:00,23103,23205,23068,23125,6838
2026-03-25 20:00:00+00:00,23129,23134,23095,23109,514
2026-03-26 00:00:00+00:00,23062,23112,22962,23009,175
2026-03-26 04:00:00+00:00,22999,23027,22876,22909,1702
2026-03-26 08:00:00+00:00,22906,22977,22759,22767,11726
2026-03-26 12:00:00+00:00,22771,23015,22740,22846,12582
2026-03-26 16:00:00+00:00,22845,22891,22703,22708,6663
2026-03-26 20:00:00+00:00,22710,23084,22699,22817,1895
2026-03-27 00:00:00+00:00,22857,22919,22761,22914,318
2026-03-27 04:00:00+00:00,22900,22972,22815,22835,1462
2026-03-27 08:00:00+00:00,22834,22834,22396,22500,13637
2026-03-27 12:00:00+00:00,22500,22603,22419,22505,11140
2026-03-27 16:00:00+00:00,22505,22544,22334,22387,6361
2026-03-27 20:00:00+00:00,22385,22420,22247,22247,1047
2026-03-30 00:00:00+00:00,22179,22351,22124,22339,574
2026-03-30 04:00:00+00:00,22344,22490,22329,22462,5686
2026-03-30 08:00:00+00:00,22458,22724,22416,22544,10290
2026-03-30 12:00:00+00:00,22548,22814,22514,22790,10310
2026-03-30 16:00:00+00:00,22792,22792,22527,22643,3751
2026-03-30 20:00:00+00:00,22635,22635,22635,22635,11
2026-03-31 00:00:00+00:00,22513,22914,22481,22784,598
2026-03-31 04:00:00+00:00,22790,22930,22671,22927,6435
2026-03-31 08:00:00+00:00,22929,23049,22804,22942,8857
2026-03-31 12:00:00+00:00,22952,23020,22779,22825,11949
2026-03-31 16:00:00+00:00,22829,23257,22813,23198,7135
2026-03-31 20:00:00+00:00,23192,23192,23192,23192,18
2026-04-01 00:00:00+00:00,23266,23278,23196,23223,376
2026-04-01 04:00:00+00:00,23229,23533,23221,23334,10499
2026-04-01 08:00:00+00:00,23333,23516,23205,23495,12696
2026-04-01 12:00:00+00:00,23493,23600,23333,23563,14703
2026-04-01 16:00:00+00:00,23561,23571,23367,23494,3325
2026-04-01 20:00:00+00:00,23501,23501,23501,23501,14
2026-04-02 00:00:00+00:00,23452,23530,23048,23056,688
2026-04-02 04:00:00+00:00,23035,23177,22982,23171,7010
2026-04-02 08:00:00+00:00,23174,23180,22897,22900,7986
2026-04-02 12:00:00+00:00,22900,23432,22848,23285,11725
2026-04-02 16:00:00+00:00,23284,23393,23249,23388,2041
2026-04-02 20:00:00+00:00,23395,23395,23395,23395,22
2026-04-07 00:00:00+00:00,23454,23538,23327,23347,355
2026-04-07 04:00:00+00:00,23344,23378,23251,23355,4396
2026-04-07 08:00:00+00:00,23356,23590,23252,23277,12174
2026-04-07 12:00:00+00:00,23279,23369,23016,23088,13661
2026-04-07 16:00:00+00:00,23091,23576,23085,23403,4462
2026-04-07 20:00:00+00:00,23408,23408,23408,23408,18
2026-04-08 00:00:00+00:00,23988,24257,23988,24195,1373
2026-04-08 04:00:00+00:00,24200,24424,24132,24146,13525
2026-04-08 08:00:00+00:00,24138,24336,24063,24298,11228
2026-04-08 12:00:00+00:00,24295,24356,24145,24279,13491
2026-04-08 16:00:00+00:00,24278,24302,24104,24223,3577
2026-04-08 20:00:00+00:00,24222,24222,24214,24214,15
2026-04-09 00:00:00+00:00,24131,24154,24051,24076,508
2026-04-09 04:00:00+00:00,24074,24190,23978,24022,6495
2026-04-09 08:00:00+00:00,24022,24027,23928,24012,6827
2026-04-09 12:00:00+00:00,24011,24076,23853,24065,12809
2026-04-09 16:00:00+00:00,24066,24125,24010,24079,3022
2026-04-09 20:00:00+00:00,24057,24057,24057,24057,12
2026-04-10 00:00:00+00:00,24041,24110,24029,24076,189
2026-04-10 04:00:00+00:00,24089,24107,23978,24034,3774
2026-04-10 08:00:00+00:00,24037,24207,23945,24141,9722
2026-04-10 12:00:00+00:00,24143,24240,23913,23920,10331
2026-04-10 16:00:00+00:00,23923,23982,23892,23970,2771
2026-04-10 20:00:00+00:00,23957,23957,23957,23957,12
2026-04-13 00:00:00+00:00,23649,23752,23602,23683,474
2026-04-13 04:00:00+00:00,23676,23770,23647,23759,5961
2026-04-13 08:00:00+00:00,23757,23793,23661,23673,5581
2026-04-13 12:00:00+00:00,23669,23937,23654,23900,9908
2026-04-13 16:00:00+00:00,23911,24129,23888,24123,4582
2026-04-13 20:00:00+00:00,24102,24102,24102,24102,18
2026-04-14 00:00:00+00:00,24115,24118,24050,24059,214
2026-04-14 04:00:00+00:00,24061,24193,24041,24172,5526
2026-04-14 08:00:00+00:00,24172,24230,24111,24180,7336
2026-04-14 12:00:00+00:00,24186,24271,24162,24238,9022
2026-04-14 16:00:00+00:00,24237,24260,24202,24231,1622
2026-04-14 20:00:00+00:00,24232,24232,24232,24232,10
2026-04-15 00:00:00+00:00,24239,24239,24184,24208,193
2026-04-15 04:00:00+00:00,24207,24272,24154,24221,3715
2026-04-15 08:00:00+00:00,24220,24324,24169,24242,7492
2026-04-15 12:00:00+00:00,24241,24296,24204,24235,6614
2026-04-15 16:00:00+00:00,24224,24280,24193,24248,2557
2026-04-15 20:00:00+00:00,24244,24244,24244,24244,10
2026-04-16 00:00:00+00:00,24287,24323,24274,24295,285
2026-04-16 04:00:00+00:00,24281,24357,24229,24273,4547
2026-04-16 08:00:00+00:00,24268,24402,24224,24399,5725
2026-04-16 12:00:00+00:00,24400,24426,24256,24330,8627
2026-04-16 16:00:00+00:00,24333,24339,24219,24269,2519
2026-04-16 20:00:00+00:00,24268,24268,24268,24268,7
2026-04-17 00:00:00+00:00,24287,24337,24270,24301,251
2026-04-17 04:00:00+00:00,24292,24412,24272,24399,3814
2026-04-17 08:00:00+00:00,24401,24529,24390,24428,8283
2026-04-17 12:00:00+00:00,24430,24966,24416,24872,23600
2026-04-17 16:00:00+00:00,24872,24887,24743,24812,3537
2026-04-17 20:00:00+00:00,24836,24836,24836,24836,15
2026-04-20 00:00:00+00:00,24560,24625,24550,24594,333
2026-04-20 04:00:00+00:00,24583,24614,24482,24518,6695
2026-04-20 08:00:00+00:00,24519,24571,24446,24548,6792
2026-04-20 12:00:00+00:00,24541,24658,24497,24560,10552
2026-04-20 16:00:00+00:00,24557,24633,24536,24629,2071
2026-04-20 20:00:00+00:00,24636,24636,24636,24636,17
2026-04-21 00:00:00+00:00,24654,24671,24632,24652,241
2026-04-21 04:00:00+00:00,24650,24756,24648,24710,3913
2026-04-21 08:00:00+00:00,24711,24765,24666,24668,5452
2026-04-21 12:00:00+00:00,24672,24677,24382,24406,10449
2026-04-21 16:00:00+00:00,24411,24458,24179,24225,7618
2026-04-21 20:00:00+00:00,24200,24200,24200,24200,20
2026-04-22 00:00:00+00:00,24390,24415,24360,24377,274
2026-04-22 04:00:00+00:00,24370,24545,24349,24458,4207
2026-04-22 08:00:00+00:00,24459,24474,24307,24435,7074
2026-04-22 12:00:00+00:00,24432,24467,24298,24337,9738
2026-04-22 16:00:00+00:00,24338,24384,24280,24362,3935
2026-04-22 20:00:00+00:00,24348,24348,24348,24348,15
2026-04-23 00:00:00+00:00,24196,24292,24014,24046,733
2026-04-23 04:00:00+00:00,24030,24335,24028,24306,5859
2026-04-23 08:00:00+00:00,24306,24307,24134,24276,8816
2026-04-23 12:00:00+00:00,24275,24399,24169,24360,11516
2026-04-23 16:00:00+00:00,24364,24396,23983,24234,7333
2026-04-23 20:00:00+00:00,24243,24243,24243,24243,14
2026-04-24 00:00:00+00:00,24333,24340,24174,24216,355
2026-04-24 04:00:00+00:00,24225,24357,24225,24310,4647
2026-04-24 08:00:00+00:00,24309,24468,24126,24345,11337
2026-04-24 12:00:00+00:00,24346,24432,24219,24335,9410
2026-04-24 16:00:00+00:00,24339,24405,24297,24399,2210
2026-04-24 20:00:00+00:00,24372,24372,24372,24372,46
2026-04-27 00:00:00+00:00,24294,24399,24274,24364,276
2026-04-27 04:00:00+00:00,24356,24366,24274,24293,3459
2026-04-27 08:00:00+00:00,24293,24511,24265,24461,5218
2026-04-27 12:00:00+00:00,24466,24468,24176,24272,9482
2026-04-27 16:00:00+00:00,24273,24295,24218,24222,1816
2026-04-27 20:00:00+00:00,24210,24210,24210,24210,7
2026-04-28 00:00:00+00:00,24290,24291,24247,24264,145
2026-04-28 04:00:00+00:00,24264,24295,24120,24246,4926
2026-04-28 08:00:00+00:00,24244,24286,24078,24097,8269
2026-04-28 12:00:00+00:00,24094,24203,24022,24151,12796
2026-04-28 16:00:00+00:00,24153,24176,24103,24120,2266
2026-04-28 20:00:00+00:00,24119,24119,24119,24119,8
2026-04-29 00:00:00+00:00,24153,24179,24116,24149,234
2026-04-29 04:00:00+00:00,24160,24245,24110,24119,4275
2026-04-29 08:00:00+00:00,24121,24153,24035,24128,6972
2026-04-29 12:00:00+00:00,24129,24165,23976,24003,10761
2026-04-29 16:00:00+00:00,24006,24031,23903,23950,3802
2026-04-29 20:00:00+00:00,23960,23960,23960,23960,17
2026-04-30 00:00:00+00:00,24011,24054,23898,23901,230
2026-04-30 04:00:00+00:00,23897,24007,23729,23987,8244
2026-04-30 08:00:00+00:00,23988,24259,23977,24243,11432
2026-04-30 12:00:00+00:00,24244,24431,24196,24382,14700
2026-04-30 16:00:00+00:00,24382,24448,24368,24405,2758
2026-04-30 20:00:00+00:00,24434,24434,24434,24434,28
2026-05-04 00:00:00+00:00,24500,24520,24390,24449,338
2026-05-04 04:00:00+00:00,24454,24508,24359,24443,6159
2026-05-04 08:00:00+00:00,24446,24500,24165,24358,13210
2026-05-04 12:00:00+00:00,24358,24411,24022,24055,16860
2026-05-04 16:00:00+00:00,24053,24086,23939,24009,6976
2026-05-04 20:00:00+00:00,24005,24005,24005,24005,41
2026-05-05 00:00:00+00:00,24030,24035,23976,24030,165
2026-05-05 04:00:00+00:00,24023,24306,24014,24228,8065
2026-05-05 08:00:00+00:00,24225,24459,24218,24419,10388
2026-05-05 12:00:00+00:00,24417,24534,24318,24508,14683
2026-05-05 16:00:00+00:00,24507,24532,24468,24517,2712
2026-05-05 20:00:00+00:00,24512,24512,24512,24512,19
2026-05-06 00:00:00+00:00,24609,24670,24588,24621,466
2026-05-06 04:00:00+00:00,24621,24865,24621,24856,8301
2026-05-06 08:00:00+00:00,24858,25252,24849,25119,21433
2026-05-06 12:00:00+00:00,25120,25123,24925,25005,14800
2026-05-06 16:00:00+00:00,25002,25071,24979,25046,2107
2026-05-06 20:00:00+00:00,25051,25051,25051,25051,8
2026-05-07 00:00:00+00:00,25009,25084,25006,25036,341
2026-05-07 04:00:00+00:00,25032,25106,24993,25037,6435
2026-05-07 08:00:00+00:00,25037,25066,24929,24951,7436
2026-05-07 12:00:00+00:00,24949,25034,24694,24706,13609
2026-05-07 16:00:00+00:00,24709,24719,24494,24499,7726
2026-05-07 20:00:00+00:00,24482,24482,24482,24482,51
2026-05-08 00:00:00+00:00,24533,24561,24487,24531,491
2026-05-08 04:00:00+00:00,24530,24584,24465,24548,5699
2026-05-08 08:00:00+00:00,24548,24573,24459,24494,8184
2026-05-08 12:00:00+00:00,24495,24545,24334,24417,11821
2026-05-08 16:00:00+00:00,24415,24480,24385,24463,2976
2026-05-08 20:00:00+00:00,24452,24452,24452,24452,10
2026-05-11 00:00:00+00:00,24386,24386,24289,24358,409
2026-05-11 04:00:00+00:00,24349,24407,24313,24355,4004
2026-05-11 08:00:00+00:00,24358,24424,24275,24296,6624
2026-05-11 12:00:00+00:00,24295,24420,24260,24387,9270
2026-05-11 16:00:00+00:00,24382,24386,24300,24347,2462
2026-05-11 20:00:00+00:00,24354,24354,24354,24354,10
2026-05-12 00:00:00+00:00,24312,24328,24126,24205,396
2026-05-12 04:00:00+00:00,24210,24257,24068,24191,6563
2026-05-12 08:00:00+00:00,24193,24275,24132,24150,7480
2026-05-12 12:00:00+00:00,24149,24223,23985,24021,10207
2026-05-12 16:00:00+00:00,24019,24139,24009,24113,2603
2026-05-12 20:00:00+00:00,24096,24096,24096,24096,8
2026-05-13 00:00:00+00:00,24044,24152,24041,24147,349
2026-05-13 04:00:00+00:00,24148,24264,24136,24200,5776
2026-05-13 08:00:00+00:00,24198,24281,24130,24235,6746
2026-05-13 12:00:00+00:00,24236,24249,24060,24172,8684
2026-05-13 16:00:00+00:00,24172,24288,24172,24285,2270
2026-05-13 20:00:00+00:00,24268,24268,24268,24268,34
2026-05-14 00:00:00+00:00,24327,24345,24253,24260,321
2026-05-14 04:00:00+00:00,24253,24455,24241,24379,5047
2026-05-14 08:00:00+00:00,24375,24545,24370,24520,7232
2026-05-14 12:00:00+00:00,24520,24537,24402,24481,9627
2026-05-14 16:00:00+00:00,24482,24493,24346,24383,3033
2026-05-14 20:00:00+00:00,24389,24389,24389,24389,4
2026-05-15 00:00:00+00:00,24359,24396,24182,24234,784
2026-05-15 04:00:00+00:00,24228,24342,24122,24247,6539
2026-05-15 08:00:00+00:00,24247,24256,24049,24060,11851
2026-05-15 12:00:00+00:00,24057,24068,23906,23935,11807
2026-05-15 16:00:00+00:00,23935,24001,23913,23948,2261
2026-05-15 20:00:00+00:00,23910,23910,23910,23910,23
2026-05-18 00:00:00+00:00,23792,23866,23725,23760,720
2026-05-18 04:00:00+00:00,23761,23941,23674,23918,7300
2026-05-18 08:00:00+00:00,23918,24288,23916,24179,11166
2026-05-18 12:00:00+00:00,24180,24482,24167,24361,19205
2026-05-18 16:00:00+00:00,24363,24443,24205,24433,5021
2026-05-18 20:00:00+00:00,24433,24433,24433,24433,15
2026-05-19 00:00:00+00:00,24414,24438,24314,24326,451
2026-05-19 04:00:00+00:00,24312,24710,24242,24683,6832
2026-05-19 08:00:00+00:00,24684,24742,24571,24610,11000
2026-05-19 12:00:00+00:00,24609,24683,24403,24430,12766
2026-05-19 16:00:00+00:00,24430,24464,24345,24369,2626
2026-05-19 20:00:00+00:00,24377,24377,24377,24377,13
2026-05-20 00:00:00+00:00,24318,24380,24200,24279,713
2026-05-20 04:00:00+00:00,24312,24458,24273,24354,4820
2026-05-20 08:00:00+00:00,24352,24637,24323,24551,6348
2026-05-20 12:00:00+00:00,24546,24944,24482,24762,14207
2026-05-20 16:00:00+00:00,24758,24836,24724,24821,2380
2026-05-20 20:00:00+00:00,24829,24829,24829,24829,12
2026-05-21 00:00:00+00:00,24768,24852,24724,24776,508
2026-05-21 04:00:00+00:00,24774,24820,24640,24758,4798
2026-05-21 08:00:00+00:00,24757,24940,24569,24640,10761
2026-05-21 12:00:00+00:00,24641,24767,24575,24681,9507
2026-05-21 16:00:00+00:00,24686,24965,24675,24883,4761
2026-05-21 20:00:00+00:00,24906,24906,24906,24906,15
2026-05-22 00:00:00+00:00,24931,24934,24886,24911,270
2026-05-22 04:00:00+00:00,24905,24966,24755,24798,4544
2026-05-22 08:00:00+00:00,24798,24896,24709,24849,6032
2026-05-22 12:00:00+00:00,24850,25000,24846,24901,9721
2026-05-22 16:00:00+00:00,24905,24980,24829,24846,2632
2026-05-22 20:00:00+00:00,24848,24848,24823,24823,12
2026-05-25 00:00:00+00:00,25095,25219,25073,25189,691
2026-05-25 04:00:00+00:00,25193,25276,25101,25221,4976
2026-05-25 08:00:00+00:00,25222,25341,25191,25315,5068
2026-05-25 12:00:00+00:00,25314,25494,25305,25446,7665
2026-05-25 16:00:00+00:00,25446,25460,25420,25443,833
2026-05-25 20:00:00+00:00,25472,25472,25472,25472,9
2026-05-26 00:00:00+00:00,25308,25396,25293,25391,386
2026-05-26 04:00:00+00:00,25388,25425,25288,25316,5673
2026-05-26 08:00:00+00:00,25319,25346,25218,25306,7163
2026-05-26 12:00:00+00:00,25306,25334,25206,25242,7537
2026-05-26 16:00:00+00:00,25244,25293,25219,25284,1599
2026-05-26 20:00:00+00:00,25287,25287,25287,25287,4
2026-05-27 00:00:00+00:00,25327,25327,25260,25268,345
2026-05-27 04:00:00+00:00,25269,25408,25265,25385,4073
2026-05-27 08:00:00+00:00,25384,25441,25303,25305,5058
2026-05-27 12:00:00+00:00,25307,25418,25149,25207,10291
2026-05-27 16:00:00+00:00,25204,25274,25180,25252,1707
2026-05-27 20:00:00+00:00,25244,25244,25244,25244,5
2026-05-28 00:00:00+00:00,25229,25245,25009,25023,672
2026-05-28 04:00:00+00:00,25006,25207,24960,25185,4241
2026-05-28 08:00:00+00:00,25188,25223,25050,25073,5383
2026-05-28 12:00:00+00:00,25067,25294,25015,25131,10344
2026-05-28 16:00:00+00:00,25129,25201,25114,25131,2197
2026-05-28 20:00:00+00:00,25141,25141,25141,25141,6
2026-05-29 00:00:00+00:00,25145,25197,25122,25182,115
2026-05-29 04:00:00+00:00,25185,25238,25114,25201,3745
2026-05-29 08:00:00+00:00,25204,25241,25067,25132,5907
2026-05-29 12:00:00+00:00,25128,25243,25076,25142,10684
2026-05-29 16:00:00+00:00,25145,25170,25063,25089,2981
2026-05-29 20:00:00+00:00,25110,25110,25110,25110,20
2026-06-01 00:00:00+00:00,25133,25181,25113,25115,217
2026-06-01 04:00:00+00:00,25130,25186,25091,25165,3865
2026-06-01 08:00:00+00:00,25167,25283,25134,25268,6077
2026-06-01 12:00:00+00:00,25268,25336,24929,25021,18098
2026-06-01 16:00:00+00:00,25023,25214,24985,25109,3776
2026-06-01 20:00:00+00:00,25115,25115,25115,25115,15
2026-06-02 00:00:00+00:00,25033,25113,25013,25103,598
2026-06-02 04:00:00+00:00,25118,25357,25105,25356,5049
2026-06-02 08:00:00+00:00,25356,25397,25218,25239,6610
2026-06-02 12:00:00+00:00,25237,25251,25090,25161,7982
2026-06-02 16:00:00+00:00,25161,25173,25085,25131,2126
2026-06-02 20:00:00+00:00,25131,25131,25123,25123,12
2026-06-03 00:00:00+00:00,25108,25146,25100,25141,172
2026-06-03 04:00:00+00:00,25139,25151,24906,24977,5587
2026-06-03 08:00:00+00:00,24978,24994,24858,24939,6802
2026-06-03 12:00:00+00:00,24942,24954,24782,24828,9002
2026-06-03 16:00:00+00:00,24830,24832,24752,24753,1992
2026-06-03 20:00:00+00:00,24737,24737,24737,24737,5
2026-06-04 00:00:00+00:00,24724,24811,24699,24765,294
2026-06-04 04:00:00+00:00,24781,24980,24745,24968,4471
2026-06-04 08:00:00+00:00,24967,25031,24869,24977,7471
2026-06-04 12:00:00+00:00,24980,25036,24895,24948,8540
2026-06-04 16:00:00+00:00,24949,24996,24948,24970,1717
2026-06-04 20:00:00+00:00,24946,24946,24946,24946,9
2026-06-05 00:00:00+00:00,24862,24880,24795,24808,305
2026-06-05 04:00:00+00:00,24830,24971,24821,24939,4362
2026-06-05 08:00:00+00:00,24937,25055,24892,25021,6578
2026-06-05 12:00:00+00:00,25022,25033,24769,24787,10104
2026-06-05 16:00:00+00:00,24785,24785,24531,24601,3957
2026-06-05 20:00:00+00:00,24517,24517,24517,24517,20
2026-06-08 00:00:00+00:00,24592,24641,24381,24570,1111
2026-06-08 04:00:00+00:00,24573,24617,24356,24552,7249
2026-06-08 08:00:00+00:00,24553,24764,24510,24685,8467
2026-06-08 12:00:00+00:00,24684,24728,24629,24635,7922
2026-06-08 16:00:00+00:00,24636,24654,24565,24610,2367
2026-06-08 20:00:00+00:00,24622,24622,24622,24622,12
2026-06-09 00:00:00+00:00,24553,24636,24505,24621,453
2026-06-09 04:00:00+00:00,24611,24716,24556,24690,4978
2026-06-09 08:00:00+00:00,24693,24845,24672,24750,6660
2026-06-09 12:00:00+00:00,24751,24836,24415,24447,11942
2026-06-09 16:00:00+00:00,24442,24571,24253,24547,6150
2026-06-09 20:00:00+00:00,24534,24534,24534,24534,16
2026-06-10 00:00:00+00:00,24534,24560,24457,24487,529
2026-06-10 04:00:00+00:00,24474,24541,24414,24472,4232
2026-06-10 08:00:00+00:00,24476,24478,24052,24242,13902
2026-06-10 12:00:00+00:00,24243,24383,24141,24223,12796
2026-06-10 16:00:00+00:00,24224,24239,24092,24092,3807
2026-06-10 20:00:00+00:00,24083,24083,24083,24083,8
2026-06-11 00:00:00+00:00,23998,24178,23977,24156,484
2026-06-11 04:00:00+00:00,24156,24265,24120,24181,5592
2026-06-11 08:00:00+00:00,24181,24312,24180,24283,6882
2026-06-11 12:00:00+00:00,24284,24345,24090,24251,13943
2026-06-11 16:00:00+00:00,24252,24673,24185,24631,9303
2026-06-11 20:00:00+00:00,24644,24644,24644,24644,14
2026-06-12 00:00:00+00:00,24670,24670,24561,24610,253
2026-06-12 04:00:00+00:00,24600,24778,24509,24663,6429
2026-06-12 08:00:00+00:00,24667,24772,24567,24592,9933
2026-06-12 12:00:00+00:00,24595,24683,24431,24581,17710
2026-06-12 16:00:00+00:00,24579,24707,24550,24686,3625
2026-06-12 20:00:00+00:00,24684,24684,24684,24684,13
2026-06-15 00:00:00+00:00,24915,25090,24915,25027,634
2026-06-15 04:00:00+00:00,25030,25105,25004,25038,10687
2026-06-15 08:00:00+00:00,25037,25064,24911,24977,11687
2026-06-15 12:00:00+00:00,24977,25026,24894,24936,13317
2026-06-15 16:00:00+00:00,24938,24938,24847,24871,2755
2026-06-15 20:00:00+00:00,24880,24880,24880,24880,3
2026-06-16 00:00:00+00:00,24854,24900,24844,24900,196
2026-06-16 04:00:00+00:00,24877,25008,24871,25002,7713
2026-06-16 08:00:00+00:00,25002,25123,24991,25023,16541
2026-06-16 12:00:00+00:00,25022,25066,24816,24845,17884
2026-06-16 16:00:00+00:00,24841,24862,24769,24772,3406
2026-06-16 20:00:00+00:00,24769,24769,24769,24769,20
2026-06-17 00:00:00+00:00,24774,24835,24774,24828,255
2026-06-17 04:00:00+00:00,24819,24879,24807,24839,5363
2026-06-17 08:00:00+00:00,24836,24962,24764,24864,10290
2026-06-17 12:00:00+00:00,24866,24982,24823,24961,11704
2026-06-17 16:00:00+00:00,24963,24980,24789,24804,3239
2026-06-17 20:00:00+00:00,24812,24812,24812,24812,11
2026-06-18 00:00:00+00:00,25060,25063,24831,24855,221
2026-06-18 04:00:00+00:00,24880,25060,24833,24981,4849
2026-06-18 08:00:00+00:00,24985,25008,24836,24937,5797
2026-06-18 12:00:00+00:00,24938,25062,24922,25046,5888
2026-06-18 16:00:00+00:00,25054,25074,25019,25067,725
2026-06-18 20:00:00+00:00,25074,25074,25074,25074,1
2026-06-19 00:00:00+00:00,25193,25212,25103,25114,206
2026-06-19 04:00:00+00:00,25120,25341,25066,25335,4971
2026-06-19 08:00:00+00:00,25334,25353,25184,25217,8309
2026-06-19 12:00:00+00:00,25216,25271,25118,25190,8287
2026-06-19 16:00:00+00:00,25188,25216,25162,25169,950
2026-06-19 20:00:00+00:00,25182,25182,25182,25182,10
2026-06-22 00:00:00+00:00,25111,25200,25110,25128,223
2026-06-22 04:00:00+00:00,25132,25259,25116,25185,3925
2026-06-22 08:00:00+00:00,25188,25189,25070,25173,5211
2026-06-22 12:00:00+00:00,25174,25353,25147,25283,11002
2026-06-22 16:00:00+00:00,25285,25286,25240,25270,2191
2026-06-22 20:00:00+00:00,25277,25277,25277,25277,12
2026-06-23 00:00:00+00:00,25209,25264,25098,25153,355
2026-06-23 04:00:00+00:00,25158,25158,24939,24961,7184
2026-06-23 08:00:00+00:00,24961,25107,24896,25074,7895
2026-06-23 12:00:00+00:00,25075,25164,25027,25106,8497
2026-06-23 16:00:00+00:00,25105,25145,25056,25071,2104
2026-06-23 20:00:00+00:00,25074,25074,25074,25074,4
2026-06-24 00:00:00+00:00,25091,25120,25034,25064,228
2026-06-24 04:00:00+00:00,25062,25109,24832,24863,6724
2026-06-24 08:00:00+00:00,24869,24906,24770,24831,6365
2026-06-24 12:00:00+00:00,24832,24925,24755,24902,9426
2026-06-24 16:00:00+00:00,24898,24920,24799,24855,2483
2026-06-24 20:00:00+00:00,24859,24859,24859,24859,7
2026-06-25 00:00:00+00:00,24921,24933,24848,24883,366
2026-06-25 04:00:00+00:00,24886,25024,24860,25021,4217
2026-06-25 08:00:00+00:00,25022,25096,24986,25077,6142
2026-06-25 12:00:00+00:00,25077,25258,25010,25193,14372
2026-06-25 16:00:00+00:00,25192,25223,25107,25130,2256
2026-06-25 20:00:00+00:00,25166,25166,25166,25166,17
2026-06-26 00:00:00+00:00,25136,25149,24873,24962,335
2026-06-26 04:00:00+00:00,24967,25061,24919,24986,4719
2026-06-26 08:00:00+00:00,24987,24996,24830,24837,7073
2026-06-26 12:00:00+00:00,24829,24877,24712,24844,9758
2026-06-26 16:00:00+00:00,24845,24848,24771,24805,2446
2026-06-26 20:00:00+00:00,24807,24830,24807,24830,18
2026-06-29 00:00:00+00:00,24897,24945,24851,24935,297
2026-06-29 04:00:00+00:00,24927,24966,24847,24909,4212
2026-06-29 08:00:00+00:00,24906,24922,24796,24852,4440
2026-06-29 12:00:00+00:00,24850,24881,24718,24800,7094
2026-06-29 16:00:00+00:00,24805,24912,24799,24905,2488
2026-06-29 20:00:00+00:00,24878,24878,24878,24878,14
2026-06-30 00:00:00+00:00,24916,24932,24835,24918,130
2026-06-30 04:00:00+00:00,24914,25032,24914,24960,4209
2026-06-30 08:00:00+00:00,24963,25176,24961,25146,6457
2026-06-30 12:00:00+00:00,25146,25169,25030,25138,8928
2026-06-30 16:00:00+00:00,25140,25195,25127,25162,2260
2026-06-30 20:00:00+00:00,25196,25196,25196,25196,33
2026-07-01 00:00:00+00:00,25164,25171,25098,25132,342
2026-07-01 04:00:00+00:00,25132,25202,25101,25201,4478
2026-07-01 08:00:00+00:00,25199,25242,25129,25134,5735
2026-07-01 12:00:00+00:00,25137,25229,25028,25199,11101
2026-07-01 16:00:00+00:00,25204,25234,25179,25196,1967
2026-07-01 20:00:00+00:00,25150,25150,25150,25150,16
2026-07-02 00:00:00+00:00,25161,25294,25129,25278,233
2026-07-02 04:00:00+00:00,25283,25284,25096,25253,4310
2026-07-02 08:00:00+00:00,25252,25454,25236,25447,7960
2026-07-02 12:00:00+00:00,25447,25810,25438,25700,19005
2026-07-02 16:00:00+00:00,25700,25780,25626,25769,3154
2026-07-02 20:00:00+00:00,25751,25751,25751,25751,11
2026-07-03 00:00:00+00:00,25799,25860,25755,25860,311
2026-07-03 04:00:00+00:00,25862,25969,25817,25829,5000
2026-07-03 08:00:00+00:00,25830,25883,25754,25849,5392
2026-07-03 12:00:00+00:00,25850,25978,25843,25940,6354
2026-07-03 16:00:00+00:00,25942,25967,25933,25966,817
2026-07-03 20:00:00+00:00,25949,25949,25949,25949,6
2026-07-06 00:00:00+00:00,25995,26064,25929,25940,265
2026-07-06 04:00:00+00:00,25943,26048,25898,26030,3331
2026-07-06 08:00:00+00:00,26031,26043,25895,25906,3612
2026-07-06 12:00:00+00:00,25904,25985,25834,25940,5706
2026-07-06 16:00:00+00:00,25943,25965,25927,25958,1197
2026-07-06 20:00:00+00:00,25946,25946,25946,25946,7
2026-07-07 00:00:00+00:00,25949,25958,25877,25884,197
2026-07-07 04:00:00+00:00,25890,25949,25838,25922,3266
2026-07-07 08:00:00+00:00,25925,25941,25760,25783,4763
2026-07-07 12:00:00+00:00,25787,25845,25601,25645,8801
2026-07-07 16:00:00+00:00,25643,25692,25550,25608,2348
2026-07-07 20:00:00+00:00,25610,25610,25610,25610,5
2026-07-08 00:00:00+00:00,25592,25661,25550,25616,131
2026-07-08 04:00:00+00:00,25612,25612,25285,25331,6295
2026-07-08 08:00:00+00:00,25332,25339,24958,25124,14519
2026-07-08 12:00:00+00:00,25123,25216,24980,25024,9867
2026-07-08 16:00:00+00:00,25026,25154,25022,25145,2846
2026-07-08 20:00:00+00:00,25139,25139,25139,25139,8
2026-07-09 00:00:00+00:00,25158,25206,25112,25174,163
2026-07-09 04:00:00+00:00,25183,25254,25120,25154,4758
2026-07-09 08:00:00+00:00,25156,25163,24986,25069,6489
2026-07-09 12:00:00+00:00,25071,25248,25060,25221,8506
2026-07-09 16:00:00+00:00,25223,25261,25214,25243,1682
2026-07-09 20:00:00+00:00,25240,25240,25240,25240,10
2026-07-10 00:00:00+00:00,25222,25268,25199,25225,315
2026-07-10 04:00:00+00:00,25227,25319,25185,25241,3639
2026-07-10 08:00:00+00:00,25241,25288,25173,25221,5262
2026-07-10 12:00:00+00:00,25225,25311,25047,25196,7501
2026-07-10 16:00:00+00:00,25197,25246,25192,25224,1768
2026-07-10 20:00:00+00:00,25231,25231,25231,25231,8
2026-07-13 00:00:00+00:00,25174,25174,24959,24959,225
2026-07-13 04:00:00+00:00,24958,25185,24892,25183,4725
2026-07-13 08:00:00+00:00,25185,25271,25165,25214,4512
2026-07-13 12:00:00+00:00,25207,25249,25085,25201,6788
2026-07-13 16:00:00+00:00,25200,25216,25080,25127,2426
2026-07-13 20:00:00+00:00,25126,25126,25126,25126,10
2026-07-14 00:00:00+00:00,25095,25095,24898,24982,388
2026-07-14 04:00:00+00:00,24985,25132,24963,25093,5037
2026-07-14 08:00:00+00:00,25094,25135,25001,25025,5074
2026-07-14 12:00:00+00:00,25028,25343,24982,25205,8772
2026-07-14 16:00:00+00:00,25207,25229,25149,25154,2425
2026-07-14 20:00:00+00:00,25174,25174,25174,25174,17
2026-07-15 00:00:00+00:00,25196,25209,25149,25202,100
2026-07-15 04:00:00+00:00,25206,25251,24942,25030,6823
2026-07-15 08:00:00+00:00,25031,25150,25012,25108,4721
2026-07-15 12:00:00+00:00,25113,25168,25066,25110,7093
2026-07-15 16:00:00+00:00,25110,25145,25033,25107,3194
2026-07-15 20:00:00+00:00,25104,25104,25104,25104,6
2026-07-16 00:00:00+00:00,25136,25148,25016,25132,117
2026-07-16 04:00:00+00:00,25142,25174,24951,24979,4421
2026-07-16 08:00:00+00:00,24976,25057,24795,24880,7529
2026-07-16 12:00:00+00:00,24884,25046,24808,24992,8358
2026-07-16 16:00:00+00:00,24993,25023,24934,24995,2687
2026-07-16 20:00:00+00:00,25003,25003,25003,25003,29
2026-07-17 00:00:00+00:00,24904,24933,24823,24826,159
2026-07-17 04:00:00+00:00,24806,24946,24715,24923,4675
2026-07-17 08:00:00+00:00,24923,24959,24760,24905,7124
2026-07-17 12:00:00+00:00,24907,24988,24802,24988,7544
2026-07-17 16:00:00+00:00,24987,24990,24874,24940,2536
2026-07-17 20:00:00+00:00,24924,24924,24924,24924,11
2026-07-20 00:00:00+00:00,24977,24993,24880,24954,162
2026-07-20 04:00:00+00:00,24947,25012,24835,24960,4185
2026-07-20 08:00:00+00:00,24963,25081,24922,25047,5961
2026-07-20 12:00:00+00:00,25047,25047,24861,24953,7134
2026-07-20 16:00:00+00:00,24953,24986,24799,24807,2931
2026-07-20 20:00:00+00:00,24819,24819,24819,24819,4
2026-07-21 00:00:00+00:00,24807,24928,24775,24912,196
2026-07-21 04:00:00+00:00,24913,25037,24896,24976,3513
2026-07-21 08:00:00+00:00,24974,25092,24938,24999,4771
2026-07-21 12:00:00+00:00,24999,25141,24912,25133,7428
2026-07-21 16:00:00+00:00,25133,25177,25131,25167,1743
2026-07-21 20:00:00+00:00,25169,25169,25169,25169,10
2026-07-22 00:00:00+00:00,25179,25200,25144,25147,116
2026-07-22 04:00:00+00:00,25155,25182,25052,25155,5668
2026-07-22 08:00:00+00:00,25164,25370,25145,25157,9579
2026-07-22 12:00:00+00:00,25160,25311,25149,25297,6630
2026-07-22 16:00:00+00:00,25299,25306,25233,25250,1477
2026-07-22 20:00:00+00:00,25272,25272,25272,25272,17
2026-07-23 00:00:00+00:00,25248,25317,25218,25251,182
2026-07-23 04:00:00+00:00,25245,25253,24994,25077,5317
2026-07-23 08:00:00+00:00,25082,25168,25022,25095,5746
2026-07-23 12:00:00+00:00,25091,25095,24784,24876,13997
2026-07-23 16:00:00+00:00,24877,24928,24807,24840,2405
2026-07-23 20:00:00+00:00,24860,24860,24860,24860,4
2026-07-24 00:00:00+00:00,24830,24874,24788,24806,81
2026-07-24 04:00:00+00:00,24806,25037,24799,24980,5420
2026-07-24 08:00:00+00:00,24977,25098,24949,25063,5616
2026-07-24 12:00:00+00:00,25060,25228,24995,25201,8042
2026-07-24 16:00:00+00:00,25204,25220,25116,25170,2853
2026-07-24 20:00:00+00:00,25172,25172,25172,25172,6
2026-07-27 00:00:00+00:00,25370,25406,25270,25356,370
2026-07-27 04:00:00+00:00,25357,25570,25356,25477,6912
2026-07-27 08:00:00+00:00,25475,25633,25455,25617,6634
2026-07-27 12:00:00+00:00,25614,25654,25450,25486,9657
2026-07-27 16:00:00+00:00,25494,25575,25469,25568,2264
2026-07-27 20:00:00+00:00,25588,25588,25588,25588,13
2026-07-28 00:00:00+00:00,25539,25588,25469,25584,361
2026-07-28 04:00:00+00:00,25573,25648,25488,25565,3780
2026-07-28 08:00:00+00:00,25564,25629,25443,25492,5302
2026-07-28 12:00:00+00:00,25493,25603,25397,25595,7446
2026-07-28 16:00:00+00:00,25593,25640,25574,25595,2279
2026-07-28 20:00:00+00:00,25624,25624,25624,25624,52
2026-07-29 00:00:00+00:00,25675,25676,25384,25393,452
2026-07-29 04:00:00+00:00,25382,25653,25370,25574,4335
2026-07-29 08:00:00+00:00,25575,25644,25428,25641,6278
2026-07-29 12:00:00+00:00,25642,25662,25509,25524,7778
2026-07-29 16:00:00+00:00,25524,25678,25444,25468,4832
2026-07-29 20:00:00+00:00,25484,25484,25484,25484,31
2026-07-30 00:00:00+00:00,25530,25629,25497,25514,357
2026-07-30 04:00:00+00:00,25515,25515,25379,25466,4753
2026-07-30 08:00:00+00:00,25465,25638,25439,25616,4996
2026-07-30 12:00:00+00:00,25614,25736,25568,25705,8500
2026-07-30 16:00:00+00:00,25701,25797,25695,25775,2338
2026-07-30 20:00:00+00:00,25799,25799,25799,25799,18
2026-07-31 00:00:00+00:00,25800,25809,25740,25771,152
2026-07-31 04:00:00+00:00,25761,25974,25761,25958,5468
2026-07-31 08:00:00+00:00,25955,25970,25751,25798,6547
2026-07-31 12:00:00+00:00,25798,25800,25628,25754,8527
2026-07-31 16:00:00+00:00,25752,25812,25727,25781,2162
2026-07-31 20:00:00+00:00,25808,25808,25808,25808,17
2026-08-03 00:00:00+00:00,25900,26000,25895,25973,198
2026-08-03 04:00:00+00:00,25971,26074,25921,26054,5244
2026-08-03 08:00:00+00:00,26054,26117,26027,26092,5611
2026-08-03 12:00:00+00:00,26090,26183,26017,26108,9505
2026-08-03 16:00:00+00:00,26110,26166,26092,26163,1490
2026-08-03 20:00:00+00:00,26153,26153,26153,26153,23
2026-08-04 00:00:00+00:00,26197,26234,26151,26195,186
2026-08-04 04:00:00+00:00,26197,26354,26187,26348,4977
2026-08-04 08:00:00+00:00,26347,26347,26164,26308,6728
2026-08-04 12:00:00+00:00,26308,26343,26222,26317,7861
2026-08-04 16:00:00+00:00,26314,26437,26312,26427,2333
2026-08-04 20:00:00+00:00,26454,26454,26454,26454,15
2026-08-05 00:00:00+00:00,26453,26515,26434,26503,174
2026-08-05 04:00:00+00:00,26509,26524,26377,26382,4480
2026-08-05 08:00:00+00:00,26381,26383,26259,26341,5443
2026-08-05 12:00:00+00:00,26340,26372,26208,26215,6752
2026-08-05 16:00:00+00:00,26213,26285,26213,26271,1099
2026-08-05 20:00:00+00:00,26289,26289,26289,26289,5
2026-08-06 00:00:00+00:00,26267,26318,26242,26318,106
2026-08-06 04:00:00+00:00,26328,26330,26178,26202,4752
2026-08-06 08:00:00+00:00,26201,26300,26168,26265,4181
2026-08-06 12:00:00+00:00,26261,26312,26189,26251,6104
2026-08-06 16:00:00+00:00,26253,26274,26224,26253,1281
2026-08-06 20:00:00+00:00,26251,26259,26251,26259,11
2026-08-07 00:00:00+00:00,26231,26253,26208,26242,64
2026-08-07 04:00:00+00:00,26239,26374,26231,26342,3810
2026-08-07 08:00:00+00:00,26344,26465,26323,26429,4755
2026-08-07 12:00:00+00:00,26429,26527,26380,26397,7356
2026-08-07 16:00:00+00:00,26398,26452,26361,26447,1748
2026-08-07 20:00:00+00:00,26455,26455,26455,26455,11
2026-08-10 00:00:00+00:00,26435,26435,26371,26416,99
2026-08-10 04:00:00+00:00,26420,26453,26389,26444,2591
2026-08-10 08:00:00+00:00,26446,26514,26402,26475,3766
2026-08-10 12:00:00+00:00,26476,26477,26375,26407,5342
2026-08-10 16:00:00+00:00,26410,26418,26373,26416,1361
2026-08-10 20:00:00+00:00,26406,26406,26406,26406,8
2026-08-11 00:00:00+00:00,26393,26443,26386,26430,108
2026-08-11 04:00:00+00:00,26433,26459,26330,26353,3920
2026-08-11 08:00:00+00:00,26351,26454,26319,26445,4234
2026-08-11 12:00:00+00:00,26447,26582,26438,26471,8318
2026-08-11 16:00:00+00:00,26472,26497,26416,26461,1792
2026-08-11 20:00:00+00:00,26442,26442,26442,26442,6
2026-08-12 00:00:00+00:00,26460,26460,26436,26450,71
2026-08-12 04:00:00+00:00,26452,26539,26452,26490,2990
2026-08-12 08:00:00+00:00,26489,26616,26481,26560,5409
2026-08-12 12:00:00+00:00,26563,26665,26389,26414,8842
2026-08-12 16:00:00+00:00,26413,26453,26398,26453,1524
2026-08-12 20:00:00+00:00,26453,26453,26441,26441,20
2026-08-13 00:00:00+00:00,26438,26496,26438,26496,97
2026-08-13 04:00:00+00:00,26495,26569,26470,26497,2913
2026-08-13 08:00:00+00:00,26499,26558,26488,26507,2990
2026-08-13 12:00:00+00:00,26505,26528,26351,26386,6935
2026-08-13 16:00:00+00:00,26389,26484,26389,26482,2203
2026-08-13 20:00:00+00:00,26452,26452,26452,26452,32
2026-08-14 00:00:00+00:00,26456,26505,26456,26487,93
2026-08-14 04:00:00+00:00,26487,26564,26461,26548,3619
2026-08-14 08:00:00+00:00,26549,26607,26470,26604,5491
2026-08-14 12:00:00+00:00,26606,26613,26480,26517,8069
2026-08-14 16:00:00+00:00,26519,26537,26505,26526,1460
2026-08-14 20:00:00+00:00,26523,26523,26523,26523,9
2026-08-17 00:00:00+00:00,26555,26578,26535,26569,64
2026-08-17 04:00:00+00:00,26571,26583,26486,26536,3015
2026-08-17 08:00:00+00:00,26537,26562,26455,26519,3875
2026-08-17 12:00:00+00:00,26519,26520,26391,26406,6459
2026-08-17 16:00:00+00:00,26407,26425,26355,26379,1500
2026-08-17 20:00:00+00:00,26359,26359,26359,26359,26
2026-08-18 00:00:00+00:00,26385,26389,26287,26315,157
2026-08-18 04:00:00+00:00,26302,26376,26234,26242,4502
2026-08-18 08:00:00+00:00,26242,26339,26214,26322,4519
2026-08-18 12:00:00+00:00,26323,26339,26183,26230,8253
2026-08-18 16:00:00+00:00,26229,26259,26209,26220,1405
2026-08-18 20:00:00+00:00,26194,26194,26194,26194,10
2026-08-19 00:00:00+00:00,26162,26211,26160,26171,150
2026-08-19 04:00:00+00:00,26169,26265,26152,26195,3854
2026-08-19 08:00:00+00:00,26194,26212,26135,26151,3977
2026-08-19 12:00:00+00:00,26153,26252,26125,26171,8829
2026-08-19 16:00:00+00:00,26170,26193,26118,26146,2111
2026-08-19 20:00:00+00:00,26148,26148,26148,26148,11
2026-08-20 00:00:00+00:00,26163,26165,26120,26130,99
2026-08-20 04:00:00+00:00,26132,26196,26026,26027,4702
2026-08-20 08:00:00+00:00,26027,26066,25979,26010,5182
2026-08-20 12:00:00+00:00,26009,26095,25965,26052,7488
2026-08-20 16:00:00+00:00,26054,26075,26008,26022,1851
2026-08-20 20:00:00+00:00,26011,26011,26011,26011,12
2026-08-21 00:00:00+00:00,26050,26067,26028,26055,62
2026-08-21 04:00:00+00:00,26066,26124,26020,26104,3950
2026-08-21 08:00:00+00:00,26102,26145,26063,26107,5616
2026-08-21 12:00:00+00:00,26110,26220,26102,26186,7220
2026-08-21 16:00:00+00:00,26187,26187,26146,26174,1660
2026-08-21 20:00:00+00:00,26146,26146,26146,26146,15
2026-08-24 00:00:00+00:00,26186,26195,26143,26158,133
2026-08-24 04:00:00+00:00,26165,26171,26088,26098,3241
2026-08-24 08:00:00+00:00,26099,26225,26089,26184,4563
2026-08-24 12:00:00+00:00,26183,26197,26087,26173,7406
2026-08-24 16:00:00+00:00,26173,26196,26151,26169,1645
2026-08-24 20:00:00+00:00,26181,26181,26181,26181,14
2026-08-25 00:00:00+00:00,26168,26210,26141,26199,151
2026-08-25 04:00:00+00:00,26202,26298,26202,26239,3193
2026-08-25 08:00:00+00:00,26242,26399,26212,26365,6537
2026-08-25 12:00:00+00:00,26365,26380,26297,26318,6864
2026-08-25 16:00:00+00:00,26319,26332,26284,26325,1867
2026-08-25 20:00:00+00:00,26317,26317,26317,26317,10
2026-08-26 00:00:00+00:00,26312,26347,26279,26343,156
2026-08-26 04:00:00+00:00,26344,26344,26244,26314,4107
2026-08-26 08:00:00+00:00,26315,26394,26275,26391,4179
2026-08-26 12:00:00+00:00,26392,26513,26325,26325,8959
2026-08-26 16:00:00+00:00,26324,26345,26283,26335,2216
2026-08-26 20:00:00+00:00,26347,26347,26347,26347,5
2026-08-27 00:00:00+00:00,26383,26405,26362,26393,219
2026-08-27 04:00:00+00:00,26395,26433,26328,26364,3745
2026-08-27 08:00:00+00:00,26366,26438,26345,26438,5267
2026-08-27 12:00:00+00:00,26434,26442,26277,26414,8012
2026-08-27 16:00:00+00:00,26413,26438,26379,26438,1884
2026-08-27 20:00:00+00:00,26417,26417,26417,26417,19
2026-08-28 00:00:00+00:00,26405,26523,26405,26514,246
2026-08-28 04:00:00+00:00,26501,26591,26467,26540,4740
2026-08-28 08:00:00+00:00,26540,26594,26522,26538,4987
2026-08-28 12:00:00+00:00,26536,26662,26523,26583,10640
2026-08-28 16:00:00+00:00,26582,26602,26553,26592,2182
2026-08-28 20:00:00+00:00,26615,26615,26615,26615,13
2026-08-31 00:00:00+00:00,26541,26542,26485,26520,384
2026-08-31 04:00:00+00:00,26517,26585,26405,26425,5359
2026-08-31 08:00:00+00:00,26425,26461,26370,26434,4908
2026-08-31 12:00:00+00:00,26434,26455,26267,26271,10466
2026-08-31 16:00:00+00:00,26273,26278,26214,26234,3384
2026-08-31 20:00:00+00:00,26235,26235,26235,26235,31
2026-09-01 00:00:00+00:00,26270,26283,26246,26262,179
2026-09-01 04:00:00+00:00,26255,26270,26150,26213,6037
2026-09-01 08:00:00+00:00,26214,26225,25955,26035,9687
2026-09-01 12:00:00+00:00,26035,26080,25951,26010,10521
2026-09-01 16:00:00+00:00,26010,26014,25835,25856,3755
2026-09-01 20:00:00+00:00,25836,25836,25836,25836,18
2026-09-02 00:00:00+00:00,25860,25889,25830,25853,274
2026-09-02 04:00:00+00:00,25839,25958,25831,25888,4888
2026-09-02 08:00:00+00:00,25890,25921,25759,25899,6703
2026-09-02 12:00:00+00:00,25897,25937,25837,25858,8955
2026-09-02 16:00:00+00:00,25861,25902,25849,25885,2245
2026-09-02 20:00:00+00:00,25908,25908,25908,25908,19
2026-09-03 00:00:00+00:00,25899,25913,25855,25892,99
2026-09-03 04:00:00+00:00,25888,25932,25832,25871,4247
2026-09-03 08:00:00+00:00,25870,25963,25810,25865,8189
2026-09-03 12:00:00+00:00,25867,26046,25853,26035,9758
2026-09-03 16:00:00+00:00,26034,26072,26019,26068,1876
2026-09-03 20:00:00+00:00,26087,26087,26087,26087,30
2026-09-04 00:00:00+00:00,26064,26082,26040,26067,93
2026-09-04 04:00:00+00:00,26064,26112,25981,26076,4923
2026-09-04 08:00:00+00:00,26079,26141,26001,26130,7087
2026-09-04 12:00:00+00:00,26129,26190,26025,26094,10039
2026-09-04 16:00:00+00:00,26096,26118,26057,26088,1695
2026-09-04 20:00:00+00:00,26082,26082,26082,26082,2
2026-09-07 00:00:00+00:00,26050,26070,26038,26051,88
2026-09-07 04:00:00+00:00,26040,26093,25950,26009,4190
2026-09-07 08:00:00+00:00,26011,26027,25950,25954,3826
2026-09-07 12:00:00+00:00,25955,26045,25943,26021,4623
2026-09-07 16:00:00+00:00,26022,26031,26017,26017,433
2026-09-07 20:00:00+00:00,26027,26027,26027,26027,8
2026-09-08 00:00:00+00:00,26033,26061,26016,26043,205
2026-09-08 04:00:00+00:00,26046,26046,25865,25884,5227
2026-09-08 08:00:00+00:00,25887,26012,25817,26008,7237
2026-09-08 12:00:00+00:00,26007,26050,25926,25998,7491
2026-09-08 16:00:00+00:00,25999,26002,25880,25895,2629
2026-09-08 20:00:00+00:00,25882,25882,25882,25882,8
2026-09-09 00:00:00+00:00,25898,25905,25869,25875,117
2026-09-09 04:00:00+00:00,25881,25926,25807,25878,6505
2026-09-09 08:00:00+00:00,25879,25895,25588,25592,13399
2026-09-09 12:00:00+00:00,25592,25692,25530,25566,14080
2026-09-09 16:00:00+00:00,25565,25584,25537,25543,2507
2026-09-09 20:00:00+00:00,25552,25552,25552,25552,16
2026-09-10 00:00:00+00:00,25561,25607,25546,25600,195
2026-09-10 04:00:00+00:00,25600,25635,25556,25584,4909
2026-09-10 08:00:00+00:00,25583,25619,25512,25545,6969
2026-09-10 12:00:00+00:00,25545,25569,25350,25352,15298
2026-09-10 16:00:00+00:00,25353,25389,25317,25347,3165
2026-09-10 20:00:00+00:00,25329,25329,25329,25329,20
2026-09-11 00:00:00+00:00,25368,25398,25325,25345,175
2026-09-11 04:00:00+00:00,25346,25510,25345,25437,5104
2026-09-11 08:00:00+00:00,25439,25570,25409,25526,7566
2026-09-11 12:00:00+00:00,25528,25601,25463,25561,12621
2026-09-11 16:00:00+00:00,25565,25597,25548,25566,2061
2026-09-11 20:00:00+00:00,25587,25587,25587,25587,19
2026-09-14 00:00:00+00:00,25504,25550,25461,25507,383
2026-09-14 04:00:00+00:00,25506,25557,25402,25452,6603
2026-09-14 08:00:00+00:00,25451,25512,25350,25445,12001
2026-09-14 12:00:00+00:00,25444,25525,25338,25511,19603
2026-09-14 16:00:00+00:00,25511,25592,25504,25519,4164
2026-09-14 20:00:00+00:00,25528,25528,25528,25528,17
2026-09-15 00:00:00+00:00,25532,25532,25462,25465,340
2026-09-15 04:00:00+00:00,25451,25478,25201,25245,9447
2026-09-15 08:00:00+00:00,25247,25464,25180,25460,17130
2026-09-15 12:00:00+00:00,25460,25494,25366,25434,17203
2026-09-15 16:00:00+00:00,25433,25473,25417,25439,2049
2026-09-15 20:00:00+00:00,25449,25449,25449,25449,5
2026-09-16 00:00:00+00:00,25463,25502,25441,25495,192
2026-09-16 04:00:00+00:00,25495,25535,25441,25449,5297
2026-09-16 08:00:00+00:00,25451,25518,25368,25512,11598
2026-09-16 12:00:00+00:00,25513,25610,25464,25560,12511
2026-09-16 16:00:00+00:00,25559,25613,25406,25520,3796
2026-09-16 20:00:00+00:00,25515,25515,25515,25515,1
2026-09-17 00:00:00+00:00,25594,25710,25594,25709,324
2026-09-17 04:00:00+00:00,25708,25753,25630,25650,3717
2026-09-17 08:00:00+00:00,25651,25736,25595,25735,4102
2026-09-17 12:00:00+00:00,25725,25805,25701,25715,3649
2026-09-17 16:00:00+00:00,25727,25731,25634,25659,591
2026-09-18 00:00:00+00:00,25818,25818,25755,25810,226
2026-09-18 04:00:00+00:00,25811,25872,25761,25810,5053
2026-09-18 08:00:00+00:00,25808,25814,25632,25638,11641
2026-09-18 12:00:00+00:00,25640,25650,25461,25467,14365
2026-09-18 16:00:00+00:00,25467,25500,25447,25482,3316
2026-09-18 20:00:00+00:00,25492,25492,25492,25492,15
2026-09-21 00:00:00+00:00,25532,25594,25518,25590,452
2026-09-21 04:00:00+00:00,25592,25696,25591,25668,6011
2026-09-21 08:00:00+00:00,25667,25799,25665,25779,7694
2026-09-21 12:00:00+00:00,25778,25803,25708,25768,10775
2026-09-21 16:00:00+00:00,25768,25845,25766,25813,2831
2026-09-21 20:00:00+00:00,25823,25823,25823,25823,14
2026-09-22 00:00:00+00:00,25825,25831,25805,25805,65
2026-09-22 04:00:00+00:00,25800,25815,25642,25653,4692
2026-09-22 08:00:00+00:00,25656,25939,25599,25862,11878
2026-09-22 12:00:00+00:00,25858,25968,25734,25766,9732
2026-09-22 16:00:00+00:00,25766,25911,25756,25866,3859
2026-09-22 20:00:00+00:00,25878,25878,25878,25878,5
2026-09-23 00:00:00+00:00,25876,25882,25832,25865,81
2026-09-23 04:00:00+00:00,25873,25935,25740,25790,4654
2026-09-23 08:00:00+00:00,25789,25789,25543,25603,6989
2026-09-23 12:00:00+00:00,25599,25662,25552,25579,10473
2026-09-23 16:00:00+00:00,25581,25581,25454,25543,4356
2026-09-23 20:00:00+00:00,25535,25535,25535,25535,11
2026-09-24 00:00:00+00:00,25513,25537,25480,25501,159
2026-09-24 04:00:00+00:00,25496,25575,25434,25485,4326
2026-09-24 08:00:00+00:00,25485,25563,25337,25543,9266
2026-09-24 12:00:00+00:00,25540,25605,25420,25458,8711
2026-09-24 16:00:00+00:00,25458,25636,25441,25566,4964
2026-09-24 20:00:00+00:00,25561,25561,25561,25561,8
2026-09-25 00:00:00+00:00,25520,25582,25516,25572,73
2026-09-25 04:00:00+00:00,25577,25658,25564,25582,4134
2026-09-25 08:00:00+00:00,25584,25706,25554,25618,6011
2026-09-25 12:00:00+00:00,25619,25665,25520,25642,8420
2026-09-25 16:00:00+00:00,25644,25749,25639,25723,5608
2026-09-25 20:00:00+00:00,25732,25732,25732,25732,8
2026-09-28 00:00:00+00:00,25665,25671,25623,25637,341
2026-09-28 04:00:00+00:00,25624,25656,25597,25599,307
