,Open,High,Low,Close,Volume
2026-03-03 09:30:00+00:00,41.61,41.67,41.24,41.45,3551.0
2026-03-03 09:45:00+00:00,41.44,41.47,40.86,41.08,9173.0
2026-03-03 10:00:00+00:00,41.08,41.23,40.89,40.98,7272.0
2026-03-03 10:15:00+00:00,40.99,41.2,40.82,40.95,8900.0
2026-03-03 10:30:00+00:00,40.99,41.02,40.57,40.86,12211.0
2026-03-03 10:45:00+00:00,40.93,41.59,40.93,41.59,9641.0
2026-03-03 11:00:00+00:00,41.57,41.68,41.38,41.39,4050.0
2026-03-03 11:15:00+00:00,41.47,41.47,41.11,41.3,2585.0
2026-03-03 11:30:00+00:00,41.31,41.55,41.23,41.33,1553.0
2026-03-03 11:45:00+00:00,41.34,41.37,41.14,41.14,691.0
2026-03-03 12:00:00+00:00,41.19,41.24,41.04,41.09,3103.0
2026-03-03 12:15:00+00:00,41.1,41.13,40.66,40.66,10252.0
2026-03-03 12:30:00+00:00,40.68,42.51,40.66,41.93,30714.0
2026-03-03 12:45:00+00:00,41.92,42.12,41.88,42.03,7797.0
2026-03-03 13:00:00+00:00,42.0,43.1,41.91,42.65,14203.0
2026-03-03 13:15:00+00:00,42.63,43.26,42.63,43.26,24616.0
2026-03-03 13:30:00+00:00,43.2,43.2,42.74,42.8,8820.0
2026-03-03 13:45:00+00:00,42.73,42.94,42.61,42.76,6412.0
2026-03-03 14:00:00+00:00,42.76,42.87,42.18,42.18,9217.0
2026-03-03 14:15:00+00:00,42.12,42.3,41.83,42.06,10158.0
2026-03-03 14:30:00+00:00,42.05,43.28,42.0,43.25,14663.0
2026-03-03 14:45:00+00:00,43.29,43.39,42.61,42.61,6744.0
2026-03-03 15:00:00+00:00,42.73,43.29,42.72,42.93,6721.0
2026-03-03 15:15:00+00:00,42.9,42.99,42.18,42.3,3755.0
2026-03-03 15:30:00+00:00,42.27,42.55,42.13,42.55,6967.0
2026-03-03 15:45:00+00:00,42.6,42.65,42.04,42.32,8595.0
2026-03-03 16:00:00+00:00,42.4,42.75,42.0,42.15,7955.0
2026-03-03 16:15:00+00:00,42.17,42.29,41.74,41.8,10977.0
2026-03-04 08:00:00+00:00,41.8,42.1,41.3,41.8,19516.0
2026-03-04 08:15:00+00:00,41.81,42.45,41.77,42.16,4006.0
2026-03-04 08:30:00+00:00,42.02,42.15,41.83,42.1,3981.0
2026-03-04 08:45:00+00:00,42.0,42.0,41.79,41.84,1792.0
2026-03-04 09:00:00+00:00,41.76,41.84,41.75,41.84,373.0
2026-03-04 09:15:00+00:00,41.89,42.19,41.89,42.17,2047.0
2026-03-04 09:30:00+00:00,42.2,42.41,42.13,42.34,4448.0
2026-03-04 09:45:00+00:00,42.35,42.46,42.22,42.46,1189.0
2026-03-04 10:00:00+00:00,42.4,43.0,42.25,42.96,4311.0
2026-03-04 10:15:00+00:00,43.04,43.1,42.79,43.07,9850.0
2026-03-04 10:30:00+00:00,43.01,43.41,42.95,43.38,2011.0
2026-03-04 10:45:00+00:00,43.46,43.48,42.93,43.22,8386.0
2026-03-04 11:00:00+00:00,43.28,43.53,43.27,43.52,7799.0
2026-03-04 11:15:00+00:00,43.52,43.65,43.24,43.38,5821.0
2026-03-04 11:30:00+00:00,43.4,43.45,43.13,43.25,2069.0
2026-03-04 11:45:00+00:00,43.27,43.46,43.27,43.295,2065.0
2026-03-04 12:00:00+00:00,43.33,43.37,43.27,43.37,591.0
2026-03-04 12:15:00+00:00,43.36,43.49,43.23,43.49,2814.0
2026-03-04 12:30:00+00:00,43.4,43.4,42.9,42.9,3022.0
2026-03-04 12:45:00+00:00,42.96,43.12,42.91,43.12,2152.0
2026-03-04 13:00:00+00:00,43.16,43.5,43.11,43.41,1541.0
2026-03-04 13:15:00+00:00,43.34,43.36,43.24,43.32,3864.0
2026-03-04 13:30:00+00:00,43.38,43.56,43.31,43.44,5328.0
2026-03-04 13:45:00+00:00,43.46,43.46,42.91,43.11,2297.0
2026-03-04 14:00:00+00:00,43.11,43.13,42.84,42.85,2298.0
2026-03-04 14:15:00+00:00,42.86,42.98,42.5,42.52,2077.0
2026-03-04 14:30:00+00:00,42.44,42.44,41.7,42.25,9791.0
2026-03-04 14:45:00+00:00,42.18,42.42,42.1,42.42,4700.0
2026-03-04 15:00:00+00:00,42.56,42.81,42.46,42.65,1254.0
2026-03-04 15:15:00+00:00,42.61,42.78,42.54,42.7,5862.0
2026-03-04 15:30:00+00:00,42.7,42.71,42.13,42.13,2519.0
2026-03-04 15:45:00+00:00,42.11,42.8,42.11,42.73,2371.0
2026-03-04 16:00:00+00:00,42.78,42.84,42.54,42.54,1166.0
2026-03-04 16:15:00+00:00,42.55,42.66,42.31,42.6,2124.0
2026-03-05 08:00:00+00:00,42.63,43.7,42.63,43.25,18293.0
2026-03-05 08:15:00+00:00,43.11,43.24,42.69,42.77,6156.0
2026-03-05 08:30:00+00:00,42.7,42.93,42.22,42.48,10981.0
2026-03-05 08:45:00+00:00,42.48,42.97,42.48,42.97,7511.0
2026-03-05 09:00:00+00:00,42.95,43.6,42.95,43.57,3067.0
2026-03-05 09:15:00+00:00,43.39,43.66,43.2,43.31,10033.0
2026-03-05 09:30:00+00:00,43.28,43.32,42.74,42.81,3813.0
2026-03-05 09:45:00+00:00,42.78,42.99,42.7,42.96,1691.0
2026-03-05 10:00:00+00:00,43.0,43.03,42.9,42.9,840.0
2026-03-05 10:15:00+00:00,42.78,42.8,42.75,42.79,593.0
2026-03-05 10:30:00+00:00,42.77,42.8,42.72,42.74,1069.0
2026-03-05 10:45:00+00:00,42.8,42.9,42.77,42.885,832.0
2026-03-05 11:00:00+00:00,42.85,43.07,42.85,43.02,2361.0
2026-03-05 11:15:00+00:00,43.0,43.02,42.64,42.745,2847.0
2026-03-05 11:30:00+00:00,42.7,42.83,42.69,42.7,1696.0
2026-03-05 11:45:00+00:00,42.77,42.84,42.75,42.76,456.0
2026-03-05 12:00:00+00:00,42.72,42.72,42.05,42.25,29570.0
2026-03-05 12:15:00+00:00,42.31,42.5,42.15,42.5,1296.0
2026-03-05 12:30:00+00:00,42.47,42.47,42.21,42.21,2341.0
2026-03-05 12:45:00+00:00,42.15,42.34,42.1,42.27,2142.0
2026-03-05 13:00:00+00:00,42.32,42.55,42.32,42.35,663.0
2026-03-05 13:15:00+00:00,42.3,42.42,42.28,42.33,1607.0
2026-03-05 13:30:00+00:00,42.28,42.28,42.0,42.22,2963.0
2026-03-05 13:45:00+00:00,42.19,42.22,42.0,42.02,6163.0
2026-03-05 14:00:00+00:00,41.95,42.0,41.86,41.93,3059.0
2026-03-05 14:15:00+00:00,41.99,42.18,41.95,41.95,5142.0
2026-03-05 14:30:00+00:00,42.04,42.72,42.04,42.12,4044.0
2026-03-05 14:45:00+00:00,42.11,42.26,41.9,42.26,2606.0
2026-03-05 15:00:00+00:00,42.24,42.27,42.0,42.01,3469.0
2026-03-05 15:15:00+00:00,42.07,42.07,41.56,41.56,6932.0
2026-03-05 15:30:00+00:00,41.57,41.77,41.52,41.76,2077.0
2026-03-05 15:45:00+00:00,41.7,42.01,41.5,41.82,3144.0
2026-03-05 16:00:00+00:00,41.81,41.81,41.3,41.4,5169.0
2026-03-05 16:15:00+00:00,41.47,41.51,41.02,41.02,7142.0
2026-03-06 08:00:00+00:00,41.71,43.22,41.63,42.04,24243.0
2026-03-06 08:15:00+00:00,41.95,42.03,41.31,41.38,4185.0
2026-03-06 08:30:00+00:00,41.33,42.21,41.17,41.88,5627.0
2026-03-06 08:45:00+00:00,41.95,42.21,41.88,42.21,4401.0
2026-03-06 09:00:00+00:00,42.21,42.36,42.02,42.19,2947.0
2026-03-06 09:15:00+00:00,42.07,42.31,41.87,42.21,2271.0
2026-03-06 09:30:00+00:00,42.15,42.21,41.44,41.64,2955.0
2026-03-06 09:45:00+00:00,41.64,41.69,41.35,41.69,3041.0
2026-03-06 10:00:00+00:00,41.62,41.86,41.48,41.79,1530.0
2026-03-06 10:15:00+00:00,41.8,41.92,41.4,41.71,3032.0
2026-03-06 10:30:00+00:00,41.59,41.64,41.47,41.47,1218.0
2026-03-06 10:45:00+00:00,41.39,41.54,41.3,41.54,1086.0
2026-03-06 11:00:00+00:00,41.52,41.7,41.37,41.5,1813.0
2026-03-06 11:15:00+00:00,41.59,41.78,41.57,41.78,1202.0
2026-03-06 11:30:00+00:00,41.7,41.7,40.9,40.91,6575.0
2026-03-06 11:45:00+00:00,40.95,41.11,40.78,40.88,4451.0
2026-03-06 12:00:00+00:00,40.81,40.9,40.71,40.9,1750.0
2026-03-06 12:15:00+00:00,40.93,41.22,40.93,41.13,4146.0
2026-03-06 12:30:00+00:00,41.05,41.18,41.0,41.06,1513.0
2026-03-06 12:45:00+00:00,41.06,41.07,40.84,41.01,1016.0
2026-03-06 13:00:00+00:00,41.15,41.23,41.02,41.11,1168.0
2026-03-06 13:15:00+00:00,41.05,41.24,40.9,41.24,1997.0
2026-03-06 13:30:00+00:00,41.18,41.22,40.8,41.13,3726.0
2026-03-06 13:45:00+00:00,41.06,41.2,40.82,40.97,2233.0
2026-03-06 14:00:00+00:00,41.1,41.21,40.99,41.06,2734.0
2026-03-06 14:15:00+00:00,41.05,41.28,40.99,41.23,3667.0
2026-03-06 14:30:00+00:00,41.2,41.99,41.135,41.78,7498.0
2026-03-06 14:45:00+00:00,41.83,42.12,41.73,41.89,5792.0
2026-03-06 15:00:00+00:00,41.92,42.29,41.5,41.53,6099.0
2026-03-06 15:15:00+00:00,41.59,42.01,41.58,42.01,3654.0
2026-03-06 15:30:00+00:00,42.01,42.06,41.71,41.72,5517.0
2026-03-06 15:45:00+00:00,41.64,41.8,41.41,41.78,5965.0
2026-03-06 16:00:00+00:00,41.76,42.1,41.68,41.73,3020.0
2026-03-06 16:15:00+00:00,41.75,41.84,41.63,41.72,5845.0
2026-03-09 08:00:00+00:00,39.9,40.02,39.21,39.57,31500.0
2026-03-09 08:15:00+00:00,39.53,39.88,39.4,39.67,15975.0
2026-03-09 08:30:00+00:00,39.67,40.55,39.67,40.18,13566.0
2026-03-09 08:45:00+00:00,40.28,40.61,40.23,40.46,7841.0
2026-03-09 09:00:00+00:00,40.48,40.65,40.15,40.42,3109.0
2026-03-09 09:15:00+00:00,40.35,40.78,40.35,40.67,2290.0
2026-03-09 09:30:00+00:00,40.64,41.36,40.54,41.32,4748.0
2026-03-09 09:45:00+00:00,41.32,41.38,40.59,40.69,2931.0
2026-03-09 10:00:00+00:00,40.8,40.8,40.44,40.54,786.0
2026-03-09 10:15:00+00:00,40.5,40.55,40.1,40.1,5434.0
2026-03-09 10:30:00+00:00,40.16,40.35,40.1,40.24,1796.0
2026-03-09 10:45:00+00:00,40.24,40.62,40.01,40.62,5303.0
2026-03-09 11:00:00+00:00,40.52,40.73,40.52,40.6,1432.0
2026-03-09 11:15:00+00:00,40.6,40.72,40.56,40.56,729.0
2026-03-09 11:30:00+00:00,40.63,40.98,40.63,40.87,2033.0
2026-03-09 11:45:00+00:00,40.81,41.16,40.81,41.16,824.0
2026-03-09 12:00:00+00:00,40.99,41.17,40.97,41.04,1828.0
2026-03-09 12:15:00+00:00,41.12,41.12,40.94,40.99,1271.0
2026-03-09 12:30:00+00:00,41.03,41.15,40.81,40.81,1280.0
2026-03-09 12:45:00+00:00,40.77,41.0,40.75,40.97,631.0
2026-03-09 13:00:00+00:00,41.07,41.29,41.07,41.29,2189.0
2026-03-09 13:15:00+00:00,41.3,41.57,41.3,41.57,1493.0
2026-03-09 13:30:00+00:00,41.53,41.85,41.42,41.56,2969.0
2026-03-09 13:45:00+00:00,41.68,41.83,41.5,41.54,5827.0
2026-03-09 14:00:00+00:00,41.61,41.8,41.32,41.39,5045.0
2026-03-09 14:15:00+00:00,41.44,41.56,41.1,41.46,2856.0
2026-03-09 14:30:00+00:00,41.54,41.72,41.43,41.66,4092.0
2026-03-09 14:45:00+00:00,41.71,41.98,41.67,41.85,3628.0
2026-03-09 15:00:00+00:00,41.88,41.88,41.11,41.29,3873.0
2026-03-09 15:15:00+00:00,41.35,41.63,41.34,41.63,1616.0
2026-03-09 15:30:00+00:00,41.66,41.68,41.39,41.42,1752.0
2026-03-09 15:45:00+00:00,41.42,41.81,41.3,41.8,2810.0
2026-03-09 16:00:00+00:00,41.8,41.97,41.72,41.72,3918.0
2026-03-09 16:15:00+00:00,41.76,41.76,41.2,41.2,4251.0
2026-03-10 08:00:00+00:00,42.74,43.5,42.74,43.5,23164.0
2026-03-10 08:15:00+00:00,43.41,43.84,43.29,43.7,13091.0
2026-03-10 08:30:00+00:00,43.7,43.82,43.58,43.67,6728.0
2026-03-10 08:45:00+00:00,43.72,43.78,43.26,43.43,8159.0
2026-03-10 09:00:00+00:00,43.38,43.53,43.23,43.48,5032.0
2026-03-10 09:15:00+00:00,43.53,43.6,43.34,43.51,1614.0
2026-03-10 09:30:00+00:00,43.54,43.75,43.54,43.69,2278.0
2026-03-10 09:45:00+00:00,43.66,44.21,43.66,43.95,15326.0
2026-03-10 10:00:00+00:00,43.99,44.25,43.89,44.16,3231.0
2026-03-10 10:15:00+00:00,44.16,44.29,44.0,44.1,4957.0
2026-03-10 10:30:00+00:00,44.14,44.26,43.98,44.13,3752.0
2026-03-10 10:45:00+00:00,44.08,44.19,43.91,43.98,2585.0
2026-03-10 11:00:00+00:00,44.05,44.4,44.01,44.15,9788.0
2026-03-10 11:15:00+00:00,44.1,44.26,44.03,44.24,1845.0
2026-03-10 11:30:00+00:00,44.24,44.29,44.07,44.07,1502.0
2026-03-10 11:45:00+00:00,44.04,44.14,43.82,44.14,4328.0
2026-03-10 12:00:00+00:00,44.14,44.14,43.85,43.96,2267.0
2026-03-10 12:15:00+00:00,43.99,44.01,43.75,43.85,4435.0
2026-03-10 12:30:00+00:00,43.845,44.06,43.75,44.06,1765.0
2026-03-10 12:45:00+00:00,44.07,44.14,43.9,43.9,2186.0
2026-03-10 13:00:00+00:00,43.89,44.1,43.79,44.1,1934.0
2026-03-10 13:15:00+00:00,44.14,44.14,44.0,44.05,1367.0
2026-03-10 13:30:00+00:00,44.05,44.66,44.05,44.1,11663.0
2026-03-10 13:45:00+00:00,44.16,44.23,44.02,44.02,6360.0
2026-03-10 14:00:00+00:00,44.1,44.1,43.68,43.82,9560.0
2026-03-10 14:15:00+00:00,43.785,43.95,43.63,43.7,4096.0
2026-03-10 14:30:00+00:00,43.74,44.42,43.68,44.42,3887.0
2026-03-10 14:45:00+00:00,44.34,44.8,44.3,44.8,10390.0
2026-03-10 15:00:00+00:00,44.83,45.28,44.77,45.25,18557.0
2026-03-10 15:15:00+00:00,45.25,45.63,45.13,45.39,10365.0
2026-03-10 15:30:00+00:00,45.395,45.41,45.07,45.26,7106.0
2026-03-10 15:45:00+00:00,45.26,45.38,44.87,45.01,6117.0
2026-03-10 16:00:00+00:00,45.01,45.01,44.42,44.56,5356.0
2026-03-10 16:15:00+00:00,44.46,44.71,43.9,44.69,9565.0
2026-03-11 08:00:00+00:00,43.79,44.42,43.45,44.35,25195.0
2026-03-11 08:15:00+00:00,44.43,45.15,44.0,45.15,23616.0
2026-03-11 08:30:00+00:00,45.19,47.38,44.99,47.37,43624.0
2026-03-11 08:45:00+00:00,47.33,47.65,46.91,47.19,27140.0
2026-03-11 09:00:00+00:00,47.25,47.95,47.0,47.67,46961.0
2026-03-11 09:15:00+00:00,47.72,47.73,46.24,46.3,25120.0
2026-03-11 09:30:00+00:00,46.21,46.25,45.6,46.25,51432.0
2026-03-11 09:45:00+00:00,46.13,46.82,46.04,46.1,13288.0
2026-03-11 10:00:00+00:00,46.08,47.05,45.85,46.99,13578.0
2026-03-11 10:15:00+00:00,46.86,47.16,46.73,46.78,10382.0
2026-03-11 10:30:00+00:00,46.78,47.87,46.78,47.87,9078.0
2026-03-11 10:45:00+00:00,47.9,48.16,47.85,48.14,37924.0
2026-03-11 11:00:00+00:00,48.28,48.85,48.1,48.76,27015.0
2026-03-11 11:15:00+00:00,48.79,48.89,48.15,48.4,9379.0
2026-03-11 11:30:00+00:00,48.35,48.85,48.04,48.65,8685.0
2026-03-11 11:45:00+00:00,48.68,48.8,48.3,48.71,8025.0
2026-03-11 12:00:00+00:00,48.59,48.79,47.89,48.15,15122.0
2026-03-11 12:15:00+00:00,48.23,48.44,47.6,48.43,5968.0
2026-03-11 12:30:00+00:00,48.43,48.65,48.2,48.58,7683.0
2026-03-11 12:45:00+00:00,48.59,48.85,48.46,48.75,7223.0
2026-03-11 13:00:00+00:00,48.78,49.28,48.55,49.1,19436.0
2026-03-11 13:15:00+00:00,49.13,49.26,48.73,49.26,9827.0
2026-03-11 13:30:00+00:00,49.29,49.62,49.04,49.5,13700.0
2026-03-11 13:45:00+00:00,49.54,50.5,49.54,50.36,33167.0
2026-03-11 14:00:00+00:00,50.36,50.92,50.0,50.6,17172.0
2026-03-11 14:15:00+00:00,50.54,50.54,50.04,50.36,12156.0
2026-03-11 14:30:00+00:00,50.42,50.96,50.36,50.9,8356.0
2026-03-11 14:45:00+00:00,50.86,51.36,50.82,51.2,17712.0
2026-03-11 15:00:00+00:00,51.22,51.4,50.54,50.62,22454.0
2026-03-11 15:15:00+00:00,50.64,51.02,50.1,50.14,27930.0
2026-03-11 15:30:00+00:00,50.08,50.46,49.97,50.38,47485.0
2026-03-11 15:45:00+00:00,50.4,50.68,49.87,50.28,34547.0
2026-03-11 16:00:00+00:00,50.18,50.58,49.7,50.4,15648.0
2026-03-11 16:15:00+00:00,50.44,50.6,50.22,50.5,10332.0
2026-03-12 08:00:00+00:00,52.1,54.16,51.58,52.56,141482.0
2026-03-12 08:15:00+00:00,52.56,52.9,51.0,51.22,33931.0
2026-03-12 08:30:00+00:00,51.2,52.08,51.2,52.02,14278.0
2026-03-12 08:45:00+00:00,52.04,52.6,51.28,51.36,19383.0
2026-03-12 09:00:00+00:00,51.36,51.36,50.04,50.06,32672.0
2026-03-12 09:15:00+00:00,50.08,50.58,49.82,50.26,18844.0
2026-03-12 09:30:00+00:00,50.36,51.0,49.86,50.88,14334.0
2026-03-12 09:45:00+00:00,50.82,50.92,50.62,50.92,4971.0
2026-03-12 10:00:00+00:00,50.88,51.36,50.88,51.2,4253.0
2026-03-12 10:15:00+00:00,51.18,51.34,50.9,51.34,8418.0
2026-03-12 10:30:00+00:00,51.18,51.32,51.04,51.24,2506.0
2026-03-12 10:45:00+00:00,51.22,51.44,50.96,50.96,2985.0
2026-03-12 11:00:00+00:00,51.0,51.14,50.68,50.74,2832.0
2026-03-12 11:15:00+00:00,50.74,50.88,50.6,50.7,5331.0
2026-03-12 11:30:00+00:00,50.68,51.66,50.66,51.26,5741.0
2026-03-12 11:45:00+00:00,51.26,51.46,50.92,51.0,3814.0
2026-03-12 12:00:00+00:00,51.06,51.36,51.0,51.28,3334.0
2026-03-12 12:15:00+00:00,51.26,51.5,51.2,51.28,3320.0
2026-03-12 12:30:00+00:00,51.26,52.5,51.08,52.44,26159.0
2026-03-12 12:45:00+00:00,52.44,55.7,52.44,55.54,75997.0
2026-03-12 13:00:00+00:00,55.38,57.3,55.36,57.3,59953.0
2026-03-12 13:15:00+00:00,57.8,58.62,56.34,58.5,90396.0
2026-03-12 13:30:00+00:00,58.52,58.88,57.6,58.0,49048.0
2026-03-12 13:45:00+00:00,57.86,58.2,56.66,56.88,53047.0
2026-03-12 14:00:00+00:00,56.98,57.98,56.84,57.56,20255.0
2026-03-12 14:15:00+00:00,57.64,57.92,56.06,56.1,32606.0
2026-03-12 14:30:00+00:00,56.1,56.26,55.68,56.24,30125.0
2026-03-12 14:45:00+00:00,56.16,56.9,55.9,56.5,24415.0
2026-03-12 15:00:00+00:00,56.48,56.7,56.02,56.4,15862.0
2026-03-12 15:15:00+00:00,56.38,56.44,54.86,55.44,32772.0
2026-03-12 15:30:00+00:00,55.42,55.64,55.0,55.44,18081.0
2026-03-12 15:45:00+00:00,55.42,55.62,54.9,55.02,32086.0
2026-03-12 16:00:00+00:00,55.12,56.36,55.12,55.98,16301.0
2026-03-12 16:15:00+00:00,56.02,57.48,55.88,57.22,21772.0
2026-03-13 08:00:00+00:00,56.3,57.16,55.72,56.88,35086.0
2026-03-13 08:15:00+00:00,56.68,57.82,56.32,57.62,25190.0
2026-03-13 08:30:00+00:00,57.54,57.84,57.24,57.34,13093.0
2026-03-13 08:45:00+00:00,57.26,57.76,57.26,57.5,15165.0
2026-03-13 09:00:00+00:00,57.5,57.86,57.06,57.14,7576.0
2026-03-13 09:15:00+00:00,57.14,57.28,56.82,57.26,9108.0
2026-03-13 09:30:00+00:00,57.36,57.36,56.5,57.12,5636.0
2026-03-13 09:45:00+00:00,57.16,57.7,57.06,57.46,6965.0
2026-03-13 10:00:00+00:00,57.48,58.84,57.48,58.68,32807.0
2026-03-13 10:15:00+00:00,58.66,58.84,57.94,58.06,9070.0
2026-03-13 10:30:00+00:00,58.02,58.28,57.86,57.98,7243.0
2026-03-13 10:45:00+00:00,57.98,58.2,57.9,58.04,10353.0
2026-03-13 11:00:00+00:00,58.04,58.26,57.9,57.94,3462.0
2026-03-13 11:15:00+00:00,57.88,58.06,57.76,57.76,2547.0
2026-03-13 11:30:00+00:00,57.76,57.92,57.44,57.6,4885.0
2026-03-13 11:45:00+00:00,57.6,57.68,57.36,57.56,3491.0
2026-03-13 12:00:00+00:00,57.54,57.6,57.38,57.46,3021.0
2026-03-13 12:15:00+00:00,57.42,57.42,56.66,57.04,5553.0
2026-03-13 12:30:00+00:00,57.08,57.13,56.36,56.38,6207.0
2026-03-13 12:45:00+00:00,56.46,57.28,56.46,56.72,8405.0
2026-03-13 13:00:00+00:00,56.62,56.62,55.82,56.43,8156.0
2026-03-13 13:15:00+00:00,56.4,56.4,55.52,55.8,14938.0
2026-03-13 13:30:00+00:00,55.84,57.06,55.32,56.86,14274.0
2026-03-13 13:45:00+00:00,56.86,58.5,56.74,58.48,21956.0
2026-03-13 14:00:00+00:00,58.4,58.5,57.9,58.3,7529.0
2026-03-13 14:15:00+00:00,58.22,58.22,57.42,57.72,7728.0
2026-03-13 14:30:00+00:00,57.7,57.78,56.78,56.82,6913.0
2026-03-13 14:45:00+00:00,56.8,56.8,55.96,56.48,14523.0
2026-03-13 15:00:00+00:00,56.56,57.64,56.5,57.56,6804.0
2026-03-13 15:15:00+00:00,57.54,58.18,57.5,57.9,10187.0
2026-03-13 15:30:00+00:00,57.96,58.06,57.82,57.98,5977.0
2026-03-13 15:45:00+00:00,57.96,58.48,57.82,57.98,8201.0
2026-03-13 16:00:00+00:00,58.04,58.5,57.98,58.2,17996.0
2026-03-13 16:15:00+00:00,58.3,58.98,58.3,58.6,22085.0
2026-03-16 08:00:00+00:00,60.0,61.8,59.76,61.3,72816.0
2026-03-16 08:15:00+00:00,61.23,62.16,61.23,61.62,29147.0
2026-03-16 08:30:00+00:00,61.62,62.04,61.2,61.6,24025.0
2026-03-16 08:45:00+00:00,61.6,62.4,61.5,62.1,19768.0
2026-03-16 09:00:00+00:00,62.0,62.76,62.0,62.76,22487.0
2026-03-16 09:15:00+00:00,62.64,62.78,62.2,62.72,11381.0
2026-03-16 09:30:00+00:00,62.76,62.78,62.0,62.32,10603.0
2026-03-16 09:45:00+00:00,62.32,62.46,61.72,61.86,22129.0
2026-03-16 10:00:00+00:00,61.98,62.94,61.92,62.9,22441.0
2026-03-16 10:15:00+00:00,62.9,63.36,62.74,63.26,13108.0
2026-03-16 10:30:00+00:00,63.2,63.6,62.8,63.4,18239.0
2026-03-16 10:45:00+00:00,63.38,64.64,63.34,64.46,43463.0
2026-03-16 11:00:00+00:00,64.54,64.74,64.26,64.38,15315.0
2026-03-16 11:15:00+00:00,64.32,64.32,62.84,63.02,18757.0
2026-03-16 11:30:00+00:00,63.04,63.32,62.9,63.14,4933.0
2026-03-16 11:45:00+00:00,63.18,63.5,62.42,62.42,9685.0
2026-03-16 12:00:00+00:00,62.44,62.5,62.08,62.32,11148.0
2026-03-16 12:15:00+00:00,62.36,62.92,62.36,62.78,7277.0
2026-03-16 12:30:00+00:00,62.88,63.34,62.86,62.86,8556.0
2026-03-16 12:45:00+00:00,62.86,63.1,62.7,63.06,3957.0
2026-03-16 13:00:00+00:00,63.1,63.4,63.1,63.14,6409.0
2026-03-16 13:15:00+00:00,63.12,63.14,62.64,62.94,5497.0
2026-03-16 13:30:00+00:00,62.92,63.08,62.4,62.58,14251.0
2026-03-16 13:45:00+00:00,62.64,63.92,62.64,63.92,14433.0
2026-03-16 14:00:00+00:00,63.92,64.3,63.6,64.26,7193.0
2026-03-16 14:15:00+00:00,64.26,64.32,62.8,62.9,21680.0
2026-03-16 14:30:00+00:00,62.9,63.56,62.74,63.3,9936.0
2026-03-16 14:45:00+00:00,63.24,63.78,63.2,63.2,9251.0
2026-03-16 15:00:00+00:00,63.02,64.38,63.0,64.32,10484.0
2026-03-16 15:15:00+00:00,64.36,64.64,64.2,64.6,13119.0
2026-03-16 15:30:00+00:00,64.64,64.72,63.92,63.98,12222.0
2026-03-16 15:45:00+00:00,64.0,64.78,63.92,64.12,10307.0
2026-03-16 16:00:00+00:00,64.2,64.2,63.66,63.9,8430.0
2026-03-16 16:15:00+00:00,63.9,63.94,63.18,63.74,13617.0
2026-03-17 08:00:00+00:00,61.54,62.36,59.5,61.94,126399.0
2026-03-17 08:15:00+00:00,62.0,62.32,60.78,61.0,30138.0
2026-03-17 08:30:00+00:00,61.1,62.74,60.92,62.6,22419.0
2026-03-17 08:45:00+00:00,62.52,62.66,61.72,62.12,12383.0
2026-03-17 09:00:00+00:00,62.1,62.44,61.76,61.82,5055.0
2026-03-17 09:15:00+00:00,61.84,62.74,61.84,62.7,3854.0
2026-03-17 09:30:00+00:00,62.74,62.8,61.7,61.86,6816.0
2026-03-17 09:45:00+00:00,61.82,61.82,61.1,61.36,11925.0
2026-03-17 10:00:00+00:00,61.3,61.72,61.2,61.54,8502.0
2026-03-17 10:15:00+00:00,61.58,61.82,61.32,61.32,3462.0
2026-03-17 10:30:00+00:00,61.2,61.22,60.6,60.9,14761.0
2026-03-17 10:45:00+00:00,60.8,61.2,60.22,60.22,12663.0
2026-03-17 11:00:00+00:00,60.28,60.76,60.2,60.58,6421.0
2026-03-17 11:15:00+00:00,60.62,60.72,60.4,60.48,4537.0
2026-03-17 11:30:00+00:00,60.44,60.56,60.02,60.56,4732.0
2026-03-17 11:45:00+00:00,60.54,60.56,58.86,59.18,30558.0
2026-03-17 12:00:00+00:00,59.14,59.36,58.4,58.64,12882.0
2026-03-17 12:15:00+00:00,58.64,58.72,57.42,57.91,40081.0
2026-03-17 12:30:00+00:00,58.0,58.2,57.22,58.14,20104.0
2026-03-17 12:45:00+00:00,58.06,59.44,58.02,59.16,19715.0
2026-03-17 13:00:00+00:00,59.18,60.32,59.18,60.14,16477.0
2026-03-17 13:15:00+00:00,60.04,60.64,59.76,59.8,7943.0
2026-03-17 13:30:00+00:00,59.68,59.68,58.8,59.46,18076.0
2026-03-17 13:45:00+00:00,59.5,59.56,58.62,59.0,12120.0
2026-03-17 14:00:00+00:00,59.0,59.68,58.82,58.98,13130.0
2026-03-17 14:15:00+00:00,58.9,59.9,58.72,59.68,12957.0
2026-03-17 14:30:00+00:00,59.8,61.98,59.8,61.8,21294.0
2026-03-17 14:45:00+00:00,61.7,62.0,61.08,61.4,16191.0
2026-03-17 15:00:00+00:00,61.48,61.48,60.8,61.06,4503.0
2026-03-17 15:15:00+00:00,61.1,61.7,61.1,61.44,3172.0
2026-03-17 15:30:00+00:00,61.22,61.7,60.72,61.7,4811.0
2026-03-17 15:45:00+00:00,61.72,62.3,61.3,62.1,9145.0
2026-03-17 16:00:00+00:00,62.16,62.2,61.58,62.06,7205.0
2026-03-17 16:15:00+00:00,62.1,62.4,61.66,61.66,12568.0
2026-03-18 08:00:00+00:00,62.46,62.46,61.16,62.22,34237.0
2026-03-18 08:15:00+00:00,62.28,63.2,62.24,62.56,14106.0
2026-03-18 08:30:00+00:00,62.54,63.46,62.42,63.38,9963.0
2026-03-18 08:45:00+00:00,63.34,63.4,62.54,62.54,7341.0
2026-03-18 09:00:00+00:00,62.62,62.92,62.28,62.4,8668.0
2026-03-18 09:15:00+00:00,62.46,63.0,62.46,62.72,3188.0
2026-03-18 09:30:00+00:00,62.7,63.6,62.7,63.56,7884.0
2026-03-18 09:45:00+00:00,63.64,63.76,63.16,63.22,2832.0
2026-03-18 10:00:00+00:00,63.3,63.62,63.26,63.56,2761.0
2026-03-18 10:15:00+00:00,63.58,63.6,63.34,63.42,3728.0
2026-03-18 10:30:00+00:00,63.42,63.6,63.24,63.28,5153.0
2026-03-18 10:45:00+00:00,63.24,63.24,63.02,63.12,1751.0
2026-03-18 11:00:00+00:00,63.02,63.66,62.84,63.66,11007.0
2026-03-18 11:15:00+00:00,63.68,64.11,63.58,63.58,8798.0
2026-03-18 11:30:00+00:00,63.5,65.16,63.5,64.86,26959.0
2026-03-18 11:45:00+00:00,64.84,64.86,64.24,64.3,9139.0
2026-03-18 12:00:00+00:00,64.28,64.32,63.06,63.3,9651.0
2026-03-18 12:15:00+00:00,63.3,63.38,63.1,63.28,2309.0
2026-03-18 12:30:00+00:00,63.18,63.38,62.46,62.68,16261.0
2026-03-18 12:45:00+00:00,62.66,62.7,62.02,62.4,7127.0
2026-03-18 13:00:00+00:00,62.3,62.66,61.86,62.5,9970.0
2026-03-18 13:15:00+00:00,62.5,62.54,62.1,62.46,2397.0
2026-03-18 13:30:00+00:00,62.5,62.7,61.5,61.72,8526.0
2026-03-18 13:45:00+00:00,61.84,62.12,61.68,62.06,3738.0
2026-03-18 14:00:00+00:00,61.94,63.06,61.92,62.58,11304.0
2026-03-18 14:15:00+00:00,62.64,62.88,61.3,61.78,10027.0
2026-03-18 14:30:00+00:00,61.76,62.72,61.7,62.2,7717.0
2026-03-18 14:45:00+00:00,62.34,63.2,62.28,63.12,7984.0
2026-03-18 15:00:00+00:00,63.12,63.56,62.98,63.1,8420.0
2026-03-18 15:15:00+00:00,62.94,63.42,62.94,63.14,4891.0
2026-03-18 15:30:00+00:00,63.06,63.1,62.38,62.7,9966.0
2026-03-18 15:45:00+00:00,62.8,62.94,62.12,62.56,9934.0
2026-03-18 16:00:00+00:00,62.58,62.76,62.32,62.76,9142.0
2026-03-18 16:15:00+00:00,62.66,63.6,62.6,63.32,15422.0
2026-03-19 08:00:00+00:00,62.42,62.42,60.08,60.28,92662.0
2026-03-19 08:15:00+00:00,60.12,60.26,58.2,58.4,64088.0
2026-03-19 08:30:00+00:00,58.64,59.0,58.36,58.54,16258.0
2026-03-19 08:45:00+00:00,58.52,58.82,57.9,58.5,15696.0
2026-03-19 09:00:00+00:00,58.42,58.64,57.32,58.04,25409.0
2026-03-19 09:15:00+00:00,58.14,58.42,56.76,57.44,21308.0
2026-03-19 09:30:00+00:00,57.58,57.94,57.44,57.62,6401.0
2026-03-19 09:45:00+00:00,57.7,58.36,57.68,58.34,5387.0
2026-03-19 10:00:00+00:00,58.4,58.68,58.08,58.42,14801.0
2026-03-19 10:15:00+00:00,58.3,58.64,58.0,58.56,7135.0
2026-03-19 10:30:00+00:00,58.58,58.8,58.48,58.52,4208.0
2026-03-19 10:45:00+00:00,58.6,58.88,57.48,57.48,10046.0
2026-03-19 11:00:00+00:00,57.54,58.0,57.5,57.78,6098.0
2026-03-19 11:15:00+00:00,57.82,57.82,57.32,57.58,7114.0
2026-03-19 11:30:00+00:00,57.66,57.76,56.46,56.88,19773.0
2026-03-19 11:45:00+00:00,56.88,57.12,56.4,56.66,16551.0
2026-03-19 12:00:00+00:00,56.52,56.52,55.82,56.26,18659.0
2026-03-19 12:15:00+00:00,56.16,56.36,55.52,55.78,25475.0
2026-03-19 12:30:00+00:00,55.78,56.12,55.32,55.68,33874.0
2026-03-19 12:45:00+00:00,55.72,55.82,55.06,55.72,9620.0
2026-03-19 13:00:00+00:00,55.74,55.74,55.02,55.22,21225.0
2026-03-19 13:15:00+00:00,55.14,55.64,54.72,54.84,24410.0
2026-03-19 13:30:00+00:00,54.78,55.82,54.48,55.68,13628.0
2026-03-19 13:45:00+00:00,55.86,55.94,54.84,54.96,18110.0
2026-03-19 14:00:00+00:00,55.08,56.36,54.98,56.14,29162.0
2026-03-19 14:15:00+00:00,56.1,56.18,55.36,55.52,5819.0
2026-03-19 14:30:00+00:00,55.64,55.64,54.6,54.78,6863.0
2026-03-19 14:45:00+00:00,54.8,55.12,54.42,54.5,9766.0
2026-03-19 15:00:00+00:00,54.46,54.5,53.82,53.92,17434.0
2026-03-19 15:15:00+00:00,53.84,54.8,53.62,54.8,16992.0
2026-03-19 15:30:00+00:00,54.9,54.98,53.86,54.38,16050.0
2026-03-19 15:45:00+00:00,54.4,55.62,54.38,55.62,12330.0
2026-03-19 16:00:00+00:00,55.59,56.54,55.52,56.5,23645.0
2026-03-19 16:15:00+00:00,56.48,56.5,55.3,55.3,24012.0
2026-03-20 08:00:00+00:00,55.62,57.28,55.62,56.52,40447.0
2026-03-20 08:15:00+00:00,56.52,57.46,56.3,57.16,19704.0
2026-03-20 08:30:00+00:00,57.24,57.54,56.84,57.02,18019.0
2026-03-20 08:45:00+00:00,57.04,57.84,57.0,57.66,10365.0
2026-03-20 09:00:00+00:00,57.64,58.24,57.39,57.68,21145.0
2026-03-20 09:15:00+00:00,57.77,57.82,57.0,57.14,11857.0
2026-03-20 09:30:00+00:00,57.06,57.38,56.92,57.02,5750.0
2026-03-20 09:45:00+00:00,57.06,57.2,56.86,57.04,9343.0
2026-03-20 10:00:00+00:00,57.12,57.12,56.32,56.68,9545.0
2026-03-20 10:15:00+00:00,56.58,56.66,56.2,56.5,9532.0
2026-03-20 10:30:00+00:00,56.54,57.42,56.54,56.98,2972.0
2026-03-20 10:45:00+00:00,56.88,56.88,56.52,56.64,2676.0
2026-03-20 11:00:00+00:00,56.7,57.1,56.66,56.89,3993.0
2026-03-20 11:15:00+00:00,56.7,56.9,56.02,56.1,3999.0
2026-03-20 11:30:00+00:00,56.02,56.04,55.32,55.4,9991.0
2026-03-20 11:45:00+00:00,55.32,55.66,55.08,55.16,3016.0
2026-03-20 12:00:00+00:00,55.08,55.62,54.88,55.5,12911.0
2026-03-20 12:15:00+00:00,55.42,56.14,55.36,55.86,8165.0
2026-03-20 12:30:00+00:00,55.86,55.96,55.44,55.7,3700.0
2026-03-20 12:45:00+00:00,55.66,55.86,55.62,55.82,987.0
2026-03-20 13:00:00+00:00,55.92,55.92,55.34,55.34,916.0
2026-03-20 13:15:00+00:00,55.3,55.36,55.14,55.14,2493.0
2026-03-20 13:30:00+00:00,55.22,55.6,55.14,55.48,11214.0
2026-03-20 13:45:00+00:00,55.48,55.48,54.66,54.8,9192.0
2026-03-20 14:00:00+00:00,54.82,54.82,54.12,54.18,15778.0
2026-03-20 14:15:00+00:00,54.18,54.2,53.24,53.52,19782.0
2026-03-20 14:30:00+00:00,53.56,53.78,53.26,53.48,15504.0
2026-03-20 14:45:00+00:00,53.46,53.52,52.28,52.28,17064.0
2026-03-20 15:00:00+00:00,52.34,52.8,52.1,52.78,18703.0
2026-03-20 15:15:00+00:00,52.78,53.66,52.46,52.74,12622.0
2026-03-20 15:30:00+00:00,52.74,52.88,52.12,52.44,12859.0
2026-03-20 15:45:00+00:00,52.4,52.76,52.26,52.52,10237.0
2026-03-20 16:00:00+00:00,52.46,52.76,52.22,52.38,8292.0
2026-03-20 16:15:00+00:00,52.4,52.4,51.4,52.0,26735.0
2026-03-23 08:00:00+00:00,50.2,51.5,49.56,50.56,58502.0
2026-03-23 08:15:00+00:00,50.58,50.84,50.02,50.02,11556.0
2026-03-23 08:30:00+00:00,50.0,50.38,49.38,49.4,19279.0
2026-03-23 08:45:00+00:00,49.33,49.79,49.15,49.44,21570.0
2026-03-23 09:00:00+00:00,49.48,49.61,48.88,49.32,48097.0
2026-03-23 09:15:00+00:00,49.46,49.58,49.01,49.23,6441.0
2026-03-23 09:30:00+00:00,49.31,49.5,48.68,48.94,8407.0
2026-03-23 09:45:00+00:00,48.92,49.38,48.72,49.1,4859.0
2026-03-23 10:00:00+00:00,49.17,49.17,48.7,48.79,8796.0
2026-03-23 10:15:00+00:00,48.76,48.76,48.4,48.58,13369.0
2026-03-23 10:30:00+00:00,48.61,48.83,47.9,48.26,134352.0
2026-03-23 10:45:00+00:00,48.21,48.79,48.06,48.2,6225.0
2026-03-23 11:00:00+00:00,48.23,53.52,48.15,53.29,42755.0
2026-03-23 11:15:00+00:00,53.32,54.52,52.06,54.52,67059.0
2026-03-23 11:30:00+00:00,54.4,54.42,52.18,52.44,23140.0
2026-03-23 11:45:00+00:00,52.6,53.22,52.24,52.66,22775.0
2026-03-23 12:00:00+00:00,52.5,52.88,52.2,52.36,4711.0
2026-03-23 12:15:00+00:00,52.22,53.3,52.22,52.7,13579.0
2026-03-23 12:30:00+00:00,52.6,53.1,52.16,53.1,8059.0
2026-03-23 12:45:00+00:00,53.1,53.5,53.08,53.34,4265.0
2026-03-23 13:00:00+00:00,53.38,53.52,52.96,52.96,4910.0
2026-03-23 13:15:00+00:00,52.96,52.96,52.6,52.6,4585.0
2026-03-23 13:30:00+00:00,52.84,53.12,52.4,53.02,10206.0
2026-03-23 13:45:00+00:00,53.0,53.6,52.9,52.98,13511.0
2026-03-23 14:00:00+00:00,52.94,53.86,52.74,53.86,5941.0
2026-03-23 14:15:00+00:00,53.9,54.12,53.82,54.06,8472.0
2026-03-23 14:30:00+00:00,54.04,54.04,53.04,53.34,9642.0
2026-03-23 14:45:00+00:00,53.44,53.64,53.04,53.58,3960.0
2026-03-23 15:00:00+00:00,53.42,53.46,52.66,52.96,5157.0
2026-03-23 15:15:00+00:00,52.82,52.9,52.44,52.48,13206.0
2026-03-23 15:30:00+00:00,52.58,52.92,52.5,52.8,7696.0
2026-03-23 15:45:00+00:00,52.78,52.91,52.04,52.18,5212.0
2026-03-23 16:00:00+00:00,52.2,52.54,52.12,52.4,2885.0
2026-03-23 16:15:00+00:00,52.32,52.74,52.2,52.66,10214.0
2026-03-24 08:00:00+00:00,51.34,51.72,50.74,50.76,19505.0
2026-03-24 08:15:00+00:00,50.8,51.14,50.5,50.92,12472.0
2026-03-24 08:30:00+00:00,50.8,51.04,50.24,50.24,7041.0
2026-03-24 08:45:00+00:00,50.3,50.34,48.73,49.06,38342.0
2026-03-24 09:00:00+00:00,49.16,49.68,48.8,48.8,36028.0
2026-03-24 09:15:00+00:00,48.88,49.14,48.69,49.13,4713.0
2026-03-24 09:30:00+00:00,49.06,49.16,48.46,49.02,16988.0
2026-03-24 09:45:00+00:00,49.0,49.37,48.8,49.2,10000.0
2026-03-24 10:00:00+00:00,49.19,49.22,48.74,48.75,8991.0
2026-03-24 10:15:00+00:00,48.75,49.24,48.65,48.71,5802.0
2026-03-24 10:30:00+00:00,48.78,49.43,48.39,49.4,9347.0
2026-03-24 10:45:00+00:00,49.38,49.43,49.02,49.02,4101.0
2026-03-24 11:00:00+00:00,49.09,49.09,48.8,48.8,2464.0
2026-03-24 11:15:00+00:00,48.62,48.79,48.43,48.58,3546.0
2026-03-24 11:30:00+00:00,48.59,48.8,48.37,48.4,5935.0
2026-03-24 11:45:00+00:00,48.46,48.66,48.18,48.44,3073.0
2026-03-24 12:00:00+00:00,48.48,48.77,48.31,48.77,3026.0
2026-03-24 12:15:00+00:00,48.68,48.68,48.47,48.58,2457.0
2026-03-24 12:30:00+00:00,48.58,48.62,47.95,47.95,7213.0
2026-03-24 12:45:00+00:00,47.94,48.14,47.7,47.72,11287.0
2026-03-24 13:00:00+00:00,47.75,48.08,47.54,47.95,22427.0
2026-03-24 13:15:00+00:00,47.91,47.91,47.76,47.895,5046.0
2026-03-24 13:30:00+00:00,47.97,49.54,47.765,48.99,41072.0
2026-03-24 13:45:00+00:00,48.99,49.05,48.13,49.05,18419.0
2026-03-24 14:00:00+00:00,49.07,49.31,48.91,49.04,4184.0
2026-03-24 14:15:00+00:00,49.18,49.54,49.04,49.46,5542.0
2026-03-24 14:30:00+00:00,49.51,49.63,49.07,49.56,6528.0
2026-03-24 14:45:00+00:00,49.56,50.8,49.48,50.64,20646.0
2026-03-24 15:00:00+00:00,50.68,51.6,50.52,51.2,17080.0
2026-03-24 15:15:00+00:00,51.1,51.46,50.92,51.34,19829.0
2026-03-24 15:30:00+00:00,51.3,51.42,51.04,51.22,11619.0
2026-03-24 15:45:00+00:00,51.18,51.38,50.66,50.78,8076.0
2026-03-24 16:00:00+00:00,50.64,50.68,49.89,50.06,12633.0
2026-03-24 16:15:00+00:00,50.0,50.38,49.81,49.91,5822.0
2026-03-25 08:00:00+00:00,52.78,54.76,52.78,54.72,44293.0
2026-03-25 08:15:00+00:00,54.72,55.6,54.56,55.1,22905.0
2026-03-25 08:30:00+00:00,55.06,55.6,54.6,54.62,16965.0
2026-03-25 08:45:00+00:00,54.58,55.06,54.5,54.78,6317.0
2026-03-25 09:00:00+00:00,54.88,55.44,54.88,55.44,8436.0
2026-03-25 09:15:00+00:00,55.44,55.5,55.18,55.26,8397.0
2026-03-25 09:30:00+00:00,55.28,55.58,55.28,55.52,6817.0
2026-03-25 09:45:00+00:00,55.44,56.18,55.3,56.14,16030.0
2026-03-25 10:00:00+00:00,56.16,56.32,55.84,55.96,9580.0
2026-03-25 10:15:00+00:00,56.0,56.34,55.48,55.48,17239.0
2026-03-25 10:30:00+00:00,55.46,55.92,55.22,55.56,9645.0
2026-03-25 10:45:00+00:00,55.48,55.68,54.92,55.04,7142.0
2026-03-25 11:00:00+00:00,54.88,55.26,54.8,54.82,8435.0
2026-03-25 11:15:00+00:00,54.86,55.28,54.72,55.18,2711.0
2026-03-25 11:30:00+00:00,55.26,55.3,54.6,54.6,4671.0
2026-03-25 11:45:00+00:00,54.54,54.56,54.06,54.48,10205.0
2026-03-25 12:00:00+00:00,54.52,54.88,54.5,54.54,3962.0
2026-03-25 12:15:00+00:00,54.66,54.66,54.02,54.42,3780.0
2026-03-25 12:30:00+00:00,54.32,54.46,53.92,54.12,10952.0
2026-03-25 12:45:00+00:00,54.1,54.52,53.98,54.48,2191.0
2026-03-25 13:00:00+00:00,54.42,54.58,54.18,54.48,3320.0
2026-03-25 13:15:00+00:00,54.48,54.62,54.4,54.5,1845.0
2026-03-25 13:30:00+00:00,54.48,54.62,53.62,54.52,12239.0
2026-03-25 13:45:00+00:00,54.54,54.54,53.94,53.98,7865.0
2026-03-25 14:00:00+00:00,53.98,54.66,53.92,54.36,6526.0
2026-03-25 14:15:00+00:00,54.34,55.26,54.34,54.9,14013.0
2026-03-25 14:30:00+00:00,55.0,55.18,54.92,55.18,3344.0
2026-03-25 14:45:00+00:00,55.2,55.36,55.0,55.1,4974.0
2026-03-25 15:00:00+00:00,55.12,55.58,55.04,55.44,6794.0
2026-03-25 15:15:00+00:00,55.4,55.4,54.66,55.3,10802.0
2026-03-25 15:30:00+00:00,55.22,55.48,55.0,55.48,4486.0
2026-03-25 15:45:00+00:00,55.5,55.52,54.84,54.94,6222.0
2026-03-25 16:00:00+00:00,54.88,55.14,54.52,54.9,6890.0
2026-03-25 16:15:00+00:00,54.88,55.14,54.7,54.84,9772.0
2026-03-26 08:00:00+00:00,56.84,57.9,56.6,56.8,80906.0
2026-03-26 08:15:00+00:00,56.74,56.8,55.3,55.68,43973.0
2026-03-26 08:30:00+00:00,55.74,55.92,55.02,55.12,9766.0
2026-03-26 08:45:00+00:00,55.1,55.62,55.1,55.24,2777.0
2026-03-26 09:00:00+00:00,55.12,55.5,55.04,55.28,4723.0
2026-03-26 09:15:00+00:00,55.28,55.28,54.76,54.76,5132.0
2026-03-26 09:30:00+00:00,54.74,55.0,54.7,55.0,1291.0
2026-03-26 09:45:00+00:00,55.0,55.52,54.94,55.52,1740.0
2026-03-26 10:00:00+00:00,55.56,56.0,55.5,55.94,6271.0
2026-03-26 10:15:00+00:00,55.94,56.04,55.7,55.78,3916.0
2026-03-26 10:30:00+00:00,55.74,56.36,55.72,56.28,2764.0
2026-03-26 10:45:00+00:00,56.16,56.22,55.86,56.02,1050.0
2026-03-26 11:00:00+00:00,55.96,56.3,55.92,56.22,2595.0
2026-03-26 11:15:00+00:00,56.32,56.74,56.24,56.58,7705.0
2026-03-26 11:30:00+00:00,56.7,56.78,56.44,56.5,1829.0
2026-03-26 11:45:00+00:00,56.44,57.34,56.44,57.28,5411.0
2026-03-26 12:00:00+00:00,57.3,57.38,56.76,56.8,7559.0
2026-03-26 12:15:00+00:00,56.74,57.14,56.48,56.48,6698.0
2026-03-26 12:30:00+00:00,56.4,56.88,56.08,56.2,6618.0
2026-03-26 12:45:00+00:00,56.24,56.5,56.18,56.46,3862.0
2026-03-26 13:00:00+00:00,56.48,56.48,55.8,55.94,5487.0
2026-03-26 13:15:00+00:00,55.92,55.98,55.08,55.26,4974.0
2026-03-26 13:30:00+00:00,55.32,55.38,53.54,53.7,20052.0
2026-03-26 13:45:00+00:00,53.8,53.94,53.28,53.62,19167.0
2026-03-26 14:00:00+00:00,53.66,53.82,53.34,53.8,6342.0
2026-03-26 14:15:00+00:00,53.88,54.16,53.84,53.9,6418.0
2026-03-26 14:30:00+00:00,53.92,53.92,52.46,52.68,28601.0
2026-03-26 14:45:00+00:00,52.68,52.82,52.3,52.52,9801.0
2026-03-26 15:00:00+00:00,52.56,53.02,52.5,52.62,8672.0
2026-03-26 15:15:00+00:00,52.58,52.78,52.1,52.78,12032.0
2026-03-26 15:30:00+00:00,52.78,53.02,52.4,53.02,6819.0
2026-03-26 15:45:00+00:00,52.96,54.02,52.96,53.96,7780.0
2026-03-26 16:00:00+00:00,53.94,54.4,53.6,54.3,9167.0
2026-03-26 16:15:00+00:00,54.26,54.26,53.42,54.14,10038.0
2026-03-27 08:00:00+00:00,53.38,53.71,52.86,53.71,18880.0
2026-03-27 08:15:00+00:00,53.78,53.92,53.2,53.26,4245.0
2026-03-27 08:30:00+00:00,53.28,53.44,52.38,52.57,8730.0
2026-03-27 08:45:00+00:00,52.6,53.18,52.4,52.9,2501.0
2026-03-27 09:00:00+00:00,52.86,53.04,52.5,52.6,1882.0
2026-03-27 09:15:00+00:00,52.5,53.16,52.5,53.12,1693.0
2026-03-27 09:30:00+00:00,53.06,53.1,52.64,52.76,1181.0
2026-03-27 09:45:00+00:00,52.66,52.72,52.36,52.44,1508.0
2026-03-27 10:00:00+00:00,52.46,52.74,52.4,52.58,1796.0
2026-03-27 10:15:00+00:00,52.64,52.98,52.64,52.74,2272.0
2026-03-27 10:30:00+00:00,52.68,52.82,51.92,52.1,13347.0
2026-03-27 10:45:00+00:00,52.0,52.12,51.88,51.94,4335.0
2026-03-27 11:00:00+00:00,51.9,51.94,51.58,51.94,6099.0
2026-03-27 11:15:00+00:00,51.9,52.0,51.78,52.0,3260.0
2026-03-27 11:30:00+00:00,52.02,52.02,51.76,51.94,2708.0
2026-03-27 11:45:00+00:00,51.96,52.02,51.82,51.86,1216.0
2026-03-27 12:00:00+00:00,51.94,51.94,51.56,51.64,1306.0
2026-03-27 12:15:00+00:00,51.68,51.8,51.16,51.54,6720.0
2026-03-27 12:30:00+00:00,51.58,51.76,51.32,51.56,3361.0
2026-03-27 12:45:00+00:00,51.6,51.74,51.1,51.32,7825.0
2026-03-27 13:00:00+00:00,51.3,51.62,51.3,51.5,2894.0
2026-03-27 13:15:00+00:00,51.48,52.94,51.48,52.69,18019.0
2026-03-27 13:30:00+00:00,52.66,53.3,52.4,53.14,20667.0
2026-03-27 13:45:00+00:00,53.28,53.74,53.22,53.36,3628.0
2026-03-27 14:00:00+00:00,53.2,54.16,53.2,53.98,18974.0
2026-03-27 14:15:00+00:00,53.96,54.16,53.62,53.64,9763.0
2026-03-27 14:30:00+00:00,53.64,53.76,53.14,53.2,5477.0
2026-03-27 14:45:00+00:00,53.18,53.4,53.06,53.16,5986.0
2026-03-27 15:00:00+00:00,53.14,53.8,53.14,53.4,3796.0
2026-03-27 15:15:00+00:00,53.38,53.82,52.92,53.7,4066.0
2026-03-27 15:30:00+00:00,53.72,53.94,53.68,53.76,2568.0
2026-03-27 15:45:00+00:00,53.66,53.84,53.26,53.26,3217.0
2026-03-27 16:00:00+00:00,53.3,53.56,53.24,53.5,3376.0
2026-03-27 16:15:00+00:00,53.58,53.88,53.28,53.76,7101.0
2026-03-30 07:00:00+00:00,53.36,53.7,52.4,52.8,13495.0
2026-03-30 07:15:00+00:00,52.76,52.9,51.8,52.6,11356.0
2026-03-30 07:30:00+00:00,52.6,53.1,52.4,52.86,9291.0
2026-03-30 07:45:00+00:00,52.86,52.98,52.38,52.56,3250.0
2026-03-30 08:00:00+00:00,52.58,52.86,52.2,52.86,4894.0
2026-03-30 08:15:00+00:00,52.88,53.32,52.88,53.18,1697.0
2026-03-30 08:30:00+00:00,53.14,53.44,52.8,52.9,5080.0
2026-03-30 08:45:00+00:00,52.84,52.96,52.74,52.76,1929.0
2026-03-30 09:00:00+00:00,52.76,53.16,52.74,52.74,2105.0
2026-03-30 09:15:00+00:00,52.68,52.76,52.56,52.56,326.0
2026-03-30 09:30:00+00:00,52.62,52.72,52.48,52.58,3100.0
2026-03-30 09:45:00+00:00,52.6,52.88,52.34,52.44,3861.0
2026-03-30 10:00:00+00:00,52.42,52.64,52.34,52.36,717.0
2026-03-30 10:15:00+00:00,52.3,52.3,51.9,51.96,3398.0
2026-03-30 10:30:00+00:00,51.96,52.0,51.74,51.76,3070.0
2026-03-30 10:45:00+00:00,51.84,52.06,51.38,51.38,7878.0
2026-03-30 11:00:00+00:00,51.6,51.98,51.6,51.94,3576.0
2026-03-30 11:15:00+00:00,51.94,53.24,51.94,52.74,9712.0
2026-03-30 11:30:00+00:00,52.86,52.88,52.64,52.74,1591.0
2026-03-30 11:45:00+00:00,52.74,53.32,52.74,53.28,1946.0
2026-03-30 12:00:00+00:00,53.2,53.2,52.8,52.8,5185.0
2026-03-30 12:15:00+00:00,52.94,53.12,52.82,53.1,1392.0
2026-03-30 12:30:00+00:00,53.08,53.24,52.9,52.92,2282.0
2026-03-30 12:45:00+00:00,52.98,53.16,52.98,53.04,607.0
2026-03-30 13:00:00+00:00,53.04,53.58,52.9,53.58,2538.0
2026-03-30 13:15:00+00:00,53.58,53.9,53.58,53.82,5973.0
2026-03-30 13:30:00+00:00,53.8,53.82,52.16,52.56,8259.0
2026-03-30 13:45:00+00:00,52.6,52.62,51.82,51.94,9436.0
2026-03-30 14:00:00+00:00,52.02,52.14,51.66,52.06,9128.0
2026-03-30 14:15:00+00:00,52.02,52.08,50.52,50.64,28223.0
2026-03-30 14:30:00+00:00,50.66,51.26,50.36,50.9,18658.0
2026-03-30 14:45:00+00:00,50.8,51.46,50.8,51.32,5582.0
2026-03-30 15:00:00+00:00,51.34,51.6,50.98,51.38,9861.0
2026-03-30 15:15:00+00:00,51.32,51.66,51.2,51.52,11539.0
2026-03-31 07:00:00+00:00,50.88,51.5,50.64,50.64,14447.0
2026-03-31 07:15:00+00:00,50.6,51.68,50.58,51.68,6876.0
2026-03-31 07:30:00+00:00,51.58,51.82,51.2,51.34,1968.0
2026-03-31 07:45:00+00:00,51.38,51.74,50.42,50.44,8212.0
2026-03-31 08:00:00+00:00,50.5,50.94,50.3,50.7,3950.0
2026-03-31 08:15:00+00:00,50.66,50.76,50.28,50.6,6786.0
2026-03-31 08:30:00+00:00,50.6,50.64,50.0,50.24,9544.0
2026-03-31 08:45:00+00:00,50.3,50.48,50.16,50.48,2335.0
2026-03-31 09:00:00+00:00,50.48,51.22,50.48,51.06,4212.0
2026-03-31 09:15:00+00:00,51.1,51.26,50.94,51.02,1060.0
2026-03-31 09:30:00+00:00,51.02,51.34,51.02,51.24,1408.0
2026-03-31 09:45:00+00:00,51.2,51.2,50.86,50.86,856.0
2026-03-31 10:00:00+00:00,51.02,51.32,51.02,51.1,421.0
2026-03-31 10:15:00+00:00,51.06,51.3,51.0,51.3,1635.0
2026-03-31 10:30:00+00:00,51.2,51.26,51.04,51.04,442.0
2026-03-31 10:45:00+00:00,51.0,51.14,50.82,51.14,581.0
2026-03-31 11:00:00+00:00,51.1,52.16,51.06,51.66,6399.0
2026-03-31 11:15:00+00:00,51.66,52.0,51.66,51.82,1781.0
2026-03-31 11:30:00+00:00,51.8,51.92,51.78,51.9,1733.0
2026-03-31 11:45:00+00:00,51.86,51.86,51.7,51.72,1091.0
2026-03-31 12:00:00+00:00,51.74,52.2,51.74,51.78,1905.0
2026-03-31 12:15:00+00:00,51.7,52.0,51.7,51.9,705.0
2026-03-31 12:30:00+00:00,52.02,52.04,51.76,51.8,1070.0
2026-03-31 12:45:00+00:00,51.8,51.86,51.5,51.5,1773.0
2026-03-31 13:00:00+00:00,51.58,51.78,51.4,51.78,993.0
2026-03-31 13:15:00+00:00,51.78,52.02,51.78,52.02,1545.0
2026-03-31 13:30:00+00:00,51.98,52.66,51.92,52.48,6697.0
2026-03-31 13:45:00+00:00,52.48,52.78,52.26,52.72,5850.0
2026-03-31 14:00:00+00:00,52.58,52.68,52.1,52.26,2412.0
2026-03-31 14:15:00+00:00,52.32,52.48,51.88,52.18,4763.0
2026-03-31 14:30:00+00:00,52.2,52.2,51.84,52.04,2163.0
2026-03-31 14:45:00+00:00,52.0,52.06,51.3,51.48,4086.0
2026-03-31 15:00:00+00:00,51.44,51.58,51.18,51.44,2426.0
2026-03-31 15:15:00+00:00,51.68,51.76,51.46,51.58,5806.0
2026-04-01 07:00:00+00:00,55.32,55.42,54.5,54.6,29918.0
2026-04-01 07:15:00+00:00,54.72,55.32,54.26,55.26,19251.0
2026-04-01 07:30:00+00:00,55.32,55.36,55.02,55.12,11317.0
2026-04-01 07:45:00+00:00,55.12,55.12,54.46,54.58,5706.0
2026-04-01 08:00:00+00:00,54.66,54.66,53.82,53.9,7839.0
2026-04-01 08:15:00+00:00,53.86,54.02,53.74,53.9,6918.0
2026-04-01 08:30:00+00:00,53.86,54.06,53.8,53.86,3863.0
2026-04-01 08:45:00+00:00,53.86,54.04,53.48,53.66,2614.0
2026-04-01 09:00:00+00:00,53.68,53.74,53.46,53.5,2909.0
2026-04-01 09:15:00+00:00,53.5,53.5,53.34,53.34,1394.0
2026-04-01 09:30:00+00:00,53.5,53.78,53.48,53.68,3033.0
2026-04-01 09:45:00+00:00,53.66,53.76,53.5,53.5,2403.0
2026-04-01 10:00:00+00:00,53.52,53.52,53.1,53.18,3616.0
2026-04-01 10:15:00+00:00,53.12,53.34,53.04,53.24,4281.0
2026-04-01 10:30:00+00:00,53.32,53.4,53.18,53.4,857.0
2026-04-01 10:45:00+00:00,53.48,53.78,53.48,53.76,1680.0
2026-04-01 11:00:00+00:00,53.8,53.9,53.76,53.86,1573.0
2026-04-01 11:15:00+00:00,53.88,53.92,53.7,53.72,3834.0
2026-04-01 11:30:00+00:00,53.82,54.12,53.82,54.1,4322.0
2026-04-01 11:45:00+00:00,54.12,54.28,54.0,54.0,4433.0
2026-04-01 12:00:00+00:00,54.0,54.0,53.66,53.66,3306.0
2026-04-01 12:15:00+00:00,53.74,53.8,53.58,53.8,1406.0
2026-04-01 12:30:00+00:00,53.8,54.06,53.5,54.04,2204.0
2026-04-01 12:45:00+00:00,54.14,54.22,53.88,54.08,2889.0
2026-04-01 13:00:00+00:00,53.98,54.12,53.98,54.12,2148.0
2026-04-01 13:15:00+00:00,54.06,54.06,53.74,53.74,1524.0
2026-04-01 13:30:00+00:00,53.64,54.48,53.5,53.82,7781.0
2026-04-01 13:45:00+00:00,53.86,54.14,53.64,53.84,3628.0
2026-04-01 14:00:00+00:00,53.76,53.9,53.56,53.72,1657.0
2026-04-01 14:15:00+00:00,53.82,53.9,53.48,53.8,3365.0
2026-04-01 14:30:00+00:00,53.78,54.6,53.78,54.14,8347.0
2026-04-01 14:45:00+00:00,54.14,54.22,53.48,53.57,2745.0
2026-04-01 15:00:00+00:00,53.5,53.94,53.48,53.76,7569.0
2026-04-01 15:15:00+00:00,53.68,53.96,53.52,53.7,7964.0
2026-04-02 07:00:00+00:00,51.48,51.48,50.4,50.58,31527.0
2026-04-02 07:15:00+00:00,50.64,50.74,50.26,50.3,11089.0
2026-04-02 07:30:00+00:00,50.26,50.44,50.06,50.22,10385.0
2026-04-02 07:45:00+00:00,50.18,50.36,50.04,50.12,6546.0
2026-04-02 08:00:00+00:00,50.14,50.22,50.02,50.2,5221.0
2026-04-02 08:15:00+00:00,50.26,50.34,50.1,50.14,3234.0
2026-04-02 08:30:00+00:00,50.1,50.32,50.06,50.12,4993.0
2026-04-02 08:45:00+00:00,50.2,50.22,49.8,50.06,11347.0
2026-04-02 09:00:00+00:00,50.02,50.42,49.92,50.42,2999.0
2026-04-02 09:15:00+00:00,50.44,50.5,50.32,50.5,1407.0
2026-04-02 09:30:00+00:00,50.5,50.64,50.22,50.24,2605.0
2026-04-02 09:45:00+00:00,50.34,50.48,50.3,50.38,1369.0
2026-04-02 10:00:00+00:00,50.34,50.44,50.06,50.12,3289.0
2026-04-02 10:15:00+00:00,50.1,50.1,49.91,49.98,7784.0
2026-04-02 10:30:00+00:00,49.9,49.97,49.86,49.93,4308.0
2026-04-02 10:45:00+00:00,49.92,49.92,49.7,49.7,5082.0
2026-04-02 11:00:00+00:00,49.72,49.76,49.4,49.44,6724.0
2026-04-02 11:15:00+00:00,49.46,49.46,49.16,49.2,6382.0
2026-04-02 11:30:00+00:00,49.22,49.44,49.2,49.27,9488.0
2026-04-02 11:45:00+00:00,49.27,49.48,49.05,49.43,9459.0
2026-04-02 12:00:00+00:00,49.44,49.49,49.19,49.19,3289.0
2026-04-02 12:15:00+00:00,49.22,49.29,49.08,49.08,2453.0
2026-04-02 12:30:00+00:00,49.13,49.19,48.91,49.19,6819.0
2026-04-02 12:45:00+00:00,49.08,49.16,48.95,49.0,6108.0
2026-04-02 13:00:00+00:00,48.96,49.12,48.87,48.91,5615.0
2026-04-02 13:15:00+00:00,48.97,49.15,48.94,49.04,3532.0
2026-04-02 13:30:00+00:00,49.07,49.56,48.82,48.86,11652.0
2026-04-02 13:45:00+00:00,48.84,49.42,48.84,49.42,3855.0
2026-04-02 14:00:00+00:00,49.37,49.51,49.01,49.06,15291.0
2026-04-02 14:15:00+00:00,49.01,49.2,48.84,48.92,35174.0
2026-04-02 14:30:00+00:00,48.92,50.52,48.92,49.86,57141.0
2026-04-02 14:45:00+00:00,49.84,50.02,49.63,49.82,8115.0
2026-04-02 15:00:00+00:00,49.81,49.86,49.29,49.52,11528.0
2026-04-02 15:15:00+00:00,49.51,49.73,49.4,49.47,11895.0
2026-04-07 07:00:00+00:00,49.57,50.32,49.57,50.24,20534.0
2026-04-07 07:15:00+00:00,50.16,50.44,49.85,49.99,6174.0
2026-04-07 07:30:00+00:00,49.99,50.18,49.82,50.12,4718.0
2026-04-07 07:45:00+00:00,50.1,50.28,49.98,50.12,2968.0
2026-04-07 08:00:00+00:00,50.16,50.56,50.16,50.44,10403.0
2026-04-07 08:15:00+00:00,50.44,50.74,50.3,50.4,13724.0
2026-04-07 08:30:00+00:00,50.44,51.06,50.44,50.86,10367.0
2026-04-07 08:45:00+00:00,50.86,50.92,50.5,50.9,6762.0
2026-04-07 09:00:00+00:00,50.96,51.02,50.66,50.68,3667.0
2026-04-07 09:15:00+00:00,50.7,51.06,50.7,51.02,9192.0
2026-04-07 09:30:00+00:00,51.0,51.4,51.0,51.4,9116.0
2026-04-07 09:45:00+00:00,51.26,51.5,51.18,51.38,6762.0
2026-04-07 10:00:00+00:00,51.4,51.54,50.62,51.04,11694.0
2026-04-07 10:15:00+00:00,51.04,51.26,50.54,50.76,4231.0
2026-04-07 10:30:00+00:00,50.78,50.78,50.3,50.4,2680.0
2026-04-07 10:45:00+00:00,50.42,50.52,50.1,50.16,4149.0
2026-04-07 11:00:00+00:00,50.1,50.26,50.1,50.18,4104.0
2026-04-07 11:15:00+00:00,50.18,50.28,50.08,50.08,5760.0
2026-04-07 11:30:00+00:00,50.06,50.14,49.8,50.08,5282.0
2026-04-07 11:45:00+00:00,50.06,50.1,49.88,49.94,1382.0
2026-04-07 12:00:00+00:00,49.91,49.98,49.34,49.65,7236.0
2026-04-07 12:15:00+00:00,49.61,49.9,49.51,49.9,3075.0
2026-04-07 12:30:00+00:00,49.93,50.12,49.93,50.06,2021.0
2026-04-07 12:45:00+00:00,50.04,50.54,49.86,50.28,8641.0
2026-04-07 13:00:00+00:00,50.24,50.36,49.97,50.12,2408.0
2026-04-07 13:15:00+00:00,50.14,50.24,50.02,50.06,2883.0
2026-04-07 13:30:00+00:00,50.08,50.46,49.85,49.85,6923.0
2026-04-07 13:45:00+00:00,49.9,50.0,49.12,49.13,5740.0
2026-04-07 14:00:00+00:00,49.14,49.4,48.94,49.4,8106.0
2026-04-07 14:15:00+00:00,49.39,49.52,49.22,49.43,4686.0
2026-04-07 14:30:00+00:00,49.39,49.52,49.26,49.47,4363.0
2026-04-07 14:45:00+00:00,49.49,49.71,49.0,49.0,6793.0
2026-04-07 15:00:00+00:00,48.95,48.98,48.55,48.72,7388.0
2026-04-07 15:15:00+00:00,48.73,49.2,48.6,48.8,11798.0
2026-04-08 07:00:00+00:00,53.62,54.4,52.08,53.12,81414.0
2026-04-08 07:15:00+00:00,53.1,53.8,52.74,53.22,16344.0
2026-04-08 07:30:00+00:00,53.22,53.98,53.04,53.9,14731.0
2026-04-08 07:45:00+00:00,53.92,54.24,53.82,54.1,12796.0
2026-04-08 08:00:00+00:00,54.14,54.86,53.96,54.68,20391.0
2026-04-08 08:15:00+00:00,54.64,54.78,53.78,54.48,28703.0
2026-04-08 08:30:00+00:00,54.48,54.76,54.38,54.5,7114.0
2026-04-08 08:45:00+00:00,54.52,55.08,54.5,54.98,10567.0
2026-04-08 09:00:00+00:00,54.92,55.26,54.82,55.26,6213.0
2026-04-08 09:15:00+00:00,55.28,55.52,55.18,55.32,11065.0
2026-04-08 09:30:00+00:00,55.26,55.64,55.24,55.26,16822.0
2026-04-08 09:45:00+00:00,55.23,55.3,54.94,55.3,11680.0
2026-04-08 10:00:00+00:00,55.3,55.36,55.04,55.3,5531.0
2026-04-08 10:15:00+00:00,55.32,55.4,55.0,55.16,9147.0
2026-04-08 10:30:00+00:00,55.14,55.56,55.12,55.12,4664.0
2026-04-08 10:45:00+00:00,55.1,55.2,54.74,54.92,10119.0
2026-04-08 11:00:00+00:00,54.86,55.1,54.84,55.04,2398.0
2026-04-08 11:15:00+00:00,55.1,55.1,54.3,54.4,10389.0
2026-04-08 11:30:00+00:00,54.34,54.46,54.1,54.28,3832.0
2026-04-08 11:45:00+00:00,54.34,54.44,54.02,54.38,8739.0
2026-04-08 12:00:00+00:00,54.38,54.56,54.2,54.2,2585.0
2026-04-08 12:15:00+00:00,54.26,54.46,53.94,54.23,8841.0
2026-04-08 12:30:00+00:00,54.28,54.3,53.92,54.02,4563.0
2026-04-08 12:45:00+00:00,54.06,54.12,53.86,54.04,5746.0
2026-04-08 13:00:00+00:00,54.02,54.16,53.82,53.91,3836.0
2026-04-08 13:15:00+00:00,53.98,54.14,53.9,54.06,2914.0
2026-04-08 13:30:00+00:00,54.16,54.2,53.74,53.92,19769.0
2026-04-08 13:45:00+00:00,53.92,54.04,53.36,53.46,14654.0
2026-04-08 14:00:00+00:00,53.44,53.44,52.74,53.0,16320.0
2026-04-08 14:15:00+00:00,52.98,53.1,52.78,53.08,7469.0
2026-04-08 14:30:00+00:00,53.0,53.0,52.3,52.4,13102.0
2026-04-08 14:45:00+00:00,52.36,52.44,52.0,52.18,9468.0
2026-04-08 15:00:00+00:00,52.16,52.62,52.04,52.6,17046.0
2026-04-08 15:15:00+00:00,52.54,53.8,52.52,53.8,17563.0
2026-04-09 07:00:00+00:00,53.86,54.22,53.54,54.0,12683.0
2026-04-09 07:15:00+00:00,53.96,54.0,53.72,53.88,1822.0
2026-04-09 07:30:00+00:00,53.96,54.0,53.58,53.58,1003.0
2026-04-09 07:45:00+00:00,53.6,53.66,53.44,53.66,768.0
2026-04-09 08:00:00+00:00,53.66,53.66,53.02,53.16,4985.0
2026-04-09 08:15:00+00:00,53.14,53.2,52.6,52.66,6215.0
2026-04-09 08:30:00+00:00,52.62,52.64,52.46,52.62,4934.0
2026-04-09 08:45:00+00:00,52.66,52.66,52.2,52.28,4092.0
2026-04-09 09:00:00+00:00,52.2,52.6,51.94,52.48,8777.0
2026-04-09 09:15:00+00:00,52.48,52.8,52.48,52.68,3803.0
2026-04-09 09:30:00+00:00,52.78,52.78,52.32,52.36,2507.0
2026-04-09 09:45:00+00:00,52.42,52.54,52.38,52.4,446.0
2026-04-09 10:00:00+00:00,52.34,52.5,52.34,52.4,699.0
2026-04-09 10:15:00+00:00,52.32,52.4,52.3,52.36,671.0
2026-04-09 10:30:00+00:00,52.36,52.42,52.18,52.32,1582.0
2026-04-09 10:45:00+00:00,52.36,52.42,52.2,52.36,701.0
2026-04-09 11:00:00+00:00,52.38,52.54,52.38,52.5,540.0
2026-04-09 11:15:00+00:00,52.44,53.32,52.44,53.2,4870.0
2026-04-09 11:30:00+00:00,53.14,53.28,52.84,53.24,2928.0
2026-04-09 11:45:00+00:00,53.3,53.5,52.9,52.9,2922.0
2026-04-09 12:00:00+00:00,52.88,52.92,52.7,52.84,1158.0
2026-04-09 12:15:00+00:00,52.86,52.9,52.74,52.82,611.0
2026-04-09 12:30:00+00:00,52.72,53.06,52.72,52.76,1211.0
2026-04-09 12:45:00+00:00,52.76,52.76,52.1,52.1,3006.0
2026-04-09 13:00:00+00:00,52.18,52.46,52.18,52.38,2083.0
2026-04-09 13:15:00+00:00,52.32,52.76,52.28,52.76,5738.0
2026-04-09 13:30:00+00:00,52.92,53.5,52.66,52.84,7923.0
2026-04-09 13:45:00+00:00,52.8,52.82,52.46,52.82,4245.0
2026-04-09 14:00:00+00:00,52.9,53.7,52.9,53.52,5547.0
2026-04-09 14:15:00+00:00,53.54,53.54,52.9,53.1,6024.0
2026-04-09 14:30:00+00:00,53.08,53.14,52.72,52.84,2282.0
2026-04-09 14:45:00+00:00,52.82,53.12,52.74,53.06,3474.0
2026-04-09 15:00:00+00:00,53.04,53.04,52.82,52.86,4020.0
2026-04-09 15:15:00+00:00,52.98,53.82,52.98,53.82,11982.0
2026-04-10 07:00:00+00:00,55.66,58.48,55.66,57.44,81271.0
2026-04-10 07:15:00+00:00,57.5,58.8,57.4,58.78,30242.0
2026-04-10 07:30:00+00:00,58.7,58.8,58.2,58.32,15945.0
2026-04-10 07:45:00+00:00,58.28,59.24,58.04,59.12,26497.0
2026-04-10 08:00:00+00:00,59.2,60.24,59.16,60.18,26992.0
2026-04-10 08:15:00+00:00,60.18,61.22,60.14,61.22,22355.0
2026-04-10 08:30:00+00:00,61.3,61.72,61.0,61.16,26924.0
2026-04-10 08:45:00+00:00,61.2,61.58,60.96,61.3,21786.0
2026-04-10 09:00:00+00:00,61.32,61.5,61.22,61.5,13756.0
2026-04-10 09:15:00+00:00,61.5,62.36,61.4,61.62,30985.0
2026-04-10 09:30:00+00:00,61.68,62.12,61.24,62.02,14015.0
2026-04-10 09:45:00+00:00,62.0,62.54,61.68,62.18,15616.0
2026-04-10 10:00:00+00:00,62.18,62.56,61.98,62.44,9557.0
2026-04-10 10:15:00+00:00,62.42,62.84,62.28,62.74,6165.0
2026-04-10 10:30:00+00:00,62.8,62.92,62.16,62.52,9710.0
2026-04-10 10:45:00+00:00,62.5,62.72,62.34,62.6,5877.0
2026-04-10 11:00:00+00:00,62.62,63.3,62.44,63.3,16794.0
2026-04-10 11:15:00+00:00,63.22,63.22,62.7,62.82,7834.0
2026-04-10 11:30:00+00:00,62.78,63.22,62.7,63.12,3841.0
2026-04-10 11:45:00+00:00,63.12,63.24,62.64,63.0,15047.0
2026-04-10 12:00:00+00:00,63.0,63.88,62.98,63.58,14026.0
2026-04-10 12:15:00+00:00,63.62,63.98,63.52,63.9,16032.0
2026-04-10 12:30:00+00:00,64.0,64.36,63.78,64.16,16747.0
2026-04-10 12:45:00+00:00,64.14,64.22,63.68,63.9,10869.0
2026-04-10 13:00:00+00:00,63.9,64.26,63.52,63.54,14025.0
2026-04-10 13:15:00+00:00,63.54,64.6,63.16,63.16,23100.0
2026-04-10 13:30:00+00:00,63.26,63.8,62.44,63.6,54356.0
2026-04-10 13:45:00+00:00,63.66,65.16,63.56,63.74,36564.0
2026-04-10 14:00:00+00:00,63.74,64.46,63.52,64.16,21107.0
2026-04-10 14:15:00+00:00,64.2,64.6,64.2,64.6,6998.0
2026-04-10 14:30:00+00:00,64.56,64.84,64.12,64.66,25173.0
2026-04-10 14:45:00+00:00,64.66,64.82,63.94,64.04,50625.0
2026-04-10 15:00:00+00:00,64.04,65.16,63.94,65.0,21999.0
2026-04-10 15:15:00+00:00,64.94,65.04,64.14,64.32,26796.0
2026-04-13 07:00:00+00:00,62.0,63.3,61.06,63.16,36248.0
2026-04-13 07:15:00+00:00,63.2,64.38,62.96,64.2,17712.0
2026-04-13 07:30:00+00:00,64.28,65.18,64.28,65.04,22871.0
2026-04-13 07:45:00+00:00,65.2,66.2,64.96,65.46,24295.0
2026-04-13 08:00:00+00:00,65.52,65.9,64.86,65.36,22220.0
2026-04-13 08:15:00+00:00,65.44,65.44,64.38,64.84,15454.0
2026-04-13 08:30:00+00:00,64.86,65.4,64.58,65.14,5727.0
2026-04-13 08:45:00+00:00,65.22,65.72,65.0,65.06,5867.0
2026-04-13 09:00:00+00:00,65.06,65.24,64.5,64.7,2841.0
2026-04-13 09:15:00+00:00,64.7,65.1,64.7,64.82,14482.0
2026-04-13 09:30:00+00:00,64.84,64.98,64.28,64.44,3072.0
2026-04-13 09:45:00+00:00,64.48,64.6,64.1,64.2,3367.0
2026-04-13 10:00:00+00:00,64.26,64.3,63.82,64.3,6132.0
2026-04-13 10:15:00+00:00,64.3,64.82,64.3,64.64,3905.0
2026-04-13 10:30:00+00:00,64.66,64.9,64.52,64.64,2172.0
2026-04-13 10:45:00+00:00,64.68,64.68,64.12,64.18,3107.0
2026-04-13 11:00:00+00:00,64.18,64.28,63.92,63.92,4824.0
2026-04-13 11:15:00+00:00,64.06,64.4,64.02,64.02,987.0
2026-04-13 11:30:00+00:00,64.02,64.16,63.86,64.0,2749.0
2026-04-13 11:45:00+00:00,63.96,64.1,63.94,63.94,1220.0
2026-04-13 12:00:00+00:00,64.08,64.3,64.04,64.08,2349.0
2026-04-13 12:15:00+00:00,64.06,64.1,63.6,64.0,8081.0
2026-04-13 12:30:00+00:00,63.96,64.1,63.8,63.8,2574.0
2026-04-13 12:45:00+00:00,63.86,64.06,63.6,63.66,2481.0
2026-04-13 13:00:00+00:00,63.74,63.78,63.58,63.58,1926.0
2026-04-13 13:15:00+00:00,63.58,64.0,63.46,63.86,3235.0
2026-04-13 13:30:00+00:00,64.0,64.42,63.86,64.3,27736.0
2026-04-13 13:45:00+00:00,64.42,64.42,63.92,64.34,6090.0
2026-04-13 14:00:00+00:00,64.3,64.82,64.1,64.64,5546.0
2026-04-13 14:15:00+00:00,64.54,65.16,64.26,64.5,14912.0
2026-04-13 14:30:00+00:00,64.64,65.06,64.6,64.68,11287.0
2026-04-13 14:45:00+00:00,64.72,64.86,64.52,64.86,9542.0
2026-04-13 15:00:00+00:00,64.78,65.06,64.46,65.0,7021.0
2026-04-13 15:15:00+00:00,64.92,65.22,64.4,64.42,16376.0
2026-04-14 07:00:00+00:00,66.3,69.0,66.3,68.46,53762.0
2026-04-14 07:15:00+00:00,68.5,70.62,68.36,70.38,37628.0
2026-04-14 07:30:00+00:00,70.5,71.8,70.5,70.78,32598.0
2026-04-14 07:45:00+00:00,70.72,71.86,70.6,71.62,28941.0
2026-04-14 08:00:00+00:00,71.72,72.4,70.6,70.8,19253.0
2026-04-14 08:15:00+00:00,70.74,71.38,70.42,70.62,14270.0
2026-04-14 08:30:00+00:00,70.52,71.38,70.32,71.22,6532.0
2026-04-14 08:45:00+00:00,71.3,71.3,70.64,70.92,4616.0
2026-04-14 09:00:00+00:00,71.0,71.14,70.56,70.66,6044.0
2026-04-14 09:15:00+00:00,70.74,70.98,70.04,70.68,15174.0
2026-04-14 09:30:00+00:00,70.64,70.7,69.94,70.26,7749.0
2026-04-14 09:45:00+00:00,70.26,70.7,70.2,70.5,6258.0
2026-04-14 10:00:00+00:00,70.62,70.84,70.26,70.76,9592.0
2026-04-14 10:15:00+00:00,70.78,71.08,70.58,70.76,9792.0
2026-04-14 10:30:00+00:00,70.8,71.28,70.68,70.8,6570.0
2026-04-14 10:45:00+00:00,70.76,71.22,70.56,71.2,3226.0
2026-04-14 11:00:00+00:00,71.2,71.72,71.18,71.42,9461.0
2026-04-14 11:15:00+00:00,71.46,71.88,71.42,71.86,6296.0
2026-04-14 11:30:00+00:00,71.86,72.7,71.8,72.56,18232.0
2026-04-14 11:45:00+00:00,72.56,72.86,72.32,72.5,6534.0
2026-04-14 12:00:00+00:00,72.54,72.78,72.28,72.48,7698.0
2026-04-14 12:15:00+00:00,72.54,72.92,72.3,72.92,11256.0
2026-04-14 12:30:00+00:00,73.0,73.0,72.12,72.18,12295.0
2026-04-14 12:45:00+00:00,72.18,72.44,71.72,72.2,12542.0
2026-04-14 13:00:00+00:00,72.18,72.2,71.72,71.76,6377.0
2026-04-14 13:15:00+00:00,71.76,72.3,71.68,72.2,11241.0
2026-04-14 13:30:00+00:00,72.18,72.18,70.9,71.48,30498.0
2026-04-14 13:45:00+00:00,71.52,71.54,69.94,70.9,36927.0
2026-04-14 14:00:00+00:00,71.02,71.36,70.84,71.36,15498.0
2026-04-14 14:15:00+00:00,71.48,71.6,70.84,71.04,8396.0
2026-04-14 14:30:00+00:00,70.98,71.96,70.66,71.82,11419.0
2026-04-14 14:45:00+00:00,71.8,71.88,71.24,71.62,9696.0
2026-04-14 15:00:00+00:00,71.62,71.84,71.2,71.5,26345.0
2026-04-14 15:15:00+00:00,71.56,72.2,71.54,72.04,21370.0
2026-04-15 07:00:00+00:00,74.0,75.7,72.62,75.5,94374.0
2026-04-15 07:15:00+00:00,75.44,77.1,75.34,76.44,41221.0
2026-04-15 07:30:00+00:00,76.48,77.4,76.28,76.94,32627.0
2026-04-15 07:45:00+00:00,77.02,78.5,76.9,78.3,20829.0
2026-04-15 08:00:00+00:00,78.34,78.66,77.64,77.9,19955.0
2026-04-15 08:15:00+00:00,77.98,80.24,77.92,78.4,38944.0
2026-04-15 08:30:00+00:00,78.38,78.52,77.18,77.48,33713.0
2026-04-15 08:45:00+00:00,77.58,78.02,75.2,76.24,24414.0
2026-04-15 09:00:00+00:00,76.26,77.72,75.02,76.06,35898.0
2026-04-15 09:15:00+00:00,75.92,77.5,75.92,76.6,28502.0
2026-04-15 09:30:00+00:00,76.64,76.68,75.72,76.22,19677.0
2026-04-15 09:45:00+00:00,76.12,76.12,75.3,75.5,17158.0
2026-04-15 10:00:00+00:00,75.52,75.76,74.7,74.96,16175.0
2026-04-15 10:15:00+00:00,75.02,75.42,74.4,74.98,14340.0
2026-04-15 10:30:00+00:00,74.96,75.2,74.46,74.7,18928.0
2026-04-15 10:45:00+00:00,74.72,75.2,74.56,75.06,14493.0
2026-04-15 11:00:00+00:00,75.04,75.4,74.6,75.1,11597.0
2026-04-15 11:15:00+00:00,75.08,75.7,74.86,75.38,12967.0
2026-04-15 11:30:00+00:00,75.36,75.42,74.8,75.08,10426.0
2026-04-15 11:45:00+00:00,75.08,75.38,74.0,74.56,22905.0
2026-04-15 12:00:00+00:00,74.58,74.66,73.72,73.72,12503.0
2026-04-15 12:15:00+00:00,73.7,74.78,73.5,74.68,13666.0
2026-04-15 12:30:00+00:00,74.66,75.06,74.52,74.9,11775.0
2026-04-15 12:45:00+00:00,74.9,75.52,74.68,74.98,15991.0
2026-04-15 13:00:00+00:00,75.0,75.12,74.36,74.8,10133.0
2026-04-15 13:15:00+00:00,74.84,74.9,74.24,74.62,13627.0
2026-04-15 13:30:00+00:00,74.72,74.76,74.0,74.22,21254.0
2026-04-15 13:45:00+00:00,74.16,75.78,74.0,75.56,24230.0
2026-04-15 14:00:00+00:00,75.7,75.94,75.0,75.28,16549.0
2026-04-15 14:15:00+00:00,75.28,75.3,74.56,75.3,17658.0
2026-04-15 14:30:00+00:00,75.36,75.86,75.36,75.38,13491.0
2026-04-15 14:45:00+00:00,75.38,75.64,75.22,75.32,15464.0
2026-04-15 15:00:00+00:00,75.38,76.58,75.16,76.58,20310.0
2026-04-15 15:15:00+00:00,76.62,76.98,76.44,76.92,23833.0
2026-04-16 07:00:00+00:00,78.64,79.9,78.24,78.68,65683.0
2026-04-16 07:15:00+00:00,78.67,80.46,78.67,80.28,37129.0
2026-04-16 07:30:00+00:00,80.32,80.9,79.78,80.06,32563.0
2026-04-16 07:45:00+00:00,80.16,80.32,79.68,80.3,13847.0
2026-04-16 08:00:00+00:00,80.26,80.38,78.76,78.94,26984.0
2026-04-16 08:15:00+00:00,78.94,79.26,78.42,78.98,12936.0
2026-04-16 08:30:00+00:00,78.98,80.01,78.96,79.8,13346.0
2026-04-16 08:45:00+00:00,79.62,79.9,79.26,79.9,7015.0
2026-04-16 09:00:00+00:00,79.94,80.2,79.78,79.84,8035.0
2026-04-16 09:15:00+00:00,79.84,80.66,79.8,80.62,18975.0
2026-04-16 09:30:00+00:00,80.68,81.22,80.68,81.12,15193.0
2026-04-16 09:45:00+00:00,81.06,81.76,80.96,81.62,12185.0
2026-04-16 10:00:00+00:00,81.6,82.0,81.56,81.96,15598.0
2026-04-16 10:15:00+00:00,81.94,82.34,81.74,81.78,19013.0
2026-04-16 10:30:00+00:00,81.88,81.88,81.3,81.5,11232.0
2026-04-16 10:45:00+00:00,81.5,81.6,81.16,81.52,6589.0
2026-04-16 11:00:00+00:00,81.54,82.62,81.54,82.62,9641.0
2026-04-16 11:15:00+00:00,82.56,82.74,82.0,82.1,12251.0
2026-04-16 11:30:00+00:00,82.16,82.46,82.14,82.46,4738.0
2026-04-16 11:45:00+00:00,82.48,82.96,82.48,82.96,15201.0
2026-04-16 12:00:00+00:00,82.96,83.14,82.6,82.98,23870.0
2026-04-16 12:15:00+00:00,82.98,83.14,82.44,82.7,6995.0
2026-04-16 12:30:00+00:00,82.6,82.92,81.92,82.88,12867.0
2026-04-16 12:45:00+00:00,83.0,83.0,82.7,82.74,7740.0
2026-04-16 13:00:00+00:00,82.76,82.96,82.04,82.44,11646.0
2026-04-16 13:15:00+00:00,82.4,82.4,81.74,81.86,9786.0
2026-04-16 13:30:00+00:00,81.86,81.86,80.9,81.0,18260.0
2026-04-16 13:45:00+00:00,80.96,81.52,80.1,80.58,56615.0
2026-04-16 14:00:00+00:00,80.62,81.76,80.32,81.62,30850.0
2026-04-16 14:15:00+00:00,81.66,82.08,81.18,81.88,31543.0
2026-04-16 14:30:00+00:00,81.9,83.14,81.72,82.94,15504.0
2026-04-16 14:45:00+00:00,82.94,83.98,82.88,83.86,18213.0
2026-04-16 15:00:00+00:00,83.82,85.54,83.82,85.4,31678.0
2026-04-16 15:15:00+00:00,85.44,86.5,85.42,86.5,32600.0
2026-04-17 07:00:00+00:00,86.46,89.88,85.8,89.84,109434.0
2026-04-17 07:15:00+00:00,89.86,92.18,89.2,92.1,49833.0
2026-04-17 07:30:00+00:00,92.16,92.8,90.66,91.72,51120.0
2026-04-17 07:45:00+00:00,91.88,91.92,89.56,89.78,53365.0
2026-04-17 08:00:00+00:00,89.8,91.56,89.1,90.92,39437.0
2026-04-17 08:15:00+00:00,90.92,92.0,90.6,91.86,37732.0
2026-04-17 08:30:00+00:00,92.0,94.56,91.52,94.48,82459.0
2026-04-17 08:45:00+00:00,94.56,95.1,94.32,95.1,7417.0
2026-04-17 09:00:00+00:00,94.7,95.8,93.1,95.62,78181.0
2026-04-17 09:15:00+00:00,95.76,96.36,94.68,95.3,26359.0
2026-04-17 09:30:00+00:00,95.46,96.7,95.28,96.38,22159.0
2026-04-17 09:45:00+00:00,96.4,97.5,96.34,96.64,40120.0
2026-04-17 10:00:00+00:00,96.54,96.64,95.16,96.14,25232.0
2026-04-17 10:15:00+00:00,96.08,96.54,94.6,96.38,24440.0
2026-04-17 10:30:00+00:00,96.46,96.6,94.7,94.92,12202.0
2026-04-17 10:45:00+00:00,94.84,95.3,94.02,94.04,14322.0
2026-04-17 11:00:00+00:00,94.16,95.5,94.16,95.0,15136.0
2026-04-17 11:15:00+00:00,94.96,95.2,93.94,93.96,25476.0
2026-04-17 11:30:00+00:00,93.94,94.0,92.46,92.9,20532.0
2026-04-17 11:45:00+00:00,93.0,93.02,91.86,92.82,18880.0
2026-04-17 12:00:00+00:00,93.0,93.38,92.0,93.38,9098.0
2026-04-17 12:15:00+00:00,93.42,94.34,93.04,94.3,11394.0
2026-04-17 12:30:00+00:00,94.3,96.5,94.1,96.3,26715.0
2026-04-17 12:45:00+00:00,96.28,98.0,96.18,97.84,33452.0
2026-04-17 13:00:00+00:00,97.72,98.82,97.24,98.76,23297.0
2026-04-17 13:15:00+00:00,98.72,99.7,98.26,98.42,33193.0
2026-04-17 13:30:00+00:00,98.3,99.32,98.04,99.0,21476.0
2026-04-17 13:45:00+00:00,99.0,99.0,97.14,98.42,20850.0
2026-04-17 14:00:00+00:00,98.46,98.9,98.04,98.46,21258.0
2026-04-17 14:15:00+00:00,98.6,101.1,98.38,101.05,50200.0
2026-04-17 14:30:00+00:00,101.05,101.45,97.4,98.12,52023.0
2026-04-17 14:45:00+00:00,98.14,98.14,95.74,97.52,45082.0
2026-04-17 15:00:00+00:00,97.54,99.3,97.02,98.6,20541.0
2026-04-17 15:15:00+00:00,98.6,99.88,97.74,99.64,33782.0
2026-04-20 07:00:00+00:00,99.68,106.75,99.4,105.85,253091.0
2026-04-20 07:15:00+00:00,105.8,108.5,105.65,107.75,57801.0
2026-04-20 07:30:00+00:00,107.9,110.1,107.35,108.65,45604.0
2026-04-20 07:45:00+00:00,108.7,113.9,108.55,113.2,50787.0
2026-04-20 08:00:00+00:00,113.1,113.4,110.5,112.4,52027.0
2026-04-20 08:15:00+00:00,112.4,114.55,111.75,113.15,50088.0
2026-04-20 08:30:00+00:00,113.15,113.35,111.5,112.45,24575.0
2026-04-20 08:45:00+00:00,112.45,112.75,108.9,109.1,45741.0
2026-04-20 09:00:00+00:00,109.3,111.8,108.95,111.0,15871.0
2026-04-20 09:15:00+00:00,110.9,111.0,108.8,109.35,14161.0
2026-04-20 09:30:00+00:00,109.2,109.25,107.1,109.05,37664.0
2026-04-20 09:45:00+00:00,109.15,109.2,108.15,108.9,11595.0
2026-04-20 10:00:00+00:00,108.9,110.75,108.85,110.55,12834.0
2026-04-20 10:15:00+00:00,110.7,112.6,109.9,112.25,12452.0
2026-04-20 10:30:00+00:00,112.25,112.9,111.65,112.45,10451.0
2026-04-20 10:45:00+00:00,112.35,112.35,111.05,111.75,15311.0
2026-04-20 11:00:00+00:00,111.75,111.85,110.35,110.85,12557.0
2026-04-20 11:15:00+00:00,111.05,111.5,108.75,109.55,17446.0
2026-04-20 11:30:00+00:00,109.475,109.5,108.2,108.2,11834.0
2026-04-20 11:45:00+00:00,108.3,108.8,107.7,108.2,17198.0
2026-04-20 12:00:00+00:00,108.2,108.75,107.3,107.3,14144.0
2026-04-20 12:15:00+00:00,107.3,107.5,105.85,107.4,30991.0
2026-04-20 12:30:00+00:00,107.55,108.15,106.25,107.4,15002.0
2026-04-20 12:45:00+00:00,107.4,109.0,106.5,108.8,18722.0
2026-04-20 13:00:00+00:00,109.0,110.65,108.75,110.0,19611.0
2026-04-20 13:15:00+00:00,109.9,110.0,108.25,108.85,18143.0
2026-04-20 13:30:00+00:00,109.05,109.5,106.65,107.75,22096.0
2026-04-20 13:45:00+00:00,107.75,109.1,107.0,107.55,21373.0
2026-04-20 14:00:00+00:00,107.5,107.7,104.0,104.0,54174.0
2026-04-20 14:15:00+00:00,104.0,105.75,103.55,105.35,38167.0
2026-04-20 14:30:00+00:00,105.25,105.35,102.3,102.95,43237.0
2026-04-20 14:45:00+00:00,102.95,103.5,101.1,101.9,67175.0
2026-04-20 15:00:00+00:00,102.0,102.35,98.66,98.84,44337.0
2026-04-21 07:00:00+00:00,97.78,104.45,96.02,100.75,144463.0
2026-04-21 07:15:00+00:00,100.4,100.75,95.9,99.74,80385.0
2026-04-21 07:30:00+00:00,99.84,100.35,97.54,99.37,33511.0
2026-04-21 07:45:00+00:00,99.4,100.4,97.86,99.32,25806.0
2026-04-21 08:00:00+00:00,99.3,100.0,98.78,99.59,20326.0
2026-04-21 08:15:00+00:00,99.58,99.98,98.6,98.93,16673.0
2026-04-21 08:30:00+00:00,98.98,101.7,98.7,100.4,27498.0
2026-04-21 08:45:00+00:00,100.35,100.55,98.82,98.82,13659.0
2026-04-21 09:00:00+00:00,98.76,99.02,98.0,98.64,8863.0
2026-04-21 09:15:00+00:00,98.64,99.26,98.42,98.68,6042.0
2026-04-21 09:30:00+00:00,98.68,98.68,96.66,98.0,32315.0
2026-04-21 09:45:00+00:00,98.02,101.0,97.54,101.0,16033.0
2026-04-21 10:00:00+00:00,101.05,101.4,99.7,99.96,16519.0
2026-04-21 10:15:00+00:00,99.84,102.5,99.74,101.85,22547.0
2026-04-21 10:30:00+00:00,101.7,102.0,100.6,100.95,11356.0
2026-04-21 10:45:00+00:00,100.9,101.0,100.35,100.675,6081.0
2026-04-21 11:00:00+00:00,100.7,101.45,100.25,101.45,8904.0
2026-04-21 11:15:00+00:00,101.45,102.4,101.15,101.35,13868.0
2026-04-21 11:30:00+00:00,101.4,101.45,100.3,100.3,2624.0
2026-04-21 11:45:00+00:00,100.3,101.8,100.1,101.55,4328.0
2026-04-21 12:00:00+00:00,101.55,101.8,100.65,100.65,3332.0
2026-04-21 12:15:00+00:00,100.65,101.85,100.1,101.6,7689.0
2026-04-21 12:30:00+00:00,101.6,101.8,100.85,101.0,10040.0
2026-04-21 12:45:00+00:00,101.2,101.6,100.4,100.95,8699.0
2026-04-21 13:00:00+00:00,101.0,101.8,100.65,101.8,4281.0
2026-04-21 13:15:00+00:00,101.8,101.9,100.9,101.85,8567.0
2026-04-21 13:30:00+00:00,101.9,105.3,101.1,105.1,55497.0
2026-04-21 13:45:00+00:00,105.4,105.55,103.7,104.5,35780.0
2026-04-21 14:00:00+00:00,104.35,104.8,102.85,103.35,9743.0
2026-04-21 14:15:00+00:00,103.6,104.35,102.7,103.25,8869.0
2026-04-21 14:30:00+00:00,103.15,103.5,102.35,102.9,17502.0
2026-04-21 14:45:00+00:00,102.95,103.2,101.85,102.15,15192.0
2026-04-21 15:00:00+00:00,102.25,102.8,101.1,102.45,22464.0
2026-04-21 15:15:00+00:00,102.45,103.45,100.65,101.35,25635.0
2026-04-22 07:00:00+00:00,97.48,105.65,96.1,105.5,84136.0
2026-04-22 07:15:00+00:00,105.35,107.05,103.9,106.05,30237.0
2026-04-22 07:30:00+00:00,105.7,106.95,102.1,106.95,27583.0
2026-04-22 07:45:00+00:00,106.85,107.2,106.05,107.2,4452.0
2026-04-22 08:00:00+00:00,107.2,108.65,105.85,108.0,27987.0
2026-04-22 08:15:00+00:00,108.0,109.9,106.7,109.7,19723.0
2026-04-22 08:30:00+00:00,109.7,110.35,108.5,109.3,48911.0
2026-04-22 08:45:00+00:00,109.35,112.35,109.1,112.1,40973.0
2026-04-22 09:00:00+00:00,112.1,112.35,110.6,111.65,13026.0
2026-04-22 09:15:00+00:00,111.85,113.5,111.7,113.35,20087.0
2026-04-22 09:30:00+00:00,113.3,113.55,112.1,112.6,16995.0
2026-04-22 09:45:00+00:00,112.5,112.5,110.0,110.25,12324.0
2026-04-22 10:00:00+00:00,110.25,111.0,109.8,110.25,9335.0
2026-04-22 10:15:00+00:00,110.3,112.6,110.3,112.6,9811.0
2026-04-22 10:30:00+00:00,112.55,113.45,111.7,111.7,8316.0
2026-04-22 10:45:00+00:00,111.55,112.3,111.5,112.2,6959.0
2026-04-22 11:00:00+00:00,112.3,113.4,112.1,113.0,14187.0
2026-04-22 11:15:00+00:00,113.0,113.4,112.1,112.2,3868.0
2026-04-22 11:30:00+00:00,112.4,113.8,112.05,113.2,18561.0
2026-04-22 11:45:00+00:00,113.2,117.0,112.8,116.15,76548.0
2026-04-22 12:00:00+00:00,116.275,116.7,115.3,116.6,15785.0
2026-04-22 12:15:00+00:00,116.5,116.6,114.75,115.35,16118.0
2026-04-22 12:30:00+00:00,115.3,116.0,114.95,115.95,17855.0
2026-04-22 12:45:00+00:00,115.875,116.2,114.05,114.35,5940.0
2026-04-22 13:00:00+00:00,114.45,115.25,113.2,113.5,10273.0
2026-04-22 13:15:00+00:00,113.6,114.15,113.15,113.6,7808.0
2026-04-22 13:30:00+00:00,113.55,115.5,112.45,114.9,29517.0
2026-04-22 13:45:00+00:00,115.0,115.2,110.2,111.65,26785.0
2026-04-22 14:00:00+00:00,111.8,113.8,109.2,109.9,33413.0
2026-04-22 14:15:00+00:00,109.85,111.4,108.2,109.35,25426.0
2026-04-22 14:30:00+00:00,109.6,111.3,108.75,109.75,17979.0
2026-04-22 14:45:00+00:00,109.7,110.55,109.25,109.85,11964.0
2026-04-22 15:00:00+00:00,109.9,110.05,108.45,108.7,14169.0
2026-04-22 15:15:00+00:00,108.65,109.75,107.7,109.35,30531.0
2026-04-23 07:00:00+00:00,109.45,110.85,107.0,108.65,81405.0
2026-04-23 07:15:00+00:00,108.7,113.0,108.65,109.55,41408.0
2026-04-23 07:30:00+00:00,109.55,110.2,107.25,108.65,26608.0
2026-04-23 07:45:00+00:00,108.7,110.0,108.25,109.15,9595.0
2026-04-23 08:00:00+00:00,109.15,109.45,105.4,105.9,33865.0
2026-04-23 08:15:00+00:00,105.95,108.55,105.95,107.4,14378.0
2026-04-23 08:30:00+00:00,107.4,108.1,105.9,105.95,8438.0
2026-04-23 08:45:00+00:00,105.8,107.75,105.8,107.5,11852.0
2026-04-23 09:00:00+00:00,107.4,107.4,106.25,106.25,6070.0
2026-04-23 09:15:00+00:00,106.3,106.9,105.7,105.75,7644.0
2026-04-23 09:30:00+00:00,106.05,106.55,105.3,106.5,5749.0
2026-04-23 09:45:00+00:00,106.45,106.85,103.8,103.85,20595.0
2026-04-23 10:00:00+00:00,103.85,105.65,103.65,104.75,14073.0
2026-04-23 10:15:00+00:00,104.85,108.85,104.55,108.4,12975.0
2026-04-23 10:30:00+00:00,108.4,109.45,108.0,108.3,15495.0
2026-04-23 10:45:00+00:00,108.05,108.9,107.45,108.45,4574.0
2026-04-23 11:00:00+00:00,108.65,109.1,107.0,108.6,4350.0
2026-04-23 11:15:00+00:00,108.5,109.0,107.95,108.0,5256.0
2026-04-23 11:30:00+00:00,108.2,108.5,107.65,107.9,2805.0
2026-04-23 11:45:00+00:00,108.05,108.15,106.4,106.65,3894.0
2026-04-23 12:00:00+00:00,106.5,107.65,106.5,107.5,2691.0
2026-04-23 12:15:00+00:00,107.7,108.1,106.55,106.85,10562.0
2026-04-23 12:30:00+00:00,106.65,106.65,105.15,105.8,6738.0
2026-04-23 12:45:00+00:00,105.8,106.0,104.55,105.35,10529.0
2026-04-23 13:00:00+00:00,105.25,105.8,105.1,105.3,4351.0
2026-04-23 13:15:00+00:00,105.4,106.65,104.85,105.45,7261.0
2026-04-23 13:30:00+00:00,105.4,106.9,105.15,106.9,8936.0
2026-04-23 13:45:00+00:00,106.95,107.7,106.0,106.65,15675.0
2026-04-23 14:00:00+00:00,106.85,106.85,104.6,104.7,11244.0
2026-04-23 14:15:00+00:00,104.75,106.15,104.75,106.1,18131.0
2026-04-23 14:30:00+00:00,106.2,106.65,105.4,106.3,17877.0
2026-04-23 14:45:00+00:00,106.25,107.95,106.05,106.75,10524.0
2026-04-23 15:00:00+00:00,106.8,107.4,106.2,107.0,9564.0
2026-04-23 15:15:00+00:00,106.95,107.65,106.825,106.95,8860.0
2026-04-24 07:00:00+00:00,106.8,107.75,105.2,107.6,45310.0
2026-04-24 07:15:00+00:00,107.55,107.7,103.55,103.75,16608.0
2026-04-24 07:30:00+00:00,103.7,104.65,102.5,104.3,26832.0
2026-04-24 07:45:00+00:00,104.2,104.55,101.65,102.15,22773.0
2026-04-24 08:00:00+00:00,102.0,103.65,101.55,103.45,10332.0
2026-04-24 08:15:00+00:00,103.7,104.2,103.05,104.15,8977.0
2026-04-24 08:30:00+00:00,104.0,104.0,102.85,103.0,6557.0
2026-04-24 08:45:00+00:00,103.0,104.0,102.9,103.65,3766.0
2026-04-24 09:00:00+00:00,103.95,104.05,102.6,103.95,4324.0
2026-04-24 09:15:00+00:00,104.05,104.1,102.2,102.6,2849.0
2026-04-24 09:30:00+00:00,102.55,103.1,102.3,102.5,4185.0
2026-04-24 09:45:00+00:00,102.65,103.45,102.65,103.25,2733.0
2026-04-24 10:00:00+00:00,103.3,105.6,103.25,104.95,9207.0
2026-04-24 10:15:00+00:00,105.15,105.3,104.45,104.8,1660.0
2026-04-24 10:30:00+00:00,104.8,105.0,104.0,104.0,5227.0
2026-04-24 10:45:00+00:00,103.95,104.4,103.7,104.15,3260.0
2026-04-24 11:00:00+00:00,104.125,107.8,103.95,107.1,14785.0
2026-04-24 11:15:00+00:00,107.3,108.0,106.8,107.6,15493.0
2026-04-24 11:30:00+00:00,107.85,107.9,107.05,107.35,6050.0
2026-04-24 11:45:00+00:00,107.35,107.4,106.8,107.1,4575.0
2026-04-24 12:00:00+00:00,107.15,107.6,106.85,107.2,3442.0
2026-04-24 12:15:00+00:00,107.2,107.2,106.15,106.95,4781.0
2026-04-24 12:30:00+00:00,106.9,106.95,106.25,106.6,2461.0
2026-04-24 12:45:00+00:00,106.6,109.5,106.0,108.95,14774.0
2026-04-24 13:00:00+00:00,108.85,110.0,108.05,109.1,10951.0
2026-04-24 13:15:00+00:00,109.1,109.25,107.7,108.0,7477.0
2026-04-24 13:30:00+00:00,108.05,108.7,106.95,107.05,9765.0
2026-04-24 13:45:00+00:00,107.35,107.4,105.15,105.5,6954.0
2026-04-24 14:00:00+00:00,105.5,107.5,105.4,107.15,6008.0
2026-04-24 14:15:00+00:00,107.0,107.55,106.65,107.35,5182.0
2026-04-24 14:30:00+00:00,107.4,111.55,107.3,111.3,24892.0
2026-04-24 14:45:00+00:00,111.2,116.15,110.85,115.4,63288.0
2026-04-24 15:00:00+00:00,115.55,116.9,114.1,115.35,38876.0
2026-04-24 15:15:00+00:00,115.5,115.6,113.1,114.0,30187.0
2026-04-27 07:00:00+00:00,113.0,113.2,107.8,107.8,47493.0
2026-04-27 07:15:00+00:00,108.05,108.9,106.8,107.7,19869.0
2026-04-27 07:30:00+00:00,107.6,108.75,107.2,108.0,7726.0
2026-04-27 07:45:00+00:00,108.0,109.55,108.0,108.85,10945.0
2026-04-27 08:00:00+00:00,108.85,109.85,108.55,108.75,3150.0
2026-04-27 08:15:00+00:00,108.8,108.9,107.6,107.8,6680.0
2026-04-27 08:30:00+00:00,107.95,108.15,107.65,107.85,3206.0
2026-04-27 08:45:00+00:00,107.8,110.55,107.7,110.45,7773.0
2026-04-27 09:00:00+00:00,110.55,111.0,109.55,110.5,7702.0
2026-04-27 09:15:00+00:00,110.5,110.7,110.0,110.2,3305.0
2026-04-27 09:30:00+00:00,110.15,110.55,109.35,110.1,5252.0
2026-04-27 09:45:00+00:00,110.25,111.65,109.8,110.75,5687.0
2026-04-27 10:00:00+00:00,110.75,110.75,109.2,110.4,5914.0
2026-04-27 10:15:00+00:00,110.45,110.6,110.0,110.5,2420.0
2026-04-27 10:30:00+00:00,110.4,110.55,110.15,110.55,4028.0
2026-04-27 10:45:00+00:00,110.5,111.2,110.3,110.65,3279.0
2026-04-27 11:00:00+00:00,110.7,111.8,110.7,111.3,2900.0
2026-04-27 11:15:00+00:00,111.3,111.55,110.9,111.2,4230.0
2026-04-27 11:30:00+00:00,111.15,111.25,110.85,110.95,1325.0
2026-04-27 11:45:00+00:00,110.75,111.5,110.75,111.25,3782.0
2026-04-27 12:00:00+00:00,111.35,111.45,111.1,111.3,2472.0
2026-04-27 12:15:00+00:00,111.35,111.4,110.8,111.2,3415.0
2026-04-27 12:30:00+00:00,110.95,111.6,110.7,111.5,4748.0
2026-04-27 12:45:00+00:00,111.4,111.6,110.4,110.5,6240.0
2026-04-27 13:00:00+00:00,110.6,111.3,108.7,108.85,29347.0
2026-04-27 13:15:00+00:00,108.8,110.0,107.2,109.45,19326.0
2026-04-27 13:30:00+00:00,109.7,110.0,106.75,106.75,19864.0
2026-04-27 13:45:00+00:00,106.7,106.9,104.65,106.65,44868.0
2026-04-27 14:00:00+00:00,106.7,107.45,105.9,107.0,13148.0
2026-04-27 14:15:00+00:00,107.05,109.0,106.3,108.2,11421.0
2026-04-27 14:30:00+00:00,108.05,108.75,107.25,108.5,10323.0
2026-04-27 14:45:00+00:00,108.6,110.0,108.35,109.0,15191.0
2026-04-27 15:00:00+00:00,109.0,109.95,108.3,109.35,9968.0
2026-04-27 15:15:00+00:00,109.35,109.8,108.0,108.55,12957.0
2026-04-28 07:00:00+00:00,105.0,108.5,103.5,107.1,40159.0
2026-04-28 07:15:00+00:00,107.3,107.55,105.9,107.55,8128.0
2026-04-28 07:30:00+00:00,107.6,107.8,104.3,104.55,12788.0
2026-04-28 07:45:00+00:00,104.75,105.45,104.4,105.0,6836.0
2026-04-28 08:00:00+00:00,104.8,104.9,100.75,101.45,31812.0
2026-04-28 08:15:00+00:00,101.3,103.5,100.6,103.3,20579.0
2026-04-28 08:30:00+00:00,103.4,103.85,103.05,103.65,10004.0
2026-04-28 08:45:00+00:00,103.7,104.3,102.7,103.7,7246.0
2026-04-28 09:00:00+00:00,103.75,104.15,103.05,103.45,5371.0
2026-04-28 09:15:00+00:00,103.4,103.45,102.5,103.0,7978.0
2026-04-28 09:30:00+00:00,102.8,102.8,101.9,102.1,7309.0
2026-04-28 09:45:00+00:00,102.1,102.35,101.5,102.05,8608.0
2026-04-28 10:00:00+00:00,102.2,102.25,101.05,101.05,4925.0
2026-04-28 10:15:00+00:00,101.2,102.65,101.2,101.8,6531.0
2026-04-28 10:30:00+00:00,101.85,102.15,101.3,101.35,3703.0
2026-04-28 10:45:00+00:00,101.3,101.9,100.8,101.75,9513.0
2026-04-28 11:00:00+00:00,101.75,101.75,100.5,100.55,7700.0
2026-04-28 11:15:00+00:00,100.55,100.65,98.52,98.64,32796.0
2026-04-28 11:30:00+00:00,98.56,98.56,96.86,98.08,34572.0
2026-04-28 11:45:00+00:00,98.04,98.2,96.92,97.26,18232.0
2026-04-28 12:00:00+00:00,97.34,97.86,96.42,96.82,13216.0
2026-04-28 12:15:00+00:00,96.82,97.52,96.4,96.48,12204.0
2026-04-28 12:30:00+00:00,96.38,97.66,96.02,97.08,11194.0
2026-04-28 12:45:00+00:00,96.9,97.94,96.86,97.94,7207.0
2026-04-28 13:00:00+00:00,97.86,98.34,97.34,98.1,13508.0
2026-04-28 13:15:00+00:00,98.0,98.6,97.94,98.28,5072.0
2026-04-28 13:30:00+00:00,98.12,101.35,96.5,100.85,20117.0
2026-04-28 13:45:00+00:00,100.65,100.85,98.0,99.44,10240.0
2026-04-28 14:00:00+00:00,99.32,99.5,98.66,99.12,8052.0
2026-04-28 14:15:00+00:00,99.12,100.55,99.02,100.0,17660.0
2026-04-28 14:30:00+00:00,100.0,100.15,98.66,99.08,10286.0
2026-04-28 14:45:00+00:00,99.26,99.66,98.34,99.6,11400.0
2026-04-28 15:00:00+00:00,99.7,100.35,97.1,98.68,21041.0
2026-04-28 15:15:00+00:00,99.0,99.84,98.48,99.28,77366.0
2026-04-29 07:00:00+00:00,101.35,106.2,100.85,104.8,75640.0
2026-04-29 07:15:00+00:00,104.8,105.6,103.6,104.0,21846.0
2026-04-29 07:30:00+00:00,104.2,106.1,104.0,105.6,14393.0
2026-04-29 07:45:00+00:00,105.55,106.1,103.8,103.9,7694.0
2026-04-29 08:00:00+00:00,103.85,104.15,102.2,102.75,15637.0
2026-04-29 08:15:00+00:00,102.9,103.8,102.3,103.8,7849.0
2026-04-29 08:30:00+00:00,103.7,104.0,102.45,102.65,9422.0
2026-04-29 08:45:00+00:00,102.65,103.75,102.45,103.3,4877.0
2026-04-29 09:00:00+00:00,103.45,103.75,103.15,103.2,3720.0
2026-04-29 09:15:00+00:00,103.15,105.05,103.05,105.05,6908.0
2026-04-29 09:30:00+00:00,105.0,106.3,104.85,106.2,9801.0
2026-04-29 09:45:00+00:00,106.05,106.55,105.55,105.85,7189.0
2026-04-29 10:00:00+00:00,105.8,107.35,105.45,106.85,13481.0
2026-04-29 10:15:00+00:00,106.85,107.4,106.35,106.5,8756.0
2026-04-29 10:30:00+00:00,106.4,107.0,106.0,106.25,5640.0
2026-04-29 10:45:00+00:00,106.35,106.6,106.05,106.45,4572.0
2026-04-29 11:00:00+00:00,106.45,106.55,105.5,105.7,3071.0
2026-04-29 11:15:00+00:00,105.65,106.2,105.5,105.9,3436.0
2026-04-29 11:30:00+00:00,105.9,106.4,105.8,106.1,2716.0
2026-04-29 11:45:00+00:00,106.15,107.75,105.8,107.55,10159.0
2026-04-29 12:00:00+00:00,107.5,110.0,107.2,109.8,16212.0
2026-04-29 12:15:00+00:00,109.65,111.35,109.65,110.55,26545.0
2026-04-29 12:30:00+00:00,110.65,111.45,110.5,111.3,11883.0
2026-04-29 12:45:00+00:00,110.0,111.25,108.75,108.75,8515.0
2026-04-29 13:00:00+00:00,108.85,109.5,108.35,108.85,16334.0
2026-04-29 13:15:00+00:00,108.85,110.6,108.2,110.6,18233.0
2026-04-29 13:30:00+00:00,110.55,110.9,108.75,110.55,15900.0
2026-04-29 13:45:00+00:00,110.55,110.55,107.4,108.7,19632.0
2026-04-29 14:00:00+00:00,108.75,108.8,108.05,108.6,6266.0
2026-04-29 14:15:00+00:00,108.55,111.1,108.45,110.25,23986.0
2026-04-29 14:30:00+00:00,110.3,111.45,109.85,111.45,9375.0
2026-04-29 14:45:00+00:00,111.0,111.45,111.0,111.4,4928.0
2026-04-29 15:00:00+00:00,112.05,112.3,110.25,111.0,30238.0
2026-04-29 15:15:00+00:00,111.4,113.95,111.1,113.5,28546.0
2026-04-30 07:00:00+00:00,118.15,125.4,118.05,125.35,255619.0
2026-04-30 07:15:00+00:00,125.25,125.5,122.0,123.5,47138.0
2026-04-30 07:30:00+00:00,123.5,124.05,121.2,122.7,22928.0
2026-04-30 07:45:00+00:00,122.8,123.5,121.4,122.2,39208.0
2026-04-30 08:00:00+00:00,122.2,127.2,122.15,127.2,42468.0
2026-04-30 08:15:00+00:00,127.4,129.3,126.7,129.2,27864.0
2026-04-30 08:30:00+00:00,129.35,129.95,128.1,128.85,48682.0
2026-04-30 08:45:00+00:00,128.85,129.95,128.35,129.65,22603.0
2026-04-30 09:00:00+00:00,129.65,129.95,127.25,127.65,38643.0
2026-04-30 09:15:00+00:00,127.6,127.6,126.75,127.05,12545.0
2026-04-30 09:30:00+00:00,127.2,127.65,126.25,126.7,6100.0
2026-04-30 09:45:00+00:00,126.55,127.3,125.85,126.6,15221.0
2026-04-30 10:00:00+00:00,126.65,128.45,125.35,128.25,16840.0
2026-04-30 10:15:00+00:00,128.2,129.0,127.4,128.7,7890.0
2026-04-30 10:30:00+00:00,128.7,129.0,127.75,128.1,5216.0
2026-04-30 10:45:00+00:00,128.05,129.45,127.9,128.1,5200.0
2026-04-30 11:00:00+00:00,128.35,129.75,128.15,129.4,9758.0
2026-04-30 11:15:00+00:00,129.4,129.95,129.4,129.95,10202.0
2026-04-30 11:30:00+00:00,129.75,129.95,129.75,129.95,6059.0
2026-04-30 12:00:00+00:00,130.0,130.95,126.6,128.5,39668.0
2026-04-30 12:15:00+00:00,128.9,129.25,128.35,128.75,7171.0
2026-04-30 12:30:00+00:00,128.85,129.8,128.35,129.75,5341.0
2026-04-30 12:45:00+00:00,129.75,129.75,128.0,129.1,6227.0
2026-04-30 13:00:00+00:00,129.05,131.8,129.05,131.1,18813.0
2026-04-30 13:15:00+00:00,131.05,131.35,129.7,129.7,12004.0
2026-04-30 13:30:00+00:00,129.6,129.6,125.5,128.0,43555.0
2026-04-30 13:45:00+00:00,127.8,128.2,126.15,126.8,9936.0
2026-04-30 14:00:00+00:00,126.8,128.05,126.15,127.45,9392.0
2026-04-30 14:15:00+00:00,127.5,128.6,127.0,127.7,12317.0
2026-04-30 14:30:00+00:00,127.55,128.6,127.25,128.5,9537.0
2026-04-30 14:45:00+00:00,128.35,128.9,128.05,128.15,10090.0
2026-04-30 15:00:00+00:00,128.2,128.35,127.15,128.05,11221.0
2026-04-30 15:15:00+00:00,128.05,128.15,125.75,126.7,22711.0
2026-05-04 07:00:00+00:00,139.6,143.25,138.0,139.5,121180.0
2026-05-04 07:15:00+00:00,139.75,141.5,138.1,139.15,36939.0
2026-05-04 07:30:00+00:00,139.15,140.4,138.35,140.35,24546.0
2026-05-04 07:45:00+00:00,140.5,141.8,138.9,139.3,17813.0
2026-05-04 08:00:00+00:00,139.3,140.45,138.4,139.85,21073.0
2026-05-04 08:15:00+00:00,139.9,144.7,139.75,144.6,34701.0
2026-05-04 08:30:00+00:00,144.6,145.75,143.6,144.7,22993.0
2026-05-04 08:45:00+00:00,144.6,147.25,142.55,143.45,28215.0
2026-05-04 09:00:00+00:00,143.15,145.85,143.15,145.85,12620.0
2026-05-04 09:15:00+00:00,145.875,146.9,145.45,146.6,10480.0
2026-05-04 09:30:00+00:00,146.65,148.0,146.0,146.1,26429.0
2026-05-04 09:45:00+00:00,146.3,146.9,145.45,145.7,11340.0
2026-05-04 10:00:00+00:00,145.7,146.3,141.6,143.35,17251.0
2026-05-04 10:15:00+00:00,143.6,144.1,142.8,143.9,8566.0
2026-05-04 10:30:00+00:00,143.9,145.0,142.9,144.7,8772.0
2026-05-04 10:45:00+00:00,144.55,146.525,144.35,146.3,8086.0
2026-05-04 11:00:00+00:00,146.3,146.3,144.85,145.8,4482.0
2026-05-04 11:15:00+00:00,145.7,146.5,144.85,144.95,9002.0
2026-05-04 11:30:00+00:00,145.0,145.1,142.5,142.6,4892.0
2026-05-04 11:45:00+00:00,142.5,144.1,142.45,142.85,6736.0
2026-05-04 12:00:00+00:00,142.9,143.75,142.6,142.85,4744.0
2026-05-04 12:15:00+00:00,142.9,143.35,142.5,143.3,5056.0
2026-05-04 12:30:00+00:00,143.25,143.95,141.9,142.45,10989.0
2026-05-04 12:45:00+00:00,142.5,146.1,142.3,145.45,8457.0
2026-05-04 13:00:00+00:00,145.35,145.35,144.0,144.8,7731.0
2026-05-04 13:15:00+00:00,144.95,145.35,143.4,144.2,13130.0
2026-05-04 13:30:00+00:00,144.3,145.8,143.0,145.0,17533.0
2026-05-04 13:45:00+00:00,145.0,147.3,144.95,147.0,48779.0
2026-05-04 14:00:00+00:00,146.85,148.65,146.7,147.55,31197.0
2026-05-04 14:15:00+00:00,147.55,149.325,146.85,149.25,20314.0
2026-05-04 14:30:00+00:00,149.35,153.55,149.25,153.55,44667.0
2026-05-04 15:15:00+00:00,153.55,153.55,153.15,153.55,53742.0
2026-05-05 07:00:00+00:00,150.0,150.0,138.3,142.45,156848.0
2026-05-05 07:15:00+00:00,142.45,143.85,135.45,137.3,79639.0
2026-05-05 07:30:00+00:00,137.45,146.65,136.35,145.75,42065.0
2026-05-05 07:45:00+00:00,145.75,147.5,144.3,145.7,19642.0
2026-05-05 08:00:00+00:00,145.6,148.0,144.25,146.95,17057.0
2026-05-05 08:15:00+00:00,146.8,149.5,146.8,148.35,43452.0
2026-05-05 08:30:00+00:00,148.5,149.85,148.1,148.45,39789.0
2026-05-05 08:45:00+00:00,148.45,149.35,146.7,147.2,28737.0
2026-05-05 09:00:00+00:00,147.05,149.0,146.2,148.35,22983.0
2026-05-05 09:15:00+00:00,148.05,149.25,147.45,147.7,8878.0
2026-05-05 09:30:00+00:00,147.6,148.45,147.5,147.6,6511.0
2026-05-05 09:45:00+00:00,147.6,147.85,146.25,147.0,9159.0
2026-05-05 10:00:00+00:00,146.85,147.3,145.15,145.15,12626.0
2026-05-05 10:15:00+00:00,145.15,145.9,144.35,145.25,13831.0
2026-05-05 10:30:00+00:00,145.1,146.15,144.25,146.1,20952.0
2026-05-05 10:45:00+00:00,146.15,148.9,145.6,148.75,21886.0
2026-05-05 11:00:00+00:00,148.7,154.1,148.15,152.8,46987.0
2026-05-05 11:15:00+00:00,152.75,153.1,151.3,151.9,9121.0
2026-05-05 11:30:00+00:00,152.0,152.8,150.7,150.95,9495.0
2026-05-05 11:45:00+00:00,150.95,152.6,150.45,151.45,7611.0
2026-05-05 12:00:00+00:00,151.25,151.65,149.0,151.1,16607.0
2026-05-05 12:15:00+00:00,151.2,151.3,150.35,150.55,12795.0
2026-05-05 12:30:00+00:00,150.7,152.0,149.75,150.8,16042.0
2026-05-05 12:45:00+00:00,150.9,151.95,150.3,150.6,6802.0
2026-05-05 13:00:00+00:00,150.6,151.0,149.9,150.7,6077.0
2026-05-05 13:15:00+00:00,150.65,150.9,149.3,149.8,7151.0
2026-05-05 13:30:00+00:00,150.1,152.65,150.1,151.05,22378.0
2026-05-05 13:45:00+00:00,151.15,155.0,151.0,153.5,28785.0
2026-05-05 14:00:00+00:00,153.5,154.75,152.65,154.5,14862.0
2026-05-05 14:15:00+00:00,154.45,157.6,153.95,155.05,44925.0
2026-05-05 14:30:00+00:00,154.9,155.6,152.55,152.8,15841.0
2026-05-05 14:45:00+00:00,152.85,152.95,150.2,151.5,16170.0
2026-05-05 15:00:00+00:00,151.4,158.6,151.4,158.5,33148.0
2026-05-05 15:15:00+00:00,158.65,159.25,156.1,156.7,30830.0
2026-05-06 07:00:00+00:00,161.0,161.9,152.3,153.5,66006.0
2026-05-06 07:15:00+00:00,153.1,153.95,150.85,152.25,63023.0
2026-05-06 07:30:00+00:00,152.75,153.5,151.1,152.3,27771.0
2026-05-06 07:45:00+00:00,152.55,153.95,151.55,152.0,18683.0
2026-05-06 08:00:00+00:00,151.8,153.0,149.2,150.65,32346.0
2026-05-06 08:15:00+00:00,150.55,152.1,149.3,152.1,17421.0
2026-05-06 08:30:00+00:00,152.05,156.0,151.6,155.1,25032.0
2026-05-06 08:45:00+00:00,155.05,157.75,154.4,155.9,8101.0
2026-05-06 09:00:00+00:00,156.1,156.1,154.0,154.1,5266.0
2026-05-06 09:15:00+00:00,154.1,154.7,152.2,152.55,9133.0
2026-05-06 09:30:00+00:00,152.55,154.65,151.3,152.85,7673.0
2026-05-06 09:45:00+00:00,153.15,153.6,152.65,152.7,3203.0
2026-05-06 10:00:00+00:00,152.8,153.15,151.2,151.8,6769.0
2026-05-06 10:15:00+00:00,151.85,152.65,151.7,151.95,3683.0
2026-05-06 10:30:00+00:00,152.0,153.45,151.75,153.15,4604.0
2026-05-06 10:45:00+00:00,153.15,155.8,152.9,154.35,24227.0
2026-05-06 11:00:00+00:00,154.3,155.7,153.55,155.15,7713.0
2026-05-06 11:15:00+00:00,155.25,157.05,154.95,155.2,10104.0
2026-05-06 11:30:00+00:00,155.05,156.0,153.6,153.95,10707.0
2026-05-06 11:45:00+00:00,154.05,155.9,153.5,154.85,5927.0
2026-05-06 12:00:00+00:00,154.95,155.3,153.0,153.35,5821.0
2026-05-06 12:15:00+00:00,153.45,154.2,152.65,153.0,4396.0
2026-05-06 12:30:00+00:00,153.1,154.1,152.2,152.65,6113.0
2026-05-06 12:45:00+00:00,152.7,153.2,152.3,152.6,4693.0
2026-05-06 13:00:00+00:00,152.65,152.65,150.95,151.95,11143.0
2026-05-06 13:15:00+00:00,152.1,153.15,151.85,152.65,10526.0
2026-05-06 13:30:00+00:00,152.6,154.1,151.9,153.3,28089.0
2026-05-06 13:45:00+00:00,153.05,153.1,141.85,143.0,80735.0
2026-05-06 14:00:00+00:00,143.2,143.3,139.75,142.65,70431.0
2026-05-06 14:15:00+00:00,142.35,143.7,138.6,142.95,40867.0
2026-05-06 14:30:00+00:00,143.0,143.75,140.6,142.55,28790.0
2026-05-06 14:45:00+00:00,142.5,143.8,141.05,143.3,42178.0
2026-05-06 15:00:00+00:00,143.25,148.85,142.075,147.75,80260.0
2026-05-06 15:15:00+00:00,147.65,150.35,145.2,149.15,53963.0
2026-05-07 07:00:00+00:00,151.5,153.45,148.2,149.2,55658.0
2026-05-07 07:15:00+00:00,149.25,150.25,144.8,146.95,36147.0
2026-05-07 07:30:00+00:00,147.15,153.15,147.1,151.95,26208.0
2026-05-07 07:45:00+00:00,151.7,152.5,148.45,148.65,15537.0
2026-05-07 08:00:00+00:00,148.65,152.1,148.65,150.95,7096.0
2026-05-07 08:15:00+00:00,151.05,152.6,150.2,152.5,9102.0
2026-05-07 08:30:00+00:00,152.45,152.55,151.45,151.7,6517.0
2026-05-07 08:45:00+00:00,151.65,152.55,151.0,151.95,7594.0
2026-05-07 09:00:00+00:00,152.0,152.95,150.9,152.45,8874.0
2026-05-07 09:15:00+00:00,152.45,155.95,152.25,155.75,22360.0
2026-05-07 09:30:00+00:00,155.7,158.45,155.45,158.2,35397.0
2026-05-07 09:45:00+00:00,158.1,158.2,156.75,157.1,12287.0
2026-05-07 10:00:00+00:00,156.95,158.0,156.3,156.5,10171.0
2026-05-07 10:15:00+00:00,156.5,157.45,154.65,154.7,11694.0
2026-05-07 10:30:00+00:00,154.85,155.5,154.7,155.15,3677.0
2026-05-07 10:45:00+00:00,155.25,155.6,154.6,155.6,4382.0
2026-05-07 11:00:00+00:00,155.6,155.75,154.9,155.15,4049.0
2026-05-07 11:15:00+00:00,155.05,155.45,154.05,154.05,4541.0
2026-05-07 11:30:00+00:00,154.15,155.0,154.1,154.9,4027.0
2026-05-07 11:45:00+00:00,154.9,155.45,153.2,153.75,8404.0
2026-05-07 12:00:00+00:00,153.8,154.55,152.55,153.55,5730.0
2026-05-07 12:15:00+00:00,153.5,153.7,152.6,153.7,4861.0
2026-05-07 12:30:00+00:00,153.5,153.5,152.05,152.6,5910.0
2026-05-07 12:45:00+00:00,152.4,152.45,151.55,152.3,5792.0
2026-05-07 13:00:00+00:00,152.25,155.8,151.75,154.3,8412.0
2026-05-07 13:15:00+00:00,154.25,154.25,151.35,151.5,12499.0
2026-05-07 13:30:00+00:00,151.5,151.55,148.2,148.4,21253.0
2026-05-07 13:45:00+00:00,148.2,151.95,148.1,151.3,16802.0
2026-05-07 14:00:00+00:00,151.35,153.05,150.55,152.9,11840.0
2026-05-07 14:15:00+00:00,152.95,155.6,151.95,155.3,24338.0
2026-05-07 14:30:00+00:00,155.3,155.3,153.75,154.5,13773.0
2026-05-07 14:45:00+00:00,154.65,155.05,153.45,155.0,7416.0
2026-05-07 15:00:00+00:00,154.85,154.85,152.85,153.15,13541.0
2026-05-07 15:15:00+00:00,153.25,153.65,152.05,153.25,11358.0
2026-05-08 07:00:00+00:00,156.0,159.35,152.05,158.6,83900.0
2026-05-08 07:15:00+00:00,158.55,158.9,155.45,157.8,22040.0
2026-05-08 07:30:00+00:00,158.0,158.0,155.45,156.6,12776.0
2026-05-08 07:45:00+00:00,156.75,161.5,156.75,159.7,51659.0
2026-05-08 08:00:00+00:00,159.85,161.85,159.25,160.15,14046.0
2026-05-08 08:15:00+00:00,160.0,164.15,159.75,163.7,36311.0
2026-05-08 08:30:00+00:00,163.85,165.0,162.4,164.8,23502.0
2026-05-08 08:45:00+00:00,164.65,167.2,163.8,164.85,52998.0
2026-05-08 09:00:00+00:00,164.65,165.8,163.65,163.95,18644.0
2026-05-08 09:15:00+00:00,163.7,165.9,162.8,165.8,22929.0
2026-05-08 09:30:00+00:00,165.8,167.5,165.0,166.175,40906.0
2026-05-08 09:45:00+00:00,166.35,167.4,163.85,167.3,18753.0
2026-05-08 10:00:00+00:00,167.4,167.45,166.6,167.25,8948.0
2026-05-08 10:15:00+00:00,167.25,171.05,167.1,169.0,36179.0
2026-05-08 10:30:00+00:00,169.0,169.75,167.65,168.25,17421.0
2026-05-08 10:45:00+00:00,168.4,169.8,167.6,167.9,8850.0
2026-05-08 11:00:00+00:00,167.9,169.0,167.4,167.6,7792.0
2026-05-08 11:15:00+00:00,167.75,168.15,166.35,166.85,7861.0
2026-05-08 11:30:00+00:00,166.95,168.3,166.1,167.6,4614.0
2026-05-08 11:45:00+00:00,167.75,168.65,167.1,168.45,7778.0
2026-05-08 12:00:00+00:00,168.3,168.4,166.3,166.6,5485.0
2026-05-08 12:15:00+00:00,166.6,166.65,164.4,164.65,10227.0
2026-05-08 12:30:00+00:00,164.45,164.95,163.75,164.25,8627.0
2026-05-08 12:45:00+00:00,164.4,165.7,163.4,164.8,7401.0
2026-05-08 13:00:00+00:00,164.95,166.5,164.75,165.5,5042.0
2026-05-08 13:15:00+00:00,165.4,166.8,165.2,166.5,6146.0
2026-05-08 13:30:00+00:00,166.675,168.25,166.6,166.8,9806.0
2026-05-08 13:45:00+00:00,167.15,169.7,167.0,169.05,18382.0
2026-05-08 14:00:00+00:00,169.2,171.45,169.1,171.3,30661.0
2026-05-08 14:15:00+00:00,171.4,172.4,170.3,171.0,19496.0
2026-05-08 14:30:00+00:00,171.1,171.15,169.85,170.4,15584.0
2026-05-08 14:45:00+00:00,170.5,170.6,169.15,170.6,13853.0
2026-05-08 15:00:00+00:00,170.7,173.05,170.7,171.4,19976.0
2026-05-08 15:15:00+00:00,171.6,173.8,170.7,173.575,29822.0
2026-05-11 07:00:00+00:00,171.1,180.0,168.05,173.35,83561.0
2026-05-11 07:15:00+00:00,173.75,176.85,170.5,174.0,37083.0
2026-05-11 07:30:00+00:00,174.1,175.75,173.95,175.05,14477.0
2026-05-11 07:45:00+00:00,175.05,175.8,172.55,174.9,29467.0
2026-05-11 08:00:00+00:00,174.85,178.0,174.8,176.55,31621.0
2026-05-11 08:15:00+00:00,176.7,178.75,175.45,175.75,26043.0
2026-05-11 08:30:00+00:00,175.7,175.9,174.15,174.65,14232.0
2026-05-11 08:45:00+00:00,174.65,174.75,172.7,172.75,11487.0
2026-05-11 09:00:00+00:00,172.75,174.25,172.55,173.7,9314.0
2026-05-11 09:15:00+00:00,173.65,174.9,173.2,174.6,7442.0
2026-05-11 09:30:00+00:00,174.7,177.2,174.7,175.95,13309.0
2026-05-11 09:45:00+00:00,176.05,176.05,172.6,173.175,7269.0
2026-05-11 10:00:00+00:00,173.175,173.65,171.85,172.2,12574.0
2026-05-11 10:15:00+00:00,171.9,172.0,169.45,169.8,13932.0
2026-05-11 10:30:00+00:00,169.65,169.75,168.1,168.6,15079.0
2026-05-11 10:45:00+00:00,168.55,168.55,167.4,167.45,8542.0
2026-05-11 11:00:00+00:00,167.55,167.65,166.0,167.3,12715.0
2026-05-11 11:15:00+00:00,167.0,168.75,166.3,167.25,14889.0
2026-05-11 11:30:00+00:00,167.45,167.45,163.8,166.55,17266.0
2026-05-11 11:45:00+00:00,166.55,167.35,166.1,166.9,5327.0
2026-05-11 12:00:00+00:00,166.9,166.9,164.4,164.4,9261.0
2026-05-11 12:15:00+00:00,164.4,164.4,161.55,161.95,18579.0
2026-05-11 12:30:00+00:00,161.85,163.8,161.2,163.8,12818.0
2026-05-11 12:45:00+00:00,163.85,164.3,163.0,163.05,13184.0
2026-05-11 13:00:00+00:00,163.1,164.1,160.85,160.9,9280.0
2026-05-11 13:15:00+00:00,161.05,161.95,159.15,161.65,23525.0
2026-05-11 13:30:00+00:00,161.75,163.95,161.7,162.4,20137.0
2026-05-11 13:45:00+00:00,162.4,164.9,161.35,163.0,16662.0
2026-05-11 14:00:00+00:00,163.0,164.6,162.6,164.15,15388.0
2026-05-11 14:15:00+00:00,164.0,164.0,159.5,160.0,25425.0
2026-05-11 14:30:00+00:00,159.8,161.7,159.2,161.45,24612.0
2026-05-11 14:45:00+00:00,161.25,162.35,160.8,162.35,13375.0
2026-05-11 15:00:00+00:00,162.2,164.5,161.75,163.45,17760.0
2026-05-11 15:15:00+00:00,163.45,163.55,160.95,162.45,19100.0
2026-05-12 07:00:00+00:00,159.75,161.5,151.2,153.4,75285.0
2026-05-12 07:15:00+00:00,153.1,156.95,151.8,152.75,28084.0
2026-05-12 07:30:00+00:00,152.8,157.35,152.2,155.45,19167.0
2026-05-12 07:45:00+00:00,155.6,156.25,154.05,154.8,7639.0
2026-05-12 08:00:00+00:00,154.8,155.9,154.3,155.25,5282.0
2026-05-12 08:15:00+00:00,155.025,156.8,154.05,154.55,8107.0
2026-05-12 08:30:00+00:00,154.45,156.9,154.275,155.5,4495.0
2026-05-12 08:45:00+00:00,155.5,156.25,154.3,156.25,4392.0
2026-05-12 09:00:00+00:00,156.3,156.55,155.15,155.75,3460.0
2026-05-12 09:15:00+00:00,155.75,156.75,155.2,156.15,5264.0
2026-05-12 09:30:00+00:00,156.15,157.0,153.65,156.6,19403.0
2026-05-12 09:45:00+00:00,156.85,158.7,155.75,155.75,7150.0
2026-05-12 10:00:00+00:00,155.7,156.0,154.35,155.9,5043.0
2026-05-12 10:15:00+00:00,156.0,156.0,154.0,154.05,6283.0
2026-05-12 10:30:00+00:00,154.05,155.1,154.0,154.3,2919.0
2026-05-12 10:45:00+00:00,154.25,154.9,153.8,154.7,4391.0
2026-05-12 11:00:00+00:00,154.65,154.75,153.5,153.65,6678.0
2026-05-12 11:15:00+00:00,153.85,154.95,153.85,154.4,1949.0
2026-05-12 11:30:00+00:00,154.5,155.65,153.6,154.3,13831.0
2026-05-12 11:45:00+00:00,154.25,154.65,153.55,154.4,3854.0
2026-05-12 12:00:00+00:00,154.5,154.5,152.05,152.85,8080.0
2026-05-12 12:15:00+00:00,152.7,153.8,152.6,153.15,3841.0
2026-05-12 12:30:00+00:00,153.15,154.8,152.8,154.35,4390.0
2026-05-12 12:45:00+00:00,154.4,155.0,153.6,154.45,3688.0
2026-05-12 13:00:00+00:00,154.45,154.6,152.55,152.55,5561.0
2026-05-12 13:15:00+00:00,152.4,152.45,147.15,148.85,42933.0
2026-05-12 13:30:00+00:00,148.8,152.15,148.7,151.2,17145.0
2026-05-12 13:45:00+00:00,151.15,151.9,148.25,148.6,16341.0
2026-05-12 14:00:00+00:00,148.6,149.15,146.55,148.05,16733.0
2026-05-12 14:15:00+00:00,148.2,149.7,146.35,146.7,19883.0
2026-05-12 14:30:00+00:00,147.0,148.0,144.5,147.0,24336.0
2026-05-12 14:45:00+00:00,147.15,147.55,144.75,145.05,9489.0
2026-05-12 15:00:00+00:00,145.05,145.6,143.8,143.8,7540.0
2026-05-12 15:15:00+00:00,142.2,147.0,142.0,146.5,68890.0
2026-05-13 07:00:00+00:00,154.45,156.0,150.2,150.5,52359.0
2026-05-13 07:15:00+00:00,150.35,151.6,149.25,150.55,24619.0
2026-05-13 07:30:00+00:00,150.75,152.4,149.85,151.3,12352.0
2026-05-13 07:45:00+00:00,151.4,153.4,151.4,152.7,7666.0
2026-05-13 08:00:00+00:00,152.8,155.25,152.8,155.0,13102.0
2026-05-13 08:15:00+00:00,155.0,155.4,153.3,154.15,9285.0
2026-05-13 08:30:00+00:00,154.25,156.0,154.05,154.2,6700.0
2026-05-13 08:45:00+00:00,154.3,154.75,153.0,154.05,5137.0
2026-05-13 09:00:00+00:00,153.95,156.5,153.75,155.85,10582.0
2026-05-13 09:15:00+00:00,155.75,155.75,153.75,154.1,4840.0
2026-05-13 09:30:00+00:00,154.35,154.7,153.65,153.95,4542.0
2026-05-13 09:45:00+00:00,154.15,155.2,154.1,154.75,4122.0
2026-05-13 10:00:00+00:00,154.9,155.0,154.6,154.85,2105.0
2026-05-13 10:15:00+00:00,154.9,156.25,154.5,156.05,5395.0
2026-05-13 10:30:00+00:00,156.05,159.4,156.05,159.35,15924.0
2026-05-13 10:45:00+00:00,159.25,159.25,157.5,158.0,5030.0
2026-05-13 11:00:00+00:00,158.0,159.8,157.75,157.9,9736.0
2026-05-13 11:15:00+00:00,158.0,158.4,156.4,157.8,5109.0
2026-05-13 11:30:00+00:00,157.8,157.85,156.55,157.1,2533.0
2026-05-13 11:45:00+00:00,156.85,157.65,156.35,157.45,4443.0
2026-05-13 12:00:00+00:00,157.25,157.55,155.9,157.05,3747.0
2026-05-13 12:15:00+00:00,157.0,158.35,155.85,156.9,4719.0
2026-05-13 12:30:00+00:00,156.8,156.8,155.0,155.4,6806.0
2026-05-13 12:45:00+00:00,155.25,155.3,153.55,155.15,6001.0
2026-05-13 13:00:00+00:00,155.4,157.45,155.2,156.4,7870.0
2026-05-13 13:15:00+00:00,156.5,157.65,156.5,157.15,3033.0
2026-05-13 13:30:00+00:00,157.15,158.0,156.3,156.85,9219.0
2026-05-13 13:45:00+00:00,156.4,156.4,154.45,154.75,11131.0
2026-05-13 14:00:00+00:00,154.35,154.65,152.25,153.0,8988.0
2026-05-13 14:15:00+00:00,152.8,153.6,152.5,153.2,6397.0
2026-05-13 14:30:00+00:00,153.5,154.8,153.4,154.65,6998.0
2026-05-13 14:45:00+00:00,154.65,157.5,154.3,157.2,9225.0
2026-05-13 15:00:00+00:00,157.1,157.8,156.55,157.15,11602.0
2026-05-13 15:15:00+00:00,157.25,158.2,156.8,158.2,22110.0
2026-05-14 07:00:00+00:00,155.85,156.85,152.25,152.65,37646.0
2026-05-14 07:15:00+00:00,152.4,155.35,152.3,155.1,11334.0
2026-05-14 07:30:00+00:00,154.95,157.75,154.95,156.15,5822.0
2026-05-14 07:45:00+00:00,156.1,156.3,154.75,154.75,4091.0
2026-05-14 08:00:00+00:00,154.7,155.6,153.8,155.15,3122.0
2026-05-14 08:15:00+00:00,155.25,156.0,154.3,154.5,3498.0
2026-05-14 08:30:00+00:00,154.5,154.75,153.5,153.85,2959.0
2026-05-14 08:45:00+00:00,153.8,154.1,151.55,151.95,8067.0
2026-05-14 09:00:00+00:00,151.95,152.3,150.15,151.35,5692.0
2026-05-14 09:15:00+00:00,151.3,151.85,149.9,150.9,18227.0
2026-05-14 09:30:00+00:00,151.7,153.05,151.1,152.5,3181.0
2026-05-14 09:45:00+00:00,152.7,153.25,152.0,153.0,1797.0
2026-05-14 10:00:00+00:00,152.85,153.5,152.2,152.2,2869.0
2026-05-14 10:15:00+00:00,152.15,152.15,150.55,150.9,3478.0
2026-05-14 10:30:00+00:00,150.9,151.35,150.9,151.3,1854.0
2026-05-14 10:45:00+00:00,151.25,152.45,151.25,151.9,3150.0
2026-05-14 11:00:00+00:00,152.0,153.85,152.0,153.55,2149.0
2026-05-14 11:15:00+00:00,153.4,154.3,153.05,153.45,2192.0
2026-05-14 11:30:00+00:00,153.4,153.5,153.0,153.45,1325.0
2026-05-14 11:45:00+00:00,153.55,154.0,153.05,153.15,2809.0
2026-05-14 12:00:00+00:00,152.95,153.55,152.4,153.25,3015.0
2026-05-14 12:15:00+00:00,153.3,153.45,152.75,153.25,2764.0
2026-05-14 12:30:00+00:00,153.0,153.2,152.75,153.075,1306.0
2026-05-14 12:45:00+00:00,152.9,153.1,152.4,152.55,1361.0
2026-05-14 13:00:00+00:00,152.6,153.8,152.6,153.5,2506.0
2026-05-14 13:15:00+00:00,153.5,154.6,153.5,153.5,6005.0
2026-05-14 13:30:00+00:00,153.55,154.75,152.5,153.1,7695.0
2026-05-14 13:45:00+00:00,153.4,153.85,150.75,150.9,9952.0
2026-05-14 14:00:00+00:00,150.9,151.8,150.15,151.25,9479.0
2026-05-14 14:15:00+00:00,151.45,152.5,150.95,151.45,7742.0
2026-05-14 14:30:00+00:00,151.35,152.75,151.2,151.7,4215.0
2026-05-14 14:45:00+00:00,151.7,152.65,151.4,152.35,12698.0
2026-05-14 15:00:00+00:00,152.25,153.5,152.15,152.75,5546.0
2026-05-14 15:15:00+00:00,152.8,153.2,151.95,152.2,7284.0
2026-05-15 07:00:00+00:00,141.0,144.35,137.35,139.2,71841.0
2026-05-15 07:15:00+00:00,139.1,140.3,137.35,139.6,27394.0
2026-05-15 07:30:00+00:00,139.6,140.2,138.15,139.75,12923.0
2026-05-15 07:45:00+00:00,139.85,140.2,137.65,138.95,13092.0
2026-05-15 08:00:00+00:00,138.9,138.9,137.4,137.9,10823.0
2026-05-15 08:15:00+00:00,138.0,138.05,136.1,136.5,18843.0
2026-05-15 08:30:00+00:00,136.5,137.55,136.3,137.25,13329.0
2026-05-15 08:45:00+00:00,137.3,139.45,137.3,139.05,10943.0
2026-05-15 09:00:00+00:00,139.2,140.75,138.5,140.55,8363.0
2026-05-15 09:15:00+00:00,140.7,141.7,140.45,140.7,8104.0
2026-05-15 09:30:00+00:00,140.9,142.55,140.85,142.4,5452.0
2026-05-15 09:45:00+00:00,142.25,142.35,140.85,142.3,5071.0
2026-05-15 10:00:00+00:00,142.1,142.55,141.15,141.7,13640.0
2026-05-15 10:15:00+00:00,141.8,142.05,141.25,141.45,2228.0
2026-05-15 10:30:00+00:00,141.35,141.35,140.6,141.3,3496.0
2026-05-15 10:45:00+00:00,141.2,142.45,140.8,142.3,4842.0
2026-05-15 11:00:00+00:00,142.5,142.7,141.1,142.2,3318.0
2026-05-15 11:15:00+00:00,142.3,142.55,141.55,141.8,1920.0
2026-05-15 11:30:00+00:00,141.75,142.4,141.35,141.75,2027.0
2026-05-15 11:45:00+00:00,141.8,143.0,141.6,143.0,4050.0
2026-05-15 12:00:00+00:00,142.8,142.95,142.35,142.6,2754.0
2026-05-15 12:15:00+00:00,142.65,143.2,141.1,141.9,3571.0
2026-05-15 12:30:00+00:00,141.9,141.9,140.7,140.75,3147.0
2026-05-15 12:45:00+00:00,140.85,141.85,140.35,141.75,4298.0
2026-05-15 13:00:00+00:00,141.8,142.75,141.8,142.6,2849.0
2026-05-15 13:15:00+00:00,142.7,143.6,140.1,141.4,8747.0
2026-05-15 13:30:00+00:00,141.55,143.2,140.25,142.2,10066.0
2026-05-15 13:45:00+00:00,142.3,143.95,141.75,142.05,10293.0
2026-05-15 14:00:00+00:00,141.9,143.2,141.5,143.15,5654.0
2026-05-15 14:15:00+00:00,143.3,145.25,142.6,142.75,11112.0
2026-05-15 14:30:00+00:00,142.75,144.75,142.5,144.75,5400.0
2026-05-15 14:45:00+00:00,144.8,146.2,143.95,145.3,8368.0
2026-05-15 15:00:00+00:00,145.45,149.55,145.25,149.3,14927.0
2026-05-15 15:15:00+00:00,149.25,151.75,149.05,149.7,34366.0
2026-05-18 07:00:00+00:00,144.0,146.9,142.55,146.2,42113.0
2026-05-18 07:15:00+00:00,146.5,148.05,144.6,147.4,7719.0
2026-05-18 07:30:00+00:00,147.4,149.7,147.3,148.5,12410.0
2026-05-18 07:45:00+00:00,148.7,149.7,147.2,147.2,4875.0
2026-05-18 08:00:00+00:00,147.5,148.15,146.95,147.5,2175.0
2026-05-18 08:15:00+00:00,147.15,147.95,146.85,147.95,1972.0
2026-05-18 08:30:00+00:00,148.25,148.35,147.0,147.45,3614.0
2026-05-18 08:45:00+00:00,147.4,148.0,147.0,147.825,2155.0
2026-05-18 09:00:00+00:00,147.9,148.8,147.45,147.65,5186.0
2026-05-18 09:15:00+00:00,147.5,148.45,147.3,148.2,2271.0
2026-05-18 09:30:00+00:00,148.2,148.9,148.05,148.15,1404.0
2026-05-18 09:45:00+00:00,148.2,148.325,147.9,148.05,1750.0
2026-05-18 10:00:00+00:00,148.15,148.15,143.6,145.15,18123.0
2026-05-18 10:15:00+00:00,145.4,145.85,144.4,145.85,2496.0
2026-05-18 10:30:00+00:00,145.9,145.975,144.05,145.3,3125.0
2026-05-18 10:45:00+00:00,145.45,146.4,145.45,145.75,1527.0
2026-05-18 11:00:00+00:00,145.85,147.85,143.8,144.5,9691.0
2026-05-18 11:15:00+00:00,144.9,145.4,144.6,144.85,1546.0
2026-05-18 11:30:00+00:00,144.7,146.8,144.0,146.45,5136.0
2026-05-18 11:45:00+00:00,146.1,146.25,145.15,145.2,1811.0
2026-05-18 12:00:00+00:00,145.5,145.75,144.7,145.3,3016.0
2026-05-18 12:15:00+00:00,145.45,145.5,143.55,145.3,2489.0
2026-05-18 12:30:00+00:00,145.2,147.65,144.85,147.3,3745.0
2026-05-18 12:45:00+00:00,147.35,148.45,147.25,148.05,2454.0
2026-05-18 13:00:00+00:00,148.0,148.25,147.2,147.4,2492.0
2026-05-18 13:15:00+00:00,147.3,147.9,146.95,147.45,1909.0
2026-05-18 13:30:00+00:00,147.35,148.35,142.1,142.1,13677.0
2026-05-18 13:45:00+00:00,142.1,145.1,141.35,143.725,11698.0
2026-05-18 14:00:00+00:00,143.55,145.4,142.7,145.3,7456.0
2026-05-18 14:15:00+00:00,145.35,145.6,141.6,141.95,8886.0
2026-05-18 14:30:00+00:00,142.0,143.4,140.8,141.5,9588.0
2026-05-18 14:45:00+00:00,141.6,142.3,140.5,141.6,7111.0
2026-05-18 15:00:00+00:00,141.5,142.55,140.35,141.35,9350.0
2026-05-18 15:15:00+00:00,141.375,141.375,139.65,140.2,20526.0
2026-05-19 07:00:00+00:00,143.5,148.0,143.4,147.45,48923.0
2026-05-19 07:15:00+00:00,147.8,148.3,145.35,146.8,12144.0
2026-05-19 07:30:00+00:00,146.9,148.45,146.4,148.0,15112.0
2026-05-19 07:45:00+00:00,148.05,150.25,148.0,148.45,13041.0
2026-05-19 08:00:00+00:00,148.45,148.45,146.9,147.3,6752.0
2026-05-19 08:15:00+00:00,147.35,147.7,144.75,145.15,7895.0
2026-05-19 08:30:00+00:00,145.1,146.85,144.85,146.85,4071.0
2026-05-19 08:45:00+00:00,146.85,148.4,146.8,147.55,3517.0
2026-05-19 09:00:00+00:00,147.8,148.4,147.3,147.8,5298.0
2026-05-19 09:15:00+00:00,147.8,148.1,147.0,147.4,3683.0
2026-05-19 09:30:00+00:00,147.2,147.5,146.6,146.8,4213.0
2026-05-19 09:45:00+00:00,146.825,147.0,145.75,146.55,3424.0
2026-05-19 10:00:00+00:00,146.65,146.75,146.0,146.15,3486.0
2026-05-19 10:15:00+00:00,146.2,146.55,145.7,146.55,1704.0
2026-05-19 10:30:00+00:00,146.675,147.75,146.2,146.25,3468.0
2026-05-19 10:45:00+00:00,146.45,147.55,146.35,147.2,2300.0
2026-05-19 11:00:00+00:00,147.25,147.5,146.5,146.9,2502.0
2026-05-19 11:15:00+00:00,146.85,146.95,146.1,146.2,1779.0
2026-05-19 11:30:00+00:00,146.15,146.4,144.6,145.05,4455.0
2026-05-19 11:45:00+00:00,145.0,145.05,143.25,143.3,5824.0
2026-05-19 12:00:00+00:00,143.3,143.3,140.5,141.3,9748.0
2026-05-19 12:15:00+00:00,141.25,141.85,140.85,141.05,4504.0
2026-05-19 12:30:00+00:00,141.15,142.85,141.0,142.1,4658.0
2026-05-19 12:45:00+00:00,142.15,142.6,141.5,141.65,2873.0
2026-05-19 13:00:00+00:00,141.9,142.1,140.8,140.8,4039.0
2026-05-19 13:15:00+00:00,140.9,141.45,140.15,140.8,7822.0
2026-05-19 13:30:00+00:00,140.6,145.0,140.1,143.2,15398.0
2026-05-19 13:45:00+00:00,143.15,143.15,141.55,142.1,5228.0
2026-05-19 14:00:00+00:00,142.0,142.0,138.65,138.75,15657.0
2026-05-19 14:15:00+00:00,138.65,141.55,138.0,140.4,15039.0
2026-05-19 14:30:00+00:00,140.6,141.5,139.1,140.75,15914.0
2026-05-19 14:45:00+00:00,140.8,142.1,140.4,141.35,9039.0
2026-05-19 15:00:00+00:00,141.4,143.15,140.75,143.15,8069.0
2026-05-19 15:15:00+00:00,143.2,144.05,142.75,143.5,12790.0
2026-05-20 07:00:00+00:00,148.0,153.55,147.0,152.2,111027.0
2026-05-20 07:15:00+00:00,152.2,157.1,151.25,157.0,34180.0
2026-05-20 07:30:00+00:00,156.9,159.5,156.9,159.05,36996.0
2026-05-20 07:45:00+00:00,158.95,160.0,157.25,157.25,46762.0
2026-05-20 08:00:00+00:00,157.2,157.6,153.0,153.9,19251.0
2026-05-20 08:15:00+00:00,154.0,154.9,152.45,154.3,13456.0
2026-05-20 08:30:00+00:00,154.3,156.95,154.1,155.6,11320.0
2026-05-20 08:45:00+00:00,155.7,155.9,154.7,155.25,6426.0
2026-05-20 09:00:00+00:00,155.15,157.45,155.0,157.0,15316.0
2026-05-20 09:15:00+00:00,157.0,157.4,156.6,157.35,8422.0
2026-05-20 09:30:00+00:00,157.5,157.5,156.4,156.85,9384.0
2026-05-20 09:45:00+00:00,156.85,157.3,154.8,156.6,4985.0
2026-05-20 10:00:00+00:00,156.65,157.35,156.4,156.4,4123.0
2026-05-20 10:15:00+00:00,156.5,156.8,154.9,155.35,4540.0
2026-05-20 10:30:00+00:00,155.25,156.7,155.05,155.7,3829.0
2026-05-20 10:45:00+00:00,156.0,157.2,155.9,157.15,3738.0
2026-05-20 11:00:00+00:00,157.15,157.15,156.05,156.15,2333.0
2026-05-20 11:15:00+00:00,156.15,156.55,155.8,156.1,2722.0
2026-05-20 11:30:00+00:00,156.2,156.4,154.8,155.65,3420.0
2026-05-20 11:45:00+00:00,155.85,156.0,154.9,155.15,2956.0
2026-05-20 12:00:00+00:00,155.2,155.55,155.0,155.4,2688.0
2026-05-20 12:15:00+00:00,155.25,156.45,154.85,156.4,4354.0
2026-05-20 12:30:00+00:00,156.45,157.95,156.3,157.95,7482.0
2026-05-20 12:45:00+00:00,157.8,159.95,157.8,159.4,14559.0
2026-05-20 13:00:00+00:00,159.3,160.25,158.55,159.45,14880.0
2026-05-20 13:15:00+00:00,159.6,160.0,158.25,158.6,4945.0
2026-05-20 13:30:00+00:00,158.4,160.7,157.05,158.6,19048.0
2026-05-20 13:45:00+00:00,158.7,158.9,152.3,152.75,16887.0
2026-05-20 14:00:00+00:00,152.9,157.0,152.9,156.1,14870.0
2026-05-20 14:15:00+00:00,156.35,157.3,155.35,156.3,8409.0
2026-05-20 14:30:00+00:00,156.3,158.0,155.75,156.25,8639.0
2026-05-20 14:45:00+00:00,156.1,156.85,155.0,156.7,6533.0
2026-05-20 15:00:00+00:00,156.85,157.4,155.5,156.9,9506.0
2026-05-20 15:15:00+00:00,156.95,158.6,156.85,158.2,13110.0
2026-05-21 07:00:00+00:00,161.85,163.15,158.3,159.15,57965.0
2026-05-21 07:15:00+00:00,159.2,160.05,157.7,159.4,15548.0
2026-05-21 07:30:00+00:00,159.2,161.7,158.6,160.4,5742.0
2026-05-21 07:45:00+00:00,160.55,161.6,160.25,161.15,5256.0
2026-05-21 08:00:00+00:00,160.8,162.85,160.5,162.35,6774.0
2026-05-21 08:15:00+00:00,162.45,162.9,161.85,162.5,5376.0
2026-05-21 08:30:00+00:00,162.6,162.6,160.5,160.65,5689.0
2026-05-21 08:45:00+00:00,160.4,161.4,159.9,160.7,4881.0
2026-05-21 09:00:00+00:00,160.5,160.9,159.95,160.5,1822.0
2026-05-21 09:15:00+00:00,160.75,164.8,160.65,163.9,14601.0
2026-05-21 09:30:00+00:00,163.85,164.4,163.65,163.95,4189.0
2026-05-21 09:45:00+00:00,163.8,164.2,163.35,164.05,2974.0
2026-05-21 10:00:00+00:00,164.0,165.65,164.0,165.1,11076.0
2026-05-21 10:15:00+00:00,165.3,165.3,162.2,162.7,5237.0
2026-05-21 10:30:00+00:00,162.5,163.7,161.6,162.6,12314.0
2026-05-21 10:45:00+00:00,162.5,162.5,161.5,162.05,2245.0
2026-05-21 11:00:00+00:00,161.85,163.95,161.8,163.0,4225.0
2026-05-21 11:15:00+00:00,162.9,163.75,162.35,162.95,2509.0
2026-05-21 11:30:00+00:00,163.0,163.25,161.2,161.45,3049.0
2026-05-21 11:45:00+00:00,161.7,161.7,159.6,160.15,6460.0
2026-05-21 12:00:00+00:00,160.5,161.8,160.3,161.35,2632.0
2026-05-21 12:15:00+00:00,161.25,163.5,160.7,163.5,3571.0
2026-05-21 12:30:00+00:00,163.5,164.35,162.85,162.85,2886.0
2026-05-21 12:45:00+00:00,162.65,163.4,162.6,163.4,2837.0
2026-05-21 13:00:00+00:00,163.25,164.5,162.75,164.5,4526.0
2026-05-21 13:15:00+00:00,164.6,164.6,163.9,164.4,2613.0
2026-05-21 13:30:00+00:00,164.5,167.7,164.4,167.15,22225.0
2026-05-21 13:45:00+00:00,167.4,168.7,166.2,168.35,12356.0
2026-05-21 14:00:00+00:00,168.3,168.7,166.25,167.8,6108.0
2026-05-21 14:15:00+00:00,168.15,168.6,167.3,168.35,6389.0
2026-05-21 14:30:00+00:00,168.5,169.3,167.8,168.55,8625.0
2026-05-21 14:45:00+00:00,168.55,168.95,167.85,168.65,3908.0
2026-05-21 15:00:00+00:00,168.55,168.8,165.4,166.4,11787.0
2026-05-21 15:15:00+00:00,166.25,167.45,165.95,166.55,13975.0
2026-05-22 07:00:00+00:00,169.4,175.7,168.7,175.55,49495.0
2026-05-22 07:15:00+00:00,175.35,175.45,173.6,173.85,10343.0
2026-05-22 07:30:00+00:00,174.1,174.15,170.0,170.2,8054.0
2026-05-22 07:45:00+00:00,170.25,171.7,169.7,171.25,10097.0
2026-05-22 08:00:00+00:00,171.2,171.8,170.65,171.1,3849.0
2026-05-22 08:15:00+00:00,171.1,173.85,170.9,173.85,3320.0
2026-05-22 08:30:00+00:00,173.65,178.6,173.15,178.4,32840.0
2026-05-22 08:45:00+00:00,178.75,178.9,176.3,176.65,8669.0
2026-05-22 09:00:00+00:00,176.7,176.8,175.15,175.25,4309.0
2026-05-22 09:15:00+00:00,175.15,176.1,174.05,174.9,3990.0
2026-05-22 09:30:00+00:00,174.9,175.35,174.0,174.4,3951.0
2026-05-22 09:45:00+00:00,174.4,174.75,173.9,174.45,3799.0
2026-05-22 10:00:00+00:00,174.4,175.2,173.9,174.95,5778.0
2026-05-22 10:15:00+00:00,174.85,175.0,173.8,174.4,2163.0
2026-05-22 10:30:00+00:00,174.5,175.4,174.1,175.2,4488.0
2026-05-22 10:45:00+00:00,175.35,175.45,174.9,175.05,5198.0
2026-05-22 11:00:00+00:00,175.25,175.95,174.15,174.2,3928.0
2026-05-22 11:15:00+00:00,174.25,174.75,173.75,174.2,2717.0
2026-05-22 11:30:00+00:00,174.2,174.55,173.65,174.15,2980.0
2026-05-22 11:45:00+00:00,174.1,174.4,173.7,174.2,2743.0
2026-05-22 12:00:00+00:00,174.2,175.1,173.85,174.2,4090.0
2026-05-22 12:15:00+00:00,174.25,175.8,173.95,175.65,5035.0
2026-05-22 12:30:00+00:00,175.45,176.3,175.05,175.95,4388.0
2026-05-22 12:45:00+00:00,176.1,176.3,174.55,175.7,3133.0
2026-05-22 13:00:00+00:00,175.6,176.7,175.35,175.65,4109.0
2026-05-22 13:15:00+00:00,175.6,177.2,175.3,176.85,4245.0
2026-05-22 13:30:00+00:00,176.8,177.6,175.65,176.3,8597.0
2026-05-22 13:45:00+00:00,176.35,178.0,175.75,178.0,8366.0
2026-05-22 14:00:00+00:00,178.0,178.0,175.2,175.75,12544.0
2026-05-22 14:15:00+00:00,175.85,176.2,174.15,175.55,11585.0
2026-05-22 14:30:00+00:00,175.6,177.15,175.55,177.1,11056.0
2026-05-22 14:45:00+00:00,177.15,177.65,176.55,177.5,9066.0
2026-05-22 15:00:00+00:00,177.55,178.4,176.7,176.7,12889.0
2026-05-22 15:15:00+00:00,176.75,178.15,176.75,176.85,13244.0
2026-05-25 07:00:00+00:00,179.3,182.0,178.15,178.6,61741.0
2026-05-25 07:15:00+00:00,178.8,178.95,175.05,177.0,24074.0
2026-05-25 07:30:00+00:00,177.0,178.4,176.75,177.95,4507.0
2026-05-25 07:45:00+00:00,177.85,178.8,177.3,178.55,5675.0
2026-05-25 08:00:00+00:00,178.6,179.95,178.4,179.4,5401.0
2026-05-25 08:15:00+00:00,179.3,179.9,178.45,179.65,3010.0
2026-05-25 08:30:00+00:00,179.6,179.8,179.0,179.0,3217.0
2026-05-25 08:45:00+00:00,178.9,180.2,178.0,178.3,4232.0
2026-05-25 09:00:00+00:00,178.4,178.95,177.4,178.45,2184.0
2026-05-25 09:15:00+00:00,178.3,178.6,177.85,178.6,2209.0
2026-05-25 09:30:00+00:00,178.6,179.25,178.55,179.15,3104.0
2026-05-25 09:45:00+00:00,179.05,179.8,178.9,179.4,2391.0
2026-05-25 10:00:00+00:00,179.2,180.5,179.2,179.55,4979.0
2026-05-25 10:15:00+00:00,179.7,180.0,179.4,179.75,3102.0
2026-05-25 10:30:00+00:00,179.9,179.95,179.4,179.45,2531.0
2026-05-25 10:45:00+00:00,179.3,179.9,179.3,179.4,1379.0
2026-05-25 11:00:00+00:00,179.45,179.5,177.95,177.975,2121.0
2026-05-25 11:15:00+00:00,178.1,179.0,178.05,178.2,2540.0
2026-05-25 11:30:00+00:00,178.2,178.45,177.35,177.45,1540.0
2026-05-25 11:45:00+00:00,177.45,177.95,177.4,177.8,2349.0
2026-05-25 12:00:00+00:00,177.55,177.8,176.5,176.5,5282.0
2026-05-25 12:15:00+00:00,176.45,177.0,175.65,175.8,14186.0
2026-05-25 12:30:00+00:00,175.65,175.8,174.65,175.15,7133.0
2026-05-25 12:45:00+00:00,175.1,175.95,174.75,175.95,2652.0
2026-05-25 13:00:00+00:00,175.75,176.1,175.25,175.3,3247.0
2026-05-25 13:15:00+00:00,175.4,175.85,174.4,175.3,3945.0
2026-05-25 13:30:00+00:00,175.5,175.8,174.65,175.3,1577.0
2026-05-25 13:45:00+00:00,175.2,175.4,173.15,173.45,7289.0
2026-05-25 14:00:00+00:00,173.5,175.8,173.45,174.5,12019.0
2026-05-25 14:15:00+00:00,174.4,176.3,173.75,176.1,13086.0
2026-05-25 14:30:00+00:00,176.2,177.0,175.5,176.2,4898.0
2026-05-25 14:45:00+00:00,176.45,176.5,175.5,175.6,5665.0
2026-05-25 15:00:00+00:00,175.9,176.7,175.45,176.3,7587.0
2026-05-25 15:15:00+00:00,176.2,176.5,175.05,175.55,8565.0
2026-05-26 07:00:00+00:00,172.0,175.0,166.45,167.4,72380.0
2026-05-26 07:15:00+00:00,167.7,172.25,167.7,169.9,41181.0
2026-05-26 07:30:00+00:00,169.8,170.05,168.45,169.9,9824.0
2026-05-26 07:45:00+00:00,169.6,172.35,168.0,170.65,32655.0
2026-05-26 08:00:00+00:00,170.65,172.6,170.5,172.05,16262.0
2026-05-26 08:15:00+00:00,171.95,172.15,170.85,171.45,4048.0
2026-05-26 08:30:00+00:00,171.35,171.4,169.2,170.9,6373.0
2026-05-26 08:45:00+00:00,170.8,171.4,170.0,170.55,1447.0
2026-05-26 09:00:00+00:00,170.95,171.8,169.2,169.2,9156.0
2026-05-26 09:15:00+00:00,169.45,169.95,168.55,168.7,3162.0
2026-05-26 09:30:00+00:00,168.9,169.95,168.6,169.825,2970.0
2026-05-26 09:45:00+00:00,169.85,170.45,169.5,169.7,8217.0
2026-05-26 10:00:00+00:00,169.7,171.8,169.7,170.7,14190.0
2026-05-26 10:15:00+00:00,170.5,170.8,167.0,167.7,12604.0
2026-05-26 10:30:00+00:00,167.75,168.9,167.4,168.1,3004.0
2026-05-26 10:45:00+00:00,167.9,168.4,166.6,167.25,13191.0
2026-05-26 11:00:00+00:00,167.4,167.8,166.55,167.05,4449.0
2026-05-26 11:15:00+00:00,167.0,167.3,166.1,167.3,7633.0
2026-05-26 11:30:00+00:00,167.25,168.9,166.15,166.6,5210.0
2026-05-26 11:45:00+00:00,167.0,168.35,166.55,168.3,6724.0
2026-05-26 12:00:00+00:00,168.3,170.0,168.0,169.9,11558.0
2026-05-26 12:15:00+00:00,169.7,170.55,169.1,169.45,3012.0
2026-05-26 12:30:00+00:00,169.4,170.0,168.85,169.3,2775.0
2026-05-26 12:45:00+00:00,169.5,170.85,169.5,170.15,3220.0
2026-05-26 13:00:00+00:00,170.1,170.35,169.4,169.9,5201.0
2026-05-26 13:15:00+00:00,169.8,170.7,169.3,170.45,3579.0
2026-05-26 13:30:00+00:00,170.8,171.5,167.05,169.775,29852.0
2026-05-26 13:45:00+00:00,169.6,170.45,167.5,167.5,17720.0
2026-05-26 14:00:00+00:00,167.55,167.6,165.5,166.45,22565.0
2026-05-26 14:15:00+00:00,166.7,169.05,165.85,168.05,10585.0
2026-05-26 14:30:00+00:00,167.95,169.95,167.9,169.45,6041.0
2026-05-26 14:45:00+00:00,169.45,170.0,168.15,169.7,10116.0
2026-05-26 15:00:00+00:00,169.6,171.1,167.2,167.575,17523.0
2026-05-26 15:15:00+00:00,167.75,167.8,164.4,166.8,17721.0
2026-05-27 07:00:00+00:00,163.8,167.75,157.15,157.8,29393.0
2026-05-27 07:15:00+00:00,157.4,160.9,155.3,156.2,18523.0
2026-05-27 07:30:00+00:00,156.2,159.6,156.2,156.45,12192.0
2026-05-27 07:45:00+00:00,156.5,158.35,155.2,156.4,14432.0
2026-05-27 08:00:00+00:00,156.7,158.3,156.25,157.8,5167.0
2026-05-27 08:15:00+00:00,157.9,158.9,157.35,158.25,4025.0
2026-05-27 08:30:00+00:00,158.35,158.45,157.5,158.15,3618.0
2026-05-27 08:45:00+00:00,158.15,158.15,155.6,156.25,15743.0
2026-05-27 09:00:00+00:00,156.4,157.8,156.25,157.4,4960.0
2026-05-27 09:15:00+00:00,157.05,157.9,156.8,157.4,3902.0
2026-05-27 09:30:00+00:00,157.35,158.85,157.2,158.1,4342.0
2026-05-27 09:45:00+00:00,158.2,158.6,157.65,157.65,2602.0
2026-05-27 10:00:00+00:00,157.8,160.0,157.8,158.8,5567.0
2026-05-27 10:15:00+00:00,159.05,159.3,157.2,157.2,6281.0
2026-05-27 10:30:00+00:00,157.05,157.35,156.0,156.45,7253.0
2026-05-27 10:45:00+00:00,156.35,156.55,155.2,155.35,6340.0
2026-05-27 11:00:00+00:00,155.4,157.4,155.4,156.9,4330.0
2026-05-27 11:15:00+00:00,157.15,159.0,156.65,158.8,5623.0
2026-05-27 11:30:00+00:00,158.7,159.15,156.7,158.0,7059.0
2026-05-27 11:45:00+00:00,158.0,159.2,156.55,156.75,4895.0
2026-05-27 12:00:00+00:00,156.7,158.05,156.2,157.2,2528.0
2026-05-27 12:15:00+00:00,157.4,159.35,157.15,157.85,3213.0
2026-05-27 12:30:00+00:00,157.9,158.3,156.65,157.3,5328.0
2026-05-27 12:45:00+00:00,157.35,158.7,156.5,158.0,4415.0
2026-05-27 13:00:00+00:00,158.05,158.45,156.5,157.7,4235.0
2026-05-27 13:15:00+00:00,157.8,159.25,157.3,157.3,7025.0
2026-05-27 13:30:00+00:00,157.5,158.05,153.0,153.3,27007.0
2026-05-27 13:45:00+00:00,153.55,155.75,152.6,154.8,13927.0
2026-05-27 14:00:00+00:00,154.75,155.65,153.8,154.2,13011.0
2026-05-27 14:15:00+00:00,154.45,155.4,151.35,152.85,14602.0
2026-05-27 14:30:00+00:00,152.65,154.05,152.25,154.05,20249.0
2026-05-27 14:45:00+00:00,154.1,155.45,153.5,154.05,13007.0
2026-05-27 15:00:00+00:00,154.05,157.1,153.65,157.0,11339.0
2026-05-27 15:15:00+00:00,156.75,156.85,153.65,155.7,24492.0
2026-05-28 07:00:00+00:00,159.95,183.35,157.5,174.55,173498.0
2026-05-28 07:15:00+00:00,174.35,176.35,170.1,175.85,45678.0
2026-05-28 07:30:00+00:00,175.6,178.9,173.3,174.85,22463.0
2026-05-28 07:45:00+00:00,174.65,177.5,174.0,176.4,22183.0
2026-05-28 08:00:00+00:00,176.25,181.35,176.05,180.6,44140.0
2026-05-28 08:15:00+00:00,180.6,187.2,179.6,186.15,51984.0
2026-05-28 08:30:00+00:00,186.15,187.25,183.75,184.6,31251.0
2026-05-28 08:45:00+00:00,184.8,184.8,181.0,181.8,15328.0
2026-05-28 09:00:00+00:00,181.6,184.75,180.6,181.95,19907.0
2026-05-28 09:15:00+00:00,182.0,186.0,181.4,182.85,32456.0
2026-05-28 09:30:00+00:00,182.7,184.8,182.7,184.6,9786.0
2026-05-28 09:45:00+00:00,184.5,187.8,184.05,187.65,20892.0
2026-05-28 10:00:00+00:00,187.45,188.8,185.9,186.3,20103.0
2026-05-28 10:15:00+00:00,186.45,187.0,183.2,183.2,8796.0
2026-05-28 10:30:00+00:00,183.25,183.55,179.75,181.4,15973.0
2026-05-28 10:45:00+00:00,181.6,181.9,178.8,180.35,12633.0
2026-05-28 11:00:00+00:00,180.35,181.25,178.5,178.5,6334.0
2026-05-28 11:15:00+00:00,178.6,179.7,176.4,176.95,8426.0
2026-05-28 11:30:00+00:00,177.05,177.8,174.3,177.4,15032.0
2026-05-28 11:45:00+00:00,177.45,177.95,176.2,177.45,10146.0
2026-05-28 12:00:00+00:00,177.25,178.8,175.2,178.05,7710.0
2026-05-28 12:15:00+00:00,178.4,181.55,178.4,181.4,11225.0
2026-05-28 12:30:00+00:00,181.3,182.65,181.05,182.3,5967.0
2026-05-28 12:45:00+00:00,182.2,183.1,181.6,182.4,11286.0
2026-05-28 13:00:00+00:00,182.2,186.5,182.2,183.55,14379.0
2026-05-28 13:15:00+00:00,183.6,185.55,182.15,184.5,8546.0
2026-05-28 13:30:00+00:00,184.7,185.45,180.6,181.5,10544.0
2026-05-28 13:45:00+00:00,181.8,183.6,180.5,183.6,8999.0
2026-05-28 14:00:00+00:00,183.65,185.55,180.55,185.05,12719.0
2026-05-28 14:15:00+00:00,185.4,186.95,182.7,183.25,13252.0
2026-05-28 14:30:00+00:00,183.2,185.95,180.6,185.35,17820.0
2026-05-28 14:45:00+00:00,185.6,187.9,184.5,187.1,20238.0
2026-05-28 15:00:00+00:00,186.7,188.85,186.7,187.55,31897.0
2026-05-28 15:15:00+00:00,187.8,193.3,187.15,192.3,51814.0
2026-05-29 07:00:00+00:00,191.3,200.5,189.4,192.45,95510.0
2026-05-29 07:15:00+00:00,192.2,196.75,186.85,187.7,22158.0
2026-05-29 07:30:00+00:00,187.5,189.65,186.7,187.1,7723.0
2026-05-29 07:45:00+00:00,187.0,188.35,186.0,186.15,5624.0
2026-05-29 08:00:00+00:00,186.35,188.5,184.9,186.6,9106.0
2026-05-29 08:15:00+00:00,186.65,191.3,186.0,191.1,10002.0
2026-05-29 08:30:00+00:00,191.05,191.8,189.7,190.2,4988.0
2026-05-29 08:45:00+00:00,190.0,192.1,189.8,192.05,3917.0
2026-05-29 09:00:00+00:00,192.15,192.25,190.2,191.1,2849.0
2026-05-29 09:15:00+00:00,191.1,191.3,189.0,189.0,2624.0
2026-05-29 09:30:00+00:00,189.0,189.05,184.0,184.35,9697.0
2026-05-29 09:45:00+00:00,184.0,185.5,183.1,183.85,6768.0
2026-05-29 10:00:00+00:00,184.15,187.65,183.95,187.3,4630.0
2026-05-29 10:15:00+00:00,187.45,189.0,187.45,187.7,5129.0
2026-05-29 10:30:00+00:00,187.8,188.65,187.4,188.55,2945.0
2026-05-29 10:45:00+00:00,188.45,188.7,186.65,186.95,2152.0
2026-05-29 11:00:00+00:00,186.9,188.65,186.65,186.9,1940.0
2026-05-29 11:15:00+00:00,187.1,187.15,185.0,185.5,3833.0
2026-05-29 11:30:00+00:00,185.55,185.55,184.1,184.6,3918.0
2026-05-29 11:45:00+00:00,184.75,184.85,183.1,183.35,2658.0
2026-05-29 12:00:00+00:00,183.35,183.35,181.2,182.1,8867.0
2026-05-29 12:15:00+00:00,182.0,183.05,181.6,181.65,3216.0
2026-05-29 12:30:00+00:00,181.65,183.8,181.0,183.05,4739.0
2026-05-29 12:45:00+00:00,183.3,184.5,183.1,184.15,2301.0
2026-05-29 13:00:00+00:00,184.1,185.85,183.2,183.2,4586.0
2026-05-29 13:15:00+00:00,183.1,184.3,182.65,184.0,2807.0
2026-05-29 13:30:00+00:00,184.0,185.2,182.3,182.65,5615.0
2026-05-29 13:45:00+00:00,183.0,185.5,182.05,184.0,4738.0
2026-05-29 14:00:00+00:00,184.45,185.05,181.5,183.25,5273.0
2026-05-29 14:15:00+00:00,183.15,184.9,182.4,184.65,4449.0
2026-05-29 14:30:00+00:00,184.65,185.4,179.0,179.2,14678.0
2026-05-29 14:45:00+00:00,179.1,179.65,175.5,178.9,34144.0
2026-05-29 15:00:00+00:00,178.9,180.0,176.8,178.85,11269.0
2026-05-29 15:15:00+00:00,178.85,179.3,176.6,178.5,21708.0
2026-06-01 07:00:00+00:00,179.0,179.35,171.2,172.5,32805.0
2026-06-01 07:15:00+00:00,172.15,174.15,170.05,170.65,36482.0
2026-06-01 07:30:00+00:00,170.65,171.35,168.65,169.5,21628.0
2026-06-01 07:45:00+00:00,169.4,173.15,168.95,173.05,17043.0
2026-06-01 08:00:00+00:00,172.75,172.75,169.5,170.15,7818.0
2026-06-01 08:15:00+00:00,170.15,170.2,168.1,169.4,7574.0
2026-06-01 08:30:00+00:00,169.25,169.95,168.5,169.8,8013.0
2026-06-01 08:45:00+00:00,169.9,170.05,168.2,169.75,11944.0
2026-06-01 09:00:00+00:00,169.6,170.05,166.25,166.5,13098.0
2026-06-01 09:15:00+00:00,166.5,166.5,164.7,165.6,13323.0
2026-06-01 09:30:00+00:00,165.75,165.75,163.6,164.85,13580.0
2026-06-01 09:45:00+00:00,165.0,166.5,164.75,166.45,5770.0
2026-06-01 10:00:00+00:00,166.5,167.7,166.4,166.5,7765.0
2026-06-01 10:15:00+00:00,166.5,166.95,164.1,166.7,7269.0
2026-06-01 10:30:00+00:00,166.65,166.8,165.5,165.65,4811.0
2026-06-01 10:45:00+00:00,165.8,166.3,164.45,164.45,5786.0
2026-06-01 11:00:00+00:00,164.55,164.65,161.35,161.55,14751.0
2026-06-01 11:15:00+00:00,161.5,163.15,161.1,161.1,7680.0
2026-06-01 11:45:00+00:00,160.0,161.0,158.7,159.65,34126.0
2026-06-01 12:00:00+00:00,159.55,159.85,157.25,157.35,14375.0
2026-06-01 12:15:00+00:00,157.45,157.85,156.0,157.25,15070.0
2026-06-01 12:30:00+00:00,157.1,157.15,155.4,157.15,20702.0
2026-06-01 12:45:00+00:00,157.0,157.25,154.6,154.85,13042.0
2026-06-01 13:00:00+00:00,154.85,155.0,153.0,153.35,14215.0
2026-06-01 13:15:00+00:00,153.35,154.7,151.85,153.05,27318.0
2026-06-01 13:30:00+00:00,152.9,155.8,152.85,154.9,22312.0
2026-06-01 13:45:00+00:00,154.85,156.35,151.55,153.15,27113.0
2026-06-01 14:00:00+00:00,153.25,154.5,152.3,152.75,17654.0
2026-06-01 14:15:00+00:00,152.55,154.15,152.4,153.2,15521.0
2026-06-01 14:30:00+00:00,153.15,155.05,153.0,153.75,12579.0
2026-06-01 14:45:00+00:00,153.85,154.4,152.3,152.75,10752.0
2026-06-01 15:00:00+00:00,152.7,152.75,148.0,150.9,47789.0
2026-06-01 15:15:00+00:00,150.75,151.55,149.5,150.6,31046.0
2026-06-02 07:00:00+00:00,147.2,152.85,145.5,147.05,91393.0
2026-06-02 07:15:00+00:00,146.85,150.8,143.95,148.7,29632.0
2026-06-02 07:30:00+00:00,148.55,150.85,147.1,149.95,14900.0
2026-06-02 07:45:00+00:00,150.0,151.15,147.05,148.05,22021.0
2026-06-02 08:00:00+00:00,147.85,151.15,147.8,149.8,10562.0
2026-06-02 08:15:00+00:00,150.0,150.2,149.0,149.75,5263.0
2026-06-02 08:30:00+00:00,149.75,152.45,149.65,152.4,8924.0
2026-06-02 08:45:00+00:00,152.45,153.9,151.8,152.2,18681.0
2026-06-02 09:00:00+00:00,152.05,153.25,151.6,152.95,6968.0
2026-06-02 09:15:00+00:00,153.0,154.75,153.0,153.75,16362.0
2026-06-02 09:30:00+00:00,153.8,156.45,153.65,156.4,24235.0
2026-06-02 09:45:00+00:00,156.5,157.45,154.7,154.9,18768.0
2026-06-02 10:00:00+00:00,155.25,155.55,153.35,154.85,21008.0
2026-06-02 10:15:00+00:00,154.85,155.3,152.0,152.45,8531.0
2026-06-02 10:30:00+00:00,152.55,152.95,151.9,152.55,4099.0
2026-06-02 10:45:00+00:00,152.4,153.1,152.0,152.2,3794.0
2026-06-02 11:00:00+00:00,152.1,152.15,149.5,151.5,18678.0
2026-06-02 11:15:00+00:00,151.6,152.5,150.6,151.0,7699.0
2026-06-02 11:30:00+00:00,151.0,152.05,150.35,150.45,2058.0
2026-06-02 11:45:00+00:00,150.3,151.25,150.1,150.55,3129.0
2026-06-02 12:00:00+00:00,150.6,151.6,148.2,149.5,11010.0
2026-06-02 12:15:00+00:00,149.55,151.8,149.45,151.7,13561.0
2026-06-02 12:30:00+00:00,151.55,152.05,151.1,151.35,3831.0
2026-06-02 12:45:00+00:00,151.4,151.85,150.75,151.55,2863.0
2026-06-02 13:00:00+00:00,151.5,151.65,150.0,150.55,6237.0
2026-06-02 13:15:00+00:00,150.55,152.8,150.45,152.55,5838.0
2026-06-02 13:30:00+00:00,152.45,153.95,151.85,152.85,12832.0
2026-06-02 13:45:00+00:00,152.8,154.3,152.7,154.3,24795.0
2026-06-02 14:00:00+00:00,154.1,154.65,150.6,151.0,18087.0
2026-06-02 14:15:00+00:00,151.1,152.15,150.2,150.3,7145.0
2026-06-02 14:30:00+00:00,150.55,151.95,150.5,151.75,7527.0
2026-06-02 14:45:00+00:00,151.6,152.6,150.95,151.85,8091.0
2026-06-02 15:00:00+00:00,152.0,152.2,150.85,151.85,5352.0
2026-06-02 15:15:00+00:00,152.05,153.0,151.45,151.45,9376.0
2026-06-03 07:00:00+00:00,154.5,158.9,153.1,155.8,53331.0
2026-06-03 07:15:00+00:00,155.9,159.7,155.65,157.75,14282.0
2026-06-03 07:30:00+00:00,157.8,163.8,157.8,163.45,21101.0
2026-06-03 07:45:00+00:00,163.25,166.2,162.7,165.2,20182.0
2026-06-03 08:00:00+00:00,165.1,165.1,159.85,161.4,16535.0
2026-06-03 08:15:00+00:00,161.1,162.45,159.85,160.3,10432.0
2026-06-03 08:30:00+00:00,160.8,162.0,159.75,160.05,17841.0
2026-06-03 08:45:00+00:00,160.25,161.25,159.2,160.9,6145.0
2026-06-03 09:00:00+00:00,161.0,161.45,160.1,161.4,3890.0
2026-06-03 09:15:00+00:00,161.3,162.2,160.0,160.4,6227.0
2026-06-03 09:30:00+00:00,160.2,160.55,157.55,157.8,8622.0
2026-06-03 09:45:00+00:00,157.6,157.8,154.9,156.8,18957.0
2026-06-03 10:00:00+00:00,156.7,157.95,156.3,157.95,6677.0
2026-06-03 10:15:00+00:00,157.7,158.5,157.65,158.5,4530.0
2026-06-03 10:30:00+00:00,158.4,158.5,156.2,156.6,6507.0
2026-06-03 10:45:00+00:00,156.6,158.15,156.6,157.2,3725.0
2026-06-03 11:00:00+00:00,157.2,158.2,157.2,157.5,4754.0
2026-06-03 11:15:00+00:00,157.75,159.8,157.75,159.25,3865.0
2026-06-03 11:30:00+00:00,159.25,160.0,158.65,160.0,4439.0
2026-06-03 11:45:00+00:00,160.45,162.2,160.25,162.1,6615.0
2026-06-03 12:00:00+00:00,162.1,163.4,161.4,163.4,8060.0
2026-06-03 12:15:00+00:00,163.4,163.4,161.3,162.65,9119.0
2026-06-03 12:30:00+00:00,162.7,162.9,160.35,161.0,4651.0
2026-06-03 12:45:00+00:00,160.9,161.05,160.1,160.7,2542.0
2026-06-03 13:00:00+00:00,160.9,161.85,160.8,160.8,4015.0
2026-06-03 13:15:00+00:00,160.65,161.15,158.8,158.85,4945.0
2026-06-03 13:30:00+00:00,159.05,160.65,157.8,158.55,52379.0
2026-06-03 13:45:00+00:00,158.6,160.65,157.8,160.55,48137.0
2026-06-03 14:00:00+00:00,160.6,163.7,160.6,163.05,9674.0
2026-06-03 14:15:00+00:00,163.2,165.65,162.0,165.65,21149.0
2026-06-03 14:30:00+00:00,165.65,166.75,165.0,166.05,15388.0
2026-06-03 14:45:00+00:00,165.75,165.8,162.5,162.9,9680.0
2026-06-03 15:00:00+00:00,163.45,164.45,162.65,164.15,6157.0
2026-06-03 15:15:00+00:00,164.0,164.55,163.0,163.3,9657.0
2026-06-04 07:00:00+00:00,161.05,162.55,157.25,157.35,38194.0
2026-06-04 07:15:00+00:00,157.25,158.15,156.05,157.35,22230.0
2026-06-04 07:30:00+00:00,157.85,159.2,157.25,157.3,5408.0
2026-06-04 07:45:00+00:00,157.1,157.1,155.1,155.15,8705.0
2026-06-04 08:00:00+00:00,155.25,155.5,152.2,152.6,12644.0
2026-06-04 08:15:00+00:00,152.6,153.0,151.3,152.3,9602.0
2026-06-04 08:30:00+00:00,152.45,153.7,151.6,152.45,18247.0
2026-06-04 08:45:00+00:00,152.55,153.45,152.0,152.0,7599.0
2026-06-04 09:00:00+00:00,151.8,151.95,150.25,150.55,22444.0
2026-06-04 09:15:00+00:00,150.5,151.5,150.35,150.95,10360.0
2026-06-04 09:30:00+00:00,150.95,152.95,150.55,151.65,17738.0
2026-06-04 09:45:00+00:00,151.65,153.8,151.3,153.15,6937.0
2026-06-04 10:00:00+00:00,153.15,154.15,153.1,154.05,4956.0
2026-06-04 10:15:00+00:00,154.1,154.9,152.8,153.0,5100.0
2026-06-04 10:30:00+00:00,153.15,153.3,152.0,152.0,4064.0
2026-06-04 10:45:00+00:00,152.1,152.15,151.1,152.0,8539.0
2026-06-04 11:00:00+00:00,152.0,153.0,151.5,151.55,8406.0
2026-06-04 11:15:00+00:00,151.65,152.55,151.2,152.55,4317.0
2026-06-04 11:30:00+00:00,152.55,152.6,150.5,150.95,15634.0
2026-06-04 11:45:00+00:00,150.9,151.5,150.7,151.45,2550.0
2026-06-04 12:00:00+00:00,151.45,151.65,150.2,150.2,4736.0
2026-06-04 12:15:00+00:00,150.3,150.75,149.1,149.95,16200.0
2026-06-04 12:30:00+00:00,149.95,150.6,149.85,149.9,2935.0
2026-06-04 12:45:00+00:00,150.0,151.45,149.65,151.45,3371.0
2026-06-04 13:00:00+00:00,151.4,151.7,150.6,151.15,4164.0
2026-06-04 13:15:00+00:00,151.25,152.0,151.0,151.3,4527.0
2026-06-04 13:30:00+00:00,151.25,154.0,151.1,152.05,10572.0
2026-06-04 13:45:00+00:00,152.3,153.15,150.65,150.65,17659.0
2026-06-04 14:00:00+00:00,150.75,151.55,149.8,151.4,6955.0
2026-06-04 14:15:00+00:00,151.45,152.55,150.95,152.2,5079.0
2026-06-04 14:30:00+00:00,152.2,152.25,150.2,150.2,9569.0
2026-06-04 14:45:00+00:00,150.25,152.55,149.8,152.4,6234.0
2026-06-04 15:00:00+00:00,152.6,157.0,152.4,156.75,15208.0
2026-06-04 15:15:00+00:00,156.6,156.9,155.7,156.0,12377.0
2026-06-05 07:00:00+00:00,152.0,152.55,147.05,148.4,38071.0
2026-06-05 07:15:00+00:00,148.45,150.3,148.35,150.0,5685.0
2026-06-05 07:30:00+00:00,149.9,150.6,149.15,149.25,3401.0
2026-06-05 07:45:00+00:00,149.1,149.3,148.7,148.9,3010.0
2026-06-05 08:00:00+00:00,148.95,149.55,148.25,149.25,4350.0
2026-06-05 08:15:00+00:00,149.2,149.9,148.95,149.6,2975.0
2026-06-05 08:30:00+00:00,149.55,149.65,148.5,148.5,6630.0
2026-06-05 08:45:00+00:00,148.5,149.3,148.25,148.6,5670.0
2026-06-05 09:00:00+00:00,148.55,150.0,148.45,149.55,6526.0
2026-06-05 09:15:00+00:00,149.6,150.5,148.95,150.1,3007.0
2026-06-05 09:30:00+00:00,150.0,150.7,149.55,150.05,2105.0
2026-06-05 09:45:00+00:00,150.25,150.6,149.85,150.25,4944.0
2026-06-05 10:00:00+00:00,150.1,150.25,149.4,149.75,1210.0
2026-06-05 10:15:00+00:00,149.75,150.8,149.7,150.8,1136.0
2026-06-05 10:30:00+00:00,150.9,151.65,150.65,150.9,3168.0
2026-06-05 10:45:00+00:00,151.05,151.15,150.45,150.45,1439.0
2026-06-05 11:00:00+00:00,150.5,151.9,150.3,151.6,2448.0
2026-06-05 11:15:00+00:00,151.4,151.8,150.95,151.8,1697.0
2026-06-05 11:30:00+00:00,151.8,152.3,151.4,151.4,2687.0
2026-06-05 11:45:00+00:00,151.6,151.9,151.4,151.5,1187.0
2026-06-05 12:00:00+00:00,151.4,152.0,151.15,151.6,1727.0
2026-06-05 12:15:00+00:00,151.6,151.75,151.2,151.25,1180.0
2026-06-05 12:30:00+00:00,151.3,152.05,151.05,151.45,3314.0
2026-06-05 12:45:00+00:00,151.55,152.0,150.6,150.7,4213.0
2026-06-05 13:00:00+00:00,150.65,151.0,150.1,150.8,3664.0
2026-06-05 13:15:00+00:00,150.7,151.25,150.1,150.2,1877.0
2026-06-05 13:30:00+00:00,150.35,150.6,147.7,148.8,15287.0
2026-06-05 13:45:00+00:00,148.85,150.35,147.85,148.95,13081.0
2026-06-05 14:00:00+00:00,148.8,149.95,148.3,149.6,2693.0
2026-06-05 14:15:00+00:00,149.65,150.45,147.75,147.75,15007.0
2026-06-05 14:30:00+00:00,147.8,149.6,147.8,149.4,9516.0
2026-06-05 14:45:00+00:00,149.4,149.55,148.1,149.0,5255.0
2026-06-05 15:00:00+00:00,148.9,148.9,145.3,145.65,20120.0
2026-06-05 15:15:00+00:00,145.5,147.35,145.5,147.2,12968.0
2026-06-08 07:00:00+00:00,138.15,142.8,137.3,141.8,95429.0
2026-06-08 07:15:00+00:00,141.7,149.0,141.6,148.65,31942.0
2026-06-08 07:30:00+00:00,148.45,151.7,147.9,151.65,15068.0
2026-06-08 07:45:00+00:00,151.6,153.3,150.7,153.1,23512.0
2026-06-08 08:00:00+00:00,153.0,155.95,152.05,155.55,33511.0
2026-06-08 08:15:00+00:00,155.25,155.95,154.6,155.45,9348.0
2026-06-08 08:30:00+00:00,155.25,157.6,154.55,155.0,16533.0
2026-06-08 08:45:00+00:00,155.2,156.15,153.5,154.65,14637.0
2026-06-08 09:00:00+00:00,154.45,155.7,154.45,154.55,5141.0
2026-06-08 09:15:00+00:00,154.75,155.85,154.6,155.7,7111.0
2026-06-08 09:30:00+00:00,155.65,156.7,155.6,156.15,10094.0
2026-06-08 09:45:00+00:00,156.25,156.4,155.7,156.0,8918.0
2026-06-08 10:00:00+00:00,156.0,156.05,154.7,155.5,6721.0
2026-06-08 10:15:00+00:00,155.4,155.5,154.65,154.65,6036.0
2026-06-08 10:30:00+00:00,154.6,154.95,153.6,154.05,4451.0
2026-06-08 10:45:00+00:00,154.2,154.6,153.95,154.6,2617.0
2026-06-08 11:00:00+00:00,154.45,156.05,154.1,155.8,10285.0
2026-06-08 11:15:00+00:00,156.05,156.1,155.0,155.4,12402.0
2026-06-08 11:30:00+00:00,155.4,156.15,154.85,155.0,10206.0
2026-06-08 11:45:00+00:00,154.95,154.95,153.8,153.85,2430.0
2026-06-08 12:00:00+00:00,153.9,154.4,152.2,152.9,5772.0
2026-06-08 12:15:00+00:00,152.85,153.35,152.2,152.2,1769.0
2026-06-08 12:30:00+00:00,152.2,153.4,152.2,153.35,1718.0
2026-06-08 12:45:00+00:00,153.3,154.65,153.3,154.55,4492.0
2026-06-08 13:00:00+00:00,154.8,156.7,154.65,155.5,11236.0
2026-06-08 13:15:00+00:00,155.6,156.7,155.35,156.45,8284.0
2026-06-08 13:30:00+00:00,156.4,156.5,153.25,154.05,14206.0
2026-06-08 13:45:00+00:00,153.875,154.95,152.9,153.0,8736.0
2026-06-08 14:00:00+00:00,153.15,153.8,151.8,153.15,4587.0
2026-06-08 14:15:00+00:00,153.2,154.3,152.3,154.25,4566.0
2026-06-08 14:30:00+00:00,154.2,155.1,153.75,154.1,9111.0
2026-06-08 14:45:00+00:00,154.1,155.25,154.1,154.95,8421.0
2026-06-08 15:00:00+00:00,154.85,157.9,154.65,157.65,17309.0
2026-06-08 15:15:00+00:00,157.7,158.8,157.05,158.55,22921.0
2026-06-09 07:00:00+00:00,159.95,160.25,155.2,158.35,27355.0
2026-06-09 07:15:00+00:00,158.5,160.4,156.0,156.0,14105.0
2026-06-09 07:30:00+00:00,155.75,157.1,155.1,155.5,6388.0
2026-06-09 07:45:00+00:00,155.4,155.4,153.3,153.7,7149.0
2026-06-09 08:00:00+00:00,153.7,156.95,153.3,156.4,7223.0
2026-06-09 08:15:00+00:00,156.25,156.8,155.25,156.3,5322.0
2026-06-09 08:30:00+00:00,156.25,156.65,155.8,156.6,2767.0
2026-06-09 08:45:00+00:00,156.6,156.7,156.0,156.05,2260.0
2026-06-09 09:00:00+00:00,155.95,156.5,155.4,155.6,2575.0
2026-06-09 09:15:00+00:00,155.55,156.0,155.3,155.8,1644.0
2026-06-09 09:30:00+00:00,155.8,156.15,155.5,156.0,2060.0
2026-06-09 09:45:00+00:00,155.85,156.9,155.6,155.6,3322.0
2026-06-09 10:00:00+00:00,155.6,155.85,154.35,155.1,3523.0
2026-06-09 10:15:00+00:00,155.2,155.5,154.95,155.4,2679.0
2026-06-09 10:30:00+00:00,155.3,155.9,154.4,155.9,3396.0
2026-06-09 10:45:00+00:00,155.9,157.15,155.9,156.7,6525.0
2026-06-09 11:00:00+00:00,156.65,157.35,156.65,157.1,3171.0
2026-06-09 11:15:00+00:00,157.15,157.15,156.05,156.05,1241.0
2026-06-09 11:30:00+00:00,156.15,156.15,154.85,155.55,1581.0
2026-06-09 11:45:00+00:00,155.45,156.35,155.1,156.25,1688.0
2026-06-09 12:00:00+00:00,156.25,156.25,154.7,154.7,1954.0
2026-06-09 12:15:00+00:00,154.75,154.75,154.1,154.4,3823.0
2026-06-09 12:30:00+00:00,154.45,154.5,153.5,153.65,4722.0
2026-06-09 12:45:00+00:00,153.7,153.85,153.1,153.85,2245.0
2026-06-09 13:00:00+00:00,153.9,155.95,151.75,151.8,16491.0
2026-06-09 13:15:00+00:00,151.45,152.85,151.2,152.1,5308.0
2026-06-09 13:30:00+00:00,152.15,152.2,149.5,151.2,16906.0
2026-06-09 13:45:00+00:00,151.45,152.8,150.9,151.35,6655.0
2026-06-09 14:00:00+00:00,151.25,152.5,148.15,148.55,14680.0
2026-06-09 14:15:00+00:00,148.7,148.9,146.95,147.0,15759.0
2026-06-09 14:30:00+00:00,147.0,147.0,144.4,144.6,18774.0
2026-06-09 14:45:00+00:00,144.75,145.05,144.0,144.0,12710.0
2026-06-09 15:15:00+00:00,144.5,144.65,140.3,141.0,51421.0
2026-06-10 07:00:00+00:00,137.25,137.8,126.9,128.85,118847.0
2026-06-10 07:15:00+00:00,128.85,133.95,128.65,130.95,24417.0
2026-06-10 07:30:00+00:00,130.9,130.9,124.7,125.3,37915.0
2026-06-10 07:45:00+00:00,125.3,125.6,124.0,124.85,19721.0
2026-06-10 08:00:00+00:00,124.8,126.1,123.55,124.95,23718.0
2026-06-10 08:15:00+00:00,125.15,125.2,123.05,123.5,14759.0
2026-06-10 08:30:00+00:00,123.6,123.8,120.45,121.05,44091.0
2026-06-10 08:45:00+00:00,121.05,123.4,120.75,122.65,31197.0
2026-06-10 09:00:00+00:00,122.95,124.2,122.05,122.15,12989.0
2026-06-10 09:15:00+00:00,122.15,123.7,121.15,123.7,13850.0
2026-06-10 09:30:00+00:00,123.6,125.9,122.55,123.95,10978.0
2026-06-10 09:45:00+00:00,123.8,123.9,121.4,121.85,14669.0
2026-06-10 10:00:00+00:00,121.7,122.9,121.05,122.7,10297.0
2026-06-10 10:15:00+00:00,122.8,123.0,121.8,122.2,6269.0
2026-06-10 10:30:00+00:00,122.2,123.5,121.6,121.9,12526.0
2026-06-10 10:45:00+00:00,121.85,122.5,120.5,121.45,17320.0
2026-06-10 11:00:00+00:00,121.55,121.55,118.6,120.15,23935.0
2026-06-10 11:15:00+00:00,119.9,120.75,118.9,120.1,15220.0
2026-06-10 11:30:00+00:00,120.2,122.8,120.1,122.0,9738.0
2026-06-10 11:45:00+00:00,121.8,121.8,119.3,119.8,17333.0
2026-06-10 12:00:00+00:00,119.9,121.75,119.85,120.7,7014.0
2026-06-10 12:15:00+00:00,120.4,122.25,120.05,121.9,7687.0
2026-06-10 12:30:00+00:00,121.85,125.45,121.7,125.45,20247.0
2026-06-10 12:45:00+00:00,125.5,126.5,124.9,125.1,14878.0
2026-06-10 13:00:00+00:00,125.15,125.5,123.6,123.65,7723.0
2026-06-10 13:15:00+00:00,123.55,124.0,122.5,122.5,7557.0
2026-06-10 13:30:00+00:00,122.5,125.8,121.45,125.4,33496.0
2026-06-10 13:45:00+00:00,125.45,128.0,124.9,125.35,25916.0
2026-06-10 14:00:00+00:00,125.5,128.6,124.2,127.5,17585.0
2026-06-10 14:15:00+00:00,127.6,128.2,125.7,126.5,13794.0
2026-06-10 14:30:00+00:00,126.475,127.0,124.7,124.75,14303.0
2026-06-10 14:45:00+00:00,124.55,124.9,122.55,123.55,33028.0
2026-06-10 15:00:00+00:00,123.5,125.1,122.9,124.35,18526.0
2026-06-10 15:15:00+00:00,124.3,125.65,123.5,124.75,34216.0
2026-06-11 07:00:00+00:00,129.75,131.6,127.5,129.35,39651.0
2026-06-11 07:15:00+00:00,129.2,129.95,127.3,127.6,11666.0
2026-06-11 07:30:00+00:00,127.65,128.9,127.5,128.75,6558.0
2026-06-11 07:45:00+00:00,128.6,131.8,128.6,130.8,12194.0
2026-06-11 08:00:00+00:00,130.7,133.35,130.7,132.65,11855.0
2026-06-11 08:15:00+00:00,132.65,133.2,131.6,131.8,6708.0
2026-06-11 08:30:00+00:00,131.9,132.25,131.4,131.4,5334.0
2026-06-11 08:45:00+00:00,131.45,131.65,130.85,131.25,4491.0
2026-06-11 09:00:00+00:00,131.2,131.6,130.05,130.2,3151.0
2026-06-11 09:15:00+00:00,130.4,130.9,130.3,130.35,3342.0
2026-06-11 09:30:00+00:00,130.5,130.5,129.2,129.3,5711.0
2026-06-11 09:45:00+00:00,129.35,130.15,129.25,129.85,2102.0
2026-06-11 10:00:00+00:00,129.7,130.05,129.45,129.75,3635.0
2026-06-11 10:15:00+00:00,129.85,129.95,129.25,129.75,2775.0
2026-06-11 10:30:00+00:00,129.8,130.05,129.4,129.75,1428.0
2026-06-11 10:45:00+00:00,129.55,130.2,129.55,130.15,2044.0
2026-06-11 11:00:00+00:00,130.0,130.0,129.15,129.3,1709.0
2026-06-11 11:15:00+00:00,129.25,129.55,128.55,128.95,3169.0
2026-06-11 11:30:00+00:00,129.0,129.4,128.75,129.0,1154.0
2026-06-11 11:45:00+00:00,128.9,130.8,128.7,130.55,3805.0
2026-06-11 12:00:00+00:00,130.6,130.65,130.0,130.15,2847.0
2026-06-11 12:15:00+00:00,130.2,130.2,128.05,129.05,4043.0
2026-06-11 12:30:00+00:00,129.15,129.15,127.2,128.2,9740.0
2026-06-11 12:45:00+00:00,128.1,128.5,127.5,127.7,3413.0
2026-06-11 13:00:00+00:00,127.7,129.15,127.05,129.1,4117.0
2026-06-11 13:15:00+00:00,129.3,130.1,129.05,129.3,3888.0
2026-06-11 13:30:00+00:00,129.2,129.8,127.2,128.2,6836.0
2026-06-11 13:45:00+00:00,128.1,131.15,128.1,129.5,8264.0
2026-06-11 14:00:00+00:00,129.3,130.35,128.9,128.9,6565.0
2026-06-11 14:15:00+00:00,129.0,130.4,128.2,129.95,5397.0
2026-06-11 14:30:00+00:00,130.0,131.3,129.925,130.1,6074.0
2026-06-11 14:45:00+00:00,130.15,130.15,128.6,129.0,4164.0
2026-06-11 15:00:00+00:00,129.0,130.7,128.55,130.45,7057.0
2026-06-11 15:15:00+00:00,130.55,131.3,129.9,130.05,12904.0
2026-06-12 07:00:00+00:00,134.2,135.15,129.65,130.9,45143.0
2026-06-12 07:15:00+00:00,130.7,131.9,129.15,130.15,8737.0
2026-06-12 07:30:00+00:00,129.85,130.0,127.8,129.1,13141.0
2026-06-12 07:45:00+00:00,129.15,130.6,128.05,129.0,9855.0
2026-06-12 08:00:00+00:00,129.1,129.85,128.3,129.2,8611.0
2026-06-12 08:15:00+00:00,128.9,130.5,128.85,129.6,8154.0
2026-06-12 08:30:00+00:00,129.4,130.2,129.1,129.7,6366.0
2026-06-12 08:45:00+00:00,129.4,131.0,129.3,130.35,5176.0
2026-06-12 09:00:00+00:00,130.5,132.05,130.5,131.85,4458.0
2026-06-12 09:15:00+00:00,131.95,132.15,131.0,131.0,5056.0
2026-06-12 09:30:00+00:00,131.0,131.6,130.7,131.15,2816.0
2026-06-12 09:45:00+00:00,130.95,131.55,130.7,131.15,2152.0
2026-06-12 10:00:00+00:00,131.1,131.8,131.0,131.3,3416.0
2026-06-12 10:15:00+00:00,131.3,131.6,131.0,131.5,3331.0
2026-06-12 10:30:00+00:00,131.5,131.5,130.7,130.85,8687.0
2026-06-12 10:45:00+00:00,130.9,131.15,130.75,130.95,3283.0
2026-06-12 11:00:00+00:00,130.95,131.95,130.45,130.65,7795.0
2026-06-12 11:15:00+00:00,130.5,132.5,130.5,132.45,16185.0
2026-06-12 11:30:00+00:00,132.45,132.8,131.8,132.45,2178.0
2026-06-12 11:45:00+00:00,132.55,133.05,131.9,131.9,1587.0
2026-06-12 12:00:00+00:00,131.9,132.4,131.8,132.15,1962.0
2026-06-12 12:15:00+00:00,132.25,132.25,131.45,131.5,2932.0
2026-06-12 12:30:00+00:00,131.45,132.0,130.9,131.25,1694.0
2026-06-12 12:45:00+00:00,131.1,131.95,131.05,131.8,1743.0
2026-06-12 13:00:00+00:00,131.75,132.5,131.0,131.95,3027.0
2026-06-12 13:15:00+00:00,132.25,132.85,131.5,131.75,2131.0
2026-06-12 13:30:00+00:00,131.4,132.5,129.45,130.05,9506.0
2026-06-12 13:45:00+00:00,130.05,132.85,129.85,131.95,5401.0
2026-06-12 14:00:00+00:00,132.2,134.5,132.05,133.65,24108.0
2026-06-12 14:15:00+00:00,133.75,135.7,133.35,133.8,12818.0
2026-06-12 14:30:00+00:00,133.8,135.45,133.8,134.45,3361.0
2026-06-12 14:45:00+00:00,134.4,136.9,134.1,135.8,8605.0
2026-06-12 15:00:00+00:00,135.8,136.4,135.55,136.05,6209.0
2026-06-12 15:15:00+00:00,136.1,137.1,135.9,136.55,9122.0
2026-06-15 07:00:00+00:00,139.0,139.8,134.7,138.95,73480.0
2026-06-15 07:15:00+00:00,138.85,139.1,135.9,138.4,11024.0
2026-06-15 07:30:00+00:00,138.25,140.8,138.15,140.25,9551.0
2026-06-15 07:45:00+00:00,140.35,140.5,138.75,139.95,6557.0
2026-06-15 08:00:00+00:00,139.8,141.9,139.5,141.0,6869.0
2026-06-15 08:15:00+00:00,141.05,141.65,140.45,141.4,5840.0
2026-06-15 08:30:00+00:00,141.45,142.9,141.0,142.0,4694.0
2026-06-15 08:45:00+00:00,142.15,142.55,140.15,140.4,16486.0
2026-06-15 09:00:00+00:00,140.15,140.45,139.5,139.8,4049.0
2026-06-15 09:15:00+00:00,139.9,140.0,139.15,139.7,2656.0
2026-06-15 09:30:00+00:00,139.75,140.35,139.65,139.75,2351.0
2026-06-15 09:45:00+00:00,139.5,139.8,139.0,139.8,1973.0
2026-06-15 10:00:00+00:00,139.65,139.65,138.25,138.85,1893.0
2026-06-15 10:15:00+00:00,138.6,138.9,138.45,138.9,801.0
2026-06-15 10:30:00+00:00,138.95,139.35,137.8,138.2,2895.0
2026-06-15 10:45:00+00:00,138.15,138.8,137.9,138.6,3664.0
2026-06-15 11:00:00+00:00,138.2,138.95,138.2,138.3,1319.0
2026-06-15 11:15:00+00:00,138.4,139.45,137.9,138.2,2217.0
2026-06-15 11:30:00+00:00,138.05,138.35,136.85,137.6,4282.0
2026-06-15 11:45:00+00:00,137.55,138.65,137.5,138.25,1099.0
2026-06-15 12:00:00+00:00,138.15,138.95,137.9,138.65,1202.0
2026-06-15 12:15:00+00:00,138.6,139.5,138.5,138.85,1774.0
2026-06-15 12:30:00+00:00,138.9,138.95,138.0,138.3,1142.0
2026-06-15 12:45:00+00:00,138.2,138.75,137.9,138.5,1750.0
2026-06-15 13:00:00+00:00,138.5,138.95,137.9,138.5,2128.0
2026-06-15 13:15:00+00:00,138.55,139.05,137.7,137.8,3613.0
2026-06-15 13:30:00+00:00,137.5,138.925,136.9,137.85,5346.0
2026-06-15 13:45:00+00:00,137.8,138.7,137.4,137.6,3434.0
2026-06-15 14:00:00+00:00,137.7,137.7,134.0,134.9,17808.0
2026-06-15 14:15:00+00:00,134.95,134.95,132.45,134.1,8956.0
2026-06-15 14:30:00+00:00,134.2,135.7,132.5,135.65,9437.0
2026-06-15 14:45:00+00:00,135.5,137.5,135.35,137.0,7640.0
2026-06-15 15:00:00+00:00,137.0,138.3,136.65,137.05,33920.0
2026-06-15 15:15:00+00:00,137.1,137.25,136.1,137.0,14382.0
2026-06-16 07:00:00+00:00,135.9,138.05,135.2,136.7,14055.0
2026-06-16 07:15:00+00:00,136.6,136.6,135.0,135.4,3876.0
2026-06-16 07:30:00+00:00,135.5,136.05,134.35,134.65,1830.0
2026-06-16 07:45:00+00:00,134.55,134.65,133.15,134.3,3460.0
2026-06-16 08:00:00+00:00,134.55,138.8,134.45,138.7,6051.0
2026-06-16 08:15:00+00:00,138.9,140.2,138.85,140.1,14370.0
2026-06-16 08:30:00+00:00,140.1,140.15,139.05,139.3,2562.0
2026-06-16 08:45:00+00:00,139.4,140.0,139.35,139.6,3526.0
2026-06-16 09:00:00+00:00,139.5,139.5,138.45,138.45,1549.0
2026-06-16 09:15:00+00:00,138.35,138.5,137.8,138.05,3177.0
2026-06-16 09:30:00+00:00,138.05,138.4,137.55,137.9,1832.0
2026-06-16 09:45:00+00:00,138.0,138.7,138.0,138.35,1434.0
2026-06-16 10:00:00+00:00,138.3,139.15,138.25,138.65,2219.0
2026-06-16 10:15:00+00:00,138.6,138.8,137.8,137.8,1440.0
2026-06-16 10:30:00+00:00,137.75,137.9,137.45,137.7,873.0
2026-06-16 10:45:00+00:00,137.65,137.65,137.2,137.4,1578.0
2026-06-16 11:00:00+00:00,137.45,138.2,137.45,137.5,1228.0
2026-06-16 11:15:00+00:00,137.8,137.85,137.15,137.65,881.0
2026-06-16 11:30:00+00:00,137.6,137.6,137.1,137.25,1349.0
2026-06-16 11:45:00+00:00,137.15,137.6,137.05,137.4,974.0
2026-06-16 12:00:00+00:00,137.35,137.35,136.0,136.3,2151.0
2026-06-16 12:15:00+00:00,136.25,136.4,135.85,135.95,611.0
2026-06-16 12:30:00+00:00,135.95,137.1,135.95,136.1,2656.0
2026-06-16 12:45:00+00:00,136.15,136.7,136.0,136.65,815.0
2026-06-16 13:00:00+00:00,136.4,136.7,136.0,136.7,2363.0
2026-06-16 13:15:00+00:00,136.65,137.2,134.95,134.95,2920.0
2026-06-16 13:30:00+00:00,134.8,135.75,133.5,133.7,6217.0
2026-06-16 13:45:00+00:00,133.9,135.3,133.65,134.65,3983.0
2026-06-16 14:00:00+00:00,134.8,135.1,132.6,132.6,7150.0
2026-06-16 14:15:00+00:00,132.55,132.6,128.4,129.45,21455.0
2026-06-16 14:30:00+00:00,129.55,130.7,128.05,130.15,8407.0
2026-06-16 14:45:00+00:00,130.2,130.2,127.25,128.05,16579.0
2026-06-16 15:00:00+00:00,128.05,130.1,127.7,129.4,6834.0
2026-06-16 15:15:00+00:00,129.5,130.2,128.35,128.65,15097.0
2026-06-17 07:00:00+00:00,129.6,130.7,127.0,128.15,26529.0
2026-06-17 07:15:00+00:00,128.0,129.05,126.5,127.05,7069.0
2026-06-17 07:30:00+00:00,126.95,127.8,126.7,127.05,4875.0
2026-06-17 07:45:00+00:00,127.1,127.35,125.8,127.35,7899.0
2026-06-17 08:00:00+00:00,127.35,129.75,127.35,129.3,7234.0
2026-06-17 08:15:00+00:00,129.3,129.4,128.7,129.0,1838.0
2026-06-17 08:30:00+00:00,129.0,129.1,128.2,128.25,2100.0
2026-06-17 08:45:00+00:00,128.25,128.75,128.2,128.75,1486.0
2026-06-17 09:00:00+00:00,128.75,129.1,128.35,128.5,2862.0
2026-06-17 09:15:00+00:00,128.5,128.55,127.85,127.85,1295.0
2026-06-17 09:30:00+00:00,127.9,128.45,127.5,128.45,2249.0
2026-06-17 09:45:00+00:00,128.3,128.7,128.05,128.15,1307.0
2026-06-17 10:00:00+00:00,128.05,128.15,127.45,127.55,2576.0
2026-06-17 10:15:00+00:00,127.45,127.95,127.1,127.75,1948.0
2026-06-17 10:30:00+00:00,127.65,128.0,127.25,127.95,1227.0
2026-06-17 10:45:00+00:00,127.95,128.35,127.8,128.25,402.0
2026-06-17 11:00:00+00:00,128.25,128.55,128.0,128.05,2262.0
2026-06-17 11:15:00+00:00,128.15,128.2,127.75,127.75,632.0
2026-06-17 11:30:00+00:00,127.75,127.75,127.3,127.3,861.0
2026-06-17 11:45:00+00:00,127.2,127.4,126.7,127.05,1763.0
2026-06-17 12:00:00+00:00,127.3,128.25,127.3,128.15,3731.0
2026-06-17 12:15:00+00:00,128.15,128.3,127.55,127.75,853.0
2026-06-17 12:30:00+00:00,127.65,127.9,127.1,127.6,1565.0
2026-06-17 12:45:00+00:00,127.5,127.55,126.8,126.85,919.0
2026-06-17 13:00:00+00:00,126.95,126.95,124.1,125.45,14987.0
2026-06-17 13:15:00+00:00,125.4,127.55,125.05,127.4,7313.0
2026-06-17 13:30:00+00:00,127.3,128.6,126.55,128.5,6307.0
2026-06-17 13:45:00+00:00,128.4,128.4,124.5,124.85,6637.0
2026-06-17 14:00:00+00:00,124.6,125.3,124.15,124.45,6454.0
2026-06-17 14:15:00+00:00,124.3,126.15,124.3,125.95,4813.0
2026-06-17 14:30:00+00:00,125.85,126.65,125.45,126.65,3792.0
2026-06-17 14:45:00+00:00,126.65,127.2,125.35,126.3,4971.0
2026-06-17 15:00:00+00:00,126.25,126.85,125.9,126.65,3417.0
2026-06-17 15:15:00+00:00,126.4,126.7,125.5,125.75,6405.0
2026-06-18 07:00:00+00:00,123.0,125.0,119.65,124.9,67717.0
2026-06-18 07:15:00+00:00,124.75,124.9,120.05,121.6,29063.0
2026-06-18 07:30:00+00:00,121.6,123.35,120.75,122.7,13618.0
2026-06-18 07:45:00+00:00,122.5,123.65,122.0,122.1,7571.0
2026-06-18 08:00:00+00:00,122.05,124.0,121.3,123.45,18206.0
2026-06-18 08:15:00+00:00,123.55,123.95,122.5,123.0,8776.0
2026-06-18 08:30:00+00:00,123.0,124.0,122.65,123.55,8919.0
2026-06-18 08:45:00+00:00,123.6,124.45,123.4,123.75,8726.0
2026-06-18 09:00:00+00:00,123.6,124.2,122.8,123.05,4299.0
2026-06-18 09:15:00+00:00,123.1,124.05,122.85,123.75,4450.0
2026-06-18 09:30:00+00:00,123.75,124.05,121.25,121.4,5416.0
2026-06-18 09:45:00+00:00,121.4,122.3,121.3,122.3,2491.0
2026-06-18 10:00:00+00:00,122.25,122.25,120.9,121.35,4764.0
2026-06-18 10:15:00+00:00,121.5,122.3,121.25,122.2,1981.0
2026-06-18 10:30:00+00:00,122.15,122.3,121.5,122.1,2483.0
2026-06-18 10:45:00+00:00,122.05,122.05,121.1,121.6,2927.0
2026-06-18 11:00:00+00:00,121.6,122.0,120.3,120.95,2623.0
2026-06-18 11:15:00+00:00,121.0,121.65,120.8,121.6,2020.0
2026-06-18 11:30:00+00:00,121.65,122.2,120.75,121.2,8837.0
2026-06-18 11:45:00+00:00,121.15,121.7,121.0,121.3,3875.0
2026-06-18 12:00:00+00:00,121.25,121.5,119.45,119.45,8905.0
2026-06-18 12:15:00+00:00,119.55,120.0,118.5,118.75,6967.0
2026-06-18 12:30:00+00:00,118.8,119.3,117.8,118.2,16041.0
2026-06-18 12:45:00+00:00,118.3,119.85,117.65,118.4,9320.0
2026-06-18 13:00:00+00:00,118.6,118.7,117.55,117.6,6775.0
2026-06-18 13:15:00+00:00,117.75,119.2,117.7,118.55,20100.0
2026-06-18 13:30:00+00:00,118.7,121.1,116.75,117.2,14779.0
2026-06-18 13:45:00+00:00,117.1,118.65,116.5,117.25,19945.0
2026-06-18 14:00:00+00:00,117.25,118.8,117.25,118.45,14276.0
2026-06-18 14:15:00+00:00,118.4,119.6,118.05,118.85,12106.0
2026-06-18 14:30:00+00:00,118.85,121.4,117.9,121.05,15484.0
2026-06-18 14:45:00+00:00,120.9,121.25,119.45,120.3,11636.0
2026-06-18 15:00:00+00:00,120.2,120.45,114.3,114.6,55151.0
2026-06-18 15:15:00+00:00,114.6,115.95,114.1,115.35,40179.0
2026-06-19 07:00:00+00:00,117.5,120.45,117.25,120.0,25903.0
2026-06-19 07:15:00+00:00,120.25,122.35,120.25,121.35,15462.0
2026-06-19 07:30:00+00:00,121.3,122.3,119.45,119.6,6835.0
2026-06-19 07:45:00+00:00,119.85,119.95,118.25,118.6,11320.0
2026-06-19 08:00:00+00:00,118.5,120.45,118.5,119.15,3373.0
2026-06-19 08:15:00+00:00,119.15,120.4,119.15,120.05,1655.0
2026-06-19 08:30:00+00:00,120.1,120.65,119.65,120.35,3959.0
2026-06-19 08:45:00+00:00,120.2,120.3,119.35,119.6,3673.0
2026-06-19 09:00:00+00:00,119.7,120.2,119.55,119.55,1248.0
2026-06-19 09:15:00+00:00,119.5,120.9,119.5,120.9,1631.0
2026-06-19 09:30:00+00:00,120.85,121.15,120.3,120.3,2776.0
2026-06-19 09:45:00+00:00,120.25,121.0,120.1,121.0,2516.0
2026-06-19 10:00:00+00:00,120.9,120.9,120.3,120.65,1217.0
2026-06-19 10:15:00+00:00,120.35,120.7,120.2,120.65,1261.0
2026-06-19 10:30:00+00:00,120.45,120.8,120.25,120.8,2898.0
2026-06-19 10:45:00+00:00,120.75,121.8,120.75,121.8,5589.0
2026-06-19 11:00:00+00:00,121.85,122.05,121.35,122.0,2946.0
2026-06-19 11:15:00+00:00,122.05,122.25,121.3,121.7,2298.0
2026-06-19 11:30:00+00:00,121.7,122.0,120.7,120.7,1928.0
2026-06-19 11:45:00+00:00,120.6,121.35,120.55,120.95,1369.0
2026-06-19 12:00:00+00:00,120.95,121.2,120.35,121.15,1679.0
2026-06-19 12:15:00+00:00,121.2,121.2,120.3,121.05,5401.0
2026-06-19 12:30:00+00:00,121.0,121.15,120.35,121.15,1142.0
2026-06-19 12:45:00+00:00,121.15,122.0,121.1,121.5,1342.0
2026-06-19 13:00:00+00:00,121.5,122.2,121.05,121.6,2034.0
2026-06-19 13:15:00+00:00,121.5,121.5,120.3,120.35,1913.0
2026-06-19 13:30:00+00:00,120.4,121.3,120.1,120.55,4051.0
2026-06-19 13:45:00+00:00,120.65,121.2,120.4,121.0,2875.0
2026-06-19 14:00:00+00:00,120.85,121.55,120.7,120.85,1846.0
2026-06-19 14:15:00+00:00,121.0,121.25,120.55,120.75,2877.0
2026-06-19 14:30:00+00:00,120.7,120.8,119.7,119.9,5972.0
2026-06-19 14:45:00+00:00,119.95,120.45,119.75,120.05,3955.0
2026-06-19 15:00:00+00:00,120.0,120.35,119.7,120.1,12727.0
2026-06-19 15:15:00+00:00,120.0,120.15,118.9,119.4,13727.0
2026-06-22 07:00:00+00:00,120.9,121.6,118.6,120.0,14325.0
2026-06-22 07:15:00+00:00,120.15,123.6,120.15,123.6,10793.0
2026-06-22 07:30:00+00:00,123.4,123.45,121.25,121.65,8566.0
2026-06-22 07:45:00+00:00,121.6,122.05,120.45,121.4,6998.0
2026-06-22 08:00:00+00:00,121.3,121.65,120.4,121.65,2435.0
2026-06-22 08:15:00+00:00,121.6,121.6,120.6,120.85,4769.0
2026-06-22 08:30:00+00:00,120.7,122.05,120.6,121.95,2702.0
2026-06-22 08:45:00+00:00,121.95,122.05,120.65,121.7,1987.0
2026-06-22 09:00:00+00:00,121.9,121.95,121.3,121.7,1085.0
2026-06-22 09:15:00+00:00,121.65,122.15,121.2,121.85,2214.0
2026-06-22 09:30:00+00:00,121.9,122.55,121.35,122.15,1854.0
2026-06-22 09:45:00+00:00,122.4,123.6,121.95,123.5,2734.0
2026-06-22 10:00:00+00:00,123.4,125.6,123.05,125.35,8531.0
2026-06-22 10:15:00+00:00,125.25,126.25,125.25,126.0,6225.0
2026-06-22 10:30:00+00:00,126.05,127.2,125.85,127.2,4567.0
2026-06-22 10:45:00+00:00,127.2,128.7,127.2,128.0,7834.0
2026-06-22 11:00:00+00:00,128.1,129.4,128.1,128.25,4741.0
2026-06-22 11:15:00+00:00,128.35,130.35,128.35,129.6,8780.0
2026-06-22 11:30:00+00:00,129.6,129.9,128.8,129.9,5155.0
2026-06-22 11:45:00+00:00,129.85,130.55,129.7,130.2,4229.0
2026-06-22 12:00:00+00:00,130.2,130.65,129.9,130.35,3960.0
2026-06-22 12:15:00+00:00,130.35,130.55,129.35,130.55,14467.0
2026-06-22 12:30:00+00:00,130.5,130.9,129.2,129.2,5667.0
2026-06-22 12:45:00+00:00,129.2,130.6,129.2,130.45,3222.0
2026-06-22 13:00:00+00:00,130.4,131.15,130.25,130.25,5061.0
2026-06-22 13:15:00+00:00,130.5,131.5,130.5,131.25,4852.0
2026-06-22 13:30:00+00:00,131.45,131.95,130.35,130.4,5783.0
2026-06-22 13:45:00+00:00,130.55,131.85,130.15,131.5,9044.0
2026-06-22 14:00:00+00:00,131.3,131.85,130.6,131.2,5531.0
2026-06-22 14:15:00+00:00,131.15,131.7,130.65,130.8,4371.0
2026-06-22 14:30:00+00:00,130.65,132.5,130.25,130.35,7326.0
2026-06-22 14:45:00+00:00,130.3,131.5,129.85,130.9,7844.0
2026-06-22 15:00:00+00:00,130.8,131.1,129.95,130.4,21214.0
2026-06-22 15:15:00+00:00,130.5,130.95,129.75,130.75,6242.0
2026-06-23 07:00:00+00:00,124.35,125.6,121.15,124.4,30628.0
2026-06-23 07:15:00+00:00,124.25,124.25,120.6,121.1,12048.0
2026-06-23 07:30:00+00:00,121.0,121.0,119.1,119.6,15387.0
2026-06-23 07:45:00+00:00,119.7,119.8,118.7,119.0,6001.0
2026-06-23 08:00:00+00:00,119.0,119.45,117.85,117.95,5954.0
2026-06-23 08:15:00+00:00,117.95,118.3,117.5,117.55,4956.0
2026-06-23 08:30:00+00:00,117.6,118.4,117.475,118.3,4468.0
2026-06-23 08:45:00+00:00,118.2,118.25,117.1,117.4,3246.0
2026-06-23 09:00:00+00:00,117.4,117.85,117.2,117.65,2325.0
2026-06-23 09:15:00+00:00,117.65,118.1,116.5,116.55,10900.0
2026-06-23 09:30:00+00:00,116.55,117.0,116.2,117.0,3490.0
2026-06-23 09:45:00+00:00,116.85,117.15,116.6,116.7,1390.0
2026-06-23 10:00:00+00:00,116.6,117.1,116.1,116.55,5872.0
2026-06-23 10:15:00+00:00,116.6,117.25,116.25,116.4,2907.0
2026-06-23 10:30:00+00:00,116.25,116.5,115.8,115.9,2097.0
2026-06-23 10:45:00+00:00,115.85,116.25,115.35,116.2,4816.0
2026-06-23 11:00:00+00:00,116.15,116.2,115.25,116.0,1761.0
2026-06-23 11:15:00+00:00,115.9,116.1,115.2,115.3,5882.0
2026-06-23 11:30:00+00:00,115.4,116.2,115.4,116.0,2380.0
2026-06-23 11:45:00+00:00,115.95,117.0,115.95,116.7,2241.0
2026-06-23 12:00:00+00:00,116.55,117.0,116.4,116.75,4083.0
2026-06-23 12:15:00+00:00,116.7,116.75,116.15,116.35,5925.0
2026-06-23 12:30:00+00:00,116.5,116.5,115.75,115.8,2989.0
2026-06-23 12:45:00+00:00,115.8,116.3,115.6,116.15,2640.0
2026-06-23 13:00:00+00:00,115.95,116.05,115.2,115.35,1818.0
2026-06-23 13:15:00+00:00,115.25,115.35,114.5,114.7,7949.0
2026-06-23 13:30:00+00:00,114.8,117.3,114.35,116.9,11615.0
2026-06-23 13:45:00+00:00,116.85,118.9,116.5,118.85,12426.0
2026-06-23 14:00:00+00:00,118.95,121.6,118.95,121.45,14970.0
2026-06-23 14:15:00+00:00,121.55,121.6,120.05,120.3,9268.0
2026-06-23 14:30:00+00:00,120.35,121.55,119.5,119.6,9578.0
2026-06-23 14:45:00+00:00,119.65,120.1,118.9,119.25,11796.0
2026-06-23 15:00:00+00:00,119.2,120.0,119.15,119.5,7722.0
2026-06-23 15:15:00+00:00,119.55,119.85,118.8,119.8,9603.0
2026-06-24 07:00:00+00:00,122.1,122.85,115.6,117.5,17209.0
2026-06-24 07:15:00+00:00,117.6,118.05,116.05,116.35,7420.0
2026-06-24 07:30:00+00:00,116.4,117.1,116.1,116.6,3608.0
2026-06-24 07:45:00+00:00,116.8,117.95,116.4,117.9,3209.0
2026-06-24 08:00:00+00:00,117.85,118.9,117.65,118.05,6188.0
2026-06-24 08:15:00+00:00,117.95,118.025,117.25,117.4,2540.0
2026-06-24 08:30:00+00:00,117.45,117.45,116.2,116.7,4915.0
2026-06-24 08:45:00+00:00,116.7,117.55,116.5,117.25,2864.0
2026-06-24 09:00:00+00:00,117.25,117.7,115.8,116.9,6894.0
2026-06-24 09:15:00+00:00,117.0,117.225,116.2,116.7,2835.0
2026-06-24 09:30:00+00:00,116.6,117.25,116.3,117.15,3544.0
2026-06-24 09:45:00+00:00,117.15,117.55,117.05,117.1,1548.0
2026-06-24 10:00:00+00:00,117.0,117.2,116.7,117.2,1850.0
2026-06-24 10:15:00+00:00,117.25,117.55,116.85,117.15,2082.0
2026-06-24 10:30:00+00:00,117.05,117.1,116.35,116.5,2345.0
2026-06-24 10:45:00+00:00,116.5,116.65,115.8,116.4,2857.0
2026-06-24 11:00:00+00:00,116.4,116.85,116.05,116.15,2608.0
2026-06-24 11:15:00+00:00,116.0,116.2,115.2,115.3,5629.0
2026-06-24 11:30:00+00:00,115.45,115.95,115.3,115.85,1023.0
2026-06-24 11:45:00+00:00,115.8,115.85,115.1,115.2,3189.0
2026-06-24 12:00:00+00:00,115.2,115.4,115.1,115.25,1283.0
2026-06-24 12:15:00+00:00,115.25,115.25,114.2,114.3,6204.0
2026-06-24 12:30:00+00:00,114.2,114.3,113.2,113.6,6847.0
2026-06-24 12:45:00+00:00,113.9,113.9,113.3,113.3,3031.0
2026-06-24 13:00:00+00:00,113.45,113.75,111.95,111.95,8158.0
2026-06-24 13:15:00+00:00,111.95,112.95,111.75,112.3,3823.0
2026-06-24 13:30:00+00:00,112.2,112.2,110.2,110.55,17965.0
2026-06-24 13:45:00+00:00,110.5,112.65,110.15,112.4,9619.0
2026-06-24 14:00:00+00:00,112.45,112.45,109.9,110.05,24736.0
2026-06-24 14:15:00+00:00,108.0,109.15,107.5,108.5,47097.0
2026-06-24 14:30:00+00:00,108.6,109.5,106.5,107.5,30273.0
2026-06-24 14:45:00+00:00,107.3,108.05,106.45,107.05,17705.0
2026-06-24 15:00:00+00:00,106.85,107.3,106.3,106.7,13650.0
2026-06-24 15:15:00+00:00,106.7,107.25,105.5,105.6,21841.0
2026-06-25 07:00:00+00:00,117.55,120.9,112.5,114.4,62224.0
2026-06-25 07:15:00+00:00,114.7,116.0,112.9,113.2,12077.0
2026-06-25 07:30:00+00:00,113.15,114.55,112.4,114.3,9567.0
2026-06-25 07:45:00+00:00,114.5,115.75,114.0,115.75,7350.0
2026-06-25 08:00:00+00:00,115.6,117.3,115.6,117.1,10291.0
2026-06-25 08:15:00+00:00,117.15,117.9,116.8,117.0,11249.0
2026-06-25 08:30:00+00:00,116.95,118.35,116.35,116.35,5643.0
2026-06-25 08:45:00+00:00,116.0,116.3,115.35,115.35,4640.0
2026-06-25 09:00:00+00:00,115.35,115.95,114.8,115.25,6425.0
2026-06-25 09:15:00+00:00,115.25,116.0,115.2,115.6,2905.0
2026-06-25 09:30:00+00:00,115.8,115.825,114.65,115.15,2646.0
2026-06-25 09:45:00+00:00,115.15,115.45,115.0,115.3,2148.0
2026-06-25 10:00:00+00:00,115.2,115.9,115.2,115.65,1847.0
2026-06-25 10:15:00+00:00,115.55,115.7,115.0,115.0,2361.0
2026-06-25 10:30:00+00:00,115.0,115.0,113.6,113.75,2971.0
2026-06-25 10:45:00+00:00,113.7,114.1,113.5,113.5,2095.0
2026-06-25 11:00:00+00:00,113.55,114.05,113.3,113.55,3040.0
2026-06-25 11:15:00+00:00,113.55,113.55,113.0,113.2,1763.0
2026-06-25 11:30:00+00:00,113.15,113.75,112.9,113.65,2112.0
2026-06-25 11:45:00+00:00,113.65,113.85,113.25,113.6,2077.0
2026-06-25 12:00:00+00:00,113.6,114.15,113.15,113.25,2797.0
2026-06-25 12:15:00+00:00,113.05,113.6,112.8,113.0,2065.0
2026-06-25 12:30:00+00:00,113.05,113.9,113.05,113.3,2562.0
2026-06-25 12:45:00+00:00,113.45,114.85,113.2,114.65,2661.0
2026-06-25 13:00:00+00:00,114.65,114.65,113.35,113.65,10635.0
2026-06-25 13:15:00+00:00,113.55,113.55,112.5,112.55,2459.0
2026-06-25 13:30:00+00:00,112.5,113.0,110.35,110.35,15393.0
2026-06-25 13:45:00+00:00,110.3,110.35,108.1,108.9,22096.0
2026-06-25 14:00:00+00:00,108.95,111.9,108.95,110.9,14031.0
2026-06-25 14:15:00+00:00,111.0,111.8,109.5,110.0,11908.0
2026-06-25 14:30:00+00:00,110.0,111.25,109.9,110.35,6230.0
2026-06-25 14:45:00+00:00,110.3,110.85,109.7,110.25,8355.0
2026-06-25 15:00:00+00:00,110.35,110.75,109.6,109.65,9222.0
2026-06-25 15:15:00+00:00,109.65,110.8,109.35,110.7,12933.0
2026-06-26 07:00:00+00:00,110.7,111.8,108.2,109.2,17480.0
2026-06-26 07:15:00+00:00,109.5,110.0,108.5,108.95,5260.0
2026-06-26 07:30:00+00:00,109.1,109.15,108.0,108.15,3087.0
2026-06-26 07:45:00+00:00,108.2,108.85,108.15,108.75,3301.0
2026-06-26 08:00:00+00:00,108.75,110.7,108.75,110.1,12808.0
2026-06-26 08:15:00+00:00,110.1,110.8,108.8,108.9,10867.0
2026-06-26 08:30:00+00:00,108.9,110.0,108.8,109.4,11487.0
2026-06-26 08:45:00+00:00,109.45,110.5,109.4,110.0,3774.0
2026-06-26 09:00:00+00:00,109.85,110.8,109.85,110.8,2972.0
2026-06-26 09:15:00+00:00,110.8,111.1,110.55,110.95,4017.0
2026-06-26 09:30:00+00:00,110.95,112.25,110.8,112.25,2710.0
2026-06-26 09:45:00+00:00,112.35,112.35,110.25,110.35,5260.0
2026-06-26 10:00:00+00:00,110.1,111.15,109.45,111.05,3252.0
2026-06-26 10:15:00+00:00,111.05,111.1,110.5,111.05,1623.0
2026-06-26 10:30:00+00:00,111.1,111.5,110.95,110.95,2042.0
2026-06-26 10:45:00+00:00,110.95,112.25,110.85,111.9,2527.0
2026-06-26 11:00:00+00:00,112.0,113.05,112.0,112.7,4496.0
2026-06-26 11:15:00+00:00,112.55,112.95,111.6,111.95,5457.0
2026-06-26 11:30:00+00:00,111.9,112.5,111.45,112.1,2959.0
2026-06-26 11:45:00+00:00,112.15,112.25,111.45,111.75,1069.0
2026-06-26 12:00:00+00:00,111.7,112.2,111.0,112.1,2877.0
2026-06-26 12:15:00+00:00,112.2,112.4,112.0,112.25,2169.0
2026-06-26 12:30:00+00:00,112.25,112.5,111.8,112.05,4524.0
2026-06-26 12:45:00+00:00,112.05,112.15,111.75,111.9,1266.0
2026-06-26 13:00:00+00:00,111.8,111.8,110.65,110.65,2833.0
2026-06-26 13:15:00+00:00,110.6,111.6,109.9,111.45,7529.0
2026-06-26 13:30:00+00:00,111.6,111.85,110.2,111.6,9562.0
2026-06-26 13:45:00+00:00,111.35,111.5,109.35,111.5,13956.0
2026-06-26 14:00:00+00:00,111.55,112.7,111.55,111.7,7013.0
2026-06-26 14:15:00+00:00,111.75,112.2,111.15,111.4,6923.0
2026-06-26 14:30:00+00:00,111.35,111.6,110.9,111.05,5134.0
2026-06-26 14:45:00+00:00,111.05,111.55,110.4,111.2,5895.0
2026-06-26 15:00:00+00:00,111.25,111.55,111.0,111.1,5729.0
2026-06-26 15:15:00+00:00,111.1,113.2,110.85,113.1,8949.0
2026-06-29 07:00:00+00:00,118.65,124.75,118.1,123.5,46198.0
2026-06-29 07:15:00+00:00,123.3,124.35,122.25,122.7,8113.0
2026-06-29 07:30:00+00:00,122.6,125.2,122.1,124.05,10046.0
2026-06-29 07:45:00+00:00,123.9,124.35,122.8,122.8,3079.0
2026-06-29 08:00:00+00:00,122.75,123.1,120.85,120.85,4796.0
2026-06-29 08:15:00+00:00,120.85,121.0,120.5,120.85,3525.0
2026-06-29 08:30:00+00:00,120.9,121.1,120.05,120.2,3163.0
2026-06-29 08:45:00+00:00,120.05,121.35,120.0,120.85,3467.0
2026-06-29 09:00:00+00:00,120.85,120.85,120.1,120.1,2144.0
2026-06-29 09:15:00+00:00,120.15,120.25,119.6,120.25,3198.0
2026-06-29 09:30:00+00:00,120.25,120.45,119.85,120.25,1900.0
2026-06-29 09:45:00+00:00,120.3,120.6,119.6,120.55,1950.0
2026-06-29 10:00:00+00:00,120.55,120.75,120.25,120.25,870.0
2026-06-29 10:15:00+00:00,120.25,120.3,119.55,120.2,1512.0
2026-06-29 10:30:00+00:00,120.2,120.5,119.95,120.2,950.0
2026-06-29 10:45:00+00:00,120.25,120.7,120.25,120.4,1889.0
2026-06-29 11:00:00+00:00,120.45,120.95,120.3,120.3,1885.0
2026-06-29 11:15:00+00:00,120.2,120.35,120.15,120.35,1023.0
2026-06-29 11:30:00+00:00,120.35,120.8,120.2,120.8,1314.0
2026-06-29 11:45:00+00:00,120.75,120.95,120.35,120.55,1211.0
2026-06-29 12:00:00+00:00,120.55,121.35,120.3,121.35,1820.0
2026-06-29 12:15:00+00:00,121.35,121.35,118.6,118.9,6022.0
2026-06-29 12:30:00+00:00,118.95,118.95,117.9,118.25,2920.0
2026-06-29 12:45:00+00:00,118.25,118.25,117.7,118.0,3726.0
2026-06-29 13:00:00+00:00,118.025,118.05,116.9,117.4,3421.0
2026-06-29 13:15:00+00:00,117.3,117.3,116.55,116.55,2014.0
2026-06-29 13:30:00+00:00,116.55,118.75,116.55,117.85,7556.0
2026-06-29 13:45:00+00:00,117.8,117.85,115.4,115.7,6997.0
2026-06-29 14:00:00+00:00,115.65,115.75,114.0,114.1,14084.0
2026-06-29 14:15:00+00:00,114.0,115.4,113.8,115.1,11051.0
2026-06-29 14:30:00+00:00,114.95,116.75,114.9,115.05,6678.0
2026-06-29 14:45:00+00:00,115.0,115.05,113.3,114.05,10176.0
2026-06-29 15:00:00+00:00,114.05,115.1,113.15,113.4,12171.0
2026-06-29 15:15:00+00:00,113.45,113.55,111.15,112.6,15965.0
2026-06-30 07:00:00+00:00,118.85,119.05,115.95,116.95,18373.0
2026-06-30 07:15:00+00:00,117.25,117.65,116.55,116.8,2520.0
2026-06-30 07:30:00+00:00,116.8,117.55,116.4,117.55,2061.0
2026-06-30 07:45:00+00:00,117.5,117.7,116.9,117.25,2528.0
2026-06-30 08:00:00+00:00,117.25,117.45,115.95,115.95,3093.0
2026-06-30 08:15:00+00:00,115.9,115.9,114.8,115.15,4212.0
2026-06-30 08:30:00+00:00,115.05,115.45,114.25,114.25,3249.0
2026-06-30 08:45:00+00:00,114.4,114.45,113.25,113.95,2939.0
2026-06-30 09:00:00+00:00,113.85,114.3,113.45,114.05,1080.0
2026-06-30 09:15:00+00:00,114.15,114.65,114.0,114.65,1053.0
2026-06-30 09:30:00+00:00,114.7,114.7,114.1,114.4,2359.0
2026-06-30 09:45:00+00:00,114.5,115.3,114.5,114.8,2236.0
2026-06-30 10:00:00+00:00,114.85,115.2,114.5,115.05,2294.0
2026-06-30 10:15:00+00:00,115.25,115.4,114.85,115.4,2733.0
2026-06-30 10:30:00+00:00,115.45,116.15,115.4,115.95,1902.0
2026-06-30 10:45:00+00:00,115.85,116.05,115.8,115.85,1181.0
2026-06-30 11:00:00+00:00,115.85,116.65,115.7,116.3,1959.0
2026-06-30 11:15:00+00:00,116.2,117.3,116.15,116.9,1771.0
2026-06-30 11:30:00+00:00,116.9,117.4,116.7,116.7,1668.0
2026-06-30 11:45:00+00:00,116.65,117.15,116.25,116.8,1898.0
2026-06-30 12:00:00+00:00,116.8,116.8,115.5,115.8,2468.0
2026-06-30 12:15:00+00:00,115.7,116.1,115.5,115.65,2184.0
2026-06-30 12:30:00+00:00,115.5,115.55,114.75,114.8,1629.0
2026-06-30 12:45:00+00:00,114.8,115.6,114.65,115.5,1822.0
2026-06-30 13:00:00+00:00,115.5,116.4,115.25,116.4,1578.0
2026-06-30 13:15:00+00:00,116.6,117.0,116.4,116.5,2986.0
2026-06-30 13:30:00+00:00,116.65,118.45,116.65,117.35,7161.0
2026-06-30 13:45:00+00:00,117.35,117.8,116.9,117.2,5217.0
2026-06-30 14:00:00+00:00,117.2,118.3,116.8,118.25,5465.0
2026-06-30 14:15:00+00:00,118.2,118.55,117.9,118.5,7461.0
2026-06-30 14:30:00+00:00,118.45,119.3,118.45,118.6,5435.0
2026-06-30 14:45:00+00:00,118.5,118.65,116.55,116.75,9556.0
2026-06-30 15:00:00+00:00,116.6,117.7,116.45,117.7,5207.0
2026-06-30 15:15:00+00:00,117.85,117.85,116.7,116.7,8375.0
2026-07-01 07:00:00+00:00,116.75,118.15,115.75,117.6,14811.0
2026-07-01 07:15:00+00:00,117.5,121.3,117.15,121.0,7642.0
2026-07-01 07:30:00+00:00,120.8,122.9,120.65,122.4,7596.0
2026-07-01 07:45:00+00:00,122.55,123.6,121.2,121.95,8912.0
2026-07-01 08:00:00+00:00,121.9,122.9,121.45,122.45,3316.0
2026-07-01 08:15:00+00:00,122.45,122.45,121.2,121.6,3301.0
2026-07-01 08:30:00+00:00,121.6,121.7,120.15,120.8,2825.0
2026-07-01 08:45:00+00:00,120.85,121.3,120.4,121.3,3083.0
2026-07-01 09:00:00+00:00,121.1,121.1,120.6,120.7,640.0
2026-07-01 09:15:00+00:00,120.85,121.25,120.7,121.0,2211.0
2026-07-01 09:30:00+00:00,120.85,121.15,120.65,120.85,1191.0
2026-07-01 09:45:00+00:00,120.7,121.1,119.875,120.15,2729.0
2026-07-01 10:00:00+00:00,120.15,120.15,119.15,119.25,828.0
2026-07-01 10:15:00+00:00,119.45,120.35,119.45,120.2,1234.0
2026-07-01 10:30:00+00:00,120.35,120.5,119.85,119.95,619.0
2026-07-01 10:45:00+00:00,120.0,120.6,119.85,120.45,408.0
2026-07-01 11:00:00+00:00,120.5,120.6,119.45,119.9,1193.0
2026-07-01 11:15:00+00:00,120.0,120.55,119.45,120.4,7918.0
2026-07-01 11:30:00+00:00,120.4,123.4,120.4,123.2,12980.0
2026-07-01 11:45:00+00:00,123.25,124.45,122.85,122.95,6436.0
2026-07-01 12:00:00+00:00,123.2,124.2,123.1,123.25,4380.0
2026-07-01 12:15:00+00:00,123.2,124.2,123.1,124.15,2021.0
2026-07-01 12:30:00+00:00,124.1,124.15,122.2,122.45,7503.0
2026-07-01 12:45:00+00:00,122.25,122.4,119.9,120.125,6041.0
2026-07-01 13:00:00+00:00,120.05,120.1,118.05,118.55,6133.0
2026-07-01 13:15:00+00:00,118.55,118.95,117.5,117.8,5087.0
2026-07-01 13:30:00+00:00,117.75,118.9,116.1,118.05,19253.0
2026-07-01 13:45:00+00:00,117.9,118.8,117.15,117.85,10161.0
2026-07-01 14:00:00+00:00,118.0,118.8,117.6,117.8,4650.0
2026-07-01 14:15:00+00:00,117.5,117.5,116.5,116.6,5458.0
2026-07-01 14:30:00+00:00,116.6,116.75,115.45,115.6,8202.0
2026-07-01 14:45:00+00:00,115.5,115.65,113.375,113.55,12354.0
2026-07-01 15:00:00+00:00,113.6,115.2,113.6,115.2,7112.0
2026-07-01 15:15:00+00:00,115.35,117.35,115.35,117.25,7028.0
2026-07-02 07:00:00+00:00,111.1,112.8,109.8,110.4,30829.0
2026-07-02 07:15:00+00:00,110.45,110.95,109.4,110.0,6331.0
2026-07-02 07:30:00+00:00,110.1,112.45,109.95,112.05,7872.0
2026-07-02 07:45:00+00:00,111.85,112.1,111.0,111.45,6056.0
2026-07-02 08:00:00+00:00,111.55,111.75,110.1,110.25,2685.0
2026-07-02 08:15:00+00:00,110.25,111.35,110.05,111.2,2036.0
2026-07-02 08:30:00+00:00,111.2,111.7,111.0,111.5,1659.0
2026-07-02 08:45:00+00:00,111.35,111.75,111.0,111.6,2918.0
2026-07-02 09:00:00+00:00,111.6,112.1,111.4,111.7,2394.0
2026-07-02 09:15:00+00:00,111.75,112.55,111.65,112.45,3441.0
2026-07-02 09:30:00+00:00,112.55,112.9,112.4,112.55,1671.0
2026-07-02 09:45:00+00:00,112.6,112.75,112.05,112.15,2263.0
2026-07-02 10:00:00+00:00,112.2,112.6,112.2,112.3,1310.0
2026-07-02 10:15:00+00:00,112.15,112.75,112.0,112.55,1756.0
2026-07-02 10:30:00+00:00,112.55,113.5,112.5,113.0,1348.0
2026-07-02 10:45:00+00:00,113.2,113.5,112.95,113.25,1027.0
2026-07-02 11:00:00+00:00,113.4,113.6,113.4,113.6,774.0
2026-07-02 11:15:00+00:00,113.6,114.35,113.45,114.2,1125.0
2026-07-02 11:30:00+00:00,114.2,114.95,114.1,114.7,2275.0
2026-07-02 11:45:00+00:00,114.75,115.3,114.75,115.15,2343.0
2026-07-02 12:00:00+00:00,115.15,116.1,115.0,115.95,3309.0
2026-07-02 12:15:00+00:00,116.1,117.05,116.1,116.9,2078.0
2026-07-02 12:30:00+00:00,117.2,118.625,117.2,117.75,7892.0
2026-07-02 12:45:00+00:00,117.75,117.8,116.7,116.95,4777.0
2026-07-02 13:00:00+00:00,117.0,117.4,116.65,116.85,2637.0
2026-07-02 13:15:00+00:00,116.9,117.65,115.9,116.25,3550.0
2026-07-02 13:30:00+00:00,116.25,117.35,115.35,117.0,5001.0
2026-07-02 13:45:00+00:00,116.95,118.25,116.75,117.55,4131.0
2026-07-02 14:00:00+00:00,117.4,117.45,115.3,115.45,5988.0
2026-07-02 14:15:00+00:00,115.4,115.9,113.65,113.85,7896.0
2026-07-02 14:30:00+00:00,113.95,114.6,113.25,113.5,7207.0
2026-07-02 14:45:00+00:00,113.45,114.0,112.5,113.4,16273.0
2026-07-02 15:00:00+00:00,113.35,113.35,111.0,111.45,9148.0
2026-07-02 15:15:00+00:00,111.35,111.95,110.75,111.55,8881.0
2026-07-03 07:00:00+00:00,115.0,116.05,113.55,115.7,29559.0
2026-07-03 07:15:00+00:00,115.9,116.9,115.2,116.5,9357.0
2026-07-03 07:30:00+00:00,116.525,117.15,115.75,117.05,5286.0
2026-07-03 07:45:00+00:00,116.95,116.95,116.15,116.25,4014.0
2026-07-03 08:00:00+00:00,116.2,117.25,116.2,116.25,3649.0
2026-07-03 08:15:00+00:00,116.2,116.6,116.05,116.55,1123.0
2026-07-03 08:30:00+00:00,116.55,116.65,116.3,116.4,1079.0
2026-07-03 08:45:00+00:00,116.5,116.7,116.1,116.6,2080.0
2026-07-03 09:00:00+00:00,116.7,116.7,115.85,116.5,2122.0
2026-07-03 09:15:00+00:00,116.45,117.25,116.45,117.1,2913.0
2026-07-03 09:30:00+00:00,117.0,117.55,116.95,117.55,4617.0
2026-07-03 09:45:00+00:00,117.45,117.8,117.1,117.7,3417.0
2026-07-03 10:00:00+00:00,117.6,117.65,117.05,117.1,1300.0
2026-07-03 10:15:00+00:00,117.15,117.2,116.9,117.1,889.0
2026-07-03 10:30:00+00:00,116.95,117.3,116.85,117.25,983.0
2026-07-03 10:45:00+00:00,117.3,117.3,116.25,116.4,2297.0
2026-07-03 11:00:00+00:00,116.45,116.8,116.45,116.7,566.0
2026-07-03 11:15:00+00:00,116.75,116.75,116.2,116.25,1873.0
2026-07-03 11:30:00+00:00,116.2,116.4,116.0,116.05,3007.0
2026-07-03 11:45:00+00:00,116.0,116.6,116.0,116.4,600.0
2026-07-03 12:00:00+00:00,116.4,117.25,116.4,117.25,1735.0
2026-07-03 12:15:00+00:00,117.35,118.0,117.2,117.6,3872.0
2026-07-03 12:30:00+00:00,117.55,118.15,117.55,118.1,1949.0
2026-07-03 12:45:00+00:00,118.1,118.65,118.05,118.35,4018.0
2026-07-03 13:00:00+00:00,118.35,118.5,117.9,118.5,3158.0
2026-07-03 13:15:00+00:00,118.45,118.8,118.3,118.3,4183.0
2026-07-03 13:30:00+00:00,118.3,118.3,117.5,117.5,3972.0
2026-07-03 13:45:00+00:00,117.35,117.45,117.05,117.05,2228.0
2026-07-03 14:00:00+00:00,117.1,117.4,116.85,117.05,5201.0
2026-07-03 14:15:00+00:00,117.1,117.4,117.05,117.2,2145.0
2026-07-03 14:30:00+00:00,117.2,117.5,116.8,117.3,1700.0
2026-07-03 14:45:00+00:00,117.3,117.8,117.25,117.5,1643.0
2026-07-03 15:00:00+00:00,117.5,117.7,116.95,117.05,2960.0
2026-07-03 15:15:00+00:00,117.2,117.25,116.75,116.85,3601.0
2026-07-06 07:00:00+00:00,113.7,115.3,113.0,114.2,17237.0
2026-07-06 07:15:00+00:00,114.15,114.3,113.4,113.85,3163.0
2026-07-06 07:30:00+00:00,113.8,114.65,113.5,114.5,1255.0
2026-07-06 07:45:00+00:00,114.75,115.25,114.35,115.15,2847.0
2026-07-06 08:00:00+00:00,114.95,115.65,114.8,115.05,2316.0
2026-07-06 08:15:00+00:00,115.2,115.65,115.2,115.45,10030.0
2026-07-06 08:30:00+00:00,115.55,115.55,114.75,114.95,2259.0
2026-07-06 08:45:00+00:00,115.0,115.6,114.8,115.55,851.0
2026-07-06 09:00:00+00:00,115.35,115.9,115.075,115.1,617.0
2026-07-06 09:15:00+00:00,115.3,116.25,115.15,115.45,2520.0
2026-07-06 09:30:00+00:00,115.5,115.6,114.8,115.3,1433.0
2026-07-06 09:45:00+00:00,115.25,115.65,115.1,115.55,216.0
2026-07-06 10:00:00+00:00,115.35,115.7,115.35,115.45,495.0
2026-07-06 10:15:00+00:00,115.7,115.9,115.7,115.8,681.0
2026-07-06 10:30:00+00:00,115.8,116.4,115.7,115.7,1926.0
2026-07-06 10:45:00+00:00,115.65,116.0,115.65,115.9,633.0
2026-07-06 11:00:00+00:00,115.775,115.775,115.25,115.3,600.0
2026-07-06 11:15:00+00:00,115.55,115.65,115.55,115.55,85.0
2026-07-06 11:30:00+00:00,115.7,116.0,115.55,115.95,864.0
2026-07-06 11:45:00+00:00,116.05,116.4,116.0,116.3,1788.0
2026-07-06 12:00:00+00:00,116.3,116.7,116.2,116.6,1276.0
2026-07-06 12:15:00+00:00,116.55,116.9,116.4,116.4,1557.0
2026-07-06 12:30:00+00:00,116.3,116.4,115.3,115.4,1262.0
2026-07-06 12:45:00+00:00,115.55,115.7,114.75,115.6,2775.0
2026-07-06 13:00:00+00:00,115.65,115.75,114.9,114.95,1564.0
2026-07-06 13:15:00+00:00,115.05,115.7,115.05,115.275,4114.0
2026-07-06 13:30:00+00:00,115.0,117.1,114.75,116.65,10381.5
2026-07-06 13:45:00+00:00,116.6,117.65,116.1,116.7,8418.0
2026-07-06 14:00:00+00:00,116.6,118.15,116.55,118.1,5191.0
2026-07-06 14:15:00+00:00,118.15,118.45,117.5,117.95,5923.0
2026-07-06 14:30:00+00:00,118.05,118.3,117.25,117.85,4254.0
2026-07-06 14:45:00+00:00,117.85,118.5,117.55,117.8,8784.0
2026-07-06 15:00:00+00:00,117.75,118.45,117.45,117.75,3675.0
2026-07-06 15:15:00+00:00,117.75,118.7,117.5,118.6,5711.0
2026-07-07 07:00:00+00:00,113.35,113.4,106.15,107.25,72036.0
2026-07-07 07:15:00+00:00,107.25,107.75,104.7,105.8,29180.0
2026-07-07 07:30:00+00:00,105.55,105.6,102.5,102.65,22779.0
2026-07-07 07:45:00+00:00,102.65,104.1,102.4,103.25,36217.0
2026-07-07 08:00:00+00:00,103.2,103.6,102.05,102.3,16607.0
2026-07-07 08:15:00+00:00,102.25,102.25,102.05,102.05,7041.0
2026-07-07 08:30:00+00:00,102.35,103.4,102.05,102.05,16775.0
2026-07-07 08:45:00+00:00,102.4,104.5,101.1,103.5,25857.0
2026-07-07 09:00:00+00:00,103.7,104.1,103.0,104.0,11529.0
2026-07-07 09:15:00+00:00,104.0,104.05,102.35,103.25,18200.0
2026-07-07 09:30:00+00:00,103.25,103.35,102.55,102.7,4723.0
2026-07-07 09:45:00+00:00,102.65,103.05,102.25,102.9,7120.0
2026-07-07 10:00:00+00:00,102.8,103.8,102.55,103.8,4151.0
2026-07-07 10:15:00+00:00,103.9,105.0,103.8,104.9,4489.0
2026-07-07 10:30:00+00:00,104.8,104.9,104.1,104.25,4197.0
2026-07-07 10:45:00+00:00,104.25,104.45,103.7,103.9,4403.0
2026-07-07 11:00:00+00:00,103.9,104.0,103.35,103.7,2931.0
2026-07-07 11:15:00+00:00,103.8,104.9,103.65,104.75,10965.0
2026-07-07 11:30:00+00:00,104.8,104.9,104.05,104.45,3506.0
2026-07-07 11:45:00+00:00,104.425,104.5,103.5,103.85,2983.0
2026-07-07 12:00:00+00:00,103.7,104.0,103.5,103.8,2122.0
2026-07-07 12:15:00+00:00,103.65,104.0,103.3,103.35,3128.0
2026-07-07 12:30:00+00:00,103.45,104.05,103.25,103.4,3767.0
2026-07-07 12:45:00+00:00,103.4,103.4,102.85,102.9,3868.0
2026-07-07 13:00:00+00:00,102.9,103.0,101.95,102.5,19026.0
2026-07-07 13:15:00+00:00,102.55,103.1,102.15,102.7,4840.0
2026-07-07 13:30:00+00:00,102.5,105.15,101.95,104.9,32635.0
2026-07-07 13:45:00+00:00,104.95,105.0,102.8,102.95,8138.0
2026-07-07 14:00:00+00:00,102.95,103.15,100.55,100.6,20953.0
2026-07-07 14:15:00+00:00,100.65,100.95,99.22,100.3,36891.0
2026-07-07 14:30:00+00:00,100.35,100.55,98.76,98.84,20473.0
2026-07-07 14:45:00+00:00,98.82,100.2,98.28,99.98,28264.0
2026-07-07 15:00:00+00:00,99.96,99.96,98.78,99.12,33669.0
2026-07-07 15:15:00+00:00,99.04,99.14,97.54,98.3,58503.0
2026-07-08 07:00:00+00:00,97.58,98.58,95.52,96.74,45884.0
2026-07-08 07:15:00+00:00,96.54,99.58,96.4,99.3,11287.0
2026-07-08 07:30:00+00:00,99.34,99.84,98.8,99.56,5977.0
2026-07-08 07:45:00+00:00,99.62,99.96,97.8,98.16,12426.0
2026-07-08 08:00:00+00:00,98.26,98.32,96.62,97.92,16456.0
2026-07-08 08:15:00+00:00,97.82,97.82,96.08,96.16,7206.0
2026-07-08 08:30:00+00:00,96.14,96.84,95.52,96.84,17439.0
2026-07-08 08:45:00+00:00,96.72,96.9,96.24,96.38,3632.0
2026-07-08 09:00:00+00:00,96.46,96.94,95.78,95.78,2292.0
2026-07-08 09:15:00+00:00,95.6,95.66,94.44,94.98,9704.0
2026-07-08 09:30:00+00:00,95.0,95.7,94.74,95.5,6518.0
2026-07-08 09:45:00+00:00,95.58,95.7,95.4,95.46,3562.0
2026-07-08 10:00:00+00:00,95.6,95.8,95.22,95.8,1388.0
2026-07-08 10:15:00+00:00,95.84,96.44,95.8,96.44,1699.0
2026-07-08 10:30:00+00:00,96.2,96.68,96.2,96.46,1017.0
2026-07-08 10:45:00+00:00,96.56,96.64,96.3,96.48,891.0
2026-07-08 11:00:00+00:00,96.4,96.94,96.3,96.94,424.0
2026-07-08 11:15:00+00:00,96.9,97.4,96.86,97.4,1440.0
2026-07-08 11:30:00+00:00,97.38,98.04,97.1,97.6,6105.0
2026-07-08 11:45:00+00:00,97.52,97.8,97.26,97.26,1520.0
2026-07-08 12:00:00+00:00,97.1,97.46,96.88,97.04,2224.0
2026-07-08 12:15:00+00:00,96.92,96.92,96.36,96.76,935.0
2026-07-08 12:30:00+00:00,96.74,96.78,96.24,96.46,806.0
2026-07-08 12:45:00+00:00,96.49,96.92,96.26,96.26,1245.0
2026-07-08 13:00:00+00:00,96.38,96.84,96.16,96.84,964.0
2026-07-08 13:15:00+00:00,96.84,97.48,96.72,97.22,1584.0
2026-07-08 13:30:00+00:00,97.66,99.04,97.66,99.04,7528.0
2026-07-08 13:45:00+00:00,99.06,99.52,98.5,99.26,9478.0
2026-07-08 14:00:00+00:00,99.18,99.64,98.66,98.9,4345.0
2026-07-08 14:15:00+00:00,98.76,99.78,98.66,99.18,3643.0
2026-07-08 14:30:00+00:00,99.12,99.24,98.68,98.92,2460.0
2026-07-08 14:45:00+00:00,98.96,99.66,98.22,99.58,4763.0
2026-07-08 15:00:00+00:00,99.54,99.94,98.96,99.0,4200.0
2026-07-08 15:15:00+00:00,98.96,99.3,97.84,98.22,7994.0
2026-07-09 07:00:00+00:00,102.25,105.9,101.75,105.0,43254.0
2026-07-09 07:15:00+00:00,105.0,105.5,103.4,105.15,13543.0
2026-07-09 07:30:00+00:00,105.2,105.4,104.35,104.75,2897.0
2026-07-09 07:45:00+00:00,104.7,104.9,104.0,104.1,3776.0
2026-07-09 08:00:00+00:00,104.1,104.3,102.2,102.55,5627.0
2026-07-09 08:15:00+00:00,102.75,104.25,102.65,103.75,4055.0
2026-07-09 08:30:00+00:00,103.6,103.8,102.9,103.1,1645.0
2026-07-09 08:45:00+00:00,102.95,103.55,102.75,103.35,2105.0
2026-07-09 09:00:00+00:00,103.2,103.3,102.75,103.2,1290.0
2026-07-09 09:15:00+00:00,103.4,103.4,102.75,102.75,714.0
2026-07-09 09:30:00+00:00,102.7,102.7,102.2,102.2,1976.0
2026-07-09 09:45:00+00:00,102.45,102.75,102.35,102.5,419.0
2026-07-09 10:00:00+00:00,102.35,102.7,102.3,102.45,1421.0
2026-07-09 10:15:00+00:00,102.4,102.6,102.15,102.5,744.0
2026-07-09 10:30:00+00:00,102.45,102.45,101.85,101.85,2661.0
2026-07-09 10:45:00+00:00,101.75,101.95,101.45,101.8,3631.0
2026-07-09 11:00:00+00:00,101.85,102.7,101.85,102.55,1503.0
2026-07-09 11:15:00+00:00,102.4,102.6,102.1,102.6,444.0
2026-07-09 11:30:00+00:00,102.5,103.05,102.45,103.05,739.0
2026-07-09 11:45:00+00:00,103.1,103.3,103.05,103.1,1868.0
2026-07-09 12:00:00+00:00,103.2,103.2,102.65,102.65,1127.0
2026-07-09 12:15:00+00:00,102.75,102.8,102.55,102.6,903.0
2026-07-09 12:30:00+00:00,102.9,103.55,102.9,103.5,2222.0
2026-07-09 12:45:00+00:00,103.4,103.95,103.35,103.65,2126.0
2026-07-09 13:00:00+00:00,103.6,104.2,103.2,104.0,2081.0
2026-07-09 13:15:00+00:00,103.85,104.0,103.45,103.8,1983.0
2026-07-09 13:30:00+00:00,103.9,104.7,103.65,104.4,5629.0
2026-07-09 13:45:00+00:00,104.45,105.3,103.95,105.3,7106.0
2026-07-09 14:00:00+00:00,105.15,105.2,104.425,105.15,4362.0
2026-07-09 14:15:00+00:00,105.1,105.45,104.15,105.25,4906.0
2026-07-09 14:30:00+00:00,105.35,105.75,105.1,105.45,7359.0
2026-07-09 14:45:00+00:00,105.5,106.05,105.1,105.25,7568.0
2026-07-09 15:00:00+00:00,105.25,106.0,105.2,105.85,4708.0
2026-07-09 15:15:00+00:00,105.75,106.1,105.55,105.6,5844.0
2026-07-10 07:00:00+00:00,101.5,102.45,100.2,101.0,13343.0
2026-07-10 07:15:00+00:00,101.25,101.6,100.05,101.6,7484.0
2026-07-10 07:30:00+00:00,101.4,101.7,101.3,101.3,2136.0
2026-07-10 07:45:00+00:00,101.3,101.5,101.2,101.45,1397.0
2026-07-10 08:00:00+00:00,101.4,101.45,101.0,101.2,2484.0
2026-07-10 08:15:00+00:00,101.3,101.45,100.45,100.6,3460.0
2026-07-10 08:30:00+00:00,100.5,101.1,99.88,101.1,13281.0
2026-07-10 08:45:00+00:00,101.05,101.15,100.6,100.6,1587.0
2026-07-10 09:00:00+00:00,100.65,101.0,100.2,100.95,3024.0
2026-07-10 09:15:00+00:00,101.05,101.35,101.05,101.2,1465.0
2026-07-10 09:30:00+00:00,101.35,101.8,101.2,101.8,2439.0
2026-07-10 09:45:00+00:00,101.85,101.95,101.5,101.7,1476.0
2026-07-10 10:00:00+00:00,101.7,101.75,101.6,101.6,301.0
2026-07-10 10:15:00+00:00,101.5,101.85,101.25,101.85,1593.0
2026-07-10 10:30:00+00:00,101.85,101.85,101.15,101.4,1618.0
2026-07-10 10:45:00+00:00,101.45,101.45,100.4,100.5,2896.0
2026-07-10 11:00:00+00:00,100.6,100.7,99.48,99.5,4981.0
2026-07-10 11:15:00+00:00,99.52,99.82,99.34,99.5,3162.0
2026-07-10 11:30:00+00:00,99.42,99.88,99.0,99.84,6503.0
2026-07-10 11:45:00+00:00,99.8,99.98,99.66,99.8,1857.0
2026-07-10 12:00:00+00:00,99.74,100.55,99.4,100.0,3252.0
2026-07-10 12:15:00+00:00,99.96,99.96,99.52,99.78,1147.0
2026-07-10 12:30:00+00:00,99.6,99.6,98.6,98.64,3841.0
2026-07-10 12:45:00+00:00,98.68,98.68,97.8,98.14,10026.0
2026-07-10 13:00:00+00:00,98.16,98.16,97.46,97.82,5528.0
2026-07-10 13:15:00+00:00,97.76,97.98,97.04,97.34,7537.0
2026-07-10 13:30:00+00:00,97.32,97.68,96.64,96.78,7240.0
2026-07-10 13:45:00+00:00,96.84,97.38,95.98,96.14,13835.0
2026-07-10 14:00:00+00:00,96.1,96.9,96.02,96.76,7256.0
2026-07-10 14:15:00+00:00,96.64,96.84,96.06,96.18,8542.0
2026-07-10 14:30:00+00:00,96.2,96.56,95.06,96.56,16452.0
2026-07-10 14:45:00+00:00,96.5,96.58,95.96,96.3,6667.0
2026-07-10 15:00:00+00:00,96.3,97.3,96.2,97.22,6212.0
2026-07-10 15:15:00+00:00,97.18,98.6,97.04,97.7,17099.0
2026-07-13 07:00:00+00:00,93.8,95.6,92.74,95.3,25429.0
2026-07-13 07:15:00+00:00,95.44,96.86,95.44,96.66,9840.0
2026-07-13 07:30:00+00:00,96.6,97.0,96.14,96.88,5702.0
2026-07-13 07:45:00+00:00,96.88,97.3,95.94,97.3,3625.0
2026-07-13 08:00:00+00:00,97.3,98.28,97.1,98.28,3971.0
2026-07-13 08:15:00+00:00,98.2,99.1,98.2,98.62,4246.0
2026-07-13 08:30:00+00:00,98.6,98.66,98.12,98.28,2445.0
2026-07-13 08:45:00+00:00,98.22,98.54,97.86,97.92,1933.0
2026-07-13 09:00:00+00:00,97.9,98.04,97.2,97.36,1372.0
2026-07-13 09:15:00+00:00,97.34,97.96,97.24,97.88,1696.0
2026-07-13 09:30:00+00:00,97.88,98.7,97.76,98.48,2659.0
2026-07-13 09:45:00+00:00,98.52,98.82,98.16,98.2,1520.0
2026-07-13 10:00:00+00:00,98.06,98.06,97.68,97.88,1544.0
2026-07-13 10:15:00+00:00,97.88,98.36,97.62,97.84,1740.0
2026-07-13 10:30:00+00:00,97.8,97.98,97.62,97.64,2054.0
2026-07-13 10:45:00+00:00,97.66,97.9,97.6,97.68,1674.0
2026-07-13 11:00:00+00:00,97.74,98.28,97.74,98.06,2115.0
2026-07-13 11:15:00+00:00,98.06,98.2,97.96,98.12,879.0
2026-07-13 11:30:00+00:00,98.1,98.28,98.04,98.04,1258.0
2026-07-13 11:45:00+00:00,97.96,97.96,97.36,97.36,1037.0
2026-07-13 12:00:00+00:00,97.36,98.28,97.24,98.06,2267.0
2026-07-13 12:15:00+00:00,98.0,98.0,97.68,97.88,1421.0
2026-07-13 12:30:00+00:00,97.88,97.9,97.12,97.32,712.0
2026-07-13 12:45:00+00:00,97.4,98.36,97.38,97.94,1148.0
2026-07-13 13:00:00+00:00,98.04,98.04,97.5,97.8,2370.0
2026-07-13 13:15:00+00:00,97.74,97.86,97.42,97.78,2064.0
2026-07-13 13:30:00+00:00,97.88,98.0,95.32,95.64,7203.0
2026-07-13 13:45:00+00:00,95.8,96.22,95.3,96.14,4927.0
2026-07-13 14:00:00+00:00,96.14,96.64,95.82,96.48,5269.0
2026-07-13 14:15:00+00:00,96.46,97.0,95.38,96.92,5780.0
2026-07-13 14:30:00+00:00,96.9,97.44,96.72,97.24,4606.0
2026-07-13 14:45:00+00:00,97.26,98.28,97.02,98.2,4164.0
2026-07-13 15:00:00+00:00,98.2,98.52,97.0,97.3,11260.0
2026-07-13 15:15:00+00:00,97.24,97.78,97.18,97.36,15268.0
2026-07-14 07:00:00+00:00,97.26,100.5,96.86,100.0,22093.0
2026-07-14 07:15:00+00:00,100.05,100.55,98.58,100.15,9567.0
2026-07-14 07:30:00+00:00,100.25,100.8,99.32,99.38,7777.0
2026-07-14 07:45:00+00:00,99.38,99.62,98.46,98.68,4501.0
2026-07-14 08:00:00+00:00,98.86,99.54,98.38,98.93,4605.0
2026-07-14 08:15:00+00:00,99.0,99.8,98.56,99.34,5418.0
2026-07-14 08:30:00+00:00,99.4,99.4,98.53,98.58,2226.0
2026-07-14 08:45:00+00:00,98.56,99.14,98.32,98.92,2592.0
2026-07-14 09:00:00+00:00,98.7,99.26,98.6,99.24,2966.0
2026-07-14 09:15:00+00:00,99.3,100.5,99.3,100.45,4147.0
2026-07-14 09:30:00+00:00,100.45,102.2,100.35,102.1,14121.0
2026-07-14 09:45:00+00:00,102.1,102.6,101.5,101.5,5310.0
2026-07-14 10:00:00+00:00,101.6,102.5,101.45,102.0,4323.0
2026-07-14 10:15:00+00:00,102.0,102.1,101.6,101.8,1454.0
2026-07-14 10:30:00+00:00,101.85,102.2,101.7,101.95,3935.0
2026-07-14 10:45:00+00:00,101.85,102.75,101.85,102.55,2324.0
2026-07-14 11:00:00+00:00,102.55,102.8,102.1,102.8,3371.0
2026-07-14 11:15:00+00:00,102.85,103.5,102.45,103.0,16117.0
2026-07-14 11:30:00+00:00,103.0,103.2,102.45,102.5,1727.0
2026-07-14 11:45:00+00:00,102.5,102.9,102.15,102.2,3145.0
2026-07-14 12:00:00+00:00,102.2,102.55,102.05,102.4,1710.0
2026-07-14 12:15:00+00:00,102.3,102.65,102.0,102.65,2977.0
2026-07-14 12:30:00+00:00,102.7,104.65,102.7,103.95,12411.0
2026-07-14 12:45:00+00:00,103.9,104.625,103.45,103.8,4234.0
2026-07-14 13:00:00+00:00,103.65,103.75,102.65,102.7,4455.0
2026-07-14 13:15:00+00:00,102.75,103.9,102.7,103.6,2557.0
2026-07-14 13:30:00+00:00,103.5,103.5,101.85,102.45,5940.0
2026-07-14 13:45:00+00:00,102.65,103.8,102.6,103.3,18188.0
2026-07-14 14:00:00+00:00,103.2,103.25,101.75,101.75,5255.0
2026-07-14 14:15:00+00:00,101.7,103.2,101.35,102.8,6519.0
2026-07-14 14:30:00+00:00,102.75,104.1,102.45,103.0,8134.0
2026-07-14 14:45:00+00:00,102.9,103.05,102.3,102.95,10744.0
2026-07-14 15:00:00+00:00,103.0,104.35,103.0,103.95,8162.0
2026-07-14 15:15:00+00:00,104.05,104.3,103.7,103.9,8434.0
2026-07-15 07:00:00+00:00,106.3,107.8,104.8,106.6,59412.0
2026-07-15 07:15:00+00:00,106.6,106.6,105.0,105.35,21091.0
2026-07-15 07:30:00+00:00,105.35,105.85,104.0,105.1,11352.0
2026-07-15 07:45:00+00:00,105.2,106.05,105.0,105.9,3773.0
2026-07-15 08:00:00+00:00,106.2,106.25,104.1,104.15,7614.0
2026-07-15 08:15:00+00:00,104.25,105.3,104.0,105.25,3358.0
2026-07-15 08:30:00+00:00,105.275,105.275,104.5,104.8,1449.0
2026-07-15 08:45:00+00:00,104.75,105.0,104.1,104.3,2786.0
2026-07-15 09:00:00+00:00,104.25,104.65,103.65,104.6,3888.0
2026-07-15 09:15:00+00:00,104.65,104.9,104.5,104.65,2801.0
2026-07-15 09:30:00+00:00,104.7,105.2,104.7,105.05,1902.0
2026-07-15 09:45:00+00:00,104.85,104.95,104.3,104.5,11447.0
2026-07-15 10:00:00+00:00,104.55,104.6,104.2,104.2,5769.0
2026-07-15 10:15:00+00:00,104.15,104.15,103.15,103.15,2101.0
2026-07-15 10:30:00+00:00,103.15,103.85,103.05,103.55,2839.0
2026-07-15 10:45:00+00:00,103.6,104.25,103.55,104.1,15421.0
2026-07-15 11:00:00+00:00,104.1,104.25,103.35,103.35,19254.0
2026-07-15 11:15:00+00:00,103.5,103.95,103.25,103.3,1491.0
2026-07-15 11:30:00+00:00,103.45,103.6,103.2,103.3,984.0
2026-07-15 11:45:00+00:00,103.35,103.375,102.55,102.55,2141.0
2026-07-15 12:00:00+00:00,102.575,103.6,102.45,103.55,3937.0
2026-07-15 12:15:00+00:00,103.45,103.55,103.05,103.55,981.0
2026-07-15 12:30:00+00:00,103.65,104.2,103.1,103.1,1610.0
2026-07-15 12:45:00+00:00,102.925,103.25,102.7,103.25,1602.0
2026-07-15 13:00:00+00:00,103.05,103.05,101.4,101.5,4727.0
2026-07-15 13:15:00+00:00,101.2,102.6,101.1,102.3,1849.0
2026-07-15 13:30:00+00:00,102.4,102.65,100.5,100.5,23767.0
2026-07-15 13:45:00+00:00,100.3,101.2,99.64,100.95,25745.0
2026-07-15 14:00:00+00:00,101.0,101.4,100.5,100.65,6606.0
2026-07-15 14:15:00+00:00,100.5,100.75,100.15,100.5,50615.0
2026-07-15 14:30:00+00:00,100.6,100.6,99.3,100.15,10816.0
2026-07-15 14:45:00+00:00,100.2,100.4,100.0,100.0,21003.0
2026-07-15 15:00:00+00:00,100.05,100.05,98.3,98.56,17746.0
2026-07-15 15:15:00+00:00,98.58,98.6,97.7,97.92,21972.0
2026-07-16 07:00:00+00:00,96.62,97.48,93.54,93.7,32598.0
2026-07-16 07:15:00+00:00,93.8,94.26,92.1,92.5,20965.0
2026-07-16 07:30:00+00:00,92.54,92.54,91.0,91.04,23091.0
2026-07-16 07:45:00+00:00,91.1,91.68,90.8,91.54,9579.0
2026-07-16 08:00:00+00:00,91.58,91.58,90.18,90.94,11887.0
2026-07-16 08:15:00+00:00,90.96,91.08,89.7,90.2,18905.0
2026-07-16 08:30:00+00:00,90.28,90.58,90.04,90.34,4730.0
2026-07-16 08:45:00+00:00,90.26,90.88,90.24,90.34,5041.0
2026-07-16 09:00:00+00:00,90.34,90.86,90.26,90.78,3084.0
2026-07-16 09:15:00+00:00,90.8,90.92,90.62,90.7,2955.0
2026-07-16 09:30:00+00:00,90.72,91.0,90.48,90.48,3615.0
2026-07-16 09:45:00+00:00,90.42,90.8,90.4,90.62,1069.0
2026-07-16 10:00:00+00:00,90.58,91.26,90.36,90.5,3874.0
2026-07-16 10:15:00+00:00,90.42,91.28,90.42,91.28,2337.0
2026-07-16 10:30:00+00:00,91.26,91.56,91.0,91.2,2789.0
2026-07-16 10:45:00+00:00,91.24,91.32,90.74,90.8,2626.0
2026-07-16 11:00:00+00:00,90.74,90.88,90.12,90.16,6149.0
2026-07-16 11:15:00+00:00,90.18,90.26,89.68,90.0,5622.0
2026-07-16 11:30:00+00:00,89.96,90.3,89.78,90.06,2635.0
2026-07-16 11:45:00+00:00,90.12,90.2,89.8,90.14,3226.0
2026-07-16 12:00:00+00:00,90.12,90.16,89.52,89.7,1892.0
2026-07-16 12:15:00+00:00,89.64,90.42,89.58,90.34,3252.0
2026-07-16 12:30:00+00:00,90.3,90.3,89.38,89.6,6927.0
2026-07-16 12:45:00+00:00,89.58,89.62,88.5,88.9,15633.0
2026-07-16 13:00:00+00:00,88.9,89.92,88.9,89.84,6118.0
2026-07-16 13:15:00+00:00,89.78,90.0,89.6,89.78,3373.0
2026-07-16 13:30:00+00:00,89.8,90.08,88.54,89.2,8143.0
2026-07-16 13:45:00+00:00,89.2,89.54,87.86,88.26,11750.0
2026-07-16 14:00:00+00:00,88.18,89.82,88.04,89.4,10982.0
2026-07-16 14:15:00+00:00,89.46,91.22,89.02,91.12,9499.0
2026-07-16 14:30:00+00:00,91.12,91.12,89.94,90.04,3901.0
2026-07-16 14:45:00+00:00,89.98,91.0,89.68,91.0,7364.0
2026-07-16 15:00:00+00:00,91.12,91.18,89.1,89.86,21170.0
2026-07-16 15:15:00+00:00,89.84,89.88,89.1,89.46,15736.0
2026-07-17 07:00:00+00:00,86.18,87.88,85.5,86.8,46524.0
2026-07-17 07:15:00+00:00,86.8,87.28,86.34,87.14,8346.0
2026-07-17 07:30:00+00:00,87.08,87.08,86.0,86.12,9218.0
2026-07-17 07:45:00+00:00,86.16,86.32,85.22,85.42,12031.0
2026-07-17 08:00:00+00:00,85.4,86.12,85.16,85.2,4864.0
2026-07-17 08:15:00+00:00,85.12,85.44,84.82,85.36,12072.0
2026-07-17 08:30:00+00:00,85.36,85.47,84.02,84.5,11796.0
2026-07-17 08:45:00+00:00,84.52,84.6,83.7,83.82,11591.0
2026-07-17 09:00:00+00:00,83.8,84.66,83.58,84.48,8451.0
2026-07-17 09:15:00+00:00,84.58,84.58,83.88,83.96,8131.0
2026-07-17 09:30:00+00:00,83.96,84.0,83.58,83.7,5023.0
2026-07-17 09:45:00+00:00,83.68,84.38,83.6,83.94,18811.0
2026-07-17 10:00:00+00:00,83.98,84.92,83.76,84.72,8325.0
2026-07-17 10:15:00+00:00,84.72,84.98,84.54,84.92,8248.0
2026-07-17 10:30:00+00:00,85.0,85.28,84.72,85.04,4572.0
2026-07-17 10:45:00+00:00,85.1,85.46,84.88,85.14,4217.0
2026-07-17 11:00:00+00:00,85.22,85.32,84.7,84.94,1952.0
2026-07-17 11:15:00+00:00,84.92,85.0,84.58,84.82,3161.0
2026-07-17 11:30:00+00:00,84.78,85.04,84.3,84.3,3125.0
2026-07-17 11:45:00+00:00,84.38,84.62,84.32,84.48,684.0
2026-07-17 12:00:00+00:00,84.54,84.54,83.98,84.14,1808.0
2026-07-17 12:15:00+00:00,84.36,84.74,84.14,84.5,1764.0
2026-07-17 12:30:00+00:00,84.42,84.45,83.98,84.14,2352.0
2026-07-17 12:45:00+00:00,84.06,84.84,84.06,84.8,3088.0
2026-07-17 13:00:00+00:00,84.76,84.76,84.3,84.48,2399.0
2026-07-17 13:15:00+00:00,84.36,84.78,83.8,83.8,6135.0
2026-07-17 13:30:00+00:00,83.86,84.34,81.66,82.02,21461.0
2026-07-17 13:45:00+00:00,82.0,83.52,81.8,83.12,22530.0
2026-07-17 14:00:00+00:00,83.16,84.86,82.96,83.94,23864.0
2026-07-17 14:15:00+00:00,83.9,84.4,83.74,84.1,8916.0
2026-07-17 14:30:00+00:00,84.18,86.96,83.86,86.8,17530.0
2026-07-17 14:45:00+00:00,86.86,88.2,86.68,87.03,19037.0
2026-07-17 15:00:00+00:00,86.94,87.32,86.54,86.7,6273.0
2026-07-17 15:15:00+00:00,86.72,87.52,86.68,87.26,14332.0
2026-07-20 07:00:00+00:00,87.14,87.14,84.5,85.0,13544.0
2026-07-20 07:15:00+00:00,85.1,85.16,84.1,85.14,14041.0
2026-07-20 07:30:00+00:00,85.1,85.2,84.5,84.66,2586.0
2026-07-20 07:45:00+00:00,84.68,84.68,84.22,84.48,3080.0
2026-07-20 08:00:00+00:00,84.44,84.66,83.36,84.12,8243.0
2026-07-20 08:15:00+00:00,84.12,84.74,83.66,83.98,14610.0
2026-07-20 08:30:00+00:00,83.94,83.94,83.18,83.24,6563.0
2026-07-20 08:45:00+00:00,83.26,83.26,82.76,82.76,6551.0
2026-07-20 09:00:00+00:00,82.9,83.66,82.9,83.6,5839.0
2026-07-20 09:15:00+00:00,83.56,83.62,82.86,83.1,3816.0
2026-07-20 09:30:00+00:00,83.02,83.52,82.94,83.42,4850.0
2026-07-20 09:45:00+00:00,83.46,84.5,83.4,84.26,6511.0
2026-07-20 10:00:00+00:00,84.32,84.32,83.64,84.04,14734.0
2026-07-20 10:15:00+00:00,83.98,84.58,83.92,84.5,4183.0
2026-07-20 10:30:00+00:00,84.46,84.88,84.46,84.64,4360.0
2026-07-20 10:45:00+00:00,84.58,85.32,84.58,85.18,6767.0
2026-07-20 11:00:00+00:00,85.2,85.82,85.2,85.7,8043.0
2026-07-20 11:15:00+00:00,85.8,86.12,85.64,85.84,8117.0
2026-07-20 11:30:00+00:00,85.8,86.34,85.68,85.7,6738.0
2026-07-20 11:45:00+00:00,85.76,86.0,85.38,85.64,2446.0
2026-07-20 12:00:00+00:00,85.64,85.76,84.92,85.16,3375.0
2026-07-20 12:15:00+00:00,85.22,85.88,85.02,85.88,2830.0
2026-07-20 12:30:00+00:00,85.84,86.38,85.8,86.16,4083.0
2026-07-20 12:45:00+00:00,86.14,86.3,85.3,85.32,4458.0
2026-07-20 13:00:00+00:00,85.36,85.4,84.62,84.64,4054.0
2026-07-20 13:15:00+00:00,84.62,85.44,84.6,85.34,1528.0
2026-07-20 13:30:00+00:00,85.38,86.72,85.26,86.72,9563.0
2026-07-20 13:45:00+00:00,86.86,87.9,86.4,86.78,14418.0
2026-07-20 14:00:00+00:00,86.84,87.96,86.84,87.12,5861.0
2026-07-20 14:15:00+00:00,87.12,87.62,86.4,87.44,4193.0
2026-07-20 14:30:00+00:00,87.48,87.6,86.4,86.5,5040.0
2026-07-20 14:45:00+00:00,86.52,86.58,85.08,85.46,10612.0
2026-07-20 15:00:00+00:00,85.46,86.32,85.08,85.6,5872.0
2026-07-20 15:15:00+00:00,85.54,85.96,85.38,85.64,5922.0
2026-07-21 07:00:00+00:00,88.88,90.64,88.42,90.02,26449.0
2026-07-21 07:15:00+00:00,89.96,90.58,89.42,89.5,9949.0
2026-07-21 07:30:00+00:00,89.52,90.16,89.12,90.14,7887.0
2026-07-21 07:45:00+00:00,90.12,90.16,89.18,89.6,4288.0
2026-07-21 08:00:00+00:00,89.56,89.88,88.78,89.28,6965.0
2026-07-21 08:15:00+00:00,89.44,90.82,89.4,89.82,5910.0
2026-07-21 08:30:00+00:00,89.82,90.46,89.8,90.22,3227.0
2026-07-21 08:45:00+00:00,90.14,90.24,90.0,90.18,1386.0
2026-07-21 09:00:00+00:00,90.2,90.36,89.82,90.0,2148.0
2026-07-21 09:15:00+00:00,89.98,90.32,89.98,90.04,2322.0
2026-07-21 09:30:00+00:00,90.16,91.26,90.16,91.1,4616.0
2026-07-21 09:45:00+00:00,90.98,91.08,90.0,90.02,2645.0
2026-07-21 10:00:00+00:00,90.12,90.62,90.04,90.62,1208.0
2026-07-21 10:15:00+00:00,90.58,90.82,90.42,90.76,1781.0
2026-07-21 10:30:00+00:00,90.8,91.7,90.8,91.14,7634.0
2026-07-21 10:45:00+00:00,91.06,91.2,90.82,90.9,1056.0
2026-07-21 11:00:00+00:00,90.94,92.3,90.76,92.28,7947.0
2026-07-21 11:15:00+00:00,92.2,92.24,91.54,91.9,3795.0
2026-07-21 11:30:00+00:00,92.0,92.26,91.4,91.96,3584.0
2026-07-21 11:45:00+00:00,91.84,93.1,91.84,93.1,5565.0
2026-07-21 12:00:00+00:00,93.15,93.3,92.54,93.14,5928.0
2026-07-21 12:15:00+00:00,93.18,93.18,92.92,92.96,3098.0
2026-07-21 12:30:00+00:00,92.94,93.14,92.66,92.92,2012.0
2026-07-21 12:45:00+00:00,92.92,93.24,92.86,93.14,3923.0
2026-07-21 13:00:00+00:00,93.14,93.4,93.12,93.2,2089.0
2026-07-21 13:15:00+00:00,93.16,94.2,93.16,94.2,4960.0
2026-07-21 13:30:00+00:00,94.28,94.5,93.26,93.8,13552.0
2026-07-21 13:45:00+00:00,93.84,93.92,92.92,93.38,15903.0
2026-07-21 14:00:00+00:00,93.46,93.48,92.78,93.42,6664.0
2026-07-21 14:15:00+00:00,93.46,94.12,92.96,93.74,5822.0
2026-07-21 14:30:00+00:00,93.78,94.7,93.76,94.7,10404.0
2026-07-21 14:45:00+00:00,94.72,94.72,93.78,94.18,5813.0
2026-07-21 15:00:00+00:00,94.2,95.28,94.18,95.22,6388.0
2026-07-21 15:15:00+00:00,95.3,95.72,95.3,95.48,10666.0
2026-07-22 07:00:00+00:00,92.14,93.94,91.44,93.5,29325.0
2026-07-22 07:15:00+00:00,93.46,94.1,93.0,93.48,5541.0
2026-07-22 07:30:00+00:00,93.44,93.76,93.06,93.72,3530.0
2026-07-22 07:45:00+00:00,93.48,93.9,93.06,93.56,2905.0
2026-07-22 08:00:00+00:00,93.48,94.08,93.38,93.7,2825.0
2026-07-22 08:15:00+00:00,93.78,94.6,93.76,94.3,3671.0
2026-07-22 08:30:00+00:00,94.3,94.7,94.3,94.68,1847.0
2026-07-22 08:45:00+00:00,94.56,94.92,94.12,94.92,3486.0
2026-07-22 09:00:00+00:00,94.9,95.06,94.74,94.98,3515.0
2026-07-22 09:15:00+00:00,95.08,95.88,95.08,95.58,3767.0
2026-07-22 09:30:00+00:00,95.58,96.14,95.4,95.92,5322.0
2026-07-22 09:45:00+00:00,95.88,97.0,95.8,96.68,6583.0
2026-07-22 10:00:00+00:00,96.74,96.86,96.32,96.6,3007.0
2026-07-22 10:15:00+00:00,96.56,97.48,96.48,97.18,5405.0
2026-07-22 10:30:00+00:00,97.12,97.18,95.94,96.1,5192.0
2026-07-22 10:45:00+00:00,96.16,96.3,95.84,96.18,3164.0
2026-07-22 11:00:00+00:00,96.16,96.28,95.74,95.86,2347.0
2026-07-22 11:15:00+00:00,95.8,96.4,95.8,96.36,2017.0
2026-07-22 11:30:00+00:00,96.22,96.5,95.48,95.5,5633.0
2026-07-22 11:45:00+00:00,95.36,95.64,95.1,95.18,3508.0
2026-07-22 12:00:00+00:00,95.18,95.3,94.98,95.24,1847.0
2026-07-22 12:15:00+00:00,95.28,95.34,95.08,95.18,3731.0
2026-07-22 12:30:00+00:00,95.14,95.4,94.45,95.3,6350.0
2026-07-22 12:45:00+00:00,95.32,95.38,94.62,94.94,5480.0
2026-07-22 13:00:00+00:00,95.03,95.38,94.94,95.36,5225.0
2026-07-22 13:15:00+00:00,95.31,95.56,95.28,95.56,2306.0
2026-07-22 13:30:00+00:00,95.62,96.24,95.08,96.1,9906.0
2026-07-22 13:45:00+00:00,96.2,96.84,95.88,96.68,6127.0
2026-07-22 14:00:00+00:00,96.6,97.08,95.96,96.84,7278.0
2026-07-22 14:15:00+00:00,96.84,96.84,95.72,96.28,7660.0
2026-07-22 14:30:00+00:00,96.25,96.5,95.64,95.66,4051.0
2026-07-22 14:45:00+00:00,95.64,96.06,95.42,95.82,4935.0
2026-07-22 15:00:00+00:00,95.9,96.5,95.86,96.16,5533.0
2026-07-22 15:15:00+00:00,96.22,96.6,95.84,96.04,7460.0
2026-07-23 07:00:00+00:00,120.0,128.0,117.7,125.4,176844.0
2026-07-23 07:15:00+00:00,125.1,126.35,118.3,120.4,60067.0
2026-07-23 07:30:00+00:00,120.45,120.5,115.2,117.3,32433.0
2026-07-23 07:45:00+00:00,117.45,118.0,113.4,117.4,25219.0
2026-07-23 08:00:00+00:00,117.5,118.7,115.15,117.4,13850.0
2026-07-23 08:15:00+00:00,117.4,119.05,116.35,119.0,14464.0
2026-07-23 08:30:00+00:00,119.05,120.1,116.3,117.15,16445.0
2026-07-23 08:45:00+00:00,117.0,118.3,116.6,118.15,7549.0
2026-07-23 09:00:00+00:00,118.0,121.85,117.55,119.25,17746.0
2026-07-23 09:15:00+00:00,119.3,120.45,117.75,118.0,11456.0
2026-07-23 09:30:00+00:00,118.05,118.55,115.75,115.8,14828.0
2026-07-23 09:45:00+00:00,115.65,117.05,115.65,116.6,6082.0
2026-07-23 10:00:00+00:00,116.5,117.65,116.1,116.75,5578.0
2026-07-23 10:15:00+00:00,116.75,119.1,116.55,118.2,9225.0
2026-07-23 10:30:00+00:00,118.0,118.2,116.75,117.5,22988.0
2026-07-23 10:45:00+00:00,117.6,118.25,116.0,116.55,5960.0
2026-07-23 11:00:00+00:00,116.5,116.85,116.05,116.1,4718.0
2026-07-23 11:15:00+00:00,116.0,116.25,114.85,115.45,11168.0
2026-07-23 11:30:00+00:00,115.35,116.4,115.0,116.3,6302.0
2026-07-23 11:45:00+00:00,116.15,116.8,115.3,116.8,5785.0
2026-07-23 12:00:00+00:00,116.85,117.65,114.6,115.4,10017.0
2026-07-23 12:15:00+00:00,115.7,116.9,114.85,115.2,15891.0
2026-07-23 12:30:00+00:00,115.15,116.55,113.95,115.15,11923.0
2026-07-23 12:45:00+00:00,115.35,115.8,114.3,114.55,9027.0
2026-07-23 13:00:00+00:00,114.8,115.85,114.8,115.5,6250.0
2026-07-23 13:15:00+00:00,115.6,116.0,114.55,115.15,11464.0
2026-07-23 13:30:00+00:00,115.25,118.4,115.0,118.4,16350.0
2026-07-23 13:45:00+00:00,118.5,119.4,117.2,117.55,20796.0
2026-07-23 14:00:00+00:00,117.75,120.4,117.7,119.9,25147.0
2026-07-23 14:15:00+00:00,119.95,120.95,119.8,120.75,18507.0
2026-07-23 14:30:00+00:00,120.85,120.9,118.35,118.65,19171.0
2026-07-23 14:45:00+00:00,118.65,119.7,117.95,119.05,18678.0
2026-07-23 15:00:00+00:00,119.0,119.9,118.6,118.95,26669.0
2026-07-23 15:15:00+00:00,118.9,120.15,116.95,117.95,26586.0
2026-07-24 07:00:00+00:00,113.05,117.9,112.0,117.3,37913.0
2026-07-24 07:15:00+00:00,117.1,117.4,116.2,116.6,7836.0
2026-07-24 07:30:00+00:00,116.65,116.85,115.55,115.95,5590.0
2026-07-24 07:45:00+00:00,116.0,116.95,115.9,116.05,3576.0
2026-07-24 08:00:00+00:00,116.05,116.75,115.95,116.4,3915.0
2026-07-24 08:15:00+00:00,116.55,116.9,114.7,114.95,9055.0
2026-07-24 08:30:00+00:00,115.05,115.35,114.05,114.8,3583.0
2026-07-24 08:45:00+00:00,114.9,115.85,114.7,115.7,5982.0
2026-07-24 09:00:00+00:00,115.55,116.2,115.35,115.925,3957.0
2026-07-24 09:15:00+00:00,115.95,116.1,115.5,115.8,2081.0
2026-07-24 09:30:00+00:00,115.8,116.35,115.65,116.05,2968.0
2026-07-24 09:45:00+00:00,116.1,116.25,115.8,116.05,1506.0
2026-07-24 10:00:00+00:00,115.85,116.4,115.85,116.3,3016.0
2026-07-24 10:15:00+00:00,116.15,116.25,115.5,115.9,2488.0
2026-07-24 10:30:00+00:00,115.95,116.15,115.5,115.65,2429.0
2026-07-24 10:45:00+00:00,115.7,115.85,115.4,115.65,1895.0
2026-07-24 11:00:00+00:00,115.7,116.4,115.65,116.2,2460.0
2026-07-24 11:15:00+00:00,116.0,116.25,115.55,115.85,1863.0
2026-07-24 11:30:00+00:00,115.9,115.9,115.55,115.7,1096.0
2026-07-24 11:45:00+00:00,115.8,116.1,115.55,116.0,1715.0
2026-07-24 12:00:00+00:00,115.95,116.85,115.95,116.5,2160.0
2026-07-24 12:15:00+00:00,116.7,117.25,116.6,117.15,3007.0
2026-07-24 12:30:00+00:00,117.1,117.65,116.85,117.45,2762.0
2026-07-24 12:45:00+00:00,117.35,117.8,117.35,117.75,12465.0
2026-07-24 13:00:00+00:00,117.7,118.05,117.3,117.4,8609.0
2026-07-24 13:15:00+00:00,117.4,118.55,116.6,116.95,6908.0
2026-07-24 13:30:00+00:00,117.2,117.2,115.05,115.6,14072.0
2026-07-24 13:45:00+00:00,115.6,115.8,112.0,112.75,19328.0
2026-07-24 14:00:00+00:00,112.8,114.5,112.55,113.35,14188.0
2026-07-24 14:15:00+00:00,113.3,113.85,112.75,113.85,8609.0
2026-07-24 14:30:00+00:00,113.8,114.5,113.1,113.35,9566.0
2026-07-24 14:45:00+00:00,113.25,114.0,112.7,113.8,8685.0
2026-07-24 15:00:00+00:00,113.7,114.5,113.55,114.4,8356.0
2026-07-24 15:15:00+00:00,114.6,115.0,114.2,114.85,14234.0
2026-07-27 07:00:00+00:00,113.15,116.0,112.3,115.3,14170.0
2026-07-27 07:15:00+00:00,114.85,116.0,114.05,115.9,3925.0
2026-07-27 07:30:00+00:00,115.7,116.0,112.85,113.3,5305.0
2026-07-27 07:45:00+00:00,113.4,114.55,112.9,114.45,3700.0
2026-07-27 08:00:00+00:00,114.5,115.0,114.5,114.6,2240.0
2026-07-27 08:15:00+00:00,114.55,115.75,114.3,115.5,1628.0
2026-07-27 08:30:00+00:00,115.5,116.7,115.4,116.3,3617.0
2026-07-27 08:45:00+00:00,116.4,116.9,116.0,116.9,2086.0
2026-07-27 09:00:00+00:00,116.9,117.8,116.65,117.5,3037.0
2026-07-27 09:15:00+00:00,117.5,118.6,117.5,117.75,5582.0
2026-07-27 09:30:00+00:00,117.9,117.95,117.15,117.55,1254.0
2026-07-27 09:45:00+00:00,117.7,117.8,117.2,117.45,2429.0
2026-07-27 10:00:00+00:00,117.35,117.7,116.9,116.9,1289.0
2026-07-27 10:15:00+00:00,117.0,117.0,116.5,116.7,958.0
2026-07-27 10:30:00+00:00,116.65,116.65,115.45,115.7,2230.0
2026-07-27 10:45:00+00:00,115.7,115.95,115.55,115.8,1527.0
2026-07-27 11:00:00+00:00,115.8,115.8,114.75,115.2,3627.0
2026-07-27 11:15:00+00:00,115.05,115.35,113.75,113.75,2751.0
2026-07-27 11:30:00+00:00,113.65,113.9,112.9,113.1,11825.0
2026-07-27 11:45:00+00:00,113.15,113.6,112.05,112.15,9445.0
2026-07-27 12:00:00+00:00,112.1,113.05,111.85,112.6,7685.0
2026-07-27 12:15:00+00:00,112.7,113.3,112.05,112.8,3373.0
2026-07-27 12:30:00+00:00,112.85,112.85,111.65,112.05,2004.0
2026-07-27 12:45:00+00:00,112.1,112.8,111.65,112.4,2851.0
2026-07-27 13:00:00+00:00,112.45,113.65,111.45,113.5,7487.0
2026-07-27 13:15:00+00:00,113.6,113.6,111.05,111.95,10205.0
2026-07-27 13:30:00+00:00,111.75,113.0,111.45,111.9,6993.0
2026-07-27 13:45:00+00:00,112.0,112.75,111.4,112.1,6358.0
2026-07-27 14:00:00+00:00,112.1,112.1,109.65,109.8,22845.0
2026-07-27 14:15:00+00:00,109.8,110.75,109.0,109.2,7856.0
2026-07-27 14:30:00+00:00,109.15,109.3,107.0,107.3,14298.0
2026-07-27 14:45:00+00:00,107.4,109.7,107.35,109.5,13422.0
2026-07-27 15:00:00+00:00,109.65,109.7,108.6,108.65,8196.0
2026-07-27 15:15:00+00:00,108.6,108.6,107.15,107.6,12837.0
2026-07-28 07:00:00+00:00,104.6,105.0,101.9,103.3,44568.0
2026-07-28 07:15:00+00:00,103.35,104.25,103.25,103.6,12919.0
2026-07-28 07:30:00+00:00,103.55,103.85,101.7,101.9,6735.0
2026-07-28 07:45:00+00:00,101.85,103.0,101.6,101.85,2396.0
2026-07-28 08:00:00+00:00,101.75,101.75,100.2,100.45,6413.0
2026-07-28 08:15:00+00:00,100.4,101.2,100.3,100.35,6867.0
2026-07-28 08:30:00+00:00,100.25,101.0,100.05,100.65,5431.0
2026-07-28 08:45:00+00:00,100.6,101.15,99.44,99.6,13526.0
2026-07-28 09:00:00+00:00,99.62,99.9,98.98,99.1,10831.0
2026-07-28 09:15:00+00:00,99.12,99.66,99.12,99.5,3874.0
2026-07-28 09:30:00+00:00,99.5,99.7,99.22,99.54,3540.0
2026-07-28 09:45:00+00:00,99.54,99.66,98.6,98.66,3678.0
2026-07-28 10:00:00+00:00,98.62,98.88,98.1,98.3,4659.0
2026-07-28 10:15:00+00:00,98.3,98.56,98.18,98.34,2026.0
2026-07-28 10:30:00+00:00,98.32,98.62,98.1,98.12,5422.0
2026-07-28 10:45:00+00:00,98.2,98.5,98.1,98.16,3324.0
2026-07-28 11:00:00+00:00,98.12,98.36,97.26,97.42,6914.0
2026-07-28 11:15:00+00:00,97.34,98.02,97.3,97.74,3651.0
2026-07-28 11:30:00+00:00,97.6,97.6,96.36,96.5,7107.0
2026-07-28 11:45:00+00:00,96.68,97.36,96.6,97.12,3718.0
2026-07-28 12:00:00+00:00,97.18,97.24,96.62,96.66,2373.0
2026-07-28 12:15:00+00:00,96.64,96.9,96.32,96.48,2691.0
2026-07-28 12:30:00+00:00,96.48,96.76,95.84,96.56,5357.0
2026-07-28 12:45:00+00:00,96.46,97.52,96.42,97.42,4941.0
2026-07-28 13:00:00+00:00,97.5,97.88,96.28,96.94,7669.0
2026-07-28 13:15:00+00:00,96.98,97.54,96.94,97.18,6139.0
2026-07-28 13:30:00+00:00,97.16,97.3,94.2,94.2,23464.0
2026-07-28 13:45:00+00:00,93.58,94.44,93.42,93.98,25662.0
2026-07-28 14:00:00+00:00,94.06,95.36,93.94,94.2,24101.0
2026-07-28 14:15:00+00:00,94.22,95.82,93.6,94.06,19042.0
2026-07-28 14:30:00+00:00,94.1,95.78,93.72,95.26,16238.0
2026-07-28 14:45:00+00:00,95.22,96.9,94.92,96.38,13201.0
2026-07-28 15:00:00+00:00,96.4,97.32,96.2,96.62,21601.0
2026-07-28 15:15:00+00:00,96.58,98.2,96.5,97.8,15541.0
2026-07-29 07:00:00+00:00,96.26,97.82,95.48,96.94,23103.0
2026-07-29 07:15:00+00:00,96.76,97.78,96.0,97.46,10915.0
2026-07-29 07:30:00+00:00,97.5,97.56,94.66,94.66,9617.0
2026-07-29 07:45:00+00:00,94.74,95.48,94.1,94.94,8098.0
2026-07-29 08:00:00+00:00,94.8,96.24,94.5,95.3,6491.0
2026-07-29 08:15:00+00:00,95.3,96.18,95.2,95.7,4321.0
2026-07-29 08:30:00+00:00,95.62,96.2,95.5,95.72,3528.0
2026-07-29 08:45:00+00:00,95.8,95.86,95.32,95.32,3385.0
2026-07-29 09:00:00+00:00,95.32,97.06,95.32,96.96,3882.0
2026-07-29 09:15:00+00:00,97.08,98.18,96.92,98.02,6152.0
2026-07-29 09:30:00+00:00,98.18,99.98,97.7,99.32,11226.0
2026-07-29 09:45:00+00:00,99.2,100.25,99.02,99.08,9459.0
2026-07-29 10:00:00+00:00,99.1,100.0,98.32,98.62,7656.0
2026-07-29 10:15:00+00:00,98.6,99.08,97.78,98.12,3736.0
2026-07-29 10:30:00+00:00,98.1,98.1,97.6,97.76,1601.0
2026-07-29 10:45:00+00:00,97.7,97.82,96.62,96.64,3284.0
2026-07-29 11:00:00+00:00,96.8,97.48,96.8,97.16,1146.0
2026-07-29 11:15:00+00:00,97.1,97.3,96.88,97.28,850.0
2026-07-29 11:30:00+00:00,97.32,97.32,96.84,96.96,1454.0
2026-07-29 11:45:00+00:00,97.02,97.68,96.84,97.68,1662.0
2026-07-29 12:00:00+00:00,97.58,97.68,97.08,97.28,2467.0
2026-07-29 12:15:00+00:00,97.38,97.6,97.16,97.24,2094.0
2026-07-29 12:30:00+00:00,97.22,97.42,96.92,97.36,1563.0
2026-07-29 12:45:00+00:00,97.48,97.82,97.1,97.34,2396.0
2026-07-29 13:00:00+00:00,97.34,98.28,97.0,98.04,5827.0
2026-07-29 13:15:00+00:00,98.1,98.44,97.6,97.64,4932.0
2026-07-29 13:30:00+00:00,97.56,99.02,97.28,98.5,11157.0
2026-07-29 13:45:00+00:00,98.52,98.52,97.08,97.34,8057.0
2026-07-29 14:00:00+00:00,97.34,98.12,96.86,97.0,8921.0
2026-07-29 14:15:00+00:00,96.96,97.54,96.7,97.08,8111.0
2026-07-29 14:30:00+00:00,97.06,97.18,96.14,96.32,12496.0
2026-07-29 14:45:00+00:00,96.3,96.64,95.84,96.5,11085.0
2026-07-29 15:00:00+00:00,96.48,96.96,95.28,95.8,10374.0
2026-07-29 15:15:00+00:00,95.78,96.06,95.2,95.8,12311.0
2026-07-30 07:00:00+00:00,96.74,99.7,95.1,99.2,27300.0
2026-07-30 07:15:00+00:00,98.96,99.16,95.96,96.04,14914.0
2026-07-30 07:30:00+00:00,96.04,96.6,95.32,95.86,2341.0
2026-07-30 07:45:00+00:00,96.04,96.32,95.44,96.1,3157.0
2026-07-30 08:00:00+00:00,96.08,96.98,95.66,96.72,3596.0
2026-07-30 08:15:00+00:00,96.78,98.02,96.68,97.22,4304.0
2026-07-30 08:30:00+00:00,97.4,98.72,97.4,98.24,3923.0
2026-07-30 08:45:00+00:00,98.38,98.7,97.32,97.44,2665.0
2026-07-30 09:00:00+00:00,97.44,97.44,96.92,97.34,1899.0
2026-07-30 09:15:00+00:00,97.4,97.9,97.0,97.12,2147.0
2026-07-30 09:30:00+00:00,97.0,97.08,96.7,97.06,2062.0
2026-07-30 09:45:00+00:00,97.08,98.4,97.02,98.12,3939.0
2026-07-30 10:00:00+00:00,98.22,98.32,98.0,98.18,3021.0
2026-07-30 10:15:00+00:00,98.28,99.76,98.28,99.76,9191.0
2026-07-30 10:30:00+00:00,99.8,100.1,99.26,99.58,5751.0
2026-07-30 10:45:00+00:00,99.82,100.4,99.36,100.4,7695.0
2026-07-30 11:00:00+00:00,100.45,100.55,99.56,100.05,6153.0
2026-07-30 11:15:00+00:00,100.0,100.0,99.48,99.56,1578.0
2026-07-30 11:30:00+00:00,99.56,100.4,99.32,100.4,6136.0
2026-07-30 11:45:00+00:00,100.5,101.7,100.4,101.4,7226.0
2026-07-30 12:00:00+00:00,101.4,102.1,101.4,101.9,6139.0
2026-07-30 12:15:00+00:00,102.0,102.95,101.9,102.95,7211.0
2026-07-30 12:30:00+00:00,102.95,103.45,102.55,103.15,9860.0
2026-07-30 12:45:00+00:00,103.25,103.45,102.9,103.0,4821.0
2026-07-30 13:00:00+00:00,103.15,104.75,102.8,104.0,9281.0
2026-07-30 13:15:00+00:00,104.05,106.1,104.05,105.9,22317.0
2026-07-30 13:30:00+00:00,105.7,106.4,105.35,106.35,6010.0
2026-07-30 14:00:00+00:00,106.35,108.55,106.35,107.05,52807.0
2026-07-30 14:15:00+00:00,107.15,107.35,106.05,106.85,15339.0
2026-07-30 14:30:00+00:00,107.0,107.75,105.9,106.3,14773.0
2026-07-30 14:45:00+00:00,106.15,106.65,105.05,105.55,10282.0
2026-07-30 15:00:00+00:00,105.6,106.8,105.35,105.85,12163.0
2026-07-30 15:15:00+00:00,105.75,106.15,104.55,105.05,12760.0
2026-07-31 07:00:00+00:00,111.2,114.0,110.45,110.7,74811.0
2026-07-31 07:15:00+00:00,110.5,113.5,110.45,113.2,16534.0
2026-07-31 07:30:00+00:00,113.3,114.2,113.05,113.1,15629.0
2026-07-31 07:45:00+00:00,113.25,113.8,112.8,113.3,4795.0
2026-07-31 08:00:00+00:00,113.3,113.9,111.15,112.05,11422.0
2026-07-31 08:15:00+00:00,112.2,112.7,111.5,112.4,3835.0
2026-07-31 08:30:00+00:00,112.55,112.65,111.45,111.55,8392.0
2026-07-31 08:45:00+00:00,111.45,112.0,111.0,111.25,4529.0
2026-07-31 09:00:00+00:00,111.2,111.5,110.7,110.8,3088.0
2026-07-31 09:15:00+00:00,111.0,111.2,110.2,110.25,10459.0
2026-07-31 09:30:00+00:00,110.25,110.3,110.0,110.0,5119.0
2026-07-31 09:45:00+00:00,110.1,110.9,110.075,110.8,7233.0
2026-07-31 10:00:00+00:00,110.5,111.25,110.5,111.1,1594.0
2026-07-31 10:15:00+00:00,111.075,111.2,110.7,110.95,1809.0
2026-07-31 10:30:00+00:00,110.9,111.1,110.05,110.25,2045.0
2026-07-31 10:45:00+00:00,110.4,111.3,110.2,111.25,2997.0
2026-07-31 11:00:00+00:00,111.3,111.4,110.65,110.85,2091.0
2026-07-31 11:15:00+00:00,111.0,111.1,110.5,110.7,1947.0
2026-07-31 11:30:00+00:00,110.55,110.95,110.2,110.4,5018.0
2026-07-31 11:45:00+00:00,110.35,110.5,110.0,110.3,2235.0
2026-07-31 12:00:00+00:00,110.2,110.2,109.15,109.65,4685.0
2026-07-31 12:15:00+00:00,109.6,109.8,109.05,109.05,3058.0
2026-07-31 12:30:00+00:00,109.05,109.3,108.35,109.3,4233.0
2026-07-31 12:45:00+00:00,109.15,109.55,108.65,108.9,4429.0
2026-07-31 13:00:00+00:00,108.9,109.4,108.65,109.35,3252.0
2026-07-31 13:15:00+00:00,109.3,110.4,109.3,110.0,5584.0
2026-07-31 13:30:00+00:00,109.95,110.6,106.55,106.75,27329.0
2026-07-31 13:45:00+00:00,106.6,106.95,104.6,105.9,16770.0
2026-07-31 14:00:00+00:00,106.0,106.0,103.4,103.85,15702.0
2026-07-31 14:15:00+00:00,103.95,105.35,103.5,104.95,8587.0
2026-07-31 14:30:00+00:00,104.95,105.05,103.7,103.95,48383.0
2026-07-31 14:45:00+00:00,103.9,104.85,103.65,104.75,9846.0
2026-07-31 15:00:00+00:00,104.7,105.05,103.95,104.25,17315.0
2026-07-31 15:15:00+00:00,104.2,104.8,103.3,103.6,21565.0
2026-08-03 07:00:00+00:00,107.55,108.85,104.85,106.4,18132.0
2026-08-03 07:15:00+00:00,106.45,107.1,106.0,106.7,3213.0
2026-08-03 07:30:00+00:00,106.65,106.7,105.6,106.05,2722.0
2026-08-03 07:45:00+00:00,106.1,106.85,105.95,106.4,1845.0
2026-08-03 08:00:00+00:00,106.6,107.25,106.1,106.35,2863.0
2026-08-03 08:15:00+00:00,106.45,106.5,105.45,106.3,1622.0
2026-08-03 08:30:00+00:00,106.25,106.75,106.05,106.3,1968.0
2026-08-03 08:45:00+00:00,106.1,106.25,105.7,106.15,1071.0
2026-08-03 09:00:00+00:00,106.2,106.3,105.65,105.8,1120.0
2026-08-03 09:15:00+00:00,105.75,106.1,105.6,105.9,1106.0
2026-08-03 09:30:00+00:00,105.95,106.15,105.45,105.5,1405.0
2026-08-03 09:45:00+00:00,105.4,106.0,105.4,105.95,1002.0
2026-08-03 10:00:00+00:00,106.05,106.1,105.25,105.9,1353.0
2026-08-03 10:15:00+00:00,105.8,105.8,104.6,104.8,3300.0
2026-08-03 10:30:00+00:00,104.7,105.35,104.7,105.25,787.0
2026-08-03 10:45:00+00:00,105.55,105.75,105.45,105.65,558.0
2026-08-03 11:00:00+00:00,105.4,105.45,104.95,105.35,3094.0
2026-08-03 11:15:00+00:00,105.2,105.35,104.8,104.8,1210.0
2026-08-03 11:30:00+00:00,104.7,104.95,104.45,104.5,2431.0
2026-08-03 11:45:00+00:00,104.4,104.45,103.5,104.0,6974.0
2026-08-03 12:00:00+00:00,103.9,103.9,103.2,103.45,1878.0
2026-08-03 12:15:00+00:00,103.5,103.9,103.1,103.6,1316.0
2026-08-03 12:30:00+00:00,103.525,103.525,102.8,103.05,5260.0
2026-08-03 12:45:00+00:00,103.2,103.6,103.15,103.55,596.0
2026-08-03 13:00:00+00:00,103.55,103.55,102.75,102.8,1524.0
2026-08-03 13:15:00+00:00,102.75,103.25,102.45,102.55,2279.0
2026-08-03 13:30:00+00:00,102.7,103.3,101.15,102.65,6376.0
2026-08-03 13:45:00+00:00,102.75,105.05,102.55,104.55,10106.0
2026-08-03 14:00:00+00:00,104.75,104.9,103.65,104.5,3577.0
2026-08-03 14:15:00+00:00,104.55,106.45,104.2,105.95,12593.0
2026-08-03 14:30:00+00:00,106.0,108.4,105.85,108.4,10555.0
2026-08-03 14:45:00+00:00,108.45,111.3,108.15,110.9,11845.0
2026-08-03 15:00:00+00:00,110.8,110.825,109.05,109.2,11242.0
2026-08-03 15:15:00+00:00,109.25,109.65,109.0,109.4,20353.0
2026-08-04 07:00:00+00:00,113.9,119.05,113.7,117.85,50963.0
2026-08-04 07:15:00+00:00,118.0,118.0,116.0,116.95,8779.0
2026-08-04 07:30:00+00:00,116.95,116.95,115.45,116.0,8531.0
2026-08-04 07:45:00+00:00,116.1,116.1,114.9,115.05,7032.0
2026-08-04 08:00:00+00:00,115.1,115.9,114.85,115.1,9149.0
2026-08-04 08:15:00+00:00,115.05,115.6,114.8,115.1,7331.0
2026-08-04 08:30:00+00:00,115.0,115.1,113.4,113.65,2978.0
2026-08-04 08:45:00+00:00,113.9,114.2,113.4,113.55,6400.0
2026-08-04 09:00:00+00:00,113.55,114.0,113.05,113.05,4938.0
2026-08-04 09:15:00+00:00,113.05,113.5,112.8,113.35,1534.0
2026-08-04 09:30:00+00:00,113.55,114.1,113.5,114.0,2826.0
2026-08-04 09:45:00+00:00,114.15,114.2,113.65,113.9,2179.0
2026-08-04 10:00:00+00:00,114.1,114.85,113.9,114.85,2991.0
2026-08-04 10:15:00+00:00,114.95,116.0,114.8,115.8,6010.0
2026-08-04 10:30:00+00:00,115.85,116.95,115.8,116.4,4534.0
2026-08-04 10:45:00+00:00,116.55,117.4,116.55,116.85,7539.0
2026-08-04 11:00:00+00:00,117.0,118.3,117.0,117.8,8231.0
2026-08-04 11:15:00+00:00,117.9,118.1,116.7,117.95,8561.0
2026-08-04 11:30:00+00:00,118.0,119.5,117.6,117.95,20129.0
2026-08-04 11:45:00+00:00,118.05,119.2,118.0,118.35,3418.0
2026-08-04 12:00:00+00:00,118.4,119.15,118.25,119.1,4012.0
2026-08-04 12:15:00+00:00,119.1,119.7,118.9,119.15,7362.0
2026-08-04 12:30:00+00:00,119.2,119.8,118.55,119.8,9345.0
2026-08-04 12:45:00+00:00,119.8,120.0,119.3,119.6,6253.0
2026-08-04 13:00:00+00:00,119.55,119.9,119.3,119.7,3615.0
2026-08-04 13:15:00+00:00,119.7,120.0,118.4,118.6,16477.0
2026-08-04 13:30:00+00:00,118.5,119.6,117.9,119.1,6569.0
2026-08-04 13:45:00+00:00,119.0,119.8,117.65,118.2,17364.0
2026-08-04 14:00:00+00:00,118.45,118.6,116.8,117.6,5539.0
2026-08-04 14:15:00+00:00,117.75,118.15,116.95,118.0,4651.0
2026-08-04 14:30:00+00:00,118.1,118.45,117.85,118.05,3000.0
2026-08-04 14:45:00+00:00,118.1,119.25,118.1,119.25,4596.0
2026-08-04 15:00:00+00:00,119.2,120.4,118.95,120.4,9355.0
2026-08-04 15:15:00+00:00,120.25,120.4,119.25,119.25,14670.0
2026-08-05 07:00:00+00:00,122.85,124.1,122.0,123.0,33146.0
2026-08-05 07:15:00+00:00,122.8,124.7,121.9,122.8,21693.0
2026-08-05 07:30:00+00:00,122.95,123.9,122.05,122.35,8270.0
2026-08-05 07:45:00+00:00,122.05,123.2,122.05,122.95,4906.0
2026-08-05 08:00:00+00:00,122.95,124.3,122.35,123.55,7029.0
2026-08-05 08:15:00+00:00,123.75,124.0,123.2,123.55,5905.0
2026-08-05 08:30:00+00:00,123.5,123.7,123.0,123.1,3365.0
2026-08-05 08:45:00+00:00,123.15,124.15,123.05,123.85,3113.0
2026-08-05 09:00:00+00:00,123.9,124.45,123.8,123.8,4171.0
2026-08-05 09:15:00+00:00,123.8,124.1,123.2,123.55,3319.0
2026-08-05 09:30:00+00:00,123.45,123.6,122.65,122.75,2720.0
2026-08-05 09:45:00+00:00,122.7,126.0,122.7,126.0,18174.0
2026-08-05 10:00:00+00:00,125.9,125.9,124.6,124.7,4700.0
2026-08-05 10:15:00+00:00,124.7,125.15,124.55,124.8,3027.0
2026-08-05 10:30:00+00:00,124.8,124.9,123.8,123.8,4615.0
2026-08-05 10:45:00+00:00,123.9,123.9,123.05,123.2,4002.0
2026-08-05 11:00:00+00:00,123.2,123.95,122.5,122.75,5559.0
2026-08-05 11:15:00+00:00,122.6,122.9,122.3,122.9,2018.0
2026-08-05 11:30:00+00:00,122.85,122.95,122.25,122.5,2645.0
2026-08-05 11:45:00+00:00,122.4,122.85,121.75,122.0,3993.0
2026-08-05 12:00:00+00:00,121.85,121.95,120.35,120.9,3769.0
2026-08-05 12:15:00+00:00,121.0,122.2,120.8,122.0,4622.0
2026-08-05 12:30:00+00:00,121.8,122.15,121.15,121.6,3104.0
2026-08-05 12:45:00+00:00,121.55,121.65,121.15,121.4,1200.0
2026-08-05 13:00:00+00:00,121.45,121.45,120.7,120.7,2148.0
2026-08-05 13:15:00+00:00,120.8,120.9,119.7,120.6,6934.0
2026-08-05 13:30:00+00:00,120.525,121.8,119.65,121.7,4261.0
2026-08-05 13:45:00+00:00,121.7,121.8,120.3,121.2,15700.0
2026-08-05 14:00:00+00:00,121.3,121.3,119.05,119.3,16883.0
2026-08-05 14:15:00+00:00,119.25,119.45,118.15,119.3,6645.0
2026-08-05 14:30:00+00:00,119.2,119.2,118.1,118.85,4614.0
2026-08-05 14:45:00+00:00,118.8,119.25,117.65,118.0,12209.0
2026-08-05 15:00:00+00:00,118.1,118.25,117.2,117.3,4459.0
2026-08-05 15:15:00+00:00,117.35,117.95,117.05,117.6,7092.0
2026-08-06 07:00:00+00:00,117.6,118.6,116.5,116.9,14594.0
2026-08-06 07:15:00+00:00,116.8,117.1,115.75,117.1,7381.0
2026-08-06 07:30:00+00:00,117.1,117.9,116.75,117.7,2119.0
2026-08-06 07:45:00+00:00,117.6,117.9,117.4,117.65,2874.0
2026-08-06 08:00:00+00:00,117.9,118.025,117.0,117.0,1094.0
2026-08-06 08:15:00+00:00,117.2,117.65,117.1,117.1,719.0
2026-08-06 08:30:00+00:00,117.25,117.45,117.0,117.45,800.0
2026-08-06 08:45:00+00:00,117.45,118.45,117.45,118.15,3358.0
2026-08-06 09:00:00+00:00,118.25,118.3,116.8,117.0,2055.0
2026-08-06 09:15:00+00:00,117.1,117.75,117.05,117.75,776.0
2026-08-06 09:30:00+00:00,117.775,117.9,117.55,117.75,881.0
2026-08-06 09:45:00+00:00,117.7,118.05,117.55,117.9,1448.0
2026-08-06 10:00:00+00:00,118.0,118.05,117.5,117.9,792.0
2026-08-06 10:15:00+00:00,118.0,118.75,118.0,118.65,870.0
2026-08-06 10:30:00+00:00,118.55,118.7,117.85,118.1,943.0
2026-08-06 10:45:00+00:00,118.1,118.85,118.05,118.7,2464.0
2026-08-06 11:00:00+00:00,118.55,118.55,117.85,118.3,487.0
2026-08-06 11:15:00+00:00,118.3,118.35,118.2,118.25,145.0
2026-08-06 11:30:00+00:00,118.2,118.8,118.2,118.5,1120.0
2026-08-06 11:45:00+00:00,118.4,118.8,118.2,118.75,721.0
2026-08-06 12:00:00+00:00,118.75,118.75,117.9,118.0,804.0
2026-08-06 12:15:00+00:00,117.9,118.1,117.6,117.8,2168.0
2026-08-06 12:30:00+00:00,117.4,117.55,117.2,117.3,393.0
2026-08-06 12:45:00+00:00,117.3,117.6,117.15,117.4,1095.0
2026-08-06 13:00:00+00:00,117.3,117.35,115.85,116.05,6361.0
2026-08-06 13:15:00+00:00,115.9,116.75,115.25,116.6,17267.0
2026-08-06 13:30:00+00:00,116.4,118.8,115.15,118.8,12563.0
2026-08-06 13:45:00+00:00,118.8,119.4,117.95,119.2,4025.0
2026-08-06 14:00:00+00:00,119.3,121.0,118.8,120.75,5851.0
2026-08-06 14:15:00+00:00,120.9,121.7,120.2,120.3,6758.0
2026-08-06 14:30:00+00:00,120.4,121.4,120.0,120.25,4349.0
2026-08-06 14:45:00+00:00,120.0,120.25,119.6,120.05,3974.0
2026-08-06 15:00:00+00:00,120.25,120.85,119.3,120.55,4101.0
2026-08-06 15:15:00+00:00,120.4,120.7,120.0,120.4,9173.0
2026-08-07 07:00:00+00:00,120.0,121.0,119.25,119.3,9926.0
2026-08-07 07:15:00+00:00,119.05,120.0,118.8,119.65,1992.0
2026-08-07 07:30:00+00:00,119.45,119.8,119.0,119.7,2325.0
2026-08-07 07:45:00+00:00,119.8,120.1,119.55,119.95,1612.0
2026-08-07 08:00:00+00:00,120.0,121.5,120.0,121.4,7442.0
2026-08-07 08:15:00+00:00,121.5,122.2,121.25,121.9,4842.0
2026-08-07 08:30:00+00:00,121.95,122.0,121.0,121.25,1786.0
2026-08-07 08:45:00+00:00,121.15,121.45,120.95,121.45,916.0
2026-08-07 09:00:00+00:00,121.3,121.85,121.3,121.65,1091.0
2026-08-07 09:15:00+00:00,121.65,121.95,121.65,121.8,197.0
2026-08-07 09:30:00+00:00,121.7,121.8,121.45,121.7,294.0
2026-08-07 09:45:00+00:00,121.55,122.0,121.55,121.85,306.0
2026-08-07 10:00:00+00:00,121.9,122.0,121.5,121.65,604.0
2026-08-07 10:15:00+00:00,121.75,121.75,121.45,121.45,360.0
2026-08-07 10:30:00+00:00,121.35,121.85,121.35,121.6,1719.0
2026-08-07 10:45:00+00:00,121.45,121.45,121.2,121.35,274.0
2026-08-07 11:00:00+00:00,121.35,121.55,121.3,121.45,430.0
2026-08-07 11:15:00+00:00,121.5,121.8,121.4,121.8,243.0
2026-08-07 11:30:00+00:00,121.75,121.95,121.55,121.65,1161.0
2026-08-07 11:45:00+00:00,121.6,121.7,121.45,121.6,554.0
2026-08-07 12:00:00+00:00,121.45,121.8,121.35,121.75,334.0
2026-08-07 12:15:00+00:00,121.85,122.5,121.85,122.4,3422.0
2026-08-07 12:30:00+00:00,122.35,123.4,122.0,123.4,3511.0
2026-08-07 12:45:00+00:00,123.3,124.0,123.3,124.0,6141.0
2026-08-07 13:00:00+00:00,124.0,124.2,123.1,123.7,5004.0
2026-08-07 13:15:00+00:00,123.75,124.5,123.05,124.2,8439.0
2026-08-07 13:30:00+00:00,124.2,125.3,123.3,124.5,15693.0
2026-08-07 13:45:00+00:00,124.75,124.75,122.55,123.15,7044.0
2026-08-07 14:00:00+00:00,123.2,123.2,121.2,121.3,4427.0
2026-08-07 14:15:00+00:00,121.3,123.8,121.25,123.65,2990.0
2026-08-07 14:30:00+00:00,123.5,123.5,122.05,122.05,1604.0
2026-08-07 14:45:00+00:00,122.2,122.6,121.4,121.4,2771.0
2026-08-07 15:00:00+00:00,121.45,122.75,121.35,122.35,13287.0
2026-08-07 15:15:00+00:00,122.25,123.25,122.05,122.8,7036.0
2026-08-10 07:00:00+00:00,124.6,128.0,124.45,126.85,23083.0
2026-08-10 07:15:00+00:00,126.6,127.45,126.05,126.95,3562.0
2026-08-10 07:30:00+00:00,126.95,128.55,126.75,127.7,10008.0
2026-08-10 07:45:00+00:00,127.8,128.0,127.55,127.55,4394.0
2026-08-10 08:00:00+00:00,127.45,127.45,126.35,127.0,2585.0
2026-08-10 08:15:00+00:00,127.0,127.25,126.8,127.15,2322.0
2026-08-10 08:30:00+00:00,127.05,128.3,127.05,127.8,3116.0
2026-08-10 08:45:00+00:00,127.8,128.3,127.5,128.2,5838.0
2026-08-10 09:00:00+00:00,128.35,128.35,127.95,128.1,1708.0
2026-08-10 09:15:00+00:00,128.05,128.35,127.95,128.25,1757.0
2026-08-10 09:30:00+00:00,128.25,128.85,128.0,128.5,6649.0
2026-08-10 09:45:00+00:00,128.6,128.7,128.3,128.45,1405.0
2026-08-10 10:00:00+00:00,128.5,128.6,127.7,127.7,1335.0
2026-08-10 10:15:00+00:00,127.8,128.25,127.5,128.0,1286.0
2026-08-10 10:30:00+00:00,128.3,128.35,128.0,128.1,1566.0
2026-08-10 10:45:00+00:00,128.05,128.9,127.45,128.75,3393.0
2026-08-10 11:00:00+00:00,128.75,128.95,128.25,128.4,1816.0
2026-08-10 11:15:00+00:00,128.55,128.95,128.45,128.9,2370.0
2026-08-10 11:30:00+00:00,128.9,129.1,128.45,128.55,5403.0
2026-08-10 11:45:00+00:00,128.5,129.05,128.4,129.0,2062.0
2026-08-10 12:00:00+00:00,129.0,129.0,128.05,128.05,3723.0
2026-08-10 12:15:00+00:00,128.1,128.65,127.6,128.05,6594.0
2026-08-10 12:30:00+00:00,127.95,128.1,126.15,126.25,7402.0
2026-08-10 12:45:00+00:00,126.25,126.5,125.6,126.35,3690.0
2026-08-10 13:00:00+00:00,126.05,126.1,125.15,125.65,2926.0
2026-08-10 13:15:00+00:00,125.65,126.0,125.2,125.35,1519.0
2026-08-10 13:30:00+00:00,125.4,125.4,120.9,121.45,21495.0
2026-08-10 13:45:00+00:00,121.4,122.4,120.6,121.95,9407.0
2026-08-10 14:00:00+00:00,121.85,123.7,121.65,123.3,15182.0
2026-08-10 14:15:00+00:00,123.4,123.4,121.0,121.25,3945.0
2026-08-10 14:30:00+00:00,121.2,121.9,121.05,121.3,3072.0
2026-08-10 14:45:00+00:00,121.15,121.35,120.2,120.25,6469.0
2026-08-10 15:00:00+00:00,120.25,120.55,119.35,120.25,6212.0
2026-08-10 15:15:00+00:00,120.35,120.45,119.8,119.85,4893.0
2026-08-11 07:00:00+00:00,119.9,120.35,119.15,119.6,5269.0
2026-08-11 07:15:00+00:00,119.6,120.15,118.65,119.85,2760.0
2026-08-11 07:30:00+00:00,119.85,120.35,119.6,119.6,2412.0
2026-08-11 07:45:00+00:00,119.35,120.4,119.25,120.4,1179.0
2026-08-11 08:00:00+00:00,120.35,121.3,120.0,120.1,2747.0
2026-08-11 08:15:00+00:00,120.3,120.35,119.9,120.1,1272.0
2026-08-11 08:30:00+00:00,119.85,120.4,119.7,120.4,1188.0
2026-08-11 08:45:00+00:00,120.35,120.6,120.0,120.2,1518.0
2026-08-11 09:00:00+00:00,120.35,120.45,119.8,120.0,1039.0
2026-08-11 09:15:00+00:00,120.15,120.4,120.05,120.3,1166.0
2026-08-11 09:30:00+00:00,120.05,120.2,119.9,120.1,503.0
2026-08-11 09:45:00+00:00,120.2,120.2,120.0,120.1,502.0
2026-08-11 10:00:00+00:00,120.3,120.5,120.2,120.25,619.0
2026-08-11 10:15:00+00:00,120.25,121.55,120.25,121.25,2406.0
2026-08-11 10:30:00+00:00,121.4,122.0,121.0,122.0,2065.0
2026-08-11 10:45:00+00:00,121.9,122.35,121.85,121.9,979.0
2026-08-11 11:00:00+00:00,121.9,122.95,121.8,122.9,1861.0
2026-08-11 11:15:00+00:00,122.8,123.0,122.05,122.3,1047.0
2026-08-11 11:30:00+00:00,122.1,122.15,121.6,121.7,1630.0
2026-08-11 11:45:00+00:00,122.05,122.1,121.5,121.65,530.0
2026-08-11 12:00:00+00:00,121.95,122.55,121.8,122.55,304.0
2026-08-11 12:15:00+00:00,122.5,123.15,122.4,122.95,746.0
2026-08-11 12:30:00+00:00,122.75,123.0,122.55,122.55,943.0
2026-08-11 12:45:00+00:00,122.35,122.45,121.75,121.75,936.0
2026-08-11 13:00:00+00:00,121.9,122.85,121.7,122.5,1321.0
2026-08-11 13:15:00+00:00,122.5,123.5,122.4,123.25,1540.0
2026-08-11 13:30:00+00:00,123.25,123.25,122.3,123.05,2452.0
2026-08-11 13:45:00+00:00,123.05,123.05,122.2,122.3,2569.0
2026-08-11 14:00:00+00:00,122.45,123.6,122.25,123.1,3023.0
2026-08-11 14:15:00+00:00,123.05,123.45,122.65,123.35,2412.0
2026-08-11 14:30:00+00:00,123.35,123.35,122.4,122.4,1768.0
2026-08-11 14:45:00+00:00,122.4,122.9,122.4,122.5,3407.0
2026-08-11 15:00:00+00:00,122.45,122.95,121.45,121.6,4402.0
2026-08-11 15:15:00+00:00,121.65,121.7,121.1,121.7,3211.0
2026-08-12 07:00:00+00:00,123.35,125.2,122.95,124.95,29141.0
2026-08-12 07:15:00+00:00,124.8,125.2,124.45,125.15,3058.0
2026-08-12 07:30:00+00:00,125.0,125.55,124.45,125.5,11166.0
2026-08-12 07:45:00+00:00,125.4,126.45,125.4,126.2,3843.0
2026-08-12 08:00:00+00:00,126.3,126.6,126.05,126.6,12784.0
2026-08-12 08:15:00+00:00,126.45,127.2,126.25,126.85,17576.0
2026-08-12 08:30:00+00:00,127.0,127.0,126.7,126.7,1585.0
2026-08-12 08:45:00+00:00,126.7,127.35,126.7,127.25,2505.0
2026-08-12 09:00:00+00:00,127.1,128.7,127.1,128.7,9875.0
2026-08-12 09:15:00+00:00,128.7,128.75,128.05,128.2,3524.0
2026-08-12 09:30:00+00:00,128.3,128.65,127.7,128.05,3482.0
2026-08-12 09:45:00+00:00,128.05,128.1,127.6,128.05,2282.0
2026-08-12 10:00:00+00:00,127.95,127.95,127.45,127.75,2173.0
2026-08-12 10:15:00+00:00,127.95,128.9,127.75,128.85,3326.0
2026-08-12 10:30:00+00:00,128.85,129.15,128.65,128.9,5015.0
2026-08-12 10:45:00+00:00,128.8,128.8,128.05,128.6,2672.0
2026-08-12 11:00:00+00:00,128.65,128.95,128.55,128.55,2455.0
2026-08-12 11:15:00+00:00,128.5,128.8,128.2,128.7,3128.0
2026-08-12 11:30:00+00:00,128.8,129.25,128.75,129.1,4552.0
2026-08-12 11:45:00+00:00,129.05,130.8,129.0,130.6,12491.0
2026-08-12 12:00:00+00:00,130.5,130.95,130.3,130.7,3401.0
2026-08-12 12:15:00+00:00,130.65,131.65,130.35,131.65,5141.0
2026-08-12 12:30:00+00:00,131.7,132.1,130.9,131.95,4741.0
2026-08-12 12:45:00+00:00,131.95,132.0,131.1,131.1,4281.0
2026-08-12 13:00:00+00:00,131.3,132.0,130.55,130.575,4067.0
2026-08-12 13:15:00+00:00,130.55,131.95,130.45,131.95,1695.0
2026-08-12 13:30:00+00:00,131.95,132.4,129.6,130.7,11534.0
2026-08-12 13:45:00+00:00,130.65,131.5,130.1,130.75,3592.0
2026-08-12 14:00:00+00:00,130.9,130.95,130.0,130.5,13899.0
2026-08-12 14:15:00+00:00,130.55,131.3,130.55,131.1,2674.0
2026-08-12 14:30:00+00:00,131.05,131.35,130.6,131.35,5493.0
2026-08-12 14:45:00+00:00,131.4,131.7,130.35,130.9,3127.0
2026-08-12 15:00:00+00:00,130.95,131.4,130.7,131.25,3958.0
2026-08-12 15:15:00+00:00,131.2,131.2,130.2,131.1,6600.0
2026-08-13 07:00:00+00:00,133.0,135.25,132.0,132.35,38308.0
2026-08-13 07:15:00+00:00,132.55,133.25,131.8,132.25,6616.0
2026-08-13 07:30:00+00:00,132.4,133.75,132.4,133.5,3080.0
2026-08-13 07:45:00+00:00,133.4,133.7,132.85,133.3,1676.0
2026-08-13 08:00:00+00:00,133.4,133.7,132.5,132.5,1220.0
2026-08-13 08:15:00+00:00,132.4,133.2,132.4,133.0,1132.0
2026-08-13 08:30:00+00:00,132.85,133.2,132.65,133.05,827.0
2026-08-13 08:45:00+00:00,133.1,133.8,133.05,133.65,3055.0
2026-08-13 09:00:00+00:00,133.6,133.7,132.1,132.4,1330.0
2026-08-13 09:15:00+00:00,132.2,132.8,131.85,132.5,3222.0
2026-08-13 09:30:00+00:00,132.6,133.35,132.5,133.2,1235.0
2026-08-13 09:45:00+00:00,133.3,134.4,132.9,134.4,2927.0
2026-08-13 10:00:00+00:00,134.4,135.4,134.3,135.0,6034.0
2026-08-13 10:15:00+00:00,135.0,135.0,133.65,133.75,794.0
2026-08-13 10:30:00+00:00,133.85,133.85,132.75,132.75,1036.0
2026-08-13 10:45:00+00:00,132.95,133.45,132.95,133.25,1044.0
2026-08-13 11:00:00+00:00,133.225,133.65,133.1,133.55,837.0
2026-08-13 11:15:00+00:00,133.65,133.75,133.35,133.6,2687.0
2026-08-13 11:30:00+00:00,133.6,133.85,133.25,133.55,4144.0
2026-08-13 11:45:00+00:00,133.55,133.75,133.25,133.6,1316.0
2026-08-13 12:00:00+00:00,133.55,133.55,132.65,132.85,4953.0
2026-08-13 12:15:00+00:00,132.8,133.65,132.55,133.65,1601.0
2026-08-13 12:30:00+00:00,133.65,134.05,133.0,133.1,1191.0
2026-08-13 12:45:00+00:00,133.15,133.55,133.1,133.3,1239.0
2026-08-13 13:00:00+00:00,133.45,133.7,132.5,133.7,10977.0
2026-08-13 13:15:00+00:00,133.65,133.7,132.6,132.8,2365.0
2026-08-13 13:30:00+00:00,132.5,133.55,132.1,132.9,4270.0
2026-08-13 13:45:00+00:00,132.9,133.95,132.25,133.65,3482.0
2026-08-13 14:00:00+00:00,133.65,133.75,132.6,133.05,3973.0
2026-08-13 14:15:00+00:00,132.9,133.5,132.5,132.6,1388.0
2026-08-13 14:30:00+00:00,132.6,133.4,132.2,133.35,2381.0
2026-08-13 14:45:00+00:00,133.35,134.05,133.2,133.8,2931.0
2026-08-13 15:00:00+00:00,133.8,134.3,133.5,133.7,2062.0
2026-08-13 15:15:00+00:00,133.6,133.75,132.55,133.45,6321.0
2026-08-14 07:00:00+00:00,132.7,133.35,130.2,130.95,15979.0
2026-08-14 07:15:00+00:00,131.1,132.0,130.8,131.2,2282.0
2026-08-14 07:30:00+00:00,131.2,131.85,130.85,130.85,2676.0
2026-08-14 07:45:00+00:00,130.95,131.55,130.75,131.2,1490.0
2026-08-14 08:00:00+00:00,131.3,131.8,130.6,131.15,2292.0
2026-08-14 08:15:00+00:00,131.4,131.55,131.35,131.55,881.0
2026-08-14 08:30:00+00:00,131.4,132.1,131.25,131.9,1757.0
2026-08-14 08:45:00+00:00,132.1,132.6,132.0,132.05,885.0
2026-08-14 09:00:00+00:00,132.0,132.1,131.75,132.0,1121.0
2026-08-14 09:15:00+00:00,131.8,132.2,131.8,132.2,299.0
2026-08-14 09:30:00+00:00,132.0,132.3,131.75,131.75,855.0
2026-08-14 09:45:00+00:00,131.65,132.75,131.65,132.75,919.0
2026-08-14 10:00:00+00:00,132.8,132.95,132.3,132.3,1073.0
2026-08-14 10:15:00+00:00,132.2,132.2,131.2,131.25,1535.0
2026-08-14 10:30:00+00:00,131.25,131.8,131.1,131.8,649.0
2026-08-14 10:45:00+00:00,131.65,132.05,131.5,131.95,688.0
2026-08-14 11:00:00+00:00,131.85,132.5,131.65,132.45,597.0
2026-08-14 11:15:00+00:00,132.45,132.55,132.05,132.25,445.0
2026-08-14 11:30:00+00:00,132.3,132.6,132.0,132.55,948.0
2026-08-14 11:45:00+00:00,132.7,133.25,132.6,133.2,1373.0
2026-08-14 12:00:00+00:00,133.3,133.65,133.0,133.05,1911.0
2026-08-14 12:15:00+00:00,133.05,133.05,131.95,132.2,2274.0
2026-08-14 12:30:00+00:00,132.25,132.5,131.9,132.1,2175.0
2026-08-14 12:45:00+00:00,132.1,132.3,131.85,132.25,1246.0
2026-08-14 13:00:00+00:00,132.25,132.85,132.25,132.35,1313.0
2026-08-14 13:15:00+00:00,132.35,132.4,131.25,132.0,1989.0
2026-08-14 13:30:00+00:00,131.8,132.75,130.45,132.65,7154.0
2026-08-14 13:45:00+00:00,132.8,133.4,131.9,131.95,3273.0
2026-08-14 14:00:00+00:00,131.85,132.75,131.55,131.75,3849.0
2026-08-14 14:15:00+00:00,131.75,131.75,129.6,130.25,10773.0
2026-08-14 14:30:00+00:00,130.35,132.1,130.35,131.55,3452.0
2026-08-14 14:45:00+00:00,131.45,132.1,131.15,131.65,3423.0
2026-08-14 15:00:00+00:00,131.5,131.6,130.65,130.85,8149.0
2026-08-14 15:15:00+00:00,130.7,130.85,129.9,130.5,5527.0
2026-08-17 07:00:00+00:00,132.6,133.95,131.65,132.9,45389.0
2026-08-17 07:15:00+00:00,132.7,132.8,131.8,132.0,3551.0
2026-08-17 07:30:00+00:00,132.2,133.35,132.0,133.35,1718.0
2026-08-17 07:45:00+00:00,133.5,133.7,132.85,132.85,2299.0
2026-08-17 08:00:00+00:00,133.1,133.25,132.9,133.0,608.0
2026-08-17 08:15:00+00:00,133.1,133.1,132.5,132.7,1010.0
2026-08-17 08:30:00+00:00,132.55,132.55,131.85,132.05,1503.0
2026-08-17 08:45:00+00:00,131.85,132.6,131.55,132.3,4519.0
2026-08-17 09:00:00+00:00,132.4,132.45,131.8,131.95,1463.0
2026-08-17 09:15:00+00:00,131.9,132.5,131.8,132.5,470.0
2026-08-17 09:30:00+00:00,132.4,132.4,132.1,132.3,427.0
2026-08-17 09:45:00+00:00,132.4,133.55,132.4,133.35,2125.0
2026-08-17 10:00:00+00:00,133.4,133.45,132.95,133.35,1764.0
2026-08-17 10:15:00+00:00,133.4,133.95,133.3,133.9,2152.0
2026-08-17 10:30:00+00:00,133.85,134.05,133.85,134.05,2252.0
2026-08-17 10:45:00+00:00,134.0,134.1,133.65,133.8,2339.0
2026-08-17 11:00:00+00:00,133.85,133.9,133.5,133.75,999.0
2026-08-17 11:15:00+00:00,133.8,134.4,133.7,133.9,3339.0
2026-08-17 11:30:00+00:00,133.9,133.9,133.15,133.6,19660.0
2026-08-17 11:45:00+00:00,133.75,134.3,133.75,134.0,5877.0
2026-08-17 12:00:00+00:00,134.0,134.2,133.6,134.2,2455.0
2026-08-17 12:15:00+00:00,134.25,134.3,133.7,134.3,1521.0
2026-08-17 12:30:00+00:00,134.35,134.4,133.85,133.9,799.0
2026-08-17 12:45:00+00:00,133.75,133.8,133.35,133.35,1870.0
2026-08-17 13:00:00+00:00,133.35,133.85,133.3,133.8,1433.0
2026-08-17 13:15:00+00:00,133.75,134.2,133.45,133.95,1951.0
2026-08-17 13:30:00+00:00,133.9,134.45,133.2,134.2,2831.0
2026-08-17 13:45:00+00:00,134.15,134.65,133.6,134.3,7728.0
2026-08-17 14:00:00+00:00,134.35,134.5,133.65,133.65,3681.0
2026-08-17 14:15:00+00:00,133.5,133.95,132.7,133.6,24375.0
2026-08-17 14:30:00+00:00,133.6,134.3,133.25,134.2,2076.0
2026-08-17 14:45:00+00:00,134.1,134.75,134.05,134.75,3921.0
2026-08-17 15:00:00+00:00,134.8,135.0,134.25,134.35,6155.0
2026-08-17 15:15:00+00:00,134.3,134.9,134.3,134.7,5501.0
2026-08-18 07:00:00+00:00,132.0,132.0,128.5,129.7,48459.0
2026-08-18 07:15:00+00:00,129.75,129.75,126.05,126.1,14420.0
2026-08-18 07:30:00+00:00,126.2,126.5,125.55,125.65,7127.0
2026-08-18 07:45:00+00:00,125.65,126.55,125.6,126.15,4202.0
2026-08-18 08:00:00+00:00,126.05,126.05,124.6,125.0,7825.0
2026-08-18 08:15:00+00:00,125.05,125.1,123.0,123.15,10010.0
2026-08-18 08:30:00+00:00,123.15,123.85,123.05,123.85,5113.0
2026-08-18 08:45:00+00:00,123.85,123.85,121.7,122.1,11370.0
2026-08-18 09:00:00+00:00,122.1,122.1,120.95,121.65,7347.0
2026-08-18 09:15:00+00:00,121.6,121.7,120.9,121.15,3928.0
2026-08-18 09:30:00+00:00,121.05,121.15,120.7,120.95,3894.0
2026-08-18 09:45:00+00:00,120.95,121.0,120.55,120.65,6128.0
2026-08-18 10:00:00+00:00,120.65,121.0,120.25,120.4,3267.0
2026-08-18 10:15:00+00:00,120.4,120.45,120.1,120.3,3282.0
2026-08-18 10:30:00+00:00,120.35,120.5,120.1,120.2,1458.0
2026-08-18 10:45:00+00:00,120.2,120.3,119.75,120.15,6755.0
2026-08-18 11:00:00+00:00,120.15,121.15,120.15,120.95,3366.0
2026-08-18 11:15:00+00:00,121.0,121.4,120.45,120.6,6560.0
2026-08-18 11:30:00+00:00,120.55,120.95,120.1,120.2,3944.0
2026-08-18 11:45:00+00:00,120.1,120.5,120.1,120.3,1230.0
2026-08-18 12:00:00+00:00,120.2,120.3,119.95,120.2,2845.0
2026-08-18 12:15:00+00:00,120.2,120.2,120.05,120.1,1100.0
2026-08-18 12:30:00+00:00,120.2,120.25,119.6,119.9,3041.0
2026-08-18 12:45:00+00:00,119.9,120.35,119.75,120.1,1596.0
2026-08-18 13:00:00+00:00,120.15,120.15,119.55,119.75,3704.0
2026-08-18 13:15:00+00:00,119.75,120.15,119.3,119.45,4079.0
2026-08-18 13:30:00+00:00,119.55,120.35,119.15,119.3,5707.0
2026-08-18 13:45:00+00:00,119.25,119.25,118.8,118.8,4793.0
2026-08-18 14:00:00+00:00,119.05,119.55,117.0,117.45,16245.0
2026-08-18 14:15:00+00:00,117.55,118.05,117.0,117.75,10273.0
2026-08-18 14:30:00+00:00,117.8,118.2,117.2,117.4,6104.0
2026-08-18 14:45:00+00:00,117.35,117.5,115.9,116.0,10352.0
2026-08-18 15:00:00+00:00,115.9,116.8,115.05,115.6,13289.0
2026-08-18 15:15:00+00:00,115.55,115.65,114.95,115.35,19419.0
2026-08-19 07:00:00+00:00,111.8,112.0,107.9,109.65,51764.0
2026-08-19 07:15:00+00:00,109.6,110.85,108.1,110.65,13201.0
2026-08-19 07:30:00+00:00,110.6,110.75,109.95,110.35,8673.0
2026-08-19 07:45:00+00:00,110.5,110.85,110.1,110.65,3823.0
2026-08-19 08:00:00+00:00,110.575,113.25,110.575,112.4,10215.0
2026-08-19 08:15:00+00:00,112.25,112.65,111.65,111.9,12325.0
2026-08-19 08:30:00+00:00,111.9,112.15,111.55,112.1,3001.0
2026-08-19 08:45:00+00:00,112.1,112.45,112.0,112.35,1271.0
2026-08-19 09:00:00+00:00,112.35,112.35,111.3,111.35,4598.0
2026-08-19 09:15:00+00:00,111.3,111.75,111.2,111.4,3170.0
2026-08-19 09:30:00+00:00,111.4,112.4,111.4,112.3,2701.0
2026-08-19 09:45:00+00:00,112.35,112.35,111.25,111.4,4510.0
2026-08-19 10:00:00+00:00,111.3,111.3,110.75,111.3,2492.0
2026-08-19 10:15:00+00:00,111.3,111.75,110.9,110.95,2028.0
2026-08-19 10:30:00+00:00,111.05,112.25,111.05,111.8,2482.0
2026-08-19 10:45:00+00:00,111.7,111.9,111.5,111.5,1521.0
2026-08-19 11:00:00+00:00,111.45,112.55,111.275,112.2,2485.0
2026-08-19 11:15:00+00:00,112.15,112.3,112.1,112.1,741.0
2026-08-19 11:30:00+00:00,112.1,112.1,111.1,111.15,3055.0
2026-08-19 11:45:00+00:00,111.1,111.5,111.05,111.35,1834.0
2026-08-19 12:00:00+00:00,111.3,112.3,111.15,111.85,1336.0
2026-08-19 12:15:00+00:00,111.9,112.4,111.9,112.35,1675.0
2026-08-19 12:30:00+00:00,112.3,113.45,112.15,113.25,3836.0
2026-08-19 12:45:00+00:00,113.15,113.3,112.9,113.2,3427.0
2026-08-19 13:00:00+00:00,113.2,113.9,113.0,113.7,4807.0
2026-08-19 13:15:00+00:00,113.5,114.1,112.95,113.0,4067.0
2026-08-19 13:30:00+00:00,112.9,113.3,110.9,111.65,12258.0
2026-08-19 13:45:00+00:00,111.5,112.0,109.375,110.0,10008.0
2026-08-19 14:00:00+00:00,109.95,110.25,108.15,108.6,12815.0
2026-08-19 14:15:00+00:00,108.9,109.45,108.5,109.4,3896.0
2026-08-19 14:30:00+00:00,109.5,110.35,108.95,109.95,3872.0
2026-08-19 14:45:00+00:00,110.0,110.25,109.55,110.2,4947.0
2026-08-19 15:00:00+00:00,110.1,110.6,109.6,110.3,9656.0
2026-08-19 15:15:00+00:00,110.3,110.95,110.1,110.75,10511.0
2026-08-20 07:00:00+00:00,111.25,112.95,110.75,111.0,15902.0
2026-08-20 07:15:00+00:00,110.95,111.55,110.55,111.2,3238.0
2026-08-20 07:30:00+00:00,111.05,111.55,110.65,111.0,4680.0
2026-08-20 07:45:00+00:00,111.0,111.05,109.2,109.8,5592.0
2026-08-20 08:00:00+00:00,109.75,109.95,109.15,109.7,2891.0
2026-08-20 08:15:00+00:00,109.65,109.8,109.15,109.8,1499.0
2026-08-20 08:30:00+00:00,109.6,110.65,109.5,110.65,2635.0
2026-08-20 08:45:00+00:00,110.75,110.8,110.2,110.275,1563.0
2026-08-20 09:00:00+00:00,110.3,111.1,110.3,111.05,2426.0
2026-08-20 09:15:00+00:00,111.05,111.05,110.35,110.55,1748.0
2026-08-20 09:30:00+00:00,110.5,110.5,109.6,109.85,2122.0
2026-08-20 09:45:00+00:00,110.0,110.1,109.55,109.95,1259.0
2026-08-20 10:00:00+00:00,109.75,110.0,109.45,110.0,1176.0
2026-08-20 10:15:00+00:00,109.85,110.1,109.25,109.5,4921.0
2026-08-20 10:30:00+00:00,109.45,109.65,109.25,109.6,2305.0
2026-08-20 10:45:00+00:00,109.55,109.85,109.45,109.45,922.0
2026-08-20 11:00:00+00:00,109.5,109.65,109.2,109.5,2869.0
2026-08-20 11:15:00+00:00,109.65,109.65,109.15,109.25,2808.0
2026-08-20 11:30:00+00:00,109.35,109.5,108.6,109.1,4517.0
2026-08-20 11:45:00+00:00,109.0,109.1,108.65,108.65,3528.0
2026-08-20 12:00:00+00:00,108.6,108.75,108.05,108.6,3910.0
2026-08-20 12:15:00+00:00,108.55,108.8,108.3,108.65,1756.0
2026-08-20 12:30:00+00:00,108.6,110.75,108.4,110.65,4484.0
2026-08-20 12:45:00+00:00,110.65,111.2,110.6,111.0,5000.0
2026-08-20 13:00:00+00:00,111.0,111.4,110.65,110.7,2534.0
2026-08-20 13:15:00+00:00,110.85,111.35,110.7,111.2,2180.0
2026-08-20 13:30:00+00:00,111.15,111.9,110.35,110.7,11530.0
2026-08-20 13:45:00+00:00,110.65,110.65,108.6,108.7,6232.0
2026-08-20 14:00:00+00:00,108.7,109.65,108.4,109.55,3194.0
2026-08-20 14:15:00+00:00,109.45,109.45,108.75,108.95,3577.0
2026-08-20 14:30:00+00:00,108.9,110.1,108.85,109.8,2040.0
2026-08-20 14:45:00+00:00,109.8,110.0,109.25,109.65,1830.0
2026-08-20 15:00:00+00:00,109.75,110.3,109.2,109.9,4455.0
2026-08-20 15:15:00+00:00,109.75,110.0,109.55,109.55,3428.0
2026-08-21 07:00:00+00:00,110.0,111.0,109.1,110.2,8512.0
2026-08-21 07:15:00+00:00,110.3,111.2,110.1,110.85,5514.0
2026-08-21 07:30:00+00:00,110.7,111.3,110.6,110.6,3825.0
2026-08-21 07:45:00+00:00,110.5,111.05,110.5,110.8,2530.0
2026-08-21 08:00:00+00:00,110.85,110.85,110.05,110.25,2534.0
2026-08-21 08:15:00+00:00,110.35,110.9,109.95,110.8,2818.0
2026-08-21 08:30:00+00:00,110.85,111.1,110.6,110.6,3622.0
2026-08-21 08:45:00+00:00,110.55,110.7,110.45,110.65,2001.0
2026-08-21 09:00:00+00:00,110.7,110.7,110.0,110.25,1450.0
2026-08-21 09:15:00+00:00,110.2,110.6,110.15,110.6,953.0
2026-08-21 09:30:00+00:00,110.7,111.15,110.6,111.05,1362.0
2026-08-21 09:45:00+00:00,110.9,111.2,110.75,111.05,1819.0
2026-08-21 10:00:00+00:00,111.05,111.35,110.85,110.9,1971.0
2026-08-21 10:15:00+00:00,110.85,110.9,110.7,110.7,582.0
2026-08-21 10:30:00+00:00,110.7,111.75,110.6,111.75,4653.0
2026-08-21 10:45:00+00:00,111.8,112.15,111.45,111.9,3082.0
2026-08-21 11:00:00+00:00,111.95,112.15,111.45,111.6,2150.0
2026-08-21 11:15:00+00:00,111.65,111.9,111.45,111.85,969.0
2026-08-21 11:30:00+00:00,111.85,112.25,111.7,111.8,3198.0
2026-08-21 11:45:00+00:00,111.9,111.9,111.35,111.35,878.0
2026-08-21 12:00:00+00:00,111.4,111.9,111.4,111.7,1100.0
2026-08-21 12:15:00+00:00,111.7,111.7,111.25,111.25,884.0
2026-08-21 12:30:00+00:00,111.25,111.6,111.25,111.55,1425.0
2026-08-21 12:45:00+00:00,111.5,111.8,111.45,111.55,3706.0
2026-08-21 13:00:00+00:00,111.45,111.6,111.4,111.5,2955.0
2026-08-21 13:15:00+00:00,111.5,112.2,111.4,111.8,11530.0
2026-08-21 13:30:00+00:00,111.8,111.85,110.0,110.5,9332.0
2026-08-21 13:45:00+00:00,110.55,111.0,109.95,110.65,3894.0
2026-08-21 14:00:00+00:00,110.5,110.6,110.05,110.05,9865.0
2026-08-21 14:15:00+00:00,110.1,110.65,109.95,110.45,4396.0
2026-08-21 14:30:00+00:00,110.5,110.7,110.45,110.7,1277.0
2026-08-21 14:45:00+00:00,110.75,110.95,110.0,110.15,3745.0
2026-08-21 15:00:00+00:00,110.25,110.6,110.15,110.45,4444.0
2026-08-21 15:15:00+00:00,110.35,110.4,109.6,109.85,5569.0
2026-08-24 07:00:00+00:00,107.0,109.9,105.6,108.8,17905.0
2026-08-24 07:15:00+00:00,109.15,109.35,107.9,108.6,5516.0
2026-08-24 07:30:00+00:00,108.25,109.05,108.15,108.3,1209.0
2026-08-24 07:45:00+00:00,108.45,108.45,107.85,108.1,2154.0
2026-08-24 08:00:00+00:00,108.05,109.35,108.0,109.3,1453.0
2026-08-24 08:15:00+00:00,109.2,109.3,108.6,109.0,1507.0
2026-08-24 08:30:00+00:00,108.9,109.35,108.75,109.35,1941.0
2026-08-24 08:45:00+00:00,109.4,109.85,109.2,109.85,1450.0
2026-08-24 09:00:00+00:00,109.9,109.9,109.7,109.7,563.0
2026-08-24 09:15:00+00:00,109.75,109.85,109.4,109.65,1291.0
2026-08-24 09:30:00+00:00,109.65,109.95,109.65,109.7,1739.0
2026-08-24 09:45:00+00:00,109.9,109.9,109.0,109.0,2335.0
2026-08-24 10:00:00+00:00,108.95,109.1,108.75,108.95,1497.0
2026-08-24 10:15:00+00:00,109.0,109.15,108.85,108.85,752.0
2026-08-24 10:30:00+00:00,108.85,108.95,108.7,108.8,710.0
2026-08-24 10:45:00+00:00,108.7,109.2,108.7,109.2,1166.0
2026-08-24 11:00:00+00:00,109.05,109.05,108.7,108.95,845.0
2026-08-24 11:15:00+00:00,109.05,109.55,109.0,109.55,857.0
2026-08-24 11:30:00+00:00,109.55,110.65,109.55,110.5,3160.0
2026-08-24 11:45:00+00:00,110.45,110.5,109.85,110.5,2854.0
2026-08-24 12:00:00+00:00,110.2,110.25,109.5,109.65,1767.0
2026-08-24 12:15:00+00:00,109.6,109.7,109.55,109.7,898.0
2026-08-24 12:30:00+00:00,109.65,109.65,108.9,109.1,2183.0
2026-08-24 12:45:00+00:00,109.05,109.3,108.9,108.95,1576.0
2026-08-24 13:00:00+00:00,108.85,109.25,108.8,109.2,1849.0
2026-08-24 13:15:00+00:00,109.15,109.25,108.825,109.0,2167.0
2026-08-24 13:30:00+00:00,109.05,109.05,106.55,106.8,15788.0
2026-08-24 13:45:00+00:00,106.85,107.3,106.1,107.0,18792.0
2026-08-24 14:00:00+00:00,106.8,107.1,106.55,106.95,6495.0
2026-08-24 14:15:00+00:00,107.05,107.4,107.0,107.3,2924.0
2026-08-24 14:30:00+00:00,107.25,107.8,107.25,107.8,4573.0
2026-08-24 14:45:00+00:00,107.8,108.05,107.45,107.75,2880.0
2026-08-24 15:00:00+00:00,107.65,107.9,107.25,107.45,4640.0
2026-08-24 15:15:00+00:00,107.4,107.8,106.7,107.8,14080.0
2026-08-25 07:00:00+00:00,110.55,111.7,109.7,110.95,10087.0
2026-08-25 07:15:00+00:00,110.85,111.7,110.8,111.25,4771.0
2026-08-25 07:30:00+00:00,111.35,111.85,110.8,111.25,2702.0
2026-08-25 07:45:00+00:00,111.25,111.6,110.95,111.25,3149.0
2026-08-25 08:00:00+00:00,111.45,111.45,110.85,111.1,1677.0
2026-08-25 08:15:00+00:00,111.15,111.75,111.1,111.6,2521.0
2026-08-25 08:30:00+00:00,111.65,111.7,111.35,111.7,1181.0
2026-08-25 08:45:00+00:00,111.55,111.75,110.7,110.7,4077.0
2026-08-25 09:00:00+00:00,110.65,110.95,110.1,110.45,2935.0
2026-08-25 09:15:00+00:00,110.4,111.15,110.15,111.0,3186.0
2026-08-25 09:30:00+00:00,111.0,111.7,110.8,111.45,3309.0
2026-08-25 09:45:00+00:00,111.45,112.0,111.4,111.5,3035.0
2026-08-25 10:00:00+00:00,111.5,111.6,111.2,111.4,1811.0
2026-08-25 10:15:00+00:00,111.25,111.55,110.95,111.05,2305.0
2026-08-25 10:30:00+00:00,110.9,110.95,110.7,110.85,1199.0
2026-08-25 10:45:00+00:00,110.9,111.25,110.75,110.9,2340.0
2026-08-25 11:00:00+00:00,110.95,111.25,110.95,111.1,961.0
2026-08-25 11:15:00+00:00,111.2,111.2,110.9,111.05,1181.0
2026-08-25 11:30:00+00:00,111.05,111.3,111.05,111.2,890.0
2026-08-25 11:45:00+00:00,111.2,111.35,110.75,110.85,1167.0
2026-08-25 12:00:00+00:00,110.85,111.45,110.6,111.4,2160.0
2026-08-25 12:15:00+00:00,111.25,111.35,110.95,110.95,1111.0
2026-08-25 12:30:00+00:00,111.0,111.1,110.5,111.1,1911.0
2026-08-25 12:45:00+00:00,111.05,111.25,110.8,110.85,1848.0
2026-08-25 13:00:00+00:00,110.8,110.85,110.25,110.25,1909.0
2026-08-25 13:15:00+00:00,110.35,110.5,109.25,109.25,4796.0
2026-08-25 13:30:00+00:00,109.2,109.55,108.4,109.15,7070.0
2026-08-25 13:45:00+00:00,109.2,109.65,108.55,109.1,5815.0
2026-08-25 14:00:00+00:00,108.9,109.45,108.75,109.15,2056.0
2026-08-25 14:15:00+00:00,108.85,109.2,108.5,109.0,2191.0
2026-08-25 14:30:00+00:00,108.95,109.65,108.35,109.2,3152.0
2026-08-25 14:45:00+00:00,109.25,109.25,108.95,109.1,3359.0
2026-08-25 15:00:00+00:00,109.0,109.0,108.5,108.5,2265.0
2026-08-25 15:15:00+00:00,108.55,108.95,108.55,108.95,4264.0
2026-08-26 07:00:00+00:00,109.0,110.5,108.7,109.85,8756.0
2026-08-26 07:15:00+00:00,109.65,109.85,109.35,109.35,2265.0
2026-08-26 07:30:00+00:00,109.45,109.45,109.0,109.3,806.0
2026-08-26 07:45:00+00:00,109.15,109.2,108.55,108.95,1821.0
2026-08-26 08:00:00+00:00,108.95,109.45,108.9,109.25,1150.0
2026-08-26 08:15:00+00:00,109.4,109.7,109.25,109.6,852.0
2026-08-26 08:30:00+00:00,109.6,109.6,109.1,109.1,520.0
2026-08-26 08:45:00+00:00,108.95,109.2,108.95,109.0,785.0
2026-08-26 09:00:00+00:00,109.0,109.35,109.0,109.3,350.0
2026-08-26 09:15:00+00:00,109.45,109.45,109.0,109.0,371.0
2026-08-26 09:30:00+00:00,109.05,109.25,108.85,109.15,753.0
2026-08-26 09:45:00+00:00,109.1,109.2,108.9,108.9,443.0
2026-08-26 10:00:00+00:00,109.0,109.0,108.7,108.9,3777.0
2026-08-26 10:15:00+00:00,108.95,109.05,108.85,108.85,1656.0
2026-08-26 10:30:00+00:00,108.8,109.15,108.8,109.15,717.0
2026-08-26 10:45:00+00:00,109.15,109.15,108.8,108.9,365.0
2026-08-26 11:00:00+00:00,109.05,109.05,108.65,109.0,764.0
2026-08-26 11:15:00+00:00,109.1,109.45,109.1,109.4,451.0
2026-08-26 11:30:00+00:00,109.35,109.35,109.0,109.05,453.0
2026-08-26 11:45:00+00:00,109.1,109.55,109.05,109.45,350.0
2026-08-26 12:00:00+00:00,109.5,109.5,109.15,109.15,290.0
2026-08-26 12:15:00+00:00,109.1,109.2,108.85,109.2,460.0
2026-08-26 12:30:00+00:00,109.25,109.35,108.1,108.1,2480.0
2026-08-26 12:45:00+00:00,108.05,108.05,107.25,107.35,5194.0
2026-08-26 13:00:00+00:00,107.25,107.6,106.0,107.6,11738.0
2026-08-26 13:15:00+00:00,107.7,109.1,107.7,109.1,1917.0
2026-08-26 13:30:00+00:00,109.05,111.0,109.05,110.85,5140.0
2026-08-26 13:45:00+00:00,110.7,110.8,109.8,109.95,1297.0
2026-08-26 14:00:00+00:00,109.4,109.6,108.8,108.8,2265.0
2026-08-26 14:15:00+00:00,108.6,108.65,107.7,107.9,2567.0
2026-08-26 14:30:00+00:00,107.9,108.5,107.85,108.35,2968.0
2026-08-26 14:45:00+00:00,108.25,108.45,108.15,108.4,487.0
2026-08-26 15:00:00+00:00,108.45,108.8,108.3,108.35,2959.0
2026-08-26 15:15:00+00:00,108.4,108.55,108.2,108.35,5328.0
2026-08-27 07:00:00+00:00,111.8,112.0,110.0,110.55,30979.0
2026-08-27 07:15:00+00:00,110.55,111.85,110.55,111.35,3907.0
2026-08-27 07:30:00+00:00,111.55,112.9,111.55,112.55,13132.0
2026-08-27 07:45:00+00:00,112.6,113.15,112.4,113.0,4926.0
2026-08-27 08:00:00+00:00,113.0,114.15,113.0,114.0,5861.0
2026-08-27 08:15:00+00:00,113.9,114.4,113.5,114.15,7967.0
2026-08-27 08:30:00+00:00,114.1,114.35,113.85,114.0,5305.0
2026-08-27 08:45:00+00:00,114.05,115.25,114.0,115.0,17624.0
2026-08-27 09:00:00+00:00,115.1,115.15,114.6,114.65,7467.0
2026-08-27 09:15:00+00:00,114.6,114.95,114.6,114.8,1797.0
2026-08-27 09:30:00+00:00,114.8,115.1,114.35,114.45,3506.0
2026-08-27 09:45:00+00:00,114.35,114.9,114.35,114.8,1364.0
2026-08-27 10:00:00+00:00,114.8,115.1,114.45,114.7,2530.0
2026-08-27 10:15:00+00:00,114.35,114.6,114.15,114.35,2575.0
2026-08-27 10:30:00+00:00,114.4,114.65,113.8,113.85,10395.0
2026-08-27 10:45:00+00:00,114.0,114.0,113.35,113.9,3006.0
2026-08-27 11:00:00+00:00,113.9,114.3,113.8,114.3,1230.0
2026-08-27 11:15:00+00:00,114.2,114.45,114.1,114.1,580.0
2026-08-27 11:30:00+00:00,114.0,114.85,113.9,114.75,1325.0
2026-08-27 11:45:00+00:00,114.8,115.75,114.7,115.65,6418.0
2026-08-27 12:00:00+00:00,115.6,116.45,115.6,116.25,8226.0
2026-08-27 12:15:00+00:00,116.35,116.5,116.2,116.3,3927.0
2026-08-27 12:30:00+00:00,116.35,116.45,115.85,116.1,3005.0
2026-08-27 12:45:00+00:00,116.05,116.5,115.9,116.0,4150.0
2026-08-27 13:00:00+00:00,115.9,116.25,115.85,115.9,1930.0
2026-08-27 13:15:00+00:00,116.0,116.05,114.0,114.35,4772.0
2026-08-27 13:30:00+00:00,114.25,114.5,112.7,113.7,10392.0
2026-08-27 13:45:00+00:00,113.55,113.55,111.1,111.3,6042.0
2026-08-27 14:00:00+00:00,111.3,112.3,111.2,112.3,3999.0
2026-08-27 14:15:00+00:00,112.1,112.6,111.8,112.55,4005.0
2026-08-27 14:30:00+00:00,112.5,112.75,111.75,112.0,5187.0
2026-08-27 14:45:00+00:00,111.95,112.3,111.0,111.25,4533.0
2026-08-27 15:00:00+00:00,111.2,111.4,110.8,110.85,2934.0
2026-08-27 15:15:00+00:00,110.85,111.05,110.65,110.85,4676.0
2026-08-28 07:00:00+00:00,109.5,109.9,108.7,109.3,17251.0
2026-08-28 07:15:00+00:00,109.25,110.2,109.1,109.75,4998.0
2026-08-28 07:30:00+00:00,109.8,109.9,109.4,109.55,1954.0
2026-08-28 07:45:00+00:00,109.45,110.0,109.45,109.75,909.0
2026-08-28 08:00:00+00:00,109.7,109.95,109.35,109.5,3085.0
2026-08-28 08:15:00+00:00,109.55,109.55,109.1,109.35,2741.0
2026-08-28 08:30:00+00:00,109.35,110.05,109.35,110.0,879.0
2026-08-28 08:45:00+00:00,109.95,110.35,109.95,110.1,1595.0
2026-08-28 09:00:00+00:00,110.05,110.5,110.05,110.45,962.0
2026-08-28 09:15:00+00:00,110.45,110.45,109.35,109.75,1153.0
2026-08-28 09:30:00+00:00,109.7,109.9,109.65,109.9,705.0
2026-08-28 09:45:00+00:00,109.9,110.15,109.8,109.95,341.0
2026-08-28 10:00:00+00:00,109.9,110.05,109.9,110.05,580.0
2026-08-28 10:15:00+00:00,110.0,110.1,109.95,110.05,437.0
2026-08-28 10:30:00+00:00,109.95,110.15,109.55,109.55,2973.0
2026-08-28 10:45:00+00:00,109.55,110.05,109.55,109.8,10267.0
2026-08-28 11:00:00+00:00,109.7,110.0,109.7,110.0,669.0
2026-08-28 11:15:00+00:00,110.05,110.45,109.95,110.4,546.0
2026-08-28 11:30:00+00:00,110.35,110.35,109.65,109.85,603.0
2026-08-28 11:45:00+00:00,109.8,110.35,109.8,110.15,277.0
2026-08-28 12:00:00+00:00,110.25,110.45,110.25,110.45,338.0
2026-08-28 12:15:00+00:00,110.4,110.5,110.1,110.3,753.0
2026-08-28 12:30:00+00:00,110.1,110.15,110.1,110.15,294.0
2026-08-28 12:45:00+00:00,110.25,110.3,110.0,110.05,966.0
2026-08-28 13:00:00+00:00,110.25,110.7,110.2,110.4,534.0
2026-08-28 13:15:00+00:00,110.25,110.6,110.15,110.45,535.0
2026-08-28 13:30:00+00:00,110.4,110.4,109.3,109.8,2425.0
2026-08-28 13:45:00+00:00,109.75,109.75,108.8,109.05,5051.0
2026-08-28 14:00:00+00:00,109.0,109.3,108.25,108.4,4161.0
2026-08-28 14:15:00+00:00,108.4,108.9,108.2,108.4,1537.0
2026-08-28 14:30:00+00:00,108.45,108.6,108.05,108.55,3181.0
2026-08-28 14:45:00+00:00,108.55,108.7,108.25,108.35,2438.0
2026-08-28 15:00:00+00:00,108.35,108.55,108.05,108.4,3708.0
2026-08-28 15:15:00+00:00,108.4,108.7,108.35,108.4,3424.0
2026-08-31 07:00:00+00:00,111.25,112.0,109.5,110.7,25630.0
2026-08-31 07:15:00+00:00,110.6,111.85,110.35,111.85,9632.0
2026-08-31 07:30:00+00:00,111.85,112.3,111.35,111.55,6830.0
2026-08-31 07:45:00+00:00,111.55,111.6,111.0,111.3,1592.0
2026-08-31 08:00:00+00:00,111.2,111.7,111.15,111.45,760.0
2026-08-31 08:15:00+00:00,111.45,112.05,111.35,111.95,2527.0
2026-08-31 08:30:00+00:00,112.0,112.05,111.65,111.7,1957.0
2026-08-31 08:45:00+00:00,111.8,111.95,111.5,111.6,1151.0
2026-08-31 09:00:00+00:00,111.5,112.15,111.35,111.9,3652.0
2026-08-31 09:15:00+00:00,111.85,111.95,111.45,111.9,1174.0
2026-08-31 09:30:00+00:00,111.7,111.85,111.45,111.7,676.0
2026-08-31 09:45:00+00:00,111.5,111.95,111.15,111.9,1886.0
2026-08-31 10:00:00+00:00,111.95,112.25,111.5,111.55,3968.0
2026-08-31 10:15:00+00:00,111.6,112.35,111.6,112.2,1896.0
2026-08-31 10:30:00+00:00,112.2,113.95,112.2,113.85,6727.0
2026-08-31 10:45:00+00:00,113.85,114.7,113.7,114.7,5336.0
2026-08-31 11:00:00+00:00,114.8,115.25,114.35,114.35,6543.0
2026-08-31 11:15:00+00:00,114.35,114.45,113.95,114.3,5712.0
2026-08-31 11:30:00+00:00,114.35,114.55,114.15,114.4,2748.0
2026-08-31 11:45:00+00:00,114.45,115.3,114.4,114.8,3986.0
2026-08-31 12:00:00+00:00,114.65,116.35,114.3,116.15,10933.0
2026-08-31 12:15:00+00:00,116.2,117.5,115.85,117.5,11580.0
2026-08-31 12:30:00+00:00,117.5,118.15,117.25,117.6,7934.0
2026-08-31 12:45:00+00:00,117.65,118.8,117.65,118.7,12417.0
2026-08-31 13:00:00+00:00,118.65,118.8,117.75,118.05,6805.0
2026-08-31 13:15:00+00:00,117.85,118.65,117.4,118.6,6601.0
2026-08-31 13:30:00+00:00,118.5,119.35,116.3,117.0,19088.0
2026-08-31 13:45:00+00:00,117.15,117.5,116.55,117.05,6816.0
2026-08-31 14:00:00+00:00,117.05,117.6,116.4,116.55,2982.0
2026-08-31 14:15:00+00:00,116.5,118.2,116.4,117.45,3711.0
2026-08-31 14:30:00+00:00,117.4,117.95,117.1,117.9,2538.0
2026-08-31 14:45:00+00:00,117.85,117.85,116.75,116.75,4154.0
2026-08-31 15:00:00+00:00,116.8,116.9,116.2,116.45,3841.0
2026-08-31 15:15:00+00:00,116.35,116.75,115.4,115.6,9451.0
2026-09-01 07:00:00+00:00,114.0,115.15,112.5,114.5,13771.0
2026-09-01 07:15:00+00:00,114.4,115.25,114.0,114.35,13647.0
2026-09-01 07:30:00+00:00,114.25,114.25,112.8,113.3,4023.0
2026-09-01 07:45:00+00:00,113.25,114.3,112.95,114.05,2221.0
2026-09-01 08:00:00+00:00,114.0,114.0,112.15,112.6,5800.0
2026-09-01 08:15:00+00:00,112.4,112.95,112.4,112.95,1011.0
2026-09-01 08:30:00+00:00,112.9,113.4,112.65,112.9,3377.0
2026-09-01 08:45:00+00:00,112.75,112.9,112.1,112.3,3863.0
2026-09-01 09:00:00+00:00,112.25,113.0,112.2,113.0,733.0
2026-09-01 09:15:00+00:00,112.85,112.85,111.9,112.25,5707.0
2026-09-01 09:30:00+00:00,112.25,112.65,112.0,112.2,2474.0
2026-09-01 09:45:00+00:00,112.4,112.55,112.05,112.15,630.0
2026-09-01 10:00:00+00:00,112.05,112.2,111.8,111.9,1639.0
2026-09-01 10:15:00+00:00,111.9,112.25,111.65,111.65,1474.0
2026-09-01 10:30:00+00:00,111.6,111.6,111.25,111.25,1622.0
2026-09-01 10:45:00+00:00,111.3,111.3,110.45,110.6,4209.0
2026-09-01 11:00:00+00:00,110.6,110.6,110.1,110.3,3448.0
2026-09-01 11:15:00+00:00,110.35,110.45,110.1,110.1,1565.0
2026-09-01 11:30:00+00:00,110.05,110.1,109.6,110.1,3124.0
2026-09-01 11:45:00+00:00,110.0,110.25,109.75,110.0,2353.0
2026-09-01 12:00:00+00:00,109.9,109.95,109.2,109.25,5970.0
2026-09-01 12:15:00+00:00,109.25,109.45,109.05,109.35,2915.0
2026-09-01 12:30:00+00:00,109.35,109.6,108.9,109.0,3068.0
2026-09-01 12:45:00+00:00,108.85,108.95,108.45,108.9,5844.0
2026-09-01 13:00:00+00:00,108.8,108.9,108.25,108.4,3512.0
2026-09-01 13:15:00+00:00,108.45,108.75,108.3,108.55,2046.0
2026-09-01 13:30:00+00:00,108.65,109.55,107.55,108.2,10950.0
2026-09-01 13:45:00+00:00,108.1,108.75,108.1,108.35,3996.0
2026-09-01 14:00:00+00:00,108.3,110.25,108.1,109.8,7264.0
2026-09-01 14:15:00+00:00,109.775,110.275,109.1,109.85,6959.0
2026-09-01 14:30:00+00:00,109.95,110.2,109.55,109.85,3497.0
2026-09-01 14:45:00+00:00,109.9,110.2,109.25,109.65,3580.0
2026-09-01 15:00:00+00:00,109.75,110.4,109.7,110.25,2821.0
2026-09-01 15:15:00+00:00,110.2,110.95,109.9,110.85,7181.0
2026-09-02 07:00:00+00:00,109.45,111.65,109.0,110.8,9471.0
2026-09-02 07:15:00+00:00,110.65,110.9,109.3,110.1,3679.0
2026-09-02 07:30:00+00:00,109.8,109.8,109.1,109.35,2802.0
2026-09-02 07:45:00+00:00,109.3,109.75,109.05,109.3,6579.0
2026-09-02 08:00:00+00:00,109.35,110.45,109.25,110.1,1573.0
2026-09-02 08:15:00+00:00,110.15,110.95,110.15,110.9,964.0
2026-09-02 08:30:00+00:00,110.9,111.7,110.85,111.35,2041.0
2026-09-02 08:45:00+00:00,111.3,111.3,110.25,110.25,1460.0
2026-09-02 09:00:00+00:00,110.2,111.0,109.6,109.65,2094.0
2026-09-02 09:15:00+00:00,109.8,109.9,109.225,109.225,1466.0
2026-09-02 09:30:00+00:00,109.15,109.8,109.0,109.65,2521.0
2026-09-02 09:45:00+00:00,109.6,110.1,109.6,110.0,526.0
2026-09-02 10:00:00+00:00,110.1,110.2,109.8,109.8,169.0
2026-09-02 10:15:00+00:00,109.9,110.25,109.9,110.05,396.0
2026-09-02 10:30:00+00:00,110.0,110.05,109.8,109.8,354.0
2026-09-02 10:45:00+00:00,109.7,110.05,109.65,109.95,163.0
2026-09-02 11:00:00+00:00,110.0,110.65,109.7,110.6,936.0
2026-09-02 11:15:00+00:00,110.5,110.85,110.45,110.8,489.0
2026-09-02 11:30:00+00:00,110.7,110.75,110.55,110.6,785.0
2026-09-02 11:45:00+00:00,110.5,110.5,110.0,110.1,649.0
2026-09-02 12:00:00+00:00,110.25,110.85,110.1,110.85,353.0
2026-09-02 12:15:00+00:00,110.8,110.95,110.3,110.65,527.0
2026-09-02 12:30:00+00:00,110.7,110.95,110.6,110.75,1438.0
2026-09-02 12:45:00+00:00,110.7,110.7,109.75,109.95,1360.0
2026-09-02 13:00:00+00:00,110.0,110.2,109.4,110.2,1750.0
2026-09-02 13:15:00+00:00,110.2,110.8,110.15,110.75,626.0
2026-09-02 13:30:00+00:00,110.5,111.5,109.4,110.95,5371.0
2026-09-02 13:45:00+00:00,110.8,110.85,109.55,109.85,3991.0
2026-09-02 14:00:00+00:00,109.85,111.95,109.75,111.75,8167.0
2026-09-02 14:15:00+00:00,111.65,113.0,111.65,112.4,9180.0
2026-09-02 14:30:00+00:00,112.3,112.65,112.05,112.25,4502.0
2026-09-02 14:45:00+00:00,112.2,112.25,111.15,111.15,3824.0
2026-09-02 15:00:00+00:00,111.25,111.7,111.05,111.4,4390.0
2026-09-02 15:15:00+00:00,111.45,112.0,111.2,111.7,8216.0
2026-09-03 07:00:00+00:00,123.2,126.9,121.95,125.15,94291.0
2026-09-03 07:15:00+00:00,125.15,127.05,124.05,126.35,26731.0
2026-09-03 07:30:00+00:00,126.25,128.45,126.1,128.45,26188.0
2026-09-03 07:45:00+00:00,128.3,128.95,128.0,128.4,20911.0
2026-09-03 08:00:00+00:00,128.4,129.2,126.6,127.35,21444.0
2026-09-03 08:15:00+00:00,127.3,127.4,125.25,125.6,10832.0
2026-09-03 08:30:00+00:00,125.55,126.2,124.8,125.6,12963.0
2026-09-03 08:45:00+00:00,125.85,126.1,125.35,125.35,12227.0
2026-09-03 09:00:00+00:00,125.35,125.95,124.95,125.3,6418.0
2026-09-03 09:15:00+00:00,125.45,126.45,124.75,126.2,5370.0
2026-09-03 09:30:00+00:00,126.4,126.7,125.75,126.3,3992.0
2026-09-03 09:45:00+00:00,126.3,128.25,126.15,128.0,12993.0
2026-09-03 10:00:00+00:00,127.95,128.8,127.9,128.3,16135.0
2026-09-03 10:15:00+00:00,128.35,128.7,127.5,128.05,4589.0
2026-09-03 10:30:00+00:00,127.9,128.95,127.55,128.75,7371.0
2026-09-03 10:45:00+00:00,128.85,128.95,128.35,128.65,2280.0
2026-09-03 11:00:00+00:00,128.6,129.7,128.45,129.35,9039.0
2026-09-03 11:15:00+00:00,129.45,130.85,129.45,129.7,15538.0
2026-09-03 11:30:00+00:00,129.75,129.75,128.05,128.1,3409.0
2026-09-03 11:45:00+00:00,128.1,128.1,126.45,126.45,7108.0
2026-09-03 12:00:00+00:00,126.65,126.7,126.0,126.55,5465.0
2026-09-03 12:15:00+00:00,126.5,126.55,125.1,126.2,10673.0
2026-09-03 12:30:00+00:00,126.3,127.25,126.3,126.95,3810.0
2026-09-03 12:45:00+00:00,126.9,127.5,126.1,127.15,5345.0
2026-09-03 13:00:00+00:00,127.2,127.2,125.05,125.4,7570.0
2026-09-03 13:15:00+00:00,125.3,125.3,123.6,123.85,15014.0
2026-09-03 13:30:00+00:00,123.95,124.05,121.75,123.35,26991.0
2026-09-03 13:45:00+00:00,123.55,124.25,122.95,123.3,4706.0
2026-09-03 14:00:00+00:00,123.15,123.15,121.3,122.3,6188.0
2026-09-03 14:15:00+00:00,122.3,123.55,122.05,123.1,6316.0
2026-09-03 14:30:00+00:00,123.15,123.25,122.05,122.05,3418.0
2026-09-03 14:45:00+00:00,122.05,122.15,120.3,121.65,11420.0
2026-09-03 15:00:00+00:00,121.5,122.0,120.95,121.55,4261.0
2026-09-03 15:15:00+00:00,121.7,121.85,120.85,121.2,14558.0
2026-09-04 07:00:00+00:00,125.7,129.8,124.5,128.75,36078.0
2026-09-04 07:15:00+00:00,128.8,129.4,127.15,128.15,12784.0
2026-09-04 07:30:00+00:00,127.75,128.0,126.85,127.4,6760.0
2026-09-04 07:45:00+00:00,127.45,128.35,127.3,128.3,3983.0
2026-09-04 08:00:00+00:00,128.25,129.1,128.1,128.6,5390.0
2026-09-04 08:15:00+00:00,128.5,129.65,128.4,129.55,3220.0
2026-09-04 08:30:00+00:00,129.55,129.7,128.6,129.35,4434.0
2026-09-04 08:45:00+00:00,129.3,129.4,128.85,128.9,3987.0
2026-09-04 09:00:00+00:00,129.0,129.6,128.9,128.9,2935.0
2026-09-04 09:15:00+00:00,128.9,129.0,128.15,128.45,4670.0
2026-09-04 09:30:00+00:00,128.5,129.1,128.4,128.85,2350.0
2026-09-04 09:45:00+00:00,128.8,129.0,128.35,128.65,3462.0
2026-09-04 10:00:00+00:00,128.55,129.1,128.5,129.1,1115.0
2026-09-04 10:15:00+00:00,129.1,129.2,128.55,128.6,861.0
2026-09-04 10:30:00+00:00,128.7,129.15,128.2,128.25,1450.0
2026-09-04 10:45:00+00:00,128.2,128.7,128.2,128.7,1236.0
2026-09-04 11:00:00+00:00,128.75,128.9,128.3,128.45,1816.0
2026-09-04 11:15:00+00:00,128.2,128.75,128.2,128.55,1057.0
2026-09-04 11:30:00+00:00,128.6,128.95,128.6,128.85,951.0
2026-09-04 11:45:00+00:00,128.85,129.5,128.8,129.05,1922.0
2026-09-04 12:00:00+00:00,129.075,129.075,128.65,129.0,659.0
2026-09-04 12:15:00+00:00,129.0,129.1,128.75,129.1,1196.0
2026-09-04 12:30:00+00:00,129.0,129.0,127.05,127.6,7391.0
2026-09-04 12:45:00+00:00,127.55,127.7,126.9,127.0,3028.0
2026-09-04 13:00:00+00:00,126.8,127.0,126.4,126.75,3748.0
2026-09-04 13:15:00+00:00,126.75,127.2,126.65,126.8,3043.0
2026-09-04 13:30:00+00:00,126.8,128.5,126.4,128.25,6275.0
2026-09-04 13:45:00+00:00,128.05,128.25,127.15,128.1,2553.0
2026-09-04 14:00:00+00:00,128.2,128.9,128.2,128.7,4509.0
2026-09-04 14:15:00+00:00,128.8,129.0,127.9,128.5,2838.0
2026-09-04 14:30:00+00:00,128.55,128.55,127.85,127.9,3411.0
2026-09-04 14:45:00+00:00,127.95,128.15,127.35,127.8,2492.0
2026-09-04 15:00:00+00:00,127.75,128.2,127.35,128.15,6009.0
2026-09-04 15:15:00+00:00,128.1,128.2,127.25,127.5,9032.0
2026-09-07 07:00:00+00:00,131.1,132.8,130.75,132.75,33617.0
2026-09-07 07:15:00+00:00,132.7,135.3,132.7,134.95,22335.0
2026-09-07 07:30:00+00:00,134.85,136.1,132.6,132.8,14801.0
2026-09-07 07:45:00+00:00,132.8,135.45,132.8,135.35,7108.0
2026-09-07 08:00:00+00:00,135.3,136.25,135.15,135.65,8383.0
2026-09-07 08:15:00+00:00,135.7,136.6,135.3,135.45,5850.0
2026-09-07 08:30:00+00:00,135.6,136.55,135.55,136.25,13076.0
2026-09-07 08:45:00+00:00,136.4,136.6,136.0,136.3,4876.0
2026-09-07 09:00:00+00:00,136.35,136.55,135.35,135.5,6065.0
2026-09-07 09:15:00+00:00,135.4,135.9,135.35,135.55,3991.0
2026-09-07 09:30:00+00:00,135.5,135.75,135.1,135.75,2155.0
2026-09-07 09:45:00+00:00,135.7,136.25,135.6,135.9,3941.0
2026-09-07 10:00:00+00:00,136.05,136.6,135.85,135.85,3828.0
2026-09-07 10:15:00+00:00,135.8,135.95,135.65,135.9,2903.0
2026-09-07 10:30:00+00:00,135.9,135.95,135.4,135.7,2053.0
2026-09-07 10:45:00+00:00,135.6,136.9,135.6,136.65,6539.0
2026-09-07 11:00:00+00:00,136.65,136.75,136.3,136.55,2626.0
2026-09-07 11:15:00+00:00,136.55,136.95,136.5,136.85,3871.0
2026-09-07 11:30:00+00:00,136.95,137.75,136.95,137.7,9923.0
2026-09-07 11:45:00+00:00,137.65,137.65,136.9,137.15,3689.0
2026-09-07 12:00:00+00:00,137.4,137.6,137.35,137.5,1538.0
2026-09-07 12:15:00+00:00,137.55,137.8,137.45,137.75,4453.0
2026-09-07 12:30:00+00:00,137.8,138.65,137.7,138.35,17719.0
2026-09-07 12:45:00+00:00,138.4,139.75,138.3,139.35,17196.0
2026-09-07 13:00:00+00:00,139.3,139.7,139.2,139.5,4742.0
2026-09-07 13:15:00+00:00,139.4,140.2,139.25,139.45,13421.0
2026-09-07 13:30:00+00:00,139.4,140.45,139.4,140.15,8327.0
2026-09-07 13:45:00+00:00,140.1,141.35,140.05,141.15,13528.0
2026-09-07 14:00:00+00:00,141.15,141.8,140.65,141.65,8452.0
2026-09-07 14:15:00+00:00,141.6,141.7,140.7,141.55,7519.0
2026-09-07 14:30:00+00:00,141.55,142.2,141.5,141.9,9003.0
2026-09-07 14:45:00+00:00,141.95,143.6,141.7,143.6,16813.0
2026-09-07 15:00:00+00:00,143.6,144.2,143.25,144.2,8728.0
2026-09-07 15:15:00+00:00,144.9,144.9,143.0,143.6,27129.0
2026-09-08 07:00:00+00:00,142.1,143.3,139.35,139.8,28837.0
2026-09-08 07:15:00+00:00,139.6,140.4,138.9,139.7,7238.0
2026-09-08 07:30:00+00:00,139.65,140.15,139.25,140.05,6703.0
2026-09-08 07:45:00+00:00,140.0,140.8,139.95,140.5,5616.0
2026-09-08 08:00:00+00:00,140.3,141.05,139.7,140.85,5446.0
2026-09-08 08:15:00+00:00,141.0,141.45,140.45,140.7,2490.0
2026-09-08 08:30:00+00:00,140.65,140.85,140.05,140.25,1344.0
2026-09-08 08:45:00+00:00,140.35,140.75,140.35,140.5,698.0
2026-09-08 09:00:00+00:00,140.5,141.95,140.3,141.4,15213.0
2026-09-08 09:15:00+00:00,141.4,141.4,140.65,140.75,1637.0
2026-09-08 09:30:00+00:00,140.7,141.8,140.65,140.8,2788.0
2026-09-08 09:45:00+00:00,140.65,140.8,139.45,139.7,5737.0
2026-09-08 10:00:00+00:00,139.7,139.9,139.2,139.9,2377.0
2026-09-08 10:15:00+00:00,139.85,139.95,139.15,139.5,1707.0
2026-09-08 10:30:00+00:00,139.55,140.0,139.15,139.95,1115.0
2026-09-08 10:45:00+00:00,139.9,139.9,139.45,139.55,1764.0
2026-09-08 11:00:00+00:00,139.65,139.9,139.3,139.65,1975.0
2026-09-08 11:15:00+00:00,139.55,139.75,139.4,139.4,623.0
2026-09-08 11:30:00+00:00,139.45,139.625,138.7,139.25,4357.0
2026-09-08 11:45:00+00:00,139.2,139.55,138.65,139.35,2102.0
2026-09-08 12:00:00+00:00,139.35,139.55,139.1,139.4,1174.0
2026-09-08 12:15:00+00:00,139.4,139.45,138.3,138.45,4321.0
2026-09-08 12:30:00+00:00,138.6,138.85,137.6,137.75,4572.0
2026-09-08 12:45:00+00:00,137.75,139.05,137.75,139.0,3751.0
2026-09-08 13:00:00+00:00,139.0,139.2,138.3,138.45,1587.0
2026-09-08 13:15:00+00:00,138.5,138.75,138.1,138.2,1727.0
2026-09-08 13:30:00+00:00,138.4,139.5,137.3,138.05,9440.0
2026-09-08 13:45:00+00:00,138.15,140.75,138.15,140.4,7615.0
2026-09-08 14:00:00+00:00,140.35,140.9,139.65,140.45,6334.0
2026-09-08 14:15:00+00:00,140.3,141.2,139.7,141.1,3260.0
2026-09-08 14:30:00+00:00,141.1,142.55,140.05,142.2,6675.0
2026-09-08 14:45:00+00:00,142.25,143.35,141.9,143.35,7475.0
2026-09-08 15:00:00+00:00,143.4,144.9,143.2,144.4,7333.0
2026-09-08 15:15:00+00:00,144.525,145.95,144.525,145.9,13718.0
2026-09-09 07:00:00+00:00,147.7,148.75,142.9,143.7,30568.0
2026-09-09 07:15:00+00:00,143.85,144.6,142.95,144.55,20846.0
2026-09-09 07:30:00+00:00,144.5,144.55,142.1,143.1,4155.0
2026-09-09 07:45:00+00:00,143.1,143.4,142.8,143.35,1497.0
2026-09-09 08:00:00+00:00,143.25,144.1,143.1,143.4,1966.0
2026-09-09 08:15:00+00:00,143.65,143.95,143.25,143.25,1647.0
2026-09-09 08:30:00+00:00,143.25,143.4,142.7,142.7,2285.0
2026-09-09 08:45:00+00:00,142.65,142.75,141.45,141.85,7614.0
2026-09-09 09:00:00+00:00,142.0,142.1,141.3,141.55,2901.0
2026-09-09 09:15:00+00:00,141.5,141.8,141.1,141.1,2865.0
2026-09-09 09:30:00+00:00,141.15,141.5,140.5,140.85,4243.0
2026-09-09 09:45:00+00:00,140.55,141.15,140.5,141.05,2077.0
2026-09-09 10:00:00+00:00,140.95,141.2,140.25,140.9,18463.0
2026-09-09 10:15:00+00:00,140.9,141.25,139.55,139.75,7853.0
2026-09-09 10:30:00+00:00,139.65,140.3,139.3,139.45,1657.0
2026-09-09 10:45:00+00:00,139.35,139.35,138.8,139.15,3733.0
2026-09-09 11:00:00+00:00,139.3,139.95,138.75,138.95,4294.0
2026-09-09 11:15:00+00:00,139.0,139.45,139.0,139.25,1321.0
2026-09-09 11:30:00+00:00,139.0,139.65,138.9,139.6,2280.0
2026-09-09 11:45:00+00:00,139.6,140.6,139.6,139.8,2621.0
2026-09-09 12:00:00+00:00,139.7,140.1,139.6,140.0,1823.0
2026-09-09 12:15:00+00:00,140.0,140.05,139.65,139.85,1352.0
2026-09-09 12:30:00+00:00,139.8,139.95,139.45,139.5,1914.0
2026-09-09 12:45:00+00:00,139.7,140.0,139.25,139.55,2199.0
2026-09-09 13:00:00+00:00,139.4,140.2,139.05,140.2,4485.0
2026-09-09 13:15:00+00:00,140.25,141.7,140.0,141.4,5737.0
2026-09-09 13:30:00+00:00,141.4,144.05,141.4,144.0,11379.0
2026-09-09 13:45:00+00:00,144.0,145.5,142.7,145.0,10477.0
2026-09-09 14:00:00+00:00,145.05,146.75,144.8,145.35,7152.0
2026-09-09 14:15:00+00:00,145.3,145.3,143.4,144.15,5965.0
2026-09-09 14:30:00+00:00,144.15,144.55,143.45,144.25,3991.0
2026-09-09 14:45:00+00:00,144.25,144.25,143.25,143.8,9115.0
2026-09-09 15:00:00+00:00,143.8,144.45,142.45,142.9,14984.0
2026-09-09 15:15:00+00:00,142.9,143.55,142.45,143.55,6352.0
2026-09-10 07:00:00+00:00,143.9,143.9,141.5,143.65,11558.0
2026-09-10 07:15:00+00:00,143.95,145.3,143.95,144.3,4276.0
2026-09-10 07:30:00+00:00,144.1,144.25,143.0,143.0,2045.0
2026-09-10 07:45:00+00:00,142.7,142.85,140.5,140.55,4108.0
2026-09-10 08:00:00+00:00,140.35,141.3,140.2,140.95,5680.0
2026-09-10 08:15:00+00:00,140.95,143.75,140.95,143.5,3282.0
2026-09-10 08:30:00+00:00,143.7,143.9,143.6,143.65,1788.0
2026-09-10 08:45:00+00:00,143.35,143.35,142.65,142.65,1173.0
2026-09-10 09:00:00+00:00,142.6,143.5,142.15,143.3,2630.0
2026-09-10 09:15:00+00:00,143.3,144.05,143.05,143.8,1854.0
2026-09-10 09:30:00+00:00,143.6,144.55,143.5,144.55,2580.0
2026-09-10 09:45:00+00:00,144.4,144.65,143.85,143.85,3492.0
2026-09-10 10:00:00+00:00,143.8,143.95,143.0,143.5,2273.0
2026-09-10 10:15:00+00:00,143.6,143.7,142.7,142.85,649.0
2026-09-10 10:30:00+00:00,142.7,142.7,142.3,142.55,1213.0
2026-09-10 10:45:00+00:00,142.55,142.8,142.45,142.45,282.0
2026-09-10 11:00:00+00:00,142.3,142.45,142.05,142.15,1582.0
2026-09-10 11:15:00+00:00,142.25,142.3,141.55,141.55,1914.0
2026-09-10 11:30:00+00:00,141.5,141.55,141.2,141.2,1459.0
2026-09-10 11:45:00+00:00,141.1,141.15,140.45,140.45,2009.0
2026-09-10 12:00:00+00:00,140.4,140.4,140.05,140.2,2563.0
2026-09-10 12:15:00+00:00,140.2,140.25,139.5,139.85,4477.0
2026-09-10 12:30:00+00:00,139.9,139.95,138.2,138.3,9776.0
2026-09-10 12:45:00+00:00,138.3,138.3,136.1,136.2,11402.0
2026-09-10 13:00:00+00:00,136.35,136.9,135.05,135.4,9085.0
2026-09-10 13:15:00+00:00,135.1,135.3,133.7,135.2,10213.0
2026-09-10 13:30:00+00:00,135.0,136.8,134.3,135.75,8477.0
2026-09-10 13:45:00+00:00,135.75,136.35,134.4,134.75,3785.0
2026-09-10 14:00:00+00:00,134.65,136.25,134.65,134.9,2704.0
2026-09-10 14:15:00+00:00,134.7,137.2,134.5,137.0,5500.0
2026-09-10 14:30:00+00:00,136.95,137.65,136.95,136.95,3625.0
2026-09-10 14:45:00+00:00,137.05,137.15,136.0,136.4,2386.0
2026-09-10 15:00:00+00:00,136.5,137.2,136.35,136.35,1537.0
2026-09-10 15:15:00+00:00,136.3,136.3,135.55,136.05,5240.0
2026-09-11 07:00:00+00:00,135.4,136.35,134.25,134.35,10218.0
2026-09-11 07:15:00+00:00,134.55,134.7,133.05,133.45,11580.0
2026-09-11 07:30:00+00:00,133.45,136.05,133.05,135.9,5535.0
2026-09-11 07:45:00+00:00,135.95,136.4,135.3,135.35,2915.0
2026-09-11 08:00:00+00:00,135.325,135.325,134.2,134.75,1126.0
2026-09-11 08:15:00+00:00,134.65,136.75,134.65,136.3,3501.0
2026-09-11 08:30:00+00:00,136.5,137.425,136.5,137.35,2788.0
2026-09-11 08:45:00+00:00,137.35,139.5,137.35,138.7,11455.0
2026-09-11 09:00:00+00:00,138.9,139.25,137.75,137.95,4575.0
2026-09-11 09:15:00+00:00,137.95,138.1,137.7,137.85,779.0
2026-09-11 09:30:00+00:00,137.65,137.85,137.5,137.8,357.0
2026-09-11 09:45:00+00:00,137.8,138.6,137.8,138.2,1932.0
2026-09-11 10:00:00+00:00,138.35,139.1,138.25,138.6,1750.0
2026-09-11 10:15:00+00:00,138.6,139.7,138.4,139.0,1501.0
2026-09-11 10:30:00+00:00,138.85,139.1,138.8,138.9,608.0
2026-09-11 10:45:00+00:00,138.85,138.95,138.8,138.95,1241.0
2026-09-11 11:00:00+00:00,139.0,139.3,138.4,138.4,2529.0
2026-09-11 11:15:00+00:00,138.5,138.95,138.3,138.65,474.0
2026-09-11 11:30:00+00:00,138.75,138.85,138.05,138.85,1448.0
2026-09-11 11:45:00+00:00,138.7,138.75,138.4,138.5,363.0
2026-09-11 12:00:00+00:00,138.25,138.5,137.6,137.65,2329.0
2026-09-11 12:15:00+00:00,137.75,138.3,137.65,138.2,937.0
2026-09-11 12:30:00+00:00,138.4,140.3,136.25,139.8,11713.0
2026-09-11 12:45:00+00:00,139.8,140.9,139.6,140.6,3067.0
2026-09-11 13:00:00+00:00,140.75,142.05,140.75,141.25,5363.0
2026-09-11 13:15:00+00:00,141.3,142.5,141.1,142.5,2957.0
2026-09-11 13:30:00+00:00,142.3,142.8,140.65,142.05,10229.0
2026-09-11 13:45:00+00:00,142.5,143.15,141.25,141.9,8168.0
2026-09-11 14:00:00+00:00,141.8,141.8,140.1,140.4,5644.0
2026-09-11 14:15:00+00:00,140.65,141.05,140.3,140.7,3459.0
2026-09-11 14:30:00+00:00,140.45,141.0,140.4,140.95,3039.0
2026-09-11 14:45:00+00:00,141.0,141.4,140.25,140.9,3074.0
2026-09-11 15:00:00+00:00,140.95,141.65,140.9,140.9,2835.0
2026-09-11 15:15:00+00:00,141.0,141.75,140.9,141.0,5998.0
2026-09-14 07:00:00+00:00,133.15,133.35,125.75,126.9,47519.0
2026-09-14 07:15:00+00:00,127.0,127.1,124.85,125.15,17788.0
2026-09-14 07:30:00+00:00,125.0,125.5,123.3,124.0,21732.0
2026-09-14 07:45:00+00:00,124.1,124.85,123.4,124.6,7120.0
2026-09-14 08:00:00+00:00,124.65,125.2,123.5,124.4,11451.0
2026-09-14 08:15:00+00:00,124.35,124.35,122.6,122.7,8543.0
2026-09-14 08:30:00+00:00,122.8,123.6,122.5,123.55,7001.0
2026-09-14 08:45:00+00:00,123.5,123.5,121.6,121.95,11356.0
2026-09-14 09:00:00+00:00,121.9,122.0,120.6,121.6,9772.0
2026-09-14 09:15:00+00:00,121.5,122.1,120.25,122.05,7251.0
2026-09-14 09:30:00+00:00,122.05,122.2,120.8,122.0,5985.0
2026-09-14 09:45:00+00:00,121.95,122.25,121.3,122.05,21552.0
2026-09-14 10:00:00+00:00,122.05,122.6,121.7,122.15,3646.0
2026-09-14 10:15:00+00:00,122.2,122.25,121.5,121.8,2590.0
2026-09-14 10:30:00+00:00,121.5,121.95,120.9,121.15,4236.0
2026-09-14 10:45:00+00:00,121.25,122.0,120.7,122.0,3121.0
2026-09-14 11:00:00+00:00,121.9,122.5,121.65,122.05,3852.0
2026-09-14 11:15:00+00:00,121.95,121.95,121.5,121.55,1866.0
2026-09-14 11:30:00+00:00,121.4,122.0,121.2,121.3,2139.0
2026-09-14 11:45:00+00:00,121.4,121.75,121.0,121.2,2507.0
2026-09-14 12:00:00+00:00,121.35,122.35,121.35,122.2,3273.0
2026-09-14 12:15:00+00:00,122.35,122.65,121.75,122.0,3757.0
2026-09-14 12:30:00+00:00,122.0,122.4,121.65,122.0,3790.0
2026-09-14 12:45:00+00:00,121.95,122.15,121.05,121.45,4187.0
2026-09-14 13:00:00+00:00,121.35,122.25,121.2,122.25,4852.0
2026-09-14 13:15:00+00:00,122.25,123.25,122.1,122.75,5219.0
2026-09-14 13:30:00+00:00,122.9,123.8,121.85,123.8,15942.0
2026-09-14 13:45:00+00:00,123.65,125.05,123.55,124.0,15534.0
2026-09-14 14:00:00+00:00,123.85,125.65,123.75,125.65,7606.0
2026-09-14 14:15:00+00:00,125.85,125.95,124.2,124.35,6012.0
2026-09-14 14:30:00+00:00,124.5,124.7,122.7,123.0,8236.0
2026-09-14 14:45:00+00:00,123.05,123.05,121.8,122.2,5034.0
2026-09-14 15:00:00+00:00,122.5,123.2,122.1,122.7,2736.0
2026-09-14 15:15:00+00:00,122.55,123.35,122.35,123.05,6197.0
2026-09-15 07:00:00+00:00,122.6,123.2,120.85,121.5,12992.0
2026-09-15 07:15:00+00:00,121.4,122.25,120.95,121.4,4718.0
2026-09-15 07:30:00+00:00,121.5,122.65,121.5,122.15,6492.0
2026-09-15 07:45:00+00:00,122.1,122.15,121.55,121.95,3462.0
2026-09-15 08:00:00+00:00,121.9,121.9,121.4,121.65,901.0
2026-09-15 08:15:00+00:00,121.65,124.75,121.6,124.65,7370.0
2026-09-15 08:30:00+00:00,124.7,125.65,124.4,125.35,4936.0
2026-09-15 08:45:00+00:00,125.2,125.4,124.7,125.0,4520.0
2026-09-15 09:00:00+00:00,125.05,125.6,124.55,125.25,3742.0
2026-09-15 09:15:00+00:00,125.3,125.45,124.65,124.8,3546.0
2026-09-15 09:30:00+00:00,124.85,125.95,124.7,125.95,5709.0
2026-09-15 09:45:00+00:00,125.7,127.1,125.6,126.85,6166.0
2026-09-15 10:00:00+00:00,126.9,127.8,126.9,127.35,5141.0
2026-09-15 10:15:00+00:00,127.5,127.8,127.3,127.5,3265.0
2026-09-15 10:30:00+00:00,127.55,127.65,127.15,127.4,1435.0
2026-09-15 10:45:00+00:00,127.4,128.825,127.4,128.65,3870.0
2026-09-15 11:00:00+00:00,128.6,129.15,128.6,128.65,3936.0
2026-09-15 11:15:00+00:00,128.4,128.5,127.95,128.05,3799.0
2026-09-15 11:30:00+00:00,128.15,128.15,126.85,126.95,7122.0
2026-09-15 11:45:00+00:00,126.95,127.85,126.85,127.7,1749.0
2026-09-15 12:00:00+00:00,127.65,128.1,127.5,128.1,2510.0
2026-09-15 12:15:00+00:00,128.0,128.0,126.5,126.55,5973.0
2026-09-15 12:30:00+00:00,126.4,126.8,126.4,126.7,1708.0
2026-09-15 12:45:00+00:00,126.65,127.3,126.45,126.7,2838.0
2026-09-15 13:00:00+00:00,126.5,126.8,126.3,126.45,1013.0
2026-09-15 13:15:00+00:00,126.4,126.4,125.35,125.6,4639.0
2026-09-15 13:30:00+00:00,125.75,125.85,124.6,124.8,7597.0
2026-09-15 13:45:00+00:00,125.0,125.85,124.65,125.6,5351.0
2026-09-15 14:00:00+00:00,125.55,125.85,125.0,125.3,3726.0
2026-09-15 14:15:00+00:00,125.15,125.35,124.65,125.0,2599.0
2026-09-15 14:30:00+00:00,125.15,125.5,123.95,124.2,4303.0
2026-09-15 14:45:00+00:00,124.3,124.35,122.7,122.7,4656.0
2026-09-15 15:00:00+00:00,122.8,123.35,122.7,123.35,3330.0
2026-09-15 15:15:00+00:00,123.5,123.75,122.85,123.7,3384.0
2026-09-16 07:00:00+00:00,134.1,137.45,133.35,137.15,59711.0
2026-09-16 07:15:00+00:00,137.1,137.1,134.7,135.7,20066.0
2026-09-16 07:30:00+00:00,135.7,136.8,135.25,136.025,6608.0
2026-09-16 07:45:00+00:00,136.05,137.45,136.0,137.0,10054.0
2026-09-16 08:00:00+00:00,136.85,137.7,135.7,136.4,9803.0
2026-09-16 08:15:00+00:00,136.4,138.075,136.4,136.9,8796.0
2026-09-16 08:30:00+00:00,137.0,137.75,136.8,137.5,1875.0
2026-09-16 08:45:00+00:00,137.5,139.6,137.35,139.35,11358.0
2026-09-16 09:00:00+00:00,139.45,140.55,138.6,138.9,15566.0
2026-09-16 09:15:00+00:00,139.05,139.3,138.5,138.95,3446.0
2026-09-16 09:30:00+00:00,138.75,139.55,138.45,139.0,4480.0
2026-09-16 09:45:00+00:00,139.0,139.4,138.75,139.0,2175.0
2026-09-16 10:00:00+00:00,138.7,139.0,138.15,138.25,2893.0
2026-09-16 10:15:00+00:00,138.4,138.4,137.25,137.25,4241.0
2026-09-16 10:30:00+00:00,137.2,138.65,137.2,138.3,2932.0
2026-09-16 10:45:00+00:00,138.6,138.8,138.2,138.7,1556.0
2026-09-16 11:00:00+00:00,138.75,139.1,138.25,138.65,2549.0
2026-09-16 11:15:00+00:00,138.4,138.7,137.8,138.55,1419.0
2026-09-16 11:30:00+00:00,138.5,140.95,138.5,140.4,6569.0
2026-09-16 11:45:00+00:00,140.4,140.6,140.05,140.1,3707.0
2026-09-16 12:00:00+00:00,140.0,140.3,139.85,140.0,2837.0
2026-09-16 12:15:00+00:00,140.0,140.5,139.2,140.25,4072.0
2026-09-16 12:30:00+00:00,140.2,140.6,139.875,140.2,2669.0
2026-09-16 12:45:00+00:00,140.3,140.75,139.8,139.8,3623.0
2026-09-16 13:00:00+00:00,139.95,140.4,139.3,140.4,2901.0
2026-09-16 13:15:00+00:00,140.3,140.85,140.0,140.5,4073.0
2026-09-16 13:30:00+00:00,140.4,141.25,139.8,140.25,11101.0
2026-09-16 13:45:00+00:00,140.3,141.1,138.85,140.55,7720.0
2026-09-16 14:00:00+00:00,140.45,141.4,139.55,141.25,4646.0
2026-09-16 14:15:00+00:00,141.25,141.9,140.7,141.8,7191.0
2026-09-16 14:30:00+00:00,141.75,141.95,141.05,141.85,4977.0
2026-09-16 14:45:00+00:00,141.95,142.15,141.1,141.55,6158.0
2026-09-16 15:00:00+00:00,141.55,142.05,141.3,142.05,5423.0
2026-09-16 15:15:00+00:00,142.0,142.3,140.9,140.9,12741.0
2026-09-17 07:00:00+00:00,138.8,142.0,138.3,140.1,20223.0
2026-09-17 07:15:00+00:00,140.2,140.25,138.35,139.0,6779.0
2026-09-17 07:30:00+00:00,139.05,139.65,138.35,139.65,2937.0
2026-09-17 07:45:00+00:00,139.65,139.7,139.3,139.35,1207.0
2026-09-17 08:00:00+00:00,139.5,140.1,138.85,139.6,2743.0
2026-09-17 08:15:00+00:00,139.2,139.35,138.6,138.75,1091.0
2026-09-17 08:30:00+00:00,139.0,139.45,138.95,139.1,2107.0
2026-09-17 08:45:00+00:00,139.1,139.4,138.75,139.35,1114.0
2026-09-17 09:00:00+00:00,139.5,139.8,137.6,138.05,5915.0
2026-09-17 09:15:00+00:00,138.3,139.3,138.3,138.95,1279.0
2026-09-17 09:30:00+00:00,139.05,139.3,138.85,139.0,2010.0
2026-09-17 09:45:00+00:00,139.3,139.5,139.15,139.25,1307.0
2026-09-17 10:00:00+00:00,139.25,139.65,139.2,139.65,1030.0
2026-09-17 10:15:00+00:00,139.7,141.3,139.6,140.85,2445.0
2026-09-17 10:30:00+00:00,141.1,141.45,140.85,141.05,2884.0
2026-09-17 10:45:00+00:00,141.0,141.0,140.65,140.8,1175.0
2026-09-17 11:00:00+00:00,140.85,141.3,140.65,141.05,1562.0
2026-09-17 11:15:00+00:00,141.05,141.3,140.8,141.1,695.0
2026-09-17 11:30:00+00:00,141.2,141.35,141.05,141.1,359.0
2026-09-17 11:45:00+00:00,141.0,141.15,140.7,140.9,1082.0
2026-09-17 12:00:00+00:00,140.95,141.2,140.65,140.9,959.0
2026-09-17 12:15:00+00:00,140.75,141.7,140.7,141.7,1851.0
2026-09-17 12:30:00+00:00,141.675,142.7,141.5,141.85,6239.0
2026-09-17 12:45:00+00:00,141.75,143.85,141.75,143.2,7316.0
2026-09-17 13:00:00+00:00,143.4,145.4,143.4,144.7,10656.0
2026-09-17 13:15:00+00:00,144.8,144.95,143.3,143.4,6434.0
2026-09-17 13:30:00+00:00,143.45,143.75,142.25,143.7,5613.0
2026-09-17 13:45:00+00:00,143.75,144.7,143.45,144.4,4972.0
2026-09-17 14:00:00+00:00,144.2,144.2,142.75,143.3,1857.0
2026-09-17 14:15:00+00:00,143.45,143.6,141.8,142.35,2867.0
2026-09-17 14:30:00+00:00,142.5,143.3,142.35,142.8,2181.0
2026-09-17 14:45:00+00:00,142.7,142.8,141.75,142.25,14878.0
2026-09-17 15:00:00+00:00,142.1,142.925,142.1,142.35,2844.0
2026-09-17 15:15:00+00:00,142.3,142.5,141.4,141.95,15901.0
2026-09-18 07:00:00+00:00,142.75,143.25,135.75,138.0,96101.0
2026-09-18 07:15:00+00:00,137.95,139.35,136.75,136.9,17896.0
2026-09-18 07:30:00+00:00,136.95,139.3,136.9,138.3,35930.0
2026-09-18 07:45:00+00:00,138.25,139.5,137.9,139.1,13831.0
2026-09-18 08:00:00+00:00,139.2,140.0,139.0,139.85,23591.0
2026-09-18 08:15:00+00:00,140.0,140.1,139.3,139.3,8339.0
2026-09-18 08:30:00+00:00,139.35,139.7,139.0,139.4,3294.0
2026-09-18 08:45:00+00:00,139.3,140.0,139.25,139.5,1764.0
2026-09-18 09:00:00+00:00,139.55,142.5,139.45,142.15,7883.0
2026-09-18 09:15:00+00:00,142.1,142.9,141.7,141.8,5622.0
2026-09-18 09:30:00+00:00,141.9,142.05,140.15,140.25,3895.0
2026-09-18 09:45:00+00:00,140.15,142.0,140.15,141.3,9144.0
2026-09-18 10:00:00+00:00,141.3,141.9,141.05,141.55,1817.0
2026-09-18 10:15:00+00:00,141.65,141.95,140.05,140.05,3558.0
2026-09-18 10:30:00+00:00,140.2,140.4,138.4,138.85,5015.0
2026-09-18 10:45:00+00:00,138.9,139.65,138.75,139.65,2839.0
2026-09-18 11:00:00+00:00,139.6,141.15,139.45,140.9,5077.0
2026-09-18 11:15:00+00:00,140.9,141.0,139.45,139.65,1926.0
2026-09-18 11:30:00+00:00,139.65,141.85,139.6,141.35,5091.0
2026-09-18 11:45:00+00:00,141.55,142.0,140.85,140.95,4047.0
2026-09-18 12:00:00+00:00,140.9,140.9,139.35,139.35,3211.0
2026-09-18 12:15:00+00:00,139.3,139.65,139.0,139.55,3820.0
2026-09-18 12:30:00+00:00,139.5,140.0,139.35,139.4,1346.0
2026-09-18 12:45:00+00:00,139.35,139.45,138.5,138.85,3859.0
2026-09-18 13:00:00+00:00,138.8,139.05,137.95,138.3,4360.0
2026-09-18 13:15:00+00:00,138.2,140.35,138.2,139.8,12957.0
2026-09-18 13:30:00+00:00,139.7,140.65,139.3,140.45,23280.0
2026-09-18 13:45:00+00:00,140.5,140.65,138.75,138.75,4592.0
2026-09-18 14:00:00+00:00,138.8,141.1,138.8,141.1,7121.0
2026-09-18 14:15:00+00:00,141.0,141.4,140.6,140.9,8485.0
2026-09-18 14:30:00+00:00,140.95,141.15,139.7,139.75,2341.0
2026-09-18 14:45:00+00:00,139.8,140.1,139.6,140.1,3036.0
2026-09-18 15:00:00+00:00,140.3,141.15,140.2,140.6,4114.0
2026-09-18 15:15:00+00:00,140.6,141.0,140.4,141.0,5480.0
2026-09-21 07:00:00+00:00,146.0,148.4,145.4,146.1,32795.0
2026-09-21 07:15:00+00:00,146.1,147.8,145.0,146.85,10957.0
2026-09-21 07:30:00+00:00,146.85,147.6,146.3,146.35,5024.0
2026-09-21 07:45:00+00:00,146.35,147.3,146.3,147.3,3237.0
2026-09-21 08:00:00+00:00,147.2,149.9,147.2,149.8,30440.0
2026-09-21 08:15:00+00:00,149.8,151.05,149.7,150.8,18966.0
2026-09-21 08:30:00+00:00,150.8,151.2,150.0,150.15,5920.0
2026-09-21 08:45:00+00:00,150.3,151.65,150.1,151.55,8077.0
2026-09-21 09:00:00+00:00,151.6,151.8,150.75,151.25,17995.0
2026-09-21 09:15:00+00:00,151.15,151.85,150.95,151.7,3923.0
2026-09-21 09:30:00+00:00,151.7,151.9,151.4,151.75,3197.0
2026-09-21 09:45:00+00:00,151.75,152.9,151.7,152.85,9846.0
2026-09-21 10:00:00+00:00,152.85,152.9,151.35,151.4,4715.0
2026-09-21 10:15:00+00:00,151.35,152.0,151.1,151.7,2661.0
2026-09-21 10:30:00+00:00,151.8,153.0,151.8,152.6,4592.0
2026-09-21 10:45:00+00:00,152.5,152.95,152.3,152.7,3652.0
2026-09-21 11:00:00+00:00,152.7,152.7,151.95,152.5,2520.0
2026-09-21 11:15:00+00:00,152.45,152.6,151.8,152.0,3447.0
2026-09-21 11:30:00+00:00,152.05,152.3,151.35,151.65,1709.0
2026-09-21 11:45:00+00:00,151.8,151.8,150.7,150.95,3891.0
2026-09-21 12:00:00+00:00,150.8,151.0,149.9,151.0,7806.0
2026-09-21 12:15:00+00:00,151.0,151.3,149.9,151.3,9219.0
2026-09-21 12:30:00+00:00,151.4,152.4,151.4,152.3,7632.0
2026-09-21 12:45:00+00:00,152.4,153.4,152.4,152.7,11373.0
2026-09-21 13:00:00+00:00,152.75,153.4,152.65,153.2,1794.0
2026-09-21 13:15:00+00:00,153.2,154.2,153.1,153.4,12565.0
2026-09-21 13:30:00+00:00,153.35,155.2,152.75,154.75,27483.0
2026-09-21 13:45:00+00:00,154.95,155.6,153.15,153.8,9616.0
2026-09-21 14:00:00+00:00,153.75,155.5,153.2,155.0,13329.0
2026-09-21 14:15:00+00:00,154.95,155.25,153.8,155.0,10290.0
2026-09-21 14:30:00+00:00,155.05,155.6,154.8,155.0,5596.0
2026-09-21 14:45:00+00:00,155.15,155.3,154.4,154.9,4792.0
2026-09-21 15:00:00+00:00,155.0,155.55,154.45,154.45,5601.0
2026-09-21 15:15:00+00:00,154.5,155.0,154.1,155.0,10071.0
2026-09-22 07:00:00+00:00,155.15,155.9,153.5,154.5,19466.0
2026-09-22 07:15:00+00:00,154.25,154.4,153.15,153.4,3683.0
2026-09-22 07:30:00+00:00,153.4,153.5,152.1,152.5,4220.0
2026-09-22 07:45:00+00:00,152.55,153.0,151.8,151.95,5753.0
2026-09-22 08:00:00+00:00,151.9,152.4,151.5,152.0,4746.0
2026-09-22 08:15:00+00:00,152.2,152.2,151.1,151.2,5818.0
2026-09-22 08:30:00+00:00,151.2,152.7,150.3,152.45,9590.0
2026-09-22 08:45:00+00:00,152.6,152.6,149.6,151.35,24231.0
2026-09-22 09:00:00+00:00,151.15,151.7,150.65,151.5,2402.0
2026-09-22 09:15:00+00:00,151.55,153.0,151.55,152.7,2118.0
2026-09-22 09:30:00+00:00,152.65,153.25,152.25,152.85,2088.0
2026-09-22 09:45:00+00:00,153.25,154.1,152.9,153.4,3739.0
2026-09-22 10:00:00+00:00,153.35,153.75,152.9,153.05,3270.0
2026-09-22 10:15:00+00:00,153.0,153.1,152.0,152.5,1633.0
2026-09-22 10:30:00+00:00,152.4,152.8,152.2,152.55,982.0
2026-09-22 10:45:00+00:00,152.5,152.75,152.0,152.45,971.0
2026-09-22 11:00:00+00:00,152.65,153.75,152.3,153.1,11668.0
2026-09-22 11:15:00+00:00,153.2,153.85,153.1,153.4,1874.0
2026-09-22 11:30:00+00:00,153.35,153.8,153.25,153.3,837.0
2026-09-22 11:45:00+00:00,153.45,153.6,153.0,153.0,781.0
2026-09-22 12:00:00+00:00,153.1,154.65,153.1,153.95,3514.0
2026-09-22 12:15:00+00:00,154.1,155.8,154.1,155.8,5527.0
2026-09-22 12:30:00+00:00,155.6,156.6,155.5,156.3,6740.0
2026-09-22 12:45:00+00:00,156.25,156.25,154.6,155.2,3198.0
2026-09-22 13:00:00+00:00,155.3,155.3,154.55,154.55,1182.0
2026-09-22 13:15:00+00:00,154.6,154.6,153.15,153.85,2026.0
2026-09-22 13:30:00+00:00,153.8,155.5,152.8,155.0,6838.0
2026-09-22 13:45:00+00:00,155.0,155.8,154.85,155.45,4470.0
2026-09-22 14:00:00+00:00,155.6,156.35,154.75,155.15,7204.0
2026-09-22 14:15:00+00:00,155.05,155.25,153.85,154.2,3480.0
2026-09-22 14:30:00+00:00,154.2,154.5,153.2,153.95,3529.0
2026-09-22 14:45:00+00:00,153.95,154.05,152.45,153.25,17822.0
2026-09-22 15:00:00+00:00,153.3,153.6,152.15,152.8,21137.0
2026-09-22 15:15:00+00:00,152.7,152.85,151.95,152.1,16425.0
2026-09-23 07:00:00+00:00,153.6,155.4,153.1,153.6,13095.0
2026-09-23 07:15:00+00:00,153.575,154.0,151.75,152.6,23297.0
2026-09-23 07:30:00+00:00,152.55,152.6,151.15,152.15,4637.0
2026-09-23 07:45:00+00:00,152.1,152.1,151.2,151.6,2609.0
2026-09-23 08:00:00+00:00,151.55,151.75,150.8,151.7,4555.0
2026-09-23 08:15:00+00:00,151.7,153.1,151.6,153.0,2171.0
2026-09-23 08:30:00+00:00,153.0,153.6,152.9,153.55,4705.0
2026-09-23 08:45:00+00:00,153.6,155.4,151.5,155.2,13069.0
2026-09-23 09:00:00+00:00,155.35,155.8,154.9,154.9,4234.0
2026-09-23 09:15:00+00:00,154.95,155.0,154.05,154.05,2894.0
2026-09-23 09:30:00+00:00,153.9,153.9,152.3,153.6,6660.0
2026-09-23 09:45:00+00:00,153.55,153.7,153.15,153.2,2589.0
2026-09-23 10:00:00+00:00,153.15,153.35,153.0,153.35,1051.0
2026-09-23 10:15:00+00:00,153.45,153.9,153.45,153.85,782.0
2026-09-23 10:30:00+00:00,153.85,153.85,153.0,153.0,1435.0
2026-09-23 10:45:00+00:00,152.95,153.45,152.7,153.3,2288.0
2026-09-23 11:00:00+00:00,153.2,153.8,153.1,153.1,1632.0
2026-09-23 11:15:00+00:00,153.0,153.0,152.4,152.7,2130.0
2026-09-23 11:30:00+00:00,152.65,152.65,151.25,151.35,3547.0
2026-09-23 11:45:00+00:00,151.5,152.55,151.2,152.15,11302.0
2026-09-23 12:00:00+00:00,152.3,152.75,151.5,152.35,12818.0
2026-09-23 12:15:00+00:00,152.25,154.0,152.1,153.85,15900.0
2026-09-23 12:30:00+00:00,154.05,154.3,153.45,153.95,2353.0
2026-09-23 12:45:00+00:00,154.0,154.0,152.6,153.55,2129.0
2026-09-23 13:00:00+00:00,153.6,154.0,152.9,153.05,2193.0
2026-09-23 13:15:00+00:00,153.15,153.3,152.6,153.1,1974.0
2026-09-23 13:30:00+00:00,153.05,153.35,150.45,151.0,7567.0
2026-09-23 13:45:00+00:00,151.3,151.3,150.25,150.8,7288.0
2026-09-23 14:00:00+00:00,150.8,151.6,150.75,151.05,10278.0
2026-09-23 14:15:00+00:00,150.85,151.05,149.55,149.75,16797.0
2026-09-23 14:30:00+00:00,149.8,149.8,148.95,149.3,6413.0
2026-09-23 14:45:00+00:00,149.35,150.0,149.0,149.55,3302.0
2026-09-23 15:00:00+00:00,149.55,150.25,148.85,149.7,9237.0
2026-09-23 15:15:00+00:00,149.7,150.05,149.35,149.45,6987.0
2026-09-24 07:00:00+00:00,149.3,149.85,147.1,149.85,10029.0
2026-09-24 07:15:00+00:00,149.65,149.7,147.5,148.75,3666.0
2026-09-24 07:30:00+00:00,148.75,149.4,148.45,148.9,2206.0
2026-09-24 07:45:00+00:00,149.15,149.25,148.55,148.55,630.0
2026-09-24 08:00:00+00:00,148.6,148.6,147.7,147.8,2147.0
2026-09-24 08:15:00+00:00,147.55,147.8,145.3,145.6,8712.0
2026-09-24 08:30:00+00:00,145.55,146.45,145.3,145.75,2193.0
2026-09-24 08:45:00+00:00,145.75,146.2,144.55,144.8,4549.0
2026-09-24 09:00:00+00:00,144.8,145.4,144.0,144.25,4005.0
2026-09-24 09:15:00+00:00,144.3,144.7,144.05,144.65,1814.0
2026-09-24 09:30:00+00:00,144.65,144.8,144.0,144.0,1984.0
2026-09-24 09:45:00+00:00,144.1,144.3,143.65,143.65,1917.0
2026-09-24 10:00:00+00:00,143.7,143.85,143.1,143.7,2041.0
2026-09-24 10:15:00+00:00,143.5,144.4,143.5,143.9,1961.0
2026-09-24 10:30:00+00:00,143.95,145.6,143.7,145.55,4013.0
2026-09-24 10:45:00+00:00,145.6,145.6,144.75,144.75,7022.0
2026-09-24 11:00:00+00:00,144.8,145.45,144.8,145.1,1199.0
2026-09-24 11:15:00+00:00,145.3,145.5,144.85,145.4,1250.0
2026-09-24 11:30:00+00:00,145.45,146.35,145.45,145.85,8559.0
2026-09-24 11:45:00+00:00,145.85,146.3,145.4,145.9,2215.0
2026-09-24 12:00:00+00:00,145.9,146.15,145.5,145.75,633.0
2026-09-24 12:15:00+00:00,145.75,146.15,145.55,145.95,690.0
2026-09-24 12:30:00+00:00,145.75,145.75,145.3,145.5,663.0
2026-09-24 12:45:00+00:00,145.6,145.6,145.1,145.5,699.0
2026-09-24 13:00:00+00:00,145.55,146.0,145.45,145.8,1953.0
2026-09-24 13:15:00+00:00,145.75,145.75,145.0,145.1,2076.0
2026-09-24 13:30:00+00:00,145.0,146.2,144.2,145.45,12167.0
2026-09-24 13:45:00+00:00,145.7,146.2,145.1,145.1,1747.0
2026-09-24 14:00:00+00:00,145.5,145.95,145.25,145.5,1656.0
2026-09-24 14:15:00+00:00,145.4,145.65,145.1,145.5,1729.0
2026-09-24 14:30:00+00:00,145.75,146.6,145.4,145.4,1312.0
2026-09-24 14:45:00+00:00,145.3,145.3,144.4,144.4,5065.0
2026-09-24 15:00:00+00:00,144.5,144.7,143.7,144.45,6398.0
2026-09-24 15:15:00+00:00,144.45,144.65,144.2,144.65,3803.0
2026-09-25 07:00:00+00:00,146.25,148.9,146.2,147.0,8514.0
2026-09-25 07:15:00+00:00,147.05,147.4,144.2,144.55,8959.0
2026-09-25 07:30:00+00:00,144.45,144.5,143.1,143.25,3318.0
2026-09-25 07:45:00+00:00,143.25,145.2,143.05,145.2,3336.0
2026-09-25 08:00:00+00:00,145.1,145.15,144.15,144.8,1589.0
2026-09-25 08:15:00+00:00,144.7,146.0,144.4,146.0,1274.0
2026-09-25 08:30:00+00:00,146.1,146.5,146.05,146.05,1322.0
2026-09-25 08:45:00+00:00,146.3,146.95,146.2,146.65,1588.0
2026-09-25 09:00:00+00:00,146.3,146.5,146.0,146.05,632.0
2026-09-25 09:15:00+00:00,146.2,146.35,145.65,145.75,814.0
2026-09-25 09:30:00+00:00,145.65,145.7,144.75,144.95,1814.0
2026-09-25 09:45:00+00:00,144.9,144.95,144.65,144.85,617.0
2026-09-25 10:00:00+00:00,144.8,144.8,144.45,144.75,718.0
2026-09-25 10:15:00+00:00,144.75,144.95,144.65,144.95,183.0
2026-09-25 10:30:00+00:00,145.0,145.0,144.2,144.2,1098.0
2026-09-25 10:45:00+00:00,144.25,144.875,144.25,144.875,1020.0
2026-09-25 11:00:00+00:00,144.85,145.7,144.65,145.6,631.0
2026-09-25 11:15:00+00:00,145.85,146.2,145.65,145.65,577.0
2026-09-25 11:30:00+00:00,145.7,145.8,145.0,145.05,2093.0
2026-09-25 11:45:00+00:00,144.95,145.45,144.95,145.45,737.0
2026-09-25 12:00:00+00:00,145.35,145.75,145.35,145.4,524.0
2026-09-25 12:15:00+00:00,145.4,145.85,145.25,145.8,324.0
2026-09-25 12:30:00+00:00,145.9,145.9,145.55,145.75,796.0
2026-09-25 12:45:00+00:00,145.5,146.0,145.4,145.6,949.0
2026-09-25 13:00:00+00:00,145.65,146.3,145.65,146.0,461.0
2026-09-25 13:15:00+00:00,146.0,146.0,145.4,145.7,615.0
2026-09-25 13:30:00+00:00,145.65,145.65,144.65,145.05,3736.0
2026-09-25 13:45:00+00:00,145.05,145.4,144.6,145.075,1580.0
2026-09-25 14:00:00+00:00,145.0,145.0,143.45,143.8,3405.0
2026-09-25 14:15:00+00:00,143.65,143.65,142.15,142.65,4148.0
2026-09-25 14:30:00+00:00,142.6,143.1,142.55,142.95,704.0
2026-09-25 14:45:00+00:00,143.2,143.4,142.6,143.4,4739.0
2026-09-25 15:00:00+00:00,143.35,143.45,143.05,143.25,1442.0
2026-09-25 15:15:00+00:00,143.4,143.7,143.25,143.65,3868.0
2026-09-28 07:00:00+00:00,141.8,142.25,140.4,140.95,11797.0
2026-09-28 07:15:00+00:00,141.0,141.5,140.0,140.95,14506.0
2026-09-28 07:30:00+00:00,140.85,141.3,139.8,139.85,4895.0
2026-09-28 07:45:00+00:00,140.0,140.15,139.3,139.85,5942.0
2026-09-28 08:00:00+00:00,139.9,140.7,139.75,140.65,3002.0
2026-09-28 08:15:00+00:00,140.6,140.75,140.2,140.3,1618.0
2026-09-28 08:30:00+00:00,140.35,140.45,140.05,140.15,831.0
2026-09-28 08:45:00+00:00,140.15,140.45,139.8,140.2,3745.0
2026-09-28 09:00:00+00:00,140.3,140.35,139.55,139.65,2500.0
2026-09-28 09:15:00+00:00,139.75,140.5,139.55,140.4,1031.0
2026-09-28 09:30:00+00:00,140.45,140.65,140.25,140.6,876.0
2026-09-28 09:45:00+00:00,140.65,141.05,140.55,141.05,1998.0
2026-09-28 10:00:00+00:00,141.1,141.8,141.1,141.1,2527.0
2026-09-28 10:15:00+00:00,141.4,141.75,141.15,141.6,590.0
2026-09-28 10:30:00+00:00,141.55,141.55,141.15,141.25,398.0
2026-09-28 10:45:00+00:00,141.4,142.6,141.35,142.4,1451.0
2026-09-28 11:00:00+00:00,142.45,143.0,142.1,142.5,1966.0
2026-09-28 11:15:00+00:00,142.55,143.8,142.55,143.75,1553.0
2026-09-28 11:30:00+00:00,143.85,143.95,143.45,143.55,1502.0
2026-09-28 11:45:00+00:00,143.45,143.7,143.35,143.65,1038.0
2026-09-28 12:00:00+00:00,143.65,145.35,143.5,144.65,2140.0
2026-09-28 12:15:00+00:00,144.55,144.7,144.2,144.45,1349.0
2026-09-28 12:30:00+00:00,144.45,144.6,144.25,144.55,587.0
2026-09-28 12:45:00+00:00,144.85,145.35,144.2,144.95,3049.0
2026-09-28 13:00:00+00:00,144.6,145.35,144.4,144.95,3768.0
2026-09-28 13:15:00+00:00,145.1,146.1,145.1,145.85,2093.0
2026-09-28 13:30:00+00:00,145.9,147.55,145.35,145.45,3074.0
2026-09-28 13:45:00+00:00,145.2,146.05,144.3,145.9,3336.0
2026-09-28 14:00:00+00:00,145.85,146.35,144.2,144.25,2715.0
2026-09-28 14:15:00+00:00,144.3,145.2,143.8,145.0,2852.0
2026-09-28 14:30:00+00:00,144.95,145.05,143.3,143.3,3409.0
2026-09-28 14:45:00+00:00,143.2,143.2,142.15,142.85,4628.0
2026-09-28 15:00:00+00:00,142.75,143.1,142.6,142.7,3047.0
2026-09-28 15:15:00+00:00,142.65,142.85,142.1,142.75,6527.0
2026-09-29 07:00:00+00:00,146.0,146.95,144.2,145.75,10289.0
2026-09-29 07:15:00+00:00,146.0,147.4,145.8,146.3,7018.0
2026-09-29 07:30:00+00:00,146.35,146.8,146.05,146.05,1898.0
2026-09-29 07:45:00+00:00,146.15,146.4,145.7,145.725,1890.0
2026-09-29 08:00:00+00:00,145.8,146.85,145.8,146.65,2019.0
2026-09-29 08:15:00+00:00,146.7,147.75,146.55,147.75,7103.0
2026-09-29 08:30:00+00:00,147.7,148.0,147.3,147.35,5667.0
2026-09-29 08:45:00+00:00,147.4,148.45,147.4,148.05,7215.0
2026-09-29 09:00:00+00:00,148.0,148.55,147.7,148.55,3592.0
2026-09-29 09:15:00+00:00,148.7,148.7,148.15,148.15,2624.0
2026-09-29 09:30:00+00:00,148.2,148.35,147.75,148.2,2584.0
2026-09-29 09:45:00+00:00,148.3,149.05,148.3,148.95,3181.0
2026-09-29 10:00:00+00:00,149.1,149.25,148.9,149.0,4335.0
2026-09-29 10:15:00+00:00,149.1,149.95,148.9,149.95,4192.0
2026-09-29 10:30:00+00:00,149.9,149.95,149.9,149.95,100.0
